Item,Draw,Appropriateness
food,0,122.59134352473811
food,1,122.26887377373816
food,2,117.24096325285143
food,3,121.5921718219203
food,4,120.0907993583456
food,5,121.11518032581074
food,6,119.42647768942076
food,7,119.50410499245791
food,8,116.40125605073783
food,9,122.36097436832245
food,10,118.53021042298373
food,11,119.86493907454361
food,12,120.50901526479126
food,13,121.08631815505379
food,14,122.9805741382074
food,15,124.40306418128355
food,16,119.89646612803271
food,17,118.0125033909264
food,18,122.81888881889877
food,19,124.90446592839548
food,20,126.19028146987303
food,21,122.04243729273787
food,22,120.18974776591985
food,23,119.18172401556986
food,24,118.87592807269142
food,25,123.88200992319615
food,26,122.74114437507515
food,27,122.35452086669372
food,28,121.18609173954434
food,29,115.62323034370856
food,30,124.99058087578412
food,31,117.94052022236858
food,32,121.93117827690085
food,33,119.57342359597327
food,34,121.2893813456754
food,35,121.53444561147191
food,36,121.9929217364506
food,37,128.27822166127854
food,38,123.25780433757333
food,39,121.07186857147363
food,40,127.69501648703793
food,41,122.01316543367714
food,42,120.4686285957322
food,43,122.67472835068578
food,44,118.4015798322252
food,45,121.54141140053558
food,46,119.51621811490934
food,47,123.34730968702767
food,48,124.16393815983294
food,49,117.50747289805474
food,50,119.22468252952466
food,51,117.86744959423154
food,52,119.49509964613678
food,53,123.30656616579532
food,54,122.18978105959766
food,55,120.63462204355704
food,56,119.31187157315502
food,57,119.22352398236609
food,58,122.4323041960209
food,59,119.6013866670141
food,60,123.72761914309973
food,61,120.4803892790822
food,62,117.82688725266894
food,63,120.28075743659434
food,64,120.76690572214359
food,65,118.00752778989062
food,66,121.07424049909848
food,67,121.95198004390417
food,68,118.65414346628565
food,69,125.86803584048114
food,70,118.15619394319377
food,71,121.42060641010369
food,72,123.34041767956711
food,73,122.51553627822751
food,74,121.3806092112163
food,75,115.11920940952689
food,76,122.88851408998782
food,77,118.47301945290616
food,78,118.00711575355511
food,79,115.78073418350434
food,80,119.7279721741275
food,81,116.3610848840815
food,82,118.00434466678458
food,83,118.46155441954014
food,84,120.85239585260355
food,85,117.4890181238311
food,86,119.89506798321823
food,87,122.62381123907689
food,88,121.42167150923385
food,89,119.04749967104915
food,90,123.36635866288456
food,91,122.17490631100476
food,92,116.45834575627877
food,93,120.9592019529385
food,94,125.12101253902156
food,95,121.86263004318654
food,96,116.42723206123127
food,97,117.88324985466771
food,98,117.85633239538684
food,99,118.46044048187639
food,100,123.73896161131361
food,101,114.76694304291404
food,102,125.61381060473722
food,103,123.04461496818473
food,104,123.28829534150982
food,105,120.88297301380173
food,106,120.32211616739714
food,107,112.93933089036945
food,108,117.07228425023666
food,109,120.73643559600538
food,110,118.70675448493118
food,111,118.87181414408785
food,112,115.25527362777356
food,113,115.2743878729147
food,114,120.16625589771832
food,115,128.49848950332012
food,116,121.80434884170259
food,117,120.88240992451964
food,118,120.01921566214162
food,119,125.00574027569458
food,120,122.2728708148771
food,121,120.61605014208673
food,122,118.94382990921014
food,123,123.5329531814527
food,124,117.6386977048159
food,125,118.73028151170766
food,126,122.39556771838416
food,127,121.7684628627121
food,128,120.90360980200575
food,129,119.81999361264405
food,130,121.14513614647129
food,131,114.35604408267028
food,132,119.21145678709505
food,133,114.17969613675825
food,134,118.22508882005931
food,135,122.17810935079036
food,136,117.71787846939093
food,137,123.47871922713658
food,138,120.95547582004968
food,139,122.11413967085403
food,140,121.34231924727972
food,141,125.01389378075378
food,142,117.47754008020783
food,143,121.57761909410584
food,144,120.79585042876317
food,145,121.38003591176218
food,146,120.11157828762944
food,147,118.10379668002145
food,148,119.80656355804132
food,149,125.46626726432648
food,150,117.3597999585294
food,151,120.32973543248198
food,152,120.61152672982385
food,153,118.41930004706941
food,154,119.09262402615306
food,155,123.98060553328172
food,156,121.28237022527364
food,157,117.76918120469088
food,158,120.51950936109215
food,159,117.79879236692908
food,160,125.12322461029444
food,161,124.10903523247818
food,162,120.53139047443267
food,163,123.96434692649545
food,164,118.66120760387989
food,165,120.45381499599956
food,166,122.85273088318327
food,167,122.36904318994293
food,168,123.3740564143023
food,169,125.96765303986106
food,170,128.0612130640548
food,171,118.66180173949836
food,172,121.87868083106869
food,173,126.42714778368817
food,174,120.03796214503815
food,175,124.15546836211982
food,176,117.3597867344038
food,177,122.698064705504
food,178,122.18796219045021
food,179,121.22681378468624
food,180,123.76935783428323
food,181,122.00668492589897
food,182,120.5273901765614
food,183,116.5599580889251
food,184,120.2648843684877
food,185,122.08059654349242
food,186,118.24997812233168
food,187,117.01077584990512
food,188,122.88628303271413
food,189,117.69081409820639
food,190,120.34905858331501
food,191,115.21887815384049
food,192,116.71635546400097
food,193,120.68118050584407
food,194,120.06318985121244
food,195,118.41586011273736
food,196,119.65846663050972
food,197,123.00186749870062
food,198,118.63563943458388
food,199,121.50654850461808
food,200,116.9914190744508
food,201,118.49069891295304
food,202,120.03776686712224
food,203,121.81530132628815
food,204,118.38110094658774
food,205,123.02325582821373
food,206,117.92323114362515
food,207,124.38228032517853
food,208,126.32330119200634
food,209,124.59343811081305
food,210,121.86227198012973
food,211,119.69319981291338
food,212,119.34206867509846
food,213,120.60589079034933
food,214,120.8802184620178
food,215,125.74611929848683
food,216,120.12262061881651
food,217,117.35877925734461
food,218,119.18751797848518
food,219,119.8505303739586
food,220,118.54021934249606
food,221,119.63845059923055
food,222,116.06957529808368
food,223,118.37335000445034
food,224,118.06908840131246
food,225,119.02872042997043
food,226,119.48343707929487
food,227,123.10153499875831
food,228,128.96651015948967
food,229,117.19582891965186
food,230,121.44589879523917
food,231,114.70857819152059
food,232,119.69468518972408
food,233,117.95263040626284
food,234,117.20819648509746
food,235,118.9806508453572
food,236,119.8568386823832
food,237,120.56851432786799
food,238,119.81793505914897
food,239,122.17895470908142
food,240,123.57153965905503
food,241,117.59487739335334
food,242,125.7644999862078
food,243,119.062110134887
food,244,126.66648646703074
food,245,124.50903264653428
food,246,117.3525746147378
food,247,121.30046410636474
food,248,118.98999318466214
food,249,118.08477361906138
food,250,119.93333797854804
food,251,123.27339306884117
food,252,122.47250294282142
food,253,120.97359733599995
food,254,119.19311390483867
food,255,119.7723253610599
food,256,120.35362827536562
food,257,119.83736474095525
food,258,124.7714763151745
food,259,120.04652651186115
food,260,119.34322658085921
food,261,121.32489032202132
food,262,124.69398121977319
food,263,124.18232809690682
food,264,120.76619668360927
food,265,120.50453570266693
food,266,120.05462558025467
food,267,119.47887339416752
food,268,123.60361323933893
food,269,123.12969845316677
food,270,121.50060148328816
food,271,120.56169947252766
food,272,118.99339011645253
food,273,119.58068410728015
food,274,119.12182455495675
food,275,119.14055553684778
food,276,119.8419488276812
food,277,120.4557360547105
food,278,123.5197110712384
food,279,122.2215494378187
food,280,121.04824011609077
food,281,121.10733605586408
food,282,122.70227108869372
food,283,121.93921600118891
food,284,120.49172899656963
food,285,118.73982228242237
food,286,121.06350961275692
food,287,122.252021496365
food,288,120.61963573624357
food,289,118.72189794445178
food,290,119.03749396451657
food,291,118.12743588393974
food,292,124.3605100477522
food,293,121.06012165903428
food,294,121.23325090256223
food,295,118.95893423900736
food,296,121.89711154906624
food,297,124.78844173879753
food,298,120.79011364998624
food,299,124.99524186503955
food,300,118.62529661463894
food,301,119.78898060412828
food,302,120.08754261516381
food,303,116.96247450706664
food,304,120.54772685765268
food,305,117.48257469056493
food,306,117.15754152749935
food,307,120.06669900324691
food,308,120.58376561978375
food,309,117.96621736407242
food,310,117.25934794913559
food,311,120.74004377025969
food,312,118.67922635115072
food,313,120.42224075448378
food,314,121.8004512552572
food,315,118.39561100706383
food,316,121.74725882848236
food,317,117.62820385741499
food,318,123.22041428490363
food,319,120.95072697053264
food,320,124.52825017178353
food,321,114.27646617659677
food,322,123.47134817229262
food,323,116.46162508571358
food,324,117.86448878824893
food,325,117.66944301443219
food,326,114.43074666300863
food,327,125.12202008208544
food,328,122.75676212549126
food,329,119.46991934486593
food,330,122.66449022730328
food,331,123.38597718948347
food,332,119.43863172108955
food,333,118.96263702757909
food,334,119.64276058299437
food,335,117.00028108890947
food,336,122.5332826250243
food,337,122.0885765397769
food,338,119.67590723414733
food,339,118.04145028335707
food,340,117.60852397542243
food,341,121.03083869414786
food,342,117.99090614757837
food,343,123.66673402492523
food,344,122.11237762706781
food,345,119.56062653898975
food,346,116.22106422287952
food,347,121.8423488826058
food,348,116.92550351280858
food,349,119.6326365055377
food,350,119.3800183910964
food,351,120.1019811935932
food,352,117.26866343400341
food,353,126.7907630214433
food,354,121.18329860069612
food,355,125.68155949583955
food,356,120.36732253991289
food,357,119.43379967848583
food,358,119.44189007075725
food,359,121.18583657255809
food,360,123.04605448894308
food,361,121.02565559926748
food,362,125.11372092208622
food,363,120.10501626172592
food,364,118.76622593554029
food,365,117.39458192048417
food,366,122.438921839033
food,367,115.90140336787154
food,368,119.17694054700081
food,369,126.03957971435587
food,370,121.69826721933444
food,371,120.56397425232497
food,372,120.06164954851111
food,373,125.49168325913003
food,374,118.51934503326618
food,375,120.91782140401921
food,376,123.06143436455682
food,377,118.16806284704609
food,378,119.06890161045243
food,379,119.44125221794546
food,380,117.45034751116165
food,381,118.98060372630623
food,382,118.01202689844128
food,383,122.31739860823811
food,384,121.25973561200365
food,385,119.74525000566601
food,386,117.02016154625636
food,387,118.2105061556626
food,388,116.3492958402774
food,389,122.23608321957637
food,390,117.55863160622282
food,391,119.38580339799682
food,392,120.3770339002821
food,393,119.90370484187348
food,394,120.99063064424374
food,395,124.26415741723574
food,396,124.17759923570297
food,397,122.10418385710912
food,398,127.16309058915323
food,399,122.12574753588382
food,400,122.96889102770068
food,401,118.661449282112
food,402,119.4982862503132
food,403,123.04127844861567
food,404,124.30837622988578
food,405,122.14583526593307
food,406,119.2385541995319
food,407,123.24505524802854
food,408,122.96183919334145
food,409,127.45949170479425
food,410,117.82362921243326
food,411,118.78295943469249
food,412,128.48713821788746
food,413,117.99084642851503
food,414,121.7880846023434
food,415,120.69462976106067
food,416,124.04144050709766
food,417,118.71775455937048
food,418,120.08033521586366
food,419,122.8992406080319
food,420,122.95488421568035
food,421,123.3987808818443
food,422,123.6755519773189
food,423,126.84832449723056
food,424,121.08277344944479
food,425,121.34616103131539
food,426,123.6400546785747
food,427,118.58755401560497
food,428,119.47410677967116
food,429,118.32746560475886
food,430,117.35521488089586
food,431,122.32023079915548
food,432,118.56949264275067
food,433,121.28231066280854
food,434,125.36995418250562
food,435,128.27293636382694
food,436,122.59416403749022
food,437,116.3695999239623
food,438,120.84032445031283
food,439,121.45542658704159
food,440,124.26753554609351
food,441,123.02669114510347
food,442,120.40196601819417
food,443,117.46515086242302
food,444,120.45173307690172
food,445,118.69698491116762
food,446,118.22723594321087
food,447,117.85570825039547
food,448,116.43679653626289
food,449,116.28085866420807
food,450,117.37473826843147
food,451,128.72667514841487
food,452,123.28666783457247
food,453,117.2192405745751
food,454,117.66151349773943
food,455,120.17560162393579
food,456,123.51296614720597
food,457,122.78104601863944
food,458,120.63013280432726
food,459,118.95035811268716
food,460,118.53157369906869
food,461,119.78772083487681
food,462,119.30795483299512
food,463,119.24399201631408
food,464,118.15458068045162
food,465,122.03388763551146
food,466,116.8967826224806
food,467,117.76360193515008
food,468,119.85408776682664
food,469,117.96249937159796
food,470,120.44221961147834
food,471,119.40240099547275
food,472,115.36352294272038
food,473,120.77745433925624
food,474,121.23092351775888
food,475,122.15260373025151
food,476,118.61583624978533
food,477,118.68669450134759
food,478,117.97499473605164
food,479,119.75892637862367
food,480,119.74113089953245
food,481,130.75380514351355
food,482,119.27582358783391
food,483,122.90945527577577
food,484,125.43093842052488
food,485,116.66606240695754
food,486,122.65433460298408
food,487,121.67189367236266
food,488,116.92108816398104
food,489,117.80724307887145
food,490,119.06338113771622
food,491,120.92692229187575
food,492,122.87166556658484
food,493,126.15894152806528
food,494,120.92758606301193
food,495,120.57249677550838
food,496,121.3923219518635
food,497,122.28193252965036
food,498,119.3190549245426
food,499,119.56689778718659
machine,0,118.68376379624182
machine,1,119.86654216921447
machine,2,119.94573687886417
machine,3,120.90896485377482
machine,4,119.97204326297715
machine,5,120.79440511957347
machine,6,118.55640820966744
machine,7,118.43107390261845
machine,8,113.90292455283057
machine,9,119.06948917497873
machine,10,120.76757504137443
machine,11,119.14628642273703
machine,12,115.32228824970272
machine,13,120.8291188386154
machine,14,119.47103167851164
machine,15,119.84620077470065
machine,16,122.7034921024069
machine,17,121.00507644145877
machine,18,116.71619885548456
machine,19,119.0657743397541
machine,20,122.58332591004798
machine,21,118.39008746152864
machine,22,119.33787668398088
machine,23,122.38756311050503
machine,24,119.49056640590949
machine,25,119.5016279502378
machine,26,123.53444396740679
machine,27,120.7894561889199
machine,28,117.22485575470292
machine,29,119.28272381883853
machine,30,118.54830246716162
machine,31,120.35520933146341
machine,32,119.11189735719081
machine,33,120.71342882524847
machine,34,121.617684976076
machine,35,122.64010578803502
machine,36,119.68991743381056
machine,37,122.19793727772961
machine,38,119.8550926629164
machine,39,116.48454565826276
machine,40,122.29901786458872
machine,41,122.33738873614767
machine,42,119.13884701780245
machine,43,117.54065811540406
machine,44,123.5914264325769
machine,45,115.91572600435711
machine,46,116.60276727957537
machine,47,118.4242052769243
machine,48,122.73002044919114
machine,49,114.38120935674374
machine,50,118.11760421227766
machine,51,120.49746080508292
machine,52,118.30753999668175
machine,53,122.25113578655447
machine,54,123.44917087181157
machine,55,121.07139929844178
machine,56,117.28271926696922
machine,57,117.89704119829042
machine,58,120.05367347179086
machine,59,119.7379529042841
machine,60,119.5666400081564
machine,61,124.14157650595985
machine,62,120.4669398411623
machine,63,118.59790781177912
machine,64,123.81594822071665
machine,65,119.6053351498183
machine,66,122.16502186139297
machine,67,122.69906006453351
machine,68,118.79062945874345
machine,69,118.55538831972956
machine,70,121.39205176029691
machine,71,119.42242408480632
machine,72,117.16106115811071
machine,73,123.30094779455749
machine,74,119.73900536586461
machine,75,123.18403925308846
machine,76,118.13122006226668
machine,77,120.08392808406185
machine,78,119.07220842760071
machine,79,120.85871994299299
machine,80,123.20648497976454
machine,81,122.21695612713978
machine,82,124.37080132652744
machine,83,118.74827389566747
machine,84,118.49771419230966
machine,85,124.2438977267403
machine,86,121.75979801259376
machine,87,114.76571481300992
machine,88,120.51781293717146
machine,89,120.28523026691711
machine,90,120.9343386673446
machine,91,118.57227083499333
machine,92,119.96932921306997
machine,93,123.29316521518605
machine,94,120.1963172590943
machine,95,120.57607727060382
machine,96,120.8555399698475
machine,97,119.14684582264974
machine,98,126.63853079127918
machine,99,120.53142979580736
machine,100,119.4643199892348
machine,101,122.26517885191654
machine,102,115.3014057031569
machine,103,120.23706468850214
machine,104,120.09348595838894
machine,105,118.32335726871707
machine,106,124.32774868527592
machine,107,120.53236284773921
machine,108,120.52086083641791
machine,109,119.10936399181344
machine,110,115.66880855138618
machine,111,120.44827960191104
machine,112,123.44414901249448
machine,113,121.01803187284249
machine,114,118.05947421759666
machine,115,116.5424005814786
machine,116,120.92447384016862
machine,117,124.98238272570575
machine,118,117.18171749594872
machine,119,122.18022052499558
machine,120,116.45396205667713
machine,121,119.98563064543741
machine,122,114.65451768757653
machine,123,123.65650005190226
machine,124,119.12562911602775
machine,125,118.86245851044094
machine,126,118.45395773084644
machine,127,120.6982903552186
machine,128,118.95225858283065
machine,129,123.82746230013495
machine,130,122.42414882506725
machine,131,120.31578710244321
machine,132,118.34965430227045
machine,133,119.5136094840343
machine,134,116.42468218058508
machine,135,118.95874771743323
machine,136,118.7874381094266
machine,137,123.35197946786354
machine,138,118.96809701681991
machine,139,118.11698586914954
machine,140,119.51171232964202
machine,141,120.83608236514884
machine,142,122.2918493980371
machine,143,120.82763092296413
machine,144,120.57237944833538
machine,145,118.58719392459882
machine,146,118.31803683370285
machine,147,113.92346164470402
machine,148,123.22381434425655
machine,149,114.7531725294457
machine,150,120.50557868105433
machine,151,118.59105263743106
machine,152,126.02672790784213
machine,153,120.65487552307236
machine,154,118.40890546483097
machine,155,117.80325799906379
machine,156,124.48454381273453
machine,157,122.64429894457123
machine,158,122.1030906200784
machine,159,125.21541683802775
machine,160,120.13675800978731
machine,161,126.02829001867117
machine,162,125.60844724477036
machine,163,120.67935463604506
machine,164,119.26944163551063
machine,165,120.99017192711862
machine,166,122.35473408661564
machine,167,120.75111488391985
machine,168,120.04234210665754
machine,169,120.08793015502646
machine,170,119.52234384365622
machine,171,120.97423509075935
machine,172,120.63192897581384
machine,173,119.03992827007002
machine,174,124.83171835579367
machine,175,125.9347568130915
machine,176,121.64272529196887
machine,177,123.16868517552557
machine,178,118.5435483061471
machine,179,120.68548228182212
machine,180,116.03211057556958
machine,181,122.62676186409772
machine,182,118.69560868196804
machine,183,122.97064018571149
machine,184,119.17565321564254
machine,185,119.871282088906
machine,186,120.50810939489298
machine,187,116.39842291712388
machine,188,120.83425923785427
machine,189,123.29851968441584
machine,190,121.83134504314634
machine,191,123.90924649697841
machine,192,121.78146281816919
machine,193,117.60841219071278
machine,194,118.52837298687314
machine,195,119.66726530888504
machine,196,119.83893574518856
machine,197,127.53697473259247
machine,198,123.22386452820611
machine,199,119.42536019202426
machine,200,121.7081096031396
machine,201,117.05370770397975
machine,202,119.97426750972231
machine,203,116.7356344342482
machine,204,123.6683535505301
machine,205,117.25932135668029
machine,206,120.84578127192256
machine,207,120.73224155546494
machine,208,116.159549584123
machine,209,119.07377990986431
machine,210,123.86424407949079
machine,211,118.02471713666391
machine,212,117.15947789114145
machine,213,117.36451156174397
machine,214,121.959028734075
machine,215,122.63489772005592
machine,216,121.88881841968198
machine,217,120.59202829126063
machine,218,119.5856239829207
machine,219,120.72543389429258
machine,220,119.33001703181021
machine,221,117.99185900796023
machine,222,118.32567527588043
machine,223,121.52255995763912
machine,224,118.51654104000278
machine,225,120.04192721729312
machine,226,122.74106618815605
machine,227,118.29686554296708
machine,228,116.88891151893081
machine,229,120.35605516010877
machine,230,120.61032548138348
machine,231,121.21517171431474
machine,232,118.02804213654827
machine,233,118.77742106087771
machine,234,116.32062592918957
machine,235,120.56677233466624
machine,236,121.74935037413573
machine,237,119.83831824697535
machine,238,118.68524450356357
machine,239,119.45822543405727
machine,240,119.36013637592633
machine,241,118.88210702329027
machine,242,120.46287140548866
machine,243,118.66488035824918
machine,244,119.17849485258947
machine,245,122.84134682975262
machine,246,119.41231209107724
machine,247,121.28802118788488
machine,248,121.35209156766365
machine,249,120.54396150268933
machine,250,116.39450256600601
machine,251,115.46966739229293
machine,252,118.29881662601618
machine,253,119.70328381562467
machine,254,118.23233726174907
machine,255,123.10591089423255
machine,256,121.96776507557654
machine,257,118.78160417272451
machine,258,118.4685215361835
machine,259,118.11611837302453
machine,260,121.61069244991727
machine,261,121.60760568406891
machine,262,120.62297449806228
machine,263,122.0678677038593
machine,264,121.34061600055102
machine,265,123.47080052311892
machine,266,121.69950868198198
machine,267,121.41712371167908
machine,268,117.93044122137029
machine,269,120.04246863866086
machine,270,120.70587285369537
machine,271,115.92382354948754
machine,272,119.29742279791864
machine,273,119.81838824347383
machine,274,121.13209558335942
machine,275,119.34542279395708
machine,276,119.75523604660569
machine,277,118.87390507606246
machine,278,118.14420884320775
machine,279,121.14228819365496
machine,280,119.49319185633847
machine,281,121.1334731493622
machine,282,124.19967396987363
machine,283,123.51764530621622
machine,284,118.53686957544211
machine,285,119.17008213288211
machine,286,118.34698233307492
machine,287,125.85639055887847
machine,288,121.27867039816311
machine,289,117.30498041288426
machine,290,120.91288731043979
machine,291,123.05102983512526
machine,292,122.441545883766
machine,293,121.52954930634716
machine,294,126.63205449642072
machine,295,120.88222807432307
machine,296,120.97023866495834
machine,297,114.97628447993971
machine,298,119.87415821946097
machine,299,119.3761216599579
machine,300,120.49190189032457
machine,301,118.38461684155341
machine,302,119.68347487187697
machine,303,115.57470202376987
machine,304,123.32246189379998
machine,305,118.14289128923534
machine,306,122.32726315156432
machine,307,117.97075049910998
machine,308,120.28026291968452
machine,309,120.64164530895441
machine,310,123.83539145799296
machine,311,118.53700177109121
machine,312,119.72013470069828
machine,313,119.58004546487619
machine,314,119.37280238188566
machine,315,120.72789411000183
machine,316,118.9720191542808
machine,317,118.20050460420049
machine,318,118.95791165912833
machine,319,123.36590425245144
machine,320,119.58524406218329
machine,321,117.90397894590181
machine,322,117.07950928644253
machine,323,119.41184347504333
machine,324,121.51704230359306
machine,325,118.52941771192167
machine,326,119.16610516553409
machine,327,120.92365056074111
machine,328,123.37962477869458
machine,329,123.72875389108589
machine,330,120.0164966468749
machine,331,120.26187928055694
machine,332,122.2260766119629
machine,333,121.81186070195677
machine,334,122.15537613864443
machine,335,123.41291010421394
machine,336,119.85188677136587
machine,337,123.16212558780187
machine,338,122.65133855229952
machine,339,117.65344969061454
machine,340,118.58246185715787
machine,341,120.249002361784
machine,342,120.39533269251493
machine,343,124.20821202310566
machine,344,117.55481232417064
machine,345,118.76194613482254
machine,346,120.3029861284302
machine,347,127.7593984783071
machine,348,117.25151194675021
machine,349,118.06487185074334
machine,350,121.77078710508744
machine,351,118.84432355987357
machine,352,120.32822241803063
machine,353,118.34531722616657
machine,354,121.20110382010587
machine,355,118.43932832823765
machine,356,122.69731340567705
machine,357,117.16562065549232
machine,358,124.49655709318228
machine,359,121.54307073197698
machine,360,120.33507856357637
machine,361,122.24540926603045
machine,362,119.72816971480735
machine,363,123.58713253842441
machine,364,121.6469005112293
machine,365,122.08076537639695
machine,366,122.17694999093777
machine,367,122.33097617306392
machine,368,118.18123391655568
machine,369,115.38776519492929
machine,370,117.84723146830736
machine,371,119.79018984218996
machine,372,117.80863650555126
machine,373,119.89799495356486
machine,374,122.124956376086
machine,375,118.57313327519614
machine,376,119.06567736675314
machine,377,118.13920417044837
machine,378,118.74722118350488
machine,379,122.98042671664749
machine,380,117.29479249088838
machine,381,118.65234540632434
machine,382,121.69109484713849
machine,383,119.22360622550461
machine,384,118.40967718174002
machine,385,124.01969759590928
machine,386,119.53283095178429
machine,387,121.999996813925
machine,388,119.91315829088023
machine,389,119.77964071668158
machine,390,122.64284064654522
machine,391,123.99722049991568
machine,392,121.05925423359152
machine,393,121.41228065704514
machine,394,117.81245446666819
machine,395,119.12058618560415
machine,396,122.24375646046627
machine,397,120.42395551935337
machine,398,123.656816295618
machine,399,123.30845926752947
machine,400,123.95171445393409
machine,401,120.59026723644412
machine,402,117.8117300348654
machine,403,121.92941864757982
machine,404,118.54488862608217
machine,405,119.4367032286451
machine,406,125.98188880142247
machine,407,121.24407550062153
machine,408,120.17017118404448
machine,409,120.70691314028726
machine,410,127.39748726996467
machine,411,123.42031861608818
machine,412,119.80014426581316
machine,413,121.16528320163094
machine,414,121.08512148861533
machine,415,118.61168363144918
machine,416,119.05031452026769
machine,417,120.90292480330515
machine,418,120.78553673128663
machine,419,120.9957778455814
machine,420,120.88192187785569
machine,421,123.8268894772945
machine,422,119.63367964432837
machine,423,120.15481704596667
machine,424,120.37609738810524
machine,425,122.7535815520129
machine,426,120.09173919420451
machine,427,127.04705758974339
machine,428,121.42771984657847
machine,429,118.62644638089735
machine,430,123.57931176111737
machine,431,119.69175117719948
machine,432,116.79677532217505
machine,433,118.29571877721945
machine,434,122.44692310368373
machine,435,119.5787605822698
machine,436,120.40641724504053
machine,437,117.90717455335167
machine,438,123.08303200733735
machine,439,116.11361887909362
machine,440,119.04110657934943
machine,441,118.64393802853688
machine,442,121.1090916626404
machine,443,120.45026822047492
machine,444,128.7575613961259
machine,445,120.60498995268539
machine,446,118.46133175612611
machine,447,121.57154958916843
machine,448,123.0504742480983
machine,449,119.92878466227039
machine,450,118.89292316528088
machine,451,118.25763740900268
machine,452,118.6778310122914
machine,453,119.30516457490594
machine,454,121.97144563191635
machine,455,119.99001991575606
machine,456,114.94782954866325
machine,457,122.75810731148414
machine,458,116.60676944129197
machine,459,117.80481137169426
machine,460,116.55351209093847
machine,461,119.04551297597605
machine,462,125.75549870855014
machine,463,122.7003471648636
machine,464,117.20092686985575
machine,465,117.48752716312309
machine,466,120.43321003056644
machine,467,123.43952539622325
machine,468,117.9817072321788
machine,469,123.72754933359677
machine,470,121.11658402945018
machine,471,123.46438541776908
machine,472,122.67717984619868
machine,473,123.43871766117161
machine,474,121.26348641753708
machine,475,123.99451336835764
machine,476,118.62747569267154
machine,477,117.20800244191305
machine,478,125.3666733650119
machine,479,120.60145832468996
machine,480,120.6032353325425
machine,481,119.1772870431091
machine,482,122.00095928000249
machine,483,122.80639711181558
machine,484,120.60832508564852
machine,485,119.30548032619257
machine,486,122.82969908918624
machine,487,118.93523394953773
machine,488,116.88978665447749
machine,489,119.31472208220958
machine,490,119.1594956693357
machine,491,117.139228790365
machine,492,116.98475607276102
machine,493,118.3214789555457
machine,494,122.779079854865
machine,495,120.59982405349925
machine,496,122.14489723429989
machine,497,116.68810354013902
machine,498,120.20275251561858
machine,499,119.79934180591924
city,0,119.9585118677976
city,1,117.29684356336631
city,2,121.4265368639724
city,3,116.84499092458533
city,4,122.2103820931222
city,5,126.95064379700416
city,6,119.63917569098183
city,7,118.9465139518328
city,8,117.28874674371706
city,9,124.1452610967015
city,10,119.65504803840379
city,11,117.26793552068693
city,12,120.90123699658488
city,13,117.68176946437237
city,14,116.59981109231377
city,15,120.47107882200163
city,16,122.28092229496379
city,17,118.08147934675442
city,18,120.49489308005484
city,19,116.40904114183847
city,20,117.70603995651123
city,21,115.77096688562207
city,22,117.82782376395811
city,23,123.48011430097652
city,24,126.191361295481
city,25,116.56428982488339
city,26,121.74840744356128
city,27,120.67463971414448
city,28,119.02175853613419
city,29,118.33115265239584
city,30,123.90252722103097
city,31,120.08435966253077
city,32,117.93835073280661
city,33,120.40389438914929
city,34,116.91912105146041
city,35,121.87853811568345
city,36,118.93594298893089
city,37,119.00918414854671
city,38,116.8995840212154
city,39,122.54772672055265
city,40,118.81263117940655
city,41,120.48915693002029
city,42,113.41318260705975
city,43,121.78002044688473
city,44,123.54935020219655
city,45,119.86209139299646
city,46,122.4482972303057
city,47,119.59958109887279
city,48,117.73104710144334
city,49,118.43119182386874
city,50,119.05515906427588
city,51,118.82744841034456
city,52,121.8117386221618
city,53,118.9949816636751
city,54,121.96441169369857
city,55,121.47136205132693
city,56,122.78199831869112
city,57,119.5271063954745
city,58,117.12166872613217
city,59,119.93290862292369
city,60,119.76105995395882
city,61,115.3718379939328
city,62,119.49274438092965
city,63,123.43878148997527
city,64,118.45323427806089
city,65,120.48858802256635
city,66,117.14031360473847
city,67,116.6152267524889
city,68,117.73718339682453
city,69,119.47800479938977
city,70,117.51761611897268
city,71,120.12007129041575
city,72,120.6379931615264
city,73,119.40735183080753
city,74,122.90435508291371
city,75,121.78235536227236
city,76,120.7802650202561
city,77,119.61826722250224
city,78,114.48804420888854
city,79,122.62475449815835
city,80,119.77768966541389
city,81,122.44612601386787
city,82,122.99642219396098
city,83,117.57642968639573
city,84,126.85434749723903
city,85,121.0440827275444
city,86,118.00436429436334
city,87,126.1194118567623
city,88,126.6104637629377
city,89,122.65047310676509
city,90,116.36603081267236
city,91,117.07639753523051
city,92,120.52666829718287
city,93,116.234304403056
city,94,121.30727775017456
city,95,121.70021859235487
city,96,121.96933728382524
city,97,116.9265367568313
city,98,121.92332901845711
city,99,119.9635698993649
city,100,120.33005586602445
city,101,120.1909974424846
city,102,117.29277327018528
city,103,124.70248361540564
city,104,115.33871073313581
city,105,123.59010976695066
city,106,116.08309428242258
city,107,118.59957805041279
city,108,121.08087639139751
city,109,116.77183249803183
city,110,114.23703576539256
city,111,117.06341711680825
city,112,121.41733040063995
city,113,117.38575366658853
city,114,123.62435512071457
city,115,126.05442196388974
city,116,119.1993428408366
city,117,118.4410510634559
city,118,119.33127049479226
city,119,121.5287670265923
city,120,124.84253197095947
city,121,117.61858248998833
city,122,121.96777220627186
city,123,122.31809979248065
city,124,120.99662220294422
city,125,114.89541798305846
city,126,120.27878833892152
city,127,122.10351237348083
city,128,121.4209298262021
city,129,123.93159460197187
city,130,118.17086182413139
city,131,123.81343634022521
city,132,121.65373884230111
city,133,123.30048847265071
city,134,116.82930253923891
city,135,115.66076695636156
city,136,120.3468849983951
city,137,124.75818430909713
city,138,118.29102472158866
city,139,114.91325698005063
city,140,128.7471030059055
city,141,119.76609396851694
city,142,123.41407680745316
city,143,118.850426274703
city,144,118.41983298048575
city,145,120.78863250029117
city,146,115.89967272049549
city,147,116.03083266410306
city,148,119.31623179561075
city,149,118.17226527649541
city,150,123.136933554114
city,151,119.96714399774339
city,152,119.15078574509843
city,153,117.1285931102449
city,154,117.79380125721582
city,155,117.78620214443039
city,156,117.61025059453296
city,157,123.79760402964703
city,158,122.5014758752224
city,159,122.39972372812787
city,160,116.23496536288162
city,161,122.44888769219138
city,162,118.65897521726009
city,163,120.7855757134132
city,164,120.25509087851076
city,165,122.95699018510258
city,166,118.46795022484548
city,167,121.76661232003755
city,168,117.33629064761
city,169,117.22440408087422
city,170,119.91862313968637
city,171,117.29984184744092
city,172,115.68010428433332
city,173,118.22844017252987
city,174,122.02115118234272
city,175,116.63200038551125
city,176,117.14832513086431
city,177,119.14746517737676
city,178,118.56289151236274
city,179,117.00021777183376
city,180,115.90719755858896
city,181,122.18936556911686
city,182,121.8528621295953
city,183,122.98551248972333
city,184,119.87169095528311
city,185,116.03685996099757
city,186,117.54275635334804
city,187,119.89337911445497
city,188,119.89529063592796
city,189,122.10519557819421
city,190,120.33593178151816
city,191,119.67721330631278
city,192,120.33643543322594
city,193,120.49316086312483
city,194,127.90757949297561
city,195,119.54594130560264
city,196,124.76399933562337
city,197,114.93005251669206
city,198,120.4391269931216
city,199,130.03495552056313
city,200,121.58042252806962
city,201,121.87630921378714
city,202,117.66388366688875
city,203,119.33777461917884
city,204,117.29677716966951
city,205,115.0126603164813
city,206,117.2537629961708
city,207,121.33159180964408
city,208,115.63909260961296
city,209,118.604767761732
city,210,119.26697837448259
city,211,118.13301201582911
city,212,116.40415617807594
city,213,120.26339677589564
city,214,121.22285208402677
city,215,118.63062419682817
city,216,119.08617536759365
city,217,122.93793684849457
city,218,124.26577186366966
city,219,118.96928558576907
city,220,119.60439677406272
city,221,121.21823169493456
city,222,115.74301146255756
city,223,122.73619380936871
city,224,116.76401626465068
city,225,121.66299570274239
city,226,119.78818523088705
city,227,119.83329229225723
city,228,122.9171854245741
city,229,121.56553066314169
city,230,119.76259055719353
city,231,120.89417312145028
city,232,115.19764381728896
city,233,123.70328929955241
city,234,122.01001259678345
city,235,118.19448622062434
city,236,121.22717717640074
city,237,121.3932226103194
city,238,120.03482521412197
city,239,122.80529965608322
city,240,126.19377769515516
city,241,119.44082090339182
city,242,119.10053587693858
city,243,118.90821977902439
city,244,120.50916730923204
city,245,118.00523615621216
city,246,119.7167043417625
city,247,122.52862207236865
city,248,118.58625237023756
city,249,122.42708013916202
city,250,119.49476654306443
city,251,123.22778255993012
city,252,115.11690370967978
city,253,123.61101985031888
city,254,113.97416227549661
city,255,120.18222569663041
city,256,124.52924454382742
city,257,120.7830252653
city,258,124.16417909029751
city,259,122.67315005478454
city,260,122.69895803684338
city,261,124.66341333352129
city,262,121.53642591128364
city,263,119.47474136728655
city,264,121.21541816640115
city,265,120.35078646512699
city,266,118.74758549110089
city,267,119.60533043256586
city,268,117.24183763332559
city,269,117.97083147169099
city,270,119.90576184553163
city,271,120.7586763071227
city,272,118.44486923010457
city,273,125.14872668318762
city,274,114.6529387286702
city,275,119.0486454123326
city,276,121.17547993349014
city,277,118.57981910042994
city,278,114.98748480390712
city,279,123.15448328865297
city,280,118.42789168246692
city,281,118.5249167073154
city,282,126.1254789859318
city,283,116.16090568580462
city,284,118.62692528595795
city,285,117.7058579289836
city,286,119.5856333111958
city,287,123.0362559079537
city,288,117.87238428992919
city,289,122.88523909087064
city,290,123.15732766603955
city,291,125.96734080110727
city,292,116.43655712078238
city,293,121.72478148104253
city,294,124.39580614264433
city,295,119.96612986325836
city,296,122.42824809522833
city,297,122.32786405904679
city,298,118.08782472307587
city,299,124.74268231897265
city,300,118.68120574772483
city,301,122.33378343240165
city,302,117.18130720615906
city,303,120.20975755220313
city,304,121.92286239973511
city,305,117.38645321690349
city,306,122.03542263655945
city,307,117.03042941579834
city,308,118.84893809825033
city,309,120.97895119377502
city,310,122.8701674062824
city,311,121.81894414021295
city,312,123.04848907169428
city,313,122.12213670397081
city,314,119.46418399541285
city,315,110.89297933917959
city,316,121.43115502600406
city,317,118.692772863071
city,318,116.39678649311055
city,319,121.33551319955154
city,320,123.17731807422734
city,321,120.0391458063555
city,322,118.32846130824505
city,323,118.78230458301195
city,324,115.11514660113052
city,325,124.8361962229579
city,326,122.87075261708225
city,327,121.98355137306163
city,328,118.42129761305067
city,329,121.76477868403057
city,330,116.84779438186033
city,331,117.91250018286613
city,332,117.67313425872987
city,333,118.29136602567935
city,334,122.54284022575266
city,335,116.98672726384937
city,336,118.71553122829066
city,337,122.32869748933308
city,338,121.6117047677402
city,339,120.34417499270751
city,340,114.38011464674244
city,341,121.98904040508083
city,342,121.23994526981883
city,343,121.48178696779777
city,344,119.68981739318873
city,345,118.88908653154306
city,346,116.50808780694739
city,347,123.55009308968259
city,348,116.47508983703696
city,349,121.92350635418666
city,350,115.67256566409773
city,351,121.83668895266445
city,352,120.69800573057124
city,353,123.52847881678788
city,354,118.507858308522
city,355,118.61659410735935
city,356,117.33394578340277
city,357,121.93634627664747
city,358,121.25374952700494
city,359,120.13962240259846
city,360,116.43556672362685
city,361,118.45352702772611
city,362,121.09322386879964
city,363,124.88959085392443
city,364,122.18719714482378
city,365,118.40013548139703
city,366,119.44889818884074
city,367,119.52599879894063
city,368,122.6421922475311
city,369,123.65684770603225
city,370,119.72352471309233
city,371,117.3317204720155
city,372,117.78593904644698
city,373,115.98636359372261
city,374,117.97905928145798
city,375,114.52155674673608
city,376,117.07212605287525
city,377,118.43569620564172
city,378,119.72326985193827
city,379,122.60435751672823
city,380,125.53896447228045
city,381,118.38139586854017
city,382,122.95405325620908
city,383,115.0757848431174
city,384,116.85531566889291
city,385,117.10929826643415
city,386,120.17418541274812
city,387,120.64609744306374
city,388,116.3672152432729
city,389,120.47723404780658
city,390,119.19735659267796
city,391,117.59387058759832
city,392,116.18069679599068
city,393,117.25023357213007
city,394,119.63472202871175
city,395,119.25791416326548
city,396,122.74856236615399
city,397,119.70494260846247
city,398,117.99896781373833
city,399,122.15217429156868
city,400,119.33002449120988
city,401,120.32925806602125
city,402,116.95120729166912
city,403,116.90984348149429
city,404,118.44247098671985
city,405,121.6577409209219
city,406,119.98747055199111
city,407,120.91622682828667
city,408,116.45353082565002
city,409,117.32845066866422
city,410,117.87230417632999
city,411,116.72607459615307
city,412,122.69856405929305
city,413,120.30998929966721
city,414,117.60877707471293
city,415,120.44820350365207
city,416,120.23088662642397
city,417,120.77708297574365
city,418,119.14746380802588
city,419,121.12642950727161
city,420,120.84731015052309
city,421,118.89622823422674
city,422,123.95554528311854
city,423,120.18583427118766
city,424,117.50672022726741
city,425,121.20868147831216
city,426,118.97199784374777
city,427,120.30642539380085
city,428,121.72995624856333
city,429,115.52187693318623
city,430,115.98711209072687
city,431,120.28633224935814
city,432,122.24087430757658
city,433,125.70857844255474
city,434,122.46893044737548
city,435,112.6563843368541
city,436,117.22669871768805
city,437,118.89190746166834
city,438,124.33462365105221
city,439,116.57113854893257
city,440,114.63698927784785
city,441,116.36506210417696
city,442,120.32013663907517
city,443,120.01335842163023
city,444,121.45483763540241
city,445,120.93298441540222
city,446,121.34004879507413
city,447,120.72353583012101
city,448,118.43554368777436
city,449,119.2366743130918
city,450,117.11137244347596
city,451,117.0201687159367
city,452,126.56738633542895
city,453,117.03270263748907
city,454,120.09310311396466
city,455,117.69880735239899
city,456,116.40231259737901
city,457,118.93069083414723
city,458,120.32999800868558
city,459,126.3522194048162
city,460,116.94550792226615
city,461,120.63041025162084
city,462,112.61399715852679
city,463,120.89073769438596
city,464,118.19171299191666
city,465,115.96352687771608
city,466,116.05646889110321
city,467,116.61794103497326
city,468,121.72703107718803
city,469,116.88509758488425
city,470,119.46864123376828
city,471,120.05365814654702
city,472,121.07591815448042
city,473,118.00651388814532
city,474,117.50310129082975
city,475,121.37627659226791
city,476,119.35780452588193
city,477,120.89770989950995
city,478,121.41236051996562
city,479,119.67338877431821
city,480,123.67574782811583
city,481,122.40153880598494
city,482,116.30902322814933
city,483,119.4330119870872
city,484,116.8387942996543
city,485,118.62088993670969
city,486,122.78294363245259
city,487,118.72895841656224
city,488,120.5879733910964
city,489,117.98648185425684
city,490,122.0734442921394
city,491,120.65013081314552
city,492,117.13422931739908
city,493,121.28222593444372
city,494,119.19927406231676
city,495,118.19370844340536
city,496,122.90887579324699
city,497,120.82207718575873
city,498,117.58105762200321
city,499,123.31068240591688
time,0,113.01199917647062
time,1,116.15652827957913
time,2,115.06060478319517
time,3,117.68641532424428
time,4,116.16779967345205
time,5,118.33213038573405
time,6,118.47481061353218
time,7,120.51915244442877
time,8,119.79507875465359
time,9,117.30907309255099
time,10,115.56152483691346
time,11,117.80439457324925
time,12,116.47006555718274
time,13,117.23852706182842
time,14,115.97965212579207
time,15,114.08746409414957
time,16,113.86530734274194
time,17,115.40768463939098
time,18,118.65755013551696
time,19,117.96154152834359
time,20,116.11970102454295
time,21,117.38432393461247
time,22,116.49324031862136
time,23,117.57620301875693
time,24,119.90926674125642
time,25,117.35636801515786
time,26,114.33541970022247
time,27,117.10025888472593
time,28,118.61232139017378
time,29,115.95460327911073
time,30,124.14247349670408
time,31,121.24691803193062
time,32,117.429380289872
time,33,118.02912889361255
time,34,115.99716489870791
time,35,117.6905732762922
time,36,117.61967188694236
time,37,114.81115056336313
time,38,117.89066335356392
time,39,120.54779157625934
time,40,114.70097258599448
time,41,117.32391082970115
time,42,114.4644978121423
time,43,116.94552496345432
time,44,117.10967729358401
time,45,116.53380397430134
time,46,113.60998793569934
time,47,116.33136499351966
time,48,118.18698609014002
time,49,115.32562380746518
time,50,115.42802253047877
time,51,116.96179870024513
time,52,115.98460377750219
time,53,116.49126628721014
time,54,117.99038636920893
time,55,119.11029308056247
time,56,114.53744325129256
time,57,115.1327613268261
time,58,114.11841045664563
time,59,117.88688460153878
time,60,120.35376158070174
time,61,116.14178915449264
time,62,115.94393888963015
time,63,114.75590372443793
time,64,115.71085226644757
time,65,114.93637995933541
time,66,113.69245935976583
time,67,120.10035679689899
time,68,119.09195890733007
time,69,116.59863122589704
time,70,116.02786083398067
time,71,116.43488894232816
time,72,116.30578641183378
time,73,119.23988702085389
time,74,120.01691304605515
time,75,120.65979025173257
time,76,115.47247984080788
time,77,118.95263455086516
time,78,114.72859055660052
time,79,117.42047139365772
time,80,117.87681972178532
time,81,114.54989892375131
time,82,116.1247768414166
time,83,117.43725417420433
time,84,115.57445298696416
time,85,116.18748009206669
time,86,114.8494960376905
time,87,117.07736224221283
time,88,115.7145441370172
time,89,114.58376823960744
time,90,116.34055084585803
time,91,116.25978156356194
time,92,121.44151869446873
time,93,116.22318843205596
time,94,116.70651249272221
time,95,115.79736449418614
time,96,119.69025401734714
time,97,119.76154819452951
time,98,118.2040662062985
time,99,118.27471851017566
time,100,117.97786402099575
time,101,117.60431876269155
time,102,119.5148591614085
time,103,120.41584094236171
time,104,115.84992726155201
time,105,114.32277622248385
time,106,115.89533102204079
time,107,115.13935762395771
time,108,119.68304396728881
time,109,118.09623023854763
time,110,115.34034635034153
time,111,118.12427454353977
time,112,116.27864947425421
time,113,116.79913713423392
time,114,116.04719836241611
time,115,117.80053674986759
time,116,114.08939570193317
time,117,118.08285785673527
time,118,116.16872707613955
time,119,119.66638867671213
time,120,115.59694165179361
time,121,115.10815177186427
time,122,115.53453489560724
time,123,114.08896473377668
time,124,119.54283276000646
time,125,114.93883423825085
time,126,116.54170020405272
time,127,116.16860532598052
time,128,114.61686204759913
time,129,117.1156926952383
time,130,116.90236226375089
time,131,115.83927696893903
time,132,117.97070656660344
time,133,120.04881943935446
time,134,114.5037457619108
time,135,113.97909723738191
time,136,116.37072430226634
time,137,117.95714949906485
time,138,114.5643628034222
time,139,118.70906952006155
time,140,117.18324204022903
time,141,115.09577067751067
time,142,122.89875561049087
time,143,116.62179838990794
time,144,116.85156696771706
time,145,118.35345091952331
time,146,116.79398975586682
time,147,118.18357496252729
time,148,115.83378305138616
time,149,121.42667959474569
time,150,115.9984023904445
time,151,117.31147874112983
time,152,115.78028555437136
time,153,119.9583444720749
time,154,118.9117295497655
time,155,113.72512768566716
time,156,118.79239305305423
time,157,115.40346549201547
time,158,118.02931222612307
time,159,119.42655120869563
time,160,116.79772194946759
time,161,114.7492888354225
time,162,113.13684294065138
time,163,117.19660309353237
time,164,116.55911552718752
time,165,113.98399180330489
time,166,115.95943775928146
time,167,119.14893500210862
time,168,115.06670104945538
time,169,117.0250509703729
time,170,121.06443869086003
time,171,118.69371301378241
time,172,117.74503258720456
time,173,115.56233070994577
time,174,119.50280023931239
time,175,114.5183888430541
time,176,114.82157586549275
time,177,117.36297940784371
time,178,122.19598543855454
time,179,117.09826191834914
time,180,116.8544750367287
time,181,118.44313171150635
time,182,115.422423588611
time,183,116.13437759279262
time,184,119.36151764224104
time,185,116.87335905436187
time,186,114.65879056206359
time,187,118.35260615944756
time,188,118.13458737583294
time,189,117.55389865683748
time,190,116.87573295700903
time,191,114.75151021904959
time,192,118.6955987977387
time,193,116.9671827952967
time,194,114.49230564372503
time,195,119.61851958756672
time,196,117.13664193147295
time,197,115.67935163473055
time,198,120.94998392814288
time,199,115.15295012711557
time,200,116.53979506265534
time,201,119.528346871765
time,202,114.62934352964909
time,203,120.47845732265417
time,204,115.51576414977929
time,205,116.1356502181818
time,206,116.04365041752412
time,207,116.01601894456704
time,208,112.20149398690657
time,209,116.958661578306
time,210,114.3209723764022
time,211,118.60279104341195
time,212,116.12628776179115
time,213,114.26267788995878
time,214,117.11207145753417
time,215,116.94814749556393
time,216,115.14537152625518
time,217,114.73184108576471
time,218,118.32662154051093
time,219,117.35472773966727
time,220,113.57010741554232
time,221,115.51181884635238
time,222,115.16459978785305
time,223,120.15576980039889
time,224,115.127379794061
time,225,117.02749395621062
time,226,117.00349700643784
time,227,116.31106634197954
time,228,118.66256609400352
time,229,116.68634422803407
time,230,116.9269495420221
time,231,118.1748512082337
time,232,115.57753971458509
time,233,117.38514251608494
time,234,114.9951958503572
time,235,115.7440843987955
time,236,114.12781269232897
time,237,116.48988458535905
time,238,118.80221224491369
time,239,117.95902309085847
time,240,113.35610630320573
time,241,116.2157773557438
time,242,118.15576106676713
time,243,116.10572483701527
time,244,116.2253666604471
time,245,115.75286046692284
time,246,113.40402741376265
time,247,116.86287887344164
time,248,118.9442305534848
time,249,119.11315668259645
time,250,115.07971210861238
time,251,117.04867890671058
time,252,117.38503367264227
time,253,116.00851269769699
time,254,117.21103654211373
time,255,113.97761514888687
time,256,117.78275901453783
time,257,114.64323337026572
time,258,116.57703390159865
time,259,120.1868581222788
time,260,116.86437454325362
time,261,117.07300427190184
time,262,116.60515844474106
time,263,117.02507850743389
time,264,115.02031807509331
time,265,115.93276978076989
time,266,116.66199686821497
time,267,117.65910318699878
time,268,114.87433456479685
time,269,117.14832668662638
time,270,115.40542208540927
time,271,116.49637366974162
time,272,117.07277973198411
time,273,115.94247880570478
time,274,116.28112035095192
time,275,118.17830259031805
time,276,117.07754487349251
time,277,116.34741432669988
time,278,114.8374260116888
time,279,115.53501251586144
time,280,116.29871183802129
time,281,117.36346152675765
time,282,117.98097418792841
time,283,116.30016380371711
time,284,117.42647006260589
time,285,117.9829084677331
time,286,117.0575843542109
time,287,117.81433369556098
time,288,118.00634163468742
time,289,115.6330457915373
time,290,114.95626915597366
time,291,117.26077700577639
time,292,116.77773330168164
time,293,116.11451055126784
time,294,116.18920420796488
time,295,117.09728013771095
time,296,115.35103941638289
time,297,120.89965671929954
time,298,117.76825954558576
time,299,116.95197445629685
time,300,113.33579178181455
time,301,116.24887872799673
time,302,120.07280753443214
time,303,116.80420232585627
time,304,118.29634613218533
time,305,118.07164996241713
time,306,121.59141392986075
time,307,114.05541457534687
time,308,117.81615716205995
time,309,114.97869252929438
time,310,116.87779503110434
time,311,117.68867397508296
time,312,117.04830670988542
time,313,120.35663478336198
time,314,120.32915817832274
time,315,117.07795270859785
time,316,115.81172962191653
time,317,115.08369484130381
time,318,117.85772550116513
time,319,115.63874989223739
time,320,116.86715808050765
time,321,114.71381792828062
time,322,114.60332733913361
time,323,114.70889992502795
time,324,117.69023808437524
time,325,115.06362220673523
time,326,113.48826706454236
time,327,122.28489397586017
time,328,115.3870415677653
time,329,118.58067086762685
time,330,121.48938399114104
time,331,114.3637495431646
time,332,117.64935914510377
time,333,114.22426466052971
time,334,113.94274391082082
time,335,119.14788756006448
time,336,118.718742528832
time,337,116.43831196917004
time,338,117.18610417807838
time,339,112.4627873902318
time,340,120.04451011103524
time,341,115.84710934239565
time,342,116.82231010497657
time,343,114.11453601732788
time,344,117.58726603888319
time,345,117.55829628421151
time,346,117.75860287029086
time,347,118.07197477038449
time,348,114.54269083846647
time,349,117.44233895731881
time,350,114.72580097628058
time,351,117.55305511200336
time,352,113.87823733540219
time,353,115.61282738317789
time,354,120.78506756527756
time,355,114.64968056428002
time,356,119.67982469543712
time,357,115.75719224180145
time,358,117.14295049986971
time,359,119.17105131204306
time,360,117.52502714771727
time,361,118.07080103031528
time,362,113.79654600199622
time,363,118.7415386541002
time,364,115.74548758866182
time,365,116.22492218851815
time,366,114.71632547740064
time,367,116.7886821621866
time,368,115.90576725504643
time,369,120.07218396833814
time,370,116.50718755617875
time,371,112.17159451857941
time,372,118.02548831504076
time,373,118.30353268144698
time,374,118.30533217017121
time,375,116.36013411943753
time,376,116.58853925086134
time,377,117.2735645487281
time,378,116.65910085211463
time,379,117.48635291960159
time,380,116.29488403399944
time,381,116.19830568522002
time,382,115.94921726010783
time,383,117.85213158117038
time,384,115.95290821864232
time,385,120.3736692480734
time,386,116.27315635049358
time,387,114.96216853997285
time,388,116.21940571500606
time,389,118.81015223235036
time,390,119.36327914158433
time,391,115.17217263103862
time,392,116.64111521871116
time,393,116.43229048071677
time,394,122.07832029823638
time,395,116.44595907930655
time,396,118.44223246933794
time,397,115.46486310945696
time,398,116.60120069490954
time,399,118.27114655206785
time,400,112.94676992159887
time,401,119.41599509547555
time,402,117.79765538611848
time,403,115.12257834391136
time,404,119.34684602421251
time,405,119.70027166619062
time,406,114.22138620738254
time,407,116.82760079618131
time,408,117.21884839473233
time,409,118.83554779549834
time,410,115.86951109597415
time,411,116.72287614602708
time,412,115.37120854239151
time,413,117.89354657814854
time,414,116.52547003571212
time,415,122.53152038337052
time,416,115.37603494502791
time,417,117.67230918472578
time,418,114.12796294919512
time,419,117.15406698929165
time,420,117.25999901047271
time,421,115.93818963338012
time,422,116.05101576475924
time,423,116.44563006535758
time,424,116.73003044317622
time,425,113.73647149041422
time,426,115.73748481412758
time,427,121.60856900767887
time,428,118.57873859382823
time,429,117.03575519573715
time,430,116.86551846778545
time,431,116.6579122524455
time,432,119.03782477438955
time,433,119.51153838193362
time,434,116.56367506426267
time,435,118.44100862628169
time,436,116.96837724812794
time,437,115.21752201507684
time,438,117.74486131820066
time,439,118.0312640116041
time,440,119.82053971553317
time,441,119.70534138465095
time,442,120.51751592251034
time,443,116.73579703764314
time,444,117.31660929984756
time,445,113.49728358748048
time,446,120.03133707696858
time,447,122.88899503661648
time,448,119.98075031265894
time,449,115.19207735334464
time,450,116.94300907416005
time,451,114.36679842907857
time,452,120.38354988918378
time,453,117.3738900245553
time,454,117.15671757243705
time,455,118.77968564430952
time,456,116.63396138894606
time,457,116.5258141371162
time,458,115.93043133487903
time,459,116.44659488041029
time,460,114.28301983741353
time,461,118.08007509557487
time,462,114.05394351648673
time,463,117.80826371914941
time,464,115.75345268070734
time,465,120.86174628823568
time,466,114.70419215975835
time,467,117.76729598717088
time,468,113.98068871110145
time,469,118.19221540456158
time,470,117.61593758795723
time,471,116.4082873123957
time,472,116.31888289338552
time,473,117.46028387009366
time,474,118.29523247192564
time,475,118.31457075756443
time,476,116.89055292242362
time,477,114.89988736528274
time,478,116.3674481296055
time,479,115.55156202607424
time,480,118.0696698296428
time,481,120.12457439192094
time,482,118.58638277370194
time,483,120.68148818372451
time,484,118.40956042680459
time,485,116.6592373243544
time,486,116.4201713094468
time,487,115.0579239128326
time,488,115.81676891235037
time,489,114.18404846597852
time,490,112.4192198308395
time,491,116.3783150376622
time,492,118.95077817400484
time,493,119.3639804063238
time,494,115.12394150268324
time,495,118.59087952186722
time,496,116.94555735036948
time,497,114.08763076495451
time,498,117.42004850260446
time,499,119.73779728995153
school,0,120.97257877197288
school,1,119.35864365925042
school,2,119.90111691871203
school,3,119.92255504181047
school,4,116.14090874284354
school,5,113.5050577610933
school,6,120.70061562698817
school,7,120.75791775241808
school,8,121.21200782547663
school,9,120.0281665757706
school,10,117.28377943829287
school,11,124.56932575162637
school,12,124.80077028871708
school,13,118.2773428627465
school,14,120.89164390513909
school,15,122.5778831987133
school,16,118.29938924741586
school,17,121.06495106171349
school,18,120.62119700725013
school,19,122.59178056636917
school,20,123.98689532202283
school,21,119.54733505911521
school,22,123.83499252544794
school,23,116.9367307017404
school,24,118.309565269129
school,25,119.26119447312138
school,26,118.9955651468275
school,27,118.54403542913283
school,28,124.00455579893529
school,29,121.62429007825995
school,30,118.65323126314958
school,31,116.75854524290725
school,32,120.94451377605498
school,33,115.83068926755513
school,34,120.44470422098534
school,35,121.03879499819321
school,36,124.87836528244682
school,37,119.29118961393364
school,38,117.6894142909735
school,39,117.67993427407986
school,40,115.91727792311985
school,41,118.06456441294277
school,42,123.55510507534007
school,43,117.36577444544918
school,44,120.51058125040639
school,45,120.74448817481611
school,46,122.6556281735213
school,47,116.28418490812234
school,48,120.06626305446208
school,49,117.33129845162186
school,50,118.88399011357433
school,51,121.23855280044108
school,52,126.47399478769645
school,53,119.59540872236929
school,54,122.84231442684275
school,55,121.22958892468725
school,56,121.25948358325773
school,57,119.47277027564833
school,58,116.43850489792771
school,59,119.34380398853095
school,60,117.92218449507266
school,61,121.43224209612815
school,62,115.31335235518092
school,63,121.90850101208449
school,64,123.28158763581018
school,65,119.99435809873063
school,66,117.27809500754091
school,67,119.44647263387236
school,68,123.14855259969242
school,69,119.41593860981288
school,70,119.63612250080871
school,71,120.4097928859517
school,72,117.62228678501272
school,73,122.45972953246577
school,74,119.62440229271397
school,75,119.43440528911988
school,76,117.12537434775732
school,77,119.25205425025567
school,78,117.55832459081266
school,79,120.25611873941098
school,80,119.53553946904489
school,81,118.87570989034741
school,82,115.85492137927866
school,83,115.89151033590342
school,84,117.6075717661446
school,85,119.51077404041806
school,86,123.29870338470744
school,87,119.8668258252323
school,88,119.65248763918946
school,89,118.86682136151362
school,90,119.13628479631146
school,91,118.48321744210024
school,92,116.58579942986518
school,93,116.58049757885942
school,94,119.78755683011373
school,95,117.68215919572953
school,96,117.36004176018322
school,97,119.93091110690794
school,98,119.17721471335754
school,99,114.01293426853722
school,100,117.69131634780354
school,101,126.38951800750193
school,102,122.12145853373487
school,103,118.74791573969799
school,104,119.31469713335832
school,105,121.65048684392623
school,106,117.31175928884787
school,107,114.01993381689029
school,108,121.57731116655202
school,109,118.10538851829418
school,110,124.52741905161263
school,111,119.61189671021819
school,112,120.73533680034545
school,113,119.43124450650532
school,114,117.27149010764741
school,115,119.3032023167999
school,116,119.34874391708736
school,117,116.72844622955066
school,118,122.75745444595248
school,119,115.21453260799373
school,120,119.41576976910184
school,121,122.16276447366393
school,122,119.08767882194181
school,123,122.78790186122548
school,124,120.03474745659186
school,125,121.21176221411152
school,126,118.3741395042068
school,127,123.93347295371753
school,128,116.63285881938734
school,129,117.44752575669986
school,130,123.08395721351827
school,131,121.3892718796594
school,132,120.64733884422203
school,133,115.2294994527251
school,134,122.20222795827821
school,135,122.19423910119531
school,136,116.65999297411982
school,137,121.29834524708056
school,138,117.55567849980284
school,139,116.24542097665767
school,140,120.02864165365233
school,141,114.81049233543996
school,142,118.57295529907344
school,143,119.52847784600831
school,144,120.35856030062024
school,145,126.23927294690425
school,146,120.56336307288475
school,147,119.96739050090038
school,148,118.7302285182685
school,149,119.58054178155066
school,150,115.22838501207144
school,151,120.91451985127077
school,152,118.45952682412613
school,153,115.91246300286575
school,154,117.57770958590335
school,155,118.53664490495946
school,156,119.0114100748985
school,157,114.3015793975955
school,158,121.89373377582622
school,159,115.06588761695775
school,160,121.16145248433175
school,161,118.95275745341904
school,162,119.87725493913555
school,163,121.82502931334828
school,164,120.03296824458525
school,165,118.9091518205575
school,166,120.53496202089187
school,167,119.3701528151113
school,168,118.36140126288366
school,169,122.31189150861172
school,170,119.03494605847
school,171,119.2562382543299
school,172,118.3259220060673
school,173,117.24436435595555
school,174,114.18224012001825
school,175,118.78987631404314
school,176,118.01486929180965
school,177,116.04207426634676
school,178,116.00326448003611
school,179,119.42377283718693
school,180,116.56621525275779
school,181,122.4560823697397
school,182,120.12549694788035
school,183,123.98066042739538
school,184,121.56050459291035
school,185,120.47393188124154
school,186,118.97314890600761
school,187,119.65745487757762
school,188,120.50657279334503
school,189,113.3823726894623
school,190,119.0809695682807
school,191,118.66022580503193
school,192,119.07509335383276
school,193,124.43071265902557
school,194,117.32057147821646
school,195,121.35791671149758
school,196,116.2130365357386
school,197,120.65067437182992
school,198,124.440132453433
school,199,122.97731748745196
school,200,121.61534909108364
school,201,116.6175309128503
school,202,121.88352340194074
school,203,121.89178673603831
school,204,118.428093991675
school,205,119.04963257267507
school,206,117.61281442883565
school,207,114.66385487890432
school,208,121.08108303552672
school,209,122.14599865331847
school,210,123.02256725516192
school,211,120.2939730265045
school,212,122.16134433460854
school,213,122.67187385149197
school,214,121.52733140445065
school,215,123.26888054862859
school,216,120.50844161261315
school,217,124.72024429365796
school,218,117.28115148765437
school,219,117.45167236703556
school,220,117.1435306774845
school,221,118.80671489448721
school,222,117.29078879675991
school,223,114.61108436859628
school,224,120.79663331164411
school,225,121.17594248719297
school,226,121.54106310575857
school,227,119.50718733700529
school,228,119.60103671388018
school,229,122.03724720651184
school,230,117.10633694757871
school,231,115.69431537081118
school,232,123.20972962332613
school,233,119.12900474952548
school,234,122.96258440057015
school,235,119.99501274034674
school,236,118.53350249863132
school,237,123.73739371239853
school,238,118.47321205745804
school,239,123.33584824239345
school,240,121.20626880757197
school,241,117.93120590264185
school,242,120.75485767574092
school,243,118.0236273116083
school,244,121.71334191358324
school,245,118.45496355305688
school,246,120.3722088290957
school,247,122.20615212516965
school,248,121.25822066229277
school,249,120.62450718823516
school,250,118.29582333292646
school,251,119.24585109871173
school,252,120.33256175404684
school,253,121.58457882295725
school,254,119.00418002474014
school,255,119.94525875066242
school,256,120.57212558141661
school,257,116.66717083690155
school,258,115.3907792579922
school,259,119.38360955913897
school,260,122.73609409201585
school,261,120.16346582084358
school,262,120.41256249839059
school,263,122.82378181638262
school,264,119.00133142873912
school,265,118.4631120166435
school,266,118.4105593802784
school,267,121.87027820972179
school,268,117.32204667627578
school,269,121.17012491143633
school,270,120.31897841797263
school,271,121.68873844068844
school,272,121.14152830774916
school,273,119.9414798388323
school,274,114.82447620862928
school,275,116.06912601021249
school,276,118.63013219182264
school,277,118.7586474398658
school,278,118.27381424508239
school,279,115.87938823287362
school,280,119.68290187472337
school,281,124.28745055334838
school,282,119.91258583161515
school,283,117.76126484260192
school,284,120.29661325265108
school,285,120.70752300787599
school,286,116.87773750828565
school,287,118.40568059376409
school,288,122.29654761367665
school,289,121.96139708998437
school,290,120.13312005220091
school,291,119.74812762340474
school,292,117.77215952335641
school,293,117.80786990472537
school,294,118.50894385076116
school,295,119.91329615587777
school,296,117.2282607957435
school,297,118.42206718167358
school,298,119.60310518252622
school,299,119.7656690905953
school,300,115.84011940615272
school,301,119.96100411234889
school,302,120.58546577099851
school,303,120.79805452809099
school,304,118.92323862202798
school,305,120.14490999802932
school,306,118.29576286740304
school,307,120.04310826360675
school,308,122.54021345684474
school,309,117.54731813685282
school,310,121.62068317217137
school,311,117.95230062025159
school,312,119.418405654064
school,313,117.07298886674984
school,314,121.76426012832897
school,315,117.64623828914418
school,316,118.82241517649857
school,317,116.13902486641996
school,318,119.35195414840376
school,319,120.1469586835953
school,320,117.2836685103609
school,321,117.73928035083148
school,322,123.58536706421226
school,323,119.24187391604022
school,324,118.88350778843648
school,325,118.2416845441509
school,326,119.7132559582099
school,327,115.30159657684197
school,328,115.98566803068111
school,329,117.71122196423242
school,330,118.59131777998336
school,331,118.6441512902407
school,332,118.24733291447897
school,333,119.25467531529654
school,334,121.21707877843535
school,335,121.0328474564299
school,336,117.60335395417786
school,337,117.34867078635163
school,338,117.56678443382636
school,339,119.9477694964109
school,340,116.32143024926054
school,341,120.39778475515332
school,342,117.98027807604616
school,343,123.8243357558414
school,344,117.0573516340301
school,345,117.06748258005149
school,346,114.61555911473515
school,347,119.16653437760377
school,348,119.18429892774734
school,349,119.31088674313837
school,350,115.61964169140961
school,351,118.97439931639188
school,352,114.83392014871563
school,353,120.93869475334837
school,354,117.18938900162613
school,355,120.97577650303977
school,356,117.33298022646804
school,357,118.13803090468863
school,358,121.61565343721499
school,359,120.31552165439922
school,360,122.31712789100919
school,361,122.25953874404902
school,362,119.04218153639026
school,363,119.94031699619157
school,364,115.64019716342557
school,365,117.94461318031611
school,366,118.56232428275841
school,367,119.51594939894261
school,368,119.2557315669251
school,369,122.87165700297085
school,370,116.52362815014747
school,371,113.62773241735749
school,372,119.9646440423702
school,373,120.40989440011887
school,374,119.78480053812714
school,375,120.28371184507685
school,376,127.1576229897089
school,377,119.35859105685196
school,378,120.29546469028634
school,379,118.49875089902287
school,380,118.98543147694672
school,381,120.73707408991912
school,382,119.6539094642406
school,383,118.48372960234516
school,384,121.98305171126118
school,385,118.0066724632381
school,386,117.54157121379944
school,387,119.95227646354405
school,388,119.28292525257096
school,389,122.54121955990718
school,390,121.70820426765701
school,391,116.47342079686874
school,392,118.93879448072478
school,393,115.69755883560752
school,394,119.50380707001878
school,395,117.50583483437995
school,396,117.54057629785363
school,397,123.07905888664695
school,398,119.34661962461983
school,399,121.06943633497436
school,400,119.11099835085928
school,401,119.42037556670206
school,402,118.53152257601297
school,403,120.18845091476518
school,404,120.77056004589718
school,405,114.63724052910112
school,406,121.34268259215145
school,407,125.07603145448026
school,408,118.18054489760566
school,409,123.2979189240395
school,410,116.75418017496995
school,411,120.76965026846653
school,412,120.00297808198756
school,413,120.23598903475856
school,414,118.64464077285592
school,415,120.57425070262393
school,416,118.58292980174257
school,417,119.10749258098193
school,418,118.9023891554087
school,419,117.5671996098757
school,420,118.51395271544428
school,421,118.72184548200708
school,422,114.67754858564467
school,423,119.568573496981
school,424,121.99880195495271
school,425,122.09824198439479
school,426,117.66039202236288
school,427,120.101510406183
school,428,119.0483051837009
school,429,117.05006551616361
school,430,124.20671403142394
school,431,120.06925377423363
school,432,119.63554444957336
school,433,120.83824081622308
school,434,120.74588113351652
school,435,117.07378565483786
school,436,118.73220124530302
school,437,117.69261174247603
school,438,117.42210912545461
school,439,117.92763322049615
school,440,124.90379744647413
school,441,121.97815425757726
school,442,123.33597707984063
school,443,117.0643294855464
school,444,117.35781705119197
school,445,122.78781196932572
school,446,119.2957670801011
school,447,115.9702236101506
school,448,121.72940512396818
school,449,121.49575475016339
school,450,120.86524747029463
school,451,123.37507078510856
school,452,122.04601907955579
school,453,118.2324746019491
school,454,116.84879573851146
school,455,121.56441862911069
school,456,116.9314908501607
school,457,124.49609963834654
school,458,117.75086469142867
school,459,121.82035273079433
school,460,121.45806586832076
school,461,119.44464945765101
school,462,118.60669437566993
school,463,119.39021459329255
school,464,117.19207717519107
school,465,119.54350368202999
school,466,116.71851851954797
school,467,121.49473606783742
school,468,116.98875255266145
school,469,119.2572866875896
school,470,120.06830167180146
school,471,117.48110319870871
school,472,119.22484390400014
school,473,120.65326429569605
school,474,115.68091235758746
school,475,120.47403887383179
school,476,118.75510844230934
school,477,116.95076686554444
school,478,117.72810649606147
school,479,119.82270190241752
school,480,120.25673595415734
school,481,121.2417683864881
school,482,118.02352786399415
school,483,117.17060091970357
school,484,119.34096646927466
school,485,118.64490972330539
school,486,118.42697325608864
school,487,120.7604690901618
school,488,117.87755881117958
school,489,119.02730231882752
school,490,118.48229856227175
school,491,119.2211152210223
school,492,119.44341736733021
school,493,119.73338486048297
school,494,121.13306286690595
school,495,117.77191469850119
school,496,118.20090726462831
school,497,115.19292425472891
school,498,125.83436827474846
school,499,119.09466351082918
music,0,117.93739344141743
music,1,122.1357594857158
music,2,117.77082070535296
music,3,118.35317231209943
music,4,119.81366478249808
music,5,117.32522351752182
music,6,115.22710802775798
music,7,113.15887959067273
music,8,116.66358536383929
music,9,123.4802325256787
music,10,115.79594126285208
music,11,117.0886259900136
music,12,117.04922459931824
music,13,116.11777354794516
music,14,117.20945147567723
music,15,116.29918586229304
music,16,115.19688258035868
music,17,119.03358118639929
music,18,117.63365185917401
music,19,115.48055355618685
music,20,114.31739666604545
music,21,116.03082431579324
music,22,116.72942633151513
music,23,119.51475169930868
music,24,116.39494537434373
music,25,115.78109049954865
music,26,118.50256058039099
music,27,116.9781349777659
music,28,116.02410320050183
music,29,116.60730203589836
music,30,118.0069471512401
music,31,120.02904528339367
music,32,113.68181137787387
music,33,117.36129005786198
music,34,120.43756508970273
music,35,122.74267379434012
music,36,122.13173068501573
music,37,119.08039885062867
music,38,115.72437155743371
music,39,121.58083487448386
music,40,117.41842262167413
music,41,117.48583757847923
music,42,119.3412982487466
music,43,117.0421282364907
music,44,118.09829467421615
music,45,114.7928911250364
music,46,116.10442682223987
music,47,119.43787182723642
music,48,112.49537406837713
music,49,123.71862627935077
music,50,115.06835872789974
music,51,119.90676987180709
music,52,118.19652892832661
music,53,120.53100571293787
music,54,118.16174089618843
music,55,120.97703829274198
music,56,115.94345534667485
music,57,118.34937912370087
music,58,120.34112615898489
music,59,117.23726536453796
music,60,116.28044480962613
music,61,118.46032511459772
music,62,115.91961481389892
music,63,120.34361164344641
music,64,119.9220281314588
music,65,116.99815816197146
music,66,120.35282998236423
music,67,115.04073811550192
music,68,115.76625957773736
music,69,115.29789251973095
music,70,119.77882516958095
music,71,115.1515353151267
music,72,117.65081090252434
music,73,114.12099953620367
music,74,119.630025234065
music,75,121.16265496473508
music,76,115.41526902298907
music,77,119.02398090628184
music,78,116.93076413676854
music,79,126.53371391765738
music,80,116.92951358132125
music,81,120.66673861417966
music,82,113.91780118933006
music,83,121.02712693218034
music,84,124.05683175235869
music,85,114.17783745714374
music,86,118.62943553662
music,87,120.13810104688596
music,88,122.13820861252624
music,89,113.41707008766066
music,90,118.50559617167752
music,91,121.28067192025198
music,92,119.80055970292796
music,93,121.9279103034174
music,94,129.878145219661
music,95,118.25034070655407
music,96,116.18042653104123
music,97,117.70657312185074
music,98,117.13415216915166
music,99,117.2059253250614
music,100,115.56050583506823
music,101,116.42070097723602
music,102,118.6692085952954
music,103,115.59117667080822
music,104,121.30502568930143
music,105,119.4670237289851
music,106,117.26631030333263
music,107,120.74492909999108
music,108,116.52238144970714
music,109,116.82783868251735
music,110,119.90393375351293
music,111,120.63408187548241
music,112,122.53675543632905
music,113,116.34492707296444
music,114,120.49882521067386
music,115,115.79088351672921
music,116,114.75036970541812
music,117,117.15948824883048
music,118,119.32535333584764
music,119,119.28955937862331
music,120,118.8021386442923
music,121,113.85474282099877
music,122,117.74881426927821
music,123,123.60045820065129
music,124,119.20561535649885
music,125,115.33954090923882
music,126,119.24873073043618
music,127,117.3516764673907
music,128,116.265614431144
music,129,116.85119928372116
music,130,114.94991262080929
music,131,122.36596901710367
music,132,115.97755723636483
music,133,116.50962308161226
music,134,114.36084214694145
music,135,120.1377310627386
music,136,119.55803520847326
music,137,117.01961741217113
music,138,116.40319107475447
music,139,117.40051516619201
music,140,117.1748964668671
music,141,116.37323162788546
music,142,119.68464667186802
music,143,119.28881872543822
music,144,114.97316436191176
music,145,115.93591736439947
music,146,116.54647513980865
music,147,117.82789165751015
music,148,117.58743747804812
music,149,116.7903293531644
music,150,117.70026047581068
music,151,121.35463239876114
music,152,115.73592175856098
music,153,119.45993455529005
music,154,114.58375441610944
music,155,115.11368337413128
music,156,114.75487882240046
music,157,124.00286063545374
music,158,114.80314359732071
music,159,118.05126447946415
music,160,119.82217358064592
music,161,113.04581141755226
music,162,113.87792286064344
music,163,118.77299521971449
music,164,120.8032446124834
music,165,123.03394580337329
music,166,118.00826808045156
music,167,117.99854851976835
music,168,117.5007377191871
music,169,114.94795018550181
music,170,117.78026119212943
music,171,118.20167395141922
music,172,114.5802887476925
music,173,118.31063766167537
music,174,114.23787284817391
music,175,117.33409541904439
music,176,117.78766071489686
music,177,118.67742478456704
music,178,123.99386003775193
music,179,115.05801599764855
music,180,120.15146358670296
music,181,118.15140306306186
music,182,123.29058186978688
music,183,118.8117133044729
music,184,117.36596301487097
music,185,120.77640455267364
music,186,116.9343382900301
music,187,115.59478516467041
music,188,118.65382905022422
music,189,118.82745520793033
music,190,117.44325726962556
music,191,129.44305551481747
music,192,115.81083504152174
music,193,119.62626470150835
music,194,122.58499801401102
music,195,121.81887372852391
music,196,115.2214479891938
music,197,116.88235339109971
music,198,115.75813972605384
music,199,113.66381490127088
music,200,118.37529327335035
music,201,118.43649227360675
music,202,117.34509056724801
music,203,117.89821120324152
music,204,119.33452682672659
music,205,120.15700054563365
music,206,117.06483028332588
music,207,119.12062095046248
music,208,121.12565890310923
music,209,116.70496624278408
music,210,117.14158112202
music,211,120.26050030143874
music,212,115.20104919138505
music,213,113.5975590174832
music,214,117.67327202227911
music,215,117.26666943799312
music,216,118.67504508099191
music,217,117.35913592068866
music,218,116.49997208378477
music,219,123.52860741003506
music,220,119.65130551472829
music,221,118.82712564888197
music,222,114.06693695027519
music,223,118.83987484320294
music,224,120.11199815068514
music,225,115.7766757122019
music,226,121.26694772821807
music,227,116.72257095122693
music,228,116.11170034031191
music,229,119.41862887971344
music,230,118.55447567359379
music,231,111.35713471988713
music,232,118.44331899493841
music,233,116.36082227020516
music,234,117.36376500293306
music,235,115.09429524309466
music,236,114.02884818853616
music,237,115.6110975099819
music,238,117.35018860423094
music,239,113.63045156252734
music,240,117.69475233075946
music,241,117.46046693049246
music,242,119.92711649560131
music,243,113.3384803997491
music,244,120.11371192948957
music,245,121.05059623853751
music,246,115.58645192335956
music,247,121.22389702655327
music,248,120.95690194398958
music,249,114.69569115729861
music,250,116.30788579608655
music,251,117.0661816480376
music,252,117.05272075311817
music,253,117.49068405611192
music,254,116.06822286053612
music,255,120.02356192359618
music,256,117.03329024073032
music,257,116.35508329699549
music,258,117.52116900566716
music,259,119.37737693667339
music,260,115.84740476294317
music,261,117.75557800148333
music,262,116.97609092492142
music,263,116.1147775271747
music,264,114.06997865547244
music,265,117.290293389152
music,266,119.38752828761898
music,267,116.61585198055013
music,268,114.1795551013147
music,269,120.67563517818931
music,270,117.59940911698641
music,271,123.79046384867216
music,272,120.17015092442516
music,273,117.6110493194578
music,274,115.65471942826132
music,275,120.3226793683591
music,276,116.9312752166909
music,277,118.85972617446757
music,278,119.10066969526594
music,279,115.83034024252186
music,280,117.78007440941632
music,281,116.29572221308051
music,282,115.71323532025046
music,283,114.54182529338577
music,284,121.0479213920087
music,285,116.88121942308996
music,286,116.5007550605855
music,287,123.1350095678327
music,288,121.73117339487025
music,289,117.4891738583737
music,290,120.80380563995246
music,291,120.92119244788154
music,292,118.06924442070293
music,293,118.90735896042327
music,294,116.73495237806226
music,295,119.14611829476746
music,296,115.78670335729069
music,297,118.43798119604661
music,298,116.01662427606942
music,299,121.70797547466208
music,300,115.95100857689118
music,301,116.33819662289267
music,302,120.73041724934174
music,303,119.07411732119984
music,304,121.21011271175253
music,305,117.12804192468728
music,306,118.25000509611046
music,307,115.72325183544156
music,308,118.2765747427315
music,309,115.21829215026528
music,310,114.87486830090454
music,311,119.04337399084372
music,312,122.10084135193695
music,313,119.48358485749908
music,314,115.60255193243528
music,315,115.08140246178868
music,316,120.02134790170985
music,317,115.00893802209313
music,318,117.49377127076816
music,319,114.31064222418111
music,320,117.76223592422059
music,321,116.59941731535864
music,322,119.51965388328904
music,323,123.65041546395427
music,324,118.37111483011837
music,325,116.29608804943837
music,326,115.99908408561477
music,327,115.90215694289812
music,328,115.32692596836792
music,329,120.36236439198828
music,330,121.21739166739658
music,331,116.37579000787963
music,332,119.29213767463322
music,333,118.17859430226618
music,334,116.35289101900995
music,335,118.45501704317375
music,336,116.34889365590682
music,337,117.07406365888053
music,338,113.92503853972175
music,339,113.41335102913825
music,340,117.60836813340813
music,341,121.15684728830784
music,342,116.55748141306843
music,343,112.52749888295692
music,344,115.03651795669145
music,345,112.87838599068259
music,346,116.98484308852883
music,347,118.23086688157338
music,348,121.4705747567193
music,349,116.7939896339341
music,350,113.95196461731423
music,351,119.69335477446457
music,352,118.70362224887292
music,353,117.71632347225969
music,354,115.28151512518711
music,355,116.84424834292837
music,356,116.37899877526074
music,357,116.96600706236396
music,358,116.55703195146312
music,359,117.65205243609458
music,360,117.55256060346201
music,361,117.48415861106645
music,362,120.67299546880663
music,363,120.51894729858755
music,364,123.22536278915592
music,365,114.7473756281913
music,366,120.30903351165408
music,367,118.66009295541586
music,368,118.95605163098521
music,369,116.6245521836174
music,370,116.23098852445382
music,371,117.26578660708111
music,372,116.38646349967013
music,373,118.01833840197844
music,374,117.66151434246261
music,375,117.53863641959583
music,376,122.69941631077128
music,377,116.44825383440252
music,378,121.93449780751465
music,379,116.0548352769089
music,380,121.40296131207499
music,381,117.17714853106752
music,382,116.31495612756395
music,383,119.24191466566039
music,384,119.7919263366172
music,385,116.29397937763429
music,386,117.26851049882696
music,387,114.99914665278384
music,388,119.28344835708657
music,389,117.19910876875414
music,390,116.64993679139546
music,391,112.96102687587467
music,392,120.5861787918838
music,393,115.55389201258754
music,394,120.00369408705969
music,395,115.79764743452611
music,396,115.85121044212691
music,397,118.9872335343465
music,398,117.14231025774373
music,399,117.20515133048906
music,400,122.90022827147101
music,401,118.53107916202117
music,402,120.83401573914772
music,403,118.56199608369258
music,404,113.92084211957798
music,405,115.0598065056013
music,406,120.06820251908026
music,407,115.57424194728631
music,408,119.68746138811713
music,409,115.74329657212891
music,410,118.65673475056214
music,411,114.46499979288241
music,412,114.13885442983033
music,413,117.12276233742693
music,414,117.49798730716196
music,415,115.91864790615082
music,416,112.40761872526942
music,417,122.33041791024284
music,418,117.45880976850864
music,419,117.91910557181392
music,420,117.56174870749061
music,421,121.68040912795537
music,422,114.78737560691737
music,423,119.46212159970393
music,424,115.02682614306381
music,425,115.2645569168681
music,426,112.56292917846447
music,427,114.3044478974084
music,428,121.58678886712377
music,429,120.97012887749963
music,430,117.29903323458977
music,431,117.46927831661121
music,432,118.1647398436564
music,433,113.93836871964001
music,434,117.10685043782092
music,435,115.70794535855981
music,436,116.31383370026059
music,437,118.10813722461316
music,438,117.42201673852881
music,439,116.4768953934596
music,440,115.60823877005149
music,441,115.23344317327779
music,442,120.08337907951497
music,443,120.36595959133956
music,444,113.48350906066598
music,445,114.90263837977506
music,446,120.67207944600871
music,447,119.12057802565086
music,448,115.63830704046994
music,449,115.31585948616356
music,450,116.5807978424219
music,451,118.99470480275744
music,452,118.08926057931643
music,453,118.33366196755549
music,454,119.52114540731564
music,455,116.38033975148477
music,456,119.14949928560468
music,457,119.12406122656871
music,458,113.25798747188678
music,459,123.17761263595071
music,460,118.7410099520638
music,461,117.00122638956496
music,462,114.73437430368823
music,463,119.46194843928846
music,464,118.70089828587851
music,465,115.05612546807191
music,466,116.24842470209384
music,467,117.0022741726138
music,468,117.81067006509784
music,469,116.39626659748181
music,470,119.16121590703585
music,471,115.86066783887851
music,472,117.38134378490108
music,473,117.19754148696889
music,474,118.57847516046085
music,475,123.18573169895492
music,476,118.15585972577568
music,477,116.05797592151039
music,478,117.2468811363565
music,479,124.58881361607743
music,480,114.47510884817034
music,481,122.27000951848032
music,482,117.16891511916532
music,483,117.56347121448644
music,484,116.89142735761367
music,485,121.18734823541399
music,486,121.42081091874817
music,487,116.54103305451389
music,488,118.87215999514223
music,489,117.99161622210292
music,490,123.14066323832265
music,491,114.35456722851936
music,492,118.18713486115378
music,493,120.18795043920407
music,494,120.05494960691283
music,495,115.22026498329556
music,496,116.42988437467581
music,497,119.59345894654561
music,498,116.36356402717591
music,499,119.06086596923748
art,0,123.1773605048568
art,1,122.05563472483689
art,2,117.380376695294
art,3,125.06193860034942
art,4,122.01038962021602
art,5,115.10447872997105
art,6,115.9987130841013
art,7,119.54375063775164
art,8,118.42792959522951
art,9,118.80769285700514
art,10,119.62050944622437
art,11,120.84234981965649
art,12,122.71223195228399
art,13,119.56149614321328
art,14,118.45540800386689
art,15,118.11563846758177
art,16,121.82623654727125
art,17,122.43350428376552
art,18,119.80950960574039
art,19,119.30631530881818
art,20,120.15205280822188
art,21,117.09190100848079
art,22,121.80668738188672
art,23,118.93610693819936
art,24,119.88836711690767
art,25,119.63329125654955
art,26,120.8740360239296
art,27,117.21337110329817
art,28,123.101386548589
art,29,122.07629515314441
art,30,116.84752369179634
art,31,120.31373752590768
art,32,123.12230792536045
art,33,117.93899059669435
art,34,124.55168345137704
art,35,122.89908362933583
art,36,118.73689335494417
art,37,119.59285584335946
art,38,121.25600385968151
art,39,118.39877075898335
art,40,123.62572107354359
art,41,127.48813029864922
art,42,119.43803130465326
art,43,121.74565357483058
art,44,125.97127373946616
art,45,118.58297198770038
art,46,120.77971677795432
art,47,122.48015573594418
art,48,117.97770499720134
art,49,116.6461551760069
art,50,120.97566260879695
art,51,121.48867762923206
art,52,118.77123528398172
art,53,119.48146495118696
art,54,117.8176987966451
art,55,118.57505943010717
art,56,121.50843531898599
art,57,123.11950019379319
art,58,121.48888481312083
art,59,115.40789958611641
art,60,118.93068215905274
art,61,124.3178551037025
art,62,118.02695981357361
art,63,119.97842746107679
art,64,117.80473776663159
art,65,117.24776817293561
art,66,119.97858462093778
art,67,122.83019673816669
art,68,117.37983845223287
art,69,119.26883105096766
art,70,119.51232495748836
art,71,120.86396843137254
art,72,116.85507624561635
art,73,121.44876176122258
art,74,119.0607001939094
art,75,121.05613072447
art,76,119.39628094848402
art,77,120.51799064347588
art,78,116.52158086070858
art,79,118.3920938585698
art,80,119.68061819174444
art,81,120.39050926658426
art,82,119.22759811363962
art,83,119.00360769509408
art,84,118.52220974997874
art,85,116.90415961042977
art,86,121.48340627225411
art,87,120.44495804070239
art,88,120.90423200925626
art,89,122.23904614370349
art,90,118.66493716740933
art,91,118.10994036721351
art,92,122.16933587650671
art,93,119.74477729809405
art,94,119.38595157817016
art,95,122.5408884725173
art,96,119.41715521084764
art,97,120.51295223958618
art,98,121.90750939049413
art,99,123.2148088396992
art,100,120.25010406746033
art,101,121.0869200859508
art,102,121.45161223778955
art,103,119.5606570554727
art,104,117.85524125676628
art,105,119.84610420381479
art,106,121.51072775849711
art,107,117.73147440175735
art,108,120.40637610158258
art,109,120.0108103622654
art,110,121.0632713599982
art,111,119.86818066417693
art,112,120.24834854859326
art,113,119.31195368195145
art,114,117.77090018028358
art,115,123.22948675954517
art,116,126.07489001380756
art,117,115.60382707308754
art,118,122.75612902617506
art,119,119.72520435726639
art,120,118.65030080174424
art,121,120.23682829945996
art,122,123.78356660412703
art,123,121.12072690334448
art,124,121.94582015732307
art,125,121.34224818294695
art,126,119.95962574419742
art,127,117.9014426986893
art,128,125.28683745322002
art,129,118.89795077168858
art,130,122.94405123362957
art,131,119.892297197168
art,132,125.56898117398576
art,133,118.41385001980798
art,134,118.7121843504787
art,135,118.62994155740058
art,136,121.42675442951662
art,137,120.63443007064572
art,138,122.47345890512679
art,139,119.98890006768477
art,140,120.71462861632622
art,141,119.43894340328043
art,142,122.38926593427732
art,143,123.7912760084333
art,144,122.35463618878373
art,145,124.38337117204176
art,146,117.99729030700756
art,147,119.72315247652662
art,148,125.00536550220322
art,149,124.0723022112554
art,150,118.8814405947335
art,151,122.86670408737734
art,152,126.2977825269608
art,153,116.41726339686822
art,154,120.89854948411649
art,155,123.67458376565443
art,156,117.56799954680115
art,157,124.00806964583447
art,158,122.74561354238622
art,159,122.30039093437367
art,160,118.04969836379429
art,161,121.09023027621828
art,162,120.87402335678968
art,163,124.73049149901503
art,164,118.84597153594947
art,165,119.55442914780127
art,166,120.45164216913888
art,167,120.26481546968597
art,168,119.06145200403928
art,169,118.86792575199175
art,170,121.19520116996856
art,171,119.94521808502572
art,172,115.38197992347037
art,173,127.97785295030894
art,174,121.12369150044202
art,175,122.36403924702799
art,176,122.45555842060847
art,177,117.6251125749962
art,178,118.97971981567719
art,179,118.33911989039724
art,180,120.94771114349385
art,181,117.39817197433975
art,182,118.87522205235645
art,183,121.05207332469361
art,184,119.99551974551804
art,185,122.04642114968105
art,186,117.43170369958045
art,187,122.96758098961882
art,188,118.98163747405867
art,189,118.4304557468689
art,190,123.6533424611586
art,191,119.486607198047
art,192,118.16242875668233
art,193,117.92884378430044
art,194,119.72042378721189
art,195,123.55691992948496
art,196,116.51997809950157
art,197,122.84669513455258
art,198,119.80370418580826
art,199,123.38312644628762
art,200,118.49922273840072
art,201,122.18994282863065
art,202,119.61863684818901
art,203,120.11911576012477
art,204,122.6052590204604
art,205,118.28455907518902
art,206,122.90658879863663
art,207,116.59970164231865
art,208,117.0552870107515
art,209,123.02066695431206
art,210,122.93984424670677
art,211,115.57056734215226
art,212,125.42743663631366
art,213,122.7169591922534
art,214,125.26772750423798
art,215,122.39702018712524
art,216,123.15402688128987
art,217,118.76310775601617
art,218,118.86381892277096
art,219,123.27449062176474
art,220,121.425843056633
art,221,119.11239749720919
art,222,121.38461533526687
art,223,123.07609385808101
art,224,118.46360650517734
art,225,117.14198283373601
art,226,122.18494829658488
art,227,119.06460158840208
art,228,121.48468994668336
art,229,119.40568829044824
art,230,122.91498856665196
art,231,118.52841074856735
art,232,120.40109875582874
art,233,119.1965730573783
art,234,122.0019482468236
art,235,118.99271307923705
art,236,118.81328511945426
art,237,124.32552992041977
art,238,120.19630412371254
art,239,118.63486590535697
art,240,118.53452924514318
art,241,119.95844582042845
art,242,122.85242899403102
art,243,121.48306644188355
art,244,119.76310064256262
art,245,120.14292014394823
art,246,119.85221184118073
art,247,124.08858581832176
art,248,121.19460834526592
art,249,121.06882785908309
art,250,117.19027814657304
art,251,122.15170396597404
art,252,119.16642350866462
art,253,120.96371103153606
art,254,120.00924712520013
art,255,123.00635362619575
art,256,119.17065604704614
art,257,119.32560660599327
art,258,119.40739291169282
art,259,122.26362472187927
art,260,122.94920371538277
art,261,121.48646319221494
art,262,125.19081797331954
art,263,121.08120124961826
art,264,119.42043022519886
art,265,120.1734872390787
art,266,121.38034282335445
art,267,120.01756148140834
art,268,119.10057852319002
art,269,120.73531835335022
art,270,119.96761406818915
art,271,123.88050254669113
art,272,124.52910217881339
art,273,122.67929289649544
art,274,116.35252758965157
art,275,120.7301106757866
art,276,118.12463629985814
art,277,119.47774099391471
art,278,119.80857336266637
art,279,117.21683094565296
art,280,118.59229199605662
art,281,116.47750621057729
art,282,122.70387779117571
art,283,120.11789870811708
art,284,121.61519153695637
art,285,122.77136909178601
art,286,123.38456664336779
art,287,119.43195873795653
art,288,123.80399707465924
art,289,119.58338070148767
art,290,119.76844078388334
art,291,124.27400583147706
art,292,122.9077769339743
art,293,118.3313031225751
art,294,119.64899429638794
art,295,123.47662297034567
art,296,119.60898626984327
art,297,120.21271905860509
art,298,120.51848166618329
art,299,120.42660481456389
art,300,123.01565653882756
art,301,119.80989076019853
art,302,121.21570319302985
art,303,117.90143651089322
art,304,120.55783204706914
art,305,120.8640100566823
art,306,117.9157018519469
art,307,119.46561665926012
art,308,119.3754403991647
art,309,120.4028558088685
art,310,122.2021842171616
art,311,113.24401400431195
art,312,120.93829422341165
art,313,116.91731345776071
art,314,125.13275175050696
art,315,120.03949587547937
art,316,122.35375132871084
art,317,123.95699557464704
art,318,120.16464835809921
art,319,117.52723764492488
art,320,123.77583121706218
art,321,122.28672615664826
art,322,123.83592542561377
art,323,122.1496866999773
art,324,121.58746858956431
art,325,123.62371768114826
art,326,117.66654966492118
art,327,116.7190577895751
art,328,120.51950112795512
art,329,117.53578719477125
art,330,119.28505571155037
art,331,123.97715045315805
art,332,123.03769905735706
art,333,122.4647564828643
art,334,120.58487903192139
art,335,116.99021467310648
art,336,121.69326194235701
art,337,120.8962970600076
art,338,120.23270003889851
art,339,116.47012873991365
art,340,120.63999742067348
art,341,121.7390292592937
art,342,116.56676389347321
art,343,119.28970693147775
art,344,121.75116331268366
art,345,117.22864938510789
art,346,121.28806229638394
art,347,118.39334021306749
art,348,120.73834199750368
art,349,117.9605702470585
art,350,121.17178042697306
art,351,119.46942310352145
art,352,122.54229974547842
art,353,120.97790014123639
art,354,115.37887246212004
art,355,122.72038591106866
art,356,116.75039394393478
art,357,119.91654772851932
art,358,118.54332234551433
art,359,123.92483974650834
art,360,120.35144563028939
art,361,125.58070018008232
art,362,122.83073567613741
art,363,120.25717305601383
art,364,119.21049696049104
art,365,120.50482400782478
art,366,120.65394776169815
art,367,116.79709549758432
art,368,118.82446958945094
art,369,129.86999508783407
art,370,118.43666768238454
art,371,115.46178508710001
art,372,120.36138838542063
art,373,121.63777239933043
art,374,124.5131603720908
art,375,117.2844960029868
art,376,119.24577920605867
art,377,121.49631911659296
art,378,122.81579292107361
art,379,118.57205175626646
art,380,119.59927718853271
art,381,122.58772160493972
art,382,118.58884454771061
art,383,115.65760001459573
art,384,119.14250673092455
art,385,120.6363898268487
art,386,117.15118924855628
art,387,117.15315831979751
art,388,119.47430934159844
art,389,118.62623433920902
art,390,118.88968338307666
art,391,122.23314068603017
art,392,119.12905070895738
art,393,125.06141865710225
art,394,119.71985231352183
art,395,120.75315829290116
art,396,122.06264554845683
art,397,118.09676320222984
art,398,119.99706959464783
art,399,124.21043863696983
art,400,120.9132165063264
art,401,118.0853412794676
art,402,123.84205276482909
art,403,123.14771685986466
art,404,118.98100507834279
art,405,124.22409796663472
art,406,120.78074586441959
art,407,117.59939556017618
art,408,120.68570974680033
art,409,121.56142251957431
art,410,115.94434227318146
art,411,122.76099957494719
art,412,117.95986298826303
art,413,119.59419675511079
art,414,120.48629881034711
art,415,119.37115875804729
art,416,117.14534009596711
art,417,123.46498118916962
art,418,120.91401820690255
art,419,117.57383418735874
art,420,120.31999659291519
art,421,117.19719593881435
art,422,116.2049827491192
art,423,117.84161490892771
art,424,125.53986680496381
art,425,120.9150102387218
art,426,121.85013992694225
art,427,123.78161983524829
art,428,121.18139700946517
art,429,121.33685667888268
art,430,120.40878046314086
art,431,121.35851879126953
art,432,119.27245596544363
art,433,119.70625665170797
art,434,121.0819151090799
art,435,123.19912149722857
art,436,117.64121815215194
art,437,123.00445431847852
art,438,119.31216113399653
art,439,120.86958509634027
art,440,123.90526522867916
art,441,122.64820029892773
art,442,122.26150881479023
art,443,120.51898202954501
art,444,118.00202519233707
art,445,115.86404708151115
art,446,119.67766102348183
art,447,116.42702752520617
art,448,121.24796404900631
art,449,121.07367790310364
art,450,119.46439688104805
art,451,117.63232366546494
art,452,123.4697096899198
art,453,119.97697765836082
art,454,115.85465405768916
art,455,119.97235591659319
art,456,122.85080195837853
art,457,121.96590562308134
art,458,124.86499729567515
art,459,118.48023502398459
art,460,127.90930337755672
art,461,121.25326254843658
art,462,126.67679017329488
art,463,119.94550531976292
art,464,125.32372078925273
art,465,123.281084919032
art,466,119.83327585334749
art,467,119.3884893287589
art,468,120.525231009843
art,469,121.82747595909207
art,470,120.29460338151823
art,471,119.66331210754046
art,472,123.0699370223086
art,473,118.62671903106256
art,474,125.46594015519364
art,475,116.11153217919824
art,476,116.679863840588
art,477,124.04986891251697
art,478,121.90424955340629
art,479,123.92727296794557
art,480,117.67472021725057
art,481,120.02208807216748
art,482,120.3748461630116
art,483,119.27275419398246
art,484,115.00836584654597
art,485,121.74864685194808
art,486,117.16094767776019
art,487,118.6731195597259
art,488,120.88252505174262
art,489,118.68360717829793
art,490,117.84994933382949
art,491,122.51273586407916
art,492,119.29803130981777
art,493,122.56711328446887
art,494,121.81657073004435
art,495,119.35270802407045
art,496,116.52224154365445
art,497,118.52424300784767
art,498,116.92673576794479
art,499,114.96068375607452
plant,0,121.48153721961776
plant,1,122.5776199365112
plant,2,123.10010283022466
plant,3,119.92915309088114
plant,4,122.92021373487412
plant,5,123.84783727227293
plant,6,117.68039037276579
plant,7,123.35589929605624
plant,8,127.35252222018106
plant,9,121.97189854628354
plant,10,117.83634914381058
plant,11,115.51518817365071
plant,12,123.15283689345577
plant,13,122.49250401903961
plant,14,119.53114743880901
plant,15,122.93188716806056
plant,16,116.51197000189302
plant,17,119.49125134002007
plant,18,117.76430512632355
plant,19,118.77006422109685
plant,20,120.24486030204689
plant,21,124.88462277845358
plant,22,116.9906314626297
plant,23,123.12439309242235
plant,24,120.25217611088685
plant,25,120.48242295815305
plant,26,120.47312524987302
plant,27,121.2875496652152
plant,28,121.15414418308251
plant,29,120.77344931624974
plant,30,121.9187363969148
plant,31,127.8892261528023
plant,32,119.2901301197853
plant,33,121.3434483451312
plant,34,117.25845983679287
plant,35,120.47073946350079
plant,36,118.85456912149625
plant,37,118.6571426814601
plant,38,118.36602254700355
plant,39,121.32565885727264
plant,40,120.95633140052315
plant,41,117.65292869518393
plant,42,117.03733523227042
plant,43,118.79652640413343
plant,44,121.31592565194751
plant,45,119.11326718369477
plant,46,119.95585897123335
plant,47,123.47766016255297
plant,48,118.88720725663369
plant,49,120.97309306068382
plant,50,121.04314692660706
plant,51,120.38164448940907
plant,52,120.63538796144806
plant,53,117.6158015784837
plant,54,120.67044229165076
plant,55,121.1134482645304
plant,56,117.5886210947078
plant,57,123.00867332485726
plant,58,117.01691516704982
plant,59,118.7000358433145
plant,60,118.96489469864693
plant,61,122.50376234727773
plant,62,119.5834091595552
plant,63,116.04033652844765
plant,64,117.59904229754838
plant,65,121.32668209841613
plant,66,120.45985379568837
plant,67,123.18440932834078
plant,68,123.80686712720774
plant,69,115.65746594851947
plant,70,120.0979818039784
plant,71,122.80843392341187
plant,72,117.09990243598072
plant,73,121.66257680755221
plant,74,120.36497580965919
plant,75,119.96398815837654
plant,76,125.1319719288226
plant,77,119.9427288094787
plant,78,120.54518142419674
plant,79,125.36487111951334
plant,80,120.8759258208838
plant,81,124.50561275354298
plant,82,121.95635751766704
plant,83,125.2114230252883
plant,84,120.01506177230507
plant,85,122.21008936627082
plant,86,121.76916331439753
plant,87,118.39719147292168
plant,88,118.18851672754292
plant,89,120.64177326392962
plant,90,119.44515819143106
plant,91,120.09080332750925
plant,92,118.51253039497965
plant,93,121.60605260402745
plant,94,120.56904161381632
plant,95,115.55106361452528
plant,96,124.90285273660606
plant,97,124.89488984788133
plant,98,122.19679778069283
plant,99,120.02405130486125
plant,100,117.37868503910964
plant,101,121.6729886652661
plant,102,117.54868266231252
plant,103,120.02710715782487
plant,104,118.43228677911296
plant,105,124.60810127446966
plant,106,122.51760917442628
plant,107,122.24266746463965
plant,108,122.51404057734109
plant,109,120.95918678087618
plant,110,117.61990039694649
plant,111,119.36910078200928
plant,112,125.84278668753821
plant,113,116.7609468941648
plant,114,121.24294431407267
plant,115,118.52345389759915
plant,116,118.85770416990258
plant,117,120.03054892922249
plant,118,119.5447039293447
plant,119,117.69598521229578
plant,120,114.78259927999466
plant,121,121.21356226196885
plant,122,121.3201640746109
plant,123,118.74483405684848
plant,124,116.88564467523135
plant,125,122.31911970337977
plant,126,124.04179629906962
plant,127,118.44820951523015
plant,128,123.17102322496322
plant,129,122.92163524614341
plant,130,123.18621406437703
plant,131,122.12086243815936
plant,132,118.34676885390071
plant,133,121.93718136996856
plant,134,123.20452401289394
plant,135,120.94519326889046
plant,136,118.25030870390833
plant,137,116.95371820352847
plant,138,114.85848850042015
plant,139,117.11803544526327
plant,140,121.5705448830062
plant,141,120.4259742737945
plant,142,122.65704874167993
plant,143,122.09638299086605
plant,144,120.71386877661598
plant,145,117.32241298461514
plant,146,122.07427393319448
plant,147,121.21062962100642
plant,148,120.48172011495737
plant,149,116.18195055357528
plant,150,119.27536747630857
plant,151,119.31651869886382
plant,152,117.34335353459102
plant,153,121.90546695090137
plant,154,123.28100632448596
plant,155,119.89226729534379
plant,156,118.62685342998931
plant,157,117.28168225247492
plant,158,122.5640548535979
plant,159,122.31907658258072
plant,160,118.7699138147787
plant,161,120.39492047850524
plant,162,123.24953103369299
plant,163,120.34609087411386
plant,164,120.63556860584814
plant,165,120.2253346821471
plant,166,123.26435225870433
plant,167,117.40077521087026
plant,168,120.74830441329907
plant,169,121.14867568321101
plant,170,118.13435694926898
plant,171,118.6303796376935
plant,172,118.58942520640583
plant,173,124.54170475200333
plant,174,120.38633818185349
plant,175,122.06640533446598
plant,176,118.31859910568568
plant,177,122.49505106634213
plant,178,122.29089934739179
plant,179,118.04871171183555
plant,180,123.31341823816184
plant,181,118.57620096288595
plant,182,119.644382192949
plant,183,120.83655729540637
plant,184,119.92810517148997
plant,185,121.1530388742864
plant,186,123.64853392779906
plant,187,119.93656876039272
plant,188,123.07089142329828
plant,189,121.53625714167208
plant,190,128.2673586729647
plant,191,115.53122637329712
plant,192,119.83415423285084
plant,193,119.41043577929251
plant,194,123.19064964338887
plant,195,121.88978853852899
plant,196,121.89759564157741
plant,197,122.29936100847839
plant,198,120.90311093998037
plant,199,122.51737351465437
plant,200,125.06181807542094
plant,201,119.43101278323982
plant,202,119.33523836793883
plant,203,118.1637045103783
plant,204,126.42615971218565
plant,205,117.31510641986229
plant,206,120.75784351167908
plant,207,121.080238710424
plant,208,117.53592627643965
plant,209,120.2737915433429
plant,210,119.84114666893217
plant,211,122.72677949580894
plant,212,114.9146566037459
plant,213,124.0279853754578
plant,214,129.3208005774755
plant,215,120.61563901818506
plant,216,121.13790014046566
plant,217,127.27677753240042
plant,218,119.38846768704911
plant,219,122.98498285665285
plant,220,115.93294869527315
plant,221,120.07173732736524
plant,222,124.7368845663928
plant,223,119.57297847453212
plant,224,117.05996845835756
plant,225,121.2580159282135
plant,226,114.45508607274294
plant,227,119.57522587932819
plant,228,117.44111820712465
plant,229,123.84176849740894
plant,230,119.33782496324264
plant,231,120.56596172723775
plant,232,129.61622308146002
plant,233,118.84927086859858
plant,234,120.5329137054892
plant,235,119.01608953494696
plant,236,121.28497926081569
plant,237,120.92941438296982
plant,238,119.98003720812996
plant,239,118.82406674224808
plant,240,119.59213987023092
plant,241,124.70551434563713
plant,242,119.36825423424202
plant,243,121.42582542394902
plant,244,118.38633433027982
plant,245,119.60356277774882
plant,246,121.38025768636275
plant,247,116.1645683752783
plant,248,124.5019497032475
plant,249,123.59825024889717
plant,250,118.81716305614056
plant,251,118.24816148145099
plant,252,115.96010557249312
plant,253,122.66816526089335
plant,254,118.76510988190306
plant,255,125.45905372204832
plant,256,119.1827023985375
plant,257,120.09422648983308
plant,258,120.4425391128375
plant,259,122.83694482590721
plant,260,122.18619829073323
plant,261,122.16039708908124
plant,262,124.01657595832798
plant,263,122.71327247639977
plant,264,121.98320490585132
plant,265,120.71145314019624
plant,266,122.33219988548663
plant,267,119.86443931640099
plant,268,122.78678628690717
plant,269,119.54076871769314
plant,270,121.0743321734558
plant,271,123.6271258297913
plant,272,119.58484160450212
plant,273,115.97687531860825
plant,274,123.6551897386273
plant,275,118.29533826203141
plant,276,120.3206660528942
plant,277,115.95862856235432
plant,278,124.62319749751411
plant,279,118.00361586848136
plant,280,118.43226541290808
plant,281,121.15983157913301
plant,282,116.53603694793249
plant,283,122.7793720639674
plant,284,116.62625185910956
plant,285,122.63129754902373
plant,286,120.97678995150393
plant,287,129.1176658558525
plant,288,115.06251665217538
plant,289,118.80478234568368
plant,290,120.24862770129717
plant,291,119.20125084285158
plant,292,118.78565985484408
plant,293,120.01166367507905
plant,294,121.60307751795811
plant,295,114.96441804605595
plant,296,126.56839097707038
plant,297,124.57144998859826
plant,298,122.93207220079945
plant,299,121.31081642206414
plant,300,122.46503489016895
plant,301,126.4536724808154
plant,302,119.65709004003762
plant,303,122.19028601951005
plant,304,120.24763395975158
plant,305,119.5294704373023
plant,306,116.64630657207854
plant,307,117.87816233322171
plant,308,127.37546784652132
plant,309,117.62167906052699
plant,310,120.58389557608406
plant,311,117.91007081180507
plant,312,123.86066824366686
plant,313,125.86344080584742
plant,314,121.44508723838486
plant,315,121.79890543804935
plant,316,115.22084683835409
plant,317,118.23095368042094
plant,318,118.66868038454948
plant,319,126.2265829810234
plant,320,123.51770877300936
plant,321,117.20355265371903
plant,322,121.6587818175421
plant,323,119.66647980914442
plant,324,116.57820400229741
plant,325,117.98771469179744
plant,326,124.86997568992011
plant,327,120.79182470121286
plant,328,121.90160378019111
plant,329,117.20339861486437
plant,330,119.71762971137416
plant,331,120.23883138165394
plant,332,118.81178724672272
plant,333,120.50493997408644
plant,334,120.89901674191516
plant,335,116.16501544219157
plant,336,122.71502599397705
plant,337,125.16187881946503
plant,338,121.25281285699405
plant,339,123.1661174903315
plant,340,118.25860036325102
plant,341,122.24378483045275
plant,342,123.47864589792358
plant,343,122.74985790182942
plant,344,120.54972514971891
plant,345,120.56844875344106
plant,346,121.15814724311389
plant,347,122.81785999160459
plant,348,121.37686346461354
plant,349,120.73582879604454
plant,350,119.3370089520071
plant,351,118.2886948958169
plant,352,119.32493732426315
plant,353,119.93217526189723
plant,354,121.9107222461674
plant,355,121.84046204165126
plant,356,116.05911237200598
plant,357,118.62317096860511
plant,358,123.45569310967144
plant,359,117.79391680717575
plant,360,117.7775285699939
plant,361,124.82101578110023
plant,362,120.27728415590748
plant,363,120.7984854068778
plant,364,123.45905477926087
plant,365,119.26811104648425
plant,366,123.3558816521576
plant,367,123.03281937095672
plant,368,120.97837165360896
plant,369,121.86293791099669
plant,370,123.01247392724241
plant,371,119.90777662100614
plant,372,122.91577487335843
plant,373,118.75066045876824
plant,374,118.53209591274437
plant,375,119.53927346625501
plant,376,118.4946401403842
plant,377,120.06275169881147
plant,378,123.75703717915239
plant,379,119.91016369051673
plant,380,124.06713088402664
plant,381,118.32729888698377
plant,382,120.81435073777695
plant,383,115.22742122884802
plant,384,118.86952393735679
plant,385,117.06616276468638
plant,386,122.95712417499433
plant,387,124.7662715805872
plant,388,120.80019776310738
plant,389,119.62166560965531
plant,390,117.8156437139067
plant,391,121.5614502688995
plant,392,123.23173649971548
plant,393,119.90646402981756
plant,394,121.31446683332985
plant,395,120.25405120907553
plant,396,118.39094571314817
plant,397,119.42775473129974
plant,398,119.63967412487675
plant,399,117.7302036585246
plant,400,119.29868362287846
plant,401,118.9657400232098
plant,402,118.77001299550629
plant,403,118.48425009149595
plant,404,121.86593717688343
plant,405,117.41039722300314
plant,406,122.29534568334704
plant,407,122.69504129366592
plant,408,121.66896021023119
plant,409,120.14044649760531
plant,410,120.49126235436127
plant,411,118.14256492465425
plant,412,117.8171672022368
plant,413,127.83239442913916
plant,414,116.29142731038343
plant,415,118.68228648971966
plant,416,117.8869292334625
plant,417,118.24815182322028
plant,418,123.37794271936049
plant,419,119.04031923234702
plant,420,121.98439383341366
plant,421,125.36601054579744
plant,422,119.97702956969702
plant,423,118.39612359988992
plant,424,120.77442229886006
plant,425,125.98440033288097
plant,426,120.20449542614836
plant,427,123.25767543356396
plant,428,121.34264706647124
plant,429,119.04895550804302
plant,430,119.43825671414992
plant,431,119.38280792692584
plant,432,119.31541968309382
plant,433,113.80996625101407
plant,434,122.01180724555513
plant,435,118.18899084773484
plant,436,121.23500449882665
plant,437,123.01801050100927
plant,438,119.95493938264413
plant,439,120.2184774229455
plant,440,121.34694418573288
plant,441,118.6583523842383
plant,442,123.28968232029278
plant,443,124.21921611348859
plant,444,127.1578187004861
plant,445,119.69277264689926
plant,446,115.6770911078477
plant,447,118.48543675550098
plant,448,121.44193727245245
plant,449,120.72849391813133
plant,450,120.99144502496154
plant,451,119.2455773854515
plant,452,123.83420990858292
plant,453,119.82566738623208
plant,454,118.16582565598377
plant,455,116.62912228226465
plant,456,122.79014710884368
plant,457,121.74948702822401
plant,458,119.17763116592948
plant,459,121.56543398373498
plant,460,120.9471425744334
plant,461,122.4502531231689
plant,462,118.645922805152
plant,463,120.75489823244384
plant,464,119.5849328061451
plant,465,125.8238100293084
plant,466,116.89627787798744
plant,467,114.98752729543118
plant,468,116.33572956746579
plant,469,117.64694719536783
plant,470,121.23008471184546
plant,471,122.98130034754774
plant,472,119.82347706915786
plant,473,121.04773062483535
plant,474,122.08074085574552
plant,475,120.32694513395874
plant,476,115.97952944940499
plant,477,124.02559487789777
plant,478,117.65570960588599
plant,479,122.42767080425712
plant,480,118.67550448290511
plant,481,121.40176883733018
plant,482,120.96295533425146
plant,483,118.61461267873
plant,484,116.83348239718094
plant,485,121.99993451766989
plant,486,119.17416737460333
plant,487,117.5450169020356
plant,488,118.6885558627186
plant,489,118.89840188447276
plant,490,113.81553319056886
plant,491,128.27909863471268
plant,492,122.34809377917774
plant,493,119.59811634059707
plant,494,116.95047018607627
plant,495,118.59590256259386
plant,496,118.60933555979986
plant,497,118.28761956261668
plant,498,117.96789742794101
plant,499,118.21329227308135
river,0,119.88620895886417
river,1,117.03695679887258
river,2,120.97374086028307
river,3,117.09206386152611
river,4,120.63254947875375
river,5,115.26095353224765
river,6,119.51835216897422
river,7,117.13769374917027
river,8,117.55793362470237
river,9,123.10333502634994
river,10,122.55281697822045
river,11,122.67887925099303
river,12,119.96288419430674
river,13,119.78338453879758
river,14,115.96881619484718
river,15,116.44280692956828
river,16,120.37975248288426
river,17,116.72571164953982
river,18,120.4518798943577
river,19,116.91457729507653
river,20,119.50133375869692
river,21,117.61277131190622
river,22,120.76839967627355
river,23,121.56403861201213
river,24,114.32570780818274
river,25,117.91366027777461
river,26,119.64539963356404
river,27,121.77488527622901
river,28,123.1207960803735
river,29,121.09197152207412
river,30,119.17972160919665
river,31,121.53411500982199
river,32,116.64214225681964
river,33,117.83884763940378
river,34,121.07419525377658
river,35,124.8822433616873
river,36,115.46474910714495
river,37,114.84994864829847
river,38,115.40581134127372
river,39,119.16389795775693
river,40,115.46798232120874
river,41,115.49208096332484
river,42,120.34463198882884
river,43,117.59405138942635
river,44,119.07282180853396
river,45,122.75157052744372
river,46,119.10322249724115
river,47,116.29478690636152
river,48,119.32452040706008
river,49,123.27555095890321
river,50,122.31848709713327
river,51,120.4334683982027
river,52,119.38321342036993
river,53,118.12839575772422
river,54,119.20673085761493
river,55,118.86732012519639
river,56,119.15806655913366
river,57,116.20174462838573
river,58,116.01411920641083
river,59,110.8141123668802
river,60,122.2448798599751
river,61,121.09438755709525
river,62,118.05840252369084
river,63,122.06827305087356
river,64,124.02601270844966
river,65,122.08333537431932
river,66,119.22284091819225
river,67,118.77786279428429
river,68,124.57465300521903
river,69,120.77394840602997
river,70,115.1903956508283
river,71,121.88156461028039
river,72,120.81828720587819
river,73,119.3553131681623
river,74,117.05616548147295
river,75,118.06383811888853
river,76,117.93885523826542
river,77,119.60169258163711
river,78,120.23476597898937
river,79,121.51862214208626
river,80,117.28710392987658
river,81,119.52553096818548
river,82,116.98027177556614
river,83,115.4521074147502
river,84,119.54506271436873
river,85,123.6401192263973
river,86,120.53723400598213
river,87,122.94668565052189
river,88,124.54093345288781
river,89,119.4637502157061
river,90,119.09462583230386
river,91,117.25982131545211
river,92,119.74952086114061
river,93,119.06309040931369
river,94,121.98013220064266
river,95,124.2133312638557
river,96,119.15527947790348
river,97,124.53165618216173
river,98,117.71376698844695
river,99,123.55424570070959
river,100,120.51726099295905
river,101,117.4581908472749
river,102,117.9223518550398
river,103,124.07335641949564
river,104,122.69538998198821
river,105,119.82813101470475
river,106,114.20693291000525
river,107,121.64605944401035
river,108,120.87681145945766
river,109,124.16613353015573
river,110,117.04748115141001
river,111,117.04766773585169
river,112,119.2920354906411
river,113,121.35755362171119
river,114,118.11374184469443
river,115,120.59750639125129
river,116,114.31934785768136
river,117,117.0152405141115
river,118,119.15663675961187
river,119,118.54895351943371
river,120,119.99021333388977
river,121,125.69961297092573
river,122,119.48224099127323
river,123,121.37486492215781
river,124,119.7771317932593
river,125,120.12217665609184
river,126,115.85072449788186
river,127,119.53339919062536
river,128,120.91073933495065
river,129,119.19501327923938
river,130,120.09248522673943
river,131,117.62245134900408
river,132,123.50641636913713
river,133,118.44465180438249
river,134,120.54987070119572
river,135,118.20624362512555
river,136,121.27095111876207
river,137,118.54158376750792
river,138,124.41867635255366
river,139,121.62252573106652
river,140,118.90969081777911
river,141,118.37467069890715
river,142,118.00070666674831
river,143,118.61733339502459
river,144,119.59173991512412
river,145,120.21419496633274
river,146,117.73794639491821
river,147,118.54793171847453
river,148,122.5833590698493
river,149,118.53714142229717
river,150,119.49990744876666
river,151,119.18642426275714
river,152,122.76088306056178
river,153,116.48539610202782
river,154,118.86030770294613
river,155,122.35843011382867
river,156,117.73997926992261
river,157,117.30584594132971
river,158,113.52062521617599
river,159,117.83423673709046
river,160,119.64065304502543
river,161,120.22554836849311
river,162,118.34816935070572
river,163,118.74494255943071
river,164,118.42521939201076
river,165,117.5062218483454
river,166,118.83912648751244
river,167,123.98160233009136
river,168,119.04957276618013
river,169,115.1021902538331
river,170,126.95340570996589
river,171,117.28038917637645
river,172,119.93397831622765
river,173,117.56372819945841
river,174,116.64590987409298
river,175,120.51858011127521
river,176,115.3374127392997
river,177,117.37533356140885
river,178,115.5906997466251
river,179,122.79187535080702
river,180,119.81643936043267
river,181,123.34979018649679
river,182,120.43330007750797
river,183,118.4331370618059
river,184,117.85762689856195
river,185,125.66029140120524
river,186,120.29904024561525
river,187,115.53424128789607
river,188,119.36589495346841
river,189,121.94514713964311
river,190,122.1658051605957
river,191,119.48771991516179
river,192,122.00895211203012
river,193,121.79131183817493
river,194,120.3945818060632
river,195,119.90183778905397
river,196,121.75151892774412
river,197,117.3666994705204
river,198,115.42077180133697
river,199,119.86144464790118
river,200,116.76925415247064
river,201,121.98472202520601
river,202,117.04692206652942
river,203,120.79562834249296
river,204,118.15510336715924
river,205,115.16919429830428
river,206,118.17536132536645
river,207,117.05257614210555
river,208,115.47685216982191
river,209,119.84371866783019
river,210,120.5990773599013
river,211,117.35229850444391
river,212,118.9657704879595
river,213,112.84043581358647
river,214,117.13132992751201
river,215,118.51713894398641
river,216,119.12969612690927
river,217,120.46663750444104
river,218,116.68486005069695
river,219,120.29005742398043
river,220,118.64516498579245
river,221,121.82271916746346
river,222,118.9690713687858
river,223,122.00057088629386
river,224,120.20957813086395
river,225,118.68529923253726
river,226,119.8357707995124
river,227,117.1593060805064
river,228,124.40166175877035
river,229,116.65152034544197
river,230,119.43741188855832
river,231,119.50230669010935
river,232,121.90456989718825
river,233,119.49181343403998
river,234,120.00092690933353
river,235,117.26479348871861
river,236,117.3375066994979
river,237,119.72025560777146
river,238,118.98935801313644
river,239,117.80858932562468
river,240,121.6054492529045
river,241,119.88582517855623
river,242,117.21010571259593
river,243,121.08792780906658
river,244,117.17862013817484
river,245,117.06094872779708
river,246,119.24440868157731
river,247,114.1625276644889
river,248,118.19114968356878
river,249,118.84367977295472
river,250,116.18654982522405
river,251,121.73258769358539
river,252,119.24609835518385
river,253,118.03090276663588
river,254,120.22641221346598
river,255,124.72139153836446
river,256,120.33653107543397
river,257,118.26075685469044
river,258,118.90567783624284
river,259,119.03391097263413
river,260,125.74993610404302
river,261,122.67414346380512
river,262,119.5913593003306
river,263,120.3504089521102
river,264,119.21539823440077
river,265,117.75549040859872
river,266,118.00888718726551
river,267,117.50724733737259
river,268,120.45472311657615
river,269,119.65160059126528
river,270,118.10044787631281
river,271,120.77827556617777
river,272,118.22515382838206
river,273,120.9222253834319
river,274,118.89506872516775
river,275,116.09629097183162
river,276,119.27017209433505
river,277,120.16598897307243
river,278,117.78712866016055
river,279,117.94377334290884
river,280,117.16081068684427
river,281,119.57891086138486
river,282,121.3112525181741
river,283,112.77584568616501
river,284,123.27354304491085
river,285,124.3785320886555
river,286,116.80409139035089
river,287,117.50278401958512
river,288,122.99197983470232
river,289,113.75333972692465
river,290,119.13401081835488
river,291,119.99180660504703
river,292,121.91235447590618
river,293,116.0273732043682
river,294,118.9401639090313
river,295,114.82086657586994
river,296,118.14589471680345
river,297,115.82943169757382
river,298,118.5753061328479
river,299,120.73973061535814
river,300,117.03871551012928
river,301,123.93230037974503
river,302,117.40539184194145
river,303,120.4242767086589
river,304,119.37094347542812
river,305,116.9579916690104
river,306,123.29023817856466
river,307,117.4923113937856
river,308,128.43067694454774
river,309,121.34161604464904
river,310,119.1328101579532
river,311,119.27338869528057
river,312,116.64612323232436
river,313,118.96404826876325
river,314,120.9930170446692
river,315,114.77226714218085
river,316,122.60073357508598
river,317,117.81041480865657
river,318,119.60601647534894
river,319,122.05652185389116
river,320,119.18759739493791
river,321,124.56878220731373
river,322,120.44406237118106
river,323,122.46512378444395
river,324,118.48697232670666
river,325,119.87669060687254
river,326,114.98787088535778
river,327,120.29286574724247
river,328,119.08472261903941
river,329,114.82350323620855
river,330,117.80689024445086
river,331,116.7499917716626
river,332,117.3336527625295
river,333,119.44410887890278
river,334,119.82349486036046
river,335,118.36329998386215
river,336,119.98323858131985
river,337,118.97684532557349
river,338,119.17222110405292
river,339,118.95305734921158
river,340,117.97255109552303
river,341,122.76500731118855
river,342,117.56732908677267
river,343,118.49090252550809
river,344,122.38525695471394
river,345,121.02855018186125
river,346,121.9612023562237
river,347,118.18230798206409
river,348,120.94877155775552
river,349,118.6398543007259
river,350,123.74159479557834
river,351,122.8488566379621
river,352,115.57482586730163
river,353,120.70393160725263
river,354,117.90071649143027
river,355,119.95793083702418
river,356,116.42425001627628
river,357,119.47084818678815
river,358,119.4187408279509
river,359,116.63194946459137
river,360,120.378407468266
river,361,121.24760976569193
river,362,124.49387575040309
river,363,120.66962278319104
river,364,117.84264170434926
river,365,124.26905176867515
river,366,118.97751433554771
river,367,115.7477070552747
river,368,119.84751945879411
river,369,121.48945985852637
river,370,120.95590374314109
river,371,121.44747846779637
river,372,118.84828728726025
river,373,121.0283944847946
river,374,120.28100198529792
river,375,117.86673982866931
river,376,115.31891719037664
river,377,119.39843122561278
river,378,120.57630519220193
river,379,114.41193863368255
river,380,116.92678735423058
river,381,119.71807728396962
river,382,120.04767153449276
river,383,117.14636988003484
river,384,122.44724601443025
river,385,116.40541169741884
river,386,122.12328576614269
river,387,117.35242525953242
river,388,118.69192052162691
river,389,117.17372512794356
river,390,120.80532305426044
river,391,118.61842526280353
river,392,118.03884142410308
river,393,119.79390776011236
river,394,113.80586536271153
river,395,120.01700436395512
river,396,117.08940462929995
river,397,116.67891162891537
river,398,117.62264903264604
river,399,121.43546928565134
river,400,114.7268963599829
river,401,123.67759590022953
river,402,119.60997623987066
river,403,116.71054696152454
river,404,122.61372308767065
river,405,120.63667785907559
river,406,119.01239781245603
river,407,121.5783235499724
river,408,125.35481060994091
river,409,120.2219678230835
river,410,117.90791431961782
river,411,115.30048111421235
river,412,121.46701984368174
river,413,117.1307513213544
river,414,118.08399536787424
river,415,116.0899815568301
river,416,119.39606623686294
river,417,114.38507235614762
river,418,117.47026837726186
river,419,120.91363424937455
river,420,117.11312506700753
river,421,117.80224425397603
river,422,116.55601480011215
river,423,124.23950703281676
river,424,114.9603647666608
river,425,117.83479702208872
river,426,121.58513855241928
river,427,123.3549421634399
river,428,119.27171026994812
river,429,119.18997904520717
river,430,116.11162541079084
river,431,120.59969737767932
river,432,120.30107395799925
river,433,117.3991405026255
river,434,116.69989985132214
river,435,123.34909105077953
river,436,121.01346837727964
river,437,119.7771705519951
river,438,118.53603790233535
river,439,117.71543386147552
river,440,112.01014689614885
river,441,122.09740562317297
river,442,119.82533629895175
river,443,114.20505370066445
river,444,121.39568706400092
river,445,118.99245129276837
river,446,121.45854654449049
river,447,118.92707743696147
river,448,117.38133766547905
river,449,120.91064829944796
river,450,119.239432646978
river,451,122.8195119353789
river,452,118.32160143246455
river,453,121.61204992594963
river,454,118.97997120212626
river,455,117.88176922560119
river,456,120.58620731469631
river,457,119.09956124958838
river,458,116.24247052332086
river,459,109.73326909329433
river,460,119.76213590426738
river,461,122.22417119063202
river,462,122.25746830371413
river,463,119.27774357667569
river,464,117.71376153571771
river,465,119.90108298141683
river,466,112.67589309272374
river,467,120.22593689609901
river,468,119.6461072202491
river,469,122.00372980627286
river,470,118.9916258661549
river,471,118.19339523135335
river,472,118.70609101868108
river,473,118.7024325663211
river,474,121.24672362554854
river,475,119.59153457820916
river,476,121.96183960048043
river,477,119.96837419269465
river,478,122.09035154608468
river,479,118.66084050266412
river,480,121.21639741366388
river,481,116.61165593487726
river,482,123.29375237236128
river,483,120.84043193875775
river,484,118.39746331753176
river,485,123.46904232388714
river,486,125.7924447726776
river,487,125.10589347396429
river,488,117.31081840076212
river,489,121.80893032329594
river,490,122.05047532506768
river,491,120.53120735126357
river,492,122.60680519970231
river,493,121.39153858557383
river,494,117.60932780678448
river,495,117.2729787285441
river,496,117.23175519466923
river,497,117.80526942365542
river,498,120.31164316313705
river,499,122.533574788282
light,0,118.43294175061558
light,1,117.63010811157393
light,2,117.35525857064385
light,3,122.23778454997674
light,4,118.11533463678248
light,5,120.216636913704
light,6,119.37985698633409
light,7,121.31810877304157
light,8,116.84310787117336
light,9,119.2532981252111
light,10,116.9314050750991
light,11,116.95793593771324
light,12,115.36193299869957
light,13,115.50021161534809
light,14,117.85884961027713
light,15,119.60194103325085
light,16,119.78609417938644
light,17,114.9131368169017
light,18,118.51156227095727
light,19,118.65778289878293
light,20,115.88666308991269
light,21,117.01499614654848
light,22,114.27702310332366
light,23,118.34176999337278
light,24,119.5614388423367
light,25,116.68992369480836
light,26,118.34898337851469
light,27,120.75919716909576
light,28,116.06571922162294
light,29,116.91458828302981
light,30,116.4330448555391
light,31,120.83521446439482
light,32,117.99662508425368
light,33,116.06256025596362
light,34,119.60965475142582
light,35,119.15073464643744
light,36,114.9105177245012
light,37,114.65009751370077
light,38,117.95407134316082
light,39,115.96145043305309
light,40,118.45730903992282
light,41,115.94188318806124
light,42,119.33155591133004
light,43,120.99956935161431
light,44,115.4881595166167
light,45,120.91980612515655
light,46,118.94122259786893
light,47,117.7434565633551
light,48,115.9186440586568
light,49,116.82478826321197
light,50,119.4390450810921
light,51,115.30257342751109
light,52,116.72772824490335
light,53,119.5450583027595
light,54,116.4496116653679
light,55,123.07396595742316
light,56,118.60265859071946
light,57,115.54554019731775
light,58,119.46225469275511
light,59,118.9719467298332
light,60,119.32428836329136
light,61,114.93039023501711
light,62,123.28092750640312
light,63,119.71770907429868
light,64,114.60498448006608
light,65,117.7921255026907
light,66,119.43557020300999
light,67,115.87921415921963
light,68,117.26499889990951
light,69,118.15068922137617
light,70,117.71150876548869
light,71,119.84628023401471
light,72,123.49353822450915
light,73,120.04639749475297
light,74,117.80625014058133
light,75,117.25356848318889
light,76,119.59972228657578
light,77,115.52596095787126
light,78,117.51393982139678
light,79,118.08685862959807
light,80,118.06403709193101
light,81,114.53282003005182
light,82,114.53253207615597
light,83,112.75640478933873
light,84,123.28258558197882
light,85,121.09490573519055
light,86,117.91857409367599
light,87,120.0442622689265
light,88,117.99239386977493
light,89,115.94251899357502
light,90,119.24990058071761
light,91,119.69477910102022
light,92,118.40377179473329
light,93,115.89027637389395
light,94,116.41651499200596
light,95,118.62557200332692
light,96,120.85592201012727
light,97,116.8024189920857
light,98,115.17085122551447
light,99,117.7630612110855
light,100,115.99645250351949
light,101,117.44299444880426
light,102,118.30175155735765
light,103,117.73594365127333
light,104,117.6416930185597
light,105,117.53820777590917
light,106,115.14513248635538
light,107,115.50167515134162
light,108,112.41949541126151
light,109,119.75730909904871
light,110,118.06295866248145
light,111,113.60997362532275
light,112,119.09301451515309
light,113,115.26393754770852
light,114,122.7284730756243
light,115,116.44343805415829
light,116,118.25897113112185
light,117,117.01298098988072
light,118,118.88359901879002
light,119,121.18648596162458
light,120,120.23008514233686
light,121,119.39725793745386
light,122,117.74901158638687
light,123,119.64730587118618
light,124,117.8418886622968
light,125,120.2983677593092
light,126,116.42287527055299
light,127,117.93403979299393
light,128,114.79616163843926
light,129,119.8035673824759
light,130,118.51522673828487
light,131,120.17505951804384
light,132,118.86234235079614
light,133,118.8677711043983
light,134,116.43275918179741
light,135,114.58700833779622
light,136,120.10897750491473
light,137,116.82651471711473
light,138,120.84068201161242
light,139,115.56950292639401
light,140,115.8062024907514
light,141,117.88408517451019
light,142,117.49000789236206
light,143,125.51144057568354
light,144,118.24841954369063
light,145,117.99298245777838
light,146,119.56768019079875
light,147,118.90295072633327
light,148,115.86973859153176
light,149,118.75040210356602
light,150,118.73419277699423
light,151,119.0914960182783
light,152,120.63113831543401
light,153,118.6536690016838
light,154,114.96074496894573
light,155,118.88522638367208
light,156,120.95758357855335
light,157,121.12630927242701
light,158,120.46384572166835
light,159,120.06061499185623
light,160,112.2022811187929
light,161,122.34861723514929
light,162,114.71471226949839
light,163,121.42705862914408
light,164,114.57686055019367
light,165,116.75414501766997
light,166,119.93960370160568
light,167,119.2989957739021
light,168,124.25060962807939
light,169,114.2406041833459
light,170,118.59792501299953
light,171,117.78427572643501
light,172,119.7258601465611
light,173,124.64597846568088
light,174,116.20117477062915
light,175,121.88623358868537
light,176,116.79229068295587
light,177,116.34214012068946
light,178,119.21537031917654
light,179,117.68261967349198
light,180,117.14146430414354
light,181,118.82743920550215
light,182,120.22416045959218
light,183,117.6420238838261
light,184,119.82013174971178
light,185,115.14875176454034
light,186,115.79194534915125
light,187,113.13182984309866
light,188,115.47761229595285
light,189,119.30944893606951
light,190,119.31214782058521
light,191,119.73726592440524
light,192,117.39273876712666
light,193,121.92978169610187
light,194,116.59086964364822
light,195,116.47979316650282
light,196,118.77098863302335
light,197,118.31573850114212
light,198,121.42479389953628
light,199,118.45961449981446
light,200,119.80380048644008
light,201,116.57415666473834
light,202,120.8300692398694
light,203,115.14521045419086
light,204,116.87197872721151
light,205,119.13751396282552
light,206,116.2600456215768
light,207,119.14595602317628
light,208,115.06292187409204
light,209,121.03710671550441
light,210,121.08659824643
light,211,115.46435695031114
light,212,120.85415941396367
light,213,117.5654058672546
light,214,118.87707607429594
light,215,119.24406909197083
light,216,117.6741426715406
light,217,121.57300927687955
light,218,113.62446255949668
light,219,117.68712271206094
light,220,117.40762298289795
light,221,116.41058850571491
light,222,115.2817967974655
light,223,113.96130433064158
light,224,117.0581475004393
light,225,120.30581712806581
light,226,116.58497068109344
light,227,118.76152972997558
light,228,116.52095394199216
light,229,116.77022588701642
light,230,116.68157129563784
light,231,119.43598933766162
light,232,114.03315066099407
light,233,117.9405509099283
light,234,116.55705078139609
light,235,118.04474717677833
light,236,119.1898711054371
light,237,120.26744278143673
light,238,118.26274699982598
light,239,117.1661149085241
light,240,119.44346173503232
light,241,115.74548696490629
light,242,121.46593375766219
light,243,118.6020400114543
light,244,118.3151145135555
light,245,117.307233093136
light,246,118.44411814856144
light,247,115.05613492481832
light,248,114.56967723078115
light,249,117.01057183179826
light,250,115.65560086763644
light,251,128.4568965803064
light,252,115.24925556325599
light,253,115.9932845140362
light,254,118.22111641559177
light,255,123.24002970594007
light,256,116.99635356675837
light,257,120.00735633132255
light,258,115.20421154285197
light,259,118.52555504330215
light,260,117.89931411808159
light,261,116.12792721725465
light,262,120.33929810742087
light,263,115.37474177542293
light,264,119.7828993108395
light,265,119.19874668971129
light,266,113.13176068201305
light,267,114.26819986735669
light,268,114.70892828271906
light,269,116.91058504923359
light,270,116.82740203853241
light,271,119.16352331433409
light,272,117.14262661908792
light,273,118.1790104047708
light,274,119.81213633693379
light,275,118.82124359076364
light,276,117.63648161323717
light,277,115.29940906761256
light,278,114.17421110808061
light,279,115.94176202074142
light,280,118.1522942317919
light,281,120.6275673040069
light,282,116.24109317625681
light,283,115.32531312663805
light,284,117.46542341907823
light,285,118.08651598209575
light,286,118.38169930272129
light,287,117.86931423681433
light,288,119.0758202313398
light,289,123.45270273941024
light,290,119.22385186353601
light,291,120.00372915729578
light,292,116.22745013465814
light,293,117.68280184646032
light,294,120.13334933694968
light,295,116.9869706554613
light,296,116.39427681078503
light,297,116.32376311789999
light,298,118.40397945927259
light,299,117.43564037509518
light,300,119.68659936738841
light,301,119.37597177324434
light,302,119.63878770083834
light,303,118.50669501248585
light,304,116.33281477005394
light,305,118.89926198914745
light,306,118.31085439263838
light,307,115.9222523940443
light,308,120.74708934095739
light,309,116.9388573533066
light,310,120.85487909474307
light,311,120.27863730913029
light,312,118.9371401344579
light,313,118.7288321967556
light,314,118.72375691321861
light,315,115.24739937041227
light,316,121.27574669657209
light,317,118.90942790893375
light,318,123.13044937229898
light,319,118.60296463600173
light,320,117.28753484073131
light,321,121.43906465398385
light,322,115.96783988167938
light,323,118.38073731482177
light,324,117.85719788397222
light,325,117.45252694626002
light,326,117.95917094655867
light,327,116.98023023866988
light,328,117.46107332322258
light,329,118.76801800597198
light,330,114.0308998417083
light,331,116.41515350098291
light,332,123.15245531269778
light,333,115.79585381764235
light,334,118.1703695107057
light,335,117.80000920882993
light,336,118.79497263758323
light,337,118.61887684486112
light,338,118.8265179019906
light,339,118.60734661131038
light,340,116.35908113943469
light,341,117.28588299737817
light,342,118.09983234997077
light,343,117.028675004774
light,344,120.64979749334803
light,345,118.94074526522573
light,346,117.1002550699926
light,347,116.53803270896002
light,348,114.62032985772068
light,349,118.48505637045095
light,350,116.10398940927884
light,351,118.4278450905415
light,352,116.0120017424448
light,353,121.55923605384373
light,354,123.27626202929206
light,355,117.71866699175264
light,356,117.28478740688217
light,357,116.22080816567617
light,358,117.46865175886623
light,359,115.41115781999962
light,360,114.13904317790376
light,361,118.0127371744781
light,362,114.64063829327267
light,363,115.74871963714895
light,364,118.4359972723245
light,365,118.06725232847961
light,366,116.9489498368469
light,367,117.14153178409137
light,368,118.16905753836228
light,369,119.09943657078641
light,370,117.58865396432381
light,371,118.25724340351623
light,372,118.41661696660223
light,373,119.66069882151412
light,374,118.40100727108533
light,375,117.65407929097145
light,376,117.34598855263754
light,377,119.02999339567484
light,378,122.275578880002
light,379,118.24294928789121
light,380,118.17473316713627
light,381,117.63525433927369
light,382,116.46783084020463
light,383,118.15931195829499
light,384,117.56416842810175
light,385,117.18731853533501
light,386,118.29760565098701
light,387,124.74600181621607
light,388,123.46929672755141
light,389,115.85081440460436
light,390,116.03308827947399
light,391,122.309704472145
light,392,118.25053856004035
light,393,115.50380871769916
light,394,117.48574295944229
light,395,118.49688795534317
light,396,117.55315992237905
light,397,117.82217855009469
light,398,119.6527958873008
light,399,118.140995567656
light,400,117.69387913452232
light,401,115.90570355501922
light,402,114.4007245291631
light,403,121.38728942072309
light,404,119.6625520589884
light,405,118.55955952964369
light,406,119.8271401603552
light,407,116.2523148026515
light,408,116.00327528661771
light,409,118.62325600607608
light,410,118.45178750813308
light,411,116.51071248025579
light,412,119.84015405940787
light,413,120.499673373611
light,414,116.86099066553052
light,415,121.83768222636624
light,416,118.84505348477845
light,417,113.8192950293003
light,418,118.11816702089197
light,419,114.23531810602316
light,420,117.02061343031944
light,421,115.7415299993845
light,422,119.97913171115204
light,423,115.06041932224389
light,424,119.52209016709021
light,425,118.16866184259234
light,426,118.27971849081587
light,427,117.20053705479536
light,428,120.2295662094548
light,429,115.1650264915814
light,430,120.03650710025227
light,431,114.99771455863208
light,432,120.42836199739735
light,433,115.19901958034538
light,434,116.92703619561868
light,435,118.65694615720837
light,436,124.00655278078297
light,437,117.71012531332985
light,438,119.34921092352579
light,439,116.0093258058358
light,440,119.99666153130737
light,441,119.01756255537606
light,442,117.51981418094411
light,443,115.46142491359615
light,444,118.79423531818955
light,445,116.399498886172
light,446,116.99829603603777
light,447,115.10237969240775
light,448,116.7107615517708
light,449,118.9598682833662
light,450,119.69025531239832
light,451,118.20189181065514
light,452,121.17831831684673
light,453,119.67910504896435
light,454,120.50741739247724
light,455,121.29498137454
light,456,116.97936097142936
light,457,116.12994274869007
light,458,117.48251874441078
light,459,117.2950952819908
light,460,122.39624613414415
light,461,116.47403448262995
light,462,126.51367738388531
light,463,112.96308371199699
light,464,117.85507066190274
light,465,122.46467058512825
light,466,119.24370557800583
light,467,122.26020831519998
light,468,116.97369708280114
light,469,119.32791614615834
light,470,132.82075356911284
light,471,111.11397014820747
light,472,117.1548836324535
light,473,120.36177025410042
light,474,114.81169966616724
light,475,116.59888226481137
light,476,117.43644200188564
light,477,119.40524659593844
light,478,120.29472532690548
light,479,114.86296147477486
light,480,118.95017915907853
light,481,119.50223181785238
light,482,116.25389112209548
light,483,118.75548285276435
light,484,116.87757771558773
light,485,121.22900487561523
light,486,117.08367134212682
light,487,118.52699606928661
light,488,122.28509314921818
light,489,114.94931630024364
light,490,118.96648246793863
light,491,119.01975080872569
light,492,118.82167736860112
light,493,117.95653806401066
light,494,114.21569749857726
light,495,116.94808695377574
light,496,116.97420858379412
light,497,116.37772423701426
light,498,116.69249579921693
light,499,120.900753014094
