Rating_ID,Response_ID,Idea_Index,Model,Condition
64598c86dbf2a3d1c29b,20260923T102212_92fcf899:0,0,meta-llama/Llama-3.3-70B-Instruct-Turbo,Standard
fe904630e40dac95d717,20260923T102212_92fcf899:0,1,meta-llama/Llama-3.3-70B-Instruct-Turbo,Standard
5085a56dbb4dc9197b3e,20260923T102212_92fcf899:0,2,meta-llama/Llama-3.3-70B-Instruct-Turbo,Standard
18478b3328b2e87185b7,20260923T102212_92fcf899:0,3,meta-llama/Llama-3.3-70B-Instruct-Turbo,Standard
26f40bf523219974bfc1,20260923T102212_92fcf899:0,4,meta-llama/Llama-3.3-70B-Instruct-Turbo,Standard
0d412f85bfb74fdf41ea,20260923T102212_92fcf899:0,5,meta-llama/Llama-3.3-70B-Instruct-Turbo,Standard
f9216cacf27980b8a9a9,20260923T102212_92fcf899:0,6,meta-llama/Llama-3.3-70B-Instruct-Turbo,Standard
21b5a4103638b68a1131,20260923T102212_92fcf899:0,7,meta-llama/Llama-3.3-70B-Instruct-Turbo,Standard
828f536462a27d482362,20260923T102212_92fcf899:0,8,meta-llama/Llama-3.3-70B-Instruct-Turbo,Standard
3af84f95fd98e045c4e0,20260923T102212_92fcf899:0,9,meta-llama/Llama-3.3-70B-Instruct-Turbo,Standard
c441bf23c594273291c3,20260923T102212_92fcf899:1,0,meta-llama/Llama-3.3-70B-Instruct-Turbo,Conventional
926657e0a83289360297,20260923T102212_92fcf899:1,1,meta-llama/Llama-3.3-70B-Instruct-Turbo,Conventional
90626b54fd6977a9e0c1,20260923T102212_92fcf899:1,2,meta-llama/Llama-3.3-70B-Instruct-Turbo,Conventional
4bc3ca90d9d1e9729cdd,20260923T102212_92fcf899:1,3,meta-llama/Llama-3.3-70B-Instruct-Turbo,Conventional
1ab0330ba49f3acd6a0d,20260923T102212_92fcf899:1,4,meta-llama/Llama-3.3-70B-Instruct-Turbo,Conventional
42032bbf16b174bc3d30,20260923T102212_92fcf899:1,5,meta-llama/Llama-3.3-70B-Instruct-Turbo,Conventional
66dc4f706ad3d1e070e5,20260923T102212_92fcf899:1,6,meta-llama/Llama-3.3-70B-Instruct-Turbo,Conventional
49d2380b12c744cba449,20260923T102212_92fcf899:1,7,meta-llama/Llama-3.3-70B-Instruct-Turbo,Conventional
cc6f6f381d4da7141160,20260923T102212_92fcf899:1,8,meta-llama/Llama-3.3-70B-Instruct-Turbo,Conventional
c4224e34b5a796d8252f,20260923T102212_92fcf899:1,9,meta-llama/Llama-3.3-70B-Instruct-Turbo,Conventional
dc6c225a149e5542b9f1,20260923T102212_92fcf899:2,0,meta-llama/Llama-3.3-70B-Instruct-Turbo,Effective
5928099db5fa72006c93,20260923T102212_92fcf899:2,1,meta-llama/Llama-3.3-70B-Instruct-Turbo,Effective
cb44fd98be248acb4ebd,20260923T102212_92fcf899:2,2,meta-llama/Llama-3.3-70B-Instruct-Turbo,Effective
438c05c5d75812aea76a,20260923T102212_92fcf899:2,3,meta-llama/Llama-3.3-70B-Instruct-Turbo,Effective
461ce2a9178960a3d175,20260923T102212_92fcf899:2,4,meta-llama/Llama-3.3-70B-Instruct-Turbo,Effective
5090a0f9194b68df4151,20260923T102212_92fcf899:2,5,meta-llama/Llama-3.3-70B-Instruct-Turbo,Effective
9de239427b3152549d9c,20260923T102212_92fcf899:2,6,meta-llama/Llama-3.3-70B-Instruct-Turbo,Effective
4cd6be4d30a2ba55ec90,20260923T102212_92fcf899:2,7,meta-llama/Llama-3.3-70B-Instruct-Turbo,Effective
f87447a57935ed160253,20260923T102212_92fcf899:2,8,meta-llama/Llama-3.3-70B-Instruct-Turbo,Effective
51f0e5a1e235244c24f2,20260923T102212_92fcf899:2,9,meta-llama/Llama-3.3-70B-Instruct-Turbo,Effective
9b628ec8fd2acdbce4b8,20260923T102212_92fcf899:3,0,meta-llama/Llama-3.3-70B-Instruct-Turbo,Boring
ac505d0c1b23f914188c,20260923T102212_92fcf899:3,1,meta-llama/Llama-3.3-70B-Instruct-Turbo,Boring
c7fa7e8e568f6a5aa3c5,20260923T102212_92fcf899:3,2,meta-llama/Llama-3.3-70B-Instruct-Turbo,Boring
a3b0fd18dd8fdeec6842,20260923T102212_92fcf899:3,3,meta-llama/Llama-3.3-70B-Instruct-Turbo,Boring
07b2d7b1818bb91874a4,20260923T102212_92fcf899:3,4,meta-llama/Llama-3.3-70B-Instruct-Turbo,Boring
38cbaab5ed210c28e709,20260923T102212_92fcf899:3,5,meta-llama/Llama-3.3-70B-Instruct-Turbo,Boring
9aaf6ac373aec69d5da9,20260923T102212_92fcf899:3,6,meta-llama/Llama-3.3-70B-Instruct-Turbo,Boring
71ab059cd39d18c9e106,20260923T102212_92fcf899:3,7,meta-llama/Llama-3.3-70B-Instruct-Turbo,Boring
3fe2bdbe3d8e83bc4166,20260923T102212_92fcf899:3,8,meta-llama/Llama-3.3-70B-Instruct-Turbo,Boring
2103ae0ded95bfcaf34b,20260923T102212_92fcf899:3,9,meta-llama/Llama-3.3-70B-Instruct-Turbo,Boring
f8eea5c58c2278b9dd9e,20260923T102212_92fcf899:4,0,meta-llama/Llama-3.3-70B-Instruct-Turbo,Creative
081cb661ab8222a78c2e,20260923T102212_92fcf899:4,1,meta-llama/Llama-3.3-70B-Instruct-Turbo,Creative
45f1072d188f1da340e7,20260923T102212_92fcf899:4,2,meta-llama/Llama-3.3-70B-Instruct-Turbo,Creative
983c55692d39d16114b8,20260923T102212_92fcf899:4,3,meta-llama/Llama-3.3-70B-Instruct-Turbo,Creative
45ea12d04c6ae69b4c90,20260923T102212_92fcf899:4,4,meta-llama/Llama-3.3-70B-Instruct-Turbo,Creative
515ce6c5bacd7e9954cf,20260923T102212_92fcf899:4,5,meta-llama/Llama-3.3-70B-Instruct-Turbo,Creative
b2122cdb76bb00b35ed8,20260923T102212_92fcf899:4,6,meta-llama/Llama-3.3-70B-Instruct-Turbo,Creative
b5c3dd092977a4e7f549,20260923T102212_92fcf899:4,7,meta-llama/Llama-3.3-70B-Instruct-Turbo,Creative
847969678d447e7a0a03,20260923T102212_92fcf899:4,8,meta-llama/Llama-3.3-70B-Instruct-Turbo,Creative
7d81bc5b5d5b3b3d4a6c,20260923T102212_92fcf899:4,9,meta-llama/Llama-3.3-70B-Instruct-Turbo,Creative
2d56398421922c20ca5a,20260923T102212_92fcf899:5,0,meta-llama/Llama-3.3-70B-Instruct-Turbo,Standard
6ab22038cde8a156fc7d,20260923T102212_92fcf899:5,1,meta-llama/Llama-3.3-70B-Instruct-Turbo,Standard
78ea8fc808856ccc0c22,20260923T102212_92fcf899:5,2,meta-llama/Llama-3.3-70B-Instruct-Turbo,Standard
3c85bb5fae78b0b42277,20260923T102212_92fcf899:5,3,meta-llama/Llama-3.3-70B-Instruct-Turbo,Standard
e4d1e77f58f75e95e8cf,20260923T102212_92fcf899:5,4,meta-llama/Llama-3.3-70B-Instruct-Turbo,Standard
ef1dbc4af46ef151ec20,20260923T102212_92fcf899:5,5,meta-llama/Llama-3.3-70B-Instruct-Turbo,Standard
35807c544010e08032b8,20260923T102212_92fcf899:5,6,meta-llama/Llama-3.3-70B-Instruct-Turbo,Standard
f406ce904a6f64530ccc,20260923T102212_92fcf899:5,7,meta-llama/Llama-3.3-70B-Instruct-Turbo,Standard
e5110f917fac7114310f,20260923T102212_92fcf899:5,8,meta-llama/Llama-3.3-70B-Instruct-Turbo,Standard
d76162a6b83916236b99,20260923T102212_92fcf899:5,9,meta-llama/Llama-3.3-70B-Instruct-Turbo,Standard
7c6902a1dbffc997a490,20260923T102212_92fcf899:6,0,meta-llama/Llama-3.3-70B-Instruct-Turbo,Conventional
4574d6dca8c2c6611ee4,20260923T102212_92fcf899:6,1,meta-llama/Llama-3.3-70B-Instruct-Turbo,Conventional
096c7dacf670c0d585d1,20260923T102212_92fcf899:6,2,meta-llama/Llama-3.3-70B-Instruct-Turbo,Conventional
26d02c1e8c668f79a818,20260923T102212_92fcf899:6,3,meta-llama/Llama-3.3-70B-Instruct-Turbo,Conventional
ef5c1012c7e07aa9dbf5,20260923T102212_92fcf899:6,4,meta-llama/Llama-3.3-70B-Instruct-Turbo,Conventional
0d85108ca2084419b126,20260923T102212_92fcf899:6,5,meta-llama/Llama-3.3-70B-Instruct-Turbo,Conventional
46aecfe82433bcfdb538,20260923T102212_92fcf899:6,6,meta-llama/Llama-3.3-70B-Instruct-Turbo,Conventional
cd0ae60ae4b371d2bbfa,20260923T102212_92fcf899:6,7,meta-llama/Llama-3.3-70B-Instruct-Turbo,Conventional
92fcc3f6dd0eab12543b,20260923T102212_92fcf899:6,8,meta-llama/Llama-3.3-70B-Instruct-Turbo,Conventional
5d81a7092dc0cb4b5d1e,20260923T102212_92fcf899:6,9,meta-llama/Llama-3.3-70B-Instruct-Turbo,Conventional
500724712ca383c6ad03,20260923T102212_92fcf899:7,0,meta-llama/Llama-3.3-70B-Instruct-Turbo,Effective
a587b417f35be9e16322,20260923T102212_92fcf899:7,1,meta-llama/Llama-3.3-70B-Instruct-Turbo,Effective
b68f2b8f117d045d01fb,20260923T102212_92fcf899:7,2,meta-llama/Llama-3.3-70B-Instruct-Turbo,Effective
c74a8ad5da4832285f4b,20260923T102212_92fcf899:7,3,meta-llama/Llama-3.3-70B-Instruct-Turbo,Effective
403d2ce4615f8d76ca15,20260923T102212_92fcf899:7,4,meta-llama/Llama-3.3-70B-Instruct-Turbo,Effective
dba96e16a95efecf5eb6,20260923T102212_92fcf899:7,5,meta-llama/Llama-3.3-70B-Instruct-Turbo,Effective
76c27cd26498e931b271,20260923T102212_92fcf899:7,6,meta-llama/Llama-3.3-70B-Instruct-Turbo,Effective
e92cc7ad5caf560f98d7,20260923T102212_92fcf899:7,7,meta-llama/Llama-3.3-70B-Instruct-Turbo,Effective
16fe7c3d0c66ed7f23a9,20260923T102212_92fcf899:7,8,meta-llama/Llama-3.3-70B-Instruct-Turbo,Effective
167e95b915fb40ad84df,20260923T102212_92fcf899:7,9,meta-llama/Llama-3.3-70B-Instruct-Turbo,Effective
114565d5a2af0620903f,20260923T102212_92fcf899:8,0,meta-llama/Llama-3.3-70B-Instruct-Turbo,Boring
34472094c59862d43952,20260923T102212_92fcf899:8,1,meta-llama/Llama-3.3-70B-Instruct-Turbo,Boring
e9b5423dcf44e48a1910,20260923T102212_92fcf899:8,2,meta-llama/Llama-3.3-70B-Instruct-Turbo,Boring
9bf4a6c87f92f54f258e,20260923T102212_92fcf899:8,3,meta-llama/Llama-3.3-70B-Instruct-Turbo,Boring
f1650d9c8565eeb1278d,20260923T102212_92fcf899:8,4,meta-llama/Llama-3.3-70B-Instruct-Turbo,Boring
0d5314310a44a3360d9b,20260923T102212_92fcf899:8,5,meta-llama/Llama-3.3-70B-Instruct-Turbo,Boring
f5678ec20d2b812bf9c4,20260923T102212_92fcf899:8,6,meta-llama/Llama-3.3-70B-Instruct-Turbo,Boring
814edf6b96a70b3ee004,20260923T102212_92fcf899:8,7,meta-llama/Llama-3.3-70B-Instruct-Turbo,Boring
9a447303ed770671803c,20260923T102212_92fcf899:8,8,meta-llama/Llama-3.3-70B-Instruct-Turbo,Boring
fd91c39b19f6491d6a4b,20260923T102212_92fcf899:8,9,meta-llama/Llama-3.3-70B-Instruct-Turbo,Boring
1edbda7d26e14142bbc0,20260923T102212_92fcf899:9,0,meta-llama/Llama-3.3-70B-Instruct-Turbo,Creative
962bf150f3d076621f96,20260923T102212_92fcf899:9,1,meta-llama/Llama-3.3-70B-Instruct-Turbo,Creative
0117bb6aa20a12d126d7,20260923T102212_92fcf899:9,2,meta-llama/Llama-3.3-70B-Instruct-Turbo,Creative
7ae655a828bd5e4964b7,20260923T102212_92fcf899:9,3,meta-llama/Llama-3.3-70B-Instruct-Turbo,Creative
d6d1ceb83755763eb329,20260923T102212_92fcf899:9,4,meta-llama/Llama-3.3-70B-Instruct-Turbo,Creative
a925676e563350402d13,20260923T102212_92fcf899:9,5,meta-llama/Llama-3.3-70B-Instruct-Turbo,Creative
2da693ff969a16b527d9,20260923T102212_92fcf899:9,6,meta-llama/Llama-3.3-70B-Instruct-Turbo,Creative
29fef2788b292bcf8301,20260923T102212_92fcf899:9,7,meta-llama/Llama-3.3-70B-Instruct-Turbo,Creative
f58520c22cd4f1c0907e,20260923T102212_92fcf899:9,8,meta-llama/Llama-3.3-70B-Instruct-Turbo,Creative
c8b00b4c3b5ff20cf754,20260923T102212_92fcf899:9,9,meta-llama/Llama-3.3-70B-Instruct-Turbo,Creative
5212f1789a5397df3eb0,20260923T102212_92fcf899:10,0,meta-llama/Llama-3.3-70B-Instruct-Turbo,Standard
f8e66a78430c152c6b15,20260923T102212_92fcf899:10,1,meta-llama/Llama-3.3-70B-Instruct-Turbo,Standard
f1333da02e34696d4dc1,20260923T102212_92fcf899:10,2,meta-llama/Llama-3.3-70B-Instruct-Turbo,Standard
8228700290ff49692177,20260923T102212_92fcf899:10,3,meta-llama/Llama-3.3-70B-Instruct-Turbo,Standard
ff679b5f2e6e4b8c6485,20260923T102212_92fcf899:10,4,meta-llama/Llama-3.3-70B-Instruct-Turbo,Standard
b73997f37fcc35a9500d,20260923T102212_92fcf899:10,5,meta-llama/Llama-3.3-70B-Instruct-Turbo,Standard
4fdd95187efd1b00dab1,20260923T102212_92fcf899:10,6,meta-llama/Llama-3.3-70B-Instruct-Turbo,Standard
8a4a32534caf8b9102b8,20260923T102212_92fcf899:10,7,meta-llama/Llama-3.3-70B-Instruct-Turbo,Standard
3b707798e60931b378a5,20260923T102212_92fcf899:10,8,meta-llama/Llama-3.3-70B-Instruct-Turbo,Standard
c6e333edd13c9ba58595,20260923T102212_92fcf899:10,9,meta-llama/Llama-3.3-70B-Instruct-Turbo,Standard
0d94defdb7a2c7c9b7d7,20260923T102212_92fcf899:11,0,meta-llama/Llama-3.3-70B-Instruct-Turbo,Conventional
9665a6e92f6be996b9c1,20260923T102212_92fcf899:11,1,meta-llama/Llama-3.3-70B-Instruct-Turbo,Conventional
85b7c8904bf56575d472,20260923T102212_92fcf899:11,2,meta-llama/Llama-3.3-70B-Instruct-Turbo,Conventional
bdda27685b846aab43a2,20260923T102212_92fcf899:11,3,meta-llama/Llama-3.3-70B-Instruct-Turbo,Conventional
26a782d7f29fd8033a77,20260923T102212_92fcf899:11,4,meta-llama/Llama-3.3-70B-Instruct-Turbo,Conventional
e33a75ad5dd91365c2b4,20260923T102212_92fcf899:11,5,meta-llama/Llama-3.3-70B-Instruct-Turbo,Conventional
57148959c40c052d129c,20260923T102212_92fcf899:11,6,meta-llama/Llama-3.3-70B-Instruct-Turbo,Conventional
f2458fdb81d5d98dc9c8,20260923T102212_92fcf899:11,7,meta-llama/Llama-3.3-70B-Instruct-Turbo,Conventional
6d24033da46d01bdbfb4,20260923T102212_92fcf899:11,8,meta-llama/Llama-3.3-70B-Instruct-Turbo,Conventional
db9e174fc9ca985e20ca,20260923T102212_92fcf899:11,9,meta-llama/Llama-3.3-70B-Instruct-Turbo,Conventional
1cc83c1b30621ee35d19,20260923T102212_92fcf899:12,0,meta-llama/Llama-3.3-70B-Instruct-Turbo,Effective
9852315913f39d067d72,20260923T102212_92fcf899:12,1,meta-llama/Llama-3.3-70B-Instruct-Turbo,Effective
38baac9c2e8df461c4da,20260923T102212_92fcf899:12,2,meta-llama/Llama-3.3-70B-Instruct-Turbo,Effective
a4bb6382f0c95e9d0a9b,20260923T102212_92fcf899:12,3,meta-llama/Llama-3.3-70B-Instruct-Turbo,Effective
98057346342332d84d4d,20260923T102212_92fcf899:12,4,meta-llama/Llama-3.3-70B-Instruct-Turbo,Effective
a891d529e4a18deb9139,20260923T102212_92fcf899:12,5,meta-llama/Llama-3.3-70B-Instruct-Turbo,Effective
4f474ff3ee6ae41fcad6,20260923T102212_92fcf899:12,6,meta-llama/Llama-3.3-70B-Instruct-Turbo,Effective
61942eca5368ff1abb74,20260923T102212_92fcf899:12,7,meta-llama/Llama-3.3-70B-Instruct-Turbo,Effective
63d70ded219a631591f5,20260923T102212_92fcf899:12,8,meta-llama/Llama-3.3-70B-Instruct-Turbo,Effective
24a27da09c76b597fb80,20260923T102212_92fcf899:12,9,meta-llama/Llama-3.3-70B-Instruct-Turbo,Effective
0f4941d6250a30b33565,20260923T102212_92fcf899:13,0,meta-llama/Llama-3.3-70B-Instruct-Turbo,Boring
4a472ec99b5488c54b4f,20260923T102212_92fcf899:13,1,meta-llama/Llama-3.3-70B-Instruct-Turbo,Boring
f4cca79f2491a28400e4,20260923T102212_92fcf899:13,2,meta-llama/Llama-3.3-70B-Instruct-Turbo,Boring
17d630aa4335cfc65a21,20260923T102212_92fcf899:13,3,meta-llama/Llama-3.3-70B-Instruct-Turbo,Boring
50c6e524716ee63f592e,20260923T102212_92fcf899:13,4,meta-llama/Llama-3.3-70B-Instruct-Turbo,Boring
7c436457a36b73749cf7,20260923T102212_92fcf899:13,5,meta-llama/Llama-3.3-70B-Instruct-Turbo,Boring
fc66f47b54dd8d7ea901,20260923T102212_92fcf899:13,6,meta-llama/Llama-3.3-70B-Instruct-Turbo,Boring
5753d7934bfd40f72bda,20260923T102212_92fcf899:13,7,meta-llama/Llama-3.3-70B-Instruct-Turbo,Boring
b70aea9b8ca86a449a58,20260923T102212_92fcf899:13,8,meta-llama/Llama-3.3-70B-Instruct-Turbo,Boring
98b0421fe9afeafdb852,20260923T102212_92fcf899:13,9,meta-llama/Llama-3.3-70B-Instruct-Turbo,Boring
c81c4d23b679d32b3c17,20260923T102212_92fcf899:14,0,meta-llama/Llama-3.3-70B-Instruct-Turbo,Creative
838ffbf8dc5f893e7a7e,20260923T102212_92fcf899:14,1,meta-llama/Llama-3.3-70B-Instruct-Turbo,Creative
d48f0f1370c744c5f657,20260923T102212_92fcf899:14,2,meta-llama/Llama-3.3-70B-Instruct-Turbo,Creative
3f4779974253577a15a1,20260923T102212_92fcf899:14,3,meta-llama/Llama-3.3-70B-Instruct-Turbo,Creative
9850643070488e25b01d,20260923T102212_92fcf899:14,4,meta-llama/Llama-3.3-70B-Instruct-Turbo,Creative
4890e05cb9f115b18f0f,20260923T102212_92fcf899:14,5,meta-llama/Llama-3.3-70B-Instruct-Turbo,Creative
664d15cc6ab8e8c86844,20260923T102212_92fcf899:14,6,meta-llama/Llama-3.3-70B-Instruct-Turbo,Creative
906bb5a0304ec0c068e1,20260923T102212_92fcf899:14,7,meta-llama/Llama-3.3-70B-Instruct-Turbo,Creative
f58c2736b03b74fef1d3,20260923T102212_92fcf899:14,8,meta-llama/Llama-3.3-70B-Instruct-Turbo,Creative
96c88968fafc965d9707,20260923T102212_92fcf899:14,9,meta-llama/Llama-3.3-70B-Instruct-Turbo,Creative
c63cd7efa0b92a387dd4,20260923T102212_92fcf899:15,0,meta-llama/Llama-3.3-70B-Instruct-Turbo,Standard
9da9e8c6a753e0b1344e,20260923T102212_92fcf899:15,1,meta-llama/Llama-3.3-70B-Instruct-Turbo,Standard
49599720000a5d7e09bb,20260923T102212_92fcf899:15,2,meta-llama/Llama-3.3-70B-Instruct-Turbo,Standard
af13c06ba2bbf3bb1fa8,20260923T102212_92fcf899:15,3,meta-llama/Llama-3.3-70B-Instruct-Turbo,Standard
97dae14634c67c5fba4c,20260923T102212_92fcf899:15,4,meta-llama/Llama-3.3-70B-Instruct-Turbo,Standard
a668e88cfc6aaef40123,20260923T102212_92fcf899:15,5,meta-llama/Llama-3.3-70B-Instruct-Turbo,Standard
d9b9fd55216164633089,20260923T102212_92fcf899:15,6,meta-llama/Llama-3.3-70B-Instruct-Turbo,Standard
1f95f8abdd39df14704c,20260923T102212_92fcf899:15,7,meta-llama/Llama-3.3-70B-Instruct-Turbo,Standard
4e3b92718c155abe79ec,20260923T102212_92fcf899:15,8,meta-llama/Llama-3.3-70B-Instruct-Turbo,Standard
77a2fb1d0596f2e39065,20260923T102212_92fcf899:15,9,meta-llama/Llama-3.3-70B-Instruct-Turbo,Standard
59fe0aaf68818af572b1,20260923T102212_92fcf899:16,0,meta-llama/Llama-3.3-70B-Instruct-Turbo,Conventional
f1c8979b3560cd8c1e0b,20260923T102212_92fcf899:16,1,meta-llama/Llama-3.3-70B-Instruct-Turbo,Conventional
9b60c7758f0bb9a2d5c6,20260923T102212_92fcf899:16,2,meta-llama/Llama-3.3-70B-Instruct-Turbo,Conventional
0b301087b82465514e33,20260923T102212_92fcf899:16,3,meta-llama/Llama-3.3-70B-Instruct-Turbo,Conventional
095dae4ee1de5dbbece3,20260923T102212_92fcf899:16,4,meta-llama/Llama-3.3-70B-Instruct-Turbo,Conventional
ba47dd0dfb74cd8d1c78,20260923T102212_92fcf899:16,5,meta-llama/Llama-3.3-70B-Instruct-Turbo,Conventional
5f82d12ba2d7fe0c75a4,20260923T102212_92fcf899:16,6,meta-llama/Llama-3.3-70B-Instruct-Turbo,Conventional
1f0b6ccb7f53beaedf9b,20260923T102212_92fcf899:16,7,meta-llama/Llama-3.3-70B-Instruct-Turbo,Conventional
59b9520a766638f9dbde,20260923T102212_92fcf899:16,8,meta-llama/Llama-3.3-70B-Instruct-Turbo,Conventional
0da29f146eb40322ccfb,20260923T102212_92fcf899:16,9,meta-llama/Llama-3.3-70B-Instruct-Turbo,Conventional
a5d214cb8fb289e19453,20260923T102212_92fcf899:17,0,meta-llama/Llama-3.3-70B-Instruct-Turbo,Effective
efe3ae7b50b92db52719,20260923T102212_92fcf899:17,1,meta-llama/Llama-3.3-70B-Instruct-Turbo,Effective
4c0fd326c2aefefa763b,20260923T102212_92fcf899:17,2,meta-llama/Llama-3.3-70B-Instruct-Turbo,Effective
a0896d4d4ae84183866d,20260923T102212_92fcf899:17,3,meta-llama/Llama-3.3-70B-Instruct-Turbo,Effective
ea563f2a86618e76a3d5,20260923T102212_92fcf899:17,4,meta-llama/Llama-3.3-70B-Instruct-Turbo,Effective
6bb01959e4bbc8b8f2f9,20260923T102212_92fcf899:17,5,meta-llama/Llama-3.3-70B-Instruct-Turbo,Effective
2f3065b990760faa5f38,20260923T102212_92fcf899:17,6,meta-llama/Llama-3.3-70B-Instruct-Turbo,Effective
590f3f8e3996d0bd70bc,20260923T102212_92fcf899:17,7,meta-llama/Llama-3.3-70B-Instruct-Turbo,Effective
c588ffe365cb8eb07f8e,20260923T102212_92fcf899:17,8,meta-llama/Llama-3.3-70B-Instruct-Turbo,Effective
227a016562d8b312de87,20260923T102212_92fcf899:17,9,meta-llama/Llama-3.3-70B-Instruct-Turbo,Effective
9ad4e1a98cc5f4e8e53f,20260923T102212_92fcf899:18,0,meta-llama/Llama-3.3-70B-Instruct-Turbo,Boring
edd92a3f79437949b5a9,20260923T102212_92fcf899:18,1,meta-llama/Llama-3.3-70B-Instruct-Turbo,Boring
9c2fce69a4c9e8a155bc,20260923T102212_92fcf899:18,2,meta-llama/Llama-3.3-70B-Instruct-Turbo,Boring
a26d29f65b72d42dea93,20260923T102212_92fcf899:18,3,meta-llama/Llama-3.3-70B-Instruct-Turbo,Boring
f62e7af9033dd358e4f8,20260923T102212_92fcf899:18,4,meta-llama/Llama-3.3-70B-Instruct-Turbo,Boring
3c531a19e57e121b4868,20260923T102212_92fcf899:18,5,meta-llama/Llama-3.3-70B-Instruct-Turbo,Boring
9af67e8304bb784e2a9d,20260923T102212_92fcf899:18,6,meta-llama/Llama-3.3-70B-Instruct-Turbo,Boring
233ec21e403a903251c4,20260923T102212_92fcf899:18,7,meta-llama/Llama-3.3-70B-Instruct-Turbo,Boring
f289fb2c13d244b9368a,20260923T102212_92fcf899:18,8,meta-llama/Llama-3.3-70B-Instruct-Turbo,Boring
fb7478ae50843e23b44f,20260923T102212_92fcf899:18,9,meta-llama/Llama-3.3-70B-Instruct-Turbo,Boring
bda37946bf733a30d5c4,20260923T102212_92fcf899:19,0,meta-llama/Llama-3.3-70B-Instruct-Turbo,Creative
0459cb79e04e7134801b,20260923T102212_92fcf899:19,1,meta-llama/Llama-3.3-70B-Instruct-Turbo,Creative
c826f6bc2e1b709beda4,20260923T102212_92fcf899:19,2,meta-llama/Llama-3.3-70B-Instruct-Turbo,Creative
d9fa24ed00ff2bc67ba7,20260923T102212_92fcf899:19,3,meta-llama/Llama-3.3-70B-Instruct-Turbo,Creative
aba75806d633fdfe1125,20260923T102212_92fcf899:19,4,meta-llama/Llama-3.3-70B-Instruct-Turbo,Creative
e1b3930bebc2a71287a9,20260923T102212_92fcf899:19,5,meta-llama/Llama-3.3-70B-Instruct-Turbo,Creative
4addaff5fd382191c0ed,20260923T102212_92fcf899:19,6,meta-llama/Llama-3.3-70B-Instruct-Turbo,Creative
69905950e2702ebf5a39,20260923T102212_92fcf899:19,7,meta-llama/Llama-3.3-70B-Instruct-Turbo,Creative
9d3e155b133486f6b87c,20260923T102212_92fcf899:19,8,meta-llama/Llama-3.3-70B-Instruct-Turbo,Creative
1793fa8d430892f9a66f,20260923T102212_92fcf899:19,9,meta-llama/Llama-3.3-70B-Instruct-Turbo,Creative
676a545a6b12c10cc7a5,20260923T102212_92fcf899:20,0,meta-llama/Llama-3.3-70B-Instruct-Turbo,Standard
e9f145e9c2dcd39e668f,20260923T102212_92fcf899:20,1,meta-llama/Llama-3.3-70B-Instruct-Turbo,Standard
c8e506660ffda251d6bf,20260923T102212_92fcf899:20,2,meta-llama/Llama-3.3-70B-Instruct-Turbo,Standard
c9d83ded5ceb5f2c3ca4,20260923T102212_92fcf899:20,3,meta-llama/Llama-3.3-70B-Instruct-Turbo,Standard
851e3209ded16745c239,20260923T102212_92fcf899:20,4,meta-llama/Llama-3.3-70B-Instruct-Turbo,Standard
ed229b807ac3a9bb2f92,20260923T102212_92fcf899:20,5,meta-llama/Llama-3.3-70B-Instruct-Turbo,Standard
359c71658c9038f829e8,20260923T102212_92fcf899:20,6,meta-llama/Llama-3.3-70B-Instruct-Turbo,Standard
00e7920fcd326a53e513,20260923T102212_92fcf899:20,7,meta-llama/Llama-3.3-70B-Instruct-Turbo,Standard
5f494377b4f6dca0d08b,20260923T102212_92fcf899:20,8,meta-llama/Llama-3.3-70B-Instruct-Turbo,Standard
8162eabacad16ce5dbd3,20260923T102212_92fcf899:20,9,meta-llama/Llama-3.3-70B-Instruct-Turbo,Standard
d7acfa6feb98ced44275,20260923T102212_92fcf899:21,0,meta-llama/Llama-3.3-70B-Instruct-Turbo,Conventional
bd8f5dde2e6eb035ff34,20260923T102212_92fcf899:21,1,meta-llama/Llama-3.3-70B-Instruct-Turbo,Conventional
05f12808309e18fe75f9,20260923T102212_92fcf899:21,2,meta-llama/Llama-3.3-70B-Instruct-Turbo,Conventional
048953f216ad638086b7,20260923T102212_92fcf899:21,3,meta-llama/Llama-3.3-70B-Instruct-Turbo,Conventional
9e44163c71b66eb5b424,20260923T102212_92fcf899:21,4,meta-llama/Llama-3.3-70B-Instruct-Turbo,Conventional
a97297b2a6c8b6a1b1f7,20260923T102212_92fcf899:21,5,meta-llama/Llama-3.3-70B-Instruct-Turbo,Conventional
cfce870da6a83e93f011,20260923T102212_92fcf899:21,6,meta-llama/Llama-3.3-70B-Instruct-Turbo,Conventional
248f3df011ee6f09eedd,20260923T102212_92fcf899:21,7,meta-llama/Llama-3.3-70B-Instruct-Turbo,Conventional
660592ca5dcd07b2fe2f,20260923T102212_92fcf899:21,8,meta-llama/Llama-3.3-70B-Instruct-Turbo,Conventional
ac88a85e5f23ad84fba4,20260923T102212_92fcf899:21,9,meta-llama/Llama-3.3-70B-Instruct-Turbo,Conventional
f223fad6b22d658471d5,20260923T102212_92fcf899:22,0,meta-llama/Llama-3.3-70B-Instruct-Turbo,Effective
ede4531a2f8f041f69b2,20260923T102212_92fcf899:22,1,meta-llama/Llama-3.3-70B-Instruct-Turbo,Effective
21873a5a77615d7528b0,20260923T102212_92fcf899:22,2,meta-llama/Llama-3.3-70B-Instruct-Turbo,Effective
6d2f2ea6425bbdd0a83e,20260923T102212_92fcf899:22,3,meta-llama/Llama-3.3-70B-Instruct-Turbo,Effective
9b777a752f20db5dc71b,20260923T102212_92fcf899:22,4,meta-llama/Llama-3.3-70B-Instruct-Turbo,Effective
979c71e6cd0a89139958,20260923T102212_92fcf899:22,5,meta-llama/Llama-3.3-70B-Instruct-Turbo,Effective
eb8934ffb3bc2954e765,20260923T102212_92fcf899:22,6,meta-llama/Llama-3.3-70B-Instruct-Turbo,Effective
be69ec71d7bcdc79f1e9,20260923T102212_92fcf899:22,7,meta-llama/Llama-3.3-70B-Instruct-Turbo,Effective
cc016387f66abda63cfb,20260923T102212_92fcf899:22,8,meta-llama/Llama-3.3-70B-Instruct-Turbo,Effective
f32da4fe814ffb3e0866,20260923T102212_92fcf899:22,9,meta-llama/Llama-3.3-70B-Instruct-Turbo,Effective
bb208660a9a5f9780ab9,20260923T102212_92fcf899:23,0,meta-llama/Llama-3.3-70B-Instruct-Turbo,Boring
6a71dbb56a5d4536252c,20260923T102212_92fcf899:23,1,meta-llama/Llama-3.3-70B-Instruct-Turbo,Boring
676270fd11246fd96ccb,20260923T102212_92fcf899:23,2,meta-llama/Llama-3.3-70B-Instruct-Turbo,Boring
3aaa5ad8bc221c68bc27,20260923T102212_92fcf899:23,3,meta-llama/Llama-3.3-70B-Instruct-Turbo,Boring
e3456813ed43b32727ba,20260923T102212_92fcf899:23,4,meta-llama/Llama-3.3-70B-Instruct-Turbo,Boring
30b82800a9cfed4d47f0,20260923T102212_92fcf899:23,5,meta-llama/Llama-3.3-70B-Instruct-Turbo,Boring
3de3511ecc0730ac7d66,20260923T102212_92fcf899:23,6,meta-llama/Llama-3.3-70B-Instruct-Turbo,Boring
b1e155cd8eb89dd45c45,20260923T102212_92fcf899:23,7,meta-llama/Llama-3.3-70B-Instruct-Turbo,Boring
6c6c6c61808169c7238c,20260923T102212_92fcf899:23,8,meta-llama/Llama-3.3-70B-Instruct-Turbo,Boring
faf2ccb2450d81b6f925,20260923T102212_92fcf899:23,9,meta-llama/Llama-3.3-70B-Instruct-Turbo,Boring
8f86b595b6ee40b57242,20260923T102212_92fcf899:24,0,meta-llama/Llama-3.3-70B-Instruct-Turbo,Creative
7e882b63c359e05ab0c6,20260923T102212_92fcf899:24,1,meta-llama/Llama-3.3-70B-Instruct-Turbo,Creative
79508f710a5e5deaf282,20260923T102212_92fcf899:24,2,meta-llama/Llama-3.3-70B-Instruct-Turbo,Creative
60f296f95081fdcb0feb,20260923T102212_92fcf899:24,3,meta-llama/Llama-3.3-70B-Instruct-Turbo,Creative
fdce575af2f85cf788da,20260923T102212_92fcf899:24,4,meta-llama/Llama-3.3-70B-Instruct-Turbo,Creative
a73c5d96df361a13b4cf,20260923T102212_92fcf899:24,5,meta-llama/Llama-3.3-70B-Instruct-Turbo,Creative
0464fd343f1707cc9b5b,20260923T102212_92fcf899:24,6,meta-llama/Llama-3.3-70B-Instruct-Turbo,Creative
b75ac6a19712b7469898,20260923T102212_92fcf899:24,7,meta-llama/Llama-3.3-70B-Instruct-Turbo,Creative
80b852e2b6ec746031f9,20260923T102212_92fcf899:24,8,meta-llama/Llama-3.3-70B-Instruct-Turbo,Creative
8db821ffddba2cad1a26,20260923T102212_92fcf899:24,9,meta-llama/Llama-3.3-70B-Instruct-Turbo,Creative
9ec4390ab4b3dfef65e4,20260923T102212_92fcf899:25,0,meta-llama/Llama-3.3-70B-Instruct-Turbo,Standard
b38d2324531d9c210ec8,20260923T102212_92fcf899:25,1,meta-llama/Llama-3.3-70B-Instruct-Turbo,Standard
4079bbf2ce9536211d4c,20260923T102212_92fcf899:25,2,meta-llama/Llama-3.3-70B-Instruct-Turbo,Standard
1c32efe21ddaf20590d2,20260923T102212_92fcf899:25,3,meta-llama/Llama-3.3-70B-Instruct-Turbo,Standard
29ed52fc7b4eabccb44f,20260923T102212_92fcf899:25,4,meta-llama/Llama-3.3-70B-Instruct-Turbo,Standard
14f8ca7d5bf80f4d0baf,20260923T102212_92fcf899:25,5,meta-llama/Llama-3.3-70B-Instruct-Turbo,Standard
500be1d44ffdf731325c,20260923T102212_92fcf899:25,6,meta-llama/Llama-3.3-70B-Instruct-Turbo,Standard
9dd33bf498bbbe9e1b2f,20260923T102212_92fcf899:25,7,meta-llama/Llama-3.3-70B-Instruct-Turbo,Standard
04d680f5a98169afa1fc,20260923T102212_92fcf899:25,8,meta-llama/Llama-3.3-70B-Instruct-Turbo,Standard
9e9798476f3b0b57f15f,20260923T102212_92fcf899:25,9,meta-llama/Llama-3.3-70B-Instruct-Turbo,Standard
682ed7f168adee52539c,20260923T102212_92fcf899:26,0,meta-llama/Llama-3.3-70B-Instruct-Turbo,Conventional
d20d275952b7b11f644b,20260923T102212_92fcf899:26,1,meta-llama/Llama-3.3-70B-Instruct-Turbo,Conventional
59f0a39b1786d023b468,20260923T102212_92fcf899:26,2,meta-llama/Llama-3.3-70B-Instruct-Turbo,Conventional
d30a80d455e6882e2361,20260923T102212_92fcf899:26,3,meta-llama/Llama-3.3-70B-Instruct-Turbo,Conventional
fa8d42d2c5b4d2c87d76,20260923T102212_92fcf899:26,4,meta-llama/Llama-3.3-70B-Instruct-Turbo,Conventional
d92f2ac6b3f3e6012c18,20260923T102212_92fcf899:26,5,meta-llama/Llama-3.3-70B-Instruct-Turbo,Conventional
d697e90802a05506935b,20260923T102212_92fcf899:26,6,meta-llama/Llama-3.3-70B-Instruct-Turbo,Conventional
2587cda9563cdd4d0f60,20260923T102212_92fcf899:26,7,meta-llama/Llama-3.3-70B-Instruct-Turbo,Conventional
c1a0ec7a3f7c62f1bb94,20260923T102212_92fcf899:26,8,meta-llama/Llama-3.3-70B-Instruct-Turbo,Conventional
7a6b7cecc1b0f6d1c13a,20260923T102212_92fcf899:26,9,meta-llama/Llama-3.3-70B-Instruct-Turbo,Conventional
be58bda6d6e3f788e03e,20260923T102212_92fcf899:27,0,meta-llama/Llama-3.3-70B-Instruct-Turbo,Effective
870a183c9256e01805d7,20260923T102212_92fcf899:27,1,meta-llama/Llama-3.3-70B-Instruct-Turbo,Effective
b6e5885e8ca61c4f1f30,20260923T102212_92fcf899:27,2,meta-llama/Llama-3.3-70B-Instruct-Turbo,Effective
2806e12a08f436c509b4,20260923T102212_92fcf899:27,3,meta-llama/Llama-3.3-70B-Instruct-Turbo,Effective
136e18918403635f5c40,20260923T102212_92fcf899:27,4,meta-llama/Llama-3.3-70B-Instruct-Turbo,Effective
387155afb210c259fd7c,20260923T102212_92fcf899:27,5,meta-llama/Llama-3.3-70B-Instruct-Turbo,Effective
cbc90ab466304a5c5896,20260923T102212_92fcf899:27,6,meta-llama/Llama-3.3-70B-Instruct-Turbo,Effective
fb049fbe658b096d0b6d,20260923T102212_92fcf899:27,7,meta-llama/Llama-3.3-70B-Instruct-Turbo,Effective
0fbe53cddcd3552a3281,20260923T102212_92fcf899:27,8,meta-llama/Llama-3.3-70B-Instruct-Turbo,Effective
9664b086599ed6fdfd2f,20260923T102212_92fcf899:27,9,meta-llama/Llama-3.3-70B-Instruct-Turbo,Effective
568edb06a54f8a8fd1d8,20260923T102212_92fcf899:28,0,meta-llama/Llama-3.3-70B-Instruct-Turbo,Boring
519830a43bf3e34bf965,20260923T102212_92fcf899:28,1,meta-llama/Llama-3.3-70B-Instruct-Turbo,Boring
79d1d1f3c3fa10deaea1,20260923T102212_92fcf899:28,2,meta-llama/Llama-3.3-70B-Instruct-Turbo,Boring
f37b4a852f0cc916a56e,20260923T102212_92fcf899:28,3,meta-llama/Llama-3.3-70B-Instruct-Turbo,Boring
dc4d2908a13c2a802671,20260923T102212_92fcf899:28,4,meta-llama/Llama-3.3-70B-Instruct-Turbo,Boring
09c660ea5c22ff45d151,20260923T102212_92fcf899:28,5,meta-llama/Llama-3.3-70B-Instruct-Turbo,Boring
2f7431c3b09fb077dde1,20260923T102212_92fcf899:28,6,meta-llama/Llama-3.3-70B-Instruct-Turbo,Boring
79e0566e2686e2a2bb1f,20260923T102212_92fcf899:28,7,meta-llama/Llama-3.3-70B-Instruct-Turbo,Boring
50669894cb2fe6e624d1,20260923T102212_92fcf899:28,8,meta-llama/Llama-3.3-70B-Instruct-Turbo,Boring
85dfb3723e07f5413f54,20260923T102212_92fcf899:28,9,meta-llama/Llama-3.3-70B-Instruct-Turbo,Boring
0517667dc85f02d289b3,20260923T102212_92fcf899:29,0,meta-llama/Llama-3.3-70B-Instruct-Turbo,Creative
eae58cc16e16ed9475e2,20260923T102212_92fcf899:29,1,meta-llama/Llama-3.3-70B-Instruct-Turbo,Creative
b7268e2cb862c13b28aa,20260923T102212_92fcf899:29,2,meta-llama/Llama-3.3-70B-Instruct-Turbo,Creative
67f280d27343f52c5632,20260923T102212_92fcf899:29,3,meta-llama/Llama-3.3-70B-Instruct-Turbo,Creative
749b2da22f6c3785a876,20260923T102212_92fcf899:29,4,meta-llama/Llama-3.3-70B-Instruct-Turbo,Creative
bd36dbd838508bea6d8e,20260923T102212_92fcf899:29,5,meta-llama/Llama-3.3-70B-Instruct-Turbo,Creative
10954105e0bee16cc166,20260923T102212_92fcf899:29,6,meta-llama/Llama-3.3-70B-Instruct-Turbo,Creative
e17cf41e329d9b43386f,20260923T102212_92fcf899:29,7,meta-llama/Llama-3.3-70B-Instruct-Turbo,Creative
4dbe8c22b5f387b05418,20260923T102212_92fcf899:29,8,meta-llama/Llama-3.3-70B-Instruct-Turbo,Creative
2a712981d344fd8722bb,20260923T102212_92fcf899:29,9,meta-llama/Llama-3.3-70B-Instruct-Turbo,Creative
cdbc33439b39f3efd519,20260923T102212_92fcf899:30,0,meta-llama/Llama-3.3-70B-Instruct-Turbo,Standard
1e62647848f07bf480ad,20260923T102212_92fcf899:30,1,meta-llama/Llama-3.3-70B-Instruct-Turbo,Standard
25534734dca3350f0d16,20260923T102212_92fcf899:30,2,meta-llama/Llama-3.3-70B-Instruct-Turbo,Standard
ff93653e6f5251267e9a,20260923T102212_92fcf899:30,3,meta-llama/Llama-3.3-70B-Instruct-Turbo,Standard
70254f40e02da78b1f50,20260923T102212_92fcf899:30,4,meta-llama/Llama-3.3-70B-Instruct-Turbo,Standard
d08eff50bb331e2d8670,20260923T102212_92fcf899:30,5,meta-llama/Llama-3.3-70B-Instruct-Turbo,Standard
0b2b4d603074ef949136,20260923T102212_92fcf899:30,6,meta-llama/Llama-3.3-70B-Instruct-Turbo,Standard
2576cceccfc93d07774f,20260923T102212_92fcf899:30,7,meta-llama/Llama-3.3-70B-Instruct-Turbo,Standard
6c99019136c4f142bd92,20260923T102212_92fcf899:30,8,meta-llama/Llama-3.3-70B-Instruct-Turbo,Standard
721f2f1efb0d62ec8363,20260923T102212_92fcf899:30,9,meta-llama/Llama-3.3-70B-Instruct-Turbo,Standard
404239c560e78458c5ef,20260923T102212_92fcf899:31,0,meta-llama/Llama-3.3-70B-Instruct-Turbo,Conventional
3dc9b0c08bfc22bb13af,20260923T102212_92fcf899:31,1,meta-llama/Llama-3.3-70B-Instruct-Turbo,Conventional
48475922649c59a6e24f,20260923T102212_92fcf899:31,2,meta-llama/Llama-3.3-70B-Instruct-Turbo,Conventional
cccb9ff76b6f03fdf445,20260923T102212_92fcf899:31,3,meta-llama/Llama-3.3-70B-Instruct-Turbo,Conventional
ca1ff81f295c47290d7f,20260923T102212_92fcf899:31,4,meta-llama/Llama-3.3-70B-Instruct-Turbo,Conventional
3db2fc22ce6623f263d8,20260923T102212_92fcf899:31,5,meta-llama/Llama-3.3-70B-Instruct-Turbo,Conventional
39752a07d46cc8c49bf5,20260923T102212_92fcf899:31,6,meta-llama/Llama-3.3-70B-Instruct-Turbo,Conventional
33b40c48974d2236629a,20260923T102212_92fcf899:31,7,meta-llama/Llama-3.3-70B-Instruct-Turbo,Conventional
b6708b4a10947aa55968,20260923T102212_92fcf899:31,8,meta-llama/Llama-3.3-70B-Instruct-Turbo,Conventional
1fa098325f152757a07a,20260923T102212_92fcf899:31,9,meta-llama/Llama-3.3-70B-Instruct-Turbo,Conventional
e72cbad061f9e226dba0,20260923T102212_92fcf899:32,0,meta-llama/Llama-3.3-70B-Instruct-Turbo,Effective
3be5f5696b9acd59893a,20260923T102212_92fcf899:32,1,meta-llama/Llama-3.3-70B-Instruct-Turbo,Effective
3d83c6d686e8c33636a9,20260923T102212_92fcf899:32,2,meta-llama/Llama-3.3-70B-Instruct-Turbo,Effective
7a88abf1e10b67417152,20260923T102212_92fcf899:32,3,meta-llama/Llama-3.3-70B-Instruct-Turbo,Effective
104c2f410b9e944972b7,20260923T102212_92fcf899:32,4,meta-llama/Llama-3.3-70B-Instruct-Turbo,Effective
7bfd8b742ebe349b2a58,20260923T102212_92fcf899:32,5,meta-llama/Llama-3.3-70B-Instruct-Turbo,Effective
8b7e8680fdfb1dc00a0c,20260923T102212_92fcf899:32,6,meta-llama/Llama-3.3-70B-Instruct-Turbo,Effective
724dded786c5f179f216,20260923T102212_92fcf899:32,7,meta-llama/Llama-3.3-70B-Instruct-Turbo,Effective
1969ca23d76c17a48fdf,20260923T102212_92fcf899:32,8,meta-llama/Llama-3.3-70B-Instruct-Turbo,Effective
e52727dc9abed5c2af54,20260923T102212_92fcf899:32,9,meta-llama/Llama-3.3-70B-Instruct-Turbo,Effective
93c37ab53926b11ea428,20260923T102212_92fcf899:33,0,meta-llama/Llama-3.3-70B-Instruct-Turbo,Boring
b391cf2071f0bccc307d,20260923T102212_92fcf899:33,1,meta-llama/Llama-3.3-70B-Instruct-Turbo,Boring
2d5d72ccb82d255fa41c,20260923T102212_92fcf899:33,2,meta-llama/Llama-3.3-70B-Instruct-Turbo,Boring
8a8797a31b34770c56c8,20260923T102212_92fcf899:33,3,meta-llama/Llama-3.3-70B-Instruct-Turbo,Boring
85621efff118b90fbbe5,20260923T102212_92fcf899:33,4,meta-llama/Llama-3.3-70B-Instruct-Turbo,Boring
625c307ea247fddf5962,20260923T102212_92fcf899:33,5,meta-llama/Llama-3.3-70B-Instruct-Turbo,Boring
9f7169989d3b59461983,20260923T102212_92fcf899:33,6,meta-llama/Llama-3.3-70B-Instruct-Turbo,Boring
a42fe12f9ad9a97d97cf,20260923T102212_92fcf899:33,7,meta-llama/Llama-3.3-70B-Instruct-Turbo,Boring
3044d423f9e736adeeb8,20260923T102212_92fcf899:33,8,meta-llama/Llama-3.3-70B-Instruct-Turbo,Boring
123d0b7410a3aeeb3bbe,20260923T102212_92fcf899:33,9,meta-llama/Llama-3.3-70B-Instruct-Turbo,Boring
c1b6e295966d176c9d2d,20260923T102212_92fcf899:34,0,meta-llama/Llama-3.3-70B-Instruct-Turbo,Creative
805e0bf9ee84409e3e0a,20260923T102212_92fcf899:34,1,meta-llama/Llama-3.3-70B-Instruct-Turbo,Creative
0d7302bb94214c29ee95,20260923T102212_92fcf899:34,2,meta-llama/Llama-3.3-70B-Instruct-Turbo,Creative
81f0b180bc72bc5ac63f,20260923T102212_92fcf899:34,3,meta-llama/Llama-3.3-70B-Instruct-Turbo,Creative
c6f7d9ae0f61bd74b8ae,20260923T102212_92fcf899:34,4,meta-llama/Llama-3.3-70B-Instruct-Turbo,Creative
b7c425c1f37a60e99658,20260923T102212_92fcf899:34,5,meta-llama/Llama-3.3-70B-Instruct-Turbo,Creative
d01f84e0cda79841be63,20260923T102212_92fcf899:34,6,meta-llama/Llama-3.3-70B-Instruct-Turbo,Creative
c76fdf3b2d36d260aba6,20260923T102212_92fcf899:34,7,meta-llama/Llama-3.3-70B-Instruct-Turbo,Creative
b7fc6323f3b09bcfefa7,20260923T102212_92fcf899:34,8,meta-llama/Llama-3.3-70B-Instruct-Turbo,Creative
9701cbc07d563d9fc875,20260923T102212_92fcf899:34,9,meta-llama/Llama-3.3-70B-Instruct-Turbo,Creative
f1034da13fad9d600d24,20260923T102212_92fcf899:35,0,meta-llama/Llama-3.3-70B-Instruct-Turbo,Standard
1ad501046a47134f9c9e,20260923T102212_92fcf899:35,1,meta-llama/Llama-3.3-70B-Instruct-Turbo,Standard
7b2a13e8cbf5382650fd,20260923T102212_92fcf899:35,2,meta-llama/Llama-3.3-70B-Instruct-Turbo,Standard
4775f55117b1377e8ac5,20260923T102212_92fcf899:35,3,meta-llama/Llama-3.3-70B-Instruct-Turbo,Standard
3b9963fc37b23adae029,20260923T102212_92fcf899:35,4,meta-llama/Llama-3.3-70B-Instruct-Turbo,Standard
5cfaa5a781a66067ceb5,20260923T102212_92fcf899:35,5,meta-llama/Llama-3.3-70B-Instruct-Turbo,Standard
1d6dec6d2028589cc64f,20260923T102212_92fcf899:35,6,meta-llama/Llama-3.3-70B-Instruct-Turbo,Standard
dde46afadb76ab915018,20260923T102212_92fcf899:35,7,meta-llama/Llama-3.3-70B-Instruct-Turbo,Standard
4a1678eebf6998dcd6be,20260923T102212_92fcf899:35,8,meta-llama/Llama-3.3-70B-Instruct-Turbo,Standard
92233df2c70b5d70c23e,20260923T102212_92fcf899:35,9,meta-llama/Llama-3.3-70B-Instruct-Turbo,Standard
cb8c6ff391293d63fc8c,20260923T102212_92fcf899:36,0,meta-llama/Llama-3.3-70B-Instruct-Turbo,Conventional
39307524c197ff1766c2,20260923T102212_92fcf899:36,1,meta-llama/Llama-3.3-70B-Instruct-Turbo,Conventional
4157d93fff0ba5740274,20260923T102212_92fcf899:36,2,meta-llama/Llama-3.3-70B-Instruct-Turbo,Conventional
bcf126aeb648edbcc52b,20260923T102212_92fcf899:36,3,meta-llama/Llama-3.3-70B-Instruct-Turbo,Conventional
ac018dda57f0686c11e4,20260923T102212_92fcf899:36,4,meta-llama/Llama-3.3-70B-Instruct-Turbo,Conventional
0835acddc0ac0635bfb1,20260923T102212_92fcf899:36,5,meta-llama/Llama-3.3-70B-Instruct-Turbo,Conventional
785924ee2d72f23a0954,20260923T102212_92fcf899:36,6,meta-llama/Llama-3.3-70B-Instruct-Turbo,Conventional
9682722c04f1515f1489,20260923T102212_92fcf899:36,7,meta-llama/Llama-3.3-70B-Instruct-Turbo,Conventional
0beccc67b93ba2e0c3f1,20260923T102212_92fcf899:36,8,meta-llama/Llama-3.3-70B-Instruct-Turbo,Conventional
a6dd1a3334b31a3d4f2e,20260923T102212_92fcf899:36,9,meta-llama/Llama-3.3-70B-Instruct-Turbo,Conventional
864c3f225e4975b60387,20260923T102212_92fcf899:37,0,meta-llama/Llama-3.3-70B-Instruct-Turbo,Effective
532152c8485890b42126,20260923T102212_92fcf899:37,1,meta-llama/Llama-3.3-70B-Instruct-Turbo,Effective
8b6aa4da62058739d531,20260923T102212_92fcf899:37,2,meta-llama/Llama-3.3-70B-Instruct-Turbo,Effective
b86e2ec37bfad169cd71,20260923T102212_92fcf899:37,3,meta-llama/Llama-3.3-70B-Instruct-Turbo,Effective
3b218e1c7ef6599307ca,20260923T102212_92fcf899:37,4,meta-llama/Llama-3.3-70B-Instruct-Turbo,Effective
6197905babbddf07afa0,20260923T102212_92fcf899:37,5,meta-llama/Llama-3.3-70B-Instruct-Turbo,Effective
6d8736e871405a64e1cb,20260923T102212_92fcf899:37,6,meta-llama/Llama-3.3-70B-Instruct-Turbo,Effective
36cd86cc4817c5b5f940,20260923T102212_92fcf899:37,7,meta-llama/Llama-3.3-70B-Instruct-Turbo,Effective
7acc1e38f921c472be4a,20260923T102212_92fcf899:37,8,meta-llama/Llama-3.3-70B-Instruct-Turbo,Effective
4ab109813cbb0b9d8f53,20260923T102212_92fcf899:37,9,meta-llama/Llama-3.3-70B-Instruct-Turbo,Effective
d823a27251c495437273,20260923T102212_92fcf899:38,0,meta-llama/Llama-3.3-70B-Instruct-Turbo,Boring
338fed6c92669124e744,20260923T102212_92fcf899:38,1,meta-llama/Llama-3.3-70B-Instruct-Turbo,Boring
9af2d3bb37c38becbe80,20260923T102212_92fcf899:38,2,meta-llama/Llama-3.3-70B-Instruct-Turbo,Boring
47ef9bb649e1fa87b8be,20260923T102212_92fcf899:38,3,meta-llama/Llama-3.3-70B-Instruct-Turbo,Boring
946d497cda348b3ac6dd,20260923T102212_92fcf899:38,4,meta-llama/Llama-3.3-70B-Instruct-Turbo,Boring
0429b78d5ea7c7307f6b,20260923T102212_92fcf899:38,5,meta-llama/Llama-3.3-70B-Instruct-Turbo,Boring
754a4c08eeb57459ad07,20260923T102212_92fcf899:38,6,meta-llama/Llama-3.3-70B-Instruct-Turbo,Boring
16eaa0b6e02487db9587,20260923T102212_92fcf899:38,7,meta-llama/Llama-3.3-70B-Instruct-Turbo,Boring
00f9be397d8e658b7554,20260923T102212_92fcf899:38,8,meta-llama/Llama-3.3-70B-Instruct-Turbo,Boring
8f8b2fc5a0b72153acbe,20260923T102212_92fcf899:38,9,meta-llama/Llama-3.3-70B-Instruct-Turbo,Boring
13148ea207f23c39a766,20260923T102212_92fcf899:39,0,meta-llama/Llama-3.3-70B-Instruct-Turbo,Creative
a65eded3221e8838c09b,20260923T102212_92fcf899:39,1,meta-llama/Llama-3.3-70B-Instruct-Turbo,Creative
16f45d5272fdc70bd5a4,20260923T102212_92fcf899:39,2,meta-llama/Llama-3.3-70B-Instruct-Turbo,Creative
840cac6f85a874bee13a,20260923T102212_92fcf899:39,3,meta-llama/Llama-3.3-70B-Instruct-Turbo,Creative
228937856df4db55b075,20260923T102212_92fcf899:39,4,meta-llama/Llama-3.3-70B-Instruct-Turbo,Creative
3fcae201b0f0478c398e,20260923T102212_92fcf899:39,5,meta-llama/Llama-3.3-70B-Instruct-Turbo,Creative
8e2db6d0f8bcfeda7387,20260923T102212_92fcf899:39,6,meta-llama/Llama-3.3-70B-Instruct-Turbo,Creative
df52ac0a941214be3b9e,20260923T102212_92fcf899:39,7,meta-llama/Llama-3.3-70B-Instruct-Turbo,Creative
1b8adce584c6cbf3bf78,20260923T102212_92fcf899:39,8,meta-llama/Llama-3.3-70B-Instruct-Turbo,Creative
7279998d5b361aa90c8f,20260923T102212_92fcf899:39,9,meta-llama/Llama-3.3-70B-Instruct-Turbo,Creative
d539efccbac0fe15d97b,20260923T102212_92fcf899:40,0,meta-llama/Llama-3.3-70B-Instruct-Turbo,Standard
cbfa77ca0e7d7d8cd57d,20260923T102212_92fcf899:40,1,meta-llama/Llama-3.3-70B-Instruct-Turbo,Standard
cf398ca9fbfbd7aa2611,20260923T102212_92fcf899:40,2,meta-llama/Llama-3.3-70B-Instruct-Turbo,Standard
78ca5fde82c4e2ebc3ec,20260923T102212_92fcf899:40,3,meta-llama/Llama-3.3-70B-Instruct-Turbo,Standard
56ab4e9c92d959ca8e8a,20260923T102212_92fcf899:40,4,meta-llama/Llama-3.3-70B-Instruct-Turbo,Standard
95fc4ae4ca3df8194f55,20260923T102212_92fcf899:40,5,meta-llama/Llama-3.3-70B-Instruct-Turbo,Standard
00dcb7b5b99bc96f427d,20260923T102212_92fcf899:40,6,meta-llama/Llama-3.3-70B-Instruct-Turbo,Standard
2ac05ba00254e785fe9b,20260923T102212_92fcf899:40,7,meta-llama/Llama-3.3-70B-Instruct-Turbo,Standard
5d4fbbf34fde1cac695a,20260923T102212_92fcf899:40,8,meta-llama/Llama-3.3-70B-Instruct-Turbo,Standard
5439855f855557f94f8d,20260923T102212_92fcf899:40,9,meta-llama/Llama-3.3-70B-Instruct-Turbo,Standard
8fd9f4a2f4712c9e08bd,20260923T102212_92fcf899:41,0,meta-llama/Llama-3.3-70B-Instruct-Turbo,Conventional
a629b3e9b639d3cc97e4,20260923T102212_92fcf899:41,1,meta-llama/Llama-3.3-70B-Instruct-Turbo,Conventional
28718b38cf6a13b26ff7,20260923T102212_92fcf899:41,2,meta-llama/Llama-3.3-70B-Instruct-Turbo,Conventional
7f78b5d38f0d2d01929f,20260923T102212_92fcf899:41,3,meta-llama/Llama-3.3-70B-Instruct-Turbo,Conventional
ffb50c66b82403428150,20260923T102212_92fcf899:41,4,meta-llama/Llama-3.3-70B-Instruct-Turbo,Conventional
f8c880057cd045ea7268,20260923T102212_92fcf899:41,5,meta-llama/Llama-3.3-70B-Instruct-Turbo,Conventional
ceabccac4035cb1a875b,20260923T102212_92fcf899:41,6,meta-llama/Llama-3.3-70B-Instruct-Turbo,Conventional
89948e0a5d57c0f5c63d,20260923T102212_92fcf899:41,7,meta-llama/Llama-3.3-70B-Instruct-Turbo,Conventional
a721764c33b8a721d126,20260923T102212_92fcf899:41,8,meta-llama/Llama-3.3-70B-Instruct-Turbo,Conventional
95571caa64177aeaf556,20260923T102212_92fcf899:41,9,meta-llama/Llama-3.3-70B-Instruct-Turbo,Conventional
8290f7c3e23f7a716803,20260923T102212_92fcf899:42,0,meta-llama/Llama-3.3-70B-Instruct-Turbo,Effective
9fa84a6d6d24998079bb,20260923T102212_92fcf899:42,1,meta-llama/Llama-3.3-70B-Instruct-Turbo,Effective
44a062b2851fd6765004,20260923T102212_92fcf899:42,2,meta-llama/Llama-3.3-70B-Instruct-Turbo,Effective
25bfadc98a0f7943412b,20260923T102212_92fcf899:42,3,meta-llama/Llama-3.3-70B-Instruct-Turbo,Effective
6b906e142c65b724e417,20260923T102212_92fcf899:42,4,meta-llama/Llama-3.3-70B-Instruct-Turbo,Effective
afae88339eb6723288f4,20260923T102212_92fcf899:42,5,meta-llama/Llama-3.3-70B-Instruct-Turbo,Effective
0f6db12fd16d57ce7c75,20260923T102212_92fcf899:42,6,meta-llama/Llama-3.3-70B-Instruct-Turbo,Effective
9a6cddc98b224ea45ac7,20260923T102212_92fcf899:42,7,meta-llama/Llama-3.3-70B-Instruct-Turbo,Effective
51b6f8a62d28189ca731,20260923T102212_92fcf899:42,8,meta-llama/Llama-3.3-70B-Instruct-Turbo,Effective
aa3d3b64c48f9a5bfc10,20260923T102212_92fcf899:42,9,meta-llama/Llama-3.3-70B-Instruct-Turbo,Effective
140500d2af0400bbbc93,20260923T102212_92fcf899:43,0,meta-llama/Llama-3.3-70B-Instruct-Turbo,Boring
90c3a86b28602fd6961a,20260923T102212_92fcf899:43,1,meta-llama/Llama-3.3-70B-Instruct-Turbo,Boring
65fc37f30b310c7096d8,20260923T102212_92fcf899:43,2,meta-llama/Llama-3.3-70B-Instruct-Turbo,Boring
b7310385f1bc4b4f37a8,20260923T102212_92fcf899:43,3,meta-llama/Llama-3.3-70B-Instruct-Turbo,Boring
0c966b03a2e8cc237beb,20260923T102212_92fcf899:43,4,meta-llama/Llama-3.3-70B-Instruct-Turbo,Boring
9ea8435401f8ef71c698,20260923T102212_92fcf899:43,5,meta-llama/Llama-3.3-70B-Instruct-Turbo,Boring
0bb8ee8d63bac53b14cf,20260923T102212_92fcf899:43,6,meta-llama/Llama-3.3-70B-Instruct-Turbo,Boring
b0cf37910139d667747c,20260923T102212_92fcf899:43,7,meta-llama/Llama-3.3-70B-Instruct-Turbo,Boring
d1d1f6e590a2423600c3,20260923T102212_92fcf899:43,8,meta-llama/Llama-3.3-70B-Instruct-Turbo,Boring
c5ddd35faecec24290e7,20260923T102212_92fcf899:43,9,meta-llama/Llama-3.3-70B-Instruct-Turbo,Boring
b673ca917313d115aa97,20260923T102212_92fcf899:44,0,meta-llama/Llama-3.3-70B-Instruct-Turbo,Creative
af14303486627d20254d,20260923T102212_92fcf899:44,1,meta-llama/Llama-3.3-70B-Instruct-Turbo,Creative
0b0b436cdec24825f079,20260923T102212_92fcf899:44,2,meta-llama/Llama-3.3-70B-Instruct-Turbo,Creative
c6396eec0a85bc9a3167,20260923T102212_92fcf899:44,3,meta-llama/Llama-3.3-70B-Instruct-Turbo,Creative
35e82bc834ecb857e112,20260923T102212_92fcf899:44,4,meta-llama/Llama-3.3-70B-Instruct-Turbo,Creative
03c1d83e4c2421dd01df,20260923T102212_92fcf899:44,5,meta-llama/Llama-3.3-70B-Instruct-Turbo,Creative
d780b874000b4fab5ba9,20260923T102212_92fcf899:44,6,meta-llama/Llama-3.3-70B-Instruct-Turbo,Creative
8fa65c1c880ca64f7d9e,20260923T102212_92fcf899:44,7,meta-llama/Llama-3.3-70B-Instruct-Turbo,Creative
95a8d929c29c1b370103,20260923T102212_92fcf899:44,8,meta-llama/Llama-3.3-70B-Instruct-Turbo,Creative
39c5f14ad1d757e5aede,20260923T102212_92fcf899:44,9,meta-llama/Llama-3.3-70B-Instruct-Turbo,Creative
faa4da8492a145e483a5,20260923T102212_92fcf899:45,0,meta-llama/Llama-3.3-70B-Instruct-Turbo,Standard
054986f8cadfaedaa81b,20260923T102212_92fcf899:45,1,meta-llama/Llama-3.3-70B-Instruct-Turbo,Standard
c4160df092df9305bdbc,20260923T102212_92fcf899:45,2,meta-llama/Llama-3.3-70B-Instruct-Turbo,Standard
4d12bc72bc5b9da91936,20260923T102212_92fcf899:45,3,meta-llama/Llama-3.3-70B-Instruct-Turbo,Standard
9c34204e6407f3929345,20260923T102212_92fcf899:45,4,meta-llama/Llama-3.3-70B-Instruct-Turbo,Standard
88a0b6269b659d669e08,20260923T102212_92fcf899:45,5,meta-llama/Llama-3.3-70B-Instruct-Turbo,Standard
44bbd3bb63ba330c50cb,20260923T102212_92fcf899:45,6,meta-llama/Llama-3.3-70B-Instruct-Turbo,Standard
416e7137d5f5ef454776,20260923T102212_92fcf899:45,7,meta-llama/Llama-3.3-70B-Instruct-Turbo,Standard
2b20ea2d7cad0b8befd9,20260923T102212_92fcf899:45,8,meta-llama/Llama-3.3-70B-Instruct-Turbo,Standard
733092936c0c43afec34,20260923T102212_92fcf899:45,9,meta-llama/Llama-3.3-70B-Instruct-Turbo,Standard
f55e2c72ab62866befa9,20260923T102212_92fcf899:46,0,meta-llama/Llama-3.3-70B-Instruct-Turbo,Conventional
8e1870b3097b71dad49b,20260923T102212_92fcf899:46,1,meta-llama/Llama-3.3-70B-Instruct-Turbo,Conventional
17ec14d2a190428df970,20260923T102212_92fcf899:46,2,meta-llama/Llama-3.3-70B-Instruct-Turbo,Conventional
839b635aacb67e0cc4b0,20260923T102212_92fcf899:46,3,meta-llama/Llama-3.3-70B-Instruct-Turbo,Conventional
17e67aacdabc74be8963,20260923T102212_92fcf899:46,4,meta-llama/Llama-3.3-70B-Instruct-Turbo,Conventional
eb90b579a4af0648ce3a,20260923T102212_92fcf899:46,5,meta-llama/Llama-3.3-70B-Instruct-Turbo,Conventional
880778c8a5d087090c5e,20260923T102212_92fcf899:46,6,meta-llama/Llama-3.3-70B-Instruct-Turbo,Conventional
3d13b80b07dc4f24761c,20260923T102212_92fcf899:46,7,meta-llama/Llama-3.3-70B-Instruct-Turbo,Conventional
7137211c6b41c5ebb9db,20260923T102212_92fcf899:46,8,meta-llama/Llama-3.3-70B-Instruct-Turbo,Conventional
bfba6ed2d8a07dad51a8,20260923T102212_92fcf899:46,9,meta-llama/Llama-3.3-70B-Instruct-Turbo,Conventional
1b0ad4279db74743f8bd,20260923T102212_92fcf899:47,0,meta-llama/Llama-3.3-70B-Instruct-Turbo,Effective
2faa568889c9b9c2df9e,20260923T102212_92fcf899:47,1,meta-llama/Llama-3.3-70B-Instruct-Turbo,Effective
f6d7773c8bffe3d74b18,20260923T102212_92fcf899:47,2,meta-llama/Llama-3.3-70B-Instruct-Turbo,Effective
8e99e81752a150fbf280,20260923T102212_92fcf899:47,3,meta-llama/Llama-3.3-70B-Instruct-Turbo,Effective
7c6baa17c78b490114dc,20260923T102212_92fcf899:47,4,meta-llama/Llama-3.3-70B-Instruct-Turbo,Effective
4beeb256ee195948db7a,20260923T102212_92fcf899:47,5,meta-llama/Llama-3.3-70B-Instruct-Turbo,Effective
34459880fd041cc963a6,20260923T102212_92fcf899:47,6,meta-llama/Llama-3.3-70B-Instruct-Turbo,Effective
ac73c7f88bb935753346,20260923T102212_92fcf899:47,7,meta-llama/Llama-3.3-70B-Instruct-Turbo,Effective
f7b849c46624bb382b62,20260923T102212_92fcf899:47,8,meta-llama/Llama-3.3-70B-Instruct-Turbo,Effective
8fbbc491ec2dcadec920,20260923T102212_92fcf899:47,9,meta-llama/Llama-3.3-70B-Instruct-Turbo,Effective
7e942aa4a6ce85d0b9db,20260923T102212_92fcf899:48,0,meta-llama/Llama-3.3-70B-Instruct-Turbo,Boring
4aacb30010d5fe31f399,20260923T102212_92fcf899:48,1,meta-llama/Llama-3.3-70B-Instruct-Turbo,Boring
4196c16ca38b26a54552,20260923T102212_92fcf899:48,2,meta-llama/Llama-3.3-70B-Instruct-Turbo,Boring
db940a32ab4c0f0a05fe,20260923T102212_92fcf899:48,3,meta-llama/Llama-3.3-70B-Instruct-Turbo,Boring
fde49902c42d9f4db7f9,20260923T102212_92fcf899:48,4,meta-llama/Llama-3.3-70B-Instruct-Turbo,Boring
8c56fb2f9f241ffec62c,20260923T102212_92fcf899:48,5,meta-llama/Llama-3.3-70B-Instruct-Turbo,Boring
a809e8b194c58a27f7b9,20260923T102212_92fcf899:48,6,meta-llama/Llama-3.3-70B-Instruct-Turbo,Boring
d86242cdfbe26faccf82,20260923T102212_92fcf899:48,7,meta-llama/Llama-3.3-70B-Instruct-Turbo,Boring
c7958b0be0a4b62dc14a,20260923T102212_92fcf899:48,8,meta-llama/Llama-3.3-70B-Instruct-Turbo,Boring
8687af2d17307eb3fb57,20260923T102212_92fcf899:48,9,meta-llama/Llama-3.3-70B-Instruct-Turbo,Boring
26fed05a40ad80cac9b6,20260923T102212_92fcf899:49,0,meta-llama/Llama-3.3-70B-Instruct-Turbo,Creative
1cbfb62076fae731abc7,20260923T102212_92fcf899:49,1,meta-llama/Llama-3.3-70B-Instruct-Turbo,Creative
14315a0f0e5d0fa3f1db,20260923T102212_92fcf899:49,2,meta-llama/Llama-3.3-70B-Instruct-Turbo,Creative
b7e96d14bbfc9154afcb,20260923T102212_92fcf899:49,3,meta-llama/Llama-3.3-70B-Instruct-Turbo,Creative
de182c79e4a1a016fef1,20260923T102212_92fcf899:49,4,meta-llama/Llama-3.3-70B-Instruct-Turbo,Creative
f97a35c2c04cf2064153,20260923T102212_92fcf899:49,5,meta-llama/Llama-3.3-70B-Instruct-Turbo,Creative
abb40ff08082a71a4888,20260923T102212_92fcf899:49,6,meta-llama/Llama-3.3-70B-Instruct-Turbo,Creative
f6400268bed466efafbb,20260923T102212_92fcf899:49,7,meta-llama/Llama-3.3-70B-Instruct-Turbo,Creative
f71ab4dda2ba20af8981,20260923T102212_92fcf899:49,8,meta-llama/Llama-3.3-70B-Instruct-Turbo,Creative
f89618e3dbc8f6ca5ce0,20260923T102212_92fcf899:49,9,meta-llama/Llama-3.3-70B-Instruct-Turbo,Creative
c3e271afaf72f3f80878,20260923T102212_92fcf899:50,0,meta-llama/Llama-3.3-70B-Instruct-Turbo,Standard
9c0b0524acb8e693e818,20260923T102212_92fcf899:50,1,meta-llama/Llama-3.3-70B-Instruct-Turbo,Standard
c8540fe5f23d63e0dc10,20260923T102212_92fcf899:50,2,meta-llama/Llama-3.3-70B-Instruct-Turbo,Standard
0c02c9c1491dd3f35578,20260923T102212_92fcf899:50,3,meta-llama/Llama-3.3-70B-Instruct-Turbo,Standard
c4078c93c1884d2bd0f9,20260923T102212_92fcf899:50,4,meta-llama/Llama-3.3-70B-Instruct-Turbo,Standard
f2fdc967fbd43a9c4f70,20260923T102212_92fcf899:50,5,meta-llama/Llama-3.3-70B-Instruct-Turbo,Standard
77868c05106d23f82ece,20260923T102212_92fcf899:50,6,meta-llama/Llama-3.3-70B-Instruct-Turbo,Standard
de8a99bc0ef2bbe5bd79,20260923T102212_92fcf899:50,7,meta-llama/Llama-3.3-70B-Instruct-Turbo,Standard
dbff7ae60bdc65558ced,20260923T102212_92fcf899:50,8,meta-llama/Llama-3.3-70B-Instruct-Turbo,Standard
2896118dfe254bcfbd27,20260923T102212_92fcf899:50,9,meta-llama/Llama-3.3-70B-Instruct-Turbo,Standard
82ac0c336c2bb77cac02,20260923T102212_92fcf899:51,0,meta-llama/Llama-3.3-70B-Instruct-Turbo,Conventional
e152de70f987378ac257,20260923T102212_92fcf899:51,1,meta-llama/Llama-3.3-70B-Instruct-Turbo,Conventional
8d15f71237f7dcdfcd6a,20260923T102212_92fcf899:51,2,meta-llama/Llama-3.3-70B-Instruct-Turbo,Conventional
0570525bcb4e98bff9d7,20260923T102212_92fcf899:51,3,meta-llama/Llama-3.3-70B-Instruct-Turbo,Conventional
89130b28d97ffaf86d6c,20260923T102212_92fcf899:51,4,meta-llama/Llama-3.3-70B-Instruct-Turbo,Conventional
6f32df2ef2c40ac84f98,20260923T102212_92fcf899:51,5,meta-llama/Llama-3.3-70B-Instruct-Turbo,Conventional
c2d07a13350593682dfa,20260923T102212_92fcf899:51,6,meta-llama/Llama-3.3-70B-Instruct-Turbo,Conventional
4d04f2aeaeb33551699e,20260923T102212_92fcf899:51,7,meta-llama/Llama-3.3-70B-Instruct-Turbo,Conventional
6f72f246364b3e114db8,20260923T102212_92fcf899:51,8,meta-llama/Llama-3.3-70B-Instruct-Turbo,Conventional
d5ee21657ba6d939ba1d,20260923T102212_92fcf899:51,9,meta-llama/Llama-3.3-70B-Instruct-Turbo,Conventional
6d9c1195247523fa0af8,20260923T102212_92fcf899:52,0,meta-llama/Llama-3.3-70B-Instruct-Turbo,Effective
e237837275f0bc9fa703,20260923T102212_92fcf899:52,1,meta-llama/Llama-3.3-70B-Instruct-Turbo,Effective
df0723ef080ebd479cc4,20260923T102212_92fcf899:52,2,meta-llama/Llama-3.3-70B-Instruct-Turbo,Effective
71b4f783e602a290d90d,20260923T102212_92fcf899:52,3,meta-llama/Llama-3.3-70B-Instruct-Turbo,Effective
ec0ec569eae7ae4882dd,20260923T102212_92fcf899:52,4,meta-llama/Llama-3.3-70B-Instruct-Turbo,Effective
564d0e902875700bc4e1,20260923T102212_92fcf899:52,5,meta-llama/Llama-3.3-70B-Instruct-Turbo,Effective
6634c7ea64788fe09b3f,20260923T102212_92fcf899:52,6,meta-llama/Llama-3.3-70B-Instruct-Turbo,Effective
a69c3ae909b877fdeee8,20260923T102212_92fcf899:52,7,meta-llama/Llama-3.3-70B-Instruct-Turbo,Effective
e8a7c42cdf1eec0a57f4,20260923T102212_92fcf899:52,8,meta-llama/Llama-3.3-70B-Instruct-Turbo,Effective
f04cbf86377df02a7f20,20260923T102212_92fcf899:52,9,meta-llama/Llama-3.3-70B-Instruct-Turbo,Effective
bcbac59275e914b0a1fb,20260923T102212_92fcf899:53,0,meta-llama/Llama-3.3-70B-Instruct-Turbo,Boring
ceadff6ca74c2bd3b49f,20260923T102212_92fcf899:53,1,meta-llama/Llama-3.3-70B-Instruct-Turbo,Boring
c42df0815905c9718eb7,20260923T102212_92fcf899:53,2,meta-llama/Llama-3.3-70B-Instruct-Turbo,Boring
41d1b8cabedc883ff597,20260923T102212_92fcf899:53,3,meta-llama/Llama-3.3-70B-Instruct-Turbo,Boring
a1f8c283aae663531179,20260923T102212_92fcf899:53,4,meta-llama/Llama-3.3-70B-Instruct-Turbo,Boring
ecacd12c447ef6a9d58e,20260923T102212_92fcf899:53,5,meta-llama/Llama-3.3-70B-Instruct-Turbo,Boring
7c7b35035f0e13b6966f,20260923T102212_92fcf899:53,6,meta-llama/Llama-3.3-70B-Instruct-Turbo,Boring
3f9a5615176fa850c057,20260923T102212_92fcf899:53,7,meta-llama/Llama-3.3-70B-Instruct-Turbo,Boring
87c8435cf488390b31c8,20260923T102212_92fcf899:53,8,meta-llama/Llama-3.3-70B-Instruct-Turbo,Boring
bd7b0b376d7507ea568c,20260923T102212_92fcf899:53,9,meta-llama/Llama-3.3-70B-Instruct-Turbo,Boring
171730e9552497c2c030,20260923T102212_92fcf899:54,0,meta-llama/Llama-3.3-70B-Instruct-Turbo,Creative
d1b8fee0a9f0edb41605,20260923T102212_92fcf899:54,1,meta-llama/Llama-3.3-70B-Instruct-Turbo,Creative
07e4d318ce19aa1995e2,20260923T102212_92fcf899:54,2,meta-llama/Llama-3.3-70B-Instruct-Turbo,Creative
229ebc5f93cf04f5d0dd,20260923T102212_92fcf899:54,3,meta-llama/Llama-3.3-70B-Instruct-Turbo,Creative
0bd66cfb63eb68683c26,20260923T102212_92fcf899:54,4,meta-llama/Llama-3.3-70B-Instruct-Turbo,Creative
c0585d22edb71d48dc55,20260923T102212_92fcf899:54,5,meta-llama/Llama-3.3-70B-Instruct-Turbo,Creative
937a61b73244b56563ba,20260923T102212_92fcf899:54,6,meta-llama/Llama-3.3-70B-Instruct-Turbo,Creative
4ed390944b9c7819b913,20260923T102212_92fcf899:54,7,meta-llama/Llama-3.3-70B-Instruct-Turbo,Creative
ee885295de30b1104cf5,20260923T102212_92fcf899:54,8,meta-llama/Llama-3.3-70B-Instruct-Turbo,Creative
2bb1d41a841fa4af33ec,20260923T102212_92fcf899:54,9,meta-llama/Llama-3.3-70B-Instruct-Turbo,Creative
d52bdb29715f834f26f4,20260923T102212_92fcf899:55,0,meta-llama/Llama-3.3-70B-Instruct-Turbo,Standard
69dbcca6f34027e3e303,20260923T102212_92fcf899:55,1,meta-llama/Llama-3.3-70B-Instruct-Turbo,Standard
8868de6fa0cb36a6f6a6,20260923T102212_92fcf899:55,2,meta-llama/Llama-3.3-70B-Instruct-Turbo,Standard
e5a5af7d2ff414dd6971,20260923T102212_92fcf899:55,3,meta-llama/Llama-3.3-70B-Instruct-Turbo,Standard
754eb7a55b0a7d182c1c,20260923T102212_92fcf899:55,4,meta-llama/Llama-3.3-70B-Instruct-Turbo,Standard
72dfaca566fdba52445e,20260923T102212_92fcf899:55,5,meta-llama/Llama-3.3-70B-Instruct-Turbo,Standard
5bafbf6c02c74b81a36c,20260923T102212_92fcf899:55,6,meta-llama/Llama-3.3-70B-Instruct-Turbo,Standard
bf8ec07a0bde5518d05a,20260923T102212_92fcf899:55,7,meta-llama/Llama-3.3-70B-Instruct-Turbo,Standard
ae3bf47adb0bc72b62e9,20260923T102212_92fcf899:55,8,meta-llama/Llama-3.3-70B-Instruct-Turbo,Standard
4b97003fa8ebab83dee8,20260923T102212_92fcf899:55,9,meta-llama/Llama-3.3-70B-Instruct-Turbo,Standard
cbac353c488311add74e,20260923T102212_92fcf899:56,0,meta-llama/Llama-3.3-70B-Instruct-Turbo,Conventional
ba29e025815d4eb765a0,20260923T102212_92fcf899:56,1,meta-llama/Llama-3.3-70B-Instruct-Turbo,Conventional
ca315d48e211803378fe,20260923T102212_92fcf899:56,2,meta-llama/Llama-3.3-70B-Instruct-Turbo,Conventional
0a259838facea384cbca,20260923T102212_92fcf899:56,3,meta-llama/Llama-3.3-70B-Instruct-Turbo,Conventional
cf1ed3bf2dd1bf09bde6,20260923T102212_92fcf899:56,4,meta-llama/Llama-3.3-70B-Instruct-Turbo,Conventional
a890658ee0023018baa3,20260923T102212_92fcf899:56,5,meta-llama/Llama-3.3-70B-Instruct-Turbo,Conventional
5cf1dee6f1b1d4a0e046,20260923T102212_92fcf899:56,6,meta-llama/Llama-3.3-70B-Instruct-Turbo,Conventional
962bebd0e4384947ddcd,20260923T102212_92fcf899:56,7,meta-llama/Llama-3.3-70B-Instruct-Turbo,Conventional
1f8be17b09f3a2ce6173,20260923T102212_92fcf899:56,8,meta-llama/Llama-3.3-70B-Instruct-Turbo,Conventional
023564ada8c8eec084ca,20260923T102212_92fcf899:56,9,meta-llama/Llama-3.3-70B-Instruct-Turbo,Conventional
3431a5b8590e03e28af6,20260923T102212_92fcf899:57,0,meta-llama/Llama-3.3-70B-Instruct-Turbo,Effective
2ef74f3693e976f1e8e2,20260923T102212_92fcf899:57,1,meta-llama/Llama-3.3-70B-Instruct-Turbo,Effective
7954b9afc1aec545252f,20260923T102212_92fcf899:57,2,meta-llama/Llama-3.3-70B-Instruct-Turbo,Effective
52f3507bae7290f85d68,20260923T102212_92fcf899:57,3,meta-llama/Llama-3.3-70B-Instruct-Turbo,Effective
f22231dae6706b514d12,20260923T102212_92fcf899:57,4,meta-llama/Llama-3.3-70B-Instruct-Turbo,Effective
47800a757b654fa434eb,20260923T102212_92fcf899:57,5,meta-llama/Llama-3.3-70B-Instruct-Turbo,Effective
1fcd1d1d6e3eea29ec08,20260923T102212_92fcf899:57,6,meta-llama/Llama-3.3-70B-Instruct-Turbo,Effective
5553fbf5203f6ed01117,20260923T102212_92fcf899:57,7,meta-llama/Llama-3.3-70B-Instruct-Turbo,Effective
ea50cab964c1a70bcd4f,20260923T102212_92fcf899:57,8,meta-llama/Llama-3.3-70B-Instruct-Turbo,Effective
a064b4b82bc1b84c1345,20260923T102212_92fcf899:57,9,meta-llama/Llama-3.3-70B-Instruct-Turbo,Effective
ca43bec293c2bb0b7300,20260923T102212_92fcf899:58,0,meta-llama/Llama-3.3-70B-Instruct-Turbo,Boring
0b8a71e4944b8956cda5,20260923T102212_92fcf899:58,1,meta-llama/Llama-3.3-70B-Instruct-Turbo,Boring
68df04f36c18b4bfdc41,20260923T102212_92fcf899:58,2,meta-llama/Llama-3.3-70B-Instruct-Turbo,Boring
5d9e278d6cf27107b0bb,20260923T102212_92fcf899:58,3,meta-llama/Llama-3.3-70B-Instruct-Turbo,Boring
18a76d2d550a81455ed7,20260923T102212_92fcf899:58,4,meta-llama/Llama-3.3-70B-Instruct-Turbo,Boring
258aa5e5a984eec588ec,20260923T102212_92fcf899:58,5,meta-llama/Llama-3.3-70B-Instruct-Turbo,Boring
d6a95919f39353633535,20260923T102212_92fcf899:58,6,meta-llama/Llama-3.3-70B-Instruct-Turbo,Boring
e648cd5c99280f89f364,20260923T102212_92fcf899:58,7,meta-llama/Llama-3.3-70B-Instruct-Turbo,Boring
db619c0c62a25c409df7,20260923T102212_92fcf899:58,8,meta-llama/Llama-3.3-70B-Instruct-Turbo,Boring
2f7eebc301e7ceed3e22,20260923T102212_92fcf899:58,9,meta-llama/Llama-3.3-70B-Instruct-Turbo,Boring
c600a8a9a67b23dfa2a9,20260923T102212_92fcf899:59,0,meta-llama/Llama-3.3-70B-Instruct-Turbo,Creative
0cc45d0ac495fa783294,20260923T102212_92fcf899:59,1,meta-llama/Llama-3.3-70B-Instruct-Turbo,Creative
077825a65905fb0168fc,20260923T102212_92fcf899:59,2,meta-llama/Llama-3.3-70B-Instruct-Turbo,Creative
33f2726189095b9e4f02,20260923T102212_92fcf899:59,3,meta-llama/Llama-3.3-70B-Instruct-Turbo,Creative
9cb69c9c15b3bdb78a17,20260923T102212_92fcf899:59,4,meta-llama/Llama-3.3-70B-Instruct-Turbo,Creative
d426ce1f2c0b76e14c5e,20260923T102212_92fcf899:59,5,meta-llama/Llama-3.3-70B-Instruct-Turbo,Creative
1d73f4e57ceae35a1b7b,20260923T102212_92fcf899:59,6,meta-llama/Llama-3.3-70B-Instruct-Turbo,Creative
96df5a131cc922e89706,20260923T102212_92fcf899:59,7,meta-llama/Llama-3.3-70B-Instruct-Turbo,Creative
a999e88ea9d128d4ba81,20260923T102212_92fcf899:59,8,meta-llama/Llama-3.3-70B-Instruct-Turbo,Creative
0f7289f2001a4f5398c3,20260923T102212_92fcf899:59,9,meta-llama/Llama-3.3-70B-Instruct-Turbo,Creative
f9cadf3f4a4a003f578f,20260923T102212_92fcf899:60,0,meta-llama/Llama-3.3-70B-Instruct-Turbo,Standard
8c740c1f878b99852ea9,20260923T102212_92fcf899:60,1,meta-llama/Llama-3.3-70B-Instruct-Turbo,Standard
10a61632388142ad4984,20260923T102212_92fcf899:60,2,meta-llama/Llama-3.3-70B-Instruct-Turbo,Standard
2db04b1b5697104242ff,20260923T102212_92fcf899:60,3,meta-llama/Llama-3.3-70B-Instruct-Turbo,Standard
a4fbca0f0f0ae7c9dc88,20260923T102212_92fcf899:60,4,meta-llama/Llama-3.3-70B-Instruct-Turbo,Standard
72c7a3500c3831799d98,20260923T102212_92fcf899:60,5,meta-llama/Llama-3.3-70B-Instruct-Turbo,Standard
e4b7d2a69db20d121f8e,20260923T102212_92fcf899:60,6,meta-llama/Llama-3.3-70B-Instruct-Turbo,Standard
b13aca895730588f7a1d,20260923T102212_92fcf899:60,7,meta-llama/Llama-3.3-70B-Instruct-Turbo,Standard
57f841605cf8ce82cd6e,20260923T102212_92fcf899:60,8,meta-llama/Llama-3.3-70B-Instruct-Turbo,Standard
abd2df1619543cb8ce3e,20260923T102212_92fcf899:60,9,meta-llama/Llama-3.3-70B-Instruct-Turbo,Standard
d8ca8d9afda1f90ccd09,20260923T102212_92fcf899:61,0,meta-llama/Llama-3.3-70B-Instruct-Turbo,Conventional
30d5ea6268f64a14c687,20260923T102212_92fcf899:61,1,meta-llama/Llama-3.3-70B-Instruct-Turbo,Conventional
5b698f6c6ab57e5950ff,20260923T102212_92fcf899:61,2,meta-llama/Llama-3.3-70B-Instruct-Turbo,Conventional
1ccea73e2e8ec72b2e7f,20260923T102212_92fcf899:61,3,meta-llama/Llama-3.3-70B-Instruct-Turbo,Conventional
e4ea3db7c6e001ee97df,20260923T102212_92fcf899:61,4,meta-llama/Llama-3.3-70B-Instruct-Turbo,Conventional
e523de78347808f88058,20260923T102212_92fcf899:61,5,meta-llama/Llama-3.3-70B-Instruct-Turbo,Conventional
740933cc183dd1cdf599,20260923T102212_92fcf899:61,6,meta-llama/Llama-3.3-70B-Instruct-Turbo,Conventional
d03d52fe8a10e1d70ac4,20260923T102212_92fcf899:61,7,meta-llama/Llama-3.3-70B-Instruct-Turbo,Conventional
c1cc6156d7d737639f64,20260923T102212_92fcf899:61,8,meta-llama/Llama-3.3-70B-Instruct-Turbo,Conventional
06fd03511008738b9f78,20260923T102212_92fcf899:61,9,meta-llama/Llama-3.3-70B-Instruct-Turbo,Conventional
8673d90d95da190051b1,20260923T102212_92fcf899:62,0,meta-llama/Llama-3.3-70B-Instruct-Turbo,Effective
04cef9209c2ca9d6b834,20260923T102212_92fcf899:62,1,meta-llama/Llama-3.3-70B-Instruct-Turbo,Effective
5cced4788287c1e6c1cb,20260923T102212_92fcf899:62,2,meta-llama/Llama-3.3-70B-Instruct-Turbo,Effective
afbdccebc9dd64b62f22,20260923T102212_92fcf899:62,3,meta-llama/Llama-3.3-70B-Instruct-Turbo,Effective
f0714379d6dea5a6bc8a,20260923T102212_92fcf899:62,4,meta-llama/Llama-3.3-70B-Instruct-Turbo,Effective
edd93765cd2afd4b4f3c,20260923T102212_92fcf899:62,5,meta-llama/Llama-3.3-70B-Instruct-Turbo,Effective
2de0f0200f1b1bbfcc53,20260923T102212_92fcf899:62,6,meta-llama/Llama-3.3-70B-Instruct-Turbo,Effective
eacb85613d7fd9bff3eb,20260923T102212_92fcf899:62,7,meta-llama/Llama-3.3-70B-Instruct-Turbo,Effective
0a4fd40c303e305b77ae,20260923T102212_92fcf899:62,8,meta-llama/Llama-3.3-70B-Instruct-Turbo,Effective
55ffa6e349a3a7484d93,20260923T102212_92fcf899:62,9,meta-llama/Llama-3.3-70B-Instruct-Turbo,Effective
6d425f36e00e16ea46f3,20260923T102212_92fcf899:63,0,meta-llama/Llama-3.3-70B-Instruct-Turbo,Boring
f87a8d0666cd737fbc90,20260923T102212_92fcf899:63,1,meta-llama/Llama-3.3-70B-Instruct-Turbo,Boring
d618cceb2615ec516d5f,20260923T102212_92fcf899:63,2,meta-llama/Llama-3.3-70B-Instruct-Turbo,Boring
3816d46c03e5ffc2b7ae,20260923T102212_92fcf899:63,3,meta-llama/Llama-3.3-70B-Instruct-Turbo,Boring
735691db4e912a948191,20260923T102212_92fcf899:63,4,meta-llama/Llama-3.3-70B-Instruct-Turbo,Boring
979d91a8bf5915052124,20260923T102212_92fcf899:63,5,meta-llama/Llama-3.3-70B-Instruct-Turbo,Boring
36864e23bc91f5c96ec0,20260923T102212_92fcf899:63,6,meta-llama/Llama-3.3-70B-Instruct-Turbo,Boring
fcbcc447144d19e626c7,20260923T102212_92fcf899:63,7,meta-llama/Llama-3.3-70B-Instruct-Turbo,Boring
ae3a79d9efbc86ce1865,20260923T102212_92fcf899:63,8,meta-llama/Llama-3.3-70B-Instruct-Turbo,Boring
6c8c9462cd398c11d3f5,20260923T102212_92fcf899:63,9,meta-llama/Llama-3.3-70B-Instruct-Turbo,Boring
b11b5a526aaf3ddd5527,20260923T102212_92fcf899:64,0,meta-llama/Llama-3.3-70B-Instruct-Turbo,Creative
1b8cebe08293e4d83b80,20260923T102212_92fcf899:64,1,meta-llama/Llama-3.3-70B-Instruct-Turbo,Creative
4b6f5837ac452a1574f4,20260923T102212_92fcf899:64,2,meta-llama/Llama-3.3-70B-Instruct-Turbo,Creative
77f83e5cd2c3379e30c5,20260923T102212_92fcf899:64,3,meta-llama/Llama-3.3-70B-Instruct-Turbo,Creative
73928e9d7d6b39c20f90,20260923T102212_92fcf899:64,4,meta-llama/Llama-3.3-70B-Instruct-Turbo,Creative
41d96dbb1d81ea07ee08,20260923T102212_92fcf899:64,5,meta-llama/Llama-3.3-70B-Instruct-Turbo,Creative
a0cfa2006c3a9edbdd3a,20260923T102212_92fcf899:64,6,meta-llama/Llama-3.3-70B-Instruct-Turbo,Creative
5b206581b70c10de5487,20260923T102212_92fcf899:64,7,meta-llama/Llama-3.3-70B-Instruct-Turbo,Creative
fa2041c6647388cfbb8a,20260923T102212_92fcf899:64,8,meta-llama/Llama-3.3-70B-Instruct-Turbo,Creative
2dba490e8ed11010f89e,20260923T102212_92fcf899:64,9,meta-llama/Llama-3.3-70B-Instruct-Turbo,Creative
39e195fb50dc1c16852a,20260923T102212_92fcf899:65,0,meta-llama/Llama-3.3-70B-Instruct-Turbo,Standard
46ad922b1700f530b751,20260923T102212_92fcf899:65,1,meta-llama/Llama-3.3-70B-Instruct-Turbo,Standard
6300fc55f8916e9cc6a3,20260923T102212_92fcf899:65,2,meta-llama/Llama-3.3-70B-Instruct-Turbo,Standard
8d2888b4c7f7e60a8d0c,20260923T102212_92fcf899:65,3,meta-llama/Llama-3.3-70B-Instruct-Turbo,Standard
c9a75b417d6a78feef79,20260923T102212_92fcf899:65,4,meta-llama/Llama-3.3-70B-Instruct-Turbo,Standard
f72a48d26c6338f35f0c,20260923T102212_92fcf899:65,5,meta-llama/Llama-3.3-70B-Instruct-Turbo,Standard
ffa0e908b27a8b722b4b,20260923T102212_92fcf899:65,6,meta-llama/Llama-3.3-70B-Instruct-Turbo,Standard
6ecae7b83850a0fd66fd,20260923T102212_92fcf899:65,7,meta-llama/Llama-3.3-70B-Instruct-Turbo,Standard
6ad5f9de83abc9682894,20260923T102212_92fcf899:65,8,meta-llama/Llama-3.3-70B-Instruct-Turbo,Standard
23092ab0b294c7630f02,20260923T102212_92fcf899:65,9,meta-llama/Llama-3.3-70B-Instruct-Turbo,Standard
9ce53515568a76251427,20260923T102212_92fcf899:66,0,meta-llama/Llama-3.3-70B-Instruct-Turbo,Conventional
62ffdc6fa5869a40c821,20260923T102212_92fcf899:66,1,meta-llama/Llama-3.3-70B-Instruct-Turbo,Conventional
2f19e73dd859413089f0,20260923T102212_92fcf899:66,2,meta-llama/Llama-3.3-70B-Instruct-Turbo,Conventional
dfe31f2b1ea0ef388102,20260923T102212_92fcf899:66,3,meta-llama/Llama-3.3-70B-Instruct-Turbo,Conventional
654378d359e41e929f7a,20260923T102212_92fcf899:66,4,meta-llama/Llama-3.3-70B-Instruct-Turbo,Conventional
68f3fb8f99ac993dc11f,20260923T102212_92fcf899:66,5,meta-llama/Llama-3.3-70B-Instruct-Turbo,Conventional
1641b0cf1cfc0acf461a,20260923T102212_92fcf899:66,6,meta-llama/Llama-3.3-70B-Instruct-Turbo,Conventional
625ac38f947196d282b6,20260923T102212_92fcf899:66,7,meta-llama/Llama-3.3-70B-Instruct-Turbo,Conventional
76f32a6ccd4d0a320168,20260923T102212_92fcf899:66,8,meta-llama/Llama-3.3-70B-Instruct-Turbo,Conventional
9337c589e8c251f3045e,20260923T102212_92fcf899:66,9,meta-llama/Llama-3.3-70B-Instruct-Turbo,Conventional
3798a7fd3258431bd35a,20260923T102212_92fcf899:67,0,meta-llama/Llama-3.3-70B-Instruct-Turbo,Effective
d0dd43d2799f3b726b37,20260923T102212_92fcf899:67,1,meta-llama/Llama-3.3-70B-Instruct-Turbo,Effective
7b23b68d47ef3b7defff,20260923T102212_92fcf899:67,2,meta-llama/Llama-3.3-70B-Instruct-Turbo,Effective
29fcf7cf1dd4b870c269,20260923T102212_92fcf899:67,3,meta-llama/Llama-3.3-70B-Instruct-Turbo,Effective
3a9e39bce67f8fb7e91a,20260923T102212_92fcf899:67,4,meta-llama/Llama-3.3-70B-Instruct-Turbo,Effective
1abebac03ae1aadda734,20260923T102212_92fcf899:67,5,meta-llama/Llama-3.3-70B-Instruct-Turbo,Effective
96cdde2b27813a978f74,20260923T102212_92fcf899:67,6,meta-llama/Llama-3.3-70B-Instruct-Turbo,Effective
06168885e2811cd335a8,20260923T102212_92fcf899:67,7,meta-llama/Llama-3.3-70B-Instruct-Turbo,Effective
7ae3005dbe09bf5376bb,20260923T102212_92fcf899:67,8,meta-llama/Llama-3.3-70B-Instruct-Turbo,Effective
558d11efc76aba5ebe62,20260923T102212_92fcf899:67,9,meta-llama/Llama-3.3-70B-Instruct-Turbo,Effective
bf22579f3b0adc19f31d,20260923T102212_92fcf899:68,0,meta-llama/Llama-3.3-70B-Instruct-Turbo,Boring
efc8c9ccb17ae4ac23c2,20260923T102212_92fcf899:68,1,meta-llama/Llama-3.3-70B-Instruct-Turbo,Boring
6f4b89cc5c581c42298c,20260923T102212_92fcf899:68,2,meta-llama/Llama-3.3-70B-Instruct-Turbo,Boring
f27689c959603d22acaa,20260923T102212_92fcf899:68,3,meta-llama/Llama-3.3-70B-Instruct-Turbo,Boring
29bc929ce928d877df48,20260923T102212_92fcf899:68,4,meta-llama/Llama-3.3-70B-Instruct-Turbo,Boring
ac34a6ece45387734a3b,20260923T102212_92fcf899:68,5,meta-llama/Llama-3.3-70B-Instruct-Turbo,Boring
ab395ef6434a91b0fba3,20260923T102212_92fcf899:68,6,meta-llama/Llama-3.3-70B-Instruct-Turbo,Boring
7101c182ac4862dd0910,20260923T102212_92fcf899:68,7,meta-llama/Llama-3.3-70B-Instruct-Turbo,Boring
38320fa905a4201ba729,20260923T102212_92fcf899:68,8,meta-llama/Llama-3.3-70B-Instruct-Turbo,Boring
31f88347330fec98ddee,20260923T102212_92fcf899:68,9,meta-llama/Llama-3.3-70B-Instruct-Turbo,Boring
e94dd257324cea9f00af,20260923T102212_92fcf899:69,0,meta-llama/Llama-3.3-70B-Instruct-Turbo,Creative
b7b8a574130decd8bda4,20260923T102212_92fcf899:69,1,meta-llama/Llama-3.3-70B-Instruct-Turbo,Creative
a6253c7f6e47f81b2e46,20260923T102212_92fcf899:69,2,meta-llama/Llama-3.3-70B-Instruct-Turbo,Creative
d83d6d4a567e4d579edb,20260923T102212_92fcf899:69,3,meta-llama/Llama-3.3-70B-Instruct-Turbo,Creative
771f0d89c8cf14e810f9,20260923T102212_92fcf899:69,4,meta-llama/Llama-3.3-70B-Instruct-Turbo,Creative
78e7eb1013fcb5bb7fe2,20260923T102212_92fcf899:69,5,meta-llama/Llama-3.3-70B-Instruct-Turbo,Creative
da0b5c5b58ad577b8c72,20260923T102212_92fcf899:69,6,meta-llama/Llama-3.3-70B-Instruct-Turbo,Creative
ffe6ba754c1260d531e3,20260923T102212_92fcf899:69,7,meta-llama/Llama-3.3-70B-Instruct-Turbo,Creative
898d1a2a2d2c00ef1abc,20260923T102212_92fcf899:69,8,meta-llama/Llama-3.3-70B-Instruct-Turbo,Creative
491212ee9e771fa90b16,20260923T102212_92fcf899:69,9,meta-llama/Llama-3.3-70B-Instruct-Turbo,Creative
4c3901af23f4530e0163,20260923T102212_92fcf899:70,0,meta-llama/Llama-3.3-70B-Instruct-Turbo,Standard
c308d48636481cdd958f,20260923T102212_92fcf899:70,1,meta-llama/Llama-3.3-70B-Instruct-Turbo,Standard
2ed1648d69b8daa6456f,20260923T102212_92fcf899:70,2,meta-llama/Llama-3.3-70B-Instruct-Turbo,Standard
fb64adbbea5e0d59062c,20260923T102212_92fcf899:70,3,meta-llama/Llama-3.3-70B-Instruct-Turbo,Standard
14cb5c4639b750c4c08b,20260923T102212_92fcf899:70,4,meta-llama/Llama-3.3-70B-Instruct-Turbo,Standard
139d579e548f72ab44e4,20260923T102212_92fcf899:70,5,meta-llama/Llama-3.3-70B-Instruct-Turbo,Standard
29ebe197b544fde222d5,20260923T102212_92fcf899:70,6,meta-llama/Llama-3.3-70B-Instruct-Turbo,Standard
114c567295e421d21df7,20260923T102212_92fcf899:70,7,meta-llama/Llama-3.3-70B-Instruct-Turbo,Standard
d88b55b72316fb8f1b5c,20260923T102212_92fcf899:70,8,meta-llama/Llama-3.3-70B-Instruct-Turbo,Standard
2cecc4ec92c9f0e1b5c0,20260923T102212_92fcf899:70,9,meta-llama/Llama-3.3-70B-Instruct-Turbo,Standard
bcabfe51e9354bb582ec,20260923T102212_92fcf899:71,0,meta-llama/Llama-3.3-70B-Instruct-Turbo,Conventional
fd4109df75d39021ffd5,20260923T102212_92fcf899:71,1,meta-llama/Llama-3.3-70B-Instruct-Turbo,Conventional
970158e85ab158be1ba0,20260923T102212_92fcf899:71,2,meta-llama/Llama-3.3-70B-Instruct-Turbo,Conventional
313dca406fd3f948bdd8,20260923T102212_92fcf899:71,3,meta-llama/Llama-3.3-70B-Instruct-Turbo,Conventional
2ebd1d3e331acd471089,20260923T102212_92fcf899:71,4,meta-llama/Llama-3.3-70B-Instruct-Turbo,Conventional
220cdbc66a6da5da5fac,20260923T102212_92fcf899:71,5,meta-llama/Llama-3.3-70B-Instruct-Turbo,Conventional
00c13a59b78e99601f46,20260923T102212_92fcf899:71,6,meta-llama/Llama-3.3-70B-Instruct-Turbo,Conventional
b78f35ad0af22eccf80e,20260923T102212_92fcf899:71,7,meta-llama/Llama-3.3-70B-Instruct-Turbo,Conventional
1230b63ccdffc0b40795,20260923T102212_92fcf899:71,8,meta-llama/Llama-3.3-70B-Instruct-Turbo,Conventional
e430f3b2c122d425307b,20260923T102212_92fcf899:71,9,meta-llama/Llama-3.3-70B-Instruct-Turbo,Conventional
6a4a96cc5b535825ba2e,20260923T102212_92fcf899:72,0,meta-llama/Llama-3.3-70B-Instruct-Turbo,Effective
c20f3995a9c240162d7f,20260923T102212_92fcf899:72,1,meta-llama/Llama-3.3-70B-Instruct-Turbo,Effective
88305f5b154e26f8fa22,20260923T102212_92fcf899:72,2,meta-llama/Llama-3.3-70B-Instruct-Turbo,Effective
53eb760b8aa446c1ad34,20260923T102212_92fcf899:72,3,meta-llama/Llama-3.3-70B-Instruct-Turbo,Effective
4ebf8d8561668b69dccb,20260923T102212_92fcf899:72,4,meta-llama/Llama-3.3-70B-Instruct-Turbo,Effective
185afab5c809c64f7696,20260923T102212_92fcf899:72,5,meta-llama/Llama-3.3-70B-Instruct-Turbo,Effective
b3c5d7476acb0e71a2da,20260923T102212_92fcf899:72,6,meta-llama/Llama-3.3-70B-Instruct-Turbo,Effective
8826f0068db516d10354,20260923T102212_92fcf899:72,7,meta-llama/Llama-3.3-70B-Instruct-Turbo,Effective
e7f5225015822dbcf821,20260923T102212_92fcf899:72,8,meta-llama/Llama-3.3-70B-Instruct-Turbo,Effective
096f78f13caf528bd5c0,20260923T102212_92fcf899:72,9,meta-llama/Llama-3.3-70B-Instruct-Turbo,Effective
68376032de4ba42106fd,20260923T102212_92fcf899:73,0,meta-llama/Llama-3.3-70B-Instruct-Turbo,Boring
dfc4876633b195f4e2e2,20260923T102212_92fcf899:73,1,meta-llama/Llama-3.3-70B-Instruct-Turbo,Boring
1f08b9a62847a18d140d,20260923T102212_92fcf899:73,2,meta-llama/Llama-3.3-70B-Instruct-Turbo,Boring
3c2807c8696afc9d778b,20260923T102212_92fcf899:73,3,meta-llama/Llama-3.3-70B-Instruct-Turbo,Boring
f505673d5a122b51e842,20260923T102212_92fcf899:73,4,meta-llama/Llama-3.3-70B-Instruct-Turbo,Boring
b66c2b73619bdd640409,20260923T102212_92fcf899:73,5,meta-llama/Llama-3.3-70B-Instruct-Turbo,Boring
80c417501ae82ff63f44,20260923T102212_92fcf899:73,6,meta-llama/Llama-3.3-70B-Instruct-Turbo,Boring
df705f188c799903b26c,20260923T102212_92fcf899:73,7,meta-llama/Llama-3.3-70B-Instruct-Turbo,Boring
d61749c08e4d03dcd2dc,20260923T102212_92fcf899:73,8,meta-llama/Llama-3.3-70B-Instruct-Turbo,Boring
d16eea7fb4c2cdba639f,20260923T102212_92fcf899:73,9,meta-llama/Llama-3.3-70B-Instruct-Turbo,Boring
385b7608f42568f0ff1d,20260923T102212_92fcf899:74,0,meta-llama/Llama-3.3-70B-Instruct-Turbo,Creative
996609cb07c373af917a,20260923T102212_92fcf899:74,1,meta-llama/Llama-3.3-70B-Instruct-Turbo,Creative
784bcdc2dd3082a169fc,20260923T102212_92fcf899:74,2,meta-llama/Llama-3.3-70B-Instruct-Turbo,Creative
c61449b9bcd0bbaa9070,20260923T102212_92fcf899:74,3,meta-llama/Llama-3.3-70B-Instruct-Turbo,Creative
63f12a41fed8c34abe23,20260923T102212_92fcf899:74,4,meta-llama/Llama-3.3-70B-Instruct-Turbo,Creative
2a5abadf4f007bcf0846,20260923T102212_92fcf899:74,5,meta-llama/Llama-3.3-70B-Instruct-Turbo,Creative
42b394e63609a26ed88b,20260923T102212_92fcf899:74,6,meta-llama/Llama-3.3-70B-Instruct-Turbo,Creative
d657c23ee2c785f027d5,20260923T102212_92fcf899:74,7,meta-llama/Llama-3.3-70B-Instruct-Turbo,Creative
d57ed4139803ccde71ac,20260923T102212_92fcf899:74,8,meta-llama/Llama-3.3-70B-Instruct-Turbo,Creative
d9ea617d9b1df7041e87,20260923T102212_92fcf899:74,9,meta-llama/Llama-3.3-70B-Instruct-Turbo,Creative
6fd90d15de66b5371cae,20260923T102212_92fcf899:75,0,meta-llama/Llama-3.3-70B-Instruct-Turbo,Standard
4f5b60fcc2317a82e48c,20260923T102212_92fcf899:75,1,meta-llama/Llama-3.3-70B-Instruct-Turbo,Standard
77176ebfa7fb68f6a44f,20260923T102212_92fcf899:75,2,meta-llama/Llama-3.3-70B-Instruct-Turbo,Standard
3db3969df77259f56cf8,20260923T102212_92fcf899:75,3,meta-llama/Llama-3.3-70B-Instruct-Turbo,Standard
298cb5be650d889638dc,20260923T102212_92fcf899:75,4,meta-llama/Llama-3.3-70B-Instruct-Turbo,Standard
215beecd3f7d8c072b45,20260923T102212_92fcf899:75,5,meta-llama/Llama-3.3-70B-Instruct-Turbo,Standard
9c468a331bd033c89a03,20260923T102212_92fcf899:75,6,meta-llama/Llama-3.3-70B-Instruct-Turbo,Standard
77ce7ba178c82474fd0a,20260923T102212_92fcf899:75,7,meta-llama/Llama-3.3-70B-Instruct-Turbo,Standard
7591f9e76b8e0f9b20f0,20260923T102212_92fcf899:75,8,meta-llama/Llama-3.3-70B-Instruct-Turbo,Standard
e9e0f272ec7d0817ab65,20260923T102212_92fcf899:75,9,meta-llama/Llama-3.3-70B-Instruct-Turbo,Standard
bbc7c97f552d2eb8c3fc,20260923T102212_92fcf899:76,0,meta-llama/Llama-3.3-70B-Instruct-Turbo,Conventional
43e63ec3452647d09103,20260923T102212_92fcf899:76,1,meta-llama/Llama-3.3-70B-Instruct-Turbo,Conventional
8dde713b72901e728c94,20260923T102212_92fcf899:76,2,meta-llama/Llama-3.3-70B-Instruct-Turbo,Conventional
145d129c19c7462dcbd5,20260923T102212_92fcf899:76,3,meta-llama/Llama-3.3-70B-Instruct-Turbo,Conventional
41dd4915115b759ab125,20260923T102212_92fcf899:76,4,meta-llama/Llama-3.3-70B-Instruct-Turbo,Conventional
af961d0597ba89ffeca3,20260923T102212_92fcf899:76,5,meta-llama/Llama-3.3-70B-Instruct-Turbo,Conventional
f7b251c2c0012395bbc2,20260923T102212_92fcf899:76,6,meta-llama/Llama-3.3-70B-Instruct-Turbo,Conventional
fead575059459399e602,20260923T102212_92fcf899:76,7,meta-llama/Llama-3.3-70B-Instruct-Turbo,Conventional
c409e20790a8b6d3a4d2,20260923T102212_92fcf899:76,8,meta-llama/Llama-3.3-70B-Instruct-Turbo,Conventional
e2953ef846ba22f6eb0f,20260923T102212_92fcf899:76,9,meta-llama/Llama-3.3-70B-Instruct-Turbo,Conventional
d9d11020ffcc08707089,20260923T102212_92fcf899:77,0,meta-llama/Llama-3.3-70B-Instruct-Turbo,Effective
4f74e247adf0e4af4a92,20260923T102212_92fcf899:77,1,meta-llama/Llama-3.3-70B-Instruct-Turbo,Effective
a01fbb7efc770c9c8094,20260923T102212_92fcf899:77,2,meta-llama/Llama-3.3-70B-Instruct-Turbo,Effective
fa52fe737d9f67614c37,20260923T102212_92fcf899:77,3,meta-llama/Llama-3.3-70B-Instruct-Turbo,Effective
b5ae3a9590898df9f13c,20260923T102212_92fcf899:77,4,meta-llama/Llama-3.3-70B-Instruct-Turbo,Effective
dbcba9e5aea08da9d011,20260923T102212_92fcf899:77,5,meta-llama/Llama-3.3-70B-Instruct-Turbo,Effective
fff5140a554a324e0a58,20260923T102212_92fcf899:77,6,meta-llama/Llama-3.3-70B-Instruct-Turbo,Effective
528033f118e3d32f36ea,20260923T102212_92fcf899:77,7,meta-llama/Llama-3.3-70B-Instruct-Turbo,Effective
b575a42b49677232c0a2,20260923T102212_92fcf899:77,8,meta-llama/Llama-3.3-70B-Instruct-Turbo,Effective
f2c753894a39ebd7f532,20260923T102212_92fcf899:77,9,meta-llama/Llama-3.3-70B-Instruct-Turbo,Effective
0a52a2134898cb17c140,20260923T102212_92fcf899:78,0,meta-llama/Llama-3.3-70B-Instruct-Turbo,Boring
f039e90fa7bb19899162,20260923T102212_92fcf899:78,1,meta-llama/Llama-3.3-70B-Instruct-Turbo,Boring
d6649b85ed960c6ed4d9,20260923T102212_92fcf899:78,2,meta-llama/Llama-3.3-70B-Instruct-Turbo,Boring
9b89cddeecac28dbe4e8,20260923T102212_92fcf899:78,3,meta-llama/Llama-3.3-70B-Instruct-Turbo,Boring
d0a77daad4f465df3a81,20260923T102212_92fcf899:78,4,meta-llama/Llama-3.3-70B-Instruct-Turbo,Boring
65ed311207de29d5c684,20260923T102212_92fcf899:78,5,meta-llama/Llama-3.3-70B-Instruct-Turbo,Boring
6a63f55fc5e900b7a3a1,20260923T102212_92fcf899:78,6,meta-llama/Llama-3.3-70B-Instruct-Turbo,Boring
ef7bb324ca17862ece59,20260923T102212_92fcf899:78,7,meta-llama/Llama-3.3-70B-Instruct-Turbo,Boring
3c75f307b00908d0bff2,20260923T102212_92fcf899:78,8,meta-llama/Llama-3.3-70B-Instruct-Turbo,Boring
c3557785aebd74d662f6,20260923T102212_92fcf899:78,9,meta-llama/Llama-3.3-70B-Instruct-Turbo,Boring
96398d129058c7acec10,20260923T102212_92fcf899:79,0,meta-llama/Llama-3.3-70B-Instruct-Turbo,Creative
6b232126c5eabd901f40,20260923T102212_92fcf899:79,1,meta-llama/Llama-3.3-70B-Instruct-Turbo,Creative
8db2efec69427660b43e,20260923T102212_92fcf899:79,2,meta-llama/Llama-3.3-70B-Instruct-Turbo,Creative
8080c45a1e0a86f374cf,20260923T102212_92fcf899:79,3,meta-llama/Llama-3.3-70B-Instruct-Turbo,Creative
2aed6aaa9d612141717c,20260923T102212_92fcf899:79,4,meta-llama/Llama-3.3-70B-Instruct-Turbo,Creative
d89287ca25f435a59811,20260923T102212_92fcf899:79,5,meta-llama/Llama-3.3-70B-Instruct-Turbo,Creative
1f4a13a72b087c47a834,20260923T102212_92fcf899:79,6,meta-llama/Llama-3.3-70B-Instruct-Turbo,Creative
ffba095be585d78c8b48,20260923T102212_92fcf899:79,7,meta-llama/Llama-3.3-70B-Instruct-Turbo,Creative
eb9eb5f580bfaad70a73,20260923T102212_92fcf899:79,8,meta-llama/Llama-3.3-70B-Instruct-Turbo,Creative
da03e3c6d042b5a97db9,20260923T102212_92fcf899:79,9,meta-llama/Llama-3.3-70B-Instruct-Turbo,Creative
9bd6cf700decdba529aa,20260923T102212_92fcf899:80,0,meta-llama/Llama-3.3-70B-Instruct-Turbo,Standard
a47eaeb8fe757dd43d06,20260923T102212_92fcf899:80,1,meta-llama/Llama-3.3-70B-Instruct-Turbo,Standard
b77804b65e8d25f3bda6,20260923T102212_92fcf899:80,2,meta-llama/Llama-3.3-70B-Instruct-Turbo,Standard
16a772732c51db54ecf5,20260923T102212_92fcf899:80,3,meta-llama/Llama-3.3-70B-Instruct-Turbo,Standard
44bc49c1ec937fc8c27b,20260923T102212_92fcf899:80,4,meta-llama/Llama-3.3-70B-Instruct-Turbo,Standard
0048e3ae54f32f501180,20260923T102212_92fcf899:80,5,meta-llama/Llama-3.3-70B-Instruct-Turbo,Standard
68cd3fb46597377dd434,20260923T102212_92fcf899:80,6,meta-llama/Llama-3.3-70B-Instruct-Turbo,Standard
a9d8ae74f9ddf536e6e6,20260923T102212_92fcf899:80,7,meta-llama/Llama-3.3-70B-Instruct-Turbo,Standard
6aec4cb230eba251e66f,20260923T102212_92fcf899:80,8,meta-llama/Llama-3.3-70B-Instruct-Turbo,Standard
91978fa428493aa3ce70,20260923T102212_92fcf899:80,9,meta-llama/Llama-3.3-70B-Instruct-Turbo,Standard
fcd8178f5faa824ddeb8,20260923T102212_92fcf899:81,0,meta-llama/Llama-3.3-70B-Instruct-Turbo,Conventional
439755ca1603dd7821ee,20260923T102212_92fcf899:81,1,meta-llama/Llama-3.3-70B-Instruct-Turbo,Conventional
5bf0eb9e19c8480a9417,20260923T102212_92fcf899:81,2,meta-llama/Llama-3.3-70B-Instruct-Turbo,Conventional
ab37a7e89cc7020d3d18,20260923T102212_92fcf899:81,3,meta-llama/Llama-3.3-70B-Instruct-Turbo,Conventional
c20bec7b1625794f7913,20260923T102212_92fcf899:81,4,meta-llama/Llama-3.3-70B-Instruct-Turbo,Conventional
5bda53ed8d628e606362,20260923T102212_92fcf899:81,5,meta-llama/Llama-3.3-70B-Instruct-Turbo,Conventional
2d9ae58c00695d91834e,20260923T102212_92fcf899:81,6,meta-llama/Llama-3.3-70B-Instruct-Turbo,Conventional
87996ddcc090a420ec84,20260923T102212_92fcf899:81,7,meta-llama/Llama-3.3-70B-Instruct-Turbo,Conventional
dd067adfe881fe5b9a37,20260923T102212_92fcf899:81,8,meta-llama/Llama-3.3-70B-Instruct-Turbo,Conventional
19689cbaf178ef5f2f14,20260923T102212_92fcf899:81,9,meta-llama/Llama-3.3-70B-Instruct-Turbo,Conventional
eb6db6369272185d2d86,20260923T102212_92fcf899:82,0,meta-llama/Llama-3.3-70B-Instruct-Turbo,Effective
8a7fa8c0a509f77610eb,20260923T102212_92fcf899:82,1,meta-llama/Llama-3.3-70B-Instruct-Turbo,Effective
0d9291e1070f48654862,20260923T102212_92fcf899:82,2,meta-llama/Llama-3.3-70B-Instruct-Turbo,Effective
3e7eeacce3b93544fe5c,20260923T102212_92fcf899:82,3,meta-llama/Llama-3.3-70B-Instruct-Turbo,Effective
ba1f09e325dd183ddc45,20260923T102212_92fcf899:82,4,meta-llama/Llama-3.3-70B-Instruct-Turbo,Effective
7d37109d4afb102e1453,20260923T102212_92fcf899:82,5,meta-llama/Llama-3.3-70B-Instruct-Turbo,Effective
50984074a4f634fd8bea,20260923T102212_92fcf899:82,6,meta-llama/Llama-3.3-70B-Instruct-Turbo,Effective
6283e94f5ade5a2a2b88,20260923T102212_92fcf899:82,7,meta-llama/Llama-3.3-70B-Instruct-Turbo,Effective
d2be2813308d3d0213f8,20260923T102212_92fcf899:82,8,meta-llama/Llama-3.3-70B-Instruct-Turbo,Effective
c915d0eb4a23bed3142d,20260923T102212_92fcf899:82,9,meta-llama/Llama-3.3-70B-Instruct-Turbo,Effective
40a64575871393424fe8,20260923T102212_92fcf899:83,0,meta-llama/Llama-3.3-70B-Instruct-Turbo,Boring
16006eed6355c18c2672,20260923T102212_92fcf899:83,1,meta-llama/Llama-3.3-70B-Instruct-Turbo,Boring
4613f96dd14229e1ea93,20260923T102212_92fcf899:83,2,meta-llama/Llama-3.3-70B-Instruct-Turbo,Boring
0e86cd985df0cfada041,20260923T102212_92fcf899:83,3,meta-llama/Llama-3.3-70B-Instruct-Turbo,Boring
8cd16a8cfdb250ce9d7d,20260923T102212_92fcf899:83,4,meta-llama/Llama-3.3-70B-Instruct-Turbo,Boring
8694483060427fad6bc5,20260923T102212_92fcf899:83,5,meta-llama/Llama-3.3-70B-Instruct-Turbo,Boring
06d1ade16afc55a5ec17,20260923T102212_92fcf899:83,6,meta-llama/Llama-3.3-70B-Instruct-Turbo,Boring
b64cb0af6faf3a7b0f32,20260923T102212_92fcf899:83,7,meta-llama/Llama-3.3-70B-Instruct-Turbo,Boring
6c568579c04fed8359f2,20260923T102212_92fcf899:83,8,meta-llama/Llama-3.3-70B-Instruct-Turbo,Boring
e57ebe2a3be78616a7df,20260923T102212_92fcf899:83,9,meta-llama/Llama-3.3-70B-Instruct-Turbo,Boring
52b987b4674f6852c4e9,20260923T102212_92fcf899:84,0,meta-llama/Llama-3.3-70B-Instruct-Turbo,Creative
2c558f5f1992668d7a16,20260923T102212_92fcf899:84,1,meta-llama/Llama-3.3-70B-Instruct-Turbo,Creative
5de20d287a2a4162726b,20260923T102212_92fcf899:84,2,meta-llama/Llama-3.3-70B-Instruct-Turbo,Creative
939f8eeea1c306388cbe,20260923T102212_92fcf899:84,3,meta-llama/Llama-3.3-70B-Instruct-Turbo,Creative
1ed6bf384d936b12669f,20260923T102212_92fcf899:84,4,meta-llama/Llama-3.3-70B-Instruct-Turbo,Creative
d1d080597040d32737bf,20260923T102212_92fcf899:84,5,meta-llama/Llama-3.3-70B-Instruct-Turbo,Creative
a01cbe8c0bd52f6971bb,20260923T102212_92fcf899:84,6,meta-llama/Llama-3.3-70B-Instruct-Turbo,Creative
4be23c4f9d3659417d2d,20260923T102212_92fcf899:84,7,meta-llama/Llama-3.3-70B-Instruct-Turbo,Creative
a1597ac9969cfde2e7af,20260923T102212_92fcf899:84,8,meta-llama/Llama-3.3-70B-Instruct-Turbo,Creative
9f4febe6b7a04f041176,20260923T102212_92fcf899:84,9,meta-llama/Llama-3.3-70B-Instruct-Turbo,Creative
50dc2139da8d044bc156,20260923T102212_92fcf899:85,0,meta-llama/Llama-3.3-70B-Instruct-Turbo,Standard
564ff548fa1959860124,20260923T102212_92fcf899:85,1,meta-llama/Llama-3.3-70B-Instruct-Turbo,Standard
643ae76765d034c1092b,20260923T102212_92fcf899:85,2,meta-llama/Llama-3.3-70B-Instruct-Turbo,Standard
8e8c3c85b47b8a6ade89,20260923T102212_92fcf899:85,3,meta-llama/Llama-3.3-70B-Instruct-Turbo,Standard
7be0f9771d9792b69cb6,20260923T102212_92fcf899:85,4,meta-llama/Llama-3.3-70B-Instruct-Turbo,Standard
d90c3e44b2391aea2f79,20260923T102212_92fcf899:85,5,meta-llama/Llama-3.3-70B-Instruct-Turbo,Standard
995d9f78bcbf21b85952,20260923T102212_92fcf899:85,6,meta-llama/Llama-3.3-70B-Instruct-Turbo,Standard
c559a2d3bc3d14db5823,20260923T102212_92fcf899:85,7,meta-llama/Llama-3.3-70B-Instruct-Turbo,Standard
8e255e2997734fc945d2,20260923T102212_92fcf899:85,8,meta-llama/Llama-3.3-70B-Instruct-Turbo,Standard
a0b7c0a2a308aa4d4c7f,20260923T102212_92fcf899:85,9,meta-llama/Llama-3.3-70B-Instruct-Turbo,Standard
eebd8543ab0b5bd83cec,20260923T102212_92fcf899:86,0,meta-llama/Llama-3.3-70B-Instruct-Turbo,Conventional
bdccee879d74acf35944,20260923T102212_92fcf899:86,1,meta-llama/Llama-3.3-70B-Instruct-Turbo,Conventional
05b70fe98ed60ff2bb54,20260923T102212_92fcf899:86,2,meta-llama/Llama-3.3-70B-Instruct-Turbo,Conventional
1c3fa6384596c0f82947,20260923T102212_92fcf899:86,3,meta-llama/Llama-3.3-70B-Instruct-Turbo,Conventional
e2e7b87ee3e695c52d92,20260923T102212_92fcf899:86,4,meta-llama/Llama-3.3-70B-Instruct-Turbo,Conventional
46c773391638626f1fd6,20260923T102212_92fcf899:86,5,meta-llama/Llama-3.3-70B-Instruct-Turbo,Conventional
96bf2d1bb53e29f2cf3b,20260923T102212_92fcf899:86,6,meta-llama/Llama-3.3-70B-Instruct-Turbo,Conventional
f1753f0fe48b088180ce,20260923T102212_92fcf899:86,7,meta-llama/Llama-3.3-70B-Instruct-Turbo,Conventional
975f14b02f16af9a2a0d,20260923T102212_92fcf899:86,8,meta-llama/Llama-3.3-70B-Instruct-Turbo,Conventional
39c207c02137965ddadd,20260923T102212_92fcf899:86,9,meta-llama/Llama-3.3-70B-Instruct-Turbo,Conventional
e2947d507e136bac6072,20260923T102212_92fcf899:87,0,meta-llama/Llama-3.3-70B-Instruct-Turbo,Effective
de2ec276d5c4aa329170,20260923T102212_92fcf899:87,1,meta-llama/Llama-3.3-70B-Instruct-Turbo,Effective
3bcd4544a1ea8dde1a3d,20260923T102212_92fcf899:87,2,meta-llama/Llama-3.3-70B-Instruct-Turbo,Effective
f83f5b54fb94800c94fc,20260923T102212_92fcf899:87,3,meta-llama/Llama-3.3-70B-Instruct-Turbo,Effective
4e6cb15ee5be85146ff4,20260923T102212_92fcf899:87,4,meta-llama/Llama-3.3-70B-Instruct-Turbo,Effective
0dfc34cebd2f12a99fb9,20260923T102212_92fcf899:87,5,meta-llama/Llama-3.3-70B-Instruct-Turbo,Effective
56be7b8bf666a05b716c,20260923T102212_92fcf899:87,6,meta-llama/Llama-3.3-70B-Instruct-Turbo,Effective
450abe10e10fb87018a0,20260923T102212_92fcf899:87,7,meta-llama/Llama-3.3-70B-Instruct-Turbo,Effective
6355469f704b807421d1,20260923T102212_92fcf899:87,8,meta-llama/Llama-3.3-70B-Instruct-Turbo,Effective
aadf11b61b3f8a8ddaba,20260923T102212_92fcf899:87,9,meta-llama/Llama-3.3-70B-Instruct-Turbo,Effective
86504b4fa1d4ce081e7b,20260923T102212_92fcf899:88,0,meta-llama/Llama-3.3-70B-Instruct-Turbo,Boring
41ae8fb678a7c4e5b043,20260923T102212_92fcf899:88,1,meta-llama/Llama-3.3-70B-Instruct-Turbo,Boring
c3b88bec210c703f3a40,20260923T102212_92fcf899:88,2,meta-llama/Llama-3.3-70B-Instruct-Turbo,Boring
da1c53d73497058dc543,20260923T102212_92fcf899:88,3,meta-llama/Llama-3.3-70B-Instruct-Turbo,Boring
0c39ff134d3732c107e9,20260923T102212_92fcf899:88,4,meta-llama/Llama-3.3-70B-Instruct-Turbo,Boring
a73cb903fcbd57c9b72f,20260923T102212_92fcf899:88,5,meta-llama/Llama-3.3-70B-Instruct-Turbo,Boring
6046fc4b344705afc824,20260923T102212_92fcf899:88,6,meta-llama/Llama-3.3-70B-Instruct-Turbo,Boring
c40e4143d70ff19c90ed,20260923T102212_92fcf899:88,7,meta-llama/Llama-3.3-70B-Instruct-Turbo,Boring
fefb5323e297ff9926a2,20260923T102212_92fcf899:88,8,meta-llama/Llama-3.3-70B-Instruct-Turbo,Boring
85f250a7cbd701bbfbb6,20260923T102212_92fcf899:88,9,meta-llama/Llama-3.3-70B-Instruct-Turbo,Boring
bcd9de08a6bbf94c88ef,20260923T102212_92fcf899:89,0,meta-llama/Llama-3.3-70B-Instruct-Turbo,Creative
4a3788b96674c82df557,20260923T102212_92fcf899:89,1,meta-llama/Llama-3.3-70B-Instruct-Turbo,Creative
af6f46b4a7f7579310d1,20260923T102212_92fcf899:89,2,meta-llama/Llama-3.3-70B-Instruct-Turbo,Creative
527fa2e7a9b4553125fe,20260923T102212_92fcf899:89,3,meta-llama/Llama-3.3-70B-Instruct-Turbo,Creative
0fd59da9392a802c4987,20260923T102212_92fcf899:89,4,meta-llama/Llama-3.3-70B-Instruct-Turbo,Creative
aec219c0dd9a898c8508,20260923T102212_92fcf899:89,5,meta-llama/Llama-3.3-70B-Instruct-Turbo,Creative
7644cd97e174dcd66158,20260923T102212_92fcf899:89,6,meta-llama/Llama-3.3-70B-Instruct-Turbo,Creative
b7b2d8c1adb557d2343c,20260923T102212_92fcf899:89,7,meta-llama/Llama-3.3-70B-Instruct-Turbo,Creative
3435ffbd35b27087b04e,20260923T102212_92fcf899:89,8,meta-llama/Llama-3.3-70B-Instruct-Turbo,Creative
ddca5c9a634f22d7cb12,20260923T102212_92fcf899:89,9,meta-llama/Llama-3.3-70B-Instruct-Turbo,Creative
1ff39814f8d8ff8bfb70,20260923T102212_92fcf899:90,0,meta-llama/Llama-3.3-70B-Instruct-Turbo,Standard
a2ef91392a286936c617,20260923T102212_92fcf899:90,1,meta-llama/Llama-3.3-70B-Instruct-Turbo,Standard
059e51bda6e6318f31e3,20260923T102212_92fcf899:90,2,meta-llama/Llama-3.3-70B-Instruct-Turbo,Standard
16eccddd4417b5005e6a,20260923T102212_92fcf899:90,3,meta-llama/Llama-3.3-70B-Instruct-Turbo,Standard
0e3d6859ef3bb84964ee,20260923T102212_92fcf899:90,4,meta-llama/Llama-3.3-70B-Instruct-Turbo,Standard
e2b6b88d7d4c3b71d8e3,20260923T102212_92fcf899:90,5,meta-llama/Llama-3.3-70B-Instruct-Turbo,Standard
d0e01f9c1acb07da14a1,20260923T102212_92fcf899:90,6,meta-llama/Llama-3.3-70B-Instruct-Turbo,Standard
421cf28bf72da099c582,20260923T102212_92fcf899:90,7,meta-llama/Llama-3.3-70B-Instruct-Turbo,Standard
77c143ad3d5dddfcc654,20260923T102212_92fcf899:90,8,meta-llama/Llama-3.3-70B-Instruct-Turbo,Standard
93c4d4b6a986d7d78a81,20260923T102212_92fcf899:90,9,meta-llama/Llama-3.3-70B-Instruct-Turbo,Standard
04dbb41eebaa2c37414a,20260923T102212_92fcf899:91,0,meta-llama/Llama-3.3-70B-Instruct-Turbo,Conventional
c58342db5c70ff5fe187,20260923T102212_92fcf899:91,1,meta-llama/Llama-3.3-70B-Instruct-Turbo,Conventional
8034aae12080f8f6e53c,20260923T102212_92fcf899:91,2,meta-llama/Llama-3.3-70B-Instruct-Turbo,Conventional
f822b5f2b1d8fa2cd094,20260923T102212_92fcf899:91,3,meta-llama/Llama-3.3-70B-Instruct-Turbo,Conventional
f94dd81f4ef70a61d29b,20260923T102212_92fcf899:91,4,meta-llama/Llama-3.3-70B-Instruct-Turbo,Conventional
5290bb2a3ec6831cc27d,20260923T102212_92fcf899:91,5,meta-llama/Llama-3.3-70B-Instruct-Turbo,Conventional
41973547f2409d694a47,20260923T102212_92fcf899:91,6,meta-llama/Llama-3.3-70B-Instruct-Turbo,Conventional
6b99b4a6a9032cd2b255,20260923T102212_92fcf899:91,7,meta-llama/Llama-3.3-70B-Instruct-Turbo,Conventional
872b0b93e8ea0100fdb7,20260923T102212_92fcf899:91,8,meta-llama/Llama-3.3-70B-Instruct-Turbo,Conventional
98141973350c31ffcff9,20260923T102212_92fcf899:91,9,meta-llama/Llama-3.3-70B-Instruct-Turbo,Conventional
0b7958e286178c3e0f63,20260923T102212_92fcf899:92,0,meta-llama/Llama-3.3-70B-Instruct-Turbo,Effective
8eb0e697b41413de1a1a,20260923T102212_92fcf899:92,1,meta-llama/Llama-3.3-70B-Instruct-Turbo,Effective
9724901f66bb1254acee,20260923T102212_92fcf899:92,2,meta-llama/Llama-3.3-70B-Instruct-Turbo,Effective
e5f10253740324559573,20260923T102212_92fcf899:92,3,meta-llama/Llama-3.3-70B-Instruct-Turbo,Effective
00d53d34c70de9c2842f,20260923T102212_92fcf899:92,4,meta-llama/Llama-3.3-70B-Instruct-Turbo,Effective
8fd9a47ade85bec2d35b,20260923T102212_92fcf899:92,5,meta-llama/Llama-3.3-70B-Instruct-Turbo,Effective
19bf2d77e9e2880de62e,20260923T102212_92fcf899:92,6,meta-llama/Llama-3.3-70B-Instruct-Turbo,Effective
03d3af8321fa0b643382,20260923T102212_92fcf899:92,7,meta-llama/Llama-3.3-70B-Instruct-Turbo,Effective
5c5fdcdc3c6eee077ed4,20260923T102212_92fcf899:92,8,meta-llama/Llama-3.3-70B-Instruct-Turbo,Effective
fd12d56f7e832922c55f,20260923T102212_92fcf899:92,9,meta-llama/Llama-3.3-70B-Instruct-Turbo,Effective
34be71fe5e343c16f8ea,20260923T102212_92fcf899:93,0,meta-llama/Llama-3.3-70B-Instruct-Turbo,Boring
1257c8245166c57da5ba,20260923T102212_92fcf899:93,1,meta-llama/Llama-3.3-70B-Instruct-Turbo,Boring
f09c0799afb9618aa808,20260923T102212_92fcf899:93,2,meta-llama/Llama-3.3-70B-Instruct-Turbo,Boring
ac0804938fdb70e4916d,20260923T102212_92fcf899:93,3,meta-llama/Llama-3.3-70B-Instruct-Turbo,Boring
02ec47e8a54b6ee29311,20260923T102212_92fcf899:93,4,meta-llama/Llama-3.3-70B-Instruct-Turbo,Boring
984aa2ba3e6836a37781,20260923T102212_92fcf899:93,5,meta-llama/Llama-3.3-70B-Instruct-Turbo,Boring
7706d397ab6246199d64,20260923T102212_92fcf899:93,6,meta-llama/Llama-3.3-70B-Instruct-Turbo,Boring
ac7db0e485d57a42a225,20260923T102212_92fcf899:93,7,meta-llama/Llama-3.3-70B-Instruct-Turbo,Boring
73dff923c81f25948b6d,20260923T102212_92fcf899:93,8,meta-llama/Llama-3.3-70B-Instruct-Turbo,Boring
9201f014692c48a0460c,20260923T102212_92fcf899:93,9,meta-llama/Llama-3.3-70B-Instruct-Turbo,Boring
abbe116d89b5324be1a0,20260923T102212_92fcf899:94,0,meta-llama/Llama-3.3-70B-Instruct-Turbo,Creative
4d661e9560694c5c6d64,20260923T102212_92fcf899:94,1,meta-llama/Llama-3.3-70B-Instruct-Turbo,Creative
66a759814e178e94366f,20260923T102212_92fcf899:94,2,meta-llama/Llama-3.3-70B-Instruct-Turbo,Creative
d76b93e458a87c308fc7,20260923T102212_92fcf899:94,3,meta-llama/Llama-3.3-70B-Instruct-Turbo,Creative
1c41f790f233e766c1bc,20260923T102212_92fcf899:94,4,meta-llama/Llama-3.3-70B-Instruct-Turbo,Creative
64acf37bfa521602e94b,20260923T102212_92fcf899:94,5,meta-llama/Llama-3.3-70B-Instruct-Turbo,Creative
cdb2147751a55a1359b3,20260923T102212_92fcf899:94,6,meta-llama/Llama-3.3-70B-Instruct-Turbo,Creative
a8b7f569941022e01b8d,20260923T102212_92fcf899:94,7,meta-llama/Llama-3.3-70B-Instruct-Turbo,Creative
af912c2a51a357c00037,20260923T102212_92fcf899:94,8,meta-llama/Llama-3.3-70B-Instruct-Turbo,Creative
49dd74444a5d7835071b,20260923T102212_92fcf899:94,9,meta-llama/Llama-3.3-70B-Instruct-Turbo,Creative
d8d4d0edd0cda73c49c2,20260923T102212_92fcf899:95,0,meta-llama/Llama-3.3-70B-Instruct-Turbo,Standard
b71eb876d336aaa99503,20260923T102212_92fcf899:95,1,meta-llama/Llama-3.3-70B-Instruct-Turbo,Standard
f1480b9b31e17f618c82,20260923T102212_92fcf899:95,2,meta-llama/Llama-3.3-70B-Instruct-Turbo,Standard
6f641c7fdb86ed0510a0,20260923T102212_92fcf899:95,3,meta-llama/Llama-3.3-70B-Instruct-Turbo,Standard
0e5509cd7778c1b96754,20260923T102212_92fcf899:95,4,meta-llama/Llama-3.3-70B-Instruct-Turbo,Standard
e3f967edac9f0dffbc59,20260923T102212_92fcf899:95,5,meta-llama/Llama-3.3-70B-Instruct-Turbo,Standard
959ff2ae846a66555aa9,20260923T102212_92fcf899:95,6,meta-llama/Llama-3.3-70B-Instruct-Turbo,Standard
39dc03c9fe49b9d77bb3,20260923T102212_92fcf899:95,7,meta-llama/Llama-3.3-70B-Instruct-Turbo,Standard
8ce937cb161c00d15d36,20260923T102212_92fcf899:95,8,meta-llama/Llama-3.3-70B-Instruct-Turbo,Standard
4db8f508110022eda751,20260923T102212_92fcf899:95,9,meta-llama/Llama-3.3-70B-Instruct-Turbo,Standard
1a302d400a133b82a3d6,20260923T102212_92fcf899:96,0,meta-llama/Llama-3.3-70B-Instruct-Turbo,Conventional
8ea713c8ec5d527714c0,20260923T102212_92fcf899:96,1,meta-llama/Llama-3.3-70B-Instruct-Turbo,Conventional
494aa9b9070a18b20cc9,20260923T102212_92fcf899:96,2,meta-llama/Llama-3.3-70B-Instruct-Turbo,Conventional
1fea51326dd18c729f91,20260923T102212_92fcf899:96,3,meta-llama/Llama-3.3-70B-Instruct-Turbo,Conventional
579749436e15cd8c790c,20260923T102212_92fcf899:96,4,meta-llama/Llama-3.3-70B-Instruct-Turbo,Conventional
c942962a4aa798fe955b,20260923T102212_92fcf899:96,5,meta-llama/Llama-3.3-70B-Instruct-Turbo,Conventional
c1c65a421ab2e4536e13,20260923T102212_92fcf899:96,6,meta-llama/Llama-3.3-70B-Instruct-Turbo,Conventional
b842daee39e9fe5da94c,20260923T102212_92fcf899:96,7,meta-llama/Llama-3.3-70B-Instruct-Turbo,Conventional
b21bfc4fdd533c748e7b,20260923T102212_92fcf899:96,8,meta-llama/Llama-3.3-70B-Instruct-Turbo,Conventional
960b238f5c5fd97009d7,20260923T102212_92fcf899:96,9,meta-llama/Llama-3.3-70B-Instruct-Turbo,Conventional
52f67321c1b67150e1a8,20260923T102212_92fcf899:97,0,meta-llama/Llama-3.3-70B-Instruct-Turbo,Effective
fffffb52a7c7e3bc7669,20260923T102212_92fcf899:97,1,meta-llama/Llama-3.3-70B-Instruct-Turbo,Effective
4d53b2c9b18e8651d8df,20260923T102212_92fcf899:97,2,meta-llama/Llama-3.3-70B-Instruct-Turbo,Effective
fd36366f073e4fd03ba1,20260923T102212_92fcf899:97,3,meta-llama/Llama-3.3-70B-Instruct-Turbo,Effective
1c7d32a531628d9ef618,20260923T102212_92fcf899:97,4,meta-llama/Llama-3.3-70B-Instruct-Turbo,Effective
342d5ffeb2e6737f6db4,20260923T102212_92fcf899:97,5,meta-llama/Llama-3.3-70B-Instruct-Turbo,Effective
280c6a922363a25fe70a,20260923T102212_92fcf899:97,6,meta-llama/Llama-3.3-70B-Instruct-Turbo,Effective
9aa38e5c18deb1e83ecb,20260923T102212_92fcf899:97,7,meta-llama/Llama-3.3-70B-Instruct-Turbo,Effective
2463326b3d3f84f6d307,20260923T102212_92fcf899:97,8,meta-llama/Llama-3.3-70B-Instruct-Turbo,Effective
61ef4184533f20167c7b,20260923T102212_92fcf899:97,9,meta-llama/Llama-3.3-70B-Instruct-Turbo,Effective
86fdadd5d2fcf47bdd0b,20260923T102212_92fcf899:98,0,meta-llama/Llama-3.3-70B-Instruct-Turbo,Boring
069238b45534a7e87a9d,20260923T102212_92fcf899:98,1,meta-llama/Llama-3.3-70B-Instruct-Turbo,Boring
752f7c51754361f9c68d,20260923T102212_92fcf899:98,2,meta-llama/Llama-3.3-70B-Instruct-Turbo,Boring
11b585d1802df45d362b,20260923T102212_92fcf899:98,3,meta-llama/Llama-3.3-70B-Instruct-Turbo,Boring
5ae1d413c7297e4d59a1,20260923T102212_92fcf899:98,4,meta-llama/Llama-3.3-70B-Instruct-Turbo,Boring
f665464b21e24ad708a2,20260923T102212_92fcf899:98,5,meta-llama/Llama-3.3-70B-Instruct-Turbo,Boring
197b8c69e976fdb557c0,20260923T102212_92fcf899:98,6,meta-llama/Llama-3.3-70B-Instruct-Turbo,Boring
40c413b3f6c97932a298,20260923T102212_92fcf899:98,7,meta-llama/Llama-3.3-70B-Instruct-Turbo,Boring
23ce9b5aea98cf0b9b4e,20260923T102212_92fcf899:98,8,meta-llama/Llama-3.3-70B-Instruct-Turbo,Boring
ac2668f2490a949a3a35,20260923T102212_92fcf899:98,9,meta-llama/Llama-3.3-70B-Instruct-Turbo,Boring
533db26e484bb754eea0,20260923T102212_92fcf899:99,0,meta-llama/Llama-3.3-70B-Instruct-Turbo,Creative
9e88edc8a3a7bcd068d5,20260923T102212_92fcf899:99,1,meta-llama/Llama-3.3-70B-Instruct-Turbo,Creative
c172d3c897c03b2404c7,20260923T102212_92fcf899:99,2,meta-llama/Llama-3.3-70B-Instruct-Turbo,Creative
98dd89b5bbd9481814ba,20260923T102212_92fcf899:99,3,meta-llama/Llama-3.3-70B-Instruct-Turbo,Creative
1b2366c1577bb342bbb0,20260923T102212_92fcf899:99,4,meta-llama/Llama-3.3-70B-Instruct-Turbo,Creative
011dd8e205c78fc18826,20260923T102212_92fcf899:99,5,meta-llama/Llama-3.3-70B-Instruct-Turbo,Creative
a200974b3c6a594aa389,20260923T102212_92fcf899:99,6,meta-llama/Llama-3.3-70B-Instruct-Turbo,Creative
95a909c7e83a97b62d80,20260923T102212_92fcf899:99,7,meta-llama/Llama-3.3-70B-Instruct-Turbo,Creative
8f44064b37032b714c48,20260923T102212_92fcf899:99,8,meta-llama/Llama-3.3-70B-Instruct-Turbo,Creative
a8147242376c6ce5a042,20260923T102212_92fcf899:99,9,meta-llama/Llama-3.3-70B-Instruct-Turbo,Creative
baa1fcdd5fd52ae87c3c,20260923T102212_92fcf899:100,0,meta-llama/Llama-3.3-70B-Instruct-Turbo,Standard
700b155ef84e1b9a5284,20260923T102212_92fcf899:100,1,meta-llama/Llama-3.3-70B-Instruct-Turbo,Standard
2e5cebb045834409afab,20260923T102212_92fcf899:100,2,meta-llama/Llama-3.3-70B-Instruct-Turbo,Standard
2477cc35dfe9c1da11f5,20260923T102212_92fcf899:100,3,meta-llama/Llama-3.3-70B-Instruct-Turbo,Standard
031bcc9df8cf3e76dfdd,20260923T102212_92fcf899:100,4,meta-llama/Llama-3.3-70B-Instruct-Turbo,Standard
351e19af4f56db510e85,20260923T102212_92fcf899:100,5,meta-llama/Llama-3.3-70B-Instruct-Turbo,Standard
d22a750c5a8219ff7ace,20260923T102212_92fcf899:100,6,meta-llama/Llama-3.3-70B-Instruct-Turbo,Standard
fa3f8a9d793202e91fea,20260923T102212_92fcf899:100,7,meta-llama/Llama-3.3-70B-Instruct-Turbo,Standard
f61e7a865ec57c252f0b,20260923T102212_92fcf899:100,8,meta-llama/Llama-3.3-70B-Instruct-Turbo,Standard
651589ae70cf50d8d7f1,20260923T102212_92fcf899:100,9,meta-llama/Llama-3.3-70B-Instruct-Turbo,Standard
c9e51d6ae1ab92dce83f,20260923T102212_92fcf899:101,0,meta-llama/Llama-3.3-70B-Instruct-Turbo,Conventional
28189dd460c5e199fd09,20260923T102212_92fcf899:101,1,meta-llama/Llama-3.3-70B-Instruct-Turbo,Conventional
cb5b854f708ac64e34ea,20260923T102212_92fcf899:101,2,meta-llama/Llama-3.3-70B-Instruct-Turbo,Conventional
80f096e0a0026364770f,20260923T102212_92fcf899:101,3,meta-llama/Llama-3.3-70B-Instruct-Turbo,Conventional
0a251621c1c66fe060d4,20260923T102212_92fcf899:101,4,meta-llama/Llama-3.3-70B-Instruct-Turbo,Conventional
85b853419ab20061cb4b,20260923T102212_92fcf899:101,5,meta-llama/Llama-3.3-70B-Instruct-Turbo,Conventional
359572660ef5abc62f4d,20260923T102212_92fcf899:101,6,meta-llama/Llama-3.3-70B-Instruct-Turbo,Conventional
cfce98588769392ecd69,20260923T102212_92fcf899:101,7,meta-llama/Llama-3.3-70B-Instruct-Turbo,Conventional
7c17880dc9c97d0920ac,20260923T102212_92fcf899:101,8,meta-llama/Llama-3.3-70B-Instruct-Turbo,Conventional
da9747e5ab004660f444,20260923T102212_92fcf899:101,9,meta-llama/Llama-3.3-70B-Instruct-Turbo,Conventional
14ad13e0804f093607d1,20260923T102212_92fcf899:102,0,meta-llama/Llama-3.3-70B-Instruct-Turbo,Effective
fecdbc4ab76f19fb31de,20260923T102212_92fcf899:102,1,meta-llama/Llama-3.3-70B-Instruct-Turbo,Effective
1bfc3eba7e23a615e292,20260923T102212_92fcf899:102,2,meta-llama/Llama-3.3-70B-Instruct-Turbo,Effective
480a6938aa7167a9903d,20260923T102212_92fcf899:102,3,meta-llama/Llama-3.3-70B-Instruct-Turbo,Effective
cafa90f526cb3c21fbfb,20260923T102212_92fcf899:102,4,meta-llama/Llama-3.3-70B-Instruct-Turbo,Effective
22a9205bdf36501ba653,20260923T102212_92fcf899:102,5,meta-llama/Llama-3.3-70B-Instruct-Turbo,Effective
875c8f286ae265e14654,20260923T102212_92fcf899:102,6,meta-llama/Llama-3.3-70B-Instruct-Turbo,Effective
975d4c253943e875e919,20260923T102212_92fcf899:102,7,meta-llama/Llama-3.3-70B-Instruct-Turbo,Effective
051f64285b368d0390b8,20260923T102212_92fcf899:102,8,meta-llama/Llama-3.3-70B-Instruct-Turbo,Effective
4786058e64e1154d0fef,20260923T102212_92fcf899:102,9,meta-llama/Llama-3.3-70B-Instruct-Turbo,Effective
ec284bd21abdf4aea3b5,20260923T102212_92fcf899:103,0,meta-llama/Llama-3.3-70B-Instruct-Turbo,Boring
d451348b536f32ed9f5d,20260923T102212_92fcf899:103,1,meta-llama/Llama-3.3-70B-Instruct-Turbo,Boring
1ed217f0752bd8a431a7,20260923T102212_92fcf899:103,2,meta-llama/Llama-3.3-70B-Instruct-Turbo,Boring
311413e9a9c6f9b22820,20260923T102212_92fcf899:103,3,meta-llama/Llama-3.3-70B-Instruct-Turbo,Boring
273387b19a24e096f89c,20260923T102212_92fcf899:103,4,meta-llama/Llama-3.3-70B-Instruct-Turbo,Boring
8bcd192fa314ff86b5e0,20260923T102212_92fcf899:103,5,meta-llama/Llama-3.3-70B-Instruct-Turbo,Boring
a048eee0d2c9553c5fbb,20260923T102212_92fcf899:103,6,meta-llama/Llama-3.3-70B-Instruct-Turbo,Boring
7cd9941dd11bf8c899ae,20260923T102212_92fcf899:103,7,meta-llama/Llama-3.3-70B-Instruct-Turbo,Boring
6fc611f3c37119733ca9,20260923T102212_92fcf899:103,8,meta-llama/Llama-3.3-70B-Instruct-Turbo,Boring
f537fa0eb3225b974d66,20260923T102212_92fcf899:103,9,meta-llama/Llama-3.3-70B-Instruct-Turbo,Boring
a1ef82d0f20ae9961b9e,20260923T102212_92fcf899:104,0,meta-llama/Llama-3.3-70B-Instruct-Turbo,Creative
84214527cc6f860f2acd,20260923T102212_92fcf899:104,1,meta-llama/Llama-3.3-70B-Instruct-Turbo,Creative
c3196e247ab08e5a16ce,20260923T102212_92fcf899:104,2,meta-llama/Llama-3.3-70B-Instruct-Turbo,Creative
8d2d9d96eb281afe1360,20260923T102212_92fcf899:104,3,meta-llama/Llama-3.3-70B-Instruct-Turbo,Creative
1b270d51bd1633997336,20260923T102212_92fcf899:104,4,meta-llama/Llama-3.3-70B-Instruct-Turbo,Creative
3136d082d47ebc5b2493,20260923T102212_92fcf899:104,5,meta-llama/Llama-3.3-70B-Instruct-Turbo,Creative
cc76aea8b5b6c79d5883,20260923T102212_92fcf899:104,6,meta-llama/Llama-3.3-70B-Instruct-Turbo,Creative
76f00a8201f15e5423b0,20260923T102212_92fcf899:104,7,meta-llama/Llama-3.3-70B-Instruct-Turbo,Creative
36148e73a1f82b9ed079,20260923T102212_92fcf899:104,8,meta-llama/Llama-3.3-70B-Instruct-Turbo,Creative
d91cbde1d5e89f3a6acc,20260923T102212_92fcf899:104,9,meta-llama/Llama-3.3-70B-Instruct-Turbo,Creative
f235567906432b527a97,20260923T102212_92fcf899:105,0,meta-llama/Llama-3.3-70B-Instruct-Turbo,Standard
213f70b683a4d41d9376,20260923T102212_92fcf899:105,1,meta-llama/Llama-3.3-70B-Instruct-Turbo,Standard
9276d15b718098aa1249,20260923T102212_92fcf899:105,2,meta-llama/Llama-3.3-70B-Instruct-Turbo,Standard
72917e64abbad13d9030,20260923T102212_92fcf899:105,3,meta-llama/Llama-3.3-70B-Instruct-Turbo,Standard
b772594b01026c72a92d,20260923T102212_92fcf899:105,4,meta-llama/Llama-3.3-70B-Instruct-Turbo,Standard
644f43079b706d0a167a,20260923T102212_92fcf899:105,5,meta-llama/Llama-3.3-70B-Instruct-Turbo,Standard
b3edb446d90d3139f9a0,20260923T102212_92fcf899:105,6,meta-llama/Llama-3.3-70B-Instruct-Turbo,Standard
31a1ab1bb5fbbe7796cd,20260923T102212_92fcf899:105,7,meta-llama/Llama-3.3-70B-Instruct-Turbo,Standard
80dff143d2c63355a8e6,20260923T102212_92fcf899:105,8,meta-llama/Llama-3.3-70B-Instruct-Turbo,Standard
56de04f3179a9a243ebe,20260923T102212_92fcf899:105,9,meta-llama/Llama-3.3-70B-Instruct-Turbo,Standard
5439f079c082e354e0eb,20260923T102212_92fcf899:106,0,meta-llama/Llama-3.3-70B-Instruct-Turbo,Conventional
40f85a6dd24ec414c807,20260923T102212_92fcf899:106,1,meta-llama/Llama-3.3-70B-Instruct-Turbo,Conventional
b92edb2cc0d5ca042d83,20260923T102212_92fcf899:106,2,meta-llama/Llama-3.3-70B-Instruct-Turbo,Conventional
f9641b75e420b317ae0b,20260923T102212_92fcf899:106,3,meta-llama/Llama-3.3-70B-Instruct-Turbo,Conventional
31f62e68a290319a36cc,20260923T102212_92fcf899:106,4,meta-llama/Llama-3.3-70B-Instruct-Turbo,Conventional
fb4ee18dd799492e5385,20260923T102212_92fcf899:106,5,meta-llama/Llama-3.3-70B-Instruct-Turbo,Conventional
a419f6b3cb84fd237995,20260923T102212_92fcf899:106,6,meta-llama/Llama-3.3-70B-Instruct-Turbo,Conventional
8eed7d16c3eb8e37cd41,20260923T102212_92fcf899:106,7,meta-llama/Llama-3.3-70B-Instruct-Turbo,Conventional
67e66d56d0f45ff1f978,20260923T102212_92fcf899:106,8,meta-llama/Llama-3.3-70B-Instruct-Turbo,Conventional
ab8fb3c0b2e8ce3e2eac,20260923T102212_92fcf899:106,9,meta-llama/Llama-3.3-70B-Instruct-Turbo,Conventional
9a78263eaa50fa770167,20260923T102212_92fcf899:107,0,meta-llama/Llama-3.3-70B-Instruct-Turbo,Effective
eb78dc8c1b11b8cf24e5,20260923T102212_92fcf899:107,1,meta-llama/Llama-3.3-70B-Instruct-Turbo,Effective
c482b05578a5167f51d4,20260923T102212_92fcf899:107,2,meta-llama/Llama-3.3-70B-Instruct-Turbo,Effective
6c5cdb07df4604b39bdf,20260923T102212_92fcf899:107,3,meta-llama/Llama-3.3-70B-Instruct-Turbo,Effective
0823dc7834f145128156,20260923T102212_92fcf899:107,4,meta-llama/Llama-3.3-70B-Instruct-Turbo,Effective
30d79a99c89f251496cc,20260923T102212_92fcf899:107,5,meta-llama/Llama-3.3-70B-Instruct-Turbo,Effective
68b4cef971cdb04bd00a,20260923T102212_92fcf899:107,6,meta-llama/Llama-3.3-70B-Instruct-Turbo,Effective
0170340d88cafb217e95,20260923T102212_92fcf899:107,7,meta-llama/Llama-3.3-70B-Instruct-Turbo,Effective
717adf855a4a3594daaf,20260923T102212_92fcf899:107,8,meta-llama/Llama-3.3-70B-Instruct-Turbo,Effective
780c713b1b45d4572b6a,20260923T102212_92fcf899:107,9,meta-llama/Llama-3.3-70B-Instruct-Turbo,Effective
af198f525aba278457f9,20260923T102212_92fcf899:108,0,meta-llama/Llama-3.3-70B-Instruct-Turbo,Boring
bac49c572419bfbf4eab,20260923T102212_92fcf899:108,1,meta-llama/Llama-3.3-70B-Instruct-Turbo,Boring
6639eb0fa786b329d023,20260923T102212_92fcf899:108,2,meta-llama/Llama-3.3-70B-Instruct-Turbo,Boring
fbfb74c45fd0abd3d6fe,20260923T102212_92fcf899:108,3,meta-llama/Llama-3.3-70B-Instruct-Turbo,Boring
1b9b50d9336945f37f86,20260923T102212_92fcf899:108,4,meta-llama/Llama-3.3-70B-Instruct-Turbo,Boring
c95e28a05841cf1722ee,20260923T102212_92fcf899:108,5,meta-llama/Llama-3.3-70B-Instruct-Turbo,Boring
e08d06cb15f5f047611e,20260923T102212_92fcf899:108,6,meta-llama/Llama-3.3-70B-Instruct-Turbo,Boring
f278f3e5f34c84657c48,20260923T102212_92fcf899:108,7,meta-llama/Llama-3.3-70B-Instruct-Turbo,Boring
490aed171c95bace00ba,20260923T102212_92fcf899:108,8,meta-llama/Llama-3.3-70B-Instruct-Turbo,Boring
6b8ce7bc3393edb74825,20260923T102212_92fcf899:108,9,meta-llama/Llama-3.3-70B-Instruct-Turbo,Boring
5c379e7d5f2566e0b8f7,20260923T102212_92fcf899:109,0,meta-llama/Llama-3.3-70B-Instruct-Turbo,Creative
103a7abc4dfe0bd04353,20260923T102212_92fcf899:109,1,meta-llama/Llama-3.3-70B-Instruct-Turbo,Creative
647ce22ff8c01fac88b1,20260923T102212_92fcf899:109,2,meta-llama/Llama-3.3-70B-Instruct-Turbo,Creative
c62791bbe6d521ed714d,20260923T102212_92fcf899:109,3,meta-llama/Llama-3.3-70B-Instruct-Turbo,Creative
090e23d338f9454deecd,20260923T102212_92fcf899:109,4,meta-llama/Llama-3.3-70B-Instruct-Turbo,Creative
5693a17af523aad93086,20260923T102212_92fcf899:109,5,meta-llama/Llama-3.3-70B-Instruct-Turbo,Creative
e066a212955f16e61d72,20260923T102212_92fcf899:109,6,meta-llama/Llama-3.3-70B-Instruct-Turbo,Creative
1392df04e06a0627901e,20260923T102212_92fcf899:109,7,meta-llama/Llama-3.3-70B-Instruct-Turbo,Creative
9f50e4b74e1d1981cac6,20260923T102212_92fcf899:109,8,meta-llama/Llama-3.3-70B-Instruct-Turbo,Creative
f6df96cb9c5ab7fd3ed0,20260923T102212_92fcf899:109,9,meta-llama/Llama-3.3-70B-Instruct-Turbo,Creative
0eb55666c2c14c457c97,20260923T102212_92fcf899:110,0,meta-llama/Llama-3.3-70B-Instruct-Turbo,Standard
4ae3aa9ddb22ac1af38c,20260923T102212_92fcf899:110,1,meta-llama/Llama-3.3-70B-Instruct-Turbo,Standard
093a20b5ae287ee2caad,20260923T102212_92fcf899:110,2,meta-llama/Llama-3.3-70B-Instruct-Turbo,Standard
8b32419999f005b42d9c,20260923T102212_92fcf899:110,3,meta-llama/Llama-3.3-70B-Instruct-Turbo,Standard
30bbe23c55f3752ac8ab,20260923T102212_92fcf899:110,4,meta-llama/Llama-3.3-70B-Instruct-Turbo,Standard
328fabc5b783710d3789,20260923T102212_92fcf899:110,5,meta-llama/Llama-3.3-70B-Instruct-Turbo,Standard
c977fb6798032b9cfc90,20260923T102212_92fcf899:110,6,meta-llama/Llama-3.3-70B-Instruct-Turbo,Standard
4bc86da0a5269d8c1a2f,20260923T102212_92fcf899:110,7,meta-llama/Llama-3.3-70B-Instruct-Turbo,Standard
72f020c9d066d551974a,20260923T102212_92fcf899:110,8,meta-llama/Llama-3.3-70B-Instruct-Turbo,Standard
c6e04d438547ff63b846,20260923T102212_92fcf899:110,9,meta-llama/Llama-3.3-70B-Instruct-Turbo,Standard
749339a112cc118bcc63,20260923T102212_92fcf899:111,0,meta-llama/Llama-3.3-70B-Instruct-Turbo,Conventional
c6e5defe1214f7f872d7,20260923T102212_92fcf899:111,1,meta-llama/Llama-3.3-70B-Instruct-Turbo,Conventional
947959df1db2a7609305,20260923T102212_92fcf899:111,2,meta-llama/Llama-3.3-70B-Instruct-Turbo,Conventional
a075186e924a9def403c,20260923T102212_92fcf899:111,3,meta-llama/Llama-3.3-70B-Instruct-Turbo,Conventional
a60f1a6ce3d17b57e8bf,20260923T102212_92fcf899:111,4,meta-llama/Llama-3.3-70B-Instruct-Turbo,Conventional
0e8a416074a241c93e5d,20260923T102212_92fcf899:111,5,meta-llama/Llama-3.3-70B-Instruct-Turbo,Conventional
b375d2f76d858f0e76f6,20260923T102212_92fcf899:111,6,meta-llama/Llama-3.3-70B-Instruct-Turbo,Conventional
b305624cffb0b94ed5cc,20260923T102212_92fcf899:111,7,meta-llama/Llama-3.3-70B-Instruct-Turbo,Conventional
a9b2b8053c6fbd17d22c,20260923T102212_92fcf899:111,8,meta-llama/Llama-3.3-70B-Instruct-Turbo,Conventional
0aacae40b8ee4871edc3,20260923T102212_92fcf899:111,9,meta-llama/Llama-3.3-70B-Instruct-Turbo,Conventional
2c30eef399e02afbeebf,20260923T102212_92fcf899:112,0,meta-llama/Llama-3.3-70B-Instruct-Turbo,Effective
bb1df8392966a8a435f2,20260923T102212_92fcf899:112,1,meta-llama/Llama-3.3-70B-Instruct-Turbo,Effective
7471d302fcfc689af72a,20260923T102212_92fcf899:112,2,meta-llama/Llama-3.3-70B-Instruct-Turbo,Effective
4f1587df70883dd1a186,20260923T102212_92fcf899:112,3,meta-llama/Llama-3.3-70B-Instruct-Turbo,Effective
b19132f8a3d307fccee7,20260923T102212_92fcf899:112,4,meta-llama/Llama-3.3-70B-Instruct-Turbo,Effective
c700a9057ff2be9dd8ca,20260923T102212_92fcf899:112,5,meta-llama/Llama-3.3-70B-Instruct-Turbo,Effective
f6dd7cdaad996da600b5,20260923T102212_92fcf899:112,6,meta-llama/Llama-3.3-70B-Instruct-Turbo,Effective
01dddde82293d73fdf65,20260923T102212_92fcf899:112,7,meta-llama/Llama-3.3-70B-Instruct-Turbo,Effective
bb774fd84140469b6126,20260923T102212_92fcf899:112,8,meta-llama/Llama-3.3-70B-Instruct-Turbo,Effective
5203408c9279eaee726c,20260923T102212_92fcf899:112,9,meta-llama/Llama-3.3-70B-Instruct-Turbo,Effective
be15f3bf9012c8af5fb0,20260923T102212_92fcf899:113,0,meta-llama/Llama-3.3-70B-Instruct-Turbo,Boring
1abbdf0e8994823157e3,20260923T102212_92fcf899:113,1,meta-llama/Llama-3.3-70B-Instruct-Turbo,Boring
dfdfd64c3380d74e9a41,20260923T102212_92fcf899:113,2,meta-llama/Llama-3.3-70B-Instruct-Turbo,Boring
699fe4106d3c7736b4c6,20260923T102212_92fcf899:113,3,meta-llama/Llama-3.3-70B-Instruct-Turbo,Boring
bfce73b64b0ad4c299bb,20260923T102212_92fcf899:113,4,meta-llama/Llama-3.3-70B-Instruct-Turbo,Boring
4da45fe702291f000b03,20260923T102212_92fcf899:113,5,meta-llama/Llama-3.3-70B-Instruct-Turbo,Boring
f8532adc6294a0b591f9,20260923T102212_92fcf899:113,6,meta-llama/Llama-3.3-70B-Instruct-Turbo,Boring
946105a6410bcb4a5a03,20260923T102212_92fcf899:113,7,meta-llama/Llama-3.3-70B-Instruct-Turbo,Boring
0ae338ea5de689bcf29b,20260923T102212_92fcf899:113,8,meta-llama/Llama-3.3-70B-Instruct-Turbo,Boring
a8583a8c8d04aa39789d,20260923T102212_92fcf899:113,9,meta-llama/Llama-3.3-70B-Instruct-Turbo,Boring
0e72873e0a400599fc1f,20260923T102212_92fcf899:114,0,meta-llama/Llama-3.3-70B-Instruct-Turbo,Creative
2897c90e4574d4ca32bc,20260923T102212_92fcf899:114,1,meta-llama/Llama-3.3-70B-Instruct-Turbo,Creative
4a70cfd2c90937b046e0,20260923T102212_92fcf899:114,2,meta-llama/Llama-3.3-70B-Instruct-Turbo,Creative
7d04ab31373a214ac9a2,20260923T102212_92fcf899:114,3,meta-llama/Llama-3.3-70B-Instruct-Turbo,Creative
99163f46664f754c302f,20260923T102212_92fcf899:114,4,meta-llama/Llama-3.3-70B-Instruct-Turbo,Creative
691b11ecf1ef8f55f6b5,20260923T102212_92fcf899:114,5,meta-llama/Llama-3.3-70B-Instruct-Turbo,Creative
b69e6843bc5d89917a3c,20260923T102212_92fcf899:114,6,meta-llama/Llama-3.3-70B-Instruct-Turbo,Creative
cf88130948fecc273090,20260923T102212_92fcf899:114,7,meta-llama/Llama-3.3-70B-Instruct-Turbo,Creative
eb2619b896e4561e35e2,20260923T102212_92fcf899:114,8,meta-llama/Llama-3.3-70B-Instruct-Turbo,Creative
b5f30daddfc1d048b4e8,20260923T102212_92fcf899:114,9,meta-llama/Llama-3.3-70B-Instruct-Turbo,Creative
9d92ef7c46faf3d905f1,20260923T102212_92fcf899:115,0,meta-llama/Llama-3.3-70B-Instruct-Turbo,Standard
6170dda400cd35dcc854,20260923T102212_92fcf899:115,1,meta-llama/Llama-3.3-70B-Instruct-Turbo,Standard
a00b42c88b6285515c40,20260923T102212_92fcf899:115,2,meta-llama/Llama-3.3-70B-Instruct-Turbo,Standard
a93615d1bab7d0e44146,20260923T102212_92fcf899:115,3,meta-llama/Llama-3.3-70B-Instruct-Turbo,Standard
53453f6b9234f155fe6e,20260923T102212_92fcf899:115,4,meta-llama/Llama-3.3-70B-Instruct-Turbo,Standard
2a05e70591f677c2e64b,20260923T102212_92fcf899:115,5,meta-llama/Llama-3.3-70B-Instruct-Turbo,Standard
46f18905c08f2d4c8f17,20260923T102212_92fcf899:115,6,meta-llama/Llama-3.3-70B-Instruct-Turbo,Standard
90abbb51957425034aa3,20260923T102212_92fcf899:115,7,meta-llama/Llama-3.3-70B-Instruct-Turbo,Standard
d0014f66aed18804207f,20260923T102212_92fcf899:115,8,meta-llama/Llama-3.3-70B-Instruct-Turbo,Standard
18abf8dabafae4afac39,20260923T102212_92fcf899:115,9,meta-llama/Llama-3.3-70B-Instruct-Turbo,Standard
23c7fee728bad96ef895,20260923T102212_92fcf899:116,0,meta-llama/Llama-3.3-70B-Instruct-Turbo,Conventional
0ac862f00faada43d739,20260923T102212_92fcf899:116,1,meta-llama/Llama-3.3-70B-Instruct-Turbo,Conventional
16928a6f1776ed3ad051,20260923T102212_92fcf899:116,2,meta-llama/Llama-3.3-70B-Instruct-Turbo,Conventional
345bc6a15e936de5a4a0,20260923T102212_92fcf899:116,3,meta-llama/Llama-3.3-70B-Instruct-Turbo,Conventional
1711b90dc77ed95c5ad3,20260923T102212_92fcf899:116,4,meta-llama/Llama-3.3-70B-Instruct-Turbo,Conventional
d61b201b5ca569b7b606,20260923T102212_92fcf899:116,5,meta-llama/Llama-3.3-70B-Instruct-Turbo,Conventional
16f376cd45007004fda9,20260923T102212_92fcf899:116,6,meta-llama/Llama-3.3-70B-Instruct-Turbo,Conventional
dfcfab7b5e5a85534ef1,20260923T102212_92fcf899:116,7,meta-llama/Llama-3.3-70B-Instruct-Turbo,Conventional
c32d7e19ccab6ab47e7f,20260923T102212_92fcf899:116,8,meta-llama/Llama-3.3-70B-Instruct-Turbo,Conventional
de40ab7c7aca1ccf5d07,20260923T102212_92fcf899:116,9,meta-llama/Llama-3.3-70B-Instruct-Turbo,Conventional
5d21a6043a89986bcf45,20260923T102212_92fcf899:117,0,meta-llama/Llama-3.3-70B-Instruct-Turbo,Effective
a0769715c1c341781f5e,20260923T102212_92fcf899:117,1,meta-llama/Llama-3.3-70B-Instruct-Turbo,Effective
bcea8055b4600051fb76,20260923T102212_92fcf899:117,2,meta-llama/Llama-3.3-70B-Instruct-Turbo,Effective
91857c0534045c832889,20260923T102212_92fcf899:117,3,meta-llama/Llama-3.3-70B-Instruct-Turbo,Effective
3ab188ff471dfa776008,20260923T102212_92fcf899:117,4,meta-llama/Llama-3.3-70B-Instruct-Turbo,Effective
34f64aeeceb53e31f152,20260923T102212_92fcf899:117,5,meta-llama/Llama-3.3-70B-Instruct-Turbo,Effective
6a796e5a0684357409ae,20260923T102212_92fcf899:117,6,meta-llama/Llama-3.3-70B-Instruct-Turbo,Effective
b44b4f16c3eab7186619,20260923T102212_92fcf899:117,7,meta-llama/Llama-3.3-70B-Instruct-Turbo,Effective
96b7e65fe2a333f4cbde,20260923T102212_92fcf899:117,8,meta-llama/Llama-3.3-70B-Instruct-Turbo,Effective
4535ae696b0a026fda80,20260923T102212_92fcf899:117,9,meta-llama/Llama-3.3-70B-Instruct-Turbo,Effective
36930562c7e6070736f3,20260923T102212_92fcf899:118,0,meta-llama/Llama-3.3-70B-Instruct-Turbo,Boring
918abc93b3010465dc92,20260923T102212_92fcf899:118,1,meta-llama/Llama-3.3-70B-Instruct-Turbo,Boring
4b1ea5108edabd41e99e,20260923T102212_92fcf899:118,2,meta-llama/Llama-3.3-70B-Instruct-Turbo,Boring
d8f85c8fcb80ecbe58ae,20260923T102212_92fcf899:118,3,meta-llama/Llama-3.3-70B-Instruct-Turbo,Boring
cdbf80f52a97d1efbb7a,20260923T102212_92fcf899:118,4,meta-llama/Llama-3.3-70B-Instruct-Turbo,Boring
ae5dfdbceaa2c3639dca,20260923T102212_92fcf899:118,5,meta-llama/Llama-3.3-70B-Instruct-Turbo,Boring
0bb33b5510739d484a5c,20260923T102212_92fcf899:118,6,meta-llama/Llama-3.3-70B-Instruct-Turbo,Boring
2e2d14f5d9708e133c97,20260923T102212_92fcf899:118,7,meta-llama/Llama-3.3-70B-Instruct-Turbo,Boring
d48b93c82d1f187cd82b,20260923T102212_92fcf899:118,8,meta-llama/Llama-3.3-70B-Instruct-Turbo,Boring
a088c0fcfa781713b10b,20260923T102212_92fcf899:118,9,meta-llama/Llama-3.3-70B-Instruct-Turbo,Boring
78b538f9036e4dcec953,20260923T102212_92fcf899:119,0,meta-llama/Llama-3.3-70B-Instruct-Turbo,Creative
e3acf69829ae339054e3,20260923T102212_92fcf899:119,1,meta-llama/Llama-3.3-70B-Instruct-Turbo,Creative
da87043593fc0be32685,20260923T102212_92fcf899:119,2,meta-llama/Llama-3.3-70B-Instruct-Turbo,Creative
420e1992e31daeb7d44a,20260923T102212_92fcf899:119,3,meta-llama/Llama-3.3-70B-Instruct-Turbo,Creative
8e1254e74d335816ce86,20260923T102212_92fcf899:119,4,meta-llama/Llama-3.3-70B-Instruct-Turbo,Creative
bcd202aaae8394e87bb3,20260923T102212_92fcf899:119,5,meta-llama/Llama-3.3-70B-Instruct-Turbo,Creative
e2279870d3a1a012da86,20260923T102212_92fcf899:119,6,meta-llama/Llama-3.3-70B-Instruct-Turbo,Creative
c44ede443ec1a8e81d8a,20260923T102212_92fcf899:119,7,meta-llama/Llama-3.3-70B-Instruct-Turbo,Creative
7bf4ed1ef63c35f9b787,20260923T102212_92fcf899:119,8,meta-llama/Llama-3.3-70B-Instruct-Turbo,Creative
c7ac9d4ca2ac2e747ce3,20260923T102212_92fcf899:119,9,meta-llama/Llama-3.3-70B-Instruct-Turbo,Creative
a2fd3db27dd5f72438eb,20260923T102212_92fcf899:120,0,meta-llama/Llama-3.3-70B-Instruct-Turbo,Standard
ae155bae52c6920d842d,20260923T102212_92fcf899:120,1,meta-llama/Llama-3.3-70B-Instruct-Turbo,Standard
3524af7f8b5c16350640,20260923T102212_92fcf899:120,2,meta-llama/Llama-3.3-70B-Instruct-Turbo,Standard
f4e5cea9f7a3ce48f6e6,20260923T102212_92fcf899:120,3,meta-llama/Llama-3.3-70B-Instruct-Turbo,Standard
11454599e556d2f6c4c3,20260923T102212_92fcf899:120,4,meta-llama/Llama-3.3-70B-Instruct-Turbo,Standard
1fb7aed0823a9bea82ed,20260923T102212_92fcf899:120,5,meta-llama/Llama-3.3-70B-Instruct-Turbo,Standard
288eab85b7408c27cea6,20260923T102212_92fcf899:120,6,meta-llama/Llama-3.3-70B-Instruct-Turbo,Standard
30b395b3e33106fc639b,20260923T102212_92fcf899:120,7,meta-llama/Llama-3.3-70B-Instruct-Turbo,Standard
6cc28b007430e330756a,20260923T102212_92fcf899:120,8,meta-llama/Llama-3.3-70B-Instruct-Turbo,Standard
8cafaa0a0687740a2b22,20260923T102212_92fcf899:120,9,meta-llama/Llama-3.3-70B-Instruct-Turbo,Standard
742a6cb5ee707b632be4,20260923T102212_92fcf899:121,0,meta-llama/Llama-3.3-70B-Instruct-Turbo,Conventional
194a748a0cd45c2bad83,20260923T102212_92fcf899:121,1,meta-llama/Llama-3.3-70B-Instruct-Turbo,Conventional
36c339a574942d2f2710,20260923T102212_92fcf899:121,2,meta-llama/Llama-3.3-70B-Instruct-Turbo,Conventional
b5552232c501a5e11e32,20260923T102212_92fcf899:121,3,meta-llama/Llama-3.3-70B-Instruct-Turbo,Conventional
13bd661653574d67f8b8,20260923T102212_92fcf899:121,4,meta-llama/Llama-3.3-70B-Instruct-Turbo,Conventional
82893d96dca705b8bfa0,20260923T102212_92fcf899:121,5,meta-llama/Llama-3.3-70B-Instruct-Turbo,Conventional
e033ce08edc345a8d739,20260923T102212_92fcf899:121,6,meta-llama/Llama-3.3-70B-Instruct-Turbo,Conventional
065c60d9b2d1048f583b,20260923T102212_92fcf899:121,7,meta-llama/Llama-3.3-70B-Instruct-Turbo,Conventional
c3e09504c2b9839ce867,20260923T102212_92fcf899:121,8,meta-llama/Llama-3.3-70B-Instruct-Turbo,Conventional
c0f86ec06ba8b92cd775,20260923T102212_92fcf899:121,9,meta-llama/Llama-3.3-70B-Instruct-Turbo,Conventional
a964bf2a25e3a4b01619,20260923T102212_92fcf899:122,0,meta-llama/Llama-3.3-70B-Instruct-Turbo,Effective
e6191ec18c0e6f98d033,20260923T102212_92fcf899:122,1,meta-llama/Llama-3.3-70B-Instruct-Turbo,Effective
fe8f49cb9cee6d685b3c,20260923T102212_92fcf899:122,2,meta-llama/Llama-3.3-70B-Instruct-Turbo,Effective
de578d1a0ba9bd0bd19a,20260923T102212_92fcf899:122,3,meta-llama/Llama-3.3-70B-Instruct-Turbo,Effective
b5b3272daf3447db2e13,20260923T102212_92fcf899:122,4,meta-llama/Llama-3.3-70B-Instruct-Turbo,Effective
7cc9d1b3228dcdc57df1,20260923T102212_92fcf899:122,5,meta-llama/Llama-3.3-70B-Instruct-Turbo,Effective
789587fe924b1769d874,20260923T102212_92fcf899:122,6,meta-llama/Llama-3.3-70B-Instruct-Turbo,Effective
a5a68aa1d4823c5ab8b8,20260923T102212_92fcf899:122,7,meta-llama/Llama-3.3-70B-Instruct-Turbo,Effective
3d7e5525d43b714c3bd5,20260923T102212_92fcf899:122,8,meta-llama/Llama-3.3-70B-Instruct-Turbo,Effective
14471f3aedc38c3b4347,20260923T102212_92fcf899:122,9,meta-llama/Llama-3.3-70B-Instruct-Turbo,Effective
dfe2df2544da6e3050a5,20260923T102212_92fcf899:123,0,meta-llama/Llama-3.3-70B-Instruct-Turbo,Boring
1d075286d82e9e0be9a8,20260923T102212_92fcf899:123,1,meta-llama/Llama-3.3-70B-Instruct-Turbo,Boring
436b620bfee7c1896980,20260923T102212_92fcf899:123,2,meta-llama/Llama-3.3-70B-Instruct-Turbo,Boring
60f68efddba15e6837cf,20260923T102212_92fcf899:123,3,meta-llama/Llama-3.3-70B-Instruct-Turbo,Boring
b9f5af0a8ea841379ddd,20260923T102212_92fcf899:123,4,meta-llama/Llama-3.3-70B-Instruct-Turbo,Boring
6503e2586ef81678ab0a,20260923T102212_92fcf899:123,5,meta-llama/Llama-3.3-70B-Instruct-Turbo,Boring
ed4e7fb1eb0785e5c03c,20260923T102212_92fcf899:123,6,meta-llama/Llama-3.3-70B-Instruct-Turbo,Boring
173c896da327ae697996,20260923T102212_92fcf899:123,7,meta-llama/Llama-3.3-70B-Instruct-Turbo,Boring
134b6005732d6ec3673f,20260923T102212_92fcf899:123,8,meta-llama/Llama-3.3-70B-Instruct-Turbo,Boring
0bde36fef12c8b8ca9fe,20260923T102212_92fcf899:123,9,meta-llama/Llama-3.3-70B-Instruct-Turbo,Boring
0b826c40220518373e25,20260923T102212_92fcf899:124,0,meta-llama/Llama-3.3-70B-Instruct-Turbo,Creative
16261f66c33a3543c468,20260923T102212_92fcf899:124,1,meta-llama/Llama-3.3-70B-Instruct-Turbo,Creative
c2355b7e3b59f057d880,20260923T102212_92fcf899:124,2,meta-llama/Llama-3.3-70B-Instruct-Turbo,Creative
32868460989b18c6c2e3,20260923T102212_92fcf899:124,3,meta-llama/Llama-3.3-70B-Instruct-Turbo,Creative
63e80b0799cd564ed977,20260923T102212_92fcf899:124,4,meta-llama/Llama-3.3-70B-Instruct-Turbo,Creative
7b5c5b07673ece983d5e,20260923T102212_92fcf899:124,5,meta-llama/Llama-3.3-70B-Instruct-Turbo,Creative
ddea7646c9989d69022e,20260923T102212_92fcf899:124,6,meta-llama/Llama-3.3-70B-Instruct-Turbo,Creative
2de1a5c35e196b6eae69,20260923T102212_92fcf899:124,7,meta-llama/Llama-3.3-70B-Instruct-Turbo,Creative
a663576b9eb00bc20705,20260923T102212_92fcf899:124,8,meta-llama/Llama-3.3-70B-Instruct-Turbo,Creative
eb657daee4a62a932ff9,20260923T102212_92fcf899:124,9,meta-llama/Llama-3.3-70B-Instruct-Turbo,Creative
