Model,Task,Instruction,Item,Condition,Prompt,Response,Short_Model,Parsed_Ideas,Originality_Score,Rarity_Score,Parsed_Words
google/gemma-4-31b-it,Alternative Uses Task,"List exactly 10 alternative, uncommon uses for the following object. Provide only a numbered list (1-10), with one use per line and no explanations.",Book,Standard,"Task: List exactly 10 alternative, uncommon uses for the following object. Provide only a numbered list (1-10), with one use per line and no explanations.
Target: Book","1. Doorstop
2. Press for dried flowers
3. Shelf riser
4. Laptop stand
5. Secret safe
6. Painting canvas
7. Yoga block
8. Table leveler
9. Paperweight
10. Texture stamp for clay",gemma-4-31b-it,Doorstop,0.788390040397644,0.9333333333333333,
google/gemma-4-31b-it,Alternative Uses Task,"List exactly 10 alternative, uncommon uses for the following object. Provide only a numbered list (1-10), with one use per line and no explanations.",Book,Standard,"Task: List exactly 10 alternative, uncommon uses for the following object. Provide only a numbered list (1-10), with one use per line and no explanations.
Target: Book","1. Doorstop
2. Press for dried flowers
3. Shelf riser
4. Laptop stand
5. Secret safe
6. Painting canvas
7. Yoga block
8. Table leveler
9. Paperweight
10. Texture stamp for clay",gemma-4-31b-it,Press for dried flowers,0.9501327276229858,0.9777777777777777,
google/gemma-4-31b-it,Alternative Uses Task,"List exactly 10 alternative, uncommon uses for the following object. Provide only a numbered list (1-10), with one use per line and no explanations.",Book,Standard,"Task: List exactly 10 alternative, uncommon uses for the following object. Provide only a numbered list (1-10), with one use per line and no explanations.
Target: Book","1. Doorstop
2. Press for dried flowers
3. Shelf riser
4. Laptop stand
5. Secret safe
6. Painting canvas
7. Yoga block
8. Table leveler
9. Paperweight
10. Texture stamp for clay",gemma-4-31b-it,Shelf riser,0.8638511896133423,0.9833333333333333,
google/gemma-4-31b-it,Alternative Uses Task,"List exactly 10 alternative, uncommon uses for the following object. Provide only a numbered list (1-10), with one use per line and no explanations.",Book,Standard,"Task: List exactly 10 alternative, uncommon uses for the following object. Provide only a numbered list (1-10), with one use per line and no explanations.
Target: Book","1. Doorstop
2. Press for dried flowers
3. Shelf riser
4. Laptop stand
5. Secret safe
6. Painting canvas
7. Yoga block
8. Table leveler
9. Paperweight
10. Texture stamp for clay",gemma-4-31b-it,Laptop stand,0.8905052542686462,0.9888888888888889,
google/gemma-4-31b-it,Alternative Uses Task,"List exactly 10 alternative, uncommon uses for the following object. Provide only a numbered list (1-10), with one use per line and no explanations.",Book,Standard,"Task: List exactly 10 alternative, uncommon uses for the following object. Provide only a numbered list (1-10), with one use per line and no explanations.
Target: Book","1. Doorstop
2. Press for dried flowers
3. Shelf riser
4. Laptop stand
5. Secret safe
6. Painting canvas
7. Yoga block
8. Table leveler
9. Paperweight
10. Texture stamp for clay",gemma-4-31b-it,Secret safe,0.7649958729743958,0.9833333333333333,
google/gemma-4-31b-it,Alternative Uses Task,"List exactly 10 alternative, uncommon uses for the following object. Provide only a numbered list (1-10), with one use per line and no explanations.",Book,Standard,"Task: List exactly 10 alternative, uncommon uses for the following object. Provide only a numbered list (1-10), with one use per line and no explanations.
Target: Book","1. Doorstop
2. Press for dried flowers
3. Shelf riser
4. Laptop stand
5. Secret safe
6. Painting canvas
7. Yoga block
8. Table leveler
9. Paperweight
10. Texture stamp for clay",gemma-4-31b-it,Painting canvas,0.8244991302490234,0.9944444444444445,
google/gemma-4-31b-it,Alternative Uses Task,"List exactly 10 alternative, uncommon uses for the following object. Provide only a numbered list (1-10), with one use per line and no explanations.",Book,Standard,"Task: List exactly 10 alternative, uncommon uses for the following object. Provide only a numbered list (1-10), with one use per line and no explanations.
Target: Book","1. Doorstop
2. Press for dried flowers
3. Shelf riser
4. Laptop stand
5. Secret safe
6. Painting canvas
7. Yoga block
8. Table leveler
9. Paperweight
10. Texture stamp for clay",gemma-4-31b-it,Yoga block,0.8674538731575012,0.9888888888888889,
google/gemma-4-31b-it,Alternative Uses Task,"List exactly 10 alternative, uncommon uses for the following object. Provide only a numbered list (1-10), with one use per line and no explanations.",Book,Standard,"Task: List exactly 10 alternative, uncommon uses for the following object. Provide only a numbered list (1-10), with one use per line and no explanations.
Target: Book","1. Doorstop
2. Press for dried flowers
3. Shelf riser
4. Laptop stand
5. Secret safe
6. Painting canvas
7. Yoga block
8. Table leveler
9. Paperweight
10. Texture stamp for clay",gemma-4-31b-it,Table leveler,0.9591026306152344,0.9944444444444445,
google/gemma-4-31b-it,Alternative Uses Task,"List exactly 10 alternative, uncommon uses for the following object. Provide only a numbered list (1-10), with one use per line and no explanations.",Book,Standard,"Task: List exactly 10 alternative, uncommon uses for the following object. Provide only a numbered list (1-10), with one use per line and no explanations.
Target: Book","1. Doorstop
2. Press for dried flowers
3. Shelf riser
4. Laptop stand
5. Secret safe
6. Painting canvas
7. Yoga block
8. Table leveler
9. Paperweight
10. Texture stamp for clay",gemma-4-31b-it,Paperweight,0.7166880369186401,0.9444444444444444,
google/gemma-4-31b-it,Alternative Uses Task,"List exactly 10 alternative, uncommon uses for the following object. Provide only a numbered list (1-10), with one use per line and no explanations.",Book,Standard,"Task: List exactly 10 alternative, uncommon uses for the following object. Provide only a numbered list (1-10), with one use per line and no explanations.
Target: Book","1. Doorstop
2. Press for dried flowers
3. Shelf riser
4. Laptop stand
5. Secret safe
6. Painting canvas
7. Yoga block
8. Table leveler
9. Paperweight
10. Texture stamp for clay",gemma-4-31b-it,Texture stamp for clay,0.9331583380699158,0.9944444444444445,
google/gemma-4-31b-it,Alternative Uses Task,"List exactly 10 alternative, uncommon uses for the following object. Provide only a numbered list (1-10), with one use per line and no explanations.",Book,Creative,"Task: List exactly 10 alternative, uncommon uses for the following object. Provide only a numbered list (1-10), with one use per line and no explanations.
Target: Book
Condition: Be creative.","1. Doorstop
2. Press for dried flowers
3. Shelf riser
4. Hidden safe
5. Yoga block
6. Improvised hammer
7. Laptop stand
8. Pasta drying rack
9. Leveling shim for furniture
10. Art canvas",gemma-4-31b-it,Doorstop,0.788390040397644,0.9333333333333333,
google/gemma-4-31b-it,Alternative Uses Task,"List exactly 10 alternative, uncommon uses for the following object. Provide only a numbered list (1-10), with one use per line and no explanations.",Book,Creative,"Task: List exactly 10 alternative, uncommon uses for the following object. Provide only a numbered list (1-10), with one use per line and no explanations.
Target: Book
Condition: Be creative.","1. Doorstop
2. Press for dried flowers
3. Shelf riser
4. Hidden safe
5. Yoga block
6. Improvised hammer
7. Laptop stand
8. Pasta drying rack
9. Leveling shim for furniture
10. Art canvas",gemma-4-31b-it,Press for dried flowers,0.9501327276229858,0.9777777777777777,
google/gemma-4-31b-it,Alternative Uses Task,"List exactly 10 alternative, uncommon uses for the following object. Provide only a numbered list (1-10), with one use per line and no explanations.",Book,Creative,"Task: List exactly 10 alternative, uncommon uses for the following object. Provide only a numbered list (1-10), with one use per line and no explanations.
Target: Book
Condition: Be creative.","1. Doorstop
2. Press for dried flowers
3. Shelf riser
4. Hidden safe
5. Yoga block
6. Improvised hammer
7. Laptop stand
8. Pasta drying rack
9. Leveling shim for furniture
10. Art canvas",gemma-4-31b-it,Shelf riser,0.8638511896133423,0.9833333333333333,
google/gemma-4-31b-it,Alternative Uses Task,"List exactly 10 alternative, uncommon uses for the following object. Provide only a numbered list (1-10), with one use per line and no explanations.",Book,Creative,"Task: List exactly 10 alternative, uncommon uses for the following object. Provide only a numbered list (1-10), with one use per line and no explanations.
Target: Book
Condition: Be creative.","1. Doorstop
2. Press for dried flowers
3. Shelf riser
4. Hidden safe
5. Yoga block
6. Improvised hammer
7. Laptop stand
8. Pasta drying rack
9. Leveling shim for furniture
10. Art canvas",gemma-4-31b-it,Hidden safe,0.7927619218826294,0.9833333333333333,
google/gemma-4-31b-it,Alternative Uses Task,"List exactly 10 alternative, uncommon uses for the following object. Provide only a numbered list (1-10), with one use per line and no explanations.",Book,Creative,"Task: List exactly 10 alternative, uncommon uses for the following object. Provide only a numbered list (1-10), with one use per line and no explanations.
Target: Book
Condition: Be creative.","1. Doorstop
2. Press for dried flowers
3. Shelf riser
4. Hidden safe
5. Yoga block
6. Improvised hammer
7. Laptop stand
8. Pasta drying rack
9. Leveling shim for furniture
10. Art canvas",gemma-4-31b-it,Yoga block,0.8674538731575012,0.9888888888888889,
google/gemma-4-31b-it,Alternative Uses Task,"List exactly 10 alternative, uncommon uses for the following object. Provide only a numbered list (1-10), with one use per line and no explanations.",Book,Creative,"Task: List exactly 10 alternative, uncommon uses for the following object. Provide only a numbered list (1-10), with one use per line and no explanations.
Target: Book
Condition: Be creative.","1. Doorstop
2. Press for dried flowers
3. Shelf riser
4. Hidden safe
5. Yoga block
6. Improvised hammer
7. Laptop stand
8. Pasta drying rack
9. Leveling shim for furniture
10. Art canvas",gemma-4-31b-it,Improvised hammer,0.8706408143043518,0.9944444444444445,
google/gemma-4-31b-it,Alternative Uses Task,"List exactly 10 alternative, uncommon uses for the following object. Provide only a numbered list (1-10), with one use per line and no explanations.",Book,Creative,"Task: List exactly 10 alternative, uncommon uses for the following object. Provide only a numbered list (1-10), with one use per line and no explanations.
Target: Book
Condition: Be creative.","1. Doorstop
2. Press for dried flowers
3. Shelf riser
4. Hidden safe
5. Yoga block
6. Improvised hammer
7. Laptop stand
8. Pasta drying rack
9. Leveling shim for furniture
10. Art canvas",gemma-4-31b-it,Laptop stand,0.8905052542686462,0.9888888888888889,
google/gemma-4-31b-it,Alternative Uses Task,"List exactly 10 alternative, uncommon uses for the following object. Provide only a numbered list (1-10), with one use per line and no explanations.",Book,Creative,"Task: List exactly 10 alternative, uncommon uses for the following object. Provide only a numbered list (1-10), with one use per line and no explanations.
Target: Book
Condition: Be creative.","1. Doorstop
2. Press for dried flowers
3. Shelf riser
4. Hidden safe
5. Yoga block
6. Improvised hammer
7. Laptop stand
8. Pasta drying rack
9. Leveling shim for furniture
10. Art canvas",gemma-4-31b-it,Pasta drying rack,0.9214709997177124,0.9944444444444445,
google/gemma-4-31b-it,Alternative Uses Task,"List exactly 10 alternative, uncommon uses for the following object. Provide only a numbered list (1-10), with one use per line and no explanations.",Book,Creative,"Task: List exactly 10 alternative, uncommon uses for the following object. Provide only a numbered list (1-10), with one use per line and no explanations.
Target: Book
Condition: Be creative.","1. Doorstop
2. Press for dried flowers
3. Shelf riser
4. Hidden safe
5. Yoga block
6. Improvised hammer
7. Laptop stand
8. Pasta drying rack
9. Leveling shim for furniture
10. Art canvas",gemma-4-31b-it,Leveling shim for furniture,0.9901328682899475,0.9777777777777777,
google/gemma-4-31b-it,Alternative Uses Task,"List exactly 10 alternative, uncommon uses for the following object. Provide only a numbered list (1-10), with one use per line and no explanations.",Book,Creative,"Task: List exactly 10 alternative, uncommon uses for the following object. Provide only a numbered list (1-10), with one use per line and no explanations.
Target: Book
Condition: Be creative.","1. Doorstop
2. Press for dried flowers
3. Shelf riser
4. Hidden safe
5. Yoga block
6. Improvised hammer
7. Laptop stand
8. Pasta drying rack
9. Leveling shim for furniture
10. Art canvas",gemma-4-31b-it,Art canvas,0.7254749536514282,0.9944444444444445,
google/gemma-4-31b-it,Alternative Uses Task,"List exactly 10 alternative, uncommon uses for the following object. Provide only a numbered list (1-10), with one use per line and no explanations.",Book,Effective,"Task: List exactly 10 alternative, uncommon uses for the following object. Provide only a numbered list (1-10), with one use per line and no explanations.
Target: Book
Condition: Be effective.","1. Doorstop
2. Press for dried flowers
3. Laptop riser
4. Leveling shim for furniture
5. Hidden safe
6. Weights for painting canvas
7. Shelf spacer
8. Improvised step stool
9. Pillow support
10. Heat diffuser for hot pans",gemma-4-31b-it,Doorstop,0.7883899211883545,0.9333333333333333,
google/gemma-4-31b-it,Alternative Uses Task,"List exactly 10 alternative, uncommon uses for the following object. Provide only a numbered list (1-10), with one use per line and no explanations.",Book,Effective,"Task: List exactly 10 alternative, uncommon uses for the following object. Provide only a numbered list (1-10), with one use per line and no explanations.
Target: Book
Condition: Be effective.","1. Doorstop
2. Press for dried flowers
3. Laptop riser
4. Leveling shim for furniture
5. Hidden safe
6. Weights for painting canvas
7. Shelf spacer
8. Improvised step stool
9. Pillow support
10. Heat diffuser for hot pans",gemma-4-31b-it,Press for dried flowers,0.9501327276229858,0.9777777777777777,
google/gemma-4-31b-it,Alternative Uses Task,"List exactly 10 alternative, uncommon uses for the following object. Provide only a numbered list (1-10), with one use per line and no explanations.",Book,Effective,"Task: List exactly 10 alternative, uncommon uses for the following object. Provide only a numbered list (1-10), with one use per line and no explanations.
Target: Book
Condition: Be effective.","1. Doorstop
2. Press for dried flowers
3. Laptop riser
4. Leveling shim for furniture
5. Hidden safe
6. Weights for painting canvas
7. Shelf spacer
8. Improvised step stool
9. Pillow support
10. Heat diffuser for hot pans",gemma-4-31b-it,Laptop riser,0.9185481667518616,0.9944444444444445,
google/gemma-4-31b-it,Alternative Uses Task,"List exactly 10 alternative, uncommon uses for the following object. Provide only a numbered list (1-10), with one use per line and no explanations.",Book,Effective,"Task: List exactly 10 alternative, uncommon uses for the following object. Provide only a numbered list (1-10), with one use per line and no explanations.
Target: Book
Condition: Be effective.","1. Doorstop
2. Press for dried flowers
3. Laptop riser
4. Leveling shim for furniture
5. Hidden safe
6. Weights for painting canvas
7. Shelf spacer
8. Improvised step stool
9. Pillow support
10. Heat diffuser for hot pans",gemma-4-31b-it,Leveling shim for furniture,0.9901328682899475,0.9777777777777777,
google/gemma-4-31b-it,Alternative Uses Task,"List exactly 10 alternative, uncommon uses for the following object. Provide only a numbered list (1-10), with one use per line and no explanations.",Book,Effective,"Task: List exactly 10 alternative, uncommon uses for the following object. Provide only a numbered list (1-10), with one use per line and no explanations.
Target: Book
Condition: Be effective.","1. Doorstop
2. Press for dried flowers
3. Laptop riser
4. Leveling shim for furniture
5. Hidden safe
6. Weights for painting canvas
7. Shelf spacer
8. Improvised step stool
9. Pillow support
10. Heat diffuser for hot pans",gemma-4-31b-it,Hidden safe,0.7927619218826294,0.9833333333333333,
google/gemma-4-31b-it,Alternative Uses Task,"List exactly 10 alternative, uncommon uses for the following object. Provide only a numbered list (1-10), with one use per line and no explanations.",Book,Effective,"Task: List exactly 10 alternative, uncommon uses for the following object. Provide only a numbered list (1-10), with one use per line and no explanations.
Target: Book
Condition: Be effective.","1. Doorstop
2. Press for dried flowers
3. Laptop riser
4. Leveling shim for furniture
5. Hidden safe
6. Weights for painting canvas
7. Shelf spacer
8. Improvised step stool
9. Pillow support
10. Heat diffuser for hot pans",gemma-4-31b-it,Weights for painting canvas,0.9289389252662659,0.9944444444444445,
google/gemma-4-31b-it,Alternative Uses Task,"List exactly 10 alternative, uncommon uses for the following object. Provide only a numbered list (1-10), with one use per line and no explanations.",Book,Effective,"Task: List exactly 10 alternative, uncommon uses for the following object. Provide only a numbered list (1-10), with one use per line and no explanations.
Target: Book
Condition: Be effective.","1. Doorstop
2. Press for dried flowers
3. Laptop riser
4. Leveling shim for furniture
5. Hidden safe
6. Weights for painting canvas
7. Shelf spacer
8. Improvised step stool
9. Pillow support
10. Heat diffuser for hot pans",gemma-4-31b-it,Shelf spacer,0.8337727785110474,0.9888888888888889,
google/gemma-4-31b-it,Alternative Uses Task,"List exactly 10 alternative, uncommon uses for the following object. Provide only a numbered list (1-10), with one use per line and no explanations.",Book,Effective,"Task: List exactly 10 alternative, uncommon uses for the following object. Provide only a numbered list (1-10), with one use per line and no explanations.
Target: Book
Condition: Be effective.","1. Doorstop
2. Press for dried flowers
3. Laptop riser
4. Leveling shim for furniture
5. Hidden safe
6. Weights for painting canvas
7. Shelf spacer
8. Improvised step stool
9. Pillow support
10. Heat diffuser for hot pans",gemma-4-31b-it,Improvised step stool,0.8841636776924133,0.9833333333333333,
google/gemma-4-31b-it,Alternative Uses Task,"List exactly 10 alternative, uncommon uses for the following object. Provide only a numbered list (1-10), with one use per line and no explanations.",Book,Effective,"Task: List exactly 10 alternative, uncommon uses for the following object. Provide only a numbered list (1-10), with one use per line and no explanations.
Target: Book
Condition: Be effective.","1. Doorstop
2. Press for dried flowers
3. Laptop riser
4. Leveling shim for furniture
5. Hidden safe
6. Weights for painting canvas
7. Shelf spacer
8. Improvised step stool
9. Pillow support
10. Heat diffuser for hot pans",gemma-4-31b-it,Pillow support,0.8710263967514038,0.9888888888888889,
google/gemma-4-31b-it,Alternative Uses Task,"List exactly 10 alternative, uncommon uses for the following object. Provide only a numbered list (1-10), with one use per line and no explanations.",Book,Effective,"Task: List exactly 10 alternative, uncommon uses for the following object. Provide only a numbered list (1-10), with one use per line and no explanations.
Target: Book
Condition: Be effective.","1. Doorstop
2. Press for dried flowers
3. Laptop riser
4. Leveling shim for furniture
5. Hidden safe
6. Weights for painting canvas
7. Shelf spacer
8. Improvised step stool
9. Pillow support
10. Heat diffuser for hot pans",gemma-4-31b-it,Heat diffuser for hot pans,0.97794109582901,0.9944444444444445,
google/gemma-4-31b-it,Alternative Uses Task,"List exactly 10 alternative, uncommon uses for the following object. Provide only a numbered list (1-10), with one use per line and no explanations.",Book,Boring,"Task: List exactly 10 alternative, uncommon uses for the following object. Provide only a numbered list (1-10), with one use per line and no explanations.
Target: Book
Condition: Be boring.","1. Doorstop
2. Paperweight
3. Shelf spacer
4. Leveling shim
5. Table riser
6. Dust collector
7. Drawer filler
8. Box padding
9. Surface protector
10. Wall lean-to",gemma-4-31b-it,Doorstop,0.788390040397644,0.9333333333333333,
google/gemma-4-31b-it,Alternative Uses Task,"List exactly 10 alternative, uncommon uses for the following object. Provide only a numbered list (1-10), with one use per line and no explanations.",Book,Boring,"Task: List exactly 10 alternative, uncommon uses for the following object. Provide only a numbered list (1-10), with one use per line and no explanations.
Target: Book
Condition: Be boring.","1. Doorstop
2. Paperweight
3. Shelf spacer
4. Leveling shim
5. Table riser
6. Dust collector
7. Drawer filler
8. Box padding
9. Surface protector
10. Wall lean-to",gemma-4-31b-it,Paperweight,0.7166880369186401,0.9444444444444444,
google/gemma-4-31b-it,Alternative Uses Task,"List exactly 10 alternative, uncommon uses for the following object. Provide only a numbered list (1-10), with one use per line and no explanations.",Book,Boring,"Task: List exactly 10 alternative, uncommon uses for the following object. Provide only a numbered list (1-10), with one use per line and no explanations.
Target: Book
Condition: Be boring.","1. Doorstop
2. Paperweight
3. Shelf spacer
4. Leveling shim
5. Table riser
6. Dust collector
7. Drawer filler
8. Box padding
9. Surface protector
10. Wall lean-to",gemma-4-31b-it,Shelf spacer,0.8337727785110474,0.9888888888888889,
google/gemma-4-31b-it,Alternative Uses Task,"List exactly 10 alternative, uncommon uses for the following object. Provide only a numbered list (1-10), with one use per line and no explanations.",Book,Boring,"Task: List exactly 10 alternative, uncommon uses for the following object. Provide only a numbered list (1-10), with one use per line and no explanations.
Target: Book
Condition: Be boring.","1. Doorstop
2. Paperweight
3. Shelf spacer
4. Leveling shim
5. Table riser
6. Dust collector
7. Drawer filler
8. Box padding
9. Surface protector
10. Wall lean-to",gemma-4-31b-it,Leveling shim,1.0035849809646606,0.9944444444444445,
google/gemma-4-31b-it,Alternative Uses Task,"List exactly 10 alternative, uncommon uses for the following object. Provide only a numbered list (1-10), with one use per line and no explanations.",Book,Boring,"Task: List exactly 10 alternative, uncommon uses for the following object. Provide only a numbered list (1-10), with one use per line and no explanations.
Target: Book
Condition: Be boring.","1. Doorstop
2. Paperweight
3. Shelf spacer
4. Leveling shim
5. Table riser
6. Dust collector
7. Drawer filler
8. Box padding
9. Surface protector
10. Wall lean-to",gemma-4-31b-it,Table riser,0.8748371005058289,0.9944444444444445,
google/gemma-4-31b-it,Alternative Uses Task,"List exactly 10 alternative, uncommon uses for the following object. Provide only a numbered list (1-10), with one use per line and no explanations.",Book,Boring,"Task: List exactly 10 alternative, uncommon uses for the following object. Provide only a numbered list (1-10), with one use per line and no explanations.
Target: Book
Condition: Be boring.","1. Doorstop
2. Paperweight
3. Shelf spacer
4. Leveling shim
5. Table riser
6. Dust collector
7. Drawer filler
8. Box padding
9. Surface protector
10. Wall lean-to",gemma-4-31b-it,Dust collector,0.8850128650665283,0.9888888888888889,
google/gemma-4-31b-it,Alternative Uses Task,"List exactly 10 alternative, uncommon uses for the following object. Provide only a numbered list (1-10), with one use per line and no explanations.",Book,Boring,"Task: List exactly 10 alternative, uncommon uses for the following object. Provide only a numbered list (1-10), with one use per line and no explanations.
Target: Book
Condition: Be boring.","1. Doorstop
2. Paperweight
3. Shelf spacer
4. Leveling shim
5. Table riser
6. Dust collector
7. Drawer filler
8. Box padding
9. Surface protector
10. Wall lean-to",gemma-4-31b-it,Drawer filler,0.8448659777641296,0.9944444444444445,
google/gemma-4-31b-it,Alternative Uses Task,"List exactly 10 alternative, uncommon uses for the following object. Provide only a numbered list (1-10), with one use per line and no explanations.",Book,Boring,"Task: List exactly 10 alternative, uncommon uses for the following object. Provide only a numbered list (1-10), with one use per line and no explanations.
Target: Book
Condition: Be boring.","1. Doorstop
2. Paperweight
3. Shelf spacer
4. Leveling shim
5. Table riser
6. Dust collector
7. Drawer filler
8. Box padding
9. Surface protector
10. Wall lean-to",gemma-4-31b-it,Box padding,0.9541562795639038,0.9944444444444445,
google/gemma-4-31b-it,Alternative Uses Task,"List exactly 10 alternative, uncommon uses for the following object. Provide only a numbered list (1-10), with one use per line and no explanations.",Book,Boring,"Task: List exactly 10 alternative, uncommon uses for the following object. Provide only a numbered list (1-10), with one use per line and no explanations.
Target: Book
Condition: Be boring.","1. Doorstop
2. Paperweight
3. Shelf spacer
4. Leveling shim
5. Table riser
6. Dust collector
7. Drawer filler
8. Box padding
9. Surface protector
10. Wall lean-to",gemma-4-31b-it,Surface protector,0.8938292264938354,0.9944444444444445,
google/gemma-4-31b-it,Alternative Uses Task,"List exactly 10 alternative, uncommon uses for the following object. Provide only a numbered list (1-10), with one use per line and no explanations.",Book,Boring,"Task: List exactly 10 alternative, uncommon uses for the following object. Provide only a numbered list (1-10), with one use per line and no explanations.
Target: Book
Condition: Be boring.","1. Doorstop
2. Paperweight
3. Shelf spacer
4. Leveling shim
5. Table riser
6. Dust collector
7. Drawer filler
8. Box padding
9. Surface protector
10. Wall lean-to",gemma-4-31b-it,Wall lean-to,0.8959527611732483,0.9944444444444445,
google/gemma-4-31b-it,Alternative Uses Task,"List exactly 10 alternative, uncommon uses for the following object. Provide only a numbered list (1-10), with one use per line and no explanations.",Book,Conventional,"Task: List exactly 10 alternative, uncommon uses for the following object. Provide only a numbered list (1-10), with one use per line and no explanations.
Target: Book
Condition: Be conventional.","1. Doorstop
2. Press for drying flowers
3. Shelf riser
4. Leveling shim for furniture
5. Secret storage compartment
6. Paperweight
7. Decorative display piece
8. Pillow support
9. Handrest for writing
10. Coaster for a lamp",gemma-4-31b-it,Doorstop,0.788390040397644,0.9333333333333333,
google/gemma-4-31b-it,Alternative Uses Task,"List exactly 10 alternative, uncommon uses for the following object. Provide only a numbered list (1-10), with one use per line and no explanations.",Book,Conventional,"Task: List exactly 10 alternative, uncommon uses for the following object. Provide only a numbered list (1-10), with one use per line and no explanations.
Target: Book
Condition: Be conventional.","1. Doorstop
2. Press for drying flowers
3. Shelf riser
4. Leveling shim for furniture
5. Secret storage compartment
6. Paperweight
7. Decorative display piece
8. Pillow support
9. Handrest for writing
10. Coaster for a lamp",gemma-4-31b-it,Press for drying flowers,0.9548137187957764,0.9777777777777777,
google/gemma-4-31b-it,Alternative Uses Task,"List exactly 10 alternative, uncommon uses for the following object. Provide only a numbered list (1-10), with one use per line and no explanations.",Book,Conventional,"Task: List exactly 10 alternative, uncommon uses for the following object. Provide only a numbered list (1-10), with one use per line and no explanations.
Target: Book
Condition: Be conventional.","1. Doorstop
2. Press for drying flowers
3. Shelf riser
4. Leveling shim for furniture
5. Secret storage compartment
6. Paperweight
7. Decorative display piece
8. Pillow support
9. Handrest for writing
10. Coaster for a lamp",gemma-4-31b-it,Shelf riser,0.8638511896133423,0.9833333333333333,
google/gemma-4-31b-it,Alternative Uses Task,"List exactly 10 alternative, uncommon uses for the following object. Provide only a numbered list (1-10), with one use per line and no explanations.",Book,Conventional,"Task: List exactly 10 alternative, uncommon uses for the following object. Provide only a numbered list (1-10), with one use per line and no explanations.
Target: Book
Condition: Be conventional.","1. Doorstop
2. Press for drying flowers
3. Shelf riser
4. Leveling shim for furniture
5. Secret storage compartment
6. Paperweight
7. Decorative display piece
8. Pillow support
9. Handrest for writing
10. Coaster for a lamp",gemma-4-31b-it,Leveling shim for furniture,0.9901328682899475,0.9777777777777777,
google/gemma-4-31b-it,Alternative Uses Task,"List exactly 10 alternative, uncommon uses for the following object. Provide only a numbered list (1-10), with one use per line and no explanations.",Book,Conventional,"Task: List exactly 10 alternative, uncommon uses for the following object. Provide only a numbered list (1-10), with one use per line and no explanations.
Target: Book
Condition: Be conventional.","1. Doorstop
2. Press for drying flowers
3. Shelf riser
4. Leveling shim for furniture
5. Secret storage compartment
6. Paperweight
7. Decorative display piece
8. Pillow support
9. Handrest for writing
10. Coaster for a lamp",gemma-4-31b-it,Secret storage compartment,0.796256422996521,0.9944444444444445,
google/gemma-4-31b-it,Alternative Uses Task,"List exactly 10 alternative, uncommon uses for the following object. Provide only a numbered list (1-10), with one use per line and no explanations.",Book,Conventional,"Task: List exactly 10 alternative, uncommon uses for the following object. Provide only a numbered list (1-10), with one use per line and no explanations.
Target: Book
Condition: Be conventional.","1. Doorstop
2. Press for drying flowers
3. Shelf riser
4. Leveling shim for furniture
5. Secret storage compartment
6. Paperweight
7. Decorative display piece
8. Pillow support
9. Handrest for writing
10. Coaster for a lamp",gemma-4-31b-it,Paperweight,0.7166880369186401,0.9444444444444444,
google/gemma-4-31b-it,Alternative Uses Task,"List exactly 10 alternative, uncommon uses for the following object. Provide only a numbered list (1-10), with one use per line and no explanations.",Book,Conventional,"Task: List exactly 10 alternative, uncommon uses for the following object. Provide only a numbered list (1-10), with one use per line and no explanations.
Target: Book
Condition: Be conventional.","1. Doorstop
2. Press for drying flowers
3. Shelf riser
4. Leveling shim for furniture
5. Secret storage compartment
6. Paperweight
7. Decorative display piece
8. Pillow support
9. Handrest for writing
10. Coaster for a lamp",gemma-4-31b-it,Decorative display piece,0.7808647155761719,0.9944444444444445,
google/gemma-4-31b-it,Alternative Uses Task,"List exactly 10 alternative, uncommon uses for the following object. Provide only a numbered list (1-10), with one use per line and no explanations.",Book,Conventional,"Task: List exactly 10 alternative, uncommon uses for the following object. Provide only a numbered list (1-10), with one use per line and no explanations.
Target: Book
Condition: Be conventional.","1. Doorstop
2. Press for drying flowers
3. Shelf riser
4. Leveling shim for furniture
5. Secret storage compartment
6. Paperweight
7. Decorative display piece
8. Pillow support
9. Handrest for writing
10. Coaster for a lamp",gemma-4-31b-it,Pillow support,0.8710263967514038,0.9888888888888889,
google/gemma-4-31b-it,Alternative Uses Task,"List exactly 10 alternative, uncommon uses for the following object. Provide only a numbered list (1-10), with one use per line and no explanations.",Book,Conventional,"Task: List exactly 10 alternative, uncommon uses for the following object. Provide only a numbered list (1-10), with one use per line and no explanations.
Target: Book
Condition: Be conventional.","1. Doorstop
2. Press for drying flowers
3. Shelf riser
4. Leveling shim for furniture
5. Secret storage compartment
6. Paperweight
7. Decorative display piece
8. Pillow support
9. Handrest for writing
10. Coaster for a lamp",gemma-4-31b-it,Handrest for writing,0.8354464769363403,0.9944444444444445,
google/gemma-4-31b-it,Alternative Uses Task,"List exactly 10 alternative, uncommon uses for the following object. Provide only a numbered list (1-10), with one use per line and no explanations.",Book,Conventional,"Task: List exactly 10 alternative, uncommon uses for the following object. Provide only a numbered list (1-10), with one use per line and no explanations.
Target: Book
Condition: Be conventional.","1. Doorstop
2. Press for drying flowers
3. Shelf riser
4. Leveling shim for furniture
5. Secret storage compartment
6. Paperweight
7. Decorative display piece
8. Pillow support
9. Handrest for writing
10. Coaster for a lamp",gemma-4-31b-it,Coaster for a lamp,0.8385769724845886,0.9944444444444445,
google/gemma-4-31b-it,Alternative Uses Task,"List exactly 10 alternative, uncommon uses for the following object. Provide only a numbered list (1-10), with one use per line and no explanations.",Fork,Standard,"Task: List exactly 10 alternative, uncommon uses for the following object. Provide only a numbered list (1-10), with one use per line and no explanations.
Target: Fork","1. Garden weeder
2. Hair styling pick
3. Pottery sculpting tool
4. Pasta portion measurer
5. Fabric fraying tool
6. Temporary phone stand
7. Paint drip scraper
8. Seed planter
9. Cake pop holder
10. Tape dispenser cutter",gemma-4-31b-it,Garden weeder,0.759765088558197,0.985,
google/gemma-4-31b-it,Alternative Uses Task,"List exactly 10 alternative, uncommon uses for the following object. Provide only a numbered list (1-10), with one use per line and no explanations.",Fork,Standard,"Task: List exactly 10 alternative, uncommon uses for the following object. Provide only a numbered list (1-10), with one use per line and no explanations.
Target: Fork","1. Garden weeder
2. Hair styling pick
3. Pottery sculpting tool
4. Pasta portion measurer
5. Fabric fraying tool
6. Temporary phone stand
7. Paint drip scraper
8. Seed planter
9. Cake pop holder
10. Tape dispenser cutter",gemma-4-31b-it,Hair styling pick,0.8399070501327515,0.995,
google/gemma-4-31b-it,Alternative Uses Task,"List exactly 10 alternative, uncommon uses for the following object. Provide only a numbered list (1-10), with one use per line and no explanations.",Fork,Standard,"Task: List exactly 10 alternative, uncommon uses for the following object. Provide only a numbered list (1-10), with one use per line and no explanations.
Target: Fork","1. Garden weeder
2. Hair styling pick
3. Pottery sculpting tool
4. Pasta portion measurer
5. Fabric fraying tool
6. Temporary phone stand
7. Paint drip scraper
8. Seed planter
9. Cake pop holder
10. Tape dispenser cutter",gemma-4-31b-it,Pottery sculpting tool,0.7795146703720093,0.99,
google/gemma-4-31b-it,Alternative Uses Task,"List exactly 10 alternative, uncommon uses for the following object. Provide only a numbered list (1-10), with one use per line and no explanations.",Fork,Standard,"Task: List exactly 10 alternative, uncommon uses for the following object. Provide only a numbered list (1-10), with one use per line and no explanations.
Target: Fork","1. Garden weeder
2. Hair styling pick
3. Pottery sculpting tool
4. Pasta portion measurer
5. Fabric fraying tool
6. Temporary phone stand
7. Paint drip scraper
8. Seed planter
9. Cake pop holder
10. Tape dispenser cutter",gemma-4-31b-it,Pasta portion measurer,0.8417927026748657,0.985,
google/gemma-4-31b-it,Alternative Uses Task,"List exactly 10 alternative, uncommon uses for the following object. Provide only a numbered list (1-10), with one use per line and no explanations.",Fork,Standard,"Task: List exactly 10 alternative, uncommon uses for the following object. Provide only a numbered list (1-10), with one use per line and no explanations.
Target: Fork","1. Garden weeder
2. Hair styling pick
3. Pottery sculpting tool
4. Pasta portion measurer
5. Fabric fraying tool
6. Temporary phone stand
7. Paint drip scraper
8. Seed planter
9. Cake pop holder
10. Tape dispenser cutter",gemma-4-31b-it,Fabric fraying tool,0.9592607617378235,0.99,
google/gemma-4-31b-it,Alternative Uses Task,"List exactly 10 alternative, uncommon uses for the following object. Provide only a numbered list (1-10), with one use per line and no explanations.",Fork,Standard,"Task: List exactly 10 alternative, uncommon uses for the following object. Provide only a numbered list (1-10), with one use per line and no explanations.
Target: Fork","1. Garden weeder
2. Hair styling pick
3. Pottery sculpting tool
4. Pasta portion measurer
5. Fabric fraying tool
6. Temporary phone stand
7. Paint drip scraper
8. Seed planter
9. Cake pop holder
10. Tape dispenser cutter",gemma-4-31b-it,Temporary phone stand,0.8521035313606262,0.985,
google/gemma-4-31b-it,Alternative Uses Task,"List exactly 10 alternative, uncommon uses for the following object. Provide only a numbered list (1-10), with one use per line and no explanations.",Fork,Standard,"Task: List exactly 10 alternative, uncommon uses for the following object. Provide only a numbered list (1-10), with one use per line and no explanations.
Target: Fork","1. Garden weeder
2. Hair styling pick
3. Pottery sculpting tool
4. Pasta portion measurer
5. Fabric fraying tool
6. Temporary phone stand
7. Paint drip scraper
8. Seed planter
9. Cake pop holder
10. Tape dispenser cutter",gemma-4-31b-it,Paint drip scraper,0.8607420921325684,0.985,
google/gemma-4-31b-it,Alternative Uses Task,"List exactly 10 alternative, uncommon uses for the following object. Provide only a numbered list (1-10), with one use per line and no explanations.",Fork,Standard,"Task: List exactly 10 alternative, uncommon uses for the following object. Provide only a numbered list (1-10), with one use per line and no explanations.
Target: Fork","1. Garden weeder
2. Hair styling pick
3. Pottery sculpting tool
4. Pasta portion measurer
5. Fabric fraying tool
6. Temporary phone stand
7. Paint drip scraper
8. Seed planter
9. Cake pop holder
10. Tape dispenser cutter",gemma-4-31b-it,Seed planter,0.8242605328559875,0.995,
google/gemma-4-31b-it,Alternative Uses Task,"List exactly 10 alternative, uncommon uses for the following object. Provide only a numbered list (1-10), with one use per line and no explanations.",Fork,Standard,"Task: List exactly 10 alternative, uncommon uses for the following object. Provide only a numbered list (1-10), with one use per line and no explanations.
Target: Fork","1. Garden weeder
2. Hair styling pick
3. Pottery sculpting tool
4. Pasta portion measurer
5. Fabric fraying tool
6. Temporary phone stand
7. Paint drip scraper
8. Seed planter
9. Cake pop holder
10. Tape dispenser cutter",gemma-4-31b-it,Cake pop holder,0.8684269189834595,0.995,
google/gemma-4-31b-it,Alternative Uses Task,"List exactly 10 alternative, uncommon uses for the following object. Provide only a numbered list (1-10), with one use per line and no explanations.",Fork,Standard,"Task: List exactly 10 alternative, uncommon uses for the following object. Provide only a numbered list (1-10), with one use per line and no explanations.
Target: Fork","1. Garden weeder
2. Hair styling pick
3. Pottery sculpting tool
4. Pasta portion measurer
5. Fabric fraying tool
6. Temporary phone stand
7. Paint drip scraper
8. Seed planter
9. Cake pop holder
10. Tape dispenser cutter",gemma-4-31b-it,Tape dispenser cutter,0.861104428768158,0.995,
google/gemma-4-31b-it,Alternative Uses Task,"List exactly 10 alternative, uncommon uses for the following object. Provide only a numbered list (1-10), with one use per line and no explanations.",Fork,Creative,"Task: List exactly 10 alternative, uncommon uses for the following object. Provide only a numbered list (1-10), with one use per line and no explanations.
Target: Fork
Condition: Be creative.","1. Garden rake for seedlings
2. Hair styling tool for teasing
3. Pasta portion measurer
4. Pottery sculpting tool
5. Temporary shoe heel repair
6. Improvised whisk for small bowls
7. Solder holder for electronics
8. Texture stamp for clay
9. Bubble blower
10. Small-scale fence for fairy gardens",gemma-4-31b-it,Garden rake for seedlings,0.8404033184051514,0.995,
google/gemma-4-31b-it,Alternative Uses Task,"List exactly 10 alternative, uncommon uses for the following object. Provide only a numbered list (1-10), with one use per line and no explanations.",Fork,Creative,"Task: List exactly 10 alternative, uncommon uses for the following object. Provide only a numbered list (1-10), with one use per line and no explanations.
Target: Fork
Condition: Be creative.","1. Garden rake for seedlings
2. Hair styling tool for teasing
3. Pasta portion measurer
4. Pottery sculpting tool
5. Temporary shoe heel repair
6. Improvised whisk for small bowls
7. Solder holder for electronics
8. Texture stamp for clay
9. Bubble blower
10. Small-scale fence for fairy gardens",gemma-4-31b-it,Hair styling tool for teasing,0.9205414056777954,0.995,
google/gemma-4-31b-it,Alternative Uses Task,"List exactly 10 alternative, uncommon uses for the following object. Provide only a numbered list (1-10), with one use per line and no explanations.",Fork,Creative,"Task: List exactly 10 alternative, uncommon uses for the following object. Provide only a numbered list (1-10), with one use per line and no explanations.
Target: Fork
Condition: Be creative.","1. Garden rake for seedlings
2. Hair styling tool for teasing
3. Pasta portion measurer
4. Pottery sculpting tool
5. Temporary shoe heel repair
6. Improvised whisk for small bowls
7. Solder holder for electronics
8. Texture stamp for clay
9. Bubble blower
10. Small-scale fence for fairy gardens",gemma-4-31b-it,Pasta portion measurer,0.8417927026748657,0.985,
google/gemma-4-31b-it,Alternative Uses Task,"List exactly 10 alternative, uncommon uses for the following object. Provide only a numbered list (1-10), with one use per line and no explanations.",Fork,Creative,"Task: List exactly 10 alternative, uncommon uses for the following object. Provide only a numbered list (1-10), with one use per line and no explanations.
Target: Fork
Condition: Be creative.","1. Garden rake for seedlings
2. Hair styling tool for teasing
3. Pasta portion measurer
4. Pottery sculpting tool
5. Temporary shoe heel repair
6. Improvised whisk for small bowls
7. Solder holder for electronics
8. Texture stamp for clay
9. Bubble blower
10. Small-scale fence for fairy gardens",gemma-4-31b-it,Pottery sculpting tool,0.7795146703720093,0.99,
google/gemma-4-31b-it,Alternative Uses Task,"List exactly 10 alternative, uncommon uses for the following object. Provide only a numbered list (1-10), with one use per line and no explanations.",Fork,Creative,"Task: List exactly 10 alternative, uncommon uses for the following object. Provide only a numbered list (1-10), with one use per line and no explanations.
Target: Fork
Condition: Be creative.","1. Garden rake for seedlings
2. Hair styling tool for teasing
3. Pasta portion measurer
4. Pottery sculpting tool
5. Temporary shoe heel repair
6. Improvised whisk for small bowls
7. Solder holder for electronics
8. Texture stamp for clay
9. Bubble blower
10. Small-scale fence for fairy gardens",gemma-4-31b-it,Temporary shoe heel repair,0.9465775489807129,0.995,
google/gemma-4-31b-it,Alternative Uses Task,"List exactly 10 alternative, uncommon uses for the following object. Provide only a numbered list (1-10), with one use per line and no explanations.",Fork,Creative,"Task: List exactly 10 alternative, uncommon uses for the following object. Provide only a numbered list (1-10), with one use per line and no explanations.
Target: Fork
Condition: Be creative.","1. Garden rake for seedlings
2. Hair styling tool for teasing
3. Pasta portion measurer
4. Pottery sculpting tool
5. Temporary shoe heel repair
6. Improvised whisk for small bowls
7. Solder holder for electronics
8. Texture stamp for clay
9. Bubble blower
10. Small-scale fence for fairy gardens",gemma-4-31b-it,Improvised whisk for small bowls,0.8801754117012024,0.995,
google/gemma-4-31b-it,Alternative Uses Task,"List exactly 10 alternative, uncommon uses for the following object. Provide only a numbered list (1-10), with one use per line and no explanations.",Fork,Creative,"Task: List exactly 10 alternative, uncommon uses for the following object. Provide only a numbered list (1-10), with one use per line and no explanations.
Target: Fork
Condition: Be creative.","1. Garden rake for seedlings
2. Hair styling tool for teasing
3. Pasta portion measurer
4. Pottery sculpting tool
5. Temporary shoe heel repair
6. Improvised whisk for small bowls
7. Solder holder for electronics
8. Texture stamp for clay
9. Bubble blower
10. Small-scale fence for fairy gardens",gemma-4-31b-it,Solder holder for electronics,0.9839009046554565,0.99,
google/gemma-4-31b-it,Alternative Uses Task,"List exactly 10 alternative, uncommon uses for the following object. Provide only a numbered list (1-10), with one use per line and no explanations.",Fork,Creative,"Task: List exactly 10 alternative, uncommon uses for the following object. Provide only a numbered list (1-10), with one use per line and no explanations.
Target: Fork
Condition: Be creative.","1. Garden rake for seedlings
2. Hair styling tool for teasing
3. Pasta portion measurer
4. Pottery sculpting tool
5. Temporary shoe heel repair
6. Improvised whisk for small bowls
7. Solder holder for electronics
8. Texture stamp for clay
9. Bubble blower
10. Small-scale fence for fairy gardens",gemma-4-31b-it,Texture stamp for clay,0.9482948780059814,0.995,
google/gemma-4-31b-it,Alternative Uses Task,"List exactly 10 alternative, uncommon uses for the following object. Provide only a numbered list (1-10), with one use per line and no explanations.",Fork,Creative,"Task: List exactly 10 alternative, uncommon uses for the following object. Provide only a numbered list (1-10), with one use per line and no explanations.
Target: Fork
Condition: Be creative.","1. Garden rake for seedlings
2. Hair styling tool for teasing
3. Pasta portion measurer
4. Pottery sculpting tool
5. Temporary shoe heel repair
6. Improvised whisk for small bowls
7. Solder holder for electronics
8. Texture stamp for clay
9. Bubble blower
10. Small-scale fence for fairy gardens",gemma-4-31b-it,Bubble blower,0.8246179819107056,0.995,
google/gemma-4-31b-it,Alternative Uses Task,"List exactly 10 alternative, uncommon uses for the following object. Provide only a numbered list (1-10), with one use per line and no explanations.",Fork,Creative,"Task: List exactly 10 alternative, uncommon uses for the following object. Provide only a numbered list (1-10), with one use per line and no explanations.
Target: Fork
Condition: Be creative.","1. Garden rake for seedlings
2. Hair styling tool for teasing
3. Pasta portion measurer
4. Pottery sculpting tool
5. Temporary shoe heel repair
6. Improvised whisk for small bowls
7. Solder holder for electronics
8. Texture stamp for clay
9. Bubble blower
10. Small-scale fence for fairy gardens",gemma-4-31b-it,Small-scale fence for fairy gardens,0.8995137810707092,0.995,
google/gemma-4-31b-it,Alternative Uses Task,"List exactly 10 alternative, uncommon uses for the following object. Provide only a numbered list (1-10), with one use per line and no explanations.",Fork,Effective,"Task: List exactly 10 alternative, uncommon uses for the following object. Provide only a numbered list (1-10), with one use per line and no explanations.
Target: Fork
Condition: Be effective.","1. Hair accessory
2. Garden weeder
3. Paint stirrer
4. Solder holder
5. Pasta portion measurer
6. Clay sculpting tool
7. Fabric fraying tool
8. Small-scale rake for sand
9. Candle holder
10. Temporary phone stand",gemma-4-31b-it,Hair accessory,0.8124512434005737,0.985,
google/gemma-4-31b-it,Alternative Uses Task,"List exactly 10 alternative, uncommon uses for the following object. Provide only a numbered list (1-10), with one use per line and no explanations.",Fork,Effective,"Task: List exactly 10 alternative, uncommon uses for the following object. Provide only a numbered list (1-10), with one use per line and no explanations.
Target: Fork
Condition: Be effective.","1. Hair accessory
2. Garden weeder
3. Paint stirrer
4. Solder holder
5. Pasta portion measurer
6. Clay sculpting tool
7. Fabric fraying tool
8. Small-scale rake for sand
9. Candle holder
10. Temporary phone stand",gemma-4-31b-it,Garden weeder,0.759765088558197,0.985,
google/gemma-4-31b-it,Alternative Uses Task,"List exactly 10 alternative, uncommon uses for the following object. Provide only a numbered list (1-10), with one use per line and no explanations.",Fork,Effective,"Task: List exactly 10 alternative, uncommon uses for the following object. Provide only a numbered list (1-10), with one use per line and no explanations.
Target: Fork
Condition: Be effective.","1. Hair accessory
2. Garden weeder
3. Paint stirrer
4. Solder holder
5. Pasta portion measurer
6. Clay sculpting tool
7. Fabric fraying tool
8. Small-scale rake for sand
9. Candle holder
10. Temporary phone stand",gemma-4-31b-it,Paint stirrer,0.8560688495635986,0.995,
google/gemma-4-31b-it,Alternative Uses Task,"List exactly 10 alternative, uncommon uses for the following object. Provide only a numbered list (1-10), with one use per line and no explanations.",Fork,Effective,"Task: List exactly 10 alternative, uncommon uses for the following object. Provide only a numbered list (1-10), with one use per line and no explanations.
Target: Fork
Condition: Be effective.","1. Hair accessory
2. Garden weeder
3. Paint stirrer
4. Solder holder
5. Pasta portion measurer
6. Clay sculpting tool
7. Fabric fraying tool
8. Small-scale rake for sand
9. Candle holder
10. Temporary phone stand",gemma-4-31b-it,Solder holder,0.8892624378204346,0.99,
google/gemma-4-31b-it,Alternative Uses Task,"List exactly 10 alternative, uncommon uses for the following object. Provide only a numbered list (1-10), with one use per line and no explanations.",Fork,Effective,"Task: List exactly 10 alternative, uncommon uses for the following object. Provide only a numbered list (1-10), with one use per line and no explanations.
Target: Fork
Condition: Be effective.","1. Hair accessory
2. Garden weeder
3. Paint stirrer
4. Solder holder
5. Pasta portion measurer
6. Clay sculpting tool
7. Fabric fraying tool
8. Small-scale rake for sand
9. Candle holder
10. Temporary phone stand",gemma-4-31b-it,Pasta portion measurer,0.8417927026748657,0.985,
google/gemma-4-31b-it,Alternative Uses Task,"List exactly 10 alternative, uncommon uses for the following object. Provide only a numbered list (1-10), with one use per line and no explanations.",Fork,Effective,"Task: List exactly 10 alternative, uncommon uses for the following object. Provide only a numbered list (1-10), with one use per line and no explanations.
Target: Fork
Condition: Be effective.","1. Hair accessory
2. Garden weeder
3. Paint stirrer
4. Solder holder
5. Pasta portion measurer
6. Clay sculpting tool
7. Fabric fraying tool
8. Small-scale rake for sand
9. Candle holder
10. Temporary phone stand",gemma-4-31b-it,Clay sculpting tool,0.8968843817710876,0.995,
google/gemma-4-31b-it,Alternative Uses Task,"List exactly 10 alternative, uncommon uses for the following object. Provide only a numbered list (1-10), with one use per line and no explanations.",Fork,Effective,"Task: List exactly 10 alternative, uncommon uses for the following object. Provide only a numbered list (1-10), with one use per line and no explanations.
Target: Fork
Condition: Be effective.","1. Hair accessory
2. Garden weeder
3. Paint stirrer
4. Solder holder
5. Pasta portion measurer
6. Clay sculpting tool
7. Fabric fraying tool
8. Small-scale rake for sand
9. Candle holder
10. Temporary phone stand",gemma-4-31b-it,Fabric fraying tool,0.9592607617378235,0.99,
google/gemma-4-31b-it,Alternative Uses Task,"List exactly 10 alternative, uncommon uses for the following object. Provide only a numbered list (1-10), with one use per line and no explanations.",Fork,Effective,"Task: List exactly 10 alternative, uncommon uses for the following object. Provide only a numbered list (1-10), with one use per line and no explanations.
Target: Fork
Condition: Be effective.","1. Hair accessory
2. Garden weeder
3. Paint stirrer
4. Solder holder
5. Pasta portion measurer
6. Clay sculpting tool
7. Fabric fraying tool
8. Small-scale rake for sand
9. Candle holder
10. Temporary phone stand",gemma-4-31b-it,Small-scale rake for sand,0.7951538562774658,0.995,
google/gemma-4-31b-it,Alternative Uses Task,"List exactly 10 alternative, uncommon uses for the following object. Provide only a numbered list (1-10), with one use per line and no explanations.",Fork,Effective,"Task: List exactly 10 alternative, uncommon uses for the following object. Provide only a numbered list (1-10), with one use per line and no explanations.
Target: Fork
Condition: Be effective.","1. Hair accessory
2. Garden weeder
3. Paint stirrer
4. Solder holder
5. Pasta portion measurer
6. Clay sculpting tool
7. Fabric fraying tool
8. Small-scale rake for sand
9. Candle holder
10. Temporary phone stand",gemma-4-31b-it,Candle holder,0.7875468134880066,0.995,
google/gemma-4-31b-it,Alternative Uses Task,"List exactly 10 alternative, uncommon uses for the following object. Provide only a numbered list (1-10), with one use per line and no explanations.",Fork,Effective,"Task: List exactly 10 alternative, uncommon uses for the following object. Provide only a numbered list (1-10), with one use per line and no explanations.
Target: Fork
Condition: Be effective.","1. Hair accessory
2. Garden weeder
3. Paint stirrer
4. Solder holder
5. Pasta portion measurer
6. Clay sculpting tool
7. Fabric fraying tool
8. Small-scale rake for sand
9. Candle holder
10. Temporary phone stand",gemma-4-31b-it,Temporary phone stand,0.8521035313606262,0.985,
google/gemma-4-31b-it,Alternative Uses Task,"List exactly 10 alternative, uncommon uses for the following object. Provide only a numbered list (1-10), with one use per line and no explanations.",Fork,Boring,"Task: List exactly 10 alternative, uncommon uses for the following object. Provide only a numbered list (1-10), with one use per line and no explanations.
Target: Fork
Condition: Be boring.","1. Holding a piece of paper
2. Stirring a small cup of liquid
3. Poking a hole in a cardboard box
4. Scraping a surface
5. Holding a garment in place
6. Combing a small area of hair
7. Marking a line in soil
8. Holding a small object steady
9. Moving a piece of debris
10. Testing the softness of a cake",gemma-4-31b-it,Holding a piece of paper,0.8581010103225708,0.995,
google/gemma-4-31b-it,Alternative Uses Task,"List exactly 10 alternative, uncommon uses for the following object. Provide only a numbered list (1-10), with one use per line and no explanations.",Fork,Boring,"Task: List exactly 10 alternative, uncommon uses for the following object. Provide only a numbered list (1-10), with one use per line and no explanations.
Target: Fork
Condition: Be boring.","1. Holding a piece of paper
2. Stirring a small cup of liquid
3. Poking a hole in a cardboard box
4. Scraping a surface
5. Holding a garment in place
6. Combing a small area of hair
7. Marking a line in soil
8. Holding a small object steady
9. Moving a piece of debris
10. Testing the softness of a cake",gemma-4-31b-it,Stirring a small cup of liquid,0.7693581581115723,0.995,
google/gemma-4-31b-it,Alternative Uses Task,"List exactly 10 alternative, uncommon uses for the following object. Provide only a numbered list (1-10), with one use per line and no explanations.",Fork,Boring,"Task: List exactly 10 alternative, uncommon uses for the following object. Provide only a numbered list (1-10), with one use per line and no explanations.
Target: Fork
Condition: Be boring.","1. Holding a piece of paper
2. Stirring a small cup of liquid
3. Poking a hole in a cardboard box
4. Scraping a surface
5. Holding a garment in place
6. Combing a small area of hair
7. Marking a line in soil
8. Holding a small object steady
9. Moving a piece of debris
10. Testing the softness of a cake",gemma-4-31b-it,Poking a hole in a cardboard box,0.8161896467208862,0.995,
google/gemma-4-31b-it,Alternative Uses Task,"List exactly 10 alternative, uncommon uses for the following object. Provide only a numbered list (1-10), with one use per line and no explanations.",Fork,Boring,"Task: List exactly 10 alternative, uncommon uses for the following object. Provide only a numbered list (1-10), with one use per line and no explanations.
Target: Fork
Condition: Be boring.","1. Holding a piece of paper
2. Stirring a small cup of liquid
3. Poking a hole in a cardboard box
4. Scraping a surface
5. Holding a garment in place
6. Combing a small area of hair
7. Marking a line in soil
8. Holding a small object steady
9. Moving a piece of debris
10. Testing the softness of a cake",gemma-4-31b-it,Scraping a surface,0.7820374965667725,0.995,
google/gemma-4-31b-it,Alternative Uses Task,"List exactly 10 alternative, uncommon uses for the following object. Provide only a numbered list (1-10), with one use per line and no explanations.",Fork,Boring,"Task: List exactly 10 alternative, uncommon uses for the following object. Provide only a numbered list (1-10), with one use per line and no explanations.
Target: Fork
Condition: Be boring.","1. Holding a piece of paper
2. Stirring a small cup of liquid
3. Poking a hole in a cardboard box
4. Scraping a surface
5. Holding a garment in place
6. Combing a small area of hair
7. Marking a line in soil
8. Holding a small object steady
9. Moving a piece of debris
10. Testing the softness of a cake",gemma-4-31b-it,Holding a garment in place,0.9778291583061218,0.995,
google/gemma-4-31b-it,Alternative Uses Task,"List exactly 10 alternative, uncommon uses for the following object. Provide only a numbered list (1-10), with one use per line and no explanations.",Fork,Boring,"Task: List exactly 10 alternative, uncommon uses for the following object. Provide only a numbered list (1-10), with one use per line and no explanations.
Target: Fork
Condition: Be boring.","1. Holding a piece of paper
2. Stirring a small cup of liquid
3. Poking a hole in a cardboard box
4. Scraping a surface
5. Holding a garment in place
6. Combing a small area of hair
7. Marking a line in soil
8. Holding a small object steady
9. Moving a piece of debris
10. Testing the softness of a cake",gemma-4-31b-it,Combing a small area of hair,0.8615545034408569,0.995,
google/gemma-4-31b-it,Alternative Uses Task,"List exactly 10 alternative, uncommon uses for the following object. Provide only a numbered list (1-10), with one use per line and no explanations.",Fork,Boring,"Task: List exactly 10 alternative, uncommon uses for the following object. Provide only a numbered list (1-10), with one use per line and no explanations.
Target: Fork
Condition: Be boring.","1. Holding a piece of paper
2. Stirring a small cup of liquid
3. Poking a hole in a cardboard box
4. Scraping a surface
5. Holding a garment in place
6. Combing a small area of hair
7. Marking a line in soil
8. Holding a small object steady
9. Moving a piece of debris
10. Testing the softness of a cake",gemma-4-31b-it,Marking a line in soil,0.8565723299980164,0.995,
google/gemma-4-31b-it,Alternative Uses Task,"List exactly 10 alternative, uncommon uses for the following object. Provide only a numbered list (1-10), with one use per line and no explanations.",Fork,Boring,"Task: List exactly 10 alternative, uncommon uses for the following object. Provide only a numbered list (1-10), with one use per line and no explanations.
Target: Fork
Condition: Be boring.","1. Holding a piece of paper
2. Stirring a small cup of liquid
3. Poking a hole in a cardboard box
4. Scraping a surface
5. Holding a garment in place
6. Combing a small area of hair
7. Marking a line in soil
8. Holding a small object steady
9. Moving a piece of debris
10. Testing the softness of a cake",gemma-4-31b-it,Holding a small object steady,0.8151077032089233,0.99,
google/gemma-4-31b-it,Alternative Uses Task,"List exactly 10 alternative, uncommon uses for the following object. Provide only a numbered list (1-10), with one use per line and no explanations.",Fork,Boring,"Task: List exactly 10 alternative, uncommon uses for the following object. Provide only a numbered list (1-10), with one use per line and no explanations.
Target: Fork
Condition: Be boring.","1. Holding a piece of paper
2. Stirring a small cup of liquid
3. Poking a hole in a cardboard box
4. Scraping a surface
5. Holding a garment in place
6. Combing a small area of hair
7. Marking a line in soil
8. Holding a small object steady
9. Moving a piece of debris
10. Testing the softness of a cake",gemma-4-31b-it,Moving a piece of debris,0.8213381767272949,0.995,
google/gemma-4-31b-it,Alternative Uses Task,"List exactly 10 alternative, uncommon uses for the following object. Provide only a numbered list (1-10), with one use per line and no explanations.",Fork,Boring,"Task: List exactly 10 alternative, uncommon uses for the following object. Provide only a numbered list (1-10), with one use per line and no explanations.
Target: Fork
Condition: Be boring.","1. Holding a piece of paper
2. Stirring a small cup of liquid
3. Poking a hole in a cardboard box
4. Scraping a surface
5. Holding a garment in place
6. Combing a small area of hair
7. Marking a line in soil
8. Holding a small object steady
9. Moving a piece of debris
10. Testing the softness of a cake",gemma-4-31b-it,Testing the softness of a cake,0.9944361448287964,0.995,
google/gemma-4-31b-it,Alternative Uses Task,"List exactly 10 alternative, uncommon uses for the following object. Provide only a numbered list (1-10), with one use per line and no explanations.",Fork,Conventional,"Task: List exactly 10 alternative, uncommon uses for the following object. Provide only a numbered list (1-10), with one use per line and no explanations.
Target: Fork
Condition: Be conventional.","1. Hair accessory
2. Garden trowel
3. Meat tenderizer
4. Pasta twirler
5. Cake server
6. Fruit picker
7. Ice cube grip
8. Small rake
9. Texture tool for clay
10. Temporary fastener",gemma-4-31b-it,Hair accessory,0.8124512434005737,0.985,
google/gemma-4-31b-it,Alternative Uses Task,"List exactly 10 alternative, uncommon uses for the following object. Provide only a numbered list (1-10), with one use per line and no explanations.",Fork,Conventional,"Task: List exactly 10 alternative, uncommon uses for the following object. Provide only a numbered list (1-10), with one use per line and no explanations.
Target: Fork
Condition: Be conventional.","1. Hair accessory
2. Garden trowel
3. Meat tenderizer
4. Pasta twirler
5. Cake server
6. Fruit picker
7. Ice cube grip
8. Small rake
9. Texture tool for clay
10. Temporary fastener",gemma-4-31b-it,Garden trowel,0.7534999847412109,0.995,
google/gemma-4-31b-it,Alternative Uses Task,"List exactly 10 alternative, uncommon uses for the following object. Provide only a numbered list (1-10), with one use per line and no explanations.",Fork,Conventional,"Task: List exactly 10 alternative, uncommon uses for the following object. Provide only a numbered list (1-10), with one use per line and no explanations.
Target: Fork
Condition: Be conventional.","1. Hair accessory
2. Garden trowel
3. Meat tenderizer
4. Pasta twirler
5. Cake server
6. Fruit picker
7. Ice cube grip
8. Small rake
9. Texture tool for clay
10. Temporary fastener",gemma-4-31b-it,Meat tenderizer,0.8029894828796387,0.995,
google/gemma-4-31b-it,Alternative Uses Task,"List exactly 10 alternative, uncommon uses for the following object. Provide only a numbered list (1-10), with one use per line and no explanations.",Fork,Conventional,"Task: List exactly 10 alternative, uncommon uses for the following object. Provide only a numbered list (1-10), with one use per line and no explanations.
Target: Fork
Condition: Be conventional.","1. Hair accessory
2. Garden trowel
3. Meat tenderizer
4. Pasta twirler
5. Cake server
6. Fruit picker
7. Ice cube grip
8. Small rake
9. Texture tool for clay
10. Temporary fastener",gemma-4-31b-it,Pasta twirler,0.7579724192619324,0.995,
google/gemma-4-31b-it,Alternative Uses Task,"List exactly 10 alternative, uncommon uses for the following object. Provide only a numbered list (1-10), with one use per line and no explanations.",Fork,Conventional,"Task: List exactly 10 alternative, uncommon uses for the following object. Provide only a numbered list (1-10), with one use per line and no explanations.
Target: Fork
Condition: Be conventional.","1. Hair accessory
2. Garden trowel
3. Meat tenderizer
4. Pasta twirler
5. Cake server
6. Fruit picker
7. Ice cube grip
8. Small rake
9. Texture tool for clay
10. Temporary fastener",gemma-4-31b-it,Cake server,0.845399796962738,0.995,
google/gemma-4-31b-it,Alternative Uses Task,"List exactly 10 alternative, uncommon uses for the following object. Provide only a numbered list (1-10), with one use per line and no explanations.",Fork,Conventional,"Task: List exactly 10 alternative, uncommon uses for the following object. Provide only a numbered list (1-10), with one use per line and no explanations.
Target: Fork
Condition: Be conventional.","1. Hair accessory
2. Garden trowel
3. Meat tenderizer
4. Pasta twirler
5. Cake server
6. Fruit picker
7. Ice cube grip
8. Small rake
9. Texture tool for clay
10. Temporary fastener",gemma-4-31b-it,Fruit picker,0.6907802224159241,0.995,
google/gemma-4-31b-it,Alternative Uses Task,"List exactly 10 alternative, uncommon uses for the following object. Provide only a numbered list (1-10), with one use per line and no explanations.",Fork,Conventional,"Task: List exactly 10 alternative, uncommon uses for the following object. Provide only a numbered list (1-10), with one use per line and no explanations.
Target: Fork
Condition: Be conventional.","1. Hair accessory
2. Garden trowel
3. Meat tenderizer
4. Pasta twirler
5. Cake server
6. Fruit picker
7. Ice cube grip
8. Small rake
9. Texture tool for clay
10. Temporary fastener",gemma-4-31b-it,Ice cube grip,0.8520301580429077,0.995,
google/gemma-4-31b-it,Alternative Uses Task,"List exactly 10 alternative, uncommon uses for the following object. Provide only a numbered list (1-10), with one use per line and no explanations.",Fork,Conventional,"Task: List exactly 10 alternative, uncommon uses for the following object. Provide only a numbered list (1-10), with one use per line and no explanations.
Target: Fork
Condition: Be conventional.","1. Hair accessory
2. Garden trowel
3. Meat tenderizer
4. Pasta twirler
5. Cake server
6. Fruit picker
7. Ice cube grip
8. Small rake
9. Texture tool for clay
10. Temporary fastener",gemma-4-31b-it,Small rake,0.6565001606941223,0.995,
google/gemma-4-31b-it,Alternative Uses Task,"List exactly 10 alternative, uncommon uses for the following object. Provide only a numbered list (1-10), with one use per line and no explanations.",Fork,Conventional,"Task: List exactly 10 alternative, uncommon uses for the following object. Provide only a numbered list (1-10), with one use per line and no explanations.
Target: Fork
Condition: Be conventional.","1. Hair accessory
2. Garden trowel
3. Meat tenderizer
4. Pasta twirler
5. Cake server
6. Fruit picker
7. Ice cube grip
8. Small rake
9. Texture tool for clay
10. Temporary fastener",gemma-4-31b-it,Texture tool for clay,0.9684696793556213,0.995,
google/gemma-4-31b-it,Alternative Uses Task,"List exactly 10 alternative, uncommon uses for the following object. Provide only a numbered list (1-10), with one use per line and no explanations.",Fork,Conventional,"Task: List exactly 10 alternative, uncommon uses for the following object. Provide only a numbered list (1-10), with one use per line and no explanations.
Target: Fork
Condition: Be conventional.","1. Hair accessory
2. Garden trowel
3. Meat tenderizer
4. Pasta twirler
5. Cake server
6. Fruit picker
7. Ice cube grip
8. Small rake
9. Texture tool for clay
10. Temporary fastener",gemma-4-31b-it,Temporary fastener,0.8586238622665405,0.995,
google/gemma-4-31b-it,Alternative Uses Task,"List exactly 10 alternative, uncommon uses for the following object. Provide only a numbered list (1-10), with one use per line and no explanations.",Paperclip,Standard,"Task: List exactly 10 alternative, uncommon uses for the following object. Provide only a numbered list (1-10), with one use per line and no explanations.
Target: Paperclip","1. SIM card ejector tool
2. Reset button activator
3. Emergency zipper pull
4. Temporary eyeglass screw replacement
5. Mini screwdriver
6. Tape end marker
7. Cherry pitter
8. Ornament hanger
9. Cleaning pin for glue nozzles
10. Lock picking practice tool",gemma-4-31b-it,SIM card ejector tool,0.8704681992530823,0.9574468085106383,
google/gemma-4-31b-it,Alternative Uses Task,"List exactly 10 alternative, uncommon uses for the following object. Provide only a numbered list (1-10), with one use per line and no explanations.",Paperclip,Standard,"Task: List exactly 10 alternative, uncommon uses for the following object. Provide only a numbered list (1-10), with one use per line and no explanations.
Target: Paperclip","1. SIM card ejector tool
2. Reset button activator
3. Emergency zipper pull
4. Temporary eyeglass screw replacement
5. Mini screwdriver
6. Tape end marker
7. Cherry pitter
8. Ornament hanger
9. Cleaning pin for glue nozzles
10. Lock picking practice tool",gemma-4-31b-it,Reset button activator,0.8829083442687988,0.973404255319149,
google/gemma-4-31b-it,Alternative Uses Task,"List exactly 10 alternative, uncommon uses for the following object. Provide only a numbered list (1-10), with one use per line and no explanations.",Paperclip,Standard,"Task: List exactly 10 alternative, uncommon uses for the following object. Provide only a numbered list (1-10), with one use per line and no explanations.
Target: Paperclip","1. SIM card ejector tool
2. Reset button activator
3. Emergency zipper pull
4. Temporary eyeglass screw replacement
5. Mini screwdriver
6. Tape end marker
7. Cherry pitter
8. Ornament hanger
9. Cleaning pin for glue nozzles
10. Lock picking practice tool",gemma-4-31b-it,Emergency zipper pull,0.8705399632453918,0.9787234042553191,
google/gemma-4-31b-it,Alternative Uses Task,"List exactly 10 alternative, uncommon uses for the following object. Provide only a numbered list (1-10), with one use per line and no explanations.",Paperclip,Standard,"Task: List exactly 10 alternative, uncommon uses for the following object. Provide only a numbered list (1-10), with one use per line and no explanations.
Target: Paperclip","1. SIM card ejector tool
2. Reset button activator
3. Emergency zipper pull
4. Temporary eyeglass screw replacement
5. Mini screwdriver
6. Tape end marker
7. Cherry pitter
8. Ornament hanger
9. Cleaning pin for glue nozzles
10. Lock picking practice tool",gemma-4-31b-it,Temporary eyeglass screw replacement,0.9187042117118835,0.9840425531914894,
google/gemma-4-31b-it,Alternative Uses Task,"List exactly 10 alternative, uncommon uses for the following object. Provide only a numbered list (1-10), with one use per line and no explanations.",Paperclip,Standard,"Task: List exactly 10 alternative, uncommon uses for the following object. Provide only a numbered list (1-10), with one use per line and no explanations.
Target: Paperclip","1. SIM card ejector tool
2. Reset button activator
3. Emergency zipper pull
4. Temporary eyeglass screw replacement
5. Mini screwdriver
6. Tape end marker
7. Cherry pitter
8. Ornament hanger
9. Cleaning pin for glue nozzles
10. Lock picking practice tool",gemma-4-31b-it,Mini screwdriver,0.6290768384933472,0.9787234042553191,
google/gemma-4-31b-it,Alternative Uses Task,"List exactly 10 alternative, uncommon uses for the following object. Provide only a numbered list (1-10), with one use per line and no explanations.",Paperclip,Standard,"Task: List exactly 10 alternative, uncommon uses for the following object. Provide only a numbered list (1-10), with one use per line and no explanations.
Target: Paperclip","1. SIM card ejector tool
2. Reset button activator
3. Emergency zipper pull
4. Temporary eyeglass screw replacement
5. Mini screwdriver
6. Tape end marker
7. Cherry pitter
8. Ornament hanger
9. Cleaning pin for glue nozzles
10. Lock picking practice tool",gemma-4-31b-it,Tape end marker,0.6008167266845703,0.973404255319149,
google/gemma-4-31b-it,Alternative Uses Task,"List exactly 10 alternative, uncommon uses for the following object. Provide only a numbered list (1-10), with one use per line and no explanations.",Paperclip,Standard,"Task: List exactly 10 alternative, uncommon uses for the following object. Provide only a numbered list (1-10), with one use per line and no explanations.
Target: Paperclip","1. SIM card ejector tool
2. Reset button activator
3. Emergency zipper pull
4. Temporary eyeglass screw replacement
5. Mini screwdriver
6. Tape end marker
7. Cherry pitter
8. Ornament hanger
9. Cleaning pin for glue nozzles
10. Lock picking practice tool",gemma-4-31b-it,Cherry pitter,0.7198151350021362,0.9946808510638298,
google/gemma-4-31b-it,Alternative Uses Task,"List exactly 10 alternative, uncommon uses for the following object. Provide only a numbered list (1-10), with one use per line and no explanations.",Paperclip,Standard,"Task: List exactly 10 alternative, uncommon uses for the following object. Provide only a numbered list (1-10), with one use per line and no explanations.
Target: Paperclip","1. SIM card ejector tool
2. Reset button activator
3. Emergency zipper pull
4. Temporary eyeglass screw replacement
5. Mini screwdriver
6. Tape end marker
7. Cherry pitter
8. Ornament hanger
9. Cleaning pin for glue nozzles
10. Lock picking practice tool",gemma-4-31b-it,Ornament hanger,0.9041681289672852,0.973404255319149,
google/gemma-4-31b-it,Alternative Uses Task,"List exactly 10 alternative, uncommon uses for the following object. Provide only a numbered list (1-10), with one use per line and no explanations.",Paperclip,Standard,"Task: List exactly 10 alternative, uncommon uses for the following object. Provide only a numbered list (1-10), with one use per line and no explanations.
Target: Paperclip","1. SIM card ejector tool
2. Reset button activator
3. Emergency zipper pull
4. Temporary eyeglass screw replacement
5. Mini screwdriver
6. Tape end marker
7. Cherry pitter
8. Ornament hanger
9. Cleaning pin for glue nozzles
10. Lock picking practice tool",gemma-4-31b-it,Cleaning pin for glue nozzles,0.8393815159797668,0.9893617021276596,
google/gemma-4-31b-it,Alternative Uses Task,"List exactly 10 alternative, uncommon uses for the following object. Provide only a numbered list (1-10), with one use per line and no explanations.",Paperclip,Standard,"Task: List exactly 10 alternative, uncommon uses for the following object. Provide only a numbered list (1-10), with one use per line and no explanations.
Target: Paperclip","1. SIM card ejector tool
2. Reset button activator
3. Emergency zipper pull
4. Temporary eyeglass screw replacement
5. Mini screwdriver
6. Tape end marker
7. Cherry pitter
8. Ornament hanger
9. Cleaning pin for glue nozzles
10. Lock picking practice tool",gemma-4-31b-it,Lock picking practice tool,0.693404495716095,0.9946808510638298,
google/gemma-4-31b-it,Alternative Uses Task,"List exactly 10 alternative, uncommon uses for the following object. Provide only a numbered list (1-10), with one use per line and no explanations.",Paperclip,Creative,"Task: List exactly 10 alternative, uncommon uses for the following object. Provide only a numbered list (1-10), with one use per line and no explanations.
Target: Paperclip
Condition: Be creative.","1. SIM card ejector
2. Reset button activator
3. Temporary zipper pull
4. Miniature sculpting tool
5. Emergency eyeglass screw replacement
6. Tiny cleaning pick for electronics
7. DIY ornament hanger
8. Improvised lock pick
9. Hem clip for sewing
10. Tape end marker",gemma-4-31b-it,SIM card ejector,0.9592406153678894,0.9574468085106383,
google/gemma-4-31b-it,Alternative Uses Task,"List exactly 10 alternative, uncommon uses for the following object. Provide only a numbered list (1-10), with one use per line and no explanations.",Paperclip,Creative,"Task: List exactly 10 alternative, uncommon uses for the following object. Provide only a numbered list (1-10), with one use per line and no explanations.
Target: Paperclip
Condition: Be creative.","1. SIM card ejector
2. Reset button activator
3. Temporary zipper pull
4. Miniature sculpting tool
5. Emergency eyeglass screw replacement
6. Tiny cleaning pick for electronics
7. DIY ornament hanger
8. Improvised lock pick
9. Hem clip for sewing
10. Tape end marker",gemma-4-31b-it,Reset button activator,0.8829083442687988,0.973404255319149,
google/gemma-4-31b-it,Alternative Uses Task,"List exactly 10 alternative, uncommon uses for the following object. Provide only a numbered list (1-10), with one use per line and no explanations.",Paperclip,Creative,"Task: List exactly 10 alternative, uncommon uses for the following object. Provide only a numbered list (1-10), with one use per line and no explanations.
Target: Paperclip
Condition: Be creative.","1. SIM card ejector
2. Reset button activator
3. Temporary zipper pull
4. Miniature sculpting tool
5. Emergency eyeglass screw replacement
6. Tiny cleaning pick for electronics
7. DIY ornament hanger
8. Improvised lock pick
9. Hem clip for sewing
10. Tape end marker",gemma-4-31b-it,Temporary zipper pull,0.794506311416626,0.973404255319149,
google/gemma-4-31b-it,Alternative Uses Task,"List exactly 10 alternative, uncommon uses for the following object. Provide only a numbered list (1-10), with one use per line and no explanations.",Paperclip,Creative,"Task: List exactly 10 alternative, uncommon uses for the following object. Provide only a numbered list (1-10), with one use per line and no explanations.
Target: Paperclip
Condition: Be creative.","1. SIM card ejector
2. Reset button activator
3. Temporary zipper pull
4. Miniature sculpting tool
5. Emergency eyeglass screw replacement
6. Tiny cleaning pick for electronics
7. DIY ornament hanger
8. Improvised lock pick
9. Hem clip for sewing
10. Tape end marker",gemma-4-31b-it,Miniature sculpting tool,0.7204344272613525,0.9946808510638298,
google/gemma-4-31b-it,Alternative Uses Task,"List exactly 10 alternative, uncommon uses for the following object. Provide only a numbered list (1-10), with one use per line and no explanations.",Paperclip,Creative,"Task: List exactly 10 alternative, uncommon uses for the following object. Provide only a numbered list (1-10), with one use per line and no explanations.
Target: Paperclip
Condition: Be creative.","1. SIM card ejector
2. Reset button activator
3. Temporary zipper pull
4. Miniature sculpting tool
5. Emergency eyeglass screw replacement
6. Tiny cleaning pick for electronics
7. DIY ornament hanger
8. Improvised lock pick
9. Hem clip for sewing
10. Tape end marker",gemma-4-31b-it,Emergency eyeglass screw replacement,0.9352391958236694,0.9840425531914894,
google/gemma-4-31b-it,Alternative Uses Task,"List exactly 10 alternative, uncommon uses for the following object. Provide only a numbered list (1-10), with one use per line and no explanations.",Paperclip,Creative,"Task: List exactly 10 alternative, uncommon uses for the following object. Provide only a numbered list (1-10), with one use per line and no explanations.
Target: Paperclip
Condition: Be creative.","1. SIM card ejector
2. Reset button activator
3. Temporary zipper pull
4. Miniature sculpting tool
5. Emergency eyeglass screw replacement
6. Tiny cleaning pick for electronics
7. DIY ornament hanger
8. Improvised lock pick
9. Hem clip for sewing
10. Tape end marker",gemma-4-31b-it,Tiny cleaning pick for electronics,0.7433027029037476,0.9946808510638298,
google/gemma-4-31b-it,Alternative Uses Task,"List exactly 10 alternative, uncommon uses for the following object. Provide only a numbered list (1-10), with one use per line and no explanations.",Paperclip,Creative,"Task: List exactly 10 alternative, uncommon uses for the following object. Provide only a numbered list (1-10), with one use per line and no explanations.
Target: Paperclip
Condition: Be creative.","1. SIM card ejector
2. Reset button activator
3. Temporary zipper pull
4. Miniature sculpting tool
5. Emergency eyeglass screw replacement
6. Tiny cleaning pick for electronics
7. DIY ornament hanger
8. Improvised lock pick
9. Hem clip for sewing
10. Tape end marker",gemma-4-31b-it,DIY ornament hanger,0.9297740459442139,0.973404255319149,
google/gemma-4-31b-it,Alternative Uses Task,"List exactly 10 alternative, uncommon uses for the following object. Provide only a numbered list (1-10), with one use per line and no explanations.",Paperclip,Creative,"Task: List exactly 10 alternative, uncommon uses for the following object. Provide only a numbered list (1-10), with one use per line and no explanations.
Target: Paperclip
Condition: Be creative.","1. SIM card ejector
2. Reset button activator
3. Temporary zipper pull
4. Miniature sculpting tool
5. Emergency eyeglass screw replacement
6. Tiny cleaning pick for electronics
7. DIY ornament hanger
8. Improvised lock pick
9. Hem clip for sewing
10. Tape end marker",gemma-4-31b-it,Improvised lock pick,0.7563894987106323,0.9946808510638298,
google/gemma-4-31b-it,Alternative Uses Task,"List exactly 10 alternative, uncommon uses for the following object. Provide only a numbered list (1-10), with one use per line and no explanations.",Paperclip,Creative,"Task: List exactly 10 alternative, uncommon uses for the following object. Provide only a numbered list (1-10), with one use per line and no explanations.
Target: Paperclip
Condition: Be creative.","1. SIM card ejector
2. Reset button activator
3. Temporary zipper pull
4. Miniature sculpting tool
5. Emergency eyeglass screw replacement
6. Tiny cleaning pick for electronics
7. DIY ornament hanger
8. Improvised lock pick
9. Hem clip for sewing
10. Tape end marker",gemma-4-31b-it,Hem clip for sewing,0.7635517120361328,0.9893617021276596,
google/gemma-4-31b-it,Alternative Uses Task,"List exactly 10 alternative, uncommon uses for the following object. Provide only a numbered list (1-10), with one use per line and no explanations.",Paperclip,Creative,"Task: List exactly 10 alternative, uncommon uses for the following object. Provide only a numbered list (1-10), with one use per line and no explanations.
Target: Paperclip
Condition: Be creative.","1. SIM card ejector
2. Reset button activator
3. Temporary zipper pull
4. Miniature sculpting tool
5. Emergency eyeglass screw replacement
6. Tiny cleaning pick for electronics
7. DIY ornament hanger
8. Improvised lock pick
9. Hem clip for sewing
10. Tape end marker",gemma-4-31b-it,Tape end marker,0.6008167266845703,0.973404255319149,
google/gemma-4-31b-it,Alternative Uses Task,"List exactly 10 alternative, uncommon uses for the following object. Provide only a numbered list (1-10), with one use per line and no explanations.",Paperclip,Effective,"Task: List exactly 10 alternative, uncommon uses for the following object. Provide only a numbered list (1-10), with one use per line and no explanations.
Target: Paperclip
Condition: Be effective.","1. SIM card ejector tool
2. Reset button activator
3. Temporary zipper pull
4. Hem clip for sewing
5. Miniature screwdriver
6. Tape end marker
7. Cleaning pin for glue nozzles
8. Emergency eyeglass screw replacement
9. Ornament hanger
10. Floral stem support",gemma-4-31b-it,SIM card ejector tool,0.8704681992530823,0.9574468085106383,
google/gemma-4-31b-it,Alternative Uses Task,"List exactly 10 alternative, uncommon uses for the following object. Provide only a numbered list (1-10), with one use per line and no explanations.",Paperclip,Effective,"Task: List exactly 10 alternative, uncommon uses for the following object. Provide only a numbered list (1-10), with one use per line and no explanations.
Target: Paperclip
Condition: Be effective.","1. SIM card ejector tool
2. Reset button activator
3. Temporary zipper pull
4. Hem clip for sewing
5. Miniature screwdriver
6. Tape end marker
7. Cleaning pin for glue nozzles
8. Emergency eyeglass screw replacement
9. Ornament hanger
10. Floral stem support",gemma-4-31b-it,Reset button activator,0.8829083442687988,0.973404255319149,
google/gemma-4-31b-it,Alternative Uses Task,"List exactly 10 alternative, uncommon uses for the following object. Provide only a numbered list (1-10), with one use per line and no explanations.",Paperclip,Effective,"Task: List exactly 10 alternative, uncommon uses for the following object. Provide only a numbered list (1-10), with one use per line and no explanations.
Target: Paperclip
Condition: Be effective.","1. SIM card ejector tool
2. Reset button activator
3. Temporary zipper pull
4. Hem clip for sewing
5. Miniature screwdriver
6. Tape end marker
7. Cleaning pin for glue nozzles
8. Emergency eyeglass screw replacement
9. Ornament hanger
10. Floral stem support",gemma-4-31b-it,Temporary zipper pull,0.794506311416626,0.973404255319149,
google/gemma-4-31b-it,Alternative Uses Task,"List exactly 10 alternative, uncommon uses for the following object. Provide only a numbered list (1-10), with one use per line and no explanations.",Paperclip,Effective,"Task: List exactly 10 alternative, uncommon uses for the following object. Provide only a numbered list (1-10), with one use per line and no explanations.
Target: Paperclip
Condition: Be effective.","1. SIM card ejector tool
2. Reset button activator
3. Temporary zipper pull
4. Hem clip for sewing
5. Miniature screwdriver
6. Tape end marker
7. Cleaning pin for glue nozzles
8. Emergency eyeglass screw replacement
9. Ornament hanger
10. Floral stem support",gemma-4-31b-it,Hem clip for sewing,0.7635517120361328,0.9893617021276596,
google/gemma-4-31b-it,Alternative Uses Task,"List exactly 10 alternative, uncommon uses for the following object. Provide only a numbered list (1-10), with one use per line and no explanations.",Paperclip,Effective,"Task: List exactly 10 alternative, uncommon uses for the following object. Provide only a numbered list (1-10), with one use per line and no explanations.
Target: Paperclip
Condition: Be effective.","1. SIM card ejector tool
2. Reset button activator
3. Temporary zipper pull
4. Hem clip for sewing
5. Miniature screwdriver
6. Tape end marker
7. Cleaning pin for glue nozzles
8. Emergency eyeglass screw replacement
9. Ornament hanger
10. Floral stem support",gemma-4-31b-it,Miniature screwdriver,0.6532044410705566,0.973404255319149,
google/gemma-4-31b-it,Alternative Uses Task,"List exactly 10 alternative, uncommon uses for the following object. Provide only a numbered list (1-10), with one use per line and no explanations.",Paperclip,Effective,"Task: List exactly 10 alternative, uncommon uses for the following object. Provide only a numbered list (1-10), with one use per line and no explanations.
Target: Paperclip
Condition: Be effective.","1. SIM card ejector tool
2. Reset button activator
3. Temporary zipper pull
4. Hem clip for sewing
5. Miniature screwdriver
6. Tape end marker
7. Cleaning pin for glue nozzles
8. Emergency eyeglass screw replacement
9. Ornament hanger
10. Floral stem support",gemma-4-31b-it,Tape end marker,0.6008167266845703,0.973404255319149,
google/gemma-4-31b-it,Alternative Uses Task,"List exactly 10 alternative, uncommon uses for the following object. Provide only a numbered list (1-10), with one use per line and no explanations.",Paperclip,Effective,"Task: List exactly 10 alternative, uncommon uses for the following object. Provide only a numbered list (1-10), with one use per line and no explanations.
Target: Paperclip
Condition: Be effective.","1. SIM card ejector tool
2. Reset button activator
3. Temporary zipper pull
4. Hem clip for sewing
5. Miniature screwdriver
6. Tape end marker
7. Cleaning pin for glue nozzles
8. Emergency eyeglass screw replacement
9. Ornament hanger
10. Floral stem support",gemma-4-31b-it,Cleaning pin for glue nozzles,0.8393815159797668,0.9893617021276596,
google/gemma-4-31b-it,Alternative Uses Task,"List exactly 10 alternative, uncommon uses for the following object. Provide only a numbered list (1-10), with one use per line and no explanations.",Paperclip,Effective,"Task: List exactly 10 alternative, uncommon uses for the following object. Provide only a numbered list (1-10), with one use per line and no explanations.
Target: Paperclip
Condition: Be effective.","1. SIM card ejector tool
2. Reset button activator
3. Temporary zipper pull
4. Hem clip for sewing
5. Miniature screwdriver
6. Tape end marker
7. Cleaning pin for glue nozzles
8. Emergency eyeglass screw replacement
9. Ornament hanger
10. Floral stem support",gemma-4-31b-it,Emergency eyeglass screw replacement,0.9352391958236694,0.9840425531914894,
google/gemma-4-31b-it,Alternative Uses Task,"List exactly 10 alternative, uncommon uses for the following object. Provide only a numbered list (1-10), with one use per line and no explanations.",Paperclip,Effective,"Task: List exactly 10 alternative, uncommon uses for the following object. Provide only a numbered list (1-10), with one use per line and no explanations.
Target: Paperclip
Condition: Be effective.","1. SIM card ejector tool
2. Reset button activator
3. Temporary zipper pull
4. Hem clip for sewing
5. Miniature screwdriver
6. Tape end marker
7. Cleaning pin for glue nozzles
8. Emergency eyeglass screw replacement
9. Ornament hanger
10. Floral stem support",gemma-4-31b-it,Ornament hanger,0.9041681289672852,0.973404255319149,
google/gemma-4-31b-it,Alternative Uses Task,"List exactly 10 alternative, uncommon uses for the following object. Provide only a numbered list (1-10), with one use per line and no explanations.",Paperclip,Effective,"Task: List exactly 10 alternative, uncommon uses for the following object. Provide only a numbered list (1-10), with one use per line and no explanations.
Target: Paperclip
Condition: Be effective.","1. SIM card ejector tool
2. Reset button activator
3. Temporary zipper pull
4. Hem clip for sewing
5. Miniature screwdriver
6. Tape end marker
7. Cleaning pin for glue nozzles
8. Emergency eyeglass screw replacement
9. Ornament hanger
10. Floral stem support",gemma-4-31b-it,Floral stem support,0.9368249773979187,0.9946808510638298,
google/gemma-4-31b-it,Alternative Uses Task,"List exactly 10 alternative, uncommon uses for the following object. Provide only a numbered list (1-10), with one use per line and no explanations.",Paperclip,Boring,"Task: List exactly 10 alternative, uncommon uses for the following object. Provide only a numbered list (1-10), with one use per line and no explanations.
Target: Paperclip
Condition: Be boring.","1. Reset button pusher
2. Temporary earring back
3. Small hole cleaner
4. Tape end marker
5. SIM card ejector
6. Thread guide
7. Small wire tie
8. Ornament hanger
9. Bookmark
10. Fastener for fabric tags",gemma-4-31b-it,Reset button pusher,0.8130438327789307,0.973404255319149,
google/gemma-4-31b-it,Alternative Uses Task,"List exactly 10 alternative, uncommon uses for the following object. Provide only a numbered list (1-10), with one use per line and no explanations.",Paperclip,Boring,"Task: List exactly 10 alternative, uncommon uses for the following object. Provide only a numbered list (1-10), with one use per line and no explanations.
Target: Paperclip
Condition: Be boring.","1. Reset button pusher
2. Temporary earring back
3. Small hole cleaner
4. Tape end marker
5. SIM card ejector
6. Thread guide
7. Small wire tie
8. Ornament hanger
9. Bookmark
10. Fastener for fabric tags",gemma-4-31b-it,Temporary earring back,0.8913601636886597,0.9893617021276596,
google/gemma-4-31b-it,Alternative Uses Task,"List exactly 10 alternative, uncommon uses for the following object. Provide only a numbered list (1-10), with one use per line and no explanations.",Paperclip,Boring,"Task: List exactly 10 alternative, uncommon uses for the following object. Provide only a numbered list (1-10), with one use per line and no explanations.
Target: Paperclip
Condition: Be boring.","1. Reset button pusher
2. Temporary earring back
3. Small hole cleaner
4. Tape end marker
5. SIM card ejector
6. Thread guide
7. Small wire tie
8. Ornament hanger
9. Bookmark
10. Fastener for fabric tags",gemma-4-31b-it,Small hole cleaner,0.7273573279380798,0.9946808510638298,
google/gemma-4-31b-it,Alternative Uses Task,"List exactly 10 alternative, uncommon uses for the following object. Provide only a numbered list (1-10), with one use per line and no explanations.",Paperclip,Boring,"Task: List exactly 10 alternative, uncommon uses for the following object. Provide only a numbered list (1-10), with one use per line and no explanations.
Target: Paperclip
Condition: Be boring.","1. Reset button pusher
2. Temporary earring back
3. Small hole cleaner
4. Tape end marker
5. SIM card ejector
6. Thread guide
7. Small wire tie
8. Ornament hanger
9. Bookmark
10. Fastener for fabric tags",gemma-4-31b-it,Tape end marker,0.6008167266845703,0.973404255319149,
google/gemma-4-31b-it,Alternative Uses Task,"List exactly 10 alternative, uncommon uses for the following object. Provide only a numbered list (1-10), with one use per line and no explanations.",Paperclip,Boring,"Task: List exactly 10 alternative, uncommon uses for the following object. Provide only a numbered list (1-10), with one use per line and no explanations.
Target: Paperclip
Condition: Be boring.","1. Reset button pusher
2. Temporary earring back
3. Small hole cleaner
4. Tape end marker
5. SIM card ejector
6. Thread guide
7. Small wire tie
8. Ornament hanger
9. Bookmark
10. Fastener for fabric tags",gemma-4-31b-it,SIM card ejector,0.9592406153678894,0.9574468085106383,
google/gemma-4-31b-it,Alternative Uses Task,"List exactly 10 alternative, uncommon uses for the following object. Provide only a numbered list (1-10), with one use per line and no explanations.",Paperclip,Boring,"Task: List exactly 10 alternative, uncommon uses for the following object. Provide only a numbered list (1-10), with one use per line and no explanations.
Target: Paperclip
Condition: Be boring.","1. Reset button pusher
2. Temporary earring back
3. Small hole cleaner
4. Tape end marker
5. SIM card ejector
6. Thread guide
7. Small wire tie
8. Ornament hanger
9. Bookmark
10. Fastener for fabric tags",gemma-4-31b-it,Thread guide,0.9208955764770508,0.9946808510638298,
google/gemma-4-31b-it,Alternative Uses Task,"List exactly 10 alternative, uncommon uses for the following object. Provide only a numbered list (1-10), with one use per line and no explanations.",Paperclip,Boring,"Task: List exactly 10 alternative, uncommon uses for the following object. Provide only a numbered list (1-10), with one use per line and no explanations.
Target: Paperclip
Condition: Be boring.","1. Reset button pusher
2. Temporary earring back
3. Small hole cleaner
4. Tape end marker
5. SIM card ejector
6. Thread guide
7. Small wire tie
8. Ornament hanger
9. Bookmark
10. Fastener for fabric tags",gemma-4-31b-it,Small wire tie,0.8033595085144043,0.9946808510638298,
google/gemma-4-31b-it,Alternative Uses Task,"List exactly 10 alternative, uncommon uses for the following object. Provide only a numbered list (1-10), with one use per line and no explanations.",Paperclip,Boring,"Task: List exactly 10 alternative, uncommon uses for the following object. Provide only a numbered list (1-10), with one use per line and no explanations.
Target: Paperclip
Condition: Be boring.","1. Reset button pusher
2. Temporary earring back
3. Small hole cleaner
4. Tape end marker
5. SIM card ejector
6. Thread guide
7. Small wire tie
8. Ornament hanger
9. Bookmark
10. Fastener for fabric tags",gemma-4-31b-it,Ornament hanger,0.9041681289672852,0.973404255319149,
google/gemma-4-31b-it,Alternative Uses Task,"List exactly 10 alternative, uncommon uses for the following object. Provide only a numbered list (1-10), with one use per line and no explanations.",Paperclip,Boring,"Task: List exactly 10 alternative, uncommon uses for the following object. Provide only a numbered list (1-10), with one use per line and no explanations.
Target: Paperclip
Condition: Be boring.","1. Reset button pusher
2. Temporary earring back
3. Small hole cleaner
4. Tape end marker
5. SIM card ejector
6. Thread guide
7. Small wire tie
8. Ornament hanger
9. Bookmark
10. Fastener for fabric tags",gemma-4-31b-it,Bookmark,0.7308155298233032,0.9840425531914894,
google/gemma-4-31b-it,Alternative Uses Task,"List exactly 10 alternative, uncommon uses for the following object. Provide only a numbered list (1-10), with one use per line and no explanations.",Paperclip,Boring,"Task: List exactly 10 alternative, uncommon uses for the following object. Provide only a numbered list (1-10), with one use per line and no explanations.
Target: Paperclip
Condition: Be boring.","1. Reset button pusher
2. Temporary earring back
3. Small hole cleaner
4. Tape end marker
5. SIM card ejector
6. Thread guide
7. Small wire tie
8. Ornament hanger
9. Bookmark
10. Fastener for fabric tags",gemma-4-31b-it,Fastener for fabric tags,0.9108321666717529,0.9946808510638298,
google/gemma-4-31b-it,Alternative Uses Task,"List exactly 10 alternative, uncommon uses for the following object. Provide only a numbered list (1-10), with one use per line and no explanations.",Paperclip,Conventional,"Task: List exactly 10 alternative, uncommon uses for the following object. Provide only a numbered list (1-10), with one use per line and no explanations.
Target: Paperclip
Condition: Be conventional.","1. Reset button pusher
2. Emergency earring back
3. SIM card ejector tool
4. Temporary zipper pull
5. Tape end marker
6. Tiny screwdriver
7. Ornament hanger
8. Cleaning tool for small crevices
9. Temporary hem clip
10. Bookmarker",gemma-4-31b-it,Reset button pusher,0.8130438327789307,0.973404255319149,
google/gemma-4-31b-it,Alternative Uses Task,"List exactly 10 alternative, uncommon uses for the following object. Provide only a numbered list (1-10), with one use per line and no explanations.",Paperclip,Conventional,"Task: List exactly 10 alternative, uncommon uses for the following object. Provide only a numbered list (1-10), with one use per line and no explanations.
Target: Paperclip
Condition: Be conventional.","1. Reset button pusher
2. Emergency earring back
3. SIM card ejector tool
4. Temporary zipper pull
5. Tape end marker
6. Tiny screwdriver
7. Ornament hanger
8. Cleaning tool for small crevices
9. Temporary hem clip
10. Bookmarker",gemma-4-31b-it,Emergency earring back,0.9391911029815674,0.9893617021276596,
google/gemma-4-31b-it,Alternative Uses Task,"List exactly 10 alternative, uncommon uses for the following object. Provide only a numbered list (1-10), with one use per line and no explanations.",Paperclip,Conventional,"Task: List exactly 10 alternative, uncommon uses for the following object. Provide only a numbered list (1-10), with one use per line and no explanations.
Target: Paperclip
Condition: Be conventional.","1. Reset button pusher
2. Emergency earring back
3. SIM card ejector tool
4. Temporary zipper pull
5. Tape end marker
6. Tiny screwdriver
7. Ornament hanger
8. Cleaning tool for small crevices
9. Temporary hem clip
10. Bookmarker",gemma-4-31b-it,SIM card ejector tool,0.8704681992530823,0.9574468085106383,
google/gemma-4-31b-it,Alternative Uses Task,"List exactly 10 alternative, uncommon uses for the following object. Provide only a numbered list (1-10), with one use per line and no explanations.",Paperclip,Conventional,"Task: List exactly 10 alternative, uncommon uses for the following object. Provide only a numbered list (1-10), with one use per line and no explanations.
Target: Paperclip
Condition: Be conventional.","1. Reset button pusher
2. Emergency earring back
3. SIM card ejector tool
4. Temporary zipper pull
5. Tape end marker
6. Tiny screwdriver
7. Ornament hanger
8. Cleaning tool for small crevices
9. Temporary hem clip
10. Bookmarker",gemma-4-31b-it,Temporary zipper pull,0.794506311416626,0.973404255319149,
google/gemma-4-31b-it,Alternative Uses Task,"List exactly 10 alternative, uncommon uses for the following object. Provide only a numbered list (1-10), with one use per line and no explanations.",Paperclip,Conventional,"Task: List exactly 10 alternative, uncommon uses for the following object. Provide only a numbered list (1-10), with one use per line and no explanations.
Target: Paperclip
Condition: Be conventional.","1. Reset button pusher
2. Emergency earring back
3. SIM card ejector tool
4. Temporary zipper pull
5. Tape end marker
6. Tiny screwdriver
7. Ornament hanger
8. Cleaning tool for small crevices
9. Temporary hem clip
10. Bookmarker",gemma-4-31b-it,Tape end marker,0.6008167266845703,0.973404255319149,
google/gemma-4-31b-it,Alternative Uses Task,"List exactly 10 alternative, uncommon uses for the following object. Provide only a numbered list (1-10), with one use per line and no explanations.",Paperclip,Conventional,"Task: List exactly 10 alternative, uncommon uses for the following object. Provide only a numbered list (1-10), with one use per line and no explanations.
Target: Paperclip
Condition: Be conventional.","1. Reset button pusher
2. Emergency earring back
3. SIM card ejector tool
4. Temporary zipper pull
5. Tape end marker
6. Tiny screwdriver
7. Ornament hanger
8. Cleaning tool for small crevices
9. Temporary hem clip
10. Bookmarker",gemma-4-31b-it,Tiny screwdriver,0.6590014696121216,0.9840425531914894,
google/gemma-4-31b-it,Alternative Uses Task,"List exactly 10 alternative, uncommon uses for the following object. Provide only a numbered list (1-10), with one use per line and no explanations.",Paperclip,Conventional,"Task: List exactly 10 alternative, uncommon uses for the following object. Provide only a numbered list (1-10), with one use per line and no explanations.
Target: Paperclip
Condition: Be conventional.","1. Reset button pusher
2. Emergency earring back
3. SIM card ejector tool
4. Temporary zipper pull
5. Tape end marker
6. Tiny screwdriver
7. Ornament hanger
8. Cleaning tool for small crevices
9. Temporary hem clip
10. Bookmarker",gemma-4-31b-it,Ornament hanger,0.9041681289672852,0.973404255319149,
google/gemma-4-31b-it,Alternative Uses Task,"List exactly 10 alternative, uncommon uses for the following object. Provide only a numbered list (1-10), with one use per line and no explanations.",Paperclip,Conventional,"Task: List exactly 10 alternative, uncommon uses for the following object. Provide only a numbered list (1-10), with one use per line and no explanations.
Target: Paperclip
Condition: Be conventional.","1. Reset button pusher
2. Emergency earring back
3. SIM card ejector tool
4. Temporary zipper pull
5. Tape end marker
6. Tiny screwdriver
7. Ornament hanger
8. Cleaning tool for small crevices
9. Temporary hem clip
10. Bookmarker",gemma-4-31b-it,Cleaning tool for small crevices,0.8158628940582275,0.9946808510638298,
google/gemma-4-31b-it,Alternative Uses Task,"List exactly 10 alternative, uncommon uses for the following object. Provide only a numbered list (1-10), with one use per line and no explanations.",Paperclip,Conventional,"Task: List exactly 10 alternative, uncommon uses for the following object. Provide only a numbered list (1-10), with one use per line and no explanations.
Target: Paperclip
Condition: Be conventional.","1. Reset button pusher
2. Emergency earring back
3. SIM card ejector tool
4. Temporary zipper pull
5. Tape end marker
6. Tiny screwdriver
7. Ornament hanger
8. Cleaning tool for small crevices
9. Temporary hem clip
10. Bookmarker",gemma-4-31b-it,Temporary hem clip,0.769493579864502,0.9946808510638298,
google/gemma-4-31b-it,Alternative Uses Task,"List exactly 10 alternative, uncommon uses for the following object. Provide only a numbered list (1-10), with one use per line and no explanations.",Paperclip,Conventional,"Task: List exactly 10 alternative, uncommon uses for the following object. Provide only a numbered list (1-10), with one use per line and no explanations.
Target: Paperclip
Condition: Be conventional.","1. Reset button pusher
2. Emergency earring back
3. SIM card ejector tool
4. Temporary zipper pull
5. Tape end marker
6. Tiny screwdriver
7. Ornament hanger
8. Cleaning tool for small crevices
9. Temporary hem clip
10. Bookmarker",gemma-4-31b-it,Bookmarker,0.6513530015945435,0.9946808510638298,
google/gemma-4-31b-it,Alternative Uses Task,"List exactly 10 alternative, uncommon uses for the following object. Provide only a numbered list (1-10), with one use per line and no explanations.",Towel,Standard,"Task: List exactly 10 alternative, uncommon uses for the following object. Provide only a numbered list (1-10), with one use per line and no explanations.
Target: Towel","1. Picnic blanket
2. Emergency bandage
3. Improvised curtain
4. Furniture dust cover
5. Pet bedding
6. Soundproofing panel
7. Oven pot holder
8. Temporary door draft stopper
9. Yoga mat alternative
10. Cold compress wrap",gemma-4-31b-it,Picnic blanket,0.6017540693283081,0.9578947368421052,
google/gemma-4-31b-it,Alternative Uses Task,"List exactly 10 alternative, uncommon uses for the following object. Provide only a numbered list (1-10), with one use per line and no explanations.",Towel,Standard,"Task: List exactly 10 alternative, uncommon uses for the following object. Provide only a numbered list (1-10), with one use per line and no explanations.
Target: Towel","1. Picnic blanket
2. Emergency bandage
3. Improvised curtain
4. Furniture dust cover
5. Pet bedding
6. Soundproofing panel
7. Oven pot holder
8. Temporary door draft stopper
9. Yoga mat alternative
10. Cold compress wrap",gemma-4-31b-it,Emergency bandage,0.50352942943573,0.9842105263157894,
google/gemma-4-31b-it,Alternative Uses Task,"List exactly 10 alternative, uncommon uses for the following object. Provide only a numbered list (1-10), with one use per line and no explanations.",Towel,Standard,"Task: List exactly 10 alternative, uncommon uses for the following object. Provide only a numbered list (1-10), with one use per line and no explanations.
Target: Towel","1. Picnic blanket
2. Emergency bandage
3. Improvised curtain
4. Furniture dust cover
5. Pet bedding
6. Soundproofing panel
7. Oven pot holder
8. Temporary door draft stopper
9. Yoga mat alternative
10. Cold compress wrap",gemma-4-31b-it,Improvised curtain,0.5955447554588318,0.9894736842105263,
google/gemma-4-31b-it,Alternative Uses Task,"List exactly 10 alternative, uncommon uses for the following object. Provide only a numbered list (1-10), with one use per line and no explanations.",Towel,Standard,"Task: List exactly 10 alternative, uncommon uses for the following object. Provide only a numbered list (1-10), with one use per line and no explanations.
Target: Towel","1. Picnic blanket
2. Emergency bandage
3. Improvised curtain
4. Furniture dust cover
5. Pet bedding
6. Soundproofing panel
7. Oven pot holder
8. Temporary door draft stopper
9. Yoga mat alternative
10. Cold compress wrap",gemma-4-31b-it,Furniture dust cover,0.7508180141448975,0.9736842105263158,
google/gemma-4-31b-it,Alternative Uses Task,"List exactly 10 alternative, uncommon uses for the following object. Provide only a numbered list (1-10), with one use per line and no explanations.",Towel,Standard,"Task: List exactly 10 alternative, uncommon uses for the following object. Provide only a numbered list (1-10), with one use per line and no explanations.
Target: Towel","1. Picnic blanket
2. Emergency bandage
3. Improvised curtain
4. Furniture dust cover
5. Pet bedding
6. Soundproofing panel
7. Oven pot holder
8. Temporary door draft stopper
9. Yoga mat alternative
10. Cold compress wrap",gemma-4-31b-it,Pet bedding,0.6953982710838318,0.9842105263157894,
google/gemma-4-31b-it,Alternative Uses Task,"List exactly 10 alternative, uncommon uses for the following object. Provide only a numbered list (1-10), with one use per line and no explanations.",Towel,Standard,"Task: List exactly 10 alternative, uncommon uses for the following object. Provide only a numbered list (1-10), with one use per line and no explanations.
Target: Towel","1. Picnic blanket
2. Emergency bandage
3. Improvised curtain
4. Furniture dust cover
5. Pet bedding
6. Soundproofing panel
7. Oven pot holder
8. Temporary door draft stopper
9. Yoga mat alternative
10. Cold compress wrap",gemma-4-31b-it,Soundproofing panel,0.9701407551765442,0.9947368421052631,
google/gemma-4-31b-it,Alternative Uses Task,"List exactly 10 alternative, uncommon uses for the following object. Provide only a numbered list (1-10), with one use per line and no explanations.",Towel,Standard,"Task: List exactly 10 alternative, uncommon uses for the following object. Provide only a numbered list (1-10), with one use per line and no explanations.
Target: Towel","1. Picnic blanket
2. Emergency bandage
3. Improvised curtain
4. Furniture dust cover
5. Pet bedding
6. Soundproofing panel
7. Oven pot holder
8. Temporary door draft stopper
9. Yoga mat alternative
10. Cold compress wrap",gemma-4-31b-it,Oven pot holder,0.9438655376434326,0.9842105263157894,
google/gemma-4-31b-it,Alternative Uses Task,"List exactly 10 alternative, uncommon uses for the following object. Provide only a numbered list (1-10), with one use per line and no explanations.",Towel,Standard,"Task: List exactly 10 alternative, uncommon uses for the following object. Provide only a numbered list (1-10), with one use per line and no explanations.
Target: Towel","1. Picnic blanket
2. Emergency bandage
3. Improvised curtain
4. Furniture dust cover
5. Pet bedding
6. Soundproofing panel
7. Oven pot holder
8. Temporary door draft stopper
9. Yoga mat alternative
10. Cold compress wrap",gemma-4-31b-it,Temporary door draft stopper,0.8591557741165161,0.9894736842105263,
google/gemma-4-31b-it,Alternative Uses Task,"List exactly 10 alternative, uncommon uses for the following object. Provide only a numbered list (1-10), with one use per line and no explanations.",Towel,Standard,"Task: List exactly 10 alternative, uncommon uses for the following object. Provide only a numbered list (1-10), with one use per line and no explanations.
Target: Towel","1. Picnic blanket
2. Emergency bandage
3. Improvised curtain
4. Furniture dust cover
5. Pet bedding
6. Soundproofing panel
7. Oven pot holder
8. Temporary door draft stopper
9. Yoga mat alternative
10. Cold compress wrap",gemma-4-31b-it,Yoga mat alternative,0.6895920634269714,0.9947368421052631,
google/gemma-4-31b-it,Alternative Uses Task,"List exactly 10 alternative, uncommon uses for the following object. Provide only a numbered list (1-10), with one use per line and no explanations.",Towel,Standard,"Task: List exactly 10 alternative, uncommon uses for the following object. Provide only a numbered list (1-10), with one use per line and no explanations.
Target: Towel","1. Picnic blanket
2. Emergency bandage
3. Improvised curtain
4. Furniture dust cover
5. Pet bedding
6. Soundproofing panel
7. Oven pot holder
8. Temporary door draft stopper
9. Yoga mat alternative
10. Cold compress wrap",gemma-4-31b-it,Cold compress wrap,0.7007278203964233,0.9947368421052631,
google/gemma-4-31b-it,Alternative Uses Task,"List exactly 10 alternative, uncommon uses for the following object. Provide only a numbered list (1-10), with one use per line and no explanations.",Towel,Creative,"Task: List exactly 10 alternative, uncommon uses for the following object. Provide only a numbered list (1-10), with one use per line and no explanations.
Target: Towel
Condition: Be creative.","1. Improvised baby hammock
2. Emergency window shade
3. Picnic blanket
4. Protective furniture cover for painting
5. DIY draft stopper
6. Temporary pet bed
7. Makeshift gym mat
8. Dusting rag for ceilings
9. Oven pot holder
10. Costume cape",gemma-4-31b-it,Improvised baby hammock,0.7683641910552979,0.9947368421052631,
google/gemma-4-31b-it,Alternative Uses Task,"List exactly 10 alternative, uncommon uses for the following object. Provide only a numbered list (1-10), with one use per line and no explanations.",Towel,Creative,"Task: List exactly 10 alternative, uncommon uses for the following object. Provide only a numbered list (1-10), with one use per line and no explanations.
Target: Towel
Condition: Be creative.","1. Improvised baby hammock
2. Emergency window shade
3. Picnic blanket
4. Protective furniture cover for painting
5. DIY draft stopper
6. Temporary pet bed
7. Makeshift gym mat
8. Dusting rag for ceilings
9. Oven pot holder
10. Costume cape",gemma-4-31b-it,Emergency window shade,0.7717940807342529,0.9894736842105263,
google/gemma-4-31b-it,Alternative Uses Task,"List exactly 10 alternative, uncommon uses for the following object. Provide only a numbered list (1-10), with one use per line and no explanations.",Towel,Creative,"Task: List exactly 10 alternative, uncommon uses for the following object. Provide only a numbered list (1-10), with one use per line and no explanations.
Target: Towel
Condition: Be creative.","1. Improvised baby hammock
2. Emergency window shade
3. Picnic blanket
4. Protective furniture cover for painting
5. DIY draft stopper
6. Temporary pet bed
7. Makeshift gym mat
8. Dusting rag for ceilings
9. Oven pot holder
10. Costume cape",gemma-4-31b-it,Picnic blanket,0.6017540693283081,0.9578947368421052,
google/gemma-4-31b-it,Alternative Uses Task,"List exactly 10 alternative, uncommon uses for the following object. Provide only a numbered list (1-10), with one use per line and no explanations.",Towel,Creative,"Task: List exactly 10 alternative, uncommon uses for the following object. Provide only a numbered list (1-10), with one use per line and no explanations.
Target: Towel
Condition: Be creative.","1. Improvised baby hammock
2. Emergency window shade
3. Picnic blanket
4. Protective furniture cover for painting
5. DIY draft stopper
6. Temporary pet bed
7. Makeshift gym mat
8. Dusting rag for ceilings
9. Oven pot holder
10. Costume cape",gemma-4-31b-it,Protective furniture cover for painting,0.8785498738288879,0.9947368421052631,
google/gemma-4-31b-it,Alternative Uses Task,"List exactly 10 alternative, uncommon uses for the following object. Provide only a numbered list (1-10), with one use per line and no explanations.",Towel,Creative,"Task: List exactly 10 alternative, uncommon uses for the following object. Provide only a numbered list (1-10), with one use per line and no explanations.
Target: Towel
Condition: Be creative.","1. Improvised baby hammock
2. Emergency window shade
3. Picnic blanket
4. Protective furniture cover for painting
5. DIY draft stopper
6. Temporary pet bed
7. Makeshift gym mat
8. Dusting rag for ceilings
9. Oven pot holder
10. Costume cape",gemma-4-31b-it,DIY draft stopper,0.8497841358184814,0.9947368421052631,
google/gemma-4-31b-it,Alternative Uses Task,"List exactly 10 alternative, uncommon uses for the following object. Provide only a numbered list (1-10), with one use per line and no explanations.",Towel,Creative,"Task: List exactly 10 alternative, uncommon uses for the following object. Provide only a numbered list (1-10), with one use per line and no explanations.
Target: Towel
Condition: Be creative.","1. Improvised baby hammock
2. Emergency window shade
3. Picnic blanket
4. Protective furniture cover for painting
5. DIY draft stopper
6. Temporary pet bed
7. Makeshift gym mat
8. Dusting rag for ceilings
9. Oven pot holder
10. Costume cape",gemma-4-31b-it,Temporary pet bed,0.8384594917297363,0.9894736842105263,
google/gemma-4-31b-it,Alternative Uses Task,"List exactly 10 alternative, uncommon uses for the following object. Provide only a numbered list (1-10), with one use per line and no explanations.",Towel,Creative,"Task: List exactly 10 alternative, uncommon uses for the following object. Provide only a numbered list (1-10), with one use per line and no explanations.
Target: Towel
Condition: Be creative.","1. Improvised baby hammock
2. Emergency window shade
3. Picnic blanket
4. Protective furniture cover for painting
5. DIY draft stopper
6. Temporary pet bed
7. Makeshift gym mat
8. Dusting rag for ceilings
9. Oven pot holder
10. Costume cape",gemma-4-31b-it,Makeshift gym mat,0.6073430180549622,0.9894736842105263,
google/gemma-4-31b-it,Alternative Uses Task,"List exactly 10 alternative, uncommon uses for the following object. Provide only a numbered list (1-10), with one use per line and no explanations.",Towel,Creative,"Task: List exactly 10 alternative, uncommon uses for the following object. Provide only a numbered list (1-10), with one use per line and no explanations.
Target: Towel
Condition: Be creative.","1. Improvised baby hammock
2. Emergency window shade
3. Picnic blanket
4. Protective furniture cover for painting
5. DIY draft stopper
6. Temporary pet bed
7. Makeshift gym mat
8. Dusting rag for ceilings
9. Oven pot holder
10. Costume cape",gemma-4-31b-it,Dusting rag for ceilings,0.6551653146743774,0.9947368421052631,
google/gemma-4-31b-it,Alternative Uses Task,"List exactly 10 alternative, uncommon uses for the following object. Provide only a numbered list (1-10), with one use per line and no explanations.",Towel,Creative,"Task: List exactly 10 alternative, uncommon uses for the following object. Provide only a numbered list (1-10), with one use per line and no explanations.
Target: Towel
Condition: Be creative.","1. Improvised baby hammock
2. Emergency window shade
3. Picnic blanket
4. Protective furniture cover for painting
5. DIY draft stopper
6. Temporary pet bed
7. Makeshift gym mat
8. Dusting rag for ceilings
9. Oven pot holder
10. Costume cape",gemma-4-31b-it,Oven pot holder,0.9438655376434326,0.9842105263157894,
google/gemma-4-31b-it,Alternative Uses Task,"List exactly 10 alternative, uncommon uses for the following object. Provide only a numbered list (1-10), with one use per line and no explanations.",Towel,Creative,"Task: List exactly 10 alternative, uncommon uses for the following object. Provide only a numbered list (1-10), with one use per line and no explanations.
Target: Towel
Condition: Be creative.","1. Improvised baby hammock
2. Emergency window shade
3. Picnic blanket
4. Protective furniture cover for painting
5. DIY draft stopper
6. Temporary pet bed
7. Makeshift gym mat
8. Dusting rag for ceilings
9. Oven pot holder
10. Costume cape",gemma-4-31b-it,Costume cape,0.6821300983428955,0.9947368421052631,
google/gemma-4-31b-it,Alternative Uses Task,"List exactly 10 alternative, uncommon uses for the following object. Provide only a numbered list (1-10), with one use per line and no explanations.",Towel,Effective,"Task: List exactly 10 alternative, uncommon uses for the following object. Provide only a numbered list (1-10), with one use per line and no explanations.
Target: Towel
Condition: Be effective.","1. Emergency bandage
2. Furniture dust cover
3. Sound-dampening panel
4. Picnic blanket
5. Door draft stopper
6. Improvised gym mat
7. Protective surface for painting
8. Oven pot holder
9. Pet bedding
10. Window blackout curtain",gemma-4-31b-it,Emergency bandage,0.50352942943573,0.9842105263157894,
google/gemma-4-31b-it,Alternative Uses Task,"List exactly 10 alternative, uncommon uses for the following object. Provide only a numbered list (1-10), with one use per line and no explanations.",Towel,Effective,"Task: List exactly 10 alternative, uncommon uses for the following object. Provide only a numbered list (1-10), with one use per line and no explanations.
Target: Towel
Condition: Be effective.","1. Emergency bandage
2. Furniture dust cover
3. Sound-dampening panel
4. Picnic blanket
5. Door draft stopper
6. Improvised gym mat
7. Protective surface for painting
8. Oven pot holder
9. Pet bedding
10. Window blackout curtain",gemma-4-31b-it,Furniture dust cover,0.7508180141448975,0.9736842105263158,
google/gemma-4-31b-it,Alternative Uses Task,"List exactly 10 alternative, uncommon uses for the following object. Provide only a numbered list (1-10), with one use per line and no explanations.",Towel,Effective,"Task: List exactly 10 alternative, uncommon uses for the following object. Provide only a numbered list (1-10), with one use per line and no explanations.
Target: Towel
Condition: Be effective.","1. Emergency bandage
2. Furniture dust cover
3. Sound-dampening panel
4. Picnic blanket
5. Door draft stopper
6. Improvised gym mat
7. Protective surface for painting
8. Oven pot holder
9. Pet bedding
10. Window blackout curtain",gemma-4-31b-it,Sound-dampening panel,0.9443238377571106,0.9894736842105263,
google/gemma-4-31b-it,Alternative Uses Task,"List exactly 10 alternative, uncommon uses for the following object. Provide only a numbered list (1-10), with one use per line and no explanations.",Towel,Effective,"Task: List exactly 10 alternative, uncommon uses for the following object. Provide only a numbered list (1-10), with one use per line and no explanations.
Target: Towel
Condition: Be effective.","1. Emergency bandage
2. Furniture dust cover
3. Sound-dampening panel
4. Picnic blanket
5. Door draft stopper
6. Improvised gym mat
7. Protective surface for painting
8. Oven pot holder
9. Pet bedding
10. Window blackout curtain",gemma-4-31b-it,Picnic blanket,0.6017540693283081,0.9578947368421052,
google/gemma-4-31b-it,Alternative Uses Task,"List exactly 10 alternative, uncommon uses for the following object. Provide only a numbered list (1-10), with one use per line and no explanations.",Towel,Effective,"Task: List exactly 10 alternative, uncommon uses for the following object. Provide only a numbered list (1-10), with one use per line and no explanations.
Target: Towel
Condition: Be effective.","1. Emergency bandage
2. Furniture dust cover
3. Sound-dampening panel
4. Picnic blanket
5. Door draft stopper
6. Improvised gym mat
7. Protective surface for painting
8. Oven pot holder
9. Pet bedding
10. Window blackout curtain",gemma-4-31b-it,Door draft stopper,0.8695123195648193,0.9894736842105263,
google/gemma-4-31b-it,Alternative Uses Task,"List exactly 10 alternative, uncommon uses for the following object. Provide only a numbered list (1-10), with one use per line and no explanations.",Towel,Effective,"Task: List exactly 10 alternative, uncommon uses for the following object. Provide only a numbered list (1-10), with one use per line and no explanations.
Target: Towel
Condition: Be effective.","1. Emergency bandage
2. Furniture dust cover
3. Sound-dampening panel
4. Picnic blanket
5. Door draft stopper
6. Improvised gym mat
7. Protective surface for painting
8. Oven pot holder
9. Pet bedding
10. Window blackout curtain",gemma-4-31b-it,Improvised gym mat,0.6295150518417358,0.9894736842105263,
google/gemma-4-31b-it,Alternative Uses Task,"List exactly 10 alternative, uncommon uses for the following object. Provide only a numbered list (1-10), with one use per line and no explanations.",Towel,Effective,"Task: List exactly 10 alternative, uncommon uses for the following object. Provide only a numbered list (1-10), with one use per line and no explanations.
Target: Towel
Condition: Be effective.","1. Emergency bandage
2. Furniture dust cover
3. Sound-dampening panel
4. Picnic blanket
5. Door draft stopper
6. Improvised gym mat
7. Protective surface for painting
8. Oven pot holder
9. Pet bedding
10. Window blackout curtain",gemma-4-31b-it,Protective surface for painting,0.8694494962692261,0.9947368421052631,
google/gemma-4-31b-it,Alternative Uses Task,"List exactly 10 alternative, uncommon uses for the following object. Provide only a numbered list (1-10), with one use per line and no explanations.",Towel,Effective,"Task: List exactly 10 alternative, uncommon uses for the following object. Provide only a numbered list (1-10), with one use per line and no explanations.
Target: Towel
Condition: Be effective.","1. Emergency bandage
2. Furniture dust cover
3. Sound-dampening panel
4. Picnic blanket
5. Door draft stopper
6. Improvised gym mat
7. Protective surface for painting
8. Oven pot holder
9. Pet bedding
10. Window blackout curtain",gemma-4-31b-it,Oven pot holder,0.9438655376434326,0.9842105263157894,
google/gemma-4-31b-it,Alternative Uses Task,"List exactly 10 alternative, uncommon uses for the following object. Provide only a numbered list (1-10), with one use per line and no explanations.",Towel,Effective,"Task: List exactly 10 alternative, uncommon uses for the following object. Provide only a numbered list (1-10), with one use per line and no explanations.
Target: Towel
Condition: Be effective.","1. Emergency bandage
2. Furniture dust cover
3. Sound-dampening panel
4. Picnic blanket
5. Door draft stopper
6. Improvised gym mat
7. Protective surface for painting
8. Oven pot holder
9. Pet bedding
10. Window blackout curtain",gemma-4-31b-it,Pet bedding,0.6953982710838318,0.9842105263157894,
google/gemma-4-31b-it,Alternative Uses Task,"List exactly 10 alternative, uncommon uses for the following object. Provide only a numbered list (1-10), with one use per line and no explanations.",Towel,Effective,"Task: List exactly 10 alternative, uncommon uses for the following object. Provide only a numbered list (1-10), with one use per line and no explanations.
Target: Towel
Condition: Be effective.","1. Emergency bandage
2. Furniture dust cover
3. Sound-dampening panel
4. Picnic blanket
5. Door draft stopper
6. Improvised gym mat
7. Protective surface for painting
8. Oven pot holder
9. Pet bedding
10. Window blackout curtain",gemma-4-31b-it,Window blackout curtain,0.7054718732833862,0.9894736842105263,
google/gemma-4-31b-it,Alternative Uses Task,"List exactly 10 alternative, uncommon uses for the following object. Provide only a numbered list (1-10), with one use per line and no explanations.",Towel,Boring,"Task: List exactly 10 alternative, uncommon uses for the following object. Provide only a numbered list (1-10), with one use per line and no explanations.
Target: Towel
Condition: Be boring.","1. Floor covering
2. Table surface protector
3. Dust cloth
4. Shelf liner
5. Window shade
6. Doorstop
7. Padding for storage
8. Seat cover
9. Curtain
10. Bed runner",gemma-4-31b-it,Floor covering,0.7561362981796265,0.9947368421052631,
google/gemma-4-31b-it,Alternative Uses Task,"List exactly 10 alternative, uncommon uses for the following object. Provide only a numbered list (1-10), with one use per line and no explanations.",Towel,Boring,"Task: List exactly 10 alternative, uncommon uses for the following object. Provide only a numbered list (1-10), with one use per line and no explanations.
Target: Towel
Condition: Be boring.","1. Floor covering
2. Table surface protector
3. Dust cloth
4. Shelf liner
5. Window shade
6. Doorstop
7. Padding for storage
8. Seat cover
9. Curtain
10. Bed runner",gemma-4-31b-it,Table surface protector,0.7827934622764587,0.9947368421052631,
google/gemma-4-31b-it,Alternative Uses Task,"List exactly 10 alternative, uncommon uses for the following object. Provide only a numbered list (1-10), with one use per line and no explanations.",Towel,Boring,"Task: List exactly 10 alternative, uncommon uses for the following object. Provide only a numbered list (1-10), with one use per line and no explanations.
Target: Towel
Condition: Be boring.","1. Floor covering
2. Table surface protector
3. Dust cloth
4. Shelf liner
5. Window shade
6. Doorstop
7. Padding for storage
8. Seat cover
9. Curtain
10. Bed runner",gemma-4-31b-it,Dust cloth,0.4406054615974426,0.9947368421052631,
google/gemma-4-31b-it,Alternative Uses Task,"List exactly 10 alternative, uncommon uses for the following object. Provide only a numbered list (1-10), with one use per line and no explanations.",Towel,Boring,"Task: List exactly 10 alternative, uncommon uses for the following object. Provide only a numbered list (1-10), with one use per line and no explanations.
Target: Towel
Condition: Be boring.","1. Floor covering
2. Table surface protector
3. Dust cloth
4. Shelf liner
5. Window shade
6. Doorstop
7. Padding for storage
8. Seat cover
9. Curtain
10. Bed runner",gemma-4-31b-it,Shelf liner,0.8450766801834106,0.9947368421052631,
google/gemma-4-31b-it,Alternative Uses Task,"List exactly 10 alternative, uncommon uses for the following object. Provide only a numbered list (1-10), with one use per line and no explanations.",Towel,Boring,"Task: List exactly 10 alternative, uncommon uses for the following object. Provide only a numbered list (1-10), with one use per line and no explanations.
Target: Towel
Condition: Be boring.","1. Floor covering
2. Table surface protector
3. Dust cloth
4. Shelf liner
5. Window shade
6. Doorstop
7. Padding for storage
8. Seat cover
9. Curtain
10. Bed runner",gemma-4-31b-it,Window shade,0.8106369972229004,0.9894736842105263,
google/gemma-4-31b-it,Alternative Uses Task,"List exactly 10 alternative, uncommon uses for the following object. Provide only a numbered list (1-10), with one use per line and no explanations.",Towel,Boring,"Task: List exactly 10 alternative, uncommon uses for the following object. Provide only a numbered list (1-10), with one use per line and no explanations.
Target: Towel
Condition: Be boring.","1. Floor covering
2. Table surface protector
3. Dust cloth
4. Shelf liner
5. Window shade
6. Doorstop
7. Padding for storage
8. Seat cover
9. Curtain
10. Bed runner",gemma-4-31b-it,Doorstop,0.8196529746055603,0.9947368421052631,
google/gemma-4-31b-it,Alternative Uses Task,"List exactly 10 alternative, uncommon uses for the following object. Provide only a numbered list (1-10), with one use per line and no explanations.",Towel,Boring,"Task: List exactly 10 alternative, uncommon uses for the following object. Provide only a numbered list (1-10), with one use per line and no explanations.
Target: Towel
Condition: Be boring.","1. Floor covering
2. Table surface protector
3. Dust cloth
4. Shelf liner
5. Window shade
6. Doorstop
7. Padding for storage
8. Seat cover
9. Curtain
10. Bed runner",gemma-4-31b-it,Padding for storage,0.909892737865448,0.9947368421052631,
google/gemma-4-31b-it,Alternative Uses Task,"List exactly 10 alternative, uncommon uses for the following object. Provide only a numbered list (1-10), with one use per line and no explanations.",Towel,Boring,"Task: List exactly 10 alternative, uncommon uses for the following object. Provide only a numbered list (1-10), with one use per line and no explanations.
Target: Towel
Condition: Be boring.","1. Floor covering
2. Table surface protector
3. Dust cloth
4. Shelf liner
5. Window shade
6. Doorstop
7. Padding for storage
8. Seat cover
9. Curtain
10. Bed runner",gemma-4-31b-it,Seat cover,0.7386609315872192,0.9894736842105263,
google/gemma-4-31b-it,Alternative Uses Task,"List exactly 10 alternative, uncommon uses for the following object. Provide only a numbered list (1-10), with one use per line and no explanations.",Towel,Boring,"Task: List exactly 10 alternative, uncommon uses for the following object. Provide only a numbered list (1-10), with one use per line and no explanations.
Target: Towel
Condition: Be boring.","1. Floor covering
2. Table surface protector
3. Dust cloth
4. Shelf liner
5. Window shade
6. Doorstop
7. Padding for storage
8. Seat cover
9. Curtain
10. Bed runner",gemma-4-31b-it,Curtain,0.5093108415603638,0.9842105263157894,
google/gemma-4-31b-it,Alternative Uses Task,"List exactly 10 alternative, uncommon uses for the following object. Provide only a numbered list (1-10), with one use per line and no explanations.",Towel,Boring,"Task: List exactly 10 alternative, uncommon uses for the following object. Provide only a numbered list (1-10), with one use per line and no explanations.
Target: Towel
Condition: Be boring.","1. Floor covering
2. Table surface protector
3. Dust cloth
4. Shelf liner
5. Window shade
6. Doorstop
7. Padding for storage
8. Seat cover
9. Curtain
10. Bed runner",gemma-4-31b-it,Bed runner,0.7177140712738037,0.9947368421052631,
google/gemma-4-31b-it,Alternative Uses Task,"List exactly 10 alternative, uncommon uses for the following object. Provide only a numbered list (1-10), with one use per line and no explanations.",Towel,Conventional,"Task: List exactly 10 alternative, uncommon uses for the following object. Provide only a numbered list (1-10), with one use per line and no explanations.
Target: Towel
Condition: Be conventional.","1. Picnic blanket
2. Window curtain
3. Furniture cover
4. Floor mat
5. Oven mitt
6. Baby wrap
7. Pet bed
8. Dusting cloth
9. Beach shield
10. Head wrap",gemma-4-31b-it,Picnic blanket,0.6017540693283081,0.9578947368421052,
google/gemma-4-31b-it,Alternative Uses Task,"List exactly 10 alternative, uncommon uses for the following object. Provide only a numbered list (1-10), with one use per line and no explanations.",Towel,Conventional,"Task: List exactly 10 alternative, uncommon uses for the following object. Provide only a numbered list (1-10), with one use per line and no explanations.
Target: Towel
Condition: Be conventional.","1. Picnic blanket
2. Window curtain
3. Furniture cover
4. Floor mat
5. Oven mitt
6. Baby wrap
7. Pet bed
8. Dusting cloth
9. Beach shield
10. Head wrap",gemma-4-31b-it,Window curtain,0.5431861281394958,0.9789473684210527,
google/gemma-4-31b-it,Alternative Uses Task,"List exactly 10 alternative, uncommon uses for the following object. Provide only a numbered list (1-10), with one use per line and no explanations.",Towel,Conventional,"Task: List exactly 10 alternative, uncommon uses for the following object. Provide only a numbered list (1-10), with one use per line and no explanations.
Target: Towel
Condition: Be conventional.","1. Picnic blanket
2. Window curtain
3. Furniture cover
4. Floor mat
5. Oven mitt
6. Baby wrap
7. Pet bed
8. Dusting cloth
9. Beach shield
10. Head wrap",gemma-4-31b-it,Furniture cover,0.7730880379676819,0.9947368421052631,
google/gemma-4-31b-it,Alternative Uses Task,"List exactly 10 alternative, uncommon uses for the following object. Provide only a numbered list (1-10), with one use per line and no explanations.",Towel,Conventional,"Task: List exactly 10 alternative, uncommon uses for the following object. Provide only a numbered list (1-10), with one use per line and no explanations.
Target: Towel
Condition: Be conventional.","1. Picnic blanket
2. Window curtain
3. Furniture cover
4. Floor mat
5. Oven mitt
6. Baby wrap
7. Pet bed
8. Dusting cloth
9. Beach shield
10. Head wrap",gemma-4-31b-it,Floor mat,0.6135941743850708,0.9947368421052631,
google/gemma-4-31b-it,Alternative Uses Task,"List exactly 10 alternative, uncommon uses for the following object. Provide only a numbered list (1-10), with one use per line and no explanations.",Towel,Conventional,"Task: List exactly 10 alternative, uncommon uses for the following object. Provide only a numbered list (1-10), with one use per line and no explanations.
Target: Towel
Condition: Be conventional.","1. Picnic blanket
2. Window curtain
3. Furniture cover
4. Floor mat
5. Oven mitt
6. Baby wrap
7. Pet bed
8. Dusting cloth
9. Beach shield
10. Head wrap",gemma-4-31b-it,Oven mitt,0.6732279658317566,0.9947368421052631,
google/gemma-4-31b-it,Alternative Uses Task,"List exactly 10 alternative, uncommon uses for the following object. Provide only a numbered list (1-10), with one use per line and no explanations.",Towel,Conventional,"Task: List exactly 10 alternative, uncommon uses for the following object. Provide only a numbered list (1-10), with one use per line and no explanations.
Target: Towel
Condition: Be conventional.","1. Picnic blanket
2. Window curtain
3. Furniture cover
4. Floor mat
5. Oven mitt
6. Baby wrap
7. Pet bed
8. Dusting cloth
9. Beach shield
10. Head wrap",gemma-4-31b-it,Baby wrap,0.5717973709106445,0.9947368421052631,
google/gemma-4-31b-it,Alternative Uses Task,"List exactly 10 alternative, uncommon uses for the following object. Provide only a numbered list (1-10), with one use per line and no explanations.",Towel,Conventional,"Task: List exactly 10 alternative, uncommon uses for the following object. Provide only a numbered list (1-10), with one use per line and no explanations.
Target: Towel
Condition: Be conventional.","1. Picnic blanket
2. Window curtain
3. Furniture cover
4. Floor mat
5. Oven mitt
6. Baby wrap
7. Pet bed
8. Dusting cloth
9. Beach shield
10. Head wrap",gemma-4-31b-it,Pet bed,0.8150540590286255,0.9894736842105263,
google/gemma-4-31b-it,Alternative Uses Task,"List exactly 10 alternative, uncommon uses for the following object. Provide only a numbered list (1-10), with one use per line and no explanations.",Towel,Conventional,"Task: List exactly 10 alternative, uncommon uses for the following object. Provide only a numbered list (1-10), with one use per line and no explanations.
Target: Towel
Condition: Be conventional.","1. Picnic blanket
2. Window curtain
3. Furniture cover
4. Floor mat
5. Oven mitt
6. Baby wrap
7. Pet bed
8. Dusting cloth
9. Beach shield
10. Head wrap",gemma-4-31b-it,Dusting cloth,0.4819638729095459,0.9947368421052631,
google/gemma-4-31b-it,Alternative Uses Task,"List exactly 10 alternative, uncommon uses for the following object. Provide only a numbered list (1-10), with one use per line and no explanations.",Towel,Conventional,"Task: List exactly 10 alternative, uncommon uses for the following object. Provide only a numbered list (1-10), with one use per line and no explanations.
Target: Towel
Condition: Be conventional.","1. Picnic blanket
2. Window curtain
3. Furniture cover
4. Floor mat
5. Oven mitt
6. Baby wrap
7. Pet bed
8. Dusting cloth
9. Beach shield
10. Head wrap",gemma-4-31b-it,Beach shield,0.6012153029441833,0.9947368421052631,
google/gemma-4-31b-it,Alternative Uses Task,"List exactly 10 alternative, uncommon uses for the following object. Provide only a numbered list (1-10), with one use per line and no explanations.",Towel,Conventional,"Task: List exactly 10 alternative, uncommon uses for the following object. Provide only a numbered list (1-10), with one use per line and no explanations.
Target: Towel
Condition: Be conventional.","1. Picnic blanket
2. Window curtain
3. Furniture cover
4. Floor mat
5. Oven mitt
6. Baby wrap
7. Pet bed
8. Dusting cloth
9. Beach shield
10. Head wrap",gemma-4-31b-it,Head wrap,0.6594343185424805,0.9947368421052631,
google/gemma-4-31b-it,Alternative Uses Task,"List exactly 10 alternative, uncommon uses for the following object. Provide only a numbered list (1-10), with one use per line and no explanations.",Newspaper,Standard,"Task: List exactly 10 alternative, uncommon uses for the following object. Provide only a numbered list (1-10), with one use per line and no explanations.
Target: Newspaper","1. Window streak cleaner
2. Seed starter pots
3. Shoe deodorizer
4. Ripening fruit accelerator
5. Weed barrier mulch
6. Gift wrap
7. Oil spill absorbent
8. Packing void fill
9. Pet cage liner
10. Fire starter",gemma-4-31b-it,Window streak cleaner,0.896852433681488,0.9835164835164835,
google/gemma-4-31b-it,Alternative Uses Task,"List exactly 10 alternative, uncommon uses for the following object. Provide only a numbered list (1-10), with one use per line and no explanations.",Newspaper,Standard,"Task: List exactly 10 alternative, uncommon uses for the following object. Provide only a numbered list (1-10), with one use per line and no explanations.
Target: Newspaper","1. Window streak cleaner
2. Seed starter pots
3. Shoe deodorizer
4. Ripening fruit accelerator
5. Weed barrier mulch
6. Gift wrap
7. Oil spill absorbent
8. Packing void fill
9. Pet cage liner
10. Fire starter",gemma-4-31b-it,Seed starter pots,0.9752343893051147,0.9835164835164835,
google/gemma-4-31b-it,Alternative Uses Task,"List exactly 10 alternative, uncommon uses for the following object. Provide only a numbered list (1-10), with one use per line and no explanations.",Newspaper,Standard,"Task: List exactly 10 alternative, uncommon uses for the following object. Provide only a numbered list (1-10), with one use per line and no explanations.
Target: Newspaper","1. Window streak cleaner
2. Seed starter pots
3. Shoe deodorizer
4. Ripening fruit accelerator
5. Weed barrier mulch
6. Gift wrap
7. Oil spill absorbent
8. Packing void fill
9. Pet cage liner
10. Fire starter",gemma-4-31b-it,Shoe deodorizer,0.9176123738288879,0.989010989010989,
google/gemma-4-31b-it,Alternative Uses Task,"List exactly 10 alternative, uncommon uses for the following object. Provide only a numbered list (1-10), with one use per line and no explanations.",Newspaper,Standard,"Task: List exactly 10 alternative, uncommon uses for the following object. Provide only a numbered list (1-10), with one use per line and no explanations.
Target: Newspaper","1. Window streak cleaner
2. Seed starter pots
3. Shoe deodorizer
4. Ripening fruit accelerator
5. Weed barrier mulch
6. Gift wrap
7. Oil spill absorbent
8. Packing void fill
9. Pet cage liner
10. Fire starter",gemma-4-31b-it,Ripening fruit accelerator,0.9576069712638855,0.989010989010989,
google/gemma-4-31b-it,Alternative Uses Task,"List exactly 10 alternative, uncommon uses for the following object. Provide only a numbered list (1-10), with one use per line and no explanations.",Newspaper,Standard,"Task: List exactly 10 alternative, uncommon uses for the following object. Provide only a numbered list (1-10), with one use per line and no explanations.
Target: Newspaper","1. Window streak cleaner
2. Seed starter pots
3. Shoe deodorizer
4. Ripening fruit accelerator
5. Weed barrier mulch
6. Gift wrap
7. Oil spill absorbent
8. Packing void fill
9. Pet cage liner
10. Fire starter",gemma-4-31b-it,Weed barrier mulch,0.9243661165237427,0.9945054945054945,
google/gemma-4-31b-it,Alternative Uses Task,"List exactly 10 alternative, uncommon uses for the following object. Provide only a numbered list (1-10), with one use per line and no explanations.",Newspaper,Standard,"Task: List exactly 10 alternative, uncommon uses for the following object. Provide only a numbered list (1-10), with one use per line and no explanations.
Target: Newspaper","1. Window streak cleaner
2. Seed starter pots
3. Shoe deodorizer
4. Ripening fruit accelerator
5. Weed barrier mulch
6. Gift wrap
7. Oil spill absorbent
8. Packing void fill
9. Pet cage liner
10. Fire starter",gemma-4-31b-it,Gift wrap,0.7341112494468689,0.9725274725274725,
google/gemma-4-31b-it,Alternative Uses Task,"List exactly 10 alternative, uncommon uses for the following object. Provide only a numbered list (1-10), with one use per line and no explanations.",Newspaper,Standard,"Task: List exactly 10 alternative, uncommon uses for the following object. Provide only a numbered list (1-10), with one use per line and no explanations.
Target: Newspaper","1. Window streak cleaner
2. Seed starter pots
3. Shoe deodorizer
4. Ripening fruit accelerator
5. Weed barrier mulch
6. Gift wrap
7. Oil spill absorbent
8. Packing void fill
9. Pet cage liner
10. Fire starter",gemma-4-31b-it,Oil spill absorbent,0.886992871761322,0.9945054945054945,
google/gemma-4-31b-it,Alternative Uses Task,"List exactly 10 alternative, uncommon uses for the following object. Provide only a numbered list (1-10), with one use per line and no explanations.",Newspaper,Standard,"Task: List exactly 10 alternative, uncommon uses for the following object. Provide only a numbered list (1-10), with one use per line and no explanations.
Target: Newspaper","1. Window streak cleaner
2. Seed starter pots
3. Shoe deodorizer
4. Ripening fruit accelerator
5. Weed barrier mulch
6. Gift wrap
7. Oil spill absorbent
8. Packing void fill
9. Pet cage liner
10. Fire starter",gemma-4-31b-it,Packing void fill,0.9589999318122864,0.9945054945054945,
google/gemma-4-31b-it,Alternative Uses Task,"List exactly 10 alternative, uncommon uses for the following object. Provide only a numbered list (1-10), with one use per line and no explanations.",Newspaper,Standard,"Task: List exactly 10 alternative, uncommon uses for the following object. Provide only a numbered list (1-10), with one use per line and no explanations.
Target: Newspaper","1. Window streak cleaner
2. Seed starter pots
3. Shoe deodorizer
4. Ripening fruit accelerator
5. Weed barrier mulch
6. Gift wrap
7. Oil spill absorbent
8. Packing void fill
9. Pet cage liner
10. Fire starter",gemma-4-31b-it,Pet cage liner,0.8781498074531555,0.978021978021978,
google/gemma-4-31b-it,Alternative Uses Task,"List exactly 10 alternative, uncommon uses for the following object. Provide only a numbered list (1-10), with one use per line and no explanations.",Newspaper,Standard,"Task: List exactly 10 alternative, uncommon uses for the following object. Provide only a numbered list (1-10), with one use per line and no explanations.
Target: Newspaper","1. Window streak cleaner
2. Seed starter pots
3. Shoe deodorizer
4. Ripening fruit accelerator
5. Weed barrier mulch
6. Gift wrap
7. Oil spill absorbent
8. Packing void fill
9. Pet cage liner
10. Fire starter",gemma-4-31b-it,Fire starter,0.8345575928688049,0.9615384615384616,
google/gemma-4-31b-it,Alternative Uses Task,"List exactly 10 alternative, uncommon uses for the following object. Provide only a numbered list (1-10), with one use per line and no explanations.",Newspaper,Creative,"Task: List exactly 10 alternative, uncommon uses for the following object. Provide only a numbered list (1-10), with one use per line and no explanations.
Target: Newspaper
Condition: Be creative.","1. Window streak remover
2. Seed starter pots
3. Odor absorber for shoes
4. Gift wrap
5. Ripening chamber for fruit
6. Weed barrier for gardening
7. Protective floor covering for painting
8. Pet cage liner
9. Packing material for fragile items
10. Fire starter for campfires",gemma-4-31b-it,Window streak remover,0.9190365672111511,0.9835164835164835,
google/gemma-4-31b-it,Alternative Uses Task,"List exactly 10 alternative, uncommon uses for the following object. Provide only a numbered list (1-10), with one use per line and no explanations.",Newspaper,Creative,"Task: List exactly 10 alternative, uncommon uses for the following object. Provide only a numbered list (1-10), with one use per line and no explanations.
Target: Newspaper
Condition: Be creative.","1. Window streak remover
2. Seed starter pots
3. Odor absorber for shoes
4. Gift wrap
5. Ripening chamber for fruit
6. Weed barrier for gardening
7. Protective floor covering for painting
8. Pet cage liner
9. Packing material for fragile items
10. Fire starter for campfires",gemma-4-31b-it,Seed starter pots,0.97523432970047,0.9835164835164835,
google/gemma-4-31b-it,Alternative Uses Task,"List exactly 10 alternative, uncommon uses for the following object. Provide only a numbered list (1-10), with one use per line and no explanations.",Newspaper,Creative,"Task: List exactly 10 alternative, uncommon uses for the following object. Provide only a numbered list (1-10), with one use per line and no explanations.
Target: Newspaper
Condition: Be creative.","1. Window streak remover
2. Seed starter pots
3. Odor absorber for shoes
4. Gift wrap
5. Ripening chamber for fruit
6. Weed barrier for gardening
7. Protective floor covering for painting
8. Pet cage liner
9. Packing material for fragile items
10. Fire starter for campfires",gemma-4-31b-it,Odor absorber for shoes,0.9286183714866638,0.989010989010989,
google/gemma-4-31b-it,Alternative Uses Task,"List exactly 10 alternative, uncommon uses for the following object. Provide only a numbered list (1-10), with one use per line and no explanations.",Newspaper,Creative,"Task: List exactly 10 alternative, uncommon uses for the following object. Provide only a numbered list (1-10), with one use per line and no explanations.
Target: Newspaper
Condition: Be creative.","1. Window streak remover
2. Seed starter pots
3. Odor absorber for shoes
4. Gift wrap
5. Ripening chamber for fruit
6. Weed barrier for gardening
7. Protective floor covering for painting
8. Pet cage liner
9. Packing material for fragile items
10. Fire starter for campfires",gemma-4-31b-it,Gift wrap,0.7341112494468689,0.9725274725274725,
google/gemma-4-31b-it,Alternative Uses Task,"List exactly 10 alternative, uncommon uses for the following object. Provide only a numbered list (1-10), with one use per line and no explanations.",Newspaper,Creative,"Task: List exactly 10 alternative, uncommon uses for the following object. Provide only a numbered list (1-10), with one use per line and no explanations.
Target: Newspaper
Condition: Be creative.","1. Window streak remover
2. Seed starter pots
3. Odor absorber for shoes
4. Gift wrap
5. Ripening chamber for fruit
6. Weed barrier for gardening
7. Protective floor covering for painting
8. Pet cage liner
9. Packing material for fragile items
10. Fire starter for campfires",gemma-4-31b-it,Ripening chamber for fruit,0.9522013068199158,0.9945054945054945,
google/gemma-4-31b-it,Alternative Uses Task,"List exactly 10 alternative, uncommon uses for the following object. Provide only a numbered list (1-10), with one use per line and no explanations.",Newspaper,Creative,"Task: List exactly 10 alternative, uncommon uses for the following object. Provide only a numbered list (1-10), with one use per line and no explanations.
Target: Newspaper
Condition: Be creative.","1. Window streak remover
2. Seed starter pots
3. Odor absorber for shoes
4. Gift wrap
5. Ripening chamber for fruit
6. Weed barrier for gardening
7. Protective floor covering for painting
8. Pet cage liner
9. Packing material for fragile items
10. Fire starter for campfires",gemma-4-31b-it,Weed barrier for gardening,0.9263793230056763,0.978021978021978,
google/gemma-4-31b-it,Alternative Uses Task,"List exactly 10 alternative, uncommon uses for the following object. Provide only a numbered list (1-10), with one use per line and no explanations.",Newspaper,Creative,"Task: List exactly 10 alternative, uncommon uses for the following object. Provide only a numbered list (1-10), with one use per line and no explanations.
Target: Newspaper
Condition: Be creative.","1. Window streak remover
2. Seed starter pots
3. Odor absorber for shoes
4. Gift wrap
5. Ripening chamber for fruit
6. Weed barrier for gardening
7. Protective floor covering for painting
8. Pet cage liner
9. Packing material for fragile items
10. Fire starter for campfires",gemma-4-31b-it,Protective floor covering for painting,0.9039574265480042,0.9945054945054945,
google/gemma-4-31b-it,Alternative Uses Task,"List exactly 10 alternative, uncommon uses for the following object. Provide only a numbered list (1-10), with one use per line and no explanations.",Newspaper,Creative,"Task: List exactly 10 alternative, uncommon uses for the following object. Provide only a numbered list (1-10), with one use per line and no explanations.
Target: Newspaper
Condition: Be creative.","1. Window streak remover
2. Seed starter pots
3. Odor absorber for shoes
4. Gift wrap
5. Ripening chamber for fruit
6. Weed barrier for gardening
7. Protective floor covering for painting
8. Pet cage liner
9. Packing material for fragile items
10. Fire starter for campfires",gemma-4-31b-it,Pet cage liner,0.8781498074531555,0.978021978021978,
google/gemma-4-31b-it,Alternative Uses Task,"List exactly 10 alternative, uncommon uses for the following object. Provide only a numbered list (1-10), with one use per line and no explanations.",Newspaper,Creative,"Task: List exactly 10 alternative, uncommon uses for the following object. Provide only a numbered list (1-10), with one use per line and no explanations.
Target: Newspaper
Condition: Be creative.","1. Window streak remover
2. Seed starter pots
3. Odor absorber for shoes
4. Gift wrap
5. Ripening chamber for fruit
6. Weed barrier for gardening
7. Protective floor covering for painting
8. Pet cage liner
9. Packing material for fragile items
10. Fire starter for campfires",gemma-4-31b-it,Packing material for fragile items,0.9262713193893433,0.9725274725274725,
google/gemma-4-31b-it,Alternative Uses Task,"List exactly 10 alternative, uncommon uses for the following object. Provide only a numbered list (1-10), with one use per line and no explanations.",Newspaper,Creative,"Task: List exactly 10 alternative, uncommon uses for the following object. Provide only a numbered list (1-10), with one use per line and no explanations.
Target: Newspaper
Condition: Be creative.","1. Window streak remover
2. Seed starter pots
3. Odor absorber for shoes
4. Gift wrap
5. Ripening chamber for fruit
6. Weed barrier for gardening
7. Protective floor covering for painting
8. Pet cage liner
9. Packing material for fragile items
10. Fire starter for campfires",gemma-4-31b-it,Fire starter for campfires,0.9155600666999817,0.978021978021978,
google/gemma-4-31b-it,Alternative Uses Task,"List exactly 10 alternative, uncommon uses for the following object. Provide only a numbered list (1-10), with one use per line and no explanations.",Newspaper,Effective,"Task: List exactly 10 alternative, uncommon uses for the following object. Provide only a numbered list (1-10), with one use per line and no explanations.
Target: Newspaper
Condition: Be effective.","1. Window streak remover
2. Seed starter pots
3. Shoe deodorizer
4. Ripening fruit accelerator
5. Grease absorber for fried foods
6. Weed barrier for gardens
7. Packing material for fragile items
8. Odor absorber for refrigerators
9. Fire starter
10. Pet cage liner",gemma-4-31b-it,Window streak remover,0.9190365672111511,0.9835164835164835,
google/gemma-4-31b-it,Alternative Uses Task,"List exactly 10 alternative, uncommon uses for the following object. Provide only a numbered list (1-10), with one use per line and no explanations.",Newspaper,Effective,"Task: List exactly 10 alternative, uncommon uses for the following object. Provide only a numbered list (1-10), with one use per line and no explanations.
Target: Newspaper
Condition: Be effective.","1. Window streak remover
2. Seed starter pots
3. Shoe deodorizer
4. Ripening fruit accelerator
5. Grease absorber for fried foods
6. Weed barrier for gardens
7. Packing material for fragile items
8. Odor absorber for refrigerators
9. Fire starter
10. Pet cage liner",gemma-4-31b-it,Seed starter pots,0.97523432970047,0.9835164835164835,
google/gemma-4-31b-it,Alternative Uses Task,"List exactly 10 alternative, uncommon uses for the following object. Provide only a numbered list (1-10), with one use per line and no explanations.",Newspaper,Effective,"Task: List exactly 10 alternative, uncommon uses for the following object. Provide only a numbered list (1-10), with one use per line and no explanations.
Target: Newspaper
Condition: Be effective.","1. Window streak remover
2. Seed starter pots
3. Shoe deodorizer
4. Ripening fruit accelerator
5. Grease absorber for fried foods
6. Weed barrier for gardens
7. Packing material for fragile items
8. Odor absorber for refrigerators
9. Fire starter
10. Pet cage liner",gemma-4-31b-it,Shoe deodorizer,0.9176123738288879,0.989010989010989,
google/gemma-4-31b-it,Alternative Uses Task,"List exactly 10 alternative, uncommon uses for the following object. Provide only a numbered list (1-10), with one use per line and no explanations.",Newspaper,Effective,"Task: List exactly 10 alternative, uncommon uses for the following object. Provide only a numbered list (1-10), with one use per line and no explanations.
Target: Newspaper
Condition: Be effective.","1. Window streak remover
2. Seed starter pots
3. Shoe deodorizer
4. Ripening fruit accelerator
5. Grease absorber for fried foods
6. Weed barrier for gardens
7. Packing material for fragile items
8. Odor absorber for refrigerators
9. Fire starter
10. Pet cage liner",gemma-4-31b-it,Ripening fruit accelerator,0.9576069712638855,0.989010989010989,
google/gemma-4-31b-it,Alternative Uses Task,"List exactly 10 alternative, uncommon uses for the following object. Provide only a numbered list (1-10), with one use per line and no explanations.",Newspaper,Effective,"Task: List exactly 10 alternative, uncommon uses for the following object. Provide only a numbered list (1-10), with one use per line and no explanations.
Target: Newspaper
Condition: Be effective.","1. Window streak remover
2. Seed starter pots
3. Shoe deodorizer
4. Ripening fruit accelerator
5. Grease absorber for fried foods
6. Weed barrier for gardens
7. Packing material for fragile items
8. Odor absorber for refrigerators
9. Fire starter
10. Pet cage liner",gemma-4-31b-it,Grease absorber for fried foods,0.9439490437507629,0.9945054945054945,
google/gemma-4-31b-it,Alternative Uses Task,"List exactly 10 alternative, uncommon uses for the following object. Provide only a numbered list (1-10), with one use per line and no explanations.",Newspaper,Effective,"Task: List exactly 10 alternative, uncommon uses for the following object. Provide only a numbered list (1-10), with one use per line and no explanations.
Target: Newspaper
Condition: Be effective.","1. Window streak remover
2. Seed starter pots
3. Shoe deodorizer
4. Ripening fruit accelerator
5. Grease absorber for fried foods
6. Weed barrier for gardens
7. Packing material for fragile items
8. Odor absorber for refrigerators
9. Fire starter
10. Pet cage liner",gemma-4-31b-it,Weed barrier for gardens,0.9305241703987122,0.978021978021978,
google/gemma-4-31b-it,Alternative Uses Task,"List exactly 10 alternative, uncommon uses for the following object. Provide only a numbered list (1-10), with one use per line and no explanations.",Newspaper,Effective,"Task: List exactly 10 alternative, uncommon uses for the following object. Provide only a numbered list (1-10), with one use per line and no explanations.
Target: Newspaper
Condition: Be effective.","1. Window streak remover
2. Seed starter pots
3. Shoe deodorizer
4. Ripening fruit accelerator
5. Grease absorber for fried foods
6. Weed barrier for gardens
7. Packing material for fragile items
8. Odor absorber for refrigerators
9. Fire starter
10. Pet cage liner",gemma-4-31b-it,Packing material for fragile items,0.9262713193893433,0.9725274725274725,
google/gemma-4-31b-it,Alternative Uses Task,"List exactly 10 alternative, uncommon uses for the following object. Provide only a numbered list (1-10), with one use per line and no explanations.",Newspaper,Effective,"Task: List exactly 10 alternative, uncommon uses for the following object. Provide only a numbered list (1-10), with one use per line and no explanations.
Target: Newspaper
Condition: Be effective.","1. Window streak remover
2. Seed starter pots
3. Shoe deodorizer
4. Ripening fruit accelerator
5. Grease absorber for fried foods
6. Weed barrier for gardens
7. Packing material for fragile items
8. Odor absorber for refrigerators
9. Fire starter
10. Pet cage liner",gemma-4-31b-it,Odor absorber for refrigerators,0.9226392507553101,0.9945054945054945,
google/gemma-4-31b-it,Alternative Uses Task,"List exactly 10 alternative, uncommon uses for the following object. Provide only a numbered list (1-10), with one use per line and no explanations.",Newspaper,Effective,"Task: List exactly 10 alternative, uncommon uses for the following object. Provide only a numbered list (1-10), with one use per line and no explanations.
Target: Newspaper
Condition: Be effective.","1. Window streak remover
2. Seed starter pots
3. Shoe deodorizer
4. Ripening fruit accelerator
5. Grease absorber for fried foods
6. Weed barrier for gardens
7. Packing material for fragile items
8. Odor absorber for refrigerators
9. Fire starter
10. Pet cage liner",gemma-4-31b-it,Fire starter,0.8345575928688049,0.9615384615384616,
google/gemma-4-31b-it,Alternative Uses Task,"List exactly 10 alternative, uncommon uses for the following object. Provide only a numbered list (1-10), with one use per line and no explanations.",Newspaper,Effective,"Task: List exactly 10 alternative, uncommon uses for the following object. Provide only a numbered list (1-10), with one use per line and no explanations.
Target: Newspaper
Condition: Be effective.","1. Window streak remover
2. Seed starter pots
3. Shoe deodorizer
4. Ripening fruit accelerator
5. Grease absorber for fried foods
6. Weed barrier for gardens
7. Packing material for fragile items
8. Odor absorber for refrigerators
9. Fire starter
10. Pet cage liner",gemma-4-31b-it,Pet cage liner,0.8781498074531555,0.978021978021978,
google/gemma-4-31b-it,Alternative Uses Task,"List exactly 10 alternative, uncommon uses for the following object. Provide only a numbered list (1-10), with one use per line and no explanations.",Newspaper,Boring,"Task: List exactly 10 alternative, uncommon uses for the following object. Provide only a numbered list (1-10), with one use per line and no explanations.
Target: Newspaper
Condition: Be boring.","1. Window cleaning
2. Ripening fruit
3. Drying shoes
4. Lining a trash bin
5. Packing fragile items
6. Weed suppression
7. Oil absorption
8. Floor protection
9. Fire starting
10. Pet cage lining",gemma-4-31b-it,Window cleaning,0.8507809042930603,0.989010989010989,
google/gemma-4-31b-it,Alternative Uses Task,"List exactly 10 alternative, uncommon uses for the following object. Provide only a numbered list (1-10), with one use per line and no explanations.",Newspaper,Boring,"Task: List exactly 10 alternative, uncommon uses for the following object. Provide only a numbered list (1-10), with one use per line and no explanations.
Target: Newspaper
Condition: Be boring.","1. Window cleaning
2. Ripening fruit
3. Drying shoes
4. Lining a trash bin
5. Packing fragile items
6. Weed suppression
7. Oil absorption
8. Floor protection
9. Fire starting
10. Pet cage lining",gemma-4-31b-it,Ripening fruit,0.9215303659439087,0.989010989010989,
google/gemma-4-31b-it,Alternative Uses Task,"List exactly 10 alternative, uncommon uses for the following object. Provide only a numbered list (1-10), with one use per line and no explanations.",Newspaper,Boring,"Task: List exactly 10 alternative, uncommon uses for the following object. Provide only a numbered list (1-10), with one use per line and no explanations.
Target: Newspaper
Condition: Be boring.","1. Window cleaning
2. Ripening fruit
3. Drying shoes
4. Lining a trash bin
5. Packing fragile items
6. Weed suppression
7. Oil absorption
8. Floor protection
9. Fire starting
10. Pet cage lining",gemma-4-31b-it,Drying shoes,0.9657324552536011,0.9835164835164835,
google/gemma-4-31b-it,Alternative Uses Task,"List exactly 10 alternative, uncommon uses for the following object. Provide only a numbered list (1-10), with one use per line and no explanations.",Newspaper,Boring,"Task: List exactly 10 alternative, uncommon uses for the following object. Provide only a numbered list (1-10), with one use per line and no explanations.
Target: Newspaper
Condition: Be boring.","1. Window cleaning
2. Ripening fruit
3. Drying shoes
4. Lining a trash bin
5. Packing fragile items
6. Weed suppression
7. Oil absorption
8. Floor protection
9. Fire starting
10. Pet cage lining",gemma-4-31b-it,Lining a trash bin,0.8529400825500488,0.9945054945054945,
google/gemma-4-31b-it,Alternative Uses Task,"List exactly 10 alternative, uncommon uses for the following object. Provide only a numbered list (1-10), with one use per line and no explanations.",Newspaper,Boring,"Task: List exactly 10 alternative, uncommon uses for the following object. Provide only a numbered list (1-10), with one use per line and no explanations.
Target: Newspaper
Condition: Be boring.","1. Window cleaning
2. Ripening fruit
3. Drying shoes
4. Lining a trash bin
5. Packing fragile items
6. Weed suppression
7. Oil absorption
8. Floor protection
9. Fire starting
10. Pet cage lining",gemma-4-31b-it,Packing fragile items,0.9437929391860962,0.9725274725274725,
google/gemma-4-31b-it,Alternative Uses Task,"List exactly 10 alternative, uncommon uses for the following object. Provide only a numbered list (1-10), with one use per line and no explanations.",Newspaper,Boring,"Task: List exactly 10 alternative, uncommon uses for the following object. Provide only a numbered list (1-10), with one use per line and no explanations.
Target: Newspaper
Condition: Be boring.","1. Window cleaning
2. Ripening fruit
3. Drying shoes
4. Lining a trash bin
5. Packing fragile items
6. Weed suppression
7. Oil absorption
8. Floor protection
9. Fire starting
10. Pet cage lining",gemma-4-31b-it,Weed suppression,0.85662442445755,0.9945054945054945,
google/gemma-4-31b-it,Alternative Uses Task,"List exactly 10 alternative, uncommon uses for the following object. Provide only a numbered list (1-10), with one use per line and no explanations.",Newspaper,Boring,"Task: List exactly 10 alternative, uncommon uses for the following object. Provide only a numbered list (1-10), with one use per line and no explanations.
Target: Newspaper
Condition: Be boring.","1. Window cleaning
2. Ripening fruit
3. Drying shoes
4. Lining a trash bin
5. Packing fragile items
6. Weed suppression
7. Oil absorption
8. Floor protection
9. Fire starting
10. Pet cage lining",gemma-4-31b-it,Oil absorption,1.0246464014053345,0.9945054945054945,
google/gemma-4-31b-it,Alternative Uses Task,"List exactly 10 alternative, uncommon uses for the following object. Provide only a numbered list (1-10), with one use per line and no explanations.",Newspaper,Boring,"Task: List exactly 10 alternative, uncommon uses for the following object. Provide only a numbered list (1-10), with one use per line and no explanations.
Target: Newspaper
Condition: Be boring.","1. Window cleaning
2. Ripening fruit
3. Drying shoes
4. Lining a trash bin
5. Packing fragile items
6. Weed suppression
7. Oil absorption
8. Floor protection
9. Fire starting
10. Pet cage lining",gemma-4-31b-it,Floor protection,0.9120110273361206,0.9945054945054945,
google/gemma-4-31b-it,Alternative Uses Task,"List exactly 10 alternative, uncommon uses for the following object. Provide only a numbered list (1-10), with one use per line and no explanations.",Newspaper,Boring,"Task: List exactly 10 alternative, uncommon uses for the following object. Provide only a numbered list (1-10), with one use per line and no explanations.
Target: Newspaper
Condition: Be boring.","1. Window cleaning
2. Ripening fruit
3. Drying shoes
4. Lining a trash bin
5. Packing fragile items
6. Weed suppression
7. Oil absorption
8. Floor protection
9. Fire starting
10. Pet cage lining",gemma-4-31b-it,Fire starting,0.9106979966163635,0.9945054945054945,
google/gemma-4-31b-it,Alternative Uses Task,"List exactly 10 alternative, uncommon uses for the following object. Provide only a numbered list (1-10), with one use per line and no explanations.",Newspaper,Boring,"Task: List exactly 10 alternative, uncommon uses for the following object. Provide only a numbered list (1-10), with one use per line and no explanations.
Target: Newspaper
Condition: Be boring.","1. Window cleaning
2. Ripening fruit
3. Drying shoes
4. Lining a trash bin
5. Packing fragile items
6. Weed suppression
7. Oil absorption
8. Floor protection
9. Fire starting
10. Pet cage lining",gemma-4-31b-it,Pet cage lining,0.931994616985321,0.978021978021978,
google/gemma-4-31b-it,Alternative Uses Task,"List exactly 10 alternative, uncommon uses for the following object. Provide only a numbered list (1-10), with one use per line and no explanations.",Newspaper,Conventional,"Task: List exactly 10 alternative, uncommon uses for the following object. Provide only a numbered list (1-10), with one use per line and no explanations.
Target: Newspaper
Condition: Be conventional.","1. Window cleaning
2. Ripening fruit
3. Packing fragile items
4. Lining bird cages
5. Drying wet shoes
6. Weed barrier
7. Fire starter
8. Gift wrapping
9. Oil spill absorption
10. Drawer liners",gemma-4-31b-it,Window cleaning,0.8507809042930603,0.989010989010989,
google/gemma-4-31b-it,Alternative Uses Task,"List exactly 10 alternative, uncommon uses for the following object. Provide only a numbered list (1-10), with one use per line and no explanations.",Newspaper,Conventional,"Task: List exactly 10 alternative, uncommon uses for the following object. Provide only a numbered list (1-10), with one use per line and no explanations.
Target: Newspaper
Condition: Be conventional.","1. Window cleaning
2. Ripening fruit
3. Packing fragile items
4. Lining bird cages
5. Drying wet shoes
6. Weed barrier
7. Fire starter
8. Gift wrapping
9. Oil spill absorption
10. Drawer liners",gemma-4-31b-it,Ripening fruit,0.9215303063392639,0.989010989010989,
google/gemma-4-31b-it,Alternative Uses Task,"List exactly 10 alternative, uncommon uses for the following object. Provide only a numbered list (1-10), with one use per line and no explanations.",Newspaper,Conventional,"Task: List exactly 10 alternative, uncommon uses for the following object. Provide only a numbered list (1-10), with one use per line and no explanations.
Target: Newspaper
Condition: Be conventional.","1. Window cleaning
2. Ripening fruit
3. Packing fragile items
4. Lining bird cages
5. Drying wet shoes
6. Weed barrier
7. Fire starter
8. Gift wrapping
9. Oil spill absorption
10. Drawer liners",gemma-4-31b-it,Packing fragile items,0.9437929391860962,0.9725274725274725,
google/gemma-4-31b-it,Alternative Uses Task,"List exactly 10 alternative, uncommon uses for the following object. Provide only a numbered list (1-10), with one use per line and no explanations.",Newspaper,Conventional,"Task: List exactly 10 alternative, uncommon uses for the following object. Provide only a numbered list (1-10), with one use per line and no explanations.
Target: Newspaper
Condition: Be conventional.","1. Window cleaning
2. Ripening fruit
3. Packing fragile items
4. Lining bird cages
5. Drying wet shoes
6. Weed barrier
7. Fire starter
8. Gift wrapping
9. Oil spill absorption
10. Drawer liners",gemma-4-31b-it,Lining bird cages,0.921422004699707,0.9945054945054945,
google/gemma-4-31b-it,Alternative Uses Task,"List exactly 10 alternative, uncommon uses for the following object. Provide only a numbered list (1-10), with one use per line and no explanations.",Newspaper,Conventional,"Task: List exactly 10 alternative, uncommon uses for the following object. Provide only a numbered list (1-10), with one use per line and no explanations.
Target: Newspaper
Condition: Be conventional.","1. Window cleaning
2. Ripening fruit
3. Packing fragile items
4. Lining bird cages
5. Drying wet shoes
6. Weed barrier
7. Fire starter
8. Gift wrapping
9. Oil spill absorption
10. Drawer liners",gemma-4-31b-it,Drying wet shoes,0.9752222299575806,0.9835164835164835,
google/gemma-4-31b-it,Alternative Uses Task,"List exactly 10 alternative, uncommon uses for the following object. Provide only a numbered list (1-10), with one use per line and no explanations.",Newspaper,Conventional,"Task: List exactly 10 alternative, uncommon uses for the following object. Provide only a numbered list (1-10), with one use per line and no explanations.
Target: Newspaper
Condition: Be conventional.","1. Window cleaning
2. Ripening fruit
3. Packing fragile items
4. Lining bird cages
5. Drying wet shoes
6. Weed barrier
7. Fire starter
8. Gift wrapping
9. Oil spill absorption
10. Drawer liners",gemma-4-31b-it,Weed barrier,0.8533555269241333,0.978021978021978,
google/gemma-4-31b-it,Alternative Uses Task,"List exactly 10 alternative, uncommon uses for the following object. Provide only a numbered list (1-10), with one use per line and no explanations.",Newspaper,Conventional,"Task: List exactly 10 alternative, uncommon uses for the following object. Provide only a numbered list (1-10), with one use per line and no explanations.
Target: Newspaper
Condition: Be conventional.","1. Window cleaning
2. Ripening fruit
3. Packing fragile items
4. Lining bird cages
5. Drying wet shoes
6. Weed barrier
7. Fire starter
8. Gift wrapping
9. Oil spill absorption
10. Drawer liners",gemma-4-31b-it,Fire starter,0.8345576524734497,0.9615384615384616,
google/gemma-4-31b-it,Alternative Uses Task,"List exactly 10 alternative, uncommon uses for the following object. Provide only a numbered list (1-10), with one use per line and no explanations.",Newspaper,Conventional,"Task: List exactly 10 alternative, uncommon uses for the following object. Provide only a numbered list (1-10), with one use per line and no explanations.
Target: Newspaper
Condition: Be conventional.","1. Window cleaning
2. Ripening fruit
3. Packing fragile items
4. Lining bird cages
5. Drying wet shoes
6. Weed barrier
7. Fire starter
8. Gift wrapping
9. Oil spill absorption
10. Drawer liners",gemma-4-31b-it,Gift wrapping,0.7734342813491821,0.9725274725274725,
google/gemma-4-31b-it,Alternative Uses Task,"List exactly 10 alternative, uncommon uses for the following object. Provide only a numbered list (1-10), with one use per line and no explanations.",Newspaper,Conventional,"Task: List exactly 10 alternative, uncommon uses for the following object. Provide only a numbered list (1-10), with one use per line and no explanations.
Target: Newspaper
Condition: Be conventional.","1. Window cleaning
2. Ripening fruit
3. Packing fragile items
4. Lining bird cages
5. Drying wet shoes
6. Weed barrier
7. Fire starter
8. Gift wrapping
9. Oil spill absorption
10. Drawer liners",gemma-4-31b-it,Oil spill absorption,0.9720455408096313,0.9945054945054945,
google/gemma-4-31b-it,Alternative Uses Task,"List exactly 10 alternative, uncommon uses for the following object. Provide only a numbered list (1-10), with one use per line and no explanations.",Newspaper,Conventional,"Task: List exactly 10 alternative, uncommon uses for the following object. Provide only a numbered list (1-10), with one use per line and no explanations.
Target: Newspaper
Condition: Be conventional.","1. Window cleaning
2. Ripening fruit
3. Packing fragile items
4. Lining bird cages
5. Drying wet shoes
6. Weed barrier
7. Fire starter
8. Gift wrapping
9. Oil spill absorption
10. Drawer liners",gemma-4-31b-it,Drawer liners,0.8626482486724854,0.9945054945054945,
openai/gpt-oss-20b,Alternative Uses Task,"List exactly 10 alternative, uncommon uses for the following object. Provide only a numbered list (1-10), with one use per line and no explanations.",Book,Creative,"Task: List exactly 10 alternative, uncommon uses for the following object. Provide only a numbered list (1-10), with one use per line and no explanations.
Target: Book
Condition: Be creative.","
1. Use a thick novel as a makeshift doorstop for a squeaky hinge.  
2. Stack a few journals to create a temporary, low‑profile paperweight for a desk.  
3. Hollow out a hardcover to hold seeds and plant them in a small, sun‑lit window.  
4. Tie a string to a book and hang it from a branch to make a whimsical wind chime.  
5. Place a slim volume under a door frame to create a secret, cushioned entryway.  
6. Use an open textbook as a makeshift lamp shade for a low‑power LED light.  
7. Stack multiple paperback titles to form a small, portable bookshelf that doubles as a wall art piece.  
8. Fill a hollowed book with sand and seal it to craft a small, hand‑held sand clock.  
9. Cut a book into strips and weave them into a lightweight, portable hammock.  
10. Use a thick, unbound manuscript as a protective cover when transporting fragile glassware.",gpt-oss-20b,Use a thick novel as a makeshift doorstop for a squeaky hinge.,0.7075360417366028,0.9944444444444445,
openai/gpt-oss-20b,Alternative Uses Task,"List exactly 10 alternative, uncommon uses for the following object. Provide only a numbered list (1-10), with one use per line and no explanations.",Book,Creative,"Task: List exactly 10 alternative, uncommon uses for the following object. Provide only a numbered list (1-10), with one use per line and no explanations.
Target: Book
Condition: Be creative.","
1. Use a thick novel as a makeshift doorstop for a squeaky hinge.  
2. Stack a few journals to create a temporary, low‑profile paperweight for a desk.  
3. Hollow out a hardcover to hold seeds and plant them in a small, sun‑lit window.  
4. Tie a string to a book and hang it from a branch to make a whimsical wind chime.  
5. Place a slim volume under a door frame to create a secret, cushioned entryway.  
6. Use an open textbook as a makeshift lamp shade for a low‑power LED light.  
7. Stack multiple paperback titles to form a small, portable bookshelf that doubles as a wall art piece.  
8. Fill a hollowed book with sand and seal it to craft a small, hand‑held sand clock.  
9. Cut a book into strips and weave them into a lightweight, portable hammock.  
10. Use a thick, unbound manuscript as a protective cover when transporting fragile glassware.",gpt-oss-20b,"Stack a few journals to create a temporary, low‑profile paperweight for a desk.",0.8032193183898926,0.9944444444444445,
openai/gpt-oss-20b,Alternative Uses Task,"List exactly 10 alternative, uncommon uses for the following object. Provide only a numbered list (1-10), with one use per line and no explanations.",Book,Creative,"Task: List exactly 10 alternative, uncommon uses for the following object. Provide only a numbered list (1-10), with one use per line and no explanations.
Target: Book
Condition: Be creative.","
1. Use a thick novel as a makeshift doorstop for a squeaky hinge.  
2. Stack a few journals to create a temporary, low‑profile paperweight for a desk.  
3. Hollow out a hardcover to hold seeds and plant them in a small, sun‑lit window.  
4. Tie a string to a book and hang it from a branch to make a whimsical wind chime.  
5. Place a slim volume under a door frame to create a secret, cushioned entryway.  
6. Use an open textbook as a makeshift lamp shade for a low‑power LED light.  
7. Stack multiple paperback titles to form a small, portable bookshelf that doubles as a wall art piece.  
8. Fill a hollowed book with sand and seal it to craft a small, hand‑held sand clock.  
9. Cut a book into strips and weave them into a lightweight, portable hammock.  
10. Use a thick, unbound manuscript as a protective cover when transporting fragile glassware.",gpt-oss-20b,"Hollow out a hardcover to hold seeds and plant them in a small, sun‑lit window.",0.7064086198806763,0.9944444444444445,
openai/gpt-oss-20b,Alternative Uses Task,"List exactly 10 alternative, uncommon uses for the following object. Provide only a numbered list (1-10), with one use per line and no explanations.",Book,Creative,"Task: List exactly 10 alternative, uncommon uses for the following object. Provide only a numbered list (1-10), with one use per line and no explanations.
Target: Book
Condition: Be creative.","
1. Use a thick novel as a makeshift doorstop for a squeaky hinge.  
2. Stack a few journals to create a temporary, low‑profile paperweight for a desk.  
3. Hollow out a hardcover to hold seeds and plant them in a small, sun‑lit window.  
4. Tie a string to a book and hang it from a branch to make a whimsical wind chime.  
5. Place a slim volume under a door frame to create a secret, cushioned entryway.  
6. Use an open textbook as a makeshift lamp shade for a low‑power LED light.  
7. Stack multiple paperback titles to form a small, portable bookshelf that doubles as a wall art piece.  
8. Fill a hollowed book with sand and seal it to craft a small, hand‑held sand clock.  
9. Cut a book into strips and weave them into a lightweight, portable hammock.  
10. Use a thick, unbound manuscript as a protective cover when transporting fragile glassware.",gpt-oss-20b,Tie a string to a book and hang it from a branch to make a whimsical wind chime.,0.772075891494751,0.9944444444444445,
openai/gpt-oss-20b,Alternative Uses Task,"List exactly 10 alternative, uncommon uses for the following object. Provide only a numbered list (1-10), with one use per line and no explanations.",Book,Creative,"Task: List exactly 10 alternative, uncommon uses for the following object. Provide only a numbered list (1-10), with one use per line and no explanations.
Target: Book
Condition: Be creative.","
1. Use a thick novel as a makeshift doorstop for a squeaky hinge.  
2. Stack a few journals to create a temporary, low‑profile paperweight for a desk.  
3. Hollow out a hardcover to hold seeds and plant them in a small, sun‑lit window.  
4. Tie a string to a book and hang it from a branch to make a whimsical wind chime.  
5. Place a slim volume under a door frame to create a secret, cushioned entryway.  
6. Use an open textbook as a makeshift lamp shade for a low‑power LED light.  
7. Stack multiple paperback titles to form a small, portable bookshelf that doubles as a wall art piece.  
8. Fill a hollowed book with sand and seal it to craft a small, hand‑held sand clock.  
9. Cut a book into strips and weave them into a lightweight, portable hammock.  
10. Use a thick, unbound manuscript as a protective cover when transporting fragile glassware.",gpt-oss-20b,"Place a slim volume under a door frame to create a secret, cushioned entryway.",0.8702172636985779,0.9944444444444445,
openai/gpt-oss-20b,Alternative Uses Task,"List exactly 10 alternative, uncommon uses for the following object. Provide only a numbered list (1-10), with one use per line and no explanations.",Book,Creative,"Task: List exactly 10 alternative, uncommon uses for the following object. Provide only a numbered list (1-10), with one use per line and no explanations.
Target: Book
Condition: Be creative.","
1. Use a thick novel as a makeshift doorstop for a squeaky hinge.  
2. Stack a few journals to create a temporary, low‑profile paperweight for a desk.  
3. Hollow out a hardcover to hold seeds and plant them in a small, sun‑lit window.  
4. Tie a string to a book and hang it from a branch to make a whimsical wind chime.  
5. Place a slim volume under a door frame to create a secret, cushioned entryway.  
6. Use an open textbook as a makeshift lamp shade for a low‑power LED light.  
7. Stack multiple paperback titles to form a small, portable bookshelf that doubles as a wall art piece.  
8. Fill a hollowed book with sand and seal it to craft a small, hand‑held sand clock.  
9. Cut a book into strips and weave them into a lightweight, portable hammock.  
10. Use a thick, unbound manuscript as a protective cover when transporting fragile glassware.",gpt-oss-20b,Use an open textbook as a makeshift lamp shade for a low‑power LED light.,0.6250615119934082,0.9944444444444445,
openai/gpt-oss-20b,Alternative Uses Task,"List exactly 10 alternative, uncommon uses for the following object. Provide only a numbered list (1-10), with one use per line and no explanations.",Book,Creative,"Task: List exactly 10 alternative, uncommon uses for the following object. Provide only a numbered list (1-10), with one use per line and no explanations.
Target: Book
Condition: Be creative.","
1. Use a thick novel as a makeshift doorstop for a squeaky hinge.  
2. Stack a few journals to create a temporary, low‑profile paperweight for a desk.  
3. Hollow out a hardcover to hold seeds and plant them in a small, sun‑lit window.  
4. Tie a string to a book and hang it from a branch to make a whimsical wind chime.  
5. Place a slim volume under a door frame to create a secret, cushioned entryway.  
6. Use an open textbook as a makeshift lamp shade for a low‑power LED light.  
7. Stack multiple paperback titles to form a small, portable bookshelf that doubles as a wall art piece.  
8. Fill a hollowed book with sand and seal it to craft a small, hand‑held sand clock.  
9. Cut a book into strips and weave them into a lightweight, portable hammock.  
10. Use a thick, unbound manuscript as a protective cover when transporting fragile glassware.",gpt-oss-20b,"Stack multiple paperback titles to form a small, portable bookshelf that doubles as a wall art piece.",0.5910335183143616,0.9944444444444445,
openai/gpt-oss-20b,Alternative Uses Task,"List exactly 10 alternative, uncommon uses for the following object. Provide only a numbered list (1-10), with one use per line and no explanations.",Book,Creative,"Task: List exactly 10 alternative, uncommon uses for the following object. Provide only a numbered list (1-10), with one use per line and no explanations.
Target: Book
Condition: Be creative.","
1. Use a thick novel as a makeshift doorstop for a squeaky hinge.  
2. Stack a few journals to create a temporary, low‑profile paperweight for a desk.  
3. Hollow out a hardcover to hold seeds and plant them in a small, sun‑lit window.  
4. Tie a string to a book and hang it from a branch to make a whimsical wind chime.  
5. Place a slim volume under a door frame to create a secret, cushioned entryway.  
6. Use an open textbook as a makeshift lamp shade for a low‑power LED light.  
7. Stack multiple paperback titles to form a small, portable bookshelf that doubles as a wall art piece.  
8. Fill a hollowed book with sand and seal it to craft a small, hand‑held sand clock.  
9. Cut a book into strips and weave them into a lightweight, portable hammock.  
10. Use a thick, unbound manuscript as a protective cover when transporting fragile glassware.",gpt-oss-20b,"Fill a hollowed book with sand and seal it to craft a small, hand‑held sand clock.",0.724276065826416,0.9944444444444445,
openai/gpt-oss-20b,Alternative Uses Task,"List exactly 10 alternative, uncommon uses for the following object. Provide only a numbered list (1-10), with one use per line and no explanations.",Book,Creative,"Task: List exactly 10 alternative, uncommon uses for the following object. Provide only a numbered list (1-10), with one use per line and no explanations.
Target: Book
Condition: Be creative.","
1. Use a thick novel as a makeshift doorstop for a squeaky hinge.  
2. Stack a few journals to create a temporary, low‑profile paperweight for a desk.  
3. Hollow out a hardcover to hold seeds and plant them in a small, sun‑lit window.  
4. Tie a string to a book and hang it from a branch to make a whimsical wind chime.  
5. Place a slim volume under a door frame to create a secret, cushioned entryway.  
6. Use an open textbook as a makeshift lamp shade for a low‑power LED light.  
7. Stack multiple paperback titles to form a small, portable bookshelf that doubles as a wall art piece.  
8. Fill a hollowed book with sand and seal it to craft a small, hand‑held sand clock.  
9. Cut a book into strips and weave them into a lightweight, portable hammock.  
10. Use a thick, unbound manuscript as a protective cover when transporting fragile glassware.",gpt-oss-20b,"Cut a book into strips and weave them into a lightweight, portable hammock.",0.695297360420227,0.9944444444444445,
openai/gpt-oss-20b,Alternative Uses Task,"List exactly 10 alternative, uncommon uses for the following object. Provide only a numbered list (1-10), with one use per line and no explanations.",Book,Creative,"Task: List exactly 10 alternative, uncommon uses for the following object. Provide only a numbered list (1-10), with one use per line and no explanations.
Target: Book
Condition: Be creative.","
1. Use a thick novel as a makeshift doorstop for a squeaky hinge.  
2. Stack a few journals to create a temporary, low‑profile paperweight for a desk.  
3. Hollow out a hardcover to hold seeds and plant them in a small, sun‑lit window.  
4. Tie a string to a book and hang it from a branch to make a whimsical wind chime.  
5. Place a slim volume under a door frame to create a secret, cushioned entryway.  
6. Use an open textbook as a makeshift lamp shade for a low‑power LED light.  
7. Stack multiple paperback titles to form a small, portable bookshelf that doubles as a wall art piece.  
8. Fill a hollowed book with sand and seal it to craft a small, hand‑held sand clock.  
9. Cut a book into strips and weave them into a lightweight, portable hammock.  
10. Use a thick, unbound manuscript as a protective cover when transporting fragile glassware.",gpt-oss-20b,"Use a thick, unbound manuscript as a protective cover when transporting fragile glassware.",0.7400699853897095,0.9944444444444445,
openai/gpt-oss-20b,Alternative Uses Task,"List exactly 10 alternative, uncommon uses for the following object. Provide only a numbered list (1-10), with one use per line and no explanations.",Book,Boring,"Task: List exactly 10 alternative, uncommon uses for the following object. Provide only a numbered list (1-10), with one use per line and no explanations.
Target: Book
Condition: Be boring.","
1. Use as a doorstop  
2. Use as a paperweight  
3. Use as a makeshift pillow for a brief nap  
4. Use as a bookmark for a different book  
5. Use as a light source when the lights are out (by holding it up to a lamp)  
6. Use as a handweight when exercising  
7. Use as a makeshift weight for a door hinge  
8. Use as a small container for storing loose change  
9. Use as a decorative element on a shelf  
10. Use as a prop for a simple art project.",gpt-oss-20b,Use as a doorstop,0.8710498809814453,0.9888888888888889,
openai/gpt-oss-20b,Alternative Uses Task,"List exactly 10 alternative, uncommon uses for the following object. Provide only a numbered list (1-10), with one use per line and no explanations.",Book,Boring,"Task: List exactly 10 alternative, uncommon uses for the following object. Provide only a numbered list (1-10), with one use per line and no explanations.
Target: Book
Condition: Be boring.","
1. Use as a doorstop  
2. Use as a paperweight  
3. Use as a makeshift pillow for a brief nap  
4. Use as a bookmark for a different book  
5. Use as a light source when the lights are out (by holding it up to a lamp)  
6. Use as a handweight when exercising  
7. Use as a makeshift weight for a door hinge  
8. Use as a small container for storing loose change  
9. Use as a decorative element on a shelf  
10. Use as a prop for a simple art project.",gpt-oss-20b,Use as a paperweight,0.7692626714706421,0.9944444444444445,
openai/gpt-oss-20b,Alternative Uses Task,"List exactly 10 alternative, uncommon uses for the following object. Provide only a numbered list (1-10), with one use per line and no explanations.",Book,Boring,"Task: List exactly 10 alternative, uncommon uses for the following object. Provide only a numbered list (1-10), with one use per line and no explanations.
Target: Book
Condition: Be boring.","
1. Use as a doorstop  
2. Use as a paperweight  
3. Use as a makeshift pillow for a brief nap  
4. Use as a bookmark for a different book  
5. Use as a light source when the lights are out (by holding it up to a lamp)  
6. Use as a handweight when exercising  
7. Use as a makeshift weight for a door hinge  
8. Use as a small container for storing loose change  
9. Use as a decorative element on a shelf  
10. Use as a prop for a simple art project.",gpt-oss-20b,Use as a makeshift pillow for a brief nap,0.8518772125244141,0.9944444444444445,
openai/gpt-oss-20b,Alternative Uses Task,"List exactly 10 alternative, uncommon uses for the following object. Provide only a numbered list (1-10), with one use per line and no explanations.",Book,Boring,"Task: List exactly 10 alternative, uncommon uses for the following object. Provide only a numbered list (1-10), with one use per line and no explanations.
Target: Book
Condition: Be boring.","
1. Use as a doorstop  
2. Use as a paperweight  
3. Use as a makeshift pillow for a brief nap  
4. Use as a bookmark for a different book  
5. Use as a light source when the lights are out (by holding it up to a lamp)  
6. Use as a handweight when exercising  
7. Use as a makeshift weight for a door hinge  
8. Use as a small container for storing loose change  
9. Use as a decorative element on a shelf  
10. Use as a prop for a simple art project.",gpt-oss-20b,Use as a bookmark for a different book,0.5568016767501831,0.9944444444444445,
openai/gpt-oss-20b,Alternative Uses Task,"List exactly 10 alternative, uncommon uses for the following object. Provide only a numbered list (1-10), with one use per line and no explanations.",Book,Boring,"Task: List exactly 10 alternative, uncommon uses for the following object. Provide only a numbered list (1-10), with one use per line and no explanations.
Target: Book
Condition: Be boring.","
1. Use as a doorstop  
2. Use as a paperweight  
3. Use as a makeshift pillow for a brief nap  
4. Use as a bookmark for a different book  
5. Use as a light source when the lights are out (by holding it up to a lamp)  
6. Use as a handweight when exercising  
7. Use as a makeshift weight for a door hinge  
8. Use as a small container for storing loose change  
9. Use as a decorative element on a shelf  
10. Use as a prop for a simple art project.",gpt-oss-20b,Use as a light source when the lights are out (by holding it up to a lamp),0.7649443745613098,0.9944444444444445,
openai/gpt-oss-20b,Alternative Uses Task,"List exactly 10 alternative, uncommon uses for the following object. Provide only a numbered list (1-10), with one use per line and no explanations.",Book,Boring,"Task: List exactly 10 alternative, uncommon uses for the following object. Provide only a numbered list (1-10), with one use per line and no explanations.
Target: Book
Condition: Be boring.","
1. Use as a doorstop  
2. Use as a paperweight  
3. Use as a makeshift pillow for a brief nap  
4. Use as a bookmark for a different book  
5. Use as a light source when the lights are out (by holding it up to a lamp)  
6. Use as a handweight when exercising  
7. Use as a makeshift weight for a door hinge  
8. Use as a small container for storing loose change  
9. Use as a decorative element on a shelf  
10. Use as a prop for a simple art project.",gpt-oss-20b,Use as a handweight when exercising,0.8766034245491028,0.9944444444444445,
openai/gpt-oss-20b,Alternative Uses Task,"List exactly 10 alternative, uncommon uses for the following object. Provide only a numbered list (1-10), with one use per line and no explanations.",Book,Boring,"Task: List exactly 10 alternative, uncommon uses for the following object. Provide only a numbered list (1-10), with one use per line and no explanations.
Target: Book
Condition: Be boring.","
1. Use as a doorstop  
2. Use as a paperweight  
3. Use as a makeshift pillow for a brief nap  
4. Use as a bookmark for a different book  
5. Use as a light source when the lights are out (by holding it up to a lamp)  
6. Use as a handweight when exercising  
7. Use as a makeshift weight for a door hinge  
8. Use as a small container for storing loose change  
9. Use as a decorative element on a shelf  
10. Use as a prop for a simple art project.",gpt-oss-20b,Use as a makeshift weight for a door hinge,0.9040999412536621,0.9944444444444445,
openai/gpt-oss-20b,Alternative Uses Task,"List exactly 10 alternative, uncommon uses for the following object. Provide only a numbered list (1-10), with one use per line and no explanations.",Book,Boring,"Task: List exactly 10 alternative, uncommon uses for the following object. Provide only a numbered list (1-10), with one use per line and no explanations.
Target: Book
Condition: Be boring.","
1. Use as a doorstop  
2. Use as a paperweight  
3. Use as a makeshift pillow for a brief nap  
4. Use as a bookmark for a different book  
5. Use as a light source when the lights are out (by holding it up to a lamp)  
6. Use as a handweight when exercising  
7. Use as a makeshift weight for a door hinge  
8. Use as a small container for storing loose change  
9. Use as a decorative element on a shelf  
10. Use as a prop for a simple art project.",gpt-oss-20b,Use as a small container for storing loose change,0.9029233455657959,0.9944444444444445,
openai/gpt-oss-20b,Alternative Uses Task,"List exactly 10 alternative, uncommon uses for the following object. Provide only a numbered list (1-10), with one use per line and no explanations.",Book,Boring,"Task: List exactly 10 alternative, uncommon uses for the following object. Provide only a numbered list (1-10), with one use per line and no explanations.
Target: Book
Condition: Be boring.","
1. Use as a doorstop  
2. Use as a paperweight  
3. Use as a makeshift pillow for a brief nap  
4. Use as a bookmark for a different book  
5. Use as a light source when the lights are out (by holding it up to a lamp)  
6. Use as a handweight when exercising  
7. Use as a makeshift weight for a door hinge  
8. Use as a small container for storing loose change  
9. Use as a decorative element on a shelf  
10. Use as a prop for a simple art project.",gpt-oss-20b,Use as a decorative element on a shelf,0.7974892258644104,0.9888888888888889,
openai/gpt-oss-20b,Alternative Uses Task,"List exactly 10 alternative, uncommon uses for the following object. Provide only a numbered list (1-10), with one use per line and no explanations.",Book,Boring,"Task: List exactly 10 alternative, uncommon uses for the following object. Provide only a numbered list (1-10), with one use per line and no explanations.
Target: Book
Condition: Be boring.","
1. Use as a doorstop  
2. Use as a paperweight  
3. Use as a makeshift pillow for a brief nap  
4. Use as a bookmark for a different book  
5. Use as a light source when the lights are out (by holding it up to a lamp)  
6. Use as a handweight when exercising  
7. Use as a makeshift weight for a door hinge  
8. Use as a small container for storing loose change  
9. Use as a decorative element on a shelf  
10. Use as a prop for a simple art project.",gpt-oss-20b,Use as a prop for a simple art project.,0.8114566206932068,0.9944444444444445,
openai/gpt-oss-20b,Alternative Uses Task,"List exactly 10 alternative, uncommon uses for the following object. Provide only a numbered list (1-10), with one use per line and no explanations.",Book,Conventional,"Task: List exactly 10 alternative, uncommon uses for the following object. Provide only a numbered list (1-10), with one use per line and no explanations.
Target: Book
Condition: Be conventional.","
1. Doorstop  
2. Paperweight  
3. Bookmark  
4. Coaster  
5. Bookend  
6. Decorative wall display  
7. Floor cushion for a child  
8. Weight in a craft or model  
9. Prop in photography or film  
10. Firestarter (using paper inside)",gpt-oss-20b,Doorstop,0.788390040397644,0.9333333333333333,
openai/gpt-oss-20b,Alternative Uses Task,"List exactly 10 alternative, uncommon uses for the following object. Provide only a numbered list (1-10), with one use per line and no explanations.",Book,Conventional,"Task: List exactly 10 alternative, uncommon uses for the following object. Provide only a numbered list (1-10), with one use per line and no explanations.
Target: Book
Condition: Be conventional.","
1. Doorstop  
2. Paperweight  
3. Bookmark  
4. Coaster  
5. Bookend  
6. Decorative wall display  
7. Floor cushion for a child  
8. Weight in a craft or model  
9. Prop in photography or film  
10. Firestarter (using paper inside)",gpt-oss-20b,Paperweight,0.7166880369186401,0.9444444444444444,
openai/gpt-oss-20b,Alternative Uses Task,"List exactly 10 alternative, uncommon uses for the following object. Provide only a numbered list (1-10), with one use per line and no explanations.",Book,Conventional,"Task: List exactly 10 alternative, uncommon uses for the following object. Provide only a numbered list (1-10), with one use per line and no explanations.
Target: Book
Condition: Be conventional.","
1. Doorstop  
2. Paperweight  
3. Bookmark  
4. Coaster  
5. Bookend  
6. Decorative wall display  
7. Floor cushion for a child  
8. Weight in a craft or model  
9. Prop in photography or film  
10. Firestarter (using paper inside)",gpt-oss-20b,Bookmark,0.5648261308670044,0.9944444444444445,
openai/gpt-oss-20b,Alternative Uses Task,"List exactly 10 alternative, uncommon uses for the following object. Provide only a numbered list (1-10), with one use per line and no explanations.",Book,Conventional,"Task: List exactly 10 alternative, uncommon uses for the following object. Provide only a numbered list (1-10), with one use per line and no explanations.
Target: Book
Condition: Be conventional.","
1. Doorstop  
2. Paperweight  
3. Bookmark  
4. Coaster  
5. Bookend  
6. Decorative wall display  
7. Floor cushion for a child  
8. Weight in a craft or model  
9. Prop in photography or film  
10. Firestarter (using paper inside)",gpt-oss-20b,Coaster,0.8212512731552124,0.9833333333333333,
openai/gpt-oss-20b,Alternative Uses Task,"List exactly 10 alternative, uncommon uses for the following object. Provide only a numbered list (1-10), with one use per line and no explanations.",Book,Conventional,"Task: List exactly 10 alternative, uncommon uses for the following object. Provide only a numbered list (1-10), with one use per line and no explanations.
Target: Book
Condition: Be conventional.","
1. Doorstop  
2. Paperweight  
3. Bookmark  
4. Coaster  
5. Bookend  
6. Decorative wall display  
7. Floor cushion for a child  
8. Weight in a craft or model  
9. Prop in photography or film  
10. Firestarter (using paper inside)",gpt-oss-20b,Bookend,0.4725390672683716,0.9944444444444445,
openai/gpt-oss-20b,Alternative Uses Task,"List exactly 10 alternative, uncommon uses for the following object. Provide only a numbered list (1-10), with one use per line and no explanations.",Book,Conventional,"Task: List exactly 10 alternative, uncommon uses for the following object. Provide only a numbered list (1-10), with one use per line and no explanations.
Target: Book
Condition: Be conventional.","
1. Doorstop  
2. Paperweight  
3. Bookmark  
4. Coaster  
5. Bookend  
6. Decorative wall display  
7. Floor cushion for a child  
8. Weight in a craft or model  
9. Prop in photography or film  
10. Firestarter (using paper inside)",gpt-oss-20b,Decorative wall display,0.8301935791969299,0.9944444444444445,
openai/gpt-oss-20b,Alternative Uses Task,"List exactly 10 alternative, uncommon uses for the following object. Provide only a numbered list (1-10), with one use per line and no explanations.",Book,Conventional,"Task: List exactly 10 alternative, uncommon uses for the following object. Provide only a numbered list (1-10), with one use per line and no explanations.
Target: Book
Condition: Be conventional.","
1. Doorstop  
2. Paperweight  
3. Bookmark  
4. Coaster  
5. Bookend  
6. Decorative wall display  
7. Floor cushion for a child  
8. Weight in a craft or model  
9. Prop in photography or film  
10. Firestarter (using paper inside)",gpt-oss-20b,Floor cushion for a child,0.869240939617157,0.9944444444444445,
openai/gpt-oss-20b,Alternative Uses Task,"List exactly 10 alternative, uncommon uses for the following object. Provide only a numbered list (1-10), with one use per line and no explanations.",Book,Conventional,"Task: List exactly 10 alternative, uncommon uses for the following object. Provide only a numbered list (1-10), with one use per line and no explanations.
Target: Book
Condition: Be conventional.","
1. Doorstop  
2. Paperweight  
3. Bookmark  
4. Coaster  
5. Bookend  
6. Decorative wall display  
7. Floor cushion for a child  
8. Weight in a craft or model  
9. Prop in photography or film  
10. Firestarter (using paper inside)",gpt-oss-20b,Weight in a craft or model,0.9473525881767273,0.9944444444444445,
openai/gpt-oss-20b,Alternative Uses Task,"List exactly 10 alternative, uncommon uses for the following object. Provide only a numbered list (1-10), with one use per line and no explanations.",Book,Conventional,"Task: List exactly 10 alternative, uncommon uses for the following object. Provide only a numbered list (1-10), with one use per line and no explanations.
Target: Book
Condition: Be conventional.","
1. Doorstop  
2. Paperweight  
3. Bookmark  
4. Coaster  
5. Bookend  
6. Decorative wall display  
7. Floor cushion for a child  
8. Weight in a craft or model  
9. Prop in photography or film  
10. Firestarter (using paper inside)",gpt-oss-20b,Prop in photography or film,0.858269214630127,0.9944444444444445,
openai/gpt-oss-20b,Alternative Uses Task,"List exactly 10 alternative, uncommon uses for the following object. Provide only a numbered list (1-10), with one use per line and no explanations.",Book,Conventional,"Task: List exactly 10 alternative, uncommon uses for the following object. Provide only a numbered list (1-10), with one use per line and no explanations.
Target: Book
Condition: Be conventional.","
1. Doorstop  
2. Paperweight  
3. Bookmark  
4. Coaster  
5. Bookend  
6. Decorative wall display  
7. Floor cushion for a child  
8. Weight in a craft or model  
9. Prop in photography or film  
10. Firestarter (using paper inside)",gpt-oss-20b,Firestarter (using paper inside),0.8525727391242981,0.9944444444444445,
openai/gpt-oss-20b,Alternative Uses Task,"List exactly 10 alternative, uncommon uses for the following object. Provide only a numbered list (1-10), with one use per line and no explanations.",Fork,Standard,"Task: List exactly 10 alternative, uncommon uses for the following object. Provide only a numbered list (1-10), with one use per line and no explanations.
Target: Fork","
1. Plant stake for seedlings  
2. Tiny paintbrush for detailed art  
3. Paperclip remover in tight spaces  
4. Makeshift toothpick for dental cleaning  
5. Small grater for spices  
6. Hair tie for small bundles  
7. Keychain for small items  
8. Probe for cleaning electrical contacts  
9. Temporary fishing hook for small fish  
10. Tool to pry open stubborn jar lids",gpt-oss-20b,Plant stake for seedlings,0.8165527582168579,0.995,
openai/gpt-oss-20b,Alternative Uses Task,"List exactly 10 alternative, uncommon uses for the following object. Provide only a numbered list (1-10), with one use per line and no explanations.",Fork,Standard,"Task: List exactly 10 alternative, uncommon uses for the following object. Provide only a numbered list (1-10), with one use per line and no explanations.
Target: Fork","
1. Plant stake for seedlings  
2. Tiny paintbrush for detailed art  
3. Paperclip remover in tight spaces  
4. Makeshift toothpick for dental cleaning  
5. Small grater for spices  
6. Hair tie for small bundles  
7. Keychain for small items  
8. Probe for cleaning electrical contacts  
9. Temporary fishing hook for small fish  
10. Tool to pry open stubborn jar lids",gpt-oss-20b,Tiny paintbrush for detailed art,0.958462119102478,0.995,
openai/gpt-oss-20b,Alternative Uses Task,"List exactly 10 alternative, uncommon uses for the following object. Provide only a numbered list (1-10), with one use per line and no explanations.",Fork,Standard,"Task: List exactly 10 alternative, uncommon uses for the following object. Provide only a numbered list (1-10), with one use per line and no explanations.
Target: Fork","
1. Plant stake for seedlings  
2. Tiny paintbrush for detailed art  
3. Paperclip remover in tight spaces  
4. Makeshift toothpick for dental cleaning  
5. Small grater for spices  
6. Hair tie for small bundles  
7. Keychain for small items  
8. Probe for cleaning electrical contacts  
9. Temporary fishing hook for small fish  
10. Tool to pry open stubborn jar lids",gpt-oss-20b,Paperclip remover in tight spaces,0.9980946779251099,0.995,
openai/gpt-oss-20b,Alternative Uses Task,"List exactly 10 alternative, uncommon uses for the following object. Provide only a numbered list (1-10), with one use per line and no explanations.",Fork,Standard,"Task: List exactly 10 alternative, uncommon uses for the following object. Provide only a numbered list (1-10), with one use per line and no explanations.
Target: Fork","
1. Plant stake for seedlings  
2. Tiny paintbrush for detailed art  
3. Paperclip remover in tight spaces  
4. Makeshift toothpick for dental cleaning  
5. Small grater for spices  
6. Hair tie for small bundles  
7. Keychain for small items  
8. Probe for cleaning electrical contacts  
9. Temporary fishing hook for small fish  
10. Tool to pry open stubborn jar lids",gpt-oss-20b,Makeshift toothpick for dental cleaning,0.7999439239501953,0.995,
openai/gpt-oss-20b,Alternative Uses Task,"List exactly 10 alternative, uncommon uses for the following object. Provide only a numbered list (1-10), with one use per line and no explanations.",Fork,Standard,"Task: List exactly 10 alternative, uncommon uses for the following object. Provide only a numbered list (1-10), with one use per line and no explanations.
Target: Fork","
1. Plant stake for seedlings  
2. Tiny paintbrush for detailed art  
3. Paperclip remover in tight spaces  
4. Makeshift toothpick for dental cleaning  
5. Small grater for spices  
6. Hair tie for small bundles  
7. Keychain for small items  
8. Probe for cleaning electrical contacts  
9. Temporary fishing hook for small fish  
10. Tool to pry open stubborn jar lids",gpt-oss-20b,Small grater for spices,0.7599854469299316,0.995,
openai/gpt-oss-20b,Alternative Uses Task,"List exactly 10 alternative, uncommon uses for the following object. Provide only a numbered list (1-10), with one use per line and no explanations.",Fork,Standard,"Task: List exactly 10 alternative, uncommon uses for the following object. Provide only a numbered list (1-10), with one use per line and no explanations.
Target: Fork","
1. Plant stake for seedlings  
2. Tiny paintbrush for detailed art  
3. Paperclip remover in tight spaces  
4. Makeshift toothpick for dental cleaning  
5. Small grater for spices  
6. Hair tie for small bundles  
7. Keychain for small items  
8. Probe for cleaning electrical contacts  
9. Temporary fishing hook for small fish  
10. Tool to pry open stubborn jar lids",gpt-oss-20b,Hair tie for small bundles,0.9028905630111694,0.995,
openai/gpt-oss-20b,Alternative Uses Task,"List exactly 10 alternative, uncommon uses for the following object. Provide only a numbered list (1-10), with one use per line and no explanations.",Fork,Standard,"Task: List exactly 10 alternative, uncommon uses for the following object. Provide only a numbered list (1-10), with one use per line and no explanations.
Target: Fork","
1. Plant stake for seedlings  
2. Tiny paintbrush for detailed art  
3. Paperclip remover in tight spaces  
4. Makeshift toothpick for dental cleaning  
5. Small grater for spices  
6. Hair tie for small bundles  
7. Keychain for small items  
8. Probe for cleaning electrical contacts  
9. Temporary fishing hook for small fish  
10. Tool to pry open stubborn jar lids",gpt-oss-20b,Keychain for small items,0.9818277955055237,0.995,
openai/gpt-oss-20b,Alternative Uses Task,"List exactly 10 alternative, uncommon uses for the following object. Provide only a numbered list (1-10), with one use per line and no explanations.",Fork,Standard,"Task: List exactly 10 alternative, uncommon uses for the following object. Provide only a numbered list (1-10), with one use per line and no explanations.
Target: Fork","
1. Plant stake for seedlings  
2. Tiny paintbrush for detailed art  
3. Paperclip remover in tight spaces  
4. Makeshift toothpick for dental cleaning  
5. Small grater for spices  
6. Hair tie for small bundles  
7. Keychain for small items  
8. Probe for cleaning electrical contacts  
9. Temporary fishing hook for small fish  
10. Tool to pry open stubborn jar lids",gpt-oss-20b,Probe for cleaning electrical contacts,0.9644986391067505,0.995,
openai/gpt-oss-20b,Alternative Uses Task,"List exactly 10 alternative, uncommon uses for the following object. Provide only a numbered list (1-10), with one use per line and no explanations.",Fork,Standard,"Task: List exactly 10 alternative, uncommon uses for the following object. Provide only a numbered list (1-10), with one use per line and no explanations.
Target: Fork","
1. Plant stake for seedlings  
2. Tiny paintbrush for detailed art  
3. Paperclip remover in tight spaces  
4. Makeshift toothpick for dental cleaning  
5. Small grater for spices  
6. Hair tie for small bundles  
7. Keychain for small items  
8. Probe for cleaning electrical contacts  
9. Temporary fishing hook for small fish  
10. Tool to pry open stubborn jar lids",gpt-oss-20b,Temporary fishing hook for small fish,0.7545730471611023,0.99,
openai/gpt-oss-20b,Alternative Uses Task,"List exactly 10 alternative, uncommon uses for the following object. Provide only a numbered list (1-10), with one use per line and no explanations.",Fork,Standard,"Task: List exactly 10 alternative, uncommon uses for the following object. Provide only a numbered list (1-10), with one use per line and no explanations.
Target: Fork","
1. Plant stake for seedlings  
2. Tiny paintbrush for detailed art  
3. Paperclip remover in tight spaces  
4. Makeshift toothpick for dental cleaning  
5. Small grater for spices  
6. Hair tie for small bundles  
7. Keychain for small items  
8. Probe for cleaning electrical contacts  
9. Temporary fishing hook for small fish  
10. Tool to pry open stubborn jar lids",gpt-oss-20b,Tool to pry open stubborn jar lids,0.8708581328392029,0.995,
openai/gpt-oss-20b,Alternative Uses Task,"List exactly 10 alternative, uncommon uses for the following object. Provide only a numbered list (1-10), with one use per line and no explanations.",Fork,Creative,"Task: List exactly 10 alternative, uncommon uses for the following object. Provide only a numbered list (1-10), with one use per line and no explanations.
Target: Fork
Condition: Be creative.","
1. Using the tines as a makeshift rake to gather fallen leaves  
2. Employing the fork as a lever to pry open a stubborn jar lid  
3. Using the fork to stir thick paint or dough when no brush is available  
4. Attaching a small magnet to the fork’s handle to pull metal debris from a stream  
5. Using the fork’s tines to create a simple compass needle by attaching a magnetized steel point  
6. Leveraging the fork as a paperweight for a stack of documents in a drafty room  
7. Using the fork to gently tease hair away from a tangled knot during a quick cleanup  
8. Employing the fork to prop up a plant pot on a slanted surface for better sunlight exposure  
9. Using the fork to create a temporary fishing hook by bending a single tine and attaching a line  
10. Utilizing the fork to press a small seed into soil for quick germination in a garden patch",gpt-oss-20b,Using the tines as a makeshift rake to gather fallen leaves,0.7545927166938782,0.995,
openai/gpt-oss-20b,Alternative Uses Task,"List exactly 10 alternative, uncommon uses for the following object. Provide only a numbered list (1-10), with one use per line and no explanations.",Fork,Creative,"Task: List exactly 10 alternative, uncommon uses for the following object. Provide only a numbered list (1-10), with one use per line and no explanations.
Target: Fork
Condition: Be creative.","
1. Using the tines as a makeshift rake to gather fallen leaves  
2. Employing the fork as a lever to pry open a stubborn jar lid  
3. Using the fork to stir thick paint or dough when no brush is available  
4. Attaching a small magnet to the fork’s handle to pull metal debris from a stream  
5. Using the fork’s tines to create a simple compass needle by attaching a magnetized steel point  
6. Leveraging the fork as a paperweight for a stack of documents in a drafty room  
7. Using the fork to gently tease hair away from a tangled knot during a quick cleanup  
8. Employing the fork to prop up a plant pot on a slanted surface for better sunlight exposure  
9. Using the fork to create a temporary fishing hook by bending a single tine and attaching a line  
10. Utilizing the fork to press a small seed into soil for quick germination in a garden patch",gpt-oss-20b,Employing the fork as a lever to pry open a stubborn jar lid,0.5755879282951355,0.995,
openai/gpt-oss-20b,Alternative Uses Task,"List exactly 10 alternative, uncommon uses for the following object. Provide only a numbered list (1-10), with one use per line and no explanations.",Fork,Creative,"Task: List exactly 10 alternative, uncommon uses for the following object. Provide only a numbered list (1-10), with one use per line and no explanations.
Target: Fork
Condition: Be creative.","
1. Using the tines as a makeshift rake to gather fallen leaves  
2. Employing the fork as a lever to pry open a stubborn jar lid  
3. Using the fork to stir thick paint or dough when no brush is available  
4. Attaching a small magnet to the fork’s handle to pull metal debris from a stream  
5. Using the fork’s tines to create a simple compass needle by attaching a magnetized steel point  
6. Leveraging the fork as a paperweight for a stack of documents in a drafty room  
7. Using the fork to gently tease hair away from a tangled knot during a quick cleanup  
8. Employing the fork to prop up a plant pot on a slanted surface for better sunlight exposure  
9. Using the fork to create a temporary fishing hook by bending a single tine and attaching a line  
10. Utilizing the fork to press a small seed into soil for quick germination in a garden patch",gpt-oss-20b,Using the fork to stir thick paint or dough when no brush is available,0.6073476076126099,0.995,
openai/gpt-oss-20b,Alternative Uses Task,"List exactly 10 alternative, uncommon uses for the following object. Provide only a numbered list (1-10), with one use per line and no explanations.",Fork,Creative,"Task: List exactly 10 alternative, uncommon uses for the following object. Provide only a numbered list (1-10), with one use per line and no explanations.
Target: Fork
Condition: Be creative.","
1. Using the tines as a makeshift rake to gather fallen leaves  
2. Employing the fork as a lever to pry open a stubborn jar lid  
3. Using the fork to stir thick paint or dough when no brush is available  
4. Attaching a small magnet to the fork’s handle to pull metal debris from a stream  
5. Using the fork’s tines to create a simple compass needle by attaching a magnetized steel point  
6. Leveraging the fork as a paperweight for a stack of documents in a drafty room  
7. Using the fork to gently tease hair away from a tangled knot during a quick cleanup  
8. Employing the fork to prop up a plant pot on a slanted surface for better sunlight exposure  
9. Using the fork to create a temporary fishing hook by bending a single tine and attaching a line  
10. Utilizing the fork to press a small seed into soil for quick germination in a garden patch",gpt-oss-20b,Attaching a small magnet to the fork’s handle to pull metal debris from a stream,0.6433209180831909,0.995,
openai/gpt-oss-20b,Alternative Uses Task,"List exactly 10 alternative, uncommon uses for the following object. Provide only a numbered list (1-10), with one use per line and no explanations.",Fork,Creative,"Task: List exactly 10 alternative, uncommon uses for the following object. Provide only a numbered list (1-10), with one use per line and no explanations.
Target: Fork
Condition: Be creative.","
1. Using the tines as a makeshift rake to gather fallen leaves  
2. Employing the fork as a lever to pry open a stubborn jar lid  
3. Using the fork to stir thick paint or dough when no brush is available  
4. Attaching a small magnet to the fork’s handle to pull metal debris from a stream  
5. Using the fork’s tines to create a simple compass needle by attaching a magnetized steel point  
6. Leveraging the fork as a paperweight for a stack of documents in a drafty room  
7. Using the fork to gently tease hair away from a tangled knot during a quick cleanup  
8. Employing the fork to prop up a plant pot on a slanted surface for better sunlight exposure  
9. Using the fork to create a temporary fishing hook by bending a single tine and attaching a line  
10. Utilizing the fork to press a small seed into soil for quick germination in a garden patch",gpt-oss-20b,Using the fork’s tines to create a simple compass needle by attaching a magnetized steel point,0.6271414756774902,0.995,
openai/gpt-oss-20b,Alternative Uses Task,"List exactly 10 alternative, uncommon uses for the following object. Provide only a numbered list (1-10), with one use per line and no explanations.",Fork,Creative,"Task: List exactly 10 alternative, uncommon uses for the following object. Provide only a numbered list (1-10), with one use per line and no explanations.
Target: Fork
Condition: Be creative.","
1. Using the tines as a makeshift rake to gather fallen leaves  
2. Employing the fork as a lever to pry open a stubborn jar lid  
3. Using the fork to stir thick paint or dough when no brush is available  
4. Attaching a small magnet to the fork’s handle to pull metal debris from a stream  
5. Using the fork’s tines to create a simple compass needle by attaching a magnetized steel point  
6. Leveraging the fork as a paperweight for a stack of documents in a drafty room  
7. Using the fork to gently tease hair away from a tangled knot during a quick cleanup  
8. Employing the fork to prop up a plant pot on a slanted surface for better sunlight exposure  
9. Using the fork to create a temporary fishing hook by bending a single tine and attaching a line  
10. Utilizing the fork to press a small seed into soil for quick germination in a garden patch",gpt-oss-20b,Leveraging the fork as a paperweight for a stack of documents in a drafty room,0.611292839050293,0.995,
openai/gpt-oss-20b,Alternative Uses Task,"List exactly 10 alternative, uncommon uses for the following object. Provide only a numbered list (1-10), with one use per line and no explanations.",Fork,Creative,"Task: List exactly 10 alternative, uncommon uses for the following object. Provide only a numbered list (1-10), with one use per line and no explanations.
Target: Fork
Condition: Be creative.","
1. Using the tines as a makeshift rake to gather fallen leaves  
2. Employing the fork as a lever to pry open a stubborn jar lid  
3. Using the fork to stir thick paint or dough when no brush is available  
4. Attaching a small magnet to the fork’s handle to pull metal debris from a stream  
5. Using the fork’s tines to create a simple compass needle by attaching a magnetized steel point  
6. Leveraging the fork as a paperweight for a stack of documents in a drafty room  
7. Using the fork to gently tease hair away from a tangled knot during a quick cleanup  
8. Employing the fork to prop up a plant pot on a slanted surface for better sunlight exposure  
9. Using the fork to create a temporary fishing hook by bending a single tine and attaching a line  
10. Utilizing the fork to press a small seed into soil for quick germination in a garden patch",gpt-oss-20b,Using the fork to gently tease hair away from a tangled knot during a quick cleanup,0.5519548654556274,0.995,
openai/gpt-oss-20b,Alternative Uses Task,"List exactly 10 alternative, uncommon uses for the following object. Provide only a numbered list (1-10), with one use per line and no explanations.",Fork,Creative,"Task: List exactly 10 alternative, uncommon uses for the following object. Provide only a numbered list (1-10), with one use per line and no explanations.
Target: Fork
Condition: Be creative.","
1. Using the tines as a makeshift rake to gather fallen leaves  
2. Employing the fork as a lever to pry open a stubborn jar lid  
3. Using the fork to stir thick paint or dough when no brush is available  
4. Attaching a small magnet to the fork’s handle to pull metal debris from a stream  
5. Using the fork’s tines to create a simple compass needle by attaching a magnetized steel point  
6. Leveraging the fork as a paperweight for a stack of documents in a drafty room  
7. Using the fork to gently tease hair away from a tangled knot during a quick cleanup  
8. Employing the fork to prop up a plant pot on a slanted surface for better sunlight exposure  
9. Using the fork to create a temporary fishing hook by bending a single tine and attaching a line  
10. Utilizing the fork to press a small seed into soil for quick germination in a garden patch",gpt-oss-20b,Employing the fork to prop up a plant pot on a slanted surface for better sunlight exposure,0.6129472851753235,0.995,
openai/gpt-oss-20b,Alternative Uses Task,"List exactly 10 alternative, uncommon uses for the following object. Provide only a numbered list (1-10), with one use per line and no explanations.",Fork,Creative,"Task: List exactly 10 alternative, uncommon uses for the following object. Provide only a numbered list (1-10), with one use per line and no explanations.
Target: Fork
Condition: Be creative.","
1. Using the tines as a makeshift rake to gather fallen leaves  
2. Employing the fork as a lever to pry open a stubborn jar lid  
3. Using the fork to stir thick paint or dough when no brush is available  
4. Attaching a small magnet to the fork’s handle to pull metal debris from a stream  
5. Using the fork’s tines to create a simple compass needle by attaching a magnetized steel point  
6. Leveraging the fork as a paperweight for a stack of documents in a drafty room  
7. Using the fork to gently tease hair away from a tangled knot during a quick cleanup  
8. Employing the fork to prop up a plant pot on a slanted surface for better sunlight exposure  
9. Using the fork to create a temporary fishing hook by bending a single tine and attaching a line  
10. Utilizing the fork to press a small seed into soil for quick germination in a garden patch",gpt-oss-20b,Using the fork to create a temporary fishing hook by bending a single tine and attaching a line,0.5151216387748718,0.995,
openai/gpt-oss-20b,Alternative Uses Task,"List exactly 10 alternative, uncommon uses for the following object. Provide only a numbered list (1-10), with one use per line and no explanations.",Fork,Creative,"Task: List exactly 10 alternative, uncommon uses for the following object. Provide only a numbered list (1-10), with one use per line and no explanations.
Target: Fork
Condition: Be creative.","
1. Using the tines as a makeshift rake to gather fallen leaves  
2. Employing the fork as a lever to pry open a stubborn jar lid  
3. Using the fork to stir thick paint or dough when no brush is available  
4. Attaching a small magnet to the fork’s handle to pull metal debris from a stream  
5. Using the fork’s tines to create a simple compass needle by attaching a magnetized steel point  
6. Leveraging the fork as a paperweight for a stack of documents in a drafty room  
7. Using the fork to gently tease hair away from a tangled knot during a quick cleanup  
8. Employing the fork to prop up a plant pot on a slanted surface for better sunlight exposure  
9. Using the fork to create a temporary fishing hook by bending a single tine and attaching a line  
10. Utilizing the fork to press a small seed into soil for quick germination in a garden patch",gpt-oss-20b,Utilizing the fork to press a small seed into soil for quick germination in a garden patch,0.5732368230819702,0.995,
openai/gpt-oss-20b,Alternative Uses Task,"List exactly 10 alternative, uncommon uses for the following object. Provide only a numbered list (1-10), with one use per line and no explanations.",Fork,Effective,"Task: List exactly 10 alternative, uncommon uses for the following object. Provide only a numbered list (1-10), with one use per line and no explanations.
Target: Fork
Condition: Be effective.","
1. Use as small tongs for handling hot metal or grill items.  
2. Use as a makeshift screwdriver for small Phillips screws.  
3. Thread keys through the prongs to keep them from getting lost.  
4. Hollow the handle to create a tiny planter for a seedling.  
5. Use the prongs as a hair comb for detangling curls.  
6. Scrape off thin layers of paint or wallpaper with the prongs.  
7. Measure tiny liquid volumes (e.g., essential oils) by filling one prong.  
8. Attach a fishing line to a prong to create a simple fish hook.  
9. Use the fork as a lever to pry open a stuck jar lid.  
10. Carve delicate designs into snow or ice with the prongs.",gpt-oss-20b,Use as small tongs for handling hot metal or grill items.,0.7321966886520386,0.995,
openai/gpt-oss-20b,Alternative Uses Task,"List exactly 10 alternative, uncommon uses for the following object. Provide only a numbered list (1-10), with one use per line and no explanations.",Fork,Effective,"Task: List exactly 10 alternative, uncommon uses for the following object. Provide only a numbered list (1-10), with one use per line and no explanations.
Target: Fork
Condition: Be effective.","
1. Use as small tongs for handling hot metal or grill items.  
2. Use as a makeshift screwdriver for small Phillips screws.  
3. Thread keys through the prongs to keep them from getting lost.  
4. Hollow the handle to create a tiny planter for a seedling.  
5. Use the prongs as a hair comb for detangling curls.  
6. Scrape off thin layers of paint or wallpaper with the prongs.  
7. Measure tiny liquid volumes (e.g., essential oils) by filling one prong.  
8. Attach a fishing line to a prong to create a simple fish hook.  
9. Use the fork as a lever to pry open a stuck jar lid.  
10. Carve delicate designs into snow or ice with the prongs.",gpt-oss-20b,Use as a makeshift screwdriver for small Phillips screws.,0.8340553641319275,0.985,
openai/gpt-oss-20b,Alternative Uses Task,"List exactly 10 alternative, uncommon uses for the following object. Provide only a numbered list (1-10), with one use per line and no explanations.",Fork,Effective,"Task: List exactly 10 alternative, uncommon uses for the following object. Provide only a numbered list (1-10), with one use per line and no explanations.
Target: Fork
Condition: Be effective.","
1. Use as small tongs for handling hot metal or grill items.  
2. Use as a makeshift screwdriver for small Phillips screws.  
3. Thread keys through the prongs to keep them from getting lost.  
4. Hollow the handle to create a tiny planter for a seedling.  
5. Use the prongs as a hair comb for detangling curls.  
6. Scrape off thin layers of paint or wallpaper with the prongs.  
7. Measure tiny liquid volumes (e.g., essential oils) by filling one prong.  
8. Attach a fishing line to a prong to create a simple fish hook.  
9. Use the fork as a lever to pry open a stuck jar lid.  
10. Carve delicate designs into snow or ice with the prongs.",gpt-oss-20b,Thread keys through the prongs to keep them from getting lost.,0.8081817626953125,0.995,
openai/gpt-oss-20b,Alternative Uses Task,"List exactly 10 alternative, uncommon uses for the following object. Provide only a numbered list (1-10), with one use per line and no explanations.",Fork,Effective,"Task: List exactly 10 alternative, uncommon uses for the following object. Provide only a numbered list (1-10), with one use per line and no explanations.
Target: Fork
Condition: Be effective.","
1. Use as small tongs for handling hot metal or grill items.  
2. Use as a makeshift screwdriver for small Phillips screws.  
3. Thread keys through the prongs to keep them from getting lost.  
4. Hollow the handle to create a tiny planter for a seedling.  
5. Use the prongs as a hair comb for detangling curls.  
6. Scrape off thin layers of paint or wallpaper with the prongs.  
7. Measure tiny liquid volumes (e.g., essential oils) by filling one prong.  
8. Attach a fishing line to a prong to create a simple fish hook.  
9. Use the fork as a lever to pry open a stuck jar lid.  
10. Carve delicate designs into snow or ice with the prongs.",gpt-oss-20b,Hollow the handle to create a tiny planter for a seedling.,0.6824021339416504,0.995,
openai/gpt-oss-20b,Alternative Uses Task,"List exactly 10 alternative, uncommon uses for the following object. Provide only a numbered list (1-10), with one use per line and no explanations.",Fork,Effective,"Task: List exactly 10 alternative, uncommon uses for the following object. Provide only a numbered list (1-10), with one use per line and no explanations.
Target: Fork
Condition: Be effective.","
1. Use as small tongs for handling hot metal or grill items.  
2. Use as a makeshift screwdriver for small Phillips screws.  
3. Thread keys through the prongs to keep them from getting lost.  
4. Hollow the handle to create a tiny planter for a seedling.  
5. Use the prongs as a hair comb for detangling curls.  
6. Scrape off thin layers of paint or wallpaper with the prongs.  
7. Measure tiny liquid volumes (e.g., essential oils) by filling one prong.  
8. Attach a fishing line to a prong to create a simple fish hook.  
9. Use the fork as a lever to pry open a stuck jar lid.  
10. Carve delicate designs into snow or ice with the prongs.",gpt-oss-20b,Use the prongs as a hair comb for detangling curls.,0.7569445371627808,0.995,
openai/gpt-oss-20b,Alternative Uses Task,"List exactly 10 alternative, uncommon uses for the following object. Provide only a numbered list (1-10), with one use per line and no explanations.",Fork,Effective,"Task: List exactly 10 alternative, uncommon uses for the following object. Provide only a numbered list (1-10), with one use per line and no explanations.
Target: Fork
Condition: Be effective.","
1. Use as small tongs for handling hot metal or grill items.  
2. Use as a makeshift screwdriver for small Phillips screws.  
3. Thread keys through the prongs to keep them from getting lost.  
4. Hollow the handle to create a tiny planter for a seedling.  
5. Use the prongs as a hair comb for detangling curls.  
6. Scrape off thin layers of paint or wallpaper with the prongs.  
7. Measure tiny liquid volumes (e.g., essential oils) by filling one prong.  
8. Attach a fishing line to a prong to create a simple fish hook.  
9. Use the fork as a lever to pry open a stuck jar lid.  
10. Carve delicate designs into snow or ice with the prongs.",gpt-oss-20b,Scrape off thin layers of paint or wallpaper with the prongs.,0.8801320195198059,0.995,
openai/gpt-oss-20b,Alternative Uses Task,"List exactly 10 alternative, uncommon uses for the following object. Provide only a numbered list (1-10), with one use per line and no explanations.",Fork,Effective,"Task: List exactly 10 alternative, uncommon uses for the following object. Provide only a numbered list (1-10), with one use per line and no explanations.
Target: Fork
Condition: Be effective.","
1. Use as small tongs for handling hot metal or grill items.  
2. Use as a makeshift screwdriver for small Phillips screws.  
3. Thread keys through the prongs to keep them from getting lost.  
4. Hollow the handle to create a tiny planter for a seedling.  
5. Use the prongs as a hair comb for detangling curls.  
6. Scrape off thin layers of paint or wallpaper with the prongs.  
7. Measure tiny liquid volumes (e.g., essential oils) by filling one prong.  
8. Attach a fishing line to a prong to create a simple fish hook.  
9. Use the fork as a lever to pry open a stuck jar lid.  
10. Carve delicate designs into snow or ice with the prongs.",gpt-oss-20b,"Measure tiny liquid volumes (e.g., essential oils) by filling one prong.",0.855053186416626,0.995,
openai/gpt-oss-20b,Alternative Uses Task,"List exactly 10 alternative, uncommon uses for the following object. Provide only a numbered list (1-10), with one use per line and no explanations.",Fork,Effective,"Task: List exactly 10 alternative, uncommon uses for the following object. Provide only a numbered list (1-10), with one use per line and no explanations.
Target: Fork
Condition: Be effective.","
1. Use as small tongs for handling hot metal or grill items.  
2. Use as a makeshift screwdriver for small Phillips screws.  
3. Thread keys through the prongs to keep them from getting lost.  
4. Hollow the handle to create a tiny planter for a seedling.  
5. Use the prongs as a hair comb for detangling curls.  
6. Scrape off thin layers of paint or wallpaper with the prongs.  
7. Measure tiny liquid volumes (e.g., essential oils) by filling one prong.  
8. Attach a fishing line to a prong to create a simple fish hook.  
9. Use the fork as a lever to pry open a stuck jar lid.  
10. Carve delicate designs into snow or ice with the prongs.",gpt-oss-20b,Attach a fishing line to a prong to create a simple fish hook.,0.6946105360984802,0.995,
openai/gpt-oss-20b,Alternative Uses Task,"List exactly 10 alternative, uncommon uses for the following object. Provide only a numbered list (1-10), with one use per line and no explanations.",Fork,Effective,"Task: List exactly 10 alternative, uncommon uses for the following object. Provide only a numbered list (1-10), with one use per line and no explanations.
Target: Fork
Condition: Be effective.","
1. Use as small tongs for handling hot metal or grill items.  
2. Use as a makeshift screwdriver for small Phillips screws.  
3. Thread keys through the prongs to keep them from getting lost.  
4. Hollow the handle to create a tiny planter for a seedling.  
5. Use the prongs as a hair comb for detangling curls.  
6. Scrape off thin layers of paint or wallpaper with the prongs.  
7. Measure tiny liquid volumes (e.g., essential oils) by filling one prong.  
8. Attach a fishing line to a prong to create a simple fish hook.  
9. Use the fork as a lever to pry open a stuck jar lid.  
10. Carve delicate designs into snow or ice with the prongs.",gpt-oss-20b,Use the fork as a lever to pry open a stuck jar lid.,0.4322008490562439,0.995,
openai/gpt-oss-20b,Alternative Uses Task,"List exactly 10 alternative, uncommon uses for the following object. Provide only a numbered list (1-10), with one use per line and no explanations.",Fork,Effective,"Task: List exactly 10 alternative, uncommon uses for the following object. Provide only a numbered list (1-10), with one use per line and no explanations.
Target: Fork
Condition: Be effective.","
1. Use as small tongs for handling hot metal or grill items.  
2. Use as a makeshift screwdriver for small Phillips screws.  
3. Thread keys through the prongs to keep them from getting lost.  
4. Hollow the handle to create a tiny planter for a seedling.  
5. Use the prongs as a hair comb for detangling curls.  
6. Scrape off thin layers of paint or wallpaper with the prongs.  
7. Measure tiny liquid volumes (e.g., essential oils) by filling one prong.  
8. Attach a fishing line to a prong to create a simple fish hook.  
9. Use the fork as a lever to pry open a stuck jar lid.  
10. Carve delicate designs into snow or ice with the prongs.",gpt-oss-20b,Carve delicate designs into snow or ice with the prongs.,0.798632025718689,0.995,
openai/gpt-oss-20b,Alternative Uses Task,"List exactly 10 alternative, uncommon uses for the following object. Provide only a numbered list (1-10), with one use per line and no explanations.",Fork,Boring,"Task: List exactly 10 alternative, uncommon uses for the following object. Provide only a numbered list (1-10), with one use per line and no explanations.
Target: Fork
Condition: Be boring.","
1. Use as a makeshift paperclip holder  
2. Use as a temporary stand for a phone  
3. Use as a tool to stir coffee  
4. Use as a simple weight for a paper airplane  
5. Use as a prop to measure height of plants  
6. Use as a key holder on a hook  
7. Use as a hairpin for simple hairstyles  
8. Use as a makeshift screwdriver for small screws  
9. Use as a decorative table centerpiece  
10. Use as a tool to pick up small beads",gpt-oss-20b,Use as a makeshift paperclip holder,0.8338724374771118,0.995,
openai/gpt-oss-20b,Alternative Uses Task,"List exactly 10 alternative, uncommon uses for the following object. Provide only a numbered list (1-10), with one use per line and no explanations.",Fork,Boring,"Task: List exactly 10 alternative, uncommon uses for the following object. Provide only a numbered list (1-10), with one use per line and no explanations.
Target: Fork
Condition: Be boring.","
1. Use as a makeshift paperclip holder  
2. Use as a temporary stand for a phone  
3. Use as a tool to stir coffee  
4. Use as a simple weight for a paper airplane  
5. Use as a prop to measure height of plants  
6. Use as a key holder on a hook  
7. Use as a hairpin for simple hairstyles  
8. Use as a makeshift screwdriver for small screws  
9. Use as a decorative table centerpiece  
10. Use as a tool to pick up small beads",gpt-oss-20b,Use as a temporary stand for a phone,0.8897188305854797,0.985,
openai/gpt-oss-20b,Alternative Uses Task,"List exactly 10 alternative, uncommon uses for the following object. Provide only a numbered list (1-10), with one use per line and no explanations.",Fork,Boring,"Task: List exactly 10 alternative, uncommon uses for the following object. Provide only a numbered list (1-10), with one use per line and no explanations.
Target: Fork
Condition: Be boring.","
1. Use as a makeshift paperclip holder  
2. Use as a temporary stand for a phone  
3. Use as a tool to stir coffee  
4. Use as a simple weight for a paper airplane  
5. Use as a prop to measure height of plants  
6. Use as a key holder on a hook  
7. Use as a hairpin for simple hairstyles  
8. Use as a makeshift screwdriver for small screws  
9. Use as a decorative table centerpiece  
10. Use as a tool to pick up small beads",gpt-oss-20b,Use as a tool to stir coffee,0.7286516427993774,0.995,
openai/gpt-oss-20b,Alternative Uses Task,"List exactly 10 alternative, uncommon uses for the following object. Provide only a numbered list (1-10), with one use per line and no explanations.",Fork,Boring,"Task: List exactly 10 alternative, uncommon uses for the following object. Provide only a numbered list (1-10), with one use per line and no explanations.
Target: Fork
Condition: Be boring.","
1. Use as a makeshift paperclip holder  
2. Use as a temporary stand for a phone  
3. Use as a tool to stir coffee  
4. Use as a simple weight for a paper airplane  
5. Use as a prop to measure height of plants  
6. Use as a key holder on a hook  
7. Use as a hairpin for simple hairstyles  
8. Use as a makeshift screwdriver for small screws  
9. Use as a decorative table centerpiece  
10. Use as a tool to pick up small beads",gpt-oss-20b,Use as a simple weight for a paper airplane,0.9587583541870117,0.995,
openai/gpt-oss-20b,Alternative Uses Task,"List exactly 10 alternative, uncommon uses for the following object. Provide only a numbered list (1-10), with one use per line and no explanations.",Fork,Boring,"Task: List exactly 10 alternative, uncommon uses for the following object. Provide only a numbered list (1-10), with one use per line and no explanations.
Target: Fork
Condition: Be boring.","
1. Use as a makeshift paperclip holder  
2. Use as a temporary stand for a phone  
3. Use as a tool to stir coffee  
4. Use as a simple weight for a paper airplane  
5. Use as a prop to measure height of plants  
6. Use as a key holder on a hook  
7. Use as a hairpin for simple hairstyles  
8. Use as a makeshift screwdriver for small screws  
9. Use as a decorative table centerpiece  
10. Use as a tool to pick up small beads",gpt-oss-20b,Use as a prop to measure height of plants,0.8614358901977539,0.995,
openai/gpt-oss-20b,Alternative Uses Task,"List exactly 10 alternative, uncommon uses for the following object. Provide only a numbered list (1-10), with one use per line and no explanations.",Fork,Boring,"Task: List exactly 10 alternative, uncommon uses for the following object. Provide only a numbered list (1-10), with one use per line and no explanations.
Target: Fork
Condition: Be boring.","
1. Use as a makeshift paperclip holder  
2. Use as a temporary stand for a phone  
3. Use as a tool to stir coffee  
4. Use as a simple weight for a paper airplane  
5. Use as a prop to measure height of plants  
6. Use as a key holder on a hook  
7. Use as a hairpin for simple hairstyles  
8. Use as a makeshift screwdriver for small screws  
9. Use as a decorative table centerpiece  
10. Use as a tool to pick up small beads",gpt-oss-20b,Use as a key holder on a hook,0.8069851398468018,0.995,
openai/gpt-oss-20b,Alternative Uses Task,"List exactly 10 alternative, uncommon uses for the following object. Provide only a numbered list (1-10), with one use per line and no explanations.",Fork,Boring,"Task: List exactly 10 alternative, uncommon uses for the following object. Provide only a numbered list (1-10), with one use per line and no explanations.
Target: Fork
Condition: Be boring.","
1. Use as a makeshift paperclip holder  
2. Use as a temporary stand for a phone  
3. Use as a tool to stir coffee  
4. Use as a simple weight for a paper airplane  
5. Use as a prop to measure height of plants  
6. Use as a key holder on a hook  
7. Use as a hairpin for simple hairstyles  
8. Use as a makeshift screwdriver for small screws  
9. Use as a decorative table centerpiece  
10. Use as a tool to pick up small beads",gpt-oss-20b,Use as a hairpin for simple hairstyles,0.834696888923645,0.995,
openai/gpt-oss-20b,Alternative Uses Task,"List exactly 10 alternative, uncommon uses for the following object. Provide only a numbered list (1-10), with one use per line and no explanations.",Fork,Boring,"Task: List exactly 10 alternative, uncommon uses for the following object. Provide only a numbered list (1-10), with one use per line and no explanations.
Target: Fork
Condition: Be boring.","
1. Use as a makeshift paperclip holder  
2. Use as a temporary stand for a phone  
3. Use as a tool to stir coffee  
4. Use as a simple weight for a paper airplane  
5. Use as a prop to measure height of plants  
6. Use as a key holder on a hook  
7. Use as a hairpin for simple hairstyles  
8. Use as a makeshift screwdriver for small screws  
9. Use as a decorative table centerpiece  
10. Use as a tool to pick up small beads",gpt-oss-20b,Use as a makeshift screwdriver for small screws,0.8987241387367249,0.985,
openai/gpt-oss-20b,Alternative Uses Task,"List exactly 10 alternative, uncommon uses for the following object. Provide only a numbered list (1-10), with one use per line and no explanations.",Fork,Boring,"Task: List exactly 10 alternative, uncommon uses for the following object. Provide only a numbered list (1-10), with one use per line and no explanations.
Target: Fork
Condition: Be boring.","
1. Use as a makeshift paperclip holder  
2. Use as a temporary stand for a phone  
3. Use as a tool to stir coffee  
4. Use as a simple weight for a paper airplane  
5. Use as a prop to measure height of plants  
6. Use as a key holder on a hook  
7. Use as a hairpin for simple hairstyles  
8. Use as a makeshift screwdriver for small screws  
9. Use as a decorative table centerpiece  
10. Use as a tool to pick up small beads",gpt-oss-20b,Use as a decorative table centerpiece,0.8020228743553162,0.995,
openai/gpt-oss-20b,Alternative Uses Task,"List exactly 10 alternative, uncommon uses for the following object. Provide only a numbered list (1-10), with one use per line and no explanations.",Fork,Boring,"Task: List exactly 10 alternative, uncommon uses for the following object. Provide only a numbered list (1-10), with one use per line and no explanations.
Target: Fork
Condition: Be boring.","
1. Use as a makeshift paperclip holder  
2. Use as a temporary stand for a phone  
3. Use as a tool to stir coffee  
4. Use as a simple weight for a paper airplane  
5. Use as a prop to measure height of plants  
6. Use as a key holder on a hook  
7. Use as a hairpin for simple hairstyles  
8. Use as a makeshift screwdriver for small screws  
9. Use as a decorative table centerpiece  
10. Use as a tool to pick up small beads",gpt-oss-20b,Use as a tool to pick up small beads,0.8239126205444336,0.995,
openai/gpt-oss-20b,Alternative Uses Task,"List exactly 10 alternative, uncommon uses for the following object. Provide only a numbered list (1-10), with one use per line and no explanations.",Fork,Conventional,"Task: List exactly 10 alternative, uncommon uses for the following object. Provide only a numbered list (1-10), with one use per line and no explanations.
Target: Fork
Condition: Be conventional.","
1. Use as a makeshift screwdriver for small screws  
2. Stir paint or glue mixtures  
3. Hold a candle or small light in place  
4. Pry open a stuck jar lid or seal  
5. Keep keys from falling with a key holder loop  
6. Spread butter, jam, or frosting on bread or cake  
7. Measure small liquid volumes like a tablespoon  
8. Create a temporary fishing hook for small fish  
9. Test soil moisture by inserting into the ground  
10. Stabilize a small plant pot while repotting",gpt-oss-20b,Use as a makeshift screwdriver for small screws,0.8987241387367249,0.985,
openai/gpt-oss-20b,Alternative Uses Task,"List exactly 10 alternative, uncommon uses for the following object. Provide only a numbered list (1-10), with one use per line and no explanations.",Fork,Conventional,"Task: List exactly 10 alternative, uncommon uses for the following object. Provide only a numbered list (1-10), with one use per line and no explanations.
Target: Fork
Condition: Be conventional.","
1. Use as a makeshift screwdriver for small screws  
2. Stir paint or glue mixtures  
3. Hold a candle or small light in place  
4. Pry open a stuck jar lid or seal  
5. Keep keys from falling with a key holder loop  
6. Spread butter, jam, or frosting on bread or cake  
7. Measure small liquid volumes like a tablespoon  
8. Create a temporary fishing hook for small fish  
9. Test soil moisture by inserting into the ground  
10. Stabilize a small plant pot while repotting",gpt-oss-20b,Stir paint or glue mixtures,0.947068452835083,0.995,
openai/gpt-oss-20b,Alternative Uses Task,"List exactly 10 alternative, uncommon uses for the following object. Provide only a numbered list (1-10), with one use per line and no explanations.",Fork,Conventional,"Task: List exactly 10 alternative, uncommon uses for the following object. Provide only a numbered list (1-10), with one use per line and no explanations.
Target: Fork
Condition: Be conventional.","
1. Use as a makeshift screwdriver for small screws  
2. Stir paint or glue mixtures  
3. Hold a candle or small light in place  
4. Pry open a stuck jar lid or seal  
5. Keep keys from falling with a key holder loop  
6. Spread butter, jam, or frosting on bread or cake  
7. Measure small liquid volumes like a tablespoon  
8. Create a temporary fishing hook for small fish  
9. Test soil moisture by inserting into the ground  
10. Stabilize a small plant pot while repotting",gpt-oss-20b,Hold a candle or small light in place,0.9272785186767578,0.995,
openai/gpt-oss-20b,Alternative Uses Task,"List exactly 10 alternative, uncommon uses for the following object. Provide only a numbered list (1-10), with one use per line and no explanations.",Fork,Conventional,"Task: List exactly 10 alternative, uncommon uses for the following object. Provide only a numbered list (1-10), with one use per line and no explanations.
Target: Fork
Condition: Be conventional.","
1. Use as a makeshift screwdriver for small screws  
2. Stir paint or glue mixtures  
3. Hold a candle or small light in place  
4. Pry open a stuck jar lid or seal  
5. Keep keys from falling with a key holder loop  
6. Spread butter, jam, or frosting on bread or cake  
7. Measure small liquid volumes like a tablespoon  
8. Create a temporary fishing hook for small fish  
9. Test soil moisture by inserting into the ground  
10. Stabilize a small plant pot while repotting",gpt-oss-20b,Pry open a stuck jar lid or seal,0.8321584463119507,0.995,
openai/gpt-oss-20b,Alternative Uses Task,"List exactly 10 alternative, uncommon uses for the following object. Provide only a numbered list (1-10), with one use per line and no explanations.",Fork,Conventional,"Task: List exactly 10 alternative, uncommon uses for the following object. Provide only a numbered list (1-10), with one use per line and no explanations.
Target: Fork
Condition: Be conventional.","
1. Use as a makeshift screwdriver for small screws  
2. Stir paint or glue mixtures  
3. Hold a candle or small light in place  
4. Pry open a stuck jar lid or seal  
5. Keep keys from falling with a key holder loop  
6. Spread butter, jam, or frosting on bread or cake  
7. Measure small liquid volumes like a tablespoon  
8. Create a temporary fishing hook for small fish  
9. Test soil moisture by inserting into the ground  
10. Stabilize a small plant pot while repotting",gpt-oss-20b,Keep keys from falling with a key holder loop,0.993477463722229,0.995,
openai/gpt-oss-20b,Alternative Uses Task,"List exactly 10 alternative, uncommon uses for the following object. Provide only a numbered list (1-10), with one use per line and no explanations.",Fork,Conventional,"Task: List exactly 10 alternative, uncommon uses for the following object. Provide only a numbered list (1-10), with one use per line and no explanations.
Target: Fork
Condition: Be conventional.","
1. Use as a makeshift screwdriver for small screws  
2. Stir paint or glue mixtures  
3. Hold a candle or small light in place  
4. Pry open a stuck jar lid or seal  
5. Keep keys from falling with a key holder loop  
6. Spread butter, jam, or frosting on bread or cake  
7. Measure small liquid volumes like a tablespoon  
8. Create a temporary fishing hook for small fish  
9. Test soil moisture by inserting into the ground  
10. Stabilize a small plant pot while repotting",gpt-oss-20b,"Spread butter, jam, or frosting on bread or cake",0.8947640061378479,0.995,
openai/gpt-oss-20b,Alternative Uses Task,"List exactly 10 alternative, uncommon uses for the following object. Provide only a numbered list (1-10), with one use per line and no explanations.",Fork,Conventional,"Task: List exactly 10 alternative, uncommon uses for the following object. Provide only a numbered list (1-10), with one use per line and no explanations.
Target: Fork
Condition: Be conventional.","
1. Use as a makeshift screwdriver for small screws  
2. Stir paint or glue mixtures  
3. Hold a candle or small light in place  
4. Pry open a stuck jar lid or seal  
5. Keep keys from falling with a key holder loop  
6. Spread butter, jam, or frosting on bread or cake  
7. Measure small liquid volumes like a tablespoon  
8. Create a temporary fishing hook for small fish  
9. Test soil moisture by inserting into the ground  
10. Stabilize a small plant pot while repotting",gpt-oss-20b,Measure small liquid volumes like a tablespoon,0.8987906575202942,0.995,
openai/gpt-oss-20b,Alternative Uses Task,"List exactly 10 alternative, uncommon uses for the following object. Provide only a numbered list (1-10), with one use per line and no explanations.",Fork,Conventional,"Task: List exactly 10 alternative, uncommon uses for the following object. Provide only a numbered list (1-10), with one use per line and no explanations.
Target: Fork
Condition: Be conventional.","
1. Use as a makeshift screwdriver for small screws  
2. Stir paint or glue mixtures  
3. Hold a candle or small light in place  
4. Pry open a stuck jar lid or seal  
5. Keep keys from falling with a key holder loop  
6. Spread butter, jam, or frosting on bread or cake  
7. Measure small liquid volumes like a tablespoon  
8. Create a temporary fishing hook for small fish  
9. Test soil moisture by inserting into the ground  
10. Stabilize a small plant pot while repotting",gpt-oss-20b,Create a temporary fishing hook for small fish,0.776668906211853,0.99,
openai/gpt-oss-20b,Alternative Uses Task,"List exactly 10 alternative, uncommon uses for the following object. Provide only a numbered list (1-10), with one use per line and no explanations.",Fork,Conventional,"Task: List exactly 10 alternative, uncommon uses for the following object. Provide only a numbered list (1-10), with one use per line and no explanations.
Target: Fork
Condition: Be conventional.","
1. Use as a makeshift screwdriver for small screws  
2. Stir paint or glue mixtures  
3. Hold a candle or small light in place  
4. Pry open a stuck jar lid or seal  
5. Keep keys from falling with a key holder loop  
6. Spread butter, jam, or frosting on bread or cake  
7. Measure small liquid volumes like a tablespoon  
8. Create a temporary fishing hook for small fish  
9. Test soil moisture by inserting into the ground  
10. Stabilize a small plant pot while repotting",gpt-oss-20b,Test soil moisture by inserting into the ground,0.9986680150032043,0.995,
openai/gpt-oss-20b,Alternative Uses Task,"List exactly 10 alternative, uncommon uses for the following object. Provide only a numbered list (1-10), with one use per line and no explanations.",Fork,Conventional,"Task: List exactly 10 alternative, uncommon uses for the following object. Provide only a numbered list (1-10), with one use per line and no explanations.
Target: Fork
Condition: Be conventional.","
1. Use as a makeshift screwdriver for small screws  
2. Stir paint or glue mixtures  
3. Hold a candle or small light in place  
4. Pry open a stuck jar lid or seal  
5. Keep keys from falling with a key holder loop  
6. Spread butter, jam, or frosting on bread or cake  
7. Measure small liquid volumes like a tablespoon  
8. Create a temporary fishing hook for small fish  
9. Test soil moisture by inserting into the ground  
10. Stabilize a small plant pot while repotting",gpt-oss-20b,Stabilize a small plant pot while repotting,0.8745132684707642,0.995,
openai/gpt-oss-20b,Alternative Uses Task,"List exactly 10 alternative, uncommon uses for the following object. Provide only a numbered list (1-10), with one use per line and no explanations.",Paperclip,Standard,"Task: List exactly 10 alternative, uncommon uses for the following object. Provide only a numbered list (1-10), with one use per line and no explanations.
Target: Paperclip","
1. Lock picker  
2. DIY hairpin  
3. Tiny jewelry clasp  
4. Keychain attachment  
5. Bookmark for books  
6. Mini screwdriver for electronics  
7. Cleaning tool for tiny vents  
8. Hand‑made fish hook  
9. Small magnet holder for fridge  
10. Wire tensioner for art projects",gpt-oss-20b,Lock picker,0.6744481325149536,0.9946808510638298,
openai/gpt-oss-20b,Alternative Uses Task,"List exactly 10 alternative, uncommon uses for the following object. Provide only a numbered list (1-10), with one use per line and no explanations.",Paperclip,Standard,"Task: List exactly 10 alternative, uncommon uses for the following object. Provide only a numbered list (1-10), with one use per line and no explanations.
Target: Paperclip","
1. Lock picker  
2. DIY hairpin  
3. Tiny jewelry clasp  
4. Keychain attachment  
5. Bookmark for books  
6. Mini screwdriver for electronics  
7. Cleaning tool for tiny vents  
8. Hand‑made fish hook  
9. Small magnet holder for fridge  
10. Wire tensioner for art projects",gpt-oss-20b,DIY hairpin,0.7453571557998657,0.9946808510638298,
openai/gpt-oss-20b,Alternative Uses Task,"List exactly 10 alternative, uncommon uses for the following object. Provide only a numbered list (1-10), with one use per line and no explanations.",Paperclip,Standard,"Task: List exactly 10 alternative, uncommon uses for the following object. Provide only a numbered list (1-10), with one use per line and no explanations.
Target: Paperclip","
1. Lock picker  
2. DIY hairpin  
3. Tiny jewelry clasp  
4. Keychain attachment  
5. Bookmark for books  
6. Mini screwdriver for electronics  
7. Cleaning tool for tiny vents  
8. Hand‑made fish hook  
9. Small magnet holder for fridge  
10. Wire tensioner for art projects",gpt-oss-20b,Tiny jewelry clasp,0.8780866861343384,0.9946808510638298,
openai/gpt-oss-20b,Alternative Uses Task,"List exactly 10 alternative, uncommon uses for the following object. Provide only a numbered list (1-10), with one use per line and no explanations.",Paperclip,Standard,"Task: List exactly 10 alternative, uncommon uses for the following object. Provide only a numbered list (1-10), with one use per line and no explanations.
Target: Paperclip","
1. Lock picker  
2. DIY hairpin  
3. Tiny jewelry clasp  
4. Keychain attachment  
5. Bookmark for books  
6. Mini screwdriver for electronics  
7. Cleaning tool for tiny vents  
8. Hand‑made fish hook  
9. Small magnet holder for fridge  
10. Wire tensioner for art projects",gpt-oss-20b,Keychain attachment,0.89974045753479,0.9946808510638298,
openai/gpt-oss-20b,Alternative Uses Task,"List exactly 10 alternative, uncommon uses for the following object. Provide only a numbered list (1-10), with one use per line and no explanations.",Paperclip,Standard,"Task: List exactly 10 alternative, uncommon uses for the following object. Provide only a numbered list (1-10), with one use per line and no explanations.
Target: Paperclip","
1. Lock picker  
2. DIY hairpin  
3. Tiny jewelry clasp  
4. Keychain attachment  
5. Bookmark for books  
6. Mini screwdriver for electronics  
7. Cleaning tool for tiny vents  
8. Hand‑made fish hook  
9. Small magnet holder for fridge  
10. Wire tensioner for art projects",gpt-oss-20b,Bookmark for books,0.8490551114082336,0.9946808510638298,
openai/gpt-oss-20b,Alternative Uses Task,"List exactly 10 alternative, uncommon uses for the following object. Provide only a numbered list (1-10), with one use per line and no explanations.",Paperclip,Standard,"Task: List exactly 10 alternative, uncommon uses for the following object. Provide only a numbered list (1-10), with one use per line and no explanations.
Target: Paperclip","
1. Lock picker  
2. DIY hairpin  
3. Tiny jewelry clasp  
4. Keychain attachment  
5. Bookmark for books  
6. Mini screwdriver for electronics  
7. Cleaning tool for tiny vents  
8. Hand‑made fish hook  
9. Small magnet holder for fridge  
10. Wire tensioner for art projects",gpt-oss-20b,Mini screwdriver for electronics,0.7576389908790588,0.9627659574468085,
openai/gpt-oss-20b,Alternative Uses Task,"List exactly 10 alternative, uncommon uses for the following object. Provide only a numbered list (1-10), with one use per line and no explanations.",Paperclip,Standard,"Task: List exactly 10 alternative, uncommon uses for the following object. Provide only a numbered list (1-10), with one use per line and no explanations.
Target: Paperclip","
1. Lock picker  
2. DIY hairpin  
3. Tiny jewelry clasp  
4. Keychain attachment  
5. Bookmark for books  
6. Mini screwdriver for electronics  
7. Cleaning tool for tiny vents  
8. Hand‑made fish hook  
9. Small magnet holder for fridge  
10. Wire tensioner for art projects",gpt-oss-20b,Cleaning tool for tiny vents,0.8644207119941711,0.9946808510638298,
openai/gpt-oss-20b,Alternative Uses Task,"List exactly 10 alternative, uncommon uses for the following object. Provide only a numbered list (1-10), with one use per line and no explanations.",Paperclip,Standard,"Task: List exactly 10 alternative, uncommon uses for the following object. Provide only a numbered list (1-10), with one use per line and no explanations.
Target: Paperclip","
1. Lock picker  
2. DIY hairpin  
3. Tiny jewelry clasp  
4. Keychain attachment  
5. Bookmark for books  
6. Mini screwdriver for electronics  
7. Cleaning tool for tiny vents  
8. Hand‑made fish hook  
9. Small magnet holder for fridge  
10. Wire tensioner for art projects",gpt-oss-20b,Hand‑made fish hook,0.851209282875061,0.9893617021276596,
openai/gpt-oss-20b,Alternative Uses Task,"List exactly 10 alternative, uncommon uses for the following object. Provide only a numbered list (1-10), with one use per line and no explanations.",Paperclip,Standard,"Task: List exactly 10 alternative, uncommon uses for the following object. Provide only a numbered list (1-10), with one use per line and no explanations.
Target: Paperclip","
1. Lock picker  
2. DIY hairpin  
3. Tiny jewelry clasp  
4. Keychain attachment  
5. Bookmark for books  
6. Mini screwdriver for electronics  
7. Cleaning tool for tiny vents  
8. Hand‑made fish hook  
9. Small magnet holder for fridge  
10. Wire tensioner for art projects",gpt-oss-20b,Small magnet holder for fridge,0.866791844367981,0.9946808510638298,
openai/gpt-oss-20b,Alternative Uses Task,"List exactly 10 alternative, uncommon uses for the following object. Provide only a numbered list (1-10), with one use per line and no explanations.",Paperclip,Standard,"Task: List exactly 10 alternative, uncommon uses for the following object. Provide only a numbered list (1-10), with one use per line and no explanations.
Target: Paperclip","
1. Lock picker  
2. DIY hairpin  
3. Tiny jewelry clasp  
4. Keychain attachment  
5. Bookmark for books  
6. Mini screwdriver for electronics  
7. Cleaning tool for tiny vents  
8. Hand‑made fish hook  
9. Small magnet holder for fridge  
10. Wire tensioner for art projects",gpt-oss-20b,Wire tensioner for art projects,0.8503042459487915,0.9946808510638298,
openai/gpt-oss-20b,Alternative Uses Task,"List exactly 10 alternative, uncommon uses for the following object. Provide only a numbered list (1-10), with one use per line and no explanations.",Paperclip,Creative,"Task: List exactly 10 alternative, uncommon uses for the following object. Provide only a numbered list (1-10), with one use per line and no explanations.
Target: Paperclip
Condition: Be creative.","
1. Makeshift lockpick for a small padlock  
2. Tiny key to unlock a toy car or small lock  
3. Bookmark that stays in place on a page  
4. Miniature fishhook for catching a single insect  
5. Resetting a tiny electronic button (e.g., router reset)  
6. Tiny magnetic clasp for a paper chain or decorative chain  
7. Simple jewelry chain for a pendant or keychain  
8. Tiny lever to pry open a jammed door or jar lid  
9. Weight to keep a sheet of paper flat during printing  
10. Hook to attach a small charm to a lanyard or keyring",gpt-oss-20b,Makeshift lockpick for a small padlock,0.7234694957733154,0.9946808510638298,
openai/gpt-oss-20b,Alternative Uses Task,"List exactly 10 alternative, uncommon uses for the following object. Provide only a numbered list (1-10), with one use per line and no explanations.",Paperclip,Creative,"Task: List exactly 10 alternative, uncommon uses for the following object. Provide only a numbered list (1-10), with one use per line and no explanations.
Target: Paperclip
Condition: Be creative.","
1. Makeshift lockpick for a small padlock  
2. Tiny key to unlock a toy car or small lock  
3. Bookmark that stays in place on a page  
4. Miniature fishhook for catching a single insect  
5. Resetting a tiny electronic button (e.g., router reset)  
6. Tiny magnetic clasp for a paper chain or decorative chain  
7. Simple jewelry chain for a pendant or keychain  
8. Tiny lever to pry open a jammed door or jar lid  
9. Weight to keep a sheet of paper flat during printing  
10. Hook to attach a small charm to a lanyard or keyring",gpt-oss-20b,Tiny key to unlock a toy car or small lock,0.8257015943527222,0.9946808510638298,
openai/gpt-oss-20b,Alternative Uses Task,"List exactly 10 alternative, uncommon uses for the following object. Provide only a numbered list (1-10), with one use per line and no explanations.",Paperclip,Creative,"Task: List exactly 10 alternative, uncommon uses for the following object. Provide only a numbered list (1-10), with one use per line and no explanations.
Target: Paperclip
Condition: Be creative.","
1. Makeshift lockpick for a small padlock  
2. Tiny key to unlock a toy car or small lock  
3. Bookmark that stays in place on a page  
4. Miniature fishhook for catching a single insect  
5. Resetting a tiny electronic button (e.g., router reset)  
6. Tiny magnetic clasp for a paper chain or decorative chain  
7. Simple jewelry chain for a pendant or keychain  
8. Tiny lever to pry open a jammed door or jar lid  
9. Weight to keep a sheet of paper flat during printing  
10. Hook to attach a small charm to a lanyard or keyring",gpt-oss-20b,Bookmark that stays in place on a page,0.7844951152801514,0.9946808510638298,
openai/gpt-oss-20b,Alternative Uses Task,"List exactly 10 alternative, uncommon uses for the following object. Provide only a numbered list (1-10), with one use per line and no explanations.",Paperclip,Creative,"Task: List exactly 10 alternative, uncommon uses for the following object. Provide only a numbered list (1-10), with one use per line and no explanations.
Target: Paperclip
Condition: Be creative.","
1. Makeshift lockpick for a small padlock  
2. Tiny key to unlock a toy car or small lock  
3. Bookmark that stays in place on a page  
4. Miniature fishhook for catching a single insect  
5. Resetting a tiny electronic button (e.g., router reset)  
6. Tiny magnetic clasp for a paper chain or decorative chain  
7. Simple jewelry chain for a pendant or keychain  
8. Tiny lever to pry open a jammed door or jar lid  
9. Weight to keep a sheet of paper flat during printing  
10. Hook to attach a small charm to a lanyard or keyring",gpt-oss-20b,Miniature fishhook for catching a single insect,0.8573635220527649,0.9946808510638298,
openai/gpt-oss-20b,Alternative Uses Task,"List exactly 10 alternative, uncommon uses for the following object. Provide only a numbered list (1-10), with one use per line and no explanations.",Paperclip,Creative,"Task: List exactly 10 alternative, uncommon uses for the following object. Provide only a numbered list (1-10), with one use per line and no explanations.
Target: Paperclip
Condition: Be creative.","
1. Makeshift lockpick for a small padlock  
2. Tiny key to unlock a toy car or small lock  
3. Bookmark that stays in place on a page  
4. Miniature fishhook for catching a single insect  
5. Resetting a tiny electronic button (e.g., router reset)  
6. Tiny magnetic clasp for a paper chain or decorative chain  
7. Simple jewelry chain for a pendant or keychain  
8. Tiny lever to pry open a jammed door or jar lid  
9. Weight to keep a sheet of paper flat during printing  
10. Hook to attach a small charm to a lanyard or keyring",gpt-oss-20b,"Resetting a tiny electronic button (e.g., router reset)",0.8556274771690369,0.9946808510638298,
openai/gpt-oss-20b,Alternative Uses Task,"List exactly 10 alternative, uncommon uses for the following object. Provide only a numbered list (1-10), with one use per line and no explanations.",Paperclip,Creative,"Task: List exactly 10 alternative, uncommon uses for the following object. Provide only a numbered list (1-10), with one use per line and no explanations.
Target: Paperclip
Condition: Be creative.","
1. Makeshift lockpick for a small padlock  
2. Tiny key to unlock a toy car or small lock  
3. Bookmark that stays in place on a page  
4. Miniature fishhook for catching a single insect  
5. Resetting a tiny electronic button (e.g., router reset)  
6. Tiny magnetic clasp for a paper chain or decorative chain  
7. Simple jewelry chain for a pendant or keychain  
8. Tiny lever to pry open a jammed door or jar lid  
9. Weight to keep a sheet of paper flat during printing  
10. Hook to attach a small charm to a lanyard or keyring",gpt-oss-20b,Tiny magnetic clasp for a paper chain or decorative chain,0.7570945024490356,0.9946808510638298,
openai/gpt-oss-20b,Alternative Uses Task,"List exactly 10 alternative, uncommon uses for the following object. Provide only a numbered list (1-10), with one use per line and no explanations.",Paperclip,Creative,"Task: List exactly 10 alternative, uncommon uses for the following object. Provide only a numbered list (1-10), with one use per line and no explanations.
Target: Paperclip
Condition: Be creative.","
1. Makeshift lockpick for a small padlock  
2. Tiny key to unlock a toy car or small lock  
3. Bookmark that stays in place on a page  
4. Miniature fishhook for catching a single insect  
5. Resetting a tiny electronic button (e.g., router reset)  
6. Tiny magnetic clasp for a paper chain or decorative chain  
7. Simple jewelry chain for a pendant or keychain  
8. Tiny lever to pry open a jammed door or jar lid  
9. Weight to keep a sheet of paper flat during printing  
10. Hook to attach a small charm to a lanyard or keyring",gpt-oss-20b,Simple jewelry chain for a pendant or keychain,0.952863335609436,0.9946808510638298,
openai/gpt-oss-20b,Alternative Uses Task,"List exactly 10 alternative, uncommon uses for the following object. Provide only a numbered list (1-10), with one use per line and no explanations.",Paperclip,Creative,"Task: List exactly 10 alternative, uncommon uses for the following object. Provide only a numbered list (1-10), with one use per line and no explanations.
Target: Paperclip
Condition: Be creative.","
1. Makeshift lockpick for a small padlock  
2. Tiny key to unlock a toy car or small lock  
3. Bookmark that stays in place on a page  
4. Miniature fishhook for catching a single insect  
5. Resetting a tiny electronic button (e.g., router reset)  
6. Tiny magnetic clasp for a paper chain or decorative chain  
7. Simple jewelry chain for a pendant or keychain  
8. Tiny lever to pry open a jammed door or jar lid  
9. Weight to keep a sheet of paper flat during printing  
10. Hook to attach a small charm to a lanyard or keyring",gpt-oss-20b,Tiny lever to pry open a jammed door or jar lid,0.8472254872322083,0.9946808510638298,
openai/gpt-oss-20b,Alternative Uses Task,"List exactly 10 alternative, uncommon uses for the following object. Provide only a numbered list (1-10), with one use per line and no explanations.",Paperclip,Creative,"Task: List exactly 10 alternative, uncommon uses for the following object. Provide only a numbered list (1-10), with one use per line and no explanations.
Target: Paperclip
Condition: Be creative.","
1. Makeshift lockpick for a small padlock  
2. Tiny key to unlock a toy car or small lock  
3. Bookmark that stays in place on a page  
4. Miniature fishhook for catching a single insect  
5. Resetting a tiny electronic button (e.g., router reset)  
6. Tiny magnetic clasp for a paper chain or decorative chain  
7. Simple jewelry chain for a pendant or keychain  
8. Tiny lever to pry open a jammed door or jar lid  
9. Weight to keep a sheet of paper flat during printing  
10. Hook to attach a small charm to a lanyard or keyring",gpt-oss-20b,Weight to keep a sheet of paper flat during printing,0.7023230791091919,0.9946808510638298,
openai/gpt-oss-20b,Alternative Uses Task,"List exactly 10 alternative, uncommon uses for the following object. Provide only a numbered list (1-10), with one use per line and no explanations.",Paperclip,Creative,"Task: List exactly 10 alternative, uncommon uses for the following object. Provide only a numbered list (1-10), with one use per line and no explanations.
Target: Paperclip
Condition: Be creative.","
1. Makeshift lockpick for a small padlock  
2. Tiny key to unlock a toy car or small lock  
3. Bookmark that stays in place on a page  
4. Miniature fishhook for catching a single insect  
5. Resetting a tiny electronic button (e.g., router reset)  
6. Tiny magnetic clasp for a paper chain or decorative chain  
7. Simple jewelry chain for a pendant or keychain  
8. Tiny lever to pry open a jammed door or jar lid  
9. Weight to keep a sheet of paper flat during printing  
10. Hook to attach a small charm to a lanyard or keyring",gpt-oss-20b,Hook to attach a small charm to a lanyard or keyring,0.8967952728271484,0.9946808510638298,
openai/gpt-oss-20b,Alternative Uses Task,"List exactly 10 alternative, uncommon uses for the following object. Provide only a numbered list (1-10), with one use per line and no explanations.",Paperclip,Boring,"Task: List exactly 10 alternative, uncommon uses for the following object. Provide only a numbered list (1-10), with one use per line and no explanations.
Target: Paperclip
Condition: Be boring.","
1. Clip a single sheet of paper to a sticky note.  
2. Use as a tiny lever to pry a stuck zipper slider.  
3. Hold a loose pen cap in place on a desk.  
4. Clean a small crack in a phone screen with the bent edge.  
5. Use as a makeshift paperweight for a single page.  
6. Attach a key to a keychain by bending into a hook.  
7. Open a small jar lid by sliding under the seam.  
8. Remove a stubborn sticker from a surface with the bent tip.  
9.",gpt-oss-20b,Clip a single sheet of paper to a sticky note.,0.4722139835357666,0.9946808510638298,
openai/gpt-oss-20b,Alternative Uses Task,"List exactly 10 alternative, uncommon uses for the following object. Provide only a numbered list (1-10), with one use per line and no explanations.",Paperclip,Boring,"Task: List exactly 10 alternative, uncommon uses for the following object. Provide only a numbered list (1-10), with one use per line and no explanations.
Target: Paperclip
Condition: Be boring.","
1. Clip a single sheet of paper to a sticky note.  
2. Use as a tiny lever to pry a stuck zipper slider.  
3. Hold a loose pen cap in place on a desk.  
4. Clean a small crack in a phone screen with the bent edge.  
5. Use as a makeshift paperweight for a single page.  
6. Attach a key to a keychain by bending into a hook.  
7. Open a small jar lid by sliding under the seam.  
8. Remove a stubborn sticker from a surface with the bent tip.  
9.",gpt-oss-20b,Use as a tiny lever to pry a stuck zipper slider.,0.7710007429122925,0.9946808510638298,
openai/gpt-oss-20b,Alternative Uses Task,"List exactly 10 alternative, uncommon uses for the following object. Provide only a numbered list (1-10), with one use per line and no explanations.",Paperclip,Boring,"Task: List exactly 10 alternative, uncommon uses for the following object. Provide only a numbered list (1-10), with one use per line and no explanations.
Target: Paperclip
Condition: Be boring.","
1. Clip a single sheet of paper to a sticky note.  
2. Use as a tiny lever to pry a stuck zipper slider.  
3. Hold a loose pen cap in place on a desk.  
4. Clean a small crack in a phone screen with the bent edge.  
5. Use as a makeshift paperweight for a single page.  
6. Attach a key to a keychain by bending into a hook.  
7. Open a small jar lid by sliding under the seam.  
8. Remove a stubborn sticker from a surface with the bent tip.  
9.",gpt-oss-20b,Hold a loose pen cap in place on a desk.,0.6130318641662598,0.9946808510638298,
openai/gpt-oss-20b,Alternative Uses Task,"List exactly 10 alternative, uncommon uses for the following object. Provide only a numbered list (1-10), with one use per line and no explanations.",Paperclip,Boring,"Task: List exactly 10 alternative, uncommon uses for the following object. Provide only a numbered list (1-10), with one use per line and no explanations.
Target: Paperclip
Condition: Be boring.","
1. Clip a single sheet of paper to a sticky note.  
2. Use as a tiny lever to pry a stuck zipper slider.  
3. Hold a loose pen cap in place on a desk.  
4. Clean a small crack in a phone screen with the bent edge.  
5. Use as a makeshift paperweight for a single page.  
6. Attach a key to a keychain by bending into a hook.  
7. Open a small jar lid by sliding under the seam.  
8. Remove a stubborn sticker from a surface with the bent tip.  
9.",gpt-oss-20b,Clean a small crack in a phone screen with the bent edge.,0.8024629354476929,0.9946808510638298,
openai/gpt-oss-20b,Alternative Uses Task,"List exactly 10 alternative, uncommon uses for the following object. Provide only a numbered list (1-10), with one use per line and no explanations.",Paperclip,Boring,"Task: List exactly 10 alternative, uncommon uses for the following object. Provide only a numbered list (1-10), with one use per line and no explanations.
Target: Paperclip
Condition: Be boring.","
1. Clip a single sheet of paper to a sticky note.  
2. Use as a tiny lever to pry a stuck zipper slider.  
3. Hold a loose pen cap in place on a desk.  
4. Clean a small crack in a phone screen with the bent edge.  
5. Use as a makeshift paperweight for a single page.  
6. Attach a key to a keychain by bending into a hook.  
7. Open a small jar lid by sliding under the seam.  
8. Remove a stubborn sticker from a surface with the bent tip.  
9.",gpt-oss-20b,Use as a makeshift paperweight for a single page.,0.555975079536438,0.9946808510638298,
openai/gpt-oss-20b,Alternative Uses Task,"List exactly 10 alternative, uncommon uses for the following object. Provide only a numbered list (1-10), with one use per line and no explanations.",Paperclip,Boring,"Task: List exactly 10 alternative, uncommon uses for the following object. Provide only a numbered list (1-10), with one use per line and no explanations.
Target: Paperclip
Condition: Be boring.","
1. Clip a single sheet of paper to a sticky note.  
2. Use as a tiny lever to pry a stuck zipper slider.  
3. Hold a loose pen cap in place on a desk.  
4. Clean a small crack in a phone screen with the bent edge.  
5. Use as a makeshift paperweight for a single page.  
6. Attach a key to a keychain by bending into a hook.  
7. Open a small jar lid by sliding under the seam.  
8. Remove a stubborn sticker from a surface with the bent tip.  
9.",gpt-oss-20b,Attach a key to a keychain by bending into a hook.,0.8371132016181946,0.9946808510638298,
openai/gpt-oss-20b,Alternative Uses Task,"List exactly 10 alternative, uncommon uses for the following object. Provide only a numbered list (1-10), with one use per line and no explanations.",Paperclip,Boring,"Task: List exactly 10 alternative, uncommon uses for the following object. Provide only a numbered list (1-10), with one use per line and no explanations.
Target: Paperclip
Condition: Be boring.","
1. Clip a single sheet of paper to a sticky note.  
2. Use as a tiny lever to pry a stuck zipper slider.  
3. Hold a loose pen cap in place on a desk.  
4. Clean a small crack in a phone screen with the bent edge.  
5. Use as a makeshift paperweight for a single page.  
6. Attach a key to a keychain by bending into a hook.  
7. Open a small jar lid by sliding under the seam.  
8. Remove a stubborn sticker from a surface with the bent tip.  
9.",gpt-oss-20b,Open a small jar lid by sliding under the seam.,0.8349708914756775,0.9946808510638298,
openai/gpt-oss-20b,Alternative Uses Task,"List exactly 10 alternative, uncommon uses for the following object. Provide only a numbered list (1-10), with one use per line and no explanations.",Paperclip,Boring,"Task: List exactly 10 alternative, uncommon uses for the following object. Provide only a numbered list (1-10), with one use per line and no explanations.
Target: Paperclip
Condition: Be boring.","
1. Clip a single sheet of paper to a sticky note.  
2. Use as a tiny lever to pry a stuck zipper slider.  
3. Hold a loose pen cap in place on a desk.  
4. Clean a small crack in a phone screen with the bent edge.  
5. Use as a makeshift paperweight for a single page.  
6. Attach a key to a keychain by bending into a hook.  
7. Open a small jar lid by sliding under the seam.  
8. Remove a stubborn sticker from a surface with the bent tip.  
9.",gpt-oss-20b,Remove a stubborn sticker from a surface with the bent tip.,0.677902102470398,0.9946808510638298,
openai/gpt-oss-20b,Alternative Uses Task,"List exactly 10 alternative, uncommon uses for the following object. Provide only a numbered list (1-10), with one use per line and no explanations.",Paperclip,Conventional,"Task: List exactly 10 alternative, uncommon uses for the following object. Provide only a numbered list (1-10), with one use per line and no explanations.
Target: Paperclip
Condition: Be conventional.","
1. Unclog a clogged spray bottle nozzle  
2. Reset a small electronic device  
3. Create a makeshift fish hook  
4. Use as a bookmark  
5. Fashion a tiny hairpin  
6. Build a small chain link for jewelry  
7. Craft a simple fishing line clip  
8. Make a tiny screwdriver for electronics  
9. Use as a magnet to pick up metal filings  
10. Form a small keychain",gpt-oss-20b,Unclog a clogged spray bottle nozzle,0.9101380109786987,0.9946808510638298,
openai/gpt-oss-20b,Alternative Uses Task,"List exactly 10 alternative, uncommon uses for the following object. Provide only a numbered list (1-10), with one use per line and no explanations.",Paperclip,Conventional,"Task: List exactly 10 alternative, uncommon uses for the following object. Provide only a numbered list (1-10), with one use per line and no explanations.
Target: Paperclip
Condition: Be conventional.","
1. Unclog a clogged spray bottle nozzle  
2. Reset a small electronic device  
3. Create a makeshift fish hook  
4. Use as a bookmark  
5. Fashion a tiny hairpin  
6. Build a small chain link for jewelry  
7. Craft a simple fishing line clip  
8. Make a tiny screwdriver for electronics  
9. Use as a magnet to pick up metal filings  
10. Form a small keychain",gpt-oss-20b,Reset a small electronic device,0.8511508703231812,0.9946808510638298,
openai/gpt-oss-20b,Alternative Uses Task,"List exactly 10 alternative, uncommon uses for the following object. Provide only a numbered list (1-10), with one use per line and no explanations.",Paperclip,Conventional,"Task: List exactly 10 alternative, uncommon uses for the following object. Provide only a numbered list (1-10), with one use per line and no explanations.
Target: Paperclip
Condition: Be conventional.","
1. Unclog a clogged spray bottle nozzle  
2. Reset a small electronic device  
3. Create a makeshift fish hook  
4. Use as a bookmark  
5. Fashion a tiny hairpin  
6. Build a small chain link for jewelry  
7. Craft a simple fishing line clip  
8. Make a tiny screwdriver for electronics  
9. Use as a magnet to pick up metal filings  
10. Form a small keychain",gpt-oss-20b,Create a makeshift fish hook,0.8506423234939575,0.9893617021276596,
openai/gpt-oss-20b,Alternative Uses Task,"List exactly 10 alternative, uncommon uses for the following object. Provide only a numbered list (1-10), with one use per line and no explanations.",Paperclip,Conventional,"Task: List exactly 10 alternative, uncommon uses for the following object. Provide only a numbered list (1-10), with one use per line and no explanations.
Target: Paperclip
Condition: Be conventional.","
1. Unclog a clogged spray bottle nozzle  
2. Reset a small electronic device  
3. Create a makeshift fish hook  
4. Use as a bookmark  
5. Fashion a tiny hairpin  
6. Build a small chain link for jewelry  
7. Craft a simple fishing line clip  
8. Make a tiny screwdriver for electronics  
9. Use as a magnet to pick up metal filings  
10. Form a small keychain",gpt-oss-20b,Use as a bookmark,0.7555856704711914,0.9946808510638298,
openai/gpt-oss-20b,Alternative Uses Task,"List exactly 10 alternative, uncommon uses for the following object. Provide only a numbered list (1-10), with one use per line and no explanations.",Paperclip,Conventional,"Task: List exactly 10 alternative, uncommon uses for the following object. Provide only a numbered list (1-10), with one use per line and no explanations.
Target: Paperclip
Condition: Be conventional.","
1. Unclog a clogged spray bottle nozzle  
2. Reset a small electronic device  
3. Create a makeshift fish hook  
4. Use as a bookmark  
5. Fashion a tiny hairpin  
6. Build a small chain link for jewelry  
7. Craft a simple fishing line clip  
8. Make a tiny screwdriver for electronics  
9. Use as a magnet to pick up metal filings  
10. Form a small keychain",gpt-oss-20b,Fashion a tiny hairpin,0.7706449031829834,0.9946808510638298,
openai/gpt-oss-20b,Alternative Uses Task,"List exactly 10 alternative, uncommon uses for the following object. Provide only a numbered list (1-10), with one use per line and no explanations.",Paperclip,Conventional,"Task: List exactly 10 alternative, uncommon uses for the following object. Provide only a numbered list (1-10), with one use per line and no explanations.
Target: Paperclip
Condition: Be conventional.","
1. Unclog a clogged spray bottle nozzle  
2. Reset a small electronic device  
3. Create a makeshift fish hook  
4. Use as a bookmark  
5. Fashion a tiny hairpin  
6. Build a small chain link for jewelry  
7. Craft a simple fishing line clip  
8. Make a tiny screwdriver for electronics  
9. Use as a magnet to pick up metal filings  
10. Form a small keychain",gpt-oss-20b,Build a small chain link for jewelry,0.97710120677948,0.9946808510638298,
openai/gpt-oss-20b,Alternative Uses Task,"List exactly 10 alternative, uncommon uses for the following object. Provide only a numbered list (1-10), with one use per line and no explanations.",Paperclip,Conventional,"Task: List exactly 10 alternative, uncommon uses for the following object. Provide only a numbered list (1-10), with one use per line and no explanations.
Target: Paperclip
Condition: Be conventional.","
1. Unclog a clogged spray bottle nozzle  
2. Reset a small electronic device  
3. Create a makeshift fish hook  
4. Use as a bookmark  
5. Fashion a tiny hairpin  
6. Build a small chain link for jewelry  
7. Craft a simple fishing line clip  
8. Make a tiny screwdriver for electronics  
9. Use as a magnet to pick up metal filings  
10. Form a small keychain",gpt-oss-20b,Craft a simple fishing line clip,0.7167619466781616,0.9946808510638298,
openai/gpt-oss-20b,Alternative Uses Task,"List exactly 10 alternative, uncommon uses for the following object. Provide only a numbered list (1-10), with one use per line and no explanations.",Paperclip,Conventional,"Task: List exactly 10 alternative, uncommon uses for the following object. Provide only a numbered list (1-10), with one use per line and no explanations.
Target: Paperclip
Condition: Be conventional.","
1. Unclog a clogged spray bottle nozzle  
2. Reset a small electronic device  
3. Create a makeshift fish hook  
4. Use as a bookmark  
5. Fashion a tiny hairpin  
6. Build a small chain link for jewelry  
7. Craft a simple fishing line clip  
8. Make a tiny screwdriver for electronics  
9. Use as a magnet to pick up metal filings  
10. Form a small keychain",gpt-oss-20b,Make a tiny screwdriver for electronics,0.7829148769378662,0.9787234042553191,
openai/gpt-oss-20b,Alternative Uses Task,"List exactly 10 alternative, uncommon uses for the following object. Provide only a numbered list (1-10), with one use per line and no explanations.",Paperclip,Conventional,"Task: List exactly 10 alternative, uncommon uses for the following object. Provide only a numbered list (1-10), with one use per line and no explanations.
Target: Paperclip
Condition: Be conventional.","
1. Unclog a clogged spray bottle nozzle  
2. Reset a small electronic device  
3. Create a makeshift fish hook  
4. Use as a bookmark  
5. Fashion a tiny hairpin  
6. Build a small chain link for jewelry  
7. Craft a simple fishing line clip  
8. Make a tiny screwdriver for electronics  
9. Use as a magnet to pick up metal filings  
10. Form a small keychain",gpt-oss-20b,Use as a magnet to pick up metal filings,0.7789942026138306,0.9946808510638298,
openai/gpt-oss-20b,Alternative Uses Task,"List exactly 10 alternative, uncommon uses for the following object. Provide only a numbered list (1-10), with one use per line and no explanations.",Paperclip,Conventional,"Task: List exactly 10 alternative, uncommon uses for the following object. Provide only a numbered list (1-10), with one use per line and no explanations.
Target: Paperclip
Condition: Be conventional.","
1. Unclog a clogged spray bottle nozzle  
2. Reset a small electronic device  
3. Create a makeshift fish hook  
4. Use as a bookmark  
5. Fashion a tiny hairpin  
6. Build a small chain link for jewelry  
7. Craft a simple fishing line clip  
8. Make a tiny screwdriver for electronics  
9. Use as a magnet to pick up metal filings  
10. Form a small keychain",gpt-oss-20b,Form a small keychain,0.8172840476036072,0.9946808510638298,
openai/gpt-oss-20b,Alternative Uses Task,"List exactly 10 alternative, uncommon uses for the following object. Provide only a numbered list (1-10), with one use per line and no explanations.",Towel,Standard,"Task: List exactly 10 alternative, uncommon uses for the following object. Provide only a numbered list (1-10), with one use per line and no explanations.
Target: Towel","
1. Temporary sail for a small boat or kite  
2. Heat shield for a stove or grill  
3. Moisture‑absorbing wrap for a wet garden patch  
4. DIY pillow for a quick camping rest  
5. Protective cover for delicate artwork during transport  
6. Makeshift bag to carry small tools or coins  
7. Soft brush for cleaning delicate electronics  
8. Windbreak for a small garden planter  
9. Heat‑reflective screen for a solar oven setup  
10. Pet grooming aid for removing loose fur and dirt",gpt-oss-20b,Temporary sail for a small boat or kite,0.8064862489700317,0.9894736842105263,
openai/gpt-oss-20b,Alternative Uses Task,"List exactly 10 alternative, uncommon uses for the following object. Provide only a numbered list (1-10), with one use per line and no explanations.",Towel,Standard,"Task: List exactly 10 alternative, uncommon uses for the following object. Provide only a numbered list (1-10), with one use per line and no explanations.
Target: Towel","
1. Temporary sail for a small boat or kite  
2. Heat shield for a stove or grill  
3. Moisture‑absorbing wrap for a wet garden patch  
4. DIY pillow for a quick camping rest  
5. Protective cover for delicate artwork during transport  
6. Makeshift bag to carry small tools or coins  
7. Soft brush for cleaning delicate electronics  
8. Windbreak for a small garden planter  
9. Heat‑reflective screen for a solar oven setup  
10. Pet grooming aid for removing loose fur and dirt",gpt-oss-20b,Heat shield for a stove or grill,0.9079172611236572,0.9894736842105263,
openai/gpt-oss-20b,Alternative Uses Task,"List exactly 10 alternative, uncommon uses for the following object. Provide only a numbered list (1-10), with one use per line and no explanations.",Towel,Standard,"Task: List exactly 10 alternative, uncommon uses for the following object. Provide only a numbered list (1-10), with one use per line and no explanations.
Target: Towel","
1. Temporary sail for a small boat or kite  
2. Heat shield for a stove or grill  
3. Moisture‑absorbing wrap for a wet garden patch  
4. DIY pillow for a quick camping rest  
5. Protective cover for delicate artwork during transport  
6. Makeshift bag to carry small tools or coins  
7. Soft brush for cleaning delicate electronics  
8. Windbreak for a small garden planter  
9. Heat‑reflective screen for a solar oven setup  
10. Pet grooming aid for removing loose fur and dirt",gpt-oss-20b,Moisture‑absorbing wrap for a wet garden patch,0.7143293619155884,0.9947368421052631,
openai/gpt-oss-20b,Alternative Uses Task,"List exactly 10 alternative, uncommon uses for the following object. Provide only a numbered list (1-10), with one use per line and no explanations.",Towel,Standard,"Task: List exactly 10 alternative, uncommon uses for the following object. Provide only a numbered list (1-10), with one use per line and no explanations.
Target: Towel","
1. Temporary sail for a small boat or kite  
2. Heat shield for a stove or grill  
3. Moisture‑absorbing wrap for a wet garden patch  
4. DIY pillow for a quick camping rest  
5. Protective cover for delicate artwork during transport  
6. Makeshift bag to carry small tools or coins  
7. Soft brush for cleaning delicate electronics  
8. Windbreak for a small garden planter  
9. Heat‑reflective screen for a solar oven setup  
10. Pet grooming aid for removing loose fur and dirt",gpt-oss-20b,DIY pillow for a quick camping rest,0.7719011902809143,0.9947368421052631,
openai/gpt-oss-20b,Alternative Uses Task,"List exactly 10 alternative, uncommon uses for the following object. Provide only a numbered list (1-10), with one use per line and no explanations.",Towel,Standard,"Task: List exactly 10 alternative, uncommon uses for the following object. Provide only a numbered list (1-10), with one use per line and no explanations.
Target: Towel","
1. Temporary sail for a small boat or kite  
2. Heat shield for a stove or grill  
3. Moisture‑absorbing wrap for a wet garden patch  
4. DIY pillow for a quick camping rest  
5. Protective cover for delicate artwork during transport  
6. Makeshift bag to carry small tools or coins  
7. Soft brush for cleaning delicate electronics  
8. Windbreak for a small garden planter  
9. Heat‑reflective screen for a solar oven setup  
10. Pet grooming aid for removing loose fur and dirt",gpt-oss-20b,Protective cover for delicate artwork during transport,0.9001879096031189,0.9947368421052631,
openai/gpt-oss-20b,Alternative Uses Task,"List exactly 10 alternative, uncommon uses for the following object. Provide only a numbered list (1-10), with one use per line and no explanations.",Towel,Standard,"Task: List exactly 10 alternative, uncommon uses for the following object. Provide only a numbered list (1-10), with one use per line and no explanations.
Target: Towel","
1. Temporary sail for a small boat or kite  
2. Heat shield for a stove or grill  
3. Moisture‑absorbing wrap for a wet garden patch  
4. DIY pillow for a quick camping rest  
5. Protective cover for delicate artwork during transport  
6. Makeshift bag to carry small tools or coins  
7. Soft brush for cleaning delicate electronics  
8. Windbreak for a small garden planter  
9. Heat‑reflective screen for a solar oven setup  
10. Pet grooming aid for removing loose fur and dirt",gpt-oss-20b,Makeshift bag to carry small tools or coins,0.8275718688964844,0.9947368421052631,
openai/gpt-oss-20b,Alternative Uses Task,"List exactly 10 alternative, uncommon uses for the following object. Provide only a numbered list (1-10), with one use per line and no explanations.",Towel,Standard,"Task: List exactly 10 alternative, uncommon uses for the following object. Provide only a numbered list (1-10), with one use per line and no explanations.
Target: Towel","
1. Temporary sail for a small boat or kite  
2. Heat shield for a stove or grill  
3. Moisture‑absorbing wrap for a wet garden patch  
4. DIY pillow for a quick camping rest  
5. Protective cover for delicate artwork during transport  
6. Makeshift bag to carry small tools or coins  
7. Soft brush for cleaning delicate electronics  
8. Windbreak for a small garden planter  
9. Heat‑reflective screen for a solar oven setup  
10. Pet grooming aid for removing loose fur and dirt",gpt-oss-20b,Soft brush for cleaning delicate electronics,0.8020772337913513,0.9947368421052631,
openai/gpt-oss-20b,Alternative Uses Task,"List exactly 10 alternative, uncommon uses for the following object. Provide only a numbered list (1-10), with one use per line and no explanations.",Towel,Standard,"Task: List exactly 10 alternative, uncommon uses for the following object. Provide only a numbered list (1-10), with one use per line and no explanations.
Target: Towel","
1. Temporary sail for a small boat or kite  
2. Heat shield for a stove or grill  
3. Moisture‑absorbing wrap for a wet garden patch  
4. DIY pillow for a quick camping rest  
5. Protective cover for delicate artwork during transport  
6. Makeshift bag to carry small tools or coins  
7. Soft brush for cleaning delicate electronics  
8. Windbreak for a small garden planter  
9. Heat‑reflective screen for a solar oven setup  
10. Pet grooming aid for removing loose fur and dirt",gpt-oss-20b,Windbreak for a small garden planter,0.862522542476654,0.9947368421052631,
openai/gpt-oss-20b,Alternative Uses Task,"List exactly 10 alternative, uncommon uses for the following object. Provide only a numbered list (1-10), with one use per line and no explanations.",Towel,Standard,"Task: List exactly 10 alternative, uncommon uses for the following object. Provide only a numbered list (1-10), with one use per line and no explanations.
Target: Towel","
1. Temporary sail for a small boat or kite  
2. Heat shield for a stove or grill  
3. Moisture‑absorbing wrap for a wet garden patch  
4. DIY pillow for a quick camping rest  
5. Protective cover for delicate artwork during transport  
6. Makeshift bag to carry small tools or coins  
7. Soft brush for cleaning delicate electronics  
8. Windbreak for a small garden planter  
9. Heat‑reflective screen for a solar oven setup  
10. Pet grooming aid for removing loose fur and dirt",gpt-oss-20b,Heat‑reflective screen for a solar oven setup,0.9397156238555908,0.9947368421052631,
openai/gpt-oss-20b,Alternative Uses Task,"List exactly 10 alternative, uncommon uses for the following object. Provide only a numbered list (1-10), with one use per line and no explanations.",Towel,Standard,"Task: List exactly 10 alternative, uncommon uses for the following object. Provide only a numbered list (1-10), with one use per line and no explanations.
Target: Towel","
1. Temporary sail for a small boat or kite  
2. Heat shield for a stove or grill  
3. Moisture‑absorbing wrap for a wet garden patch  
4. DIY pillow for a quick camping rest  
5. Protective cover for delicate artwork during transport  
6. Makeshift bag to carry small tools or coins  
7. Soft brush for cleaning delicate electronics  
8. Windbreak for a small garden planter  
9. Heat‑reflective screen for a solar oven setup  
10. Pet grooming aid for removing loose fur and dirt",gpt-oss-20b,Pet grooming aid for removing loose fur and dirt,0.702643871307373,0.9947368421052631,
openai/gpt-oss-20b,Alternative Uses Task,"List exactly 10 alternative, uncommon uses for the following object. Provide only a numbered list (1-10), with one use per line and no explanations.",Towel,Creative,"Task: List exactly 10 alternative, uncommon uses for the following object. Provide only a numbered list (1-10), with one use per line and no explanations.
Target: Towel
Condition: Be creative.","
1. DIY wind chime by hanging small metal objects on a towel  
2. Temporary sail for a small kayak or dinghy  
3. Sunshade for a potted plant on a windowsill  
4. Portable heat shield for a barbecue grill  
5. Dust mask for construction sites  
6. Reflective surface to concentrate sunlight for a solar oven  
7. Quick shelter for a small pet during a storm  
8. Safety net for a skateboard trick to catch a falling board  
9. Emergency signaling device by arranging bright colors in a pattern  
10. Protective cover for a smartphone during a rainstorm",gpt-oss-20b,DIY wind chime by hanging small metal objects on a towel,0.6793675422668457,0.9947368421052631,
openai/gpt-oss-20b,Alternative Uses Task,"List exactly 10 alternative, uncommon uses for the following object. Provide only a numbered list (1-10), with one use per line and no explanations.",Towel,Creative,"Task: List exactly 10 alternative, uncommon uses for the following object. Provide only a numbered list (1-10), with one use per line and no explanations.
Target: Towel
Condition: Be creative.","
1. DIY wind chime by hanging small metal objects on a towel  
2. Temporary sail for a small kayak or dinghy  
3. Sunshade for a potted plant on a windowsill  
4. Portable heat shield for a barbecue grill  
5. Dust mask for construction sites  
6. Reflective surface to concentrate sunlight for a solar oven  
7. Quick shelter for a small pet during a storm  
8. Safety net for a skateboard trick to catch a falling board  
9. Emergency signaling device by arranging bright colors in a pattern  
10. Protective cover for a smartphone during a rainstorm",gpt-oss-20b,Temporary sail for a small kayak or dinghy,0.8185524940490723,0.9842105263157894,
openai/gpt-oss-20b,Alternative Uses Task,"List exactly 10 alternative, uncommon uses for the following object. Provide only a numbered list (1-10), with one use per line and no explanations.",Towel,Creative,"Task: List exactly 10 alternative, uncommon uses for the following object. Provide only a numbered list (1-10), with one use per line and no explanations.
Target: Towel
Condition: Be creative.","
1. DIY wind chime by hanging small metal objects on a towel  
2. Temporary sail for a small kayak or dinghy  
3. Sunshade for a potted plant on a windowsill  
4. Portable heat shield for a barbecue grill  
5. Dust mask for construction sites  
6. Reflective surface to concentrate sunlight for a solar oven  
7. Quick shelter for a small pet during a storm  
8. Safety net for a skateboard trick to catch a falling board  
9. Emergency signaling device by arranging bright colors in a pattern  
10. Protective cover for a smartphone during a rainstorm",gpt-oss-20b,Sunshade for a potted plant on a windowsill,0.9553173780441284,0.9947368421052631,
openai/gpt-oss-20b,Alternative Uses Task,"List exactly 10 alternative, uncommon uses for the following object. Provide only a numbered list (1-10), with one use per line and no explanations.",Towel,Creative,"Task: List exactly 10 alternative, uncommon uses for the following object. Provide only a numbered list (1-10), with one use per line and no explanations.
Target: Towel
Condition: Be creative.","
1. DIY wind chime by hanging small metal objects on a towel  
2. Temporary sail for a small kayak or dinghy  
3. Sunshade for a potted plant on a windowsill  
4. Portable heat shield for a barbecue grill  
5. Dust mask for construction sites  
6. Reflective surface to concentrate sunlight for a solar oven  
7. Quick shelter for a small pet during a storm  
8. Safety net for a skateboard trick to catch a falling board  
9. Emergency signaling device by arranging bright colors in a pattern  
10. Protective cover for a smartphone during a rainstorm",gpt-oss-20b,Portable heat shield for a barbecue grill,0.85417240858078,0.9894736842105263,
openai/gpt-oss-20b,Alternative Uses Task,"List exactly 10 alternative, uncommon uses for the following object. Provide only a numbered list (1-10), with one use per line and no explanations.",Towel,Creative,"Task: List exactly 10 alternative, uncommon uses for the following object. Provide only a numbered list (1-10), with one use per line and no explanations.
Target: Towel
Condition: Be creative.","
1. DIY wind chime by hanging small metal objects on a towel  
2. Temporary sail for a small kayak or dinghy  
3. Sunshade for a potted plant on a windowsill  
4. Portable heat shield for a barbecue grill  
5. Dust mask for construction sites  
6. Reflective surface to concentrate sunlight for a solar oven  
7. Quick shelter for a small pet during a storm  
8. Safety net for a skateboard trick to catch a falling board  
9. Emergency signaling device by arranging bright colors in a pattern  
10. Protective cover for a smartphone during a rainstorm",gpt-oss-20b,Dust mask for construction sites,0.8704596161842346,0.9947368421052631,
openai/gpt-oss-20b,Alternative Uses Task,"List exactly 10 alternative, uncommon uses for the following object. Provide only a numbered list (1-10), with one use per line and no explanations.",Towel,Creative,"Task: List exactly 10 alternative, uncommon uses for the following object. Provide only a numbered list (1-10), with one use per line and no explanations.
Target: Towel
Condition: Be creative.","
1. DIY wind chime by hanging small metal objects on a towel  
2. Temporary sail for a small kayak or dinghy  
3. Sunshade for a potted plant on a windowsill  
4. Portable heat shield for a barbecue grill  
5. Dust mask for construction sites  
6. Reflective surface to concentrate sunlight for a solar oven  
7. Quick shelter for a small pet during a storm  
8. Safety net for a skateboard trick to catch a falling board  
9. Emergency signaling device by arranging bright colors in a pattern  
10. Protective cover for a smartphone during a rainstorm",gpt-oss-20b,Reflective surface to concentrate sunlight for a solar oven,0.917778730392456,0.9947368421052631,
openai/gpt-oss-20b,Alternative Uses Task,"List exactly 10 alternative, uncommon uses for the following object. Provide only a numbered list (1-10), with one use per line and no explanations.",Towel,Creative,"Task: List exactly 10 alternative, uncommon uses for the following object. Provide only a numbered list (1-10), with one use per line and no explanations.
Target: Towel
Condition: Be creative.","
1. DIY wind chime by hanging small metal objects on a towel  
2. Temporary sail for a small kayak or dinghy  
3. Sunshade for a potted plant on a windowsill  
4. Portable heat shield for a barbecue grill  
5. Dust mask for construction sites  
6. Reflective surface to concentrate sunlight for a solar oven  
7. Quick shelter for a small pet during a storm  
8. Safety net for a skateboard trick to catch a falling board  
9. Emergency signaling device by arranging bright colors in a pattern  
10. Protective cover for a smartphone during a rainstorm",gpt-oss-20b,Quick shelter for a small pet during a storm,0.8246346712112427,0.9947368421052631,
openai/gpt-oss-20b,Alternative Uses Task,"List exactly 10 alternative, uncommon uses for the following object. Provide only a numbered list (1-10), with one use per line and no explanations.",Towel,Creative,"Task: List exactly 10 alternative, uncommon uses for the following object. Provide only a numbered list (1-10), with one use per line and no explanations.
Target: Towel
Condition: Be creative.","
1. DIY wind chime by hanging small metal objects on a towel  
2. Temporary sail for a small kayak or dinghy  
3. Sunshade for a potted plant on a windowsill  
4. Portable heat shield for a barbecue grill  
5. Dust mask for construction sites  
6. Reflective surface to concentrate sunlight for a solar oven  
7. Quick shelter for a small pet during a storm  
8. Safety net for a skateboard trick to catch a falling board  
9. Emergency signaling device by arranging bright colors in a pattern  
10. Protective cover for a smartphone during a rainstorm",gpt-oss-20b,Safety net for a skateboard trick to catch a falling board,0.8277880549430847,0.9947368421052631,
openai/gpt-oss-20b,Alternative Uses Task,"List exactly 10 alternative, uncommon uses for the following object. Provide only a numbered list (1-10), with one use per line and no explanations.",Towel,Creative,"Task: List exactly 10 alternative, uncommon uses for the following object. Provide only a numbered list (1-10), with one use per line and no explanations.
Target: Towel
Condition: Be creative.","
1. DIY wind chime by hanging small metal objects on a towel  
2. Temporary sail for a small kayak or dinghy  
3. Sunshade for a potted plant on a windowsill  
4. Portable heat shield for a barbecue grill  
5. Dust mask for construction sites  
6. Reflective surface to concentrate sunlight for a solar oven  
7. Quick shelter for a small pet during a storm  
8. Safety net for a skateboard trick to catch a falling board  
9. Emergency signaling device by arranging bright colors in a pattern  
10. Protective cover for a smartphone during a rainstorm",gpt-oss-20b,Emergency signaling device by arranging bright colors in a pattern,0.8144282698631287,0.9947368421052631,
openai/gpt-oss-20b,Alternative Uses Task,"List exactly 10 alternative, uncommon uses for the following object. Provide only a numbered list (1-10), with one use per line and no explanations.",Towel,Creative,"Task: List exactly 10 alternative, uncommon uses for the following object. Provide only a numbered list (1-10), with one use per line and no explanations.
Target: Towel
Condition: Be creative.","
1. DIY wind chime by hanging small metal objects on a towel  
2. Temporary sail for a small kayak or dinghy  
3. Sunshade for a potted plant on a windowsill  
4. Portable heat shield for a barbecue grill  
5. Dust mask for construction sites  
6. Reflective surface to concentrate sunlight for a solar oven  
7. Quick shelter for a small pet during a storm  
8. Safety net for a skateboard trick to catch a falling board  
9. Emergency signaling device by arranging bright colors in a pattern  
10. Protective cover for a smartphone during a rainstorm",gpt-oss-20b,Protective cover for a smartphone during a rainstorm,0.7790850400924683,0.9947368421052631,
openai/gpt-oss-20b,Alternative Uses Task,"List exactly 10 alternative, uncommon uses for the following object. Provide only a numbered list (1-10), with one use per line and no explanations.",Towel,Effective,"Task: List exactly 10 alternative, uncommon uses for the following object. Provide only a numbered list (1-10), with one use per line and no explanations.
Target: Towel
Condition: Be effective.","
1. Use as a makeshift pillow for travel  
2. Use as a heat pad by soaking in hot water and wringing out  
3. Fold into a reflector to focus sunlight onto a target for solar cooking  
4. Wrap around a small item to sling it for easy carrying  
5. Place over a laptop or tablet to protect it during transit  
6. Crumple and soak in oil, then ignite to start a fire  
7. Hang over a small area to act as a drying rack for dishes or glasses  
8. Attach to a small boat or kayak to serve as a makeshift sail  
9. Rub on polished surfaces to remove fingerprints and restore shine  
10. Weigh down a sheet or blanket on windy days by tying it to the towel",gpt-oss-20b,Use as a makeshift pillow for travel,0.7246531248092651,0.9947368421052631,
openai/gpt-oss-20b,Alternative Uses Task,"List exactly 10 alternative, uncommon uses for the following object. Provide only a numbered list (1-10), with one use per line and no explanations.",Towel,Effective,"Task: List exactly 10 alternative, uncommon uses for the following object. Provide only a numbered list (1-10), with one use per line and no explanations.
Target: Towel
Condition: Be effective.","
1. Use as a makeshift pillow for travel  
2. Use as a heat pad by soaking in hot water and wringing out  
3. Fold into a reflector to focus sunlight onto a target for solar cooking  
4. Wrap around a small item to sling it for easy carrying  
5. Place over a laptop or tablet to protect it during transit  
6. Crumple and soak in oil, then ignite to start a fire  
7. Hang over a small area to act as a drying rack for dishes or glasses  
8. Attach to a small boat or kayak to serve as a makeshift sail  
9. Rub on polished surfaces to remove fingerprints and restore shine  
10. Weigh down a sheet or blanket on windy days by tying it to the towel",gpt-oss-20b,Use as a heat pad by soaking in hot water and wringing out,0.5488092303276062,0.9947368421052631,
openai/gpt-oss-20b,Alternative Uses Task,"List exactly 10 alternative, uncommon uses for the following object. Provide only a numbered list (1-10), with one use per line and no explanations.",Towel,Effective,"Task: List exactly 10 alternative, uncommon uses for the following object. Provide only a numbered list (1-10), with one use per line and no explanations.
Target: Towel
Condition: Be effective.","
1. Use as a makeshift pillow for travel  
2. Use as a heat pad by soaking in hot water and wringing out  
3. Fold into a reflector to focus sunlight onto a target for solar cooking  
4. Wrap around a small item to sling it for easy carrying  
5. Place over a laptop or tablet to protect it during transit  
6. Crumple and soak in oil, then ignite to start a fire  
7. Hang over a small area to act as a drying rack for dishes or glasses  
8. Attach to a small boat or kayak to serve as a makeshift sail  
9. Rub on polished surfaces to remove fingerprints and restore shine  
10. Weigh down a sheet or blanket on windy days by tying it to the towel",gpt-oss-20b,Fold into a reflector to focus sunlight onto a target for solar cooking,0.8495795130729675,0.9947368421052631,
openai/gpt-oss-20b,Alternative Uses Task,"List exactly 10 alternative, uncommon uses for the following object. Provide only a numbered list (1-10), with one use per line and no explanations.",Towel,Effective,"Task: List exactly 10 alternative, uncommon uses for the following object. Provide only a numbered list (1-10), with one use per line and no explanations.
Target: Towel
Condition: Be effective.","
1. Use as a makeshift pillow for travel  
2. Use as a heat pad by soaking in hot water and wringing out  
3. Fold into a reflector to focus sunlight onto a target for solar cooking  
4. Wrap around a small item to sling it for easy carrying  
5. Place over a laptop or tablet to protect it during transit  
6. Crumple and soak in oil, then ignite to start a fire  
7. Hang over a small area to act as a drying rack for dishes or glasses  
8. Attach to a small boat or kayak to serve as a makeshift sail  
9. Rub on polished surfaces to remove fingerprints and restore shine  
10. Weigh down a sheet or blanket on windy days by tying it to the towel",gpt-oss-20b,Wrap around a small item to sling it for easy carrying,0.7168536186218262,0.9947368421052631,
openai/gpt-oss-20b,Alternative Uses Task,"List exactly 10 alternative, uncommon uses for the following object. Provide only a numbered list (1-10), with one use per line and no explanations.",Towel,Effective,"Task: List exactly 10 alternative, uncommon uses for the following object. Provide only a numbered list (1-10), with one use per line and no explanations.
Target: Towel
Condition: Be effective.","
1. Use as a makeshift pillow for travel  
2. Use as a heat pad by soaking in hot water and wringing out  
3. Fold into a reflector to focus sunlight onto a target for solar cooking  
4. Wrap around a small item to sling it for easy carrying  
5. Place over a laptop or tablet to protect it during transit  
6. Crumple and soak in oil, then ignite to start a fire  
7. Hang over a small area to act as a drying rack for dishes or glasses  
8. Attach to a small boat or kayak to serve as a makeshift sail  
9. Rub on polished surfaces to remove fingerprints and restore shine  
10. Weigh down a sheet or blanket on windy days by tying it to the towel",gpt-oss-20b,Place over a laptop or tablet to protect it during transit,0.8631855249404907,0.9947368421052631,
openai/gpt-oss-20b,Alternative Uses Task,"List exactly 10 alternative, uncommon uses for the following object. Provide only a numbered list (1-10), with one use per line and no explanations.",Towel,Effective,"Task: List exactly 10 alternative, uncommon uses for the following object. Provide only a numbered list (1-10), with one use per line and no explanations.
Target: Towel
Condition: Be effective.","
1. Use as a makeshift pillow for travel  
2. Use as a heat pad by soaking in hot water and wringing out  
3. Fold into a reflector to focus sunlight onto a target for solar cooking  
4. Wrap around a small item to sling it for easy carrying  
5. Place over a laptop or tablet to protect it during transit  
6. Crumple and soak in oil, then ignite to start a fire  
7. Hang over a small area to act as a drying rack for dishes or glasses  
8. Attach to a small boat or kayak to serve as a makeshift sail  
9. Rub on polished surfaces to remove fingerprints and restore shine  
10. Weigh down a sheet or blanket on windy days by tying it to the towel",gpt-oss-20b,"Crumple and soak in oil, then ignite to start a fire",0.8273463249206543,0.9947368421052631,
openai/gpt-oss-20b,Alternative Uses Task,"List exactly 10 alternative, uncommon uses for the following object. Provide only a numbered list (1-10), with one use per line and no explanations.",Towel,Effective,"Task: List exactly 10 alternative, uncommon uses for the following object. Provide only a numbered list (1-10), with one use per line and no explanations.
Target: Towel
Condition: Be effective.","
1. Use as a makeshift pillow for travel  
2. Use as a heat pad by soaking in hot water and wringing out  
3. Fold into a reflector to focus sunlight onto a target for solar cooking  
4. Wrap around a small item to sling it for easy carrying  
5. Place over a laptop or tablet to protect it during transit  
6. Crumple and soak in oil, then ignite to start a fire  
7. Hang over a small area to act as a drying rack for dishes or glasses  
8. Attach to a small boat or kayak to serve as a makeshift sail  
9. Rub on polished surfaces to remove fingerprints and restore shine  
10. Weigh down a sheet or blanket on windy days by tying it to the towel",gpt-oss-20b,Hang over a small area to act as a drying rack for dishes or glasses,0.6346923112869263,0.9947368421052631,
openai/gpt-oss-20b,Alternative Uses Task,"List exactly 10 alternative, uncommon uses for the following object. Provide only a numbered list (1-10), with one use per line and no explanations.",Towel,Effective,"Task: List exactly 10 alternative, uncommon uses for the following object. Provide only a numbered list (1-10), with one use per line and no explanations.
Target: Towel
Condition: Be effective.","
1. Use as a makeshift pillow for travel  
2. Use as a heat pad by soaking in hot water and wringing out  
3. Fold into a reflector to focus sunlight onto a target for solar cooking  
4. Wrap around a small item to sling it for easy carrying  
5. Place over a laptop or tablet to protect it during transit  
6. Crumple and soak in oil, then ignite to start a fire  
7. Hang over a small area to act as a drying rack for dishes or glasses  
8. Attach to a small boat or kayak to serve as a makeshift sail  
9. Rub on polished surfaces to remove fingerprints and restore shine  
10. Weigh down a sheet or blanket on windy days by tying it to the towel",gpt-oss-20b,Attach to a small boat or kayak to serve as a makeshift sail,0.7661716938018799,0.9894736842105263,
openai/gpt-oss-20b,Alternative Uses Task,"List exactly 10 alternative, uncommon uses for the following object. Provide only a numbered list (1-10), with one use per line and no explanations.",Towel,Effective,"Task: List exactly 10 alternative, uncommon uses for the following object. Provide only a numbered list (1-10), with one use per line and no explanations.
Target: Towel
Condition: Be effective.","
1. Use as a makeshift pillow for travel  
2. Use as a heat pad by soaking in hot water and wringing out  
3. Fold into a reflector to focus sunlight onto a target for solar cooking  
4. Wrap around a small item to sling it for easy carrying  
5. Place over a laptop or tablet to protect it during transit  
6. Crumple and soak in oil, then ignite to start a fire  
7. Hang over a small area to act as a drying rack for dishes or glasses  
8. Attach to a small boat or kayak to serve as a makeshift sail  
9. Rub on polished surfaces to remove fingerprints and restore shine  
10. Weigh down a sheet or blanket on windy days by tying it to the towel",gpt-oss-20b,Rub on polished surfaces to remove fingerprints and restore shine,0.8277229070663452,0.9947368421052631,
openai/gpt-oss-20b,Alternative Uses Task,"List exactly 10 alternative, uncommon uses for the following object. Provide only a numbered list (1-10), with one use per line and no explanations.",Towel,Effective,"Task: List exactly 10 alternative, uncommon uses for the following object. Provide only a numbered list (1-10), with one use per line and no explanations.
Target: Towel
Condition: Be effective.","
1. Use as a makeshift pillow for travel  
2. Use as a heat pad by soaking in hot water and wringing out  
3. Fold into a reflector to focus sunlight onto a target for solar cooking  
4. Wrap around a small item to sling it for easy carrying  
5. Place over a laptop or tablet to protect it during transit  
6. Crumple and soak in oil, then ignite to start a fire  
7. Hang over a small area to act as a drying rack for dishes or glasses  
8. Attach to a small boat or kayak to serve as a makeshift sail  
9. Rub on polished surfaces to remove fingerprints and restore shine  
10. Weigh down a sheet or blanket on windy days by tying it to the towel",gpt-oss-20b,Weigh down a sheet or blanket on windy days by tying it to the towel,0.5762002468109131,0.9947368421052631,
openai/gpt-oss-20b,Alternative Uses Task,"List exactly 10 alternative, uncommon uses for the following object. Provide only a numbered list (1-10), with one use per line and no explanations.",Towel,Boring,"Task: List exactly 10 alternative, uncommon uses for the following object. Provide only a numbered list (1-10), with one use per line and no explanations.
Target: Towel
Condition: Be boring.","
1. Use as a makeshift blanket for a picnic.  
2. Use as a dust rag for cleaning surfaces.  
3. Use as a pillow for a pet’s head.  
4. Use as a wrap for a small plant pot.  
5. Use as a towel for drying dishes.  
6. Use as a cover for a laptop during travel.  
7. Use as a light shield from the sun on a hike.  
8. Use as a small bag for carrying a few items.  
9. Use as a dampening pad for a tabletop.  
10. Use as a quick wipe for a spilled drink.",gpt-oss-20b,Use as a makeshift blanket for a picnic.,0.6302100419998169,0.9947368421052631,
openai/gpt-oss-20b,Alternative Uses Task,"List exactly 10 alternative, uncommon uses for the following object. Provide only a numbered list (1-10), with one use per line and no explanations.",Towel,Boring,"Task: List exactly 10 alternative, uncommon uses for the following object. Provide only a numbered list (1-10), with one use per line and no explanations.
Target: Towel
Condition: Be boring.","
1. Use as a makeshift blanket for a picnic.  
2. Use as a dust rag for cleaning surfaces.  
3. Use as a pillow for a pet’s head.  
4. Use as a wrap for a small plant pot.  
5. Use as a towel for drying dishes.  
6. Use as a cover for a laptop during travel.  
7. Use as a light shield from the sun on a hike.  
8. Use as a small bag for carrying a few items.  
9. Use as a dampening pad for a tabletop.  
10. Use as a quick wipe for a spilled drink.",gpt-oss-20b,Use as a dust rag for cleaning surfaces.,0.5911829471588135,0.9947368421052631,
openai/gpt-oss-20b,Alternative Uses Task,"List exactly 10 alternative, uncommon uses for the following object. Provide only a numbered list (1-10), with one use per line and no explanations.",Towel,Boring,"Task: List exactly 10 alternative, uncommon uses for the following object. Provide only a numbered list (1-10), with one use per line and no explanations.
Target: Towel
Condition: Be boring.","
1. Use as a makeshift blanket for a picnic.  
2. Use as a dust rag for cleaning surfaces.  
3. Use as a pillow for a pet’s head.  
4. Use as a wrap for a small plant pot.  
5. Use as a towel for drying dishes.  
6. Use as a cover for a laptop during travel.  
7. Use as a light shield from the sun on a hike.  
8. Use as a small bag for carrying a few items.  
9. Use as a dampening pad for a tabletop.  
10. Use as a quick wipe for a spilled drink.",gpt-oss-20b,Use as a pillow for a pet’s head.,0.7492380738258362,0.9947368421052631,
openai/gpt-oss-20b,Alternative Uses Task,"List exactly 10 alternative, uncommon uses for the following object. Provide only a numbered list (1-10), with one use per line and no explanations.",Towel,Boring,"Task: List exactly 10 alternative, uncommon uses for the following object. Provide only a numbered list (1-10), with one use per line and no explanations.
Target: Towel
Condition: Be boring.","
1. Use as a makeshift blanket for a picnic.  
2. Use as a dust rag for cleaning surfaces.  
3. Use as a pillow for a pet’s head.  
4. Use as a wrap for a small plant pot.  
5. Use as a towel for drying dishes.  
6. Use as a cover for a laptop during travel.  
7. Use as a light shield from the sun on a hike.  
8. Use as a small bag for carrying a few items.  
9. Use as a dampening pad for a tabletop.  
10. Use as a quick wipe for a spilled drink.",gpt-oss-20b,Use as a wrap for a small plant pot.,0.6650526523590088,0.9947368421052631,
openai/gpt-oss-20b,Alternative Uses Task,"List exactly 10 alternative, uncommon uses for the following object. Provide only a numbered list (1-10), with one use per line and no explanations.",Towel,Boring,"Task: List exactly 10 alternative, uncommon uses for the following object. Provide only a numbered list (1-10), with one use per line and no explanations.
Target: Towel
Condition: Be boring.","
1. Use as a makeshift blanket for a picnic.  
2. Use as a dust rag for cleaning surfaces.  
3. Use as a pillow for a pet’s head.  
4. Use as a wrap for a small plant pot.  
5. Use as a towel for drying dishes.  
6. Use as a cover for a laptop during travel.  
7. Use as a light shield from the sun on a hike.  
8. Use as a small bag for carrying a few items.  
9. Use as a dampening pad for a tabletop.  
10. Use as a quick wipe for a spilled drink.",gpt-oss-20b,Use as a towel for drying dishes.,0.3658512234687805,0.9947368421052631,
openai/gpt-oss-20b,Alternative Uses Task,"List exactly 10 alternative, uncommon uses for the following object. Provide only a numbered list (1-10), with one use per line and no explanations.",Towel,Boring,"Task: List exactly 10 alternative, uncommon uses for the following object. Provide only a numbered list (1-10), with one use per line and no explanations.
Target: Towel
Condition: Be boring.","
1. Use as a makeshift blanket for a picnic.  
2. Use as a dust rag for cleaning surfaces.  
3. Use as a pillow for a pet’s head.  
4. Use as a wrap for a small plant pot.  
5. Use as a towel for drying dishes.  
6. Use as a cover for a laptop during travel.  
7. Use as a light shield from the sun on a hike.  
8. Use as a small bag for carrying a few items.  
9. Use as a dampening pad for a tabletop.  
10. Use as a quick wipe for a spilled drink.",gpt-oss-20b,Use as a cover for a laptop during travel.,0.7649942636489868,0.9947368421052631,
openai/gpt-oss-20b,Alternative Uses Task,"List exactly 10 alternative, uncommon uses for the following object. Provide only a numbered list (1-10), with one use per line and no explanations.",Towel,Boring,"Task: List exactly 10 alternative, uncommon uses for the following object. Provide only a numbered list (1-10), with one use per line and no explanations.
Target: Towel
Condition: Be boring.","
1. Use as a makeshift blanket for a picnic.  
2. Use as a dust rag for cleaning surfaces.  
3. Use as a pillow for a pet’s head.  
4. Use as a wrap for a small plant pot.  
5. Use as a towel for drying dishes.  
6. Use as a cover for a laptop during travel.  
7. Use as a light shield from the sun on a hike.  
8. Use as a small bag for carrying a few items.  
9. Use as a dampening pad for a tabletop.  
10. Use as a quick wipe for a spilled drink.",gpt-oss-20b,Use as a light shield from the sun on a hike.,0.7559728622436523,0.9947368421052631,
openai/gpt-oss-20b,Alternative Uses Task,"List exactly 10 alternative, uncommon uses for the following object. Provide only a numbered list (1-10), with one use per line and no explanations.",Towel,Boring,"Task: List exactly 10 alternative, uncommon uses for the following object. Provide only a numbered list (1-10), with one use per line and no explanations.
Target: Towel
Condition: Be boring.","
1. Use as a makeshift blanket for a picnic.  
2. Use as a dust rag for cleaning surfaces.  
3. Use as a pillow for a pet’s head.  
4. Use as a wrap for a small plant pot.  
5. Use as a towel for drying dishes.  
6. Use as a cover for a laptop during travel.  
7. Use as a light shield from the sun on a hike.  
8. Use as a small bag for carrying a few items.  
9. Use as a dampening pad for a tabletop.  
10. Use as a quick wipe for a spilled drink.",gpt-oss-20b,Use as a small bag for carrying a few items.,0.7839821577072144,0.9947368421052631,
openai/gpt-oss-20b,Alternative Uses Task,"List exactly 10 alternative, uncommon uses for the following object. Provide only a numbered list (1-10), with one use per line and no explanations.",Towel,Boring,"Task: List exactly 10 alternative, uncommon uses for the following object. Provide only a numbered list (1-10), with one use per line and no explanations.
Target: Towel
Condition: Be boring.","
1. Use as a makeshift blanket for a picnic.  
2. Use as a dust rag for cleaning surfaces.  
3. Use as a pillow for a pet’s head.  
4. Use as a wrap for a small plant pot.  
5. Use as a towel for drying dishes.  
6. Use as a cover for a laptop during travel.  
7. Use as a light shield from the sun on a hike.  
8. Use as a small bag for carrying a few items.  
9. Use as a dampening pad for a tabletop.  
10. Use as a quick wipe for a spilled drink.",gpt-oss-20b,Use as a dampening pad for a tabletop.,0.657326340675354,0.9947368421052631,
openai/gpt-oss-20b,Alternative Uses Task,"List exactly 10 alternative, uncommon uses for the following object. Provide only a numbered list (1-10), with one use per line and no explanations.",Towel,Boring,"Task: List exactly 10 alternative, uncommon uses for the following object. Provide only a numbered list (1-10), with one use per line and no explanations.
Target: Towel
Condition: Be boring.","
1. Use as a makeshift blanket for a picnic.  
2. Use as a dust rag for cleaning surfaces.  
3. Use as a pillow for a pet’s head.  
4. Use as a wrap for a small plant pot.  
5. Use as a towel for drying dishes.  
6. Use as a cover for a laptop during travel.  
7. Use as a light shield from the sun on a hike.  
8. Use as a small bag for carrying a few items.  
9. Use as a dampening pad for a tabletop.  
10. Use as a quick wipe for a spilled drink.",gpt-oss-20b,Use as a quick wipe for a spilled drink.,0.5345290899276733,0.9947368421052631,
openai/gpt-oss-20b,Alternative Uses Task,"List exactly 10 alternative, uncommon uses for the following object. Provide only a numbered list (1-10), with one use per line and no explanations.",Newspaper,Standard,"Task: List exactly 10 alternative, uncommon uses for the following object. Provide only a numbered list (1-10), with one use per line and no explanations.
Target: Newspaper","
1. Make a temporary, low‑cost windbreak by folding it into a lattice.  
2. Use it as a quick, disposable barrier to protect paint from splatter.  
3. Create a makeshift, lightweight heat shield for a small solar oven.  
4. Craft a paper “glove” to handle hot metal surfaces in a workshop.  
5. Line a small container to keep delicate items dry during shipping.  
6. Cut into strips and weave into a decorative, eco‑friendly rug.  
7. Use it as a light, absorbent pad for cleaning up spills in a lab.  
8. Fold into a compact, emergency signal mirror for outdoor survival kits.  
9. Glue onto a surface to create a temporary, textured art background.  
10. Wrap around a fragile object to give it a unique, paper‑wrapped look for a photo shoot.",gpt-oss-20b,"Make a temporary, low‑cost windbreak by folding it into a lattice.",0.8495436906814575,0.9945054945054945,
openai/gpt-oss-20b,Alternative Uses Task,"List exactly 10 alternative, uncommon uses for the following object. Provide only a numbered list (1-10), with one use per line and no explanations.",Newspaper,Standard,"Task: List exactly 10 alternative, uncommon uses for the following object. Provide only a numbered list (1-10), with one use per line and no explanations.
Target: Newspaper","
1. Make a temporary, low‑cost windbreak by folding it into a lattice.  
2. Use it as a quick, disposable barrier to protect paint from splatter.  
3. Create a makeshift, lightweight heat shield for a small solar oven.  
4. Craft a paper “glove” to handle hot metal surfaces in a workshop.  
5. Line a small container to keep delicate items dry during shipping.  
6. Cut into strips and weave into a decorative, eco‑friendly rug.  
7. Use it as a light, absorbent pad for cleaning up spills in a lab.  
8. Fold into a compact, emergency signal mirror for outdoor survival kits.  
9. Glue onto a surface to create a temporary, textured art background.  
10. Wrap around a fragile object to give it a unique, paper‑wrapped look for a photo shoot.",gpt-oss-20b,"Use it as a quick, disposable barrier to protect paint from splatter.",0.8232463002204895,0.9945054945054945,
openai/gpt-oss-20b,Alternative Uses Task,"List exactly 10 alternative, uncommon uses for the following object. Provide only a numbered list (1-10), with one use per line and no explanations.",Newspaper,Standard,"Task: List exactly 10 alternative, uncommon uses for the following object. Provide only a numbered list (1-10), with one use per line and no explanations.
Target: Newspaper","
1. Make a temporary, low‑cost windbreak by folding it into a lattice.  
2. Use it as a quick, disposable barrier to protect paint from splatter.  
3. Create a makeshift, lightweight heat shield for a small solar oven.  
4. Craft a paper “glove” to handle hot metal surfaces in a workshop.  
5. Line a small container to keep delicate items dry during shipping.  
6. Cut into strips and weave into a decorative, eco‑friendly rug.  
7. Use it as a light, absorbent pad for cleaning up spills in a lab.  
8. Fold into a compact, emergency signal mirror for outdoor survival kits.  
9. Glue onto a surface to create a temporary, textured art background.  
10. Wrap around a fragile object to give it a unique, paper‑wrapped look for a photo shoot.",gpt-oss-20b,"Create a makeshift, lightweight heat shield for a small solar oven.",0.9224591851234436,0.9945054945054945,
openai/gpt-oss-20b,Alternative Uses Task,"List exactly 10 alternative, uncommon uses for the following object. Provide only a numbered list (1-10), with one use per line and no explanations.",Newspaper,Standard,"Task: List exactly 10 alternative, uncommon uses for the following object. Provide only a numbered list (1-10), with one use per line and no explanations.
Target: Newspaper","
1. Make a temporary, low‑cost windbreak by folding it into a lattice.  
2. Use it as a quick, disposable barrier to protect paint from splatter.  
3. Create a makeshift, lightweight heat shield for a small solar oven.  
4. Craft a paper “glove” to handle hot metal surfaces in a workshop.  
5. Line a small container to keep delicate items dry during shipping.  
6. Cut into strips and weave into a decorative, eco‑friendly rug.  
7. Use it as a light, absorbent pad for cleaning up spills in a lab.  
8. Fold into a compact, emergency signal mirror for outdoor survival kits.  
9. Glue onto a surface to create a temporary, textured art background.  
10. Wrap around a fragile object to give it a unique, paper‑wrapped look for a photo shoot.",gpt-oss-20b,Craft a paper “glove” to handle hot metal surfaces in a workshop.,0.8978471159934998,0.9945054945054945,
openai/gpt-oss-20b,Alternative Uses Task,"List exactly 10 alternative, uncommon uses for the following object. Provide only a numbered list (1-10), with one use per line and no explanations.",Newspaper,Standard,"Task: List exactly 10 alternative, uncommon uses for the following object. Provide only a numbered list (1-10), with one use per line and no explanations.
Target: Newspaper","
1. Make a temporary, low‑cost windbreak by folding it into a lattice.  
2. Use it as a quick, disposable barrier to protect paint from splatter.  
3. Create a makeshift, lightweight heat shield for a small solar oven.  
4. Craft a paper “glove” to handle hot metal surfaces in a workshop.  
5. Line a small container to keep delicate items dry during shipping.  
6. Cut into strips and weave into a decorative, eco‑friendly rug.  
7. Use it as a light, absorbent pad for cleaning up spills in a lab.  
8. Fold into a compact, emergency signal mirror for outdoor survival kits.  
9. Glue onto a surface to create a temporary, textured art background.  
10. Wrap around a fragile object to give it a unique, paper‑wrapped look for a photo shoot.",gpt-oss-20b,Line a small container to keep delicate items dry during shipping.,0.8846709728240967,0.9945054945054945,
openai/gpt-oss-20b,Alternative Uses Task,"List exactly 10 alternative, uncommon uses for the following object. Provide only a numbered list (1-10), with one use per line and no explanations.",Newspaper,Standard,"Task: List exactly 10 alternative, uncommon uses for the following object. Provide only a numbered list (1-10), with one use per line and no explanations.
Target: Newspaper","
1. Make a temporary, low‑cost windbreak by folding it into a lattice.  
2. Use it as a quick, disposable barrier to protect paint from splatter.  
3. Create a makeshift, lightweight heat shield for a small solar oven.  
4. Craft a paper “glove” to handle hot metal surfaces in a workshop.  
5. Line a small container to keep delicate items dry during shipping.  
6. Cut into strips and weave into a decorative, eco‑friendly rug.  
7. Use it as a light, absorbent pad for cleaning up spills in a lab.  
8. Fold into a compact, emergency signal mirror for outdoor survival kits.  
9. Glue onto a surface to create a temporary, textured art background.  
10. Wrap around a fragile object to give it a unique, paper‑wrapped look for a photo shoot.",gpt-oss-20b,"Cut into strips and weave into a decorative, eco‑friendly rug.",0.822264552116394,0.9945054945054945,
openai/gpt-oss-20b,Alternative Uses Task,"List exactly 10 alternative, uncommon uses for the following object. Provide only a numbered list (1-10), with one use per line and no explanations.",Newspaper,Standard,"Task: List exactly 10 alternative, uncommon uses for the following object. Provide only a numbered list (1-10), with one use per line and no explanations.
Target: Newspaper","
1. Make a temporary, low‑cost windbreak by folding it into a lattice.  
2. Use it as a quick, disposable barrier to protect paint from splatter.  
3. Create a makeshift, lightweight heat shield for a small solar oven.  
4. Craft a paper “glove” to handle hot metal surfaces in a workshop.  
5. Line a small container to keep delicate items dry during shipping.  
6. Cut into strips and weave into a decorative, eco‑friendly rug.  
7. Use it as a light, absorbent pad for cleaning up spills in a lab.  
8. Fold into a compact, emergency signal mirror for outdoor survival kits.  
9. Glue onto a surface to create a temporary, textured art background.  
10. Wrap around a fragile object to give it a unique, paper‑wrapped look for a photo shoot.",gpt-oss-20b,"Use it as a light, absorbent pad for cleaning up spills in a lab.",0.8372410535812378,0.9945054945054945,
openai/gpt-oss-20b,Alternative Uses Task,"List exactly 10 alternative, uncommon uses for the following object. Provide only a numbered list (1-10), with one use per line and no explanations.",Newspaper,Standard,"Task: List exactly 10 alternative, uncommon uses for the following object. Provide only a numbered list (1-10), with one use per line and no explanations.
Target: Newspaper","
1. Make a temporary, low‑cost windbreak by folding it into a lattice.  
2. Use it as a quick, disposable barrier to protect paint from splatter.  
3. Create a makeshift, lightweight heat shield for a small solar oven.  
4. Craft a paper “glove” to handle hot metal surfaces in a workshop.  
5. Line a small container to keep delicate items dry during shipping.  
6. Cut into strips and weave into a decorative, eco‑friendly rug.  
7. Use it as a light, absorbent pad for cleaning up spills in a lab.  
8. Fold into a compact, emergency signal mirror for outdoor survival kits.  
9. Glue onto a surface to create a temporary, textured art background.  
10. Wrap around a fragile object to give it a unique, paper‑wrapped look for a photo shoot.",gpt-oss-20b,"Fold into a compact, emergency signal mirror for outdoor survival kits.",0.7477014064788818,0.9945054945054945,
openai/gpt-oss-20b,Alternative Uses Task,"List exactly 10 alternative, uncommon uses for the following object. Provide only a numbered list (1-10), with one use per line and no explanations.",Newspaper,Standard,"Task: List exactly 10 alternative, uncommon uses for the following object. Provide only a numbered list (1-10), with one use per line and no explanations.
Target: Newspaper","
1. Make a temporary, low‑cost windbreak by folding it into a lattice.  
2. Use it as a quick, disposable barrier to protect paint from splatter.  
3. Create a makeshift, lightweight heat shield for a small solar oven.  
4. Craft a paper “glove” to handle hot metal surfaces in a workshop.  
5. Line a small container to keep delicate items dry during shipping.  
6. Cut into strips and weave into a decorative, eco‑friendly rug.  
7. Use it as a light, absorbent pad for cleaning up spills in a lab.  
8. Fold into a compact, emergency signal mirror for outdoor survival kits.  
9. Glue onto a surface to create a temporary, textured art background.  
10. Wrap around a fragile object to give it a unique, paper‑wrapped look for a photo shoot.",gpt-oss-20b,"Glue onto a surface to create a temporary, textured art background.",0.865264892578125,0.9945054945054945,
openai/gpt-oss-20b,Alternative Uses Task,"List exactly 10 alternative, uncommon uses for the following object. Provide only a numbered list (1-10), with one use per line and no explanations.",Newspaper,Standard,"Task: List exactly 10 alternative, uncommon uses for the following object. Provide only a numbered list (1-10), with one use per line and no explanations.
Target: Newspaper","
1. Make a temporary, low‑cost windbreak by folding it into a lattice.  
2. Use it as a quick, disposable barrier to protect paint from splatter.  
3. Create a makeshift, lightweight heat shield for a small solar oven.  
4. Craft a paper “glove” to handle hot metal surfaces in a workshop.  
5. Line a small container to keep delicate items dry during shipping.  
6. Cut into strips and weave into a decorative, eco‑friendly rug.  
7. Use it as a light, absorbent pad for cleaning up spills in a lab.  
8. Fold into a compact, emergency signal mirror for outdoor survival kits.  
9. Glue onto a surface to create a temporary, textured art background.  
10. Wrap around a fragile object to give it a unique, paper‑wrapped look for a photo shoot.",gpt-oss-20b,"Wrap around a fragile object to give it a unique, paper‑wrapped look for a photo shoot.",0.7441736459732056,0.9945054945054945,
openai/gpt-oss-20b,Alternative Uses Task,"List exactly 10 alternative, uncommon uses for the following object. Provide only a numbered list (1-10), with one use per line and no explanations.",Newspaper,Creative,"Task: List exactly 10 alternative, uncommon uses for the following object. Provide only a numbered list (1-10), with one use per line and no explanations.
Target: Newspaper
Condition: Be creative.","
1. DIY paper lantern  
2. Temporary windbreak for seedlings  
3. Base for a homemade firestarter kit  
4. Canvas for a quick charcoal sketch pad  
5. Folded into a makeshift snowshoe for a winter hike  
6. Layered into a lightweight emergency shelter  
7. Wrapped around a candle to create a scented diffuser  
8. Used as a paper mache mold for a sculptural project  
9. Cut into strips to fashion a wind chime  
10. Shredded to form a natural mulch for a garden bed",gpt-oss-20b,DIY paper lantern,0.7808617353439331,0.989010989010989,
openai/gpt-oss-20b,Alternative Uses Task,"List exactly 10 alternative, uncommon uses for the following object. Provide only a numbered list (1-10), with one use per line and no explanations.",Newspaper,Creative,"Task: List exactly 10 alternative, uncommon uses for the following object. Provide only a numbered list (1-10), with one use per line and no explanations.
Target: Newspaper
Condition: Be creative.","
1. DIY paper lantern  
2. Temporary windbreak for seedlings  
3. Base for a homemade firestarter kit  
4. Canvas for a quick charcoal sketch pad  
5. Folded into a makeshift snowshoe for a winter hike  
6. Layered into a lightweight emergency shelter  
7. Wrapped around a candle to create a scented diffuser  
8. Used as a paper mache mold for a sculptural project  
9. Cut into strips to fashion a wind chime  
10. Shredded to form a natural mulch for a garden bed",gpt-oss-20b,Temporary windbreak for seedlings,0.9583240151405334,0.9945054945054945,
openai/gpt-oss-20b,Alternative Uses Task,"List exactly 10 alternative, uncommon uses for the following object. Provide only a numbered list (1-10), with one use per line and no explanations.",Newspaper,Creative,"Task: List exactly 10 alternative, uncommon uses for the following object. Provide only a numbered list (1-10), with one use per line and no explanations.
Target: Newspaper
Condition: Be creative.","
1. DIY paper lantern  
2. Temporary windbreak for seedlings  
3. Base for a homemade firestarter kit  
4. Canvas for a quick charcoal sketch pad  
5. Folded into a makeshift snowshoe for a winter hike  
6. Layered into a lightweight emergency shelter  
7. Wrapped around a candle to create a scented diffuser  
8. Used as a paper mache mold for a sculptural project  
9. Cut into strips to fashion a wind chime  
10. Shredded to form a natural mulch for a garden bed",gpt-oss-20b,Base for a homemade firestarter kit,0.9755110144615173,0.9945054945054945,
openai/gpt-oss-20b,Alternative Uses Task,"List exactly 10 alternative, uncommon uses for the following object. Provide only a numbered list (1-10), with one use per line and no explanations.",Newspaper,Creative,"Task: List exactly 10 alternative, uncommon uses for the following object. Provide only a numbered list (1-10), with one use per line and no explanations.
Target: Newspaper
Condition: Be creative.","
1. DIY paper lantern  
2. Temporary windbreak for seedlings  
3. Base for a homemade firestarter kit  
4. Canvas for a quick charcoal sketch pad  
5. Folded into a makeshift snowshoe for a winter hike  
6. Layered into a lightweight emergency shelter  
7. Wrapped around a candle to create a scented diffuser  
8. Used as a paper mache mold for a sculptural project  
9. Cut into strips to fashion a wind chime  
10. Shredded to form a natural mulch for a garden bed",gpt-oss-20b,Canvas for a quick charcoal sketch pad,0.8816905617713928,0.9945054945054945,
openai/gpt-oss-20b,Alternative Uses Task,"List exactly 10 alternative, uncommon uses for the following object. Provide only a numbered list (1-10), with one use per line and no explanations.",Newspaper,Creative,"Task: List exactly 10 alternative, uncommon uses for the following object. Provide only a numbered list (1-10), with one use per line and no explanations.
Target: Newspaper
Condition: Be creative.","
1. DIY paper lantern  
2. Temporary windbreak for seedlings  
3. Base for a homemade firestarter kit  
4. Canvas for a quick charcoal sketch pad  
5. Folded into a makeshift snowshoe for a winter hike  
6. Layered into a lightweight emergency shelter  
7. Wrapped around a candle to create a scented diffuser  
8. Used as a paper mache mold for a sculptural project  
9. Cut into strips to fashion a wind chime  
10. Shredded to form a natural mulch for a garden bed",gpt-oss-20b,Folded into a makeshift snowshoe for a winter hike,0.8580713868141174,0.9945054945054945,
openai/gpt-oss-20b,Alternative Uses Task,"List exactly 10 alternative, uncommon uses for the following object. Provide only a numbered list (1-10), with one use per line and no explanations.",Newspaper,Creative,"Task: List exactly 10 alternative, uncommon uses for the following object. Provide only a numbered list (1-10), with one use per line and no explanations.
Target: Newspaper
Condition: Be creative.","
1. DIY paper lantern  
2. Temporary windbreak for seedlings  
3. Base for a homemade firestarter kit  
4. Canvas for a quick charcoal sketch pad  
5. Folded into a makeshift snowshoe for a winter hike  
6. Layered into a lightweight emergency shelter  
7. Wrapped around a candle to create a scented diffuser  
8. Used as a paper mache mold for a sculptural project  
9. Cut into strips to fashion a wind chime  
10. Shredded to form a natural mulch for a garden bed",gpt-oss-20b,Layered into a lightweight emergency shelter,0.8813096284866333,0.9945054945054945,
openai/gpt-oss-20b,Alternative Uses Task,"List exactly 10 alternative, uncommon uses for the following object. Provide only a numbered list (1-10), with one use per line and no explanations.",Newspaper,Creative,"Task: List exactly 10 alternative, uncommon uses for the following object. Provide only a numbered list (1-10), with one use per line and no explanations.
Target: Newspaper
Condition: Be creative.","
1. DIY paper lantern  
2. Temporary windbreak for seedlings  
3. Base for a homemade firestarter kit  
4. Canvas for a quick charcoal sketch pad  
5. Folded into a makeshift snowshoe for a winter hike  
6. Layered into a lightweight emergency shelter  
7. Wrapped around a candle to create a scented diffuser  
8. Used as a paper mache mold for a sculptural project  
9. Cut into strips to fashion a wind chime  
10. Shredded to form a natural mulch for a garden bed",gpt-oss-20b,Wrapped around a candle to create a scented diffuser,0.8865090012550354,0.9945054945054945,
openai/gpt-oss-20b,Alternative Uses Task,"List exactly 10 alternative, uncommon uses for the following object. Provide only a numbered list (1-10), with one use per line and no explanations.",Newspaper,Creative,"Task: List exactly 10 alternative, uncommon uses for the following object. Provide only a numbered list (1-10), with one use per line and no explanations.
Target: Newspaper
Condition: Be creative.","
1. DIY paper lantern  
2. Temporary windbreak for seedlings  
3. Base for a homemade firestarter kit  
4. Canvas for a quick charcoal sketch pad  
5. Folded into a makeshift snowshoe for a winter hike  
6. Layered into a lightweight emergency shelter  
7. Wrapped around a candle to create a scented diffuser  
8. Used as a paper mache mold for a sculptural project  
9. Cut into strips to fashion a wind chime  
10. Shredded to form a natural mulch for a garden bed",gpt-oss-20b,Used as a paper mache mold for a sculptural project,0.7248485684394836,0.9945054945054945,
openai/gpt-oss-20b,Alternative Uses Task,"List exactly 10 alternative, uncommon uses for the following object. Provide only a numbered list (1-10), with one use per line and no explanations.",Newspaper,Creative,"Task: List exactly 10 alternative, uncommon uses for the following object. Provide only a numbered list (1-10), with one use per line and no explanations.
Target: Newspaper
Condition: Be creative.","
1. DIY paper lantern  
2. Temporary windbreak for seedlings  
3. Base for a homemade firestarter kit  
4. Canvas for a quick charcoal sketch pad  
5. Folded into a makeshift snowshoe for a winter hike  
6. Layered into a lightweight emergency shelter  
7. Wrapped around a candle to create a scented diffuser  
8. Used as a paper mache mold for a sculptural project  
9. Cut into strips to fashion a wind chime  
10. Shredded to form a natural mulch for a garden bed",gpt-oss-20b,Cut into strips to fashion a wind chime,0.9348207116127014,0.9945054945054945,
openai/gpt-oss-20b,Alternative Uses Task,"List exactly 10 alternative, uncommon uses for the following object. Provide only a numbered list (1-10), with one use per line and no explanations.",Newspaper,Creative,"Task: List exactly 10 alternative, uncommon uses for the following object. Provide only a numbered list (1-10), with one use per line and no explanations.
Target: Newspaper
Condition: Be creative.","
1. DIY paper lantern  
2. Temporary windbreak for seedlings  
3. Base for a homemade firestarter kit  
4. Canvas for a quick charcoal sketch pad  
5. Folded into a makeshift snowshoe for a winter hike  
6. Layered into a lightweight emergency shelter  
7. Wrapped around a candle to create a scented diffuser  
8. Used as a paper mache mold for a sculptural project  
9. Cut into strips to fashion a wind chime  
10. Shredded to form a natural mulch for a garden bed",gpt-oss-20b,Shredded to form a natural mulch for a garden bed,0.8273829221725464,0.9945054945054945,
openai/gpt-oss-20b,Alternative Uses Task,"List exactly 10 alternative, uncommon uses for the following object. Provide only a numbered list (1-10), with one use per line and no explanations.",Newspaper,Effective,"Task: List exactly 10 alternative, uncommon uses for the following object. Provide only a numbered list (1-10), with one use per line and no explanations.
Target: Newspaper
Condition: Be effective.","
1. Compost mulch in gardens  
2. Fire starter for campfires  
3.",gpt-oss-20b,Compost mulch in gardens,0.9555027484893799,0.9945054945054945,
openai/gpt-oss-20b,Alternative Uses Task,"List exactly 10 alternative, uncommon uses for the following object. Provide only a numbered list (1-10), with one use per line and no explanations.",Newspaper,Effective,"Task: List exactly 10 alternative, uncommon uses for the following object. Provide only a numbered list (1-10), with one use per line and no explanations.
Target: Newspaper
Condition: Be effective.","
1. Compost mulch in gardens  
2. Fire starter for campfires  
3.",gpt-oss-20b,Fire starter for campfires,0.9155600666999817,0.978021978021978,
openai/gpt-oss-20b,Alternative Uses Task,"List exactly 10 alternative, uncommon uses for the following object. Provide only a numbered list (1-10), with one use per line and no explanations.",Newspaper,Conventional,"Task: List exactly 10 alternative, uncommon uses for the following object. Provide only a numbered list (1-10), with one use per line and no explanations.
Target: Newspaper
Condition: Be conventional.","
1. Create a paper lantern for indoor décor  
2. Line a drying rack to keep clothes off the floor  
3. Build a paper‑mâché mask for a costume party  
4. Insulate a greenhouse window with folded sheets  
5. Use as a firestarter for a campfire or fireplace  
6. Fold into a quick, reusable bookmark  
7. Wrap fragile items in a lightweight protective layer  
8. Wipe dust off delicate electronics with a dampened sheet  
9. Cut into shapes to craft a paper airplane with unique aerodynamics  
10. Sketch a rough draft of a comic strip or storyboard before finalizing on a clean sheet",gpt-oss-20b,Create a paper lantern for indoor décor,0.7863445281982422,0.989010989010989,
openai/gpt-oss-20b,Alternative Uses Task,"List exactly 10 alternative, uncommon uses for the following object. Provide only a numbered list (1-10), with one use per line and no explanations.",Newspaper,Conventional,"Task: List exactly 10 alternative, uncommon uses for the following object. Provide only a numbered list (1-10), with one use per line and no explanations.
Target: Newspaper
Condition: Be conventional.","
1. Create a paper lantern for indoor décor  
2. Line a drying rack to keep clothes off the floor  
3. Build a paper‑mâché mask for a costume party  
4. Insulate a greenhouse window with folded sheets  
5. Use as a firestarter for a campfire or fireplace  
6. Fold into a quick, reusable bookmark  
7. Wrap fragile items in a lightweight protective layer  
8. Wipe dust off delicate electronics with a dampened sheet  
9. Cut into shapes to craft a paper airplane with unique aerodynamics  
10. Sketch a rough draft of a comic strip or storyboard before finalizing on a clean sheet",gpt-oss-20b,Line a drying rack to keep clothes off the floor,0.9325721859931946,0.9945054945054945,
openai/gpt-oss-20b,Alternative Uses Task,"List exactly 10 alternative, uncommon uses for the following object. Provide only a numbered list (1-10), with one use per line and no explanations.",Newspaper,Conventional,"Task: List exactly 10 alternative, uncommon uses for the following object. Provide only a numbered list (1-10), with one use per line and no explanations.
Target: Newspaper
Condition: Be conventional.","
1. Create a paper lantern for indoor décor  
2. Line a drying rack to keep clothes off the floor  
3. Build a paper‑mâché mask for a costume party  
4. Insulate a greenhouse window with folded sheets  
5. Use as a firestarter for a campfire or fireplace  
6. Fold into a quick, reusable bookmark  
7. Wrap fragile items in a lightweight protective layer  
8. Wipe dust off delicate electronics with a dampened sheet  
9. Cut into shapes to craft a paper airplane with unique aerodynamics  
10. Sketch a rough draft of a comic strip or storyboard before finalizing on a clean sheet",gpt-oss-20b,Build a paper‑mâché mask for a costume party,0.8691851496696472,0.9945054945054945,
openai/gpt-oss-20b,Alternative Uses Task,"List exactly 10 alternative, uncommon uses for the following object. Provide only a numbered list (1-10), with one use per line and no explanations.",Newspaper,Conventional,"Task: List exactly 10 alternative, uncommon uses for the following object. Provide only a numbered list (1-10), with one use per line and no explanations.
Target: Newspaper
Condition: Be conventional.","
1. Create a paper lantern for indoor décor  
2. Line a drying rack to keep clothes off the floor  
3. Build a paper‑mâché mask for a costume party  
4. Insulate a greenhouse window with folded sheets  
5. Use as a firestarter for a campfire or fireplace  
6. Fold into a quick, reusable bookmark  
7. Wrap fragile items in a lightweight protective layer  
8. Wipe dust off delicate electronics with a dampened sheet  
9. Cut into shapes to craft a paper airplane with unique aerodynamics  
10. Sketch a rough draft of a comic strip or storyboard before finalizing on a clean sheet",gpt-oss-20b,Insulate a greenhouse window with folded sheets,0.920469343662262,0.9945054945054945,
openai/gpt-oss-20b,Alternative Uses Task,"List exactly 10 alternative, uncommon uses for the following object. Provide only a numbered list (1-10), with one use per line and no explanations.",Newspaper,Conventional,"Task: List exactly 10 alternative, uncommon uses for the following object. Provide only a numbered list (1-10), with one use per line and no explanations.
Target: Newspaper
Condition: Be conventional.","
1. Create a paper lantern for indoor décor  
2. Line a drying rack to keep clothes off the floor  
3. Build a paper‑mâché mask for a costume party  
4. Insulate a greenhouse window with folded sheets  
5. Use as a firestarter for a campfire or fireplace  
6. Fold into a quick, reusable bookmark  
7. Wrap fragile items in a lightweight protective layer  
8. Wipe dust off delicate electronics with a dampened sheet  
9. Cut into shapes to craft a paper airplane with unique aerodynamics  
10. Sketch a rough draft of a comic strip or storyboard before finalizing on a clean sheet",gpt-oss-20b,Use as a firestarter for a campfire or fireplace,0.8949146270751953,0.9945054945054945,
openai/gpt-oss-20b,Alternative Uses Task,"List exactly 10 alternative, uncommon uses for the following object. Provide only a numbered list (1-10), with one use per line and no explanations.",Newspaper,Conventional,"Task: List exactly 10 alternative, uncommon uses for the following object. Provide only a numbered list (1-10), with one use per line and no explanations.
Target: Newspaper
Condition: Be conventional.","
1. Create a paper lantern for indoor décor  
2. Line a drying rack to keep clothes off the floor  
3. Build a paper‑mâché mask for a costume party  
4. Insulate a greenhouse window with folded sheets  
5. Use as a firestarter for a campfire or fireplace  
6. Fold into a quick, reusable bookmark  
7. Wrap fragile items in a lightweight protective layer  
8. Wipe dust off delicate electronics with a dampened sheet  
9. Cut into shapes to craft a paper airplane with unique aerodynamics  
10. Sketch a rough draft of a comic strip or storyboard before finalizing on a clean sheet",gpt-oss-20b,"Fold into a quick, reusable bookmark",0.8586973547935486,0.9945054945054945,
openai/gpt-oss-20b,Alternative Uses Task,"List exactly 10 alternative, uncommon uses for the following object. Provide only a numbered list (1-10), with one use per line and no explanations.",Newspaper,Conventional,"Task: List exactly 10 alternative, uncommon uses for the following object. Provide only a numbered list (1-10), with one use per line and no explanations.
Target: Newspaper
Condition: Be conventional.","
1. Create a paper lantern for indoor décor  
2. Line a drying rack to keep clothes off the floor  
3. Build a paper‑mâché mask for a costume party  
4. Insulate a greenhouse window with folded sheets  
5. Use as a firestarter for a campfire or fireplace  
6. Fold into a quick, reusable bookmark  
7. Wrap fragile items in a lightweight protective layer  
8. Wipe dust off delicate electronics with a dampened sheet  
9. Cut into shapes to craft a paper airplane with unique aerodynamics  
10. Sketch a rough draft of a comic strip or storyboard before finalizing on a clean sheet",gpt-oss-20b,Wrap fragile items in a lightweight protective layer,0.918519139289856,0.9945054945054945,
openai/gpt-oss-20b,Alternative Uses Task,"List exactly 10 alternative, uncommon uses for the following object. Provide only a numbered list (1-10), with one use per line and no explanations.",Newspaper,Conventional,"Task: List exactly 10 alternative, uncommon uses for the following object. Provide only a numbered list (1-10), with one use per line and no explanations.
Target: Newspaper
Condition: Be conventional.","
1. Create a paper lantern for indoor décor  
2. Line a drying rack to keep clothes off the floor  
3. Build a paper‑mâché mask for a costume party  
4. Insulate a greenhouse window with folded sheets  
5. Use as a firestarter for a campfire or fireplace  
6. Fold into a quick, reusable bookmark  
7. Wrap fragile items in a lightweight protective layer  
8. Wipe dust off delicate electronics with a dampened sheet  
9. Cut into shapes to craft a paper airplane with unique aerodynamics  
10. Sketch a rough draft of a comic strip or storyboard before finalizing on a clean sheet",gpt-oss-20b,Wipe dust off delicate electronics with a dampened sheet,1.007764458656311,0.9945054945054945,
openai/gpt-oss-20b,Alternative Uses Task,"List exactly 10 alternative, uncommon uses for the following object. Provide only a numbered list (1-10), with one use per line and no explanations.",Newspaper,Conventional,"Task: List exactly 10 alternative, uncommon uses for the following object. Provide only a numbered list (1-10), with one use per line and no explanations.
Target: Newspaper
Condition: Be conventional.","
1. Create a paper lantern for indoor décor  
2. Line a drying rack to keep clothes off the floor  
3. Build a paper‑mâché mask for a costume party  
4. Insulate a greenhouse window with folded sheets  
5. Use as a firestarter for a campfire or fireplace  
6. Fold into a quick, reusable bookmark  
7. Wrap fragile items in a lightweight protective layer  
8. Wipe dust off delicate electronics with a dampened sheet  
9. Cut into shapes to craft a paper airplane with unique aerodynamics  
10. Sketch a rough draft of a comic strip or storyboard before finalizing on a clean sheet",gpt-oss-20b,Cut into shapes to craft a paper airplane with unique aerodynamics,0.8683866262435913,0.9945054945054945,
openai/gpt-oss-20b,Alternative Uses Task,"List exactly 10 alternative, uncommon uses for the following object. Provide only a numbered list (1-10), with one use per line and no explanations.",Newspaper,Conventional,"Task: List exactly 10 alternative, uncommon uses for the following object. Provide only a numbered list (1-10), with one use per line and no explanations.
Target: Newspaper
Condition: Be conventional.","
1. Create a paper lantern for indoor décor  
2. Line a drying rack to keep clothes off the floor  
3. Build a paper‑mâché mask for a costume party  
4. Insulate a greenhouse window with folded sheets  
5. Use as a firestarter for a campfire or fireplace  
6. Fold into a quick, reusable bookmark  
7. Wrap fragile items in a lightweight protective layer  
8. Wipe dust off delicate electronics with a dampened sheet  
9. Cut into shapes to craft a paper airplane with unique aerodynamics  
10. Sketch a rough draft of a comic strip or storyboard before finalizing on a clean sheet",gpt-oss-20b,Sketch a rough draft of a comic strip or storyboard before finalizing on a clean sheet,0.8498591780662537,0.9945054945054945,
meta-llama/Llama-3.3-70B-Instruct-Turbo,Alternative Uses Task,"List exactly 10 alternative, uncommon uses for the following object. Provide only a numbered list (1-10), with one use per line and no explanations.",Book,Standard,"Task: List exactly 10 alternative, uncommon uses for the following object. Provide only a numbered list (1-10), with one use per line and no explanations.
Target: Book","1. Doorstop
2. Pressing flowers
3. Paperweight
4. DIY shelf decoration
5. Gift wrap embellishment
6. Table centerpiece
7. Fire starter
8. Prop for photography
9. Weights for exercise
10. Wall art component",Llama-3.3-70B-Instruct-Turbo,Doorstop,0.788390040397644,0.9333333333333333,
meta-llama/Llama-3.3-70B-Instruct-Turbo,Alternative Uses Task,"List exactly 10 alternative, uncommon uses for the following object. Provide only a numbered list (1-10), with one use per line and no explanations.",Book,Standard,"Task: List exactly 10 alternative, uncommon uses for the following object. Provide only a numbered list (1-10), with one use per line and no explanations.
Target: Book","1. Doorstop
2. Pressing flowers
3. Paperweight
4. DIY shelf decoration
5. Gift wrap embellishment
6. Table centerpiece
7. Fire starter
8. Prop for photography
9. Weights for exercise
10. Wall art component",Llama-3.3-70B-Instruct-Turbo,Pressing flowers,0.9147900938987732,0.9944444444444445,
meta-llama/Llama-3.3-70B-Instruct-Turbo,Alternative Uses Task,"List exactly 10 alternative, uncommon uses for the following object. Provide only a numbered list (1-10), with one use per line and no explanations.",Book,Standard,"Task: List exactly 10 alternative, uncommon uses for the following object. Provide only a numbered list (1-10), with one use per line and no explanations.
Target: Book","1. Doorstop
2. Pressing flowers
3. Paperweight
4. DIY shelf decoration
5. Gift wrap embellishment
6. Table centerpiece
7. Fire starter
8. Prop for photography
9. Weights for exercise
10. Wall art component",Llama-3.3-70B-Instruct-Turbo,Paperweight,0.7166880369186401,0.9444444444444444,
meta-llama/Llama-3.3-70B-Instruct-Turbo,Alternative Uses Task,"List exactly 10 alternative, uncommon uses for the following object. Provide only a numbered list (1-10), with one use per line and no explanations.",Book,Standard,"Task: List exactly 10 alternative, uncommon uses for the following object. Provide only a numbered list (1-10), with one use per line and no explanations.
Target: Book","1. Doorstop
2. Pressing flowers
3. Paperweight
4. DIY shelf decoration
5. Gift wrap embellishment
6. Table centerpiece
7. Fire starter
8. Prop for photography
9. Weights for exercise
10. Wall art component",Llama-3.3-70B-Instruct-Turbo,DIY shelf decoration,0.8449748158454895,0.9888888888888889,
meta-llama/Llama-3.3-70B-Instruct-Turbo,Alternative Uses Task,"List exactly 10 alternative, uncommon uses for the following object. Provide only a numbered list (1-10), with one use per line and no explanations.",Book,Standard,"Task: List exactly 10 alternative, uncommon uses for the following object. Provide only a numbered list (1-10), with one use per line and no explanations.
Target: Book","1. Doorstop
2. Pressing flowers
3. Paperweight
4. DIY shelf decoration
5. Gift wrap embellishment
6. Table centerpiece
7. Fire starter
8. Prop for photography
9. Weights for exercise
10. Wall art component",Llama-3.3-70B-Instruct-Turbo,Gift wrap embellishment,0.8790059089660645,0.9888888888888889,
meta-llama/Llama-3.3-70B-Instruct-Turbo,Alternative Uses Task,"List exactly 10 alternative, uncommon uses for the following object. Provide only a numbered list (1-10), with one use per line and no explanations.",Book,Standard,"Task: List exactly 10 alternative, uncommon uses for the following object. Provide only a numbered list (1-10), with one use per line and no explanations.
Target: Book","1. Doorstop
2. Pressing flowers
3. Paperweight
4. DIY shelf decoration
5. Gift wrap embellishment
6. Table centerpiece
7. Fire starter
8. Prop for photography
9. Weights for exercise
10. Wall art component",Llama-3.3-70B-Instruct-Turbo,Table centerpiece,0.910787045955658,0.9888888888888889,
meta-llama/Llama-3.3-70B-Instruct-Turbo,Alternative Uses Task,"List exactly 10 alternative, uncommon uses for the following object. Provide only a numbered list (1-10), with one use per line and no explanations.",Book,Standard,"Task: List exactly 10 alternative, uncommon uses for the following object. Provide only a numbered list (1-10), with one use per line and no explanations.
Target: Book","1. Doorstop
2. Pressing flowers
3. Paperweight
4. DIY shelf decoration
5. Gift wrap embellishment
6. Table centerpiece
7. Fire starter
8. Prop for photography
9. Weights for exercise
10. Wall art component",Llama-3.3-70B-Instruct-Turbo,Fire starter,0.8089069128036499,0.9944444444444445,
meta-llama/Llama-3.3-70B-Instruct-Turbo,Alternative Uses Task,"List exactly 10 alternative, uncommon uses for the following object. Provide only a numbered list (1-10), with one use per line and no explanations.",Book,Standard,"Task: List exactly 10 alternative, uncommon uses for the following object. Provide only a numbered list (1-10), with one use per line and no explanations.
Target: Book","1. Doorstop
2. Pressing flowers
3. Paperweight
4. DIY shelf decoration
5. Gift wrap embellishment
6. Table centerpiece
7. Fire starter
8. Prop for photography
9. Weights for exercise
10. Wall art component",Llama-3.3-70B-Instruct-Turbo,Prop for photography,0.8449389338493347,0.9777777777777777,
meta-llama/Llama-3.3-70B-Instruct-Turbo,Alternative Uses Task,"List exactly 10 alternative, uncommon uses for the following object. Provide only a numbered list (1-10), with one use per line and no explanations.",Book,Standard,"Task: List exactly 10 alternative, uncommon uses for the following object. Provide only a numbered list (1-10), with one use per line and no explanations.
Target: Book","1. Doorstop
2. Pressing flowers
3. Paperweight
4. DIY shelf decoration
5. Gift wrap embellishment
6. Table centerpiece
7. Fire starter
8. Prop for photography
9. Weights for exercise
10. Wall art component",Llama-3.3-70B-Instruct-Turbo,Weights for exercise,0.9066208600997925,0.9944444444444445,
meta-llama/Llama-3.3-70B-Instruct-Turbo,Alternative Uses Task,"List exactly 10 alternative, uncommon uses for the following object. Provide only a numbered list (1-10), with one use per line and no explanations.",Book,Standard,"Task: List exactly 10 alternative, uncommon uses for the following object. Provide only a numbered list (1-10), with one use per line and no explanations.
Target: Book","1. Doorstop
2. Pressing flowers
3. Paperweight
4. DIY shelf decoration
5. Gift wrap embellishment
6. Table centerpiece
7. Fire starter
8. Prop for photography
9. Weights for exercise
10. Wall art component",Llama-3.3-70B-Instruct-Turbo,Wall art component,0.8851507306098938,0.9944444444444445,
meta-llama/Llama-3.3-70B-Instruct-Turbo,Alternative Uses Task,"List exactly 10 alternative, uncommon uses for the following object. Provide only a numbered list (1-10), with one use per line and no explanations.",Book,Creative,"Task: List exactly 10 alternative, uncommon uses for the following object. Provide only a numbered list (1-10), with one use per line and no explanations.
Target: Book
Condition: Be creative.","1. Doorstop
2. Paperweight
3. Plant press
4. DIY shelf decoration
5. Gift wrapping base
6. Table leg leveler
7. Wall divider
8. Secret compartment creator
9. Photography prop
10. Sculpture material",Llama-3.3-70B-Instruct-Turbo,Doorstop,0.788390040397644,0.9333333333333333,
meta-llama/Llama-3.3-70B-Instruct-Turbo,Alternative Uses Task,"List exactly 10 alternative, uncommon uses for the following object. Provide only a numbered list (1-10), with one use per line and no explanations.",Book,Creative,"Task: List exactly 10 alternative, uncommon uses for the following object. Provide only a numbered list (1-10), with one use per line and no explanations.
Target: Book
Condition: Be creative.","1. Doorstop
2. Paperweight
3. Plant press
4. DIY shelf decoration
5. Gift wrapping base
6. Table leg leveler
7. Wall divider
8. Secret compartment creator
9. Photography prop
10. Sculpture material",Llama-3.3-70B-Instruct-Turbo,Paperweight,0.7166880369186401,0.9444444444444444,
meta-llama/Llama-3.3-70B-Instruct-Turbo,Alternative Uses Task,"List exactly 10 alternative, uncommon uses for the following object. Provide only a numbered list (1-10), with one use per line and no explanations.",Book,Creative,"Task: List exactly 10 alternative, uncommon uses for the following object. Provide only a numbered list (1-10), with one use per line and no explanations.
Target: Book
Condition: Be creative.","1. Doorstop
2. Paperweight
3. Plant press
4. DIY shelf decoration
5. Gift wrapping base
6. Table leg leveler
7. Wall divider
8. Secret compartment creator
9. Photography prop
10. Sculpture material",Llama-3.3-70B-Instruct-Turbo,Plant press,0.8399627208709717,0.9944444444444445,
meta-llama/Llama-3.3-70B-Instruct-Turbo,Alternative Uses Task,"List exactly 10 alternative, uncommon uses for the following object. Provide only a numbered list (1-10), with one use per line and no explanations.",Book,Creative,"Task: List exactly 10 alternative, uncommon uses for the following object. Provide only a numbered list (1-10), with one use per line and no explanations.
Target: Book
Condition: Be creative.","1. Doorstop
2. Paperweight
3. Plant press
4. DIY shelf decoration
5. Gift wrapping base
6. Table leg leveler
7. Wall divider
8. Secret compartment creator
9. Photography prop
10. Sculpture material",Llama-3.3-70B-Instruct-Turbo,DIY shelf decoration,0.8449747562408447,0.9888888888888889,
meta-llama/Llama-3.3-70B-Instruct-Turbo,Alternative Uses Task,"List exactly 10 alternative, uncommon uses for the following object. Provide only a numbered list (1-10), with one use per line and no explanations.",Book,Creative,"Task: List exactly 10 alternative, uncommon uses for the following object. Provide only a numbered list (1-10), with one use per line and no explanations.
Target: Book
Condition: Be creative.","1. Doorstop
2. Paperweight
3. Plant press
4. DIY shelf decoration
5. Gift wrapping base
6. Table leg leveler
7. Wall divider
8. Secret compartment creator
9. Photography prop
10. Sculpture material",Llama-3.3-70B-Instruct-Turbo,Gift wrapping base,0.8878085613250732,0.9944444444444445,
meta-llama/Llama-3.3-70B-Instruct-Turbo,Alternative Uses Task,"List exactly 10 alternative, uncommon uses for the following object. Provide only a numbered list (1-10), with one use per line and no explanations.",Book,Creative,"Task: List exactly 10 alternative, uncommon uses for the following object. Provide only a numbered list (1-10), with one use per line and no explanations.
Target: Book
Condition: Be creative.","1. Doorstop
2. Paperweight
3. Plant press
4. DIY shelf decoration
5. Gift wrapping base
6. Table leg leveler
7. Wall divider
8. Secret compartment creator
9. Photography prop
10. Sculpture material",Llama-3.3-70B-Instruct-Turbo,Table leg leveler,0.9507072567939758,0.9944444444444445,
meta-llama/Llama-3.3-70B-Instruct-Turbo,Alternative Uses Task,"List exactly 10 alternative, uncommon uses for the following object. Provide only a numbered list (1-10), with one use per line and no explanations.",Book,Creative,"Task: List exactly 10 alternative, uncommon uses for the following object. Provide only a numbered list (1-10), with one use per line and no explanations.
Target: Book
Condition: Be creative.","1. Doorstop
2. Paperweight
3. Plant press
4. DIY shelf decoration
5. Gift wrapping base
6. Table leg leveler
7. Wall divider
8. Secret compartment creator
9. Photography prop
10. Sculpture material",Llama-3.3-70B-Instruct-Turbo,Wall divider,0.8842774629592896,0.9888888888888889,
meta-llama/Llama-3.3-70B-Instruct-Turbo,Alternative Uses Task,"List exactly 10 alternative, uncommon uses for the following object. Provide only a numbered list (1-10), with one use per line and no explanations.",Book,Creative,"Task: List exactly 10 alternative, uncommon uses for the following object. Provide only a numbered list (1-10), with one use per line and no explanations.
Target: Book
Condition: Be creative.","1. Doorstop
2. Paperweight
3. Plant press
4. DIY shelf decoration
5. Gift wrapping base
6. Table leg leveler
7. Wall divider
8. Secret compartment creator
9. Photography prop
10. Sculpture material",Llama-3.3-70B-Instruct-Turbo,Secret compartment creator,0.8338510990142822,0.9944444444444445,
meta-llama/Llama-3.3-70B-Instruct-Turbo,Alternative Uses Task,"List exactly 10 alternative, uncommon uses for the following object. Provide only a numbered list (1-10), with one use per line and no explanations.",Book,Creative,"Task: List exactly 10 alternative, uncommon uses for the following object. Provide only a numbered list (1-10), with one use per line and no explanations.
Target: Book
Condition: Be creative.","1. Doorstop
2. Paperweight
3. Plant press
4. DIY shelf decoration
5. Gift wrapping base
6. Table leg leveler
7. Wall divider
8. Secret compartment creator
9. Photography prop
10. Sculpture material",Llama-3.3-70B-Instruct-Turbo,Photography prop,0.7947026491165161,0.9833333333333333,
meta-llama/Llama-3.3-70B-Instruct-Turbo,Alternative Uses Task,"List exactly 10 alternative, uncommon uses for the following object. Provide only a numbered list (1-10), with one use per line and no explanations.",Book,Creative,"Task: List exactly 10 alternative, uncommon uses for the following object. Provide only a numbered list (1-10), with one use per line and no explanations.
Target: Book
Condition: Be creative.","1. Doorstop
2. Paperweight
3. Plant press
4. DIY shelf decoration
5. Gift wrapping base
6. Table leg leveler
7. Wall divider
8. Secret compartment creator
9. Photography prop
10. Sculpture material",Llama-3.3-70B-Instruct-Turbo,Sculpture material,0.8419652581214905,0.9944444444444445,
meta-llama/Llama-3.3-70B-Instruct-Turbo,Alternative Uses Task,"List exactly 10 alternative, uncommon uses for the following object. Provide only a numbered list (1-10), with one use per line and no explanations.",Book,Effective,"Task: List exactly 10 alternative, uncommon uses for the following object. Provide only a numbered list (1-10), with one use per line and no explanations.
Target: Book
Condition: Be effective.","1. A makeshift press for flowers
2. Doorstop for heavy doors
3. Base for a DIY lamp
4. Bookshelf decoration
5. Prop for a photography shoot
6. Placeholder for a keyboard
7. Paperweight for important documents
8. Leveling tool for uneven surfaces
9. Barrier for blocking cold air drafts
10. Support for a broken table leg",Llama-3.3-70B-Instruct-Turbo,A makeshift press for flowers,0.8671154379844666,0.9944444444444445,
meta-llama/Llama-3.3-70B-Instruct-Turbo,Alternative Uses Task,"List exactly 10 alternative, uncommon uses for the following object. Provide only a numbered list (1-10), with one use per line and no explanations.",Book,Effective,"Task: List exactly 10 alternative, uncommon uses for the following object. Provide only a numbered list (1-10), with one use per line and no explanations.
Target: Book
Condition: Be effective.","1. A makeshift press for flowers
2. Doorstop for heavy doors
3. Base for a DIY lamp
4. Bookshelf decoration
5. Prop for a photography shoot
6. Placeholder for a keyboard
7. Paperweight for important documents
8. Leveling tool for uneven surfaces
9. Barrier for blocking cold air drafts
10. Support for a broken table leg",Llama-3.3-70B-Instruct-Turbo,Doorstop for heavy doors,0.9648671746253967,0.9944444444444445,
meta-llama/Llama-3.3-70B-Instruct-Turbo,Alternative Uses Task,"List exactly 10 alternative, uncommon uses for the following object. Provide only a numbered list (1-10), with one use per line and no explanations.",Book,Effective,"Task: List exactly 10 alternative, uncommon uses for the following object. Provide only a numbered list (1-10), with one use per line and no explanations.
Target: Book
Condition: Be effective.","1. A makeshift press for flowers
2. Doorstop for heavy doors
3. Base for a DIY lamp
4. Bookshelf decoration
5. Prop for a photography shoot
6. Placeholder for a keyboard
7. Paperweight for important documents
8. Leveling tool for uneven surfaces
9. Barrier for blocking cold air drafts
10. Support for a broken table leg",Llama-3.3-70B-Instruct-Turbo,Base for a DIY lamp,0.8868838548660278,0.9888888888888889,
meta-llama/Llama-3.3-70B-Instruct-Turbo,Alternative Uses Task,"List exactly 10 alternative, uncommon uses for the following object. Provide only a numbered list (1-10), with one use per line and no explanations.",Book,Effective,"Task: List exactly 10 alternative, uncommon uses for the following object. Provide only a numbered list (1-10), with one use per line and no explanations.
Target: Book
Condition: Be effective.","1. A makeshift press for flowers
2. Doorstop for heavy doors
3. Base for a DIY lamp
4. Bookshelf decoration
5. Prop for a photography shoot
6. Placeholder for a keyboard
7. Paperweight for important documents
8. Leveling tool for uneven surfaces
9. Barrier for blocking cold air drafts
10. Support for a broken table leg",Llama-3.3-70B-Instruct-Turbo,Bookshelf decoration,0.6074256896972656,0.9944444444444445,
meta-llama/Llama-3.3-70B-Instruct-Turbo,Alternative Uses Task,"List exactly 10 alternative, uncommon uses for the following object. Provide only a numbered list (1-10), with one use per line and no explanations.",Book,Effective,"Task: List exactly 10 alternative, uncommon uses for the following object. Provide only a numbered list (1-10), with one use per line and no explanations.
Target: Book
Condition: Be effective.","1. A makeshift press for flowers
2. Doorstop for heavy doors
3. Base for a DIY lamp
4. Bookshelf decoration
5. Prop for a photography shoot
6. Placeholder for a keyboard
7. Paperweight for important documents
8. Leveling tool for uneven surfaces
9. Barrier for blocking cold air drafts
10. Support for a broken table leg",Llama-3.3-70B-Instruct-Turbo,Prop for a photography shoot,0.8411346077919006,0.9833333333333333,
meta-llama/Llama-3.3-70B-Instruct-Turbo,Alternative Uses Task,"List exactly 10 alternative, uncommon uses for the following object. Provide only a numbered list (1-10), with one use per line and no explanations.",Book,Effective,"Task: List exactly 10 alternative, uncommon uses for the following object. Provide only a numbered list (1-10), with one use per line and no explanations.
Target: Book
Condition: Be effective.","1. A makeshift press for flowers
2. Doorstop for heavy doors
3. Base for a DIY lamp
4. Bookshelf decoration
5. Prop for a photography shoot
6. Placeholder for a keyboard
7. Paperweight for important documents
8. Leveling tool for uneven surfaces
9. Barrier for blocking cold air drafts
10. Support for a broken table leg",Llama-3.3-70B-Instruct-Turbo,Placeholder for a keyboard,0.8594849109649658,0.9944444444444445,
meta-llama/Llama-3.3-70B-Instruct-Turbo,Alternative Uses Task,"List exactly 10 alternative, uncommon uses for the following object. Provide only a numbered list (1-10), with one use per line and no explanations.",Book,Effective,"Task: List exactly 10 alternative, uncommon uses for the following object. Provide only a numbered list (1-10), with one use per line and no explanations.
Target: Book
Condition: Be effective.","1. A makeshift press for flowers
2. Doorstop for heavy doors
3. Base for a DIY lamp
4. Bookshelf decoration
5. Prop for a photography shoot
6. Placeholder for a keyboard
7. Paperweight for important documents
8. Leveling tool for uneven surfaces
9. Barrier for blocking cold air drafts
10. Support for a broken table leg",Llama-3.3-70B-Instruct-Turbo,Paperweight for important documents,0.7990459203720093,0.9944444444444445,
meta-llama/Llama-3.3-70B-Instruct-Turbo,Alternative Uses Task,"List exactly 10 alternative, uncommon uses for the following object. Provide only a numbered list (1-10), with one use per line and no explanations.",Book,Effective,"Task: List exactly 10 alternative, uncommon uses for the following object. Provide only a numbered list (1-10), with one use per line and no explanations.
Target: Book
Condition: Be effective.","1. A makeshift press for flowers
2. Doorstop for heavy doors
3. Base for a DIY lamp
4. Bookshelf decoration
5. Prop for a photography shoot
6. Placeholder for a keyboard
7. Paperweight for important documents
8. Leveling tool for uneven surfaces
9. Barrier for blocking cold air drafts
10. Support for a broken table leg",Llama-3.3-70B-Instruct-Turbo,Leveling tool for uneven surfaces,1.0088368654251099,0.9888888888888889,
meta-llama/Llama-3.3-70B-Instruct-Turbo,Alternative Uses Task,"List exactly 10 alternative, uncommon uses for the following object. Provide only a numbered list (1-10), with one use per line and no explanations.",Book,Effective,"Task: List exactly 10 alternative, uncommon uses for the following object. Provide only a numbered list (1-10), with one use per line and no explanations.
Target: Book
Condition: Be effective.","1. A makeshift press for flowers
2. Doorstop for heavy doors
3. Base for a DIY lamp
4. Bookshelf decoration
5. Prop for a photography shoot
6. Placeholder for a keyboard
7. Paperweight for important documents
8. Leveling tool for uneven surfaces
9. Barrier for blocking cold air drafts
10. Support for a broken table leg",Llama-3.3-70B-Instruct-Turbo,Barrier for blocking cold air drafts,0.9378384947776794,0.9944444444444445,
meta-llama/Llama-3.3-70B-Instruct-Turbo,Alternative Uses Task,"List exactly 10 alternative, uncommon uses for the following object. Provide only a numbered list (1-10), with one use per line and no explanations.",Book,Effective,"Task: List exactly 10 alternative, uncommon uses for the following object. Provide only a numbered list (1-10), with one use per line and no explanations.
Target: Book
Condition: Be effective.","1. A makeshift press for flowers
2. Doorstop for heavy doors
3. Base for a DIY lamp
4. Bookshelf decoration
5. Prop for a photography shoot
6. Placeholder for a keyboard
7. Paperweight for important documents
8. Leveling tool for uneven surfaces
9. Barrier for blocking cold air drafts
10. Support for a broken table leg",Llama-3.3-70B-Instruct-Turbo,Support for a broken table leg,0.933718204498291,0.9944444444444445,
meta-llama/Llama-3.3-70B-Instruct-Turbo,Alternative Uses Task,"List exactly 10 alternative, uncommon uses for the following object. Provide only a numbered list (1-10), with one use per line and no explanations.",Book,Boring,"Task: List exactly 10 alternative, uncommon uses for the following object. Provide only a numbered list (1-10), with one use per line and no explanations.
Target: Book
Condition: Be boring.","1. Doorstop
2. Paperweight
3. Shelf filler
4. Dust collector
5. Floor propper
6. Table leg stabilizer
7. Wall support
8. Curtain weight
9. Room divider
10. Floor tile spacer",Llama-3.3-70B-Instruct-Turbo,Doorstop,0.788390040397644,0.9333333333333333,
meta-llama/Llama-3.3-70B-Instruct-Turbo,Alternative Uses Task,"List exactly 10 alternative, uncommon uses for the following object. Provide only a numbered list (1-10), with one use per line and no explanations.",Book,Boring,"Task: List exactly 10 alternative, uncommon uses for the following object. Provide only a numbered list (1-10), with one use per line and no explanations.
Target: Book
Condition: Be boring.","1. Doorstop
2. Paperweight
3. Shelf filler
4. Dust collector
5. Floor propper
6. Table leg stabilizer
7. Wall support
8. Curtain weight
9. Room divider
10. Floor tile spacer",Llama-3.3-70B-Instruct-Turbo,Paperweight,0.7166880369186401,0.9444444444444444,
meta-llama/Llama-3.3-70B-Instruct-Turbo,Alternative Uses Task,"List exactly 10 alternative, uncommon uses for the following object. Provide only a numbered list (1-10), with one use per line and no explanations.",Book,Boring,"Task: List exactly 10 alternative, uncommon uses for the following object. Provide only a numbered list (1-10), with one use per line and no explanations.
Target: Book
Condition: Be boring.","1. Doorstop
2. Paperweight
3. Shelf filler
4. Dust collector
5. Floor propper
6. Table leg stabilizer
7. Wall support
8. Curtain weight
9. Room divider
10. Floor tile spacer",Llama-3.3-70B-Instruct-Turbo,Shelf filler,0.7296476364135742,0.9944444444444445,
meta-llama/Llama-3.3-70B-Instruct-Turbo,Alternative Uses Task,"List exactly 10 alternative, uncommon uses for the following object. Provide only a numbered list (1-10), with one use per line and no explanations.",Book,Boring,"Task: List exactly 10 alternative, uncommon uses for the following object. Provide only a numbered list (1-10), with one use per line and no explanations.
Target: Book
Condition: Be boring.","1. Doorstop
2. Paperweight
3. Shelf filler
4. Dust collector
5. Floor propper
6. Table leg stabilizer
7. Wall support
8. Curtain weight
9. Room divider
10. Floor tile spacer",Llama-3.3-70B-Instruct-Turbo,Dust collector,0.8850128650665283,0.9888888888888889,
meta-llama/Llama-3.3-70B-Instruct-Turbo,Alternative Uses Task,"List exactly 10 alternative, uncommon uses for the following object. Provide only a numbered list (1-10), with one use per line and no explanations.",Book,Boring,"Task: List exactly 10 alternative, uncommon uses for the following object. Provide only a numbered list (1-10), with one use per line and no explanations.
Target: Book
Condition: Be boring.","1. Doorstop
2. Paperweight
3. Shelf filler
4. Dust collector
5. Floor propper
6. Table leg stabilizer
7. Wall support
8. Curtain weight
9. Room divider
10. Floor tile spacer",Llama-3.3-70B-Instruct-Turbo,Floor propper,0.8696674704551697,0.9944444444444445,
meta-llama/Llama-3.3-70B-Instruct-Turbo,Alternative Uses Task,"List exactly 10 alternative, uncommon uses for the following object. Provide only a numbered list (1-10), with one use per line and no explanations.",Book,Boring,"Task: List exactly 10 alternative, uncommon uses for the following object. Provide only a numbered list (1-10), with one use per line and no explanations.
Target: Book
Condition: Be boring.","1. Doorstop
2. Paperweight
3. Shelf filler
4. Dust collector
5. Floor propper
6. Table leg stabilizer
7. Wall support
8. Curtain weight
9. Room divider
10. Floor tile spacer",Llama-3.3-70B-Instruct-Turbo,Table leg stabilizer,0.9403365254402161,0.9944444444444445,
meta-llama/Llama-3.3-70B-Instruct-Turbo,Alternative Uses Task,"List exactly 10 alternative, uncommon uses for the following object. Provide only a numbered list (1-10), with one use per line and no explanations.",Book,Boring,"Task: List exactly 10 alternative, uncommon uses for the following object. Provide only a numbered list (1-10), with one use per line and no explanations.
Target: Book
Condition: Be boring.","1. Doorstop
2. Paperweight
3. Shelf filler
4. Dust collector
5. Floor propper
6. Table leg stabilizer
7. Wall support
8. Curtain weight
9. Room divider
10. Floor tile spacer",Llama-3.3-70B-Instruct-Turbo,Wall support,0.8845800161361694,0.9944444444444445,
meta-llama/Llama-3.3-70B-Instruct-Turbo,Alternative Uses Task,"List exactly 10 alternative, uncommon uses for the following object. Provide only a numbered list (1-10), with one use per line and no explanations.",Book,Boring,"Task: List exactly 10 alternative, uncommon uses for the following object. Provide only a numbered list (1-10), with one use per line and no explanations.
Target: Book
Condition: Be boring.","1. Doorstop
2. Paperweight
3. Shelf filler
4. Dust collector
5. Floor propper
6. Table leg stabilizer
7. Wall support
8. Curtain weight
9. Room divider
10. Floor tile spacer",Llama-3.3-70B-Instruct-Turbo,Curtain weight,0.9726213216781616,0.9944444444444445,
meta-llama/Llama-3.3-70B-Instruct-Turbo,Alternative Uses Task,"List exactly 10 alternative, uncommon uses for the following object. Provide only a numbered list (1-10), with one use per line and no explanations.",Book,Boring,"Task: List exactly 10 alternative, uncommon uses for the following object. Provide only a numbered list (1-10), with one use per line and no explanations.
Target: Book
Condition: Be boring.","1. Doorstop
2. Paperweight
3. Shelf filler
4. Dust collector
5. Floor propper
6. Table leg stabilizer
7. Wall support
8. Curtain weight
9. Room divider
10. Floor tile spacer",Llama-3.3-70B-Instruct-Turbo,Room divider,0.8145416975021362,0.9888888888888889,
meta-llama/Llama-3.3-70B-Instruct-Turbo,Alternative Uses Task,"List exactly 10 alternative, uncommon uses for the following object. Provide only a numbered list (1-10), with one use per line and no explanations.",Book,Boring,"Task: List exactly 10 alternative, uncommon uses for the following object. Provide only a numbered list (1-10), with one use per line and no explanations.
Target: Book
Condition: Be boring.","1. Doorstop
2. Paperweight
3. Shelf filler
4. Dust collector
5. Floor propper
6. Table leg stabilizer
7. Wall support
8. Curtain weight
9. Room divider
10. Floor tile spacer",Llama-3.3-70B-Instruct-Turbo,Floor tile spacer,0.9568763971328735,0.9944444444444445,
meta-llama/Llama-3.3-70B-Instruct-Turbo,Alternative Uses Task,"List exactly 10 alternative, uncommon uses for the following object. Provide only a numbered list (1-10), with one use per line and no explanations.",Book,Conventional,"Task: List exactly 10 alternative, uncommon uses for the following object. Provide only a numbered list (1-10), with one use per line and no explanations.
Target: Book
Condition: Be conventional.","1. Doorstop
2. Paperweight
3. Gift wrap decoration
4. Centerpiece for a table
5. Bookmark for a large stack of papers
6. Base for a DIY lamp
7. Press for flowers
8. Prop for photography
9. Leveling tool for uneven surfaces
10. Decorative element for a shelf",Llama-3.3-70B-Instruct-Turbo,Doorstop,0.7883899211883545,0.9333333333333333,
meta-llama/Llama-3.3-70B-Instruct-Turbo,Alternative Uses Task,"List exactly 10 alternative, uncommon uses for the following object. Provide only a numbered list (1-10), with one use per line and no explanations.",Book,Conventional,"Task: List exactly 10 alternative, uncommon uses for the following object. Provide only a numbered list (1-10), with one use per line and no explanations.
Target: Book
Condition: Be conventional.","1. Doorstop
2. Paperweight
3. Gift wrap decoration
4. Centerpiece for a table
5. Bookmark for a large stack of papers
6. Base for a DIY lamp
7. Press for flowers
8. Prop for photography
9. Leveling tool for uneven surfaces
10. Decorative element for a shelf",Llama-3.3-70B-Instruct-Turbo,Paperweight,0.7166880369186401,0.9444444444444444,
meta-llama/Llama-3.3-70B-Instruct-Turbo,Alternative Uses Task,"List exactly 10 alternative, uncommon uses for the following object. Provide only a numbered list (1-10), with one use per line and no explanations.",Book,Conventional,"Task: List exactly 10 alternative, uncommon uses for the following object. Provide only a numbered list (1-10), with one use per line and no explanations.
Target: Book
Condition: Be conventional.","1. Doorstop
2. Paperweight
3. Gift wrap decoration
4. Centerpiece for a table
5. Bookmark for a large stack of papers
6. Base for a DIY lamp
7. Press for flowers
8. Prop for photography
9. Leveling tool for uneven surfaces
10. Decorative element for a shelf",Llama-3.3-70B-Instruct-Turbo,Gift wrap decoration,0.8524158000946045,0.9888888888888889,
meta-llama/Llama-3.3-70B-Instruct-Turbo,Alternative Uses Task,"List exactly 10 alternative, uncommon uses for the following object. Provide only a numbered list (1-10), with one use per line and no explanations.",Book,Conventional,"Task: List exactly 10 alternative, uncommon uses for the following object. Provide only a numbered list (1-10), with one use per line and no explanations.
Target: Book
Condition: Be conventional.","1. Doorstop
2. Paperweight
3. Gift wrap decoration
4. Centerpiece for a table
5. Bookmark for a large stack of papers
6. Base for a DIY lamp
7. Press for flowers
8. Prop for photography
9. Leveling tool for uneven surfaces
10. Decorative element for a shelf",Llama-3.3-70B-Instruct-Turbo,Centerpiece for a table,0.9394189715385437,0.9888888888888889,
meta-llama/Llama-3.3-70B-Instruct-Turbo,Alternative Uses Task,"List exactly 10 alternative, uncommon uses for the following object. Provide only a numbered list (1-10), with one use per line and no explanations.",Book,Conventional,"Task: List exactly 10 alternative, uncommon uses for the following object. Provide only a numbered list (1-10), with one use per line and no explanations.
Target: Book
Condition: Be conventional.","1. Doorstop
2. Paperweight
3. Gift wrap decoration
4. Centerpiece for a table
5. Bookmark for a large stack of papers
6. Base for a DIY lamp
7. Press for flowers
8. Prop for photography
9. Leveling tool for uneven surfaces
10. Decorative element for a shelf",Llama-3.3-70B-Instruct-Turbo,Bookmark for a large stack of papers,0.7291122078895569,0.9944444444444445,
meta-llama/Llama-3.3-70B-Instruct-Turbo,Alternative Uses Task,"List exactly 10 alternative, uncommon uses for the following object. Provide only a numbered list (1-10), with one use per line and no explanations.",Book,Conventional,"Task: List exactly 10 alternative, uncommon uses for the following object. Provide only a numbered list (1-10), with one use per line and no explanations.
Target: Book
Condition: Be conventional.","1. Doorstop
2. Paperweight
3. Gift wrap decoration
4. Centerpiece for a table
5. Bookmark for a large stack of papers
6. Base for a DIY lamp
7. Press for flowers
8. Prop for photography
9. Leveling tool for uneven surfaces
10. Decorative element for a shelf",Llama-3.3-70B-Instruct-Turbo,Base for a DIY lamp,0.8868838548660278,0.9888888888888889,
meta-llama/Llama-3.3-70B-Instruct-Turbo,Alternative Uses Task,"List exactly 10 alternative, uncommon uses for the following object. Provide only a numbered list (1-10), with one use per line and no explanations.",Book,Conventional,"Task: List exactly 10 alternative, uncommon uses for the following object. Provide only a numbered list (1-10), with one use per line and no explanations.
Target: Book
Condition: Be conventional.","1. Doorstop
2. Paperweight
3. Gift wrap decoration
4. Centerpiece for a table
5. Bookmark for a large stack of papers
6. Base for a DIY lamp
7. Press for flowers
8. Prop for photography
9. Leveling tool for uneven surfaces
10. Decorative element for a shelf",Llama-3.3-70B-Instruct-Turbo,Press for flowers,0.8087214827537537,0.9944444444444445,
meta-llama/Llama-3.3-70B-Instruct-Turbo,Alternative Uses Task,"List exactly 10 alternative, uncommon uses for the following object. Provide only a numbered list (1-10), with one use per line and no explanations.",Book,Conventional,"Task: List exactly 10 alternative, uncommon uses for the following object. Provide only a numbered list (1-10), with one use per line and no explanations.
Target: Book
Condition: Be conventional.","1. Doorstop
2. Paperweight
3. Gift wrap decoration
4. Centerpiece for a table
5. Bookmark for a large stack of papers
6. Base for a DIY lamp
7. Press for flowers
8. Prop for photography
9. Leveling tool for uneven surfaces
10. Decorative element for a shelf",Llama-3.3-70B-Instruct-Turbo,Prop for photography,0.8449389338493347,0.9777777777777777,
meta-llama/Llama-3.3-70B-Instruct-Turbo,Alternative Uses Task,"List exactly 10 alternative, uncommon uses for the following object. Provide only a numbered list (1-10), with one use per line and no explanations.",Book,Conventional,"Task: List exactly 10 alternative, uncommon uses for the following object. Provide only a numbered list (1-10), with one use per line and no explanations.
Target: Book
Condition: Be conventional.","1. Doorstop
2. Paperweight
3. Gift wrap decoration
4. Centerpiece for a table
5. Bookmark for a large stack of papers
6. Base for a DIY lamp
7. Press for flowers
8. Prop for photography
9. Leveling tool for uneven surfaces
10. Decorative element for a shelf",Llama-3.3-70B-Instruct-Turbo,Leveling tool for uneven surfaces,1.0088368654251099,0.9888888888888889,
meta-llama/Llama-3.3-70B-Instruct-Turbo,Alternative Uses Task,"List exactly 10 alternative, uncommon uses for the following object. Provide only a numbered list (1-10), with one use per line and no explanations.",Book,Conventional,"Task: List exactly 10 alternative, uncommon uses for the following object. Provide only a numbered list (1-10), with one use per line and no explanations.
Target: Book
Condition: Be conventional.","1. Doorstop
2. Paperweight
3. Gift wrap decoration
4. Centerpiece for a table
5. Bookmark for a large stack of papers
6. Base for a DIY lamp
7. Press for flowers
8. Prop for photography
9. Leveling tool for uneven surfaces
10. Decorative element for a shelf",Llama-3.3-70B-Instruct-Turbo,Decorative element for a shelf,0.8304118514060974,0.9888888888888889,
meta-llama/Llama-3.3-70B-Instruct-Turbo,Alternative Uses Task,"List exactly 10 alternative, uncommon uses for the following object. Provide only a numbered list (1-10), with one use per line and no explanations.",Fork,Standard,"Task: List exactly 10 alternative, uncommon uses for the following object. Provide only a numbered list (1-10), with one use per line and no explanations.
Target: Fork","1. Plant label
2. DIY wind chime
3. Guitar slide
4. Mini sculpture tool
5. Marking tool for leather
6. Plant stake
7. Measuring tool for small spaces
8. Embellishment for jewelry making
9. Precision painter's tool
10. Model making detailer",Llama-3.3-70B-Instruct-Turbo,Plant label,0.7696178555488586,0.98,
meta-llama/Llama-3.3-70B-Instruct-Turbo,Alternative Uses Task,"List exactly 10 alternative, uncommon uses for the following object. Provide only a numbered list (1-10), with one use per line and no explanations.",Fork,Standard,"Task: List exactly 10 alternative, uncommon uses for the following object. Provide only a numbered list (1-10), with one use per line and no explanations.
Target: Fork","1. Plant label
2. DIY wind chime
3. Guitar slide
4. Mini sculpture tool
5. Marking tool for leather
6. Plant stake
7. Measuring tool for small spaces
8. Embellishment for jewelry making
9. Precision painter's tool
10. Model making detailer",Llama-3.3-70B-Instruct-Turbo,DIY wind chime,1.0114768743515015,0.975,
meta-llama/Llama-3.3-70B-Instruct-Turbo,Alternative Uses Task,"List exactly 10 alternative, uncommon uses for the following object. Provide only a numbered list (1-10), with one use per line and no explanations.",Fork,Standard,"Task: List exactly 10 alternative, uncommon uses for the following object. Provide only a numbered list (1-10), with one use per line and no explanations.
Target: Fork","1. Plant label
2. DIY wind chime
3. Guitar slide
4. Mini sculpture tool
5. Marking tool for leather
6. Plant stake
7. Measuring tool for small spaces
8. Embellishment for jewelry making
9. Precision painter's tool
10. Model making detailer",Llama-3.3-70B-Instruct-Turbo,Guitar slide,0.8980852961540222,0.99,
meta-llama/Llama-3.3-70B-Instruct-Turbo,Alternative Uses Task,"List exactly 10 alternative, uncommon uses for the following object. Provide only a numbered list (1-10), with one use per line and no explanations.",Fork,Standard,"Task: List exactly 10 alternative, uncommon uses for the following object. Provide only a numbered list (1-10), with one use per line and no explanations.
Target: Fork","1. Plant label
2. DIY wind chime
3. Guitar slide
4. Mini sculpture tool
5. Marking tool for leather
6. Plant stake
7. Measuring tool for small spaces
8. Embellishment for jewelry making
9. Precision painter's tool
10. Model making detailer",Llama-3.3-70B-Instruct-Turbo,Mini sculpture tool,0.777193546295166,0.985,
meta-llama/Llama-3.3-70B-Instruct-Turbo,Alternative Uses Task,"List exactly 10 alternative, uncommon uses for the following object. Provide only a numbered list (1-10), with one use per line and no explanations.",Fork,Standard,"Task: List exactly 10 alternative, uncommon uses for the following object. Provide only a numbered list (1-10), with one use per line and no explanations.
Target: Fork","1. Plant label
2. DIY wind chime
3. Guitar slide
4. Mini sculpture tool
5. Marking tool for leather
6. Plant stake
7. Measuring tool for small spaces
8. Embellishment for jewelry making
9. Precision painter's tool
10. Model making detailer",Llama-3.3-70B-Instruct-Turbo,Marking tool for leather,0.9695183038711548,0.99,
meta-llama/Llama-3.3-70B-Instruct-Turbo,Alternative Uses Task,"List exactly 10 alternative, uncommon uses for the following object. Provide only a numbered list (1-10), with one use per line and no explanations.",Fork,Standard,"Task: List exactly 10 alternative, uncommon uses for the following object. Provide only a numbered list (1-10), with one use per line and no explanations.
Target: Fork","1. Plant label
2. DIY wind chime
3. Guitar slide
4. Mini sculpture tool
5. Marking tool for leather
6. Plant stake
7. Measuring tool for small spaces
8. Embellishment for jewelry making
9. Precision painter's tool
10. Model making detailer",Llama-3.3-70B-Instruct-Turbo,Plant stake,0.6861255168914795,0.995,
meta-llama/Llama-3.3-70B-Instruct-Turbo,Alternative Uses Task,"List exactly 10 alternative, uncommon uses for the following object. Provide only a numbered list (1-10), with one use per line and no explanations.",Fork,Standard,"Task: List exactly 10 alternative, uncommon uses for the following object. Provide only a numbered list (1-10), with one use per line and no explanations.
Target: Fork","1. Plant label
2. DIY wind chime
3. Guitar slide
4. Mini sculpture tool
5. Marking tool for leather
6. Plant stake
7. Measuring tool for small spaces
8. Embellishment for jewelry making
9. Precision painter's tool
10. Model making detailer",Llama-3.3-70B-Instruct-Turbo,Measuring tool for small spaces,0.9780532121658325,0.99,
meta-llama/Llama-3.3-70B-Instruct-Turbo,Alternative Uses Task,"List exactly 10 alternative, uncommon uses for the following object. Provide only a numbered list (1-10), with one use per line and no explanations.",Fork,Standard,"Task: List exactly 10 alternative, uncommon uses for the following object. Provide only a numbered list (1-10), with one use per line and no explanations.
Target: Fork","1. Plant label
2. DIY wind chime
3. Guitar slide
4. Mini sculpture tool
5. Marking tool for leather
6. Plant stake
7. Measuring tool for small spaces
8. Embellishment for jewelry making
9. Precision painter's tool
10. Model making detailer",Llama-3.3-70B-Instruct-Turbo,Embellishment for jewelry making,0.9084755778312683,0.99,
meta-llama/Llama-3.3-70B-Instruct-Turbo,Alternative Uses Task,"List exactly 10 alternative, uncommon uses for the following object. Provide only a numbered list (1-10), with one use per line and no explanations.",Fork,Standard,"Task: List exactly 10 alternative, uncommon uses for the following object. Provide only a numbered list (1-10), with one use per line and no explanations.
Target: Fork","1. Plant label
2. DIY wind chime
3. Guitar slide
4. Mini sculpture tool
5. Marking tool for leather
6. Plant stake
7. Measuring tool for small spaces
8. Embellishment for jewelry making
9. Precision painter's tool
10. Model making detailer",Llama-3.3-70B-Instruct-Turbo,Precision painter's tool,0.8405590057373047,0.99,
meta-llama/Llama-3.3-70B-Instruct-Turbo,Alternative Uses Task,"List exactly 10 alternative, uncommon uses for the following object. Provide only a numbered list (1-10), with one use per line and no explanations.",Fork,Standard,"Task: List exactly 10 alternative, uncommon uses for the following object. Provide only a numbered list (1-10), with one use per line and no explanations.
Target: Fork","1. Plant label
2. DIY wind chime
3. Guitar slide
4. Mini sculpture tool
5. Marking tool for leather
6. Plant stake
7. Measuring tool for small spaces
8. Embellishment for jewelry making
9. Precision painter's tool
10. Model making detailer",Llama-3.3-70B-Instruct-Turbo,Model making detailer,0.9388609528541565,0.995,
meta-llama/Llama-3.3-70B-Instruct-Turbo,Alternative Uses Task,"List exactly 10 alternative, uncommon uses for the following object. Provide only a numbered list (1-10), with one use per line and no explanations.",Fork,Creative,"Task: List exactly 10 alternative, uncommon uses for the following object. Provide only a numbered list (1-10), with one use per line and no explanations.
Target: Fork
Condition: Be creative.","1. Plant marker
2. DIY wind chime component
3. Miniature sculpture tool
4. Cable organizer
5. Hair accessory
6. Precision painting tool
7. Guitar slide
8. Bookmark
9. Geometric drawing aid
10. Impromptu microphone stand",Llama-3.3-70B-Instruct-Turbo,Plant marker,0.848136305809021,0.995,
meta-llama/Llama-3.3-70B-Instruct-Turbo,Alternative Uses Task,"List exactly 10 alternative, uncommon uses for the following object. Provide only a numbered list (1-10), with one use per line and no explanations.",Fork,Creative,"Task: List exactly 10 alternative, uncommon uses for the following object. Provide only a numbered list (1-10), with one use per line and no explanations.
Target: Fork
Condition: Be creative.","1. Plant marker
2. DIY wind chime component
3. Miniature sculpture tool
4. Cable organizer
5. Hair accessory
6. Precision painting tool
7. Guitar slide
8. Bookmark
9. Geometric drawing aid
10. Impromptu microphone stand",Llama-3.3-70B-Instruct-Turbo,DIY wind chime component,1.0154105424880981,0.975,
meta-llama/Llama-3.3-70B-Instruct-Turbo,Alternative Uses Task,"List exactly 10 alternative, uncommon uses for the following object. Provide only a numbered list (1-10), with one use per line and no explanations.",Fork,Creative,"Task: List exactly 10 alternative, uncommon uses for the following object. Provide only a numbered list (1-10), with one use per line and no explanations.
Target: Fork
Condition: Be creative.","1. Plant marker
2. DIY wind chime component
3. Miniature sculpture tool
4. Cable organizer
5. Hair accessory
6. Precision painting tool
7. Guitar slide
8. Bookmark
9. Geometric drawing aid
10. Impromptu microphone stand",Llama-3.3-70B-Instruct-Turbo,Miniature sculpture tool,0.7902054190635681,0.985,
meta-llama/Llama-3.3-70B-Instruct-Turbo,Alternative Uses Task,"List exactly 10 alternative, uncommon uses for the following object. Provide only a numbered list (1-10), with one use per line and no explanations.",Fork,Creative,"Task: List exactly 10 alternative, uncommon uses for the following object. Provide only a numbered list (1-10), with one use per line and no explanations.
Target: Fork
Condition: Be creative.","1. Plant marker
2. DIY wind chime component
3. Miniature sculpture tool
4. Cable organizer
5. Hair accessory
6. Precision painting tool
7. Guitar slide
8. Bookmark
9. Geometric drawing aid
10. Impromptu microphone stand",Llama-3.3-70B-Instruct-Turbo,Cable organizer,0.8585878610610962,0.98,
meta-llama/Llama-3.3-70B-Instruct-Turbo,Alternative Uses Task,"List exactly 10 alternative, uncommon uses for the following object. Provide only a numbered list (1-10), with one use per line and no explanations.",Fork,Creative,"Task: List exactly 10 alternative, uncommon uses for the following object. Provide only a numbered list (1-10), with one use per line and no explanations.
Target: Fork
Condition: Be creative.","1. Plant marker
2. DIY wind chime component
3. Miniature sculpture tool
4. Cable organizer
5. Hair accessory
6. Precision painting tool
7. Guitar slide
8. Bookmark
9. Geometric drawing aid
10. Impromptu microphone stand",Llama-3.3-70B-Instruct-Turbo,Hair accessory,0.8124512434005737,0.985,
meta-llama/Llama-3.3-70B-Instruct-Turbo,Alternative Uses Task,"List exactly 10 alternative, uncommon uses for the following object. Provide only a numbered list (1-10), with one use per line and no explanations.",Fork,Creative,"Task: List exactly 10 alternative, uncommon uses for the following object. Provide only a numbered list (1-10), with one use per line and no explanations.
Target: Fork
Condition: Be creative.","1. Plant marker
2. DIY wind chime component
3. Miniature sculpture tool
4. Cable organizer
5. Hair accessory
6. Precision painting tool
7. Guitar slide
8. Bookmark
9. Geometric drawing aid
10. Impromptu microphone stand",Llama-3.3-70B-Instruct-Turbo,Precision painting tool,0.9547735452651978,0.99,
meta-llama/Llama-3.3-70B-Instruct-Turbo,Alternative Uses Task,"List exactly 10 alternative, uncommon uses for the following object. Provide only a numbered list (1-10), with one use per line and no explanations.",Fork,Creative,"Task: List exactly 10 alternative, uncommon uses for the following object. Provide only a numbered list (1-10), with one use per line and no explanations.
Target: Fork
Condition: Be creative.","1. Plant marker
2. DIY wind chime component
3. Miniature sculpture tool
4. Cable organizer
5. Hair accessory
6. Precision painting tool
7. Guitar slide
8. Bookmark
9. Geometric drawing aid
10. Impromptu microphone stand",Llama-3.3-70B-Instruct-Turbo,Guitar slide,0.8980852961540222,0.99,
meta-llama/Llama-3.3-70B-Instruct-Turbo,Alternative Uses Task,"List exactly 10 alternative, uncommon uses for the following object. Provide only a numbered list (1-10), with one use per line and no explanations.",Fork,Creative,"Task: List exactly 10 alternative, uncommon uses for the following object. Provide only a numbered list (1-10), with one use per line and no explanations.
Target: Fork
Condition: Be creative.","1. Plant marker
2. DIY wind chime component
3. Miniature sculpture tool
4. Cable organizer
5. Hair accessory
6. Precision painting tool
7. Guitar slide
8. Bookmark
9. Geometric drawing aid
10. Impromptu microphone stand",Llama-3.3-70B-Instruct-Turbo,Bookmark,0.8197256326675415,0.985,
meta-llama/Llama-3.3-70B-Instruct-Turbo,Alternative Uses Task,"List exactly 10 alternative, uncommon uses for the following object. Provide only a numbered list (1-10), with one use per line and no explanations.",Fork,Creative,"Task: List exactly 10 alternative, uncommon uses for the following object. Provide only a numbered list (1-10), with one use per line and no explanations.
Target: Fork
Condition: Be creative.","1. Plant marker
2. DIY wind chime component
3. Miniature sculpture tool
4. Cable organizer
5. Hair accessory
6. Precision painting tool
7. Guitar slide
8. Bookmark
9. Geometric drawing aid
10. Impromptu microphone stand",Llama-3.3-70B-Instruct-Turbo,Geometric drawing aid,0.9547588229179382,0.995,
meta-llama/Llama-3.3-70B-Instruct-Turbo,Alternative Uses Task,"List exactly 10 alternative, uncommon uses for the following object. Provide only a numbered list (1-10), with one use per line and no explanations.",Fork,Creative,"Task: List exactly 10 alternative, uncommon uses for the following object. Provide only a numbered list (1-10), with one use per line and no explanations.
Target: Fork
Condition: Be creative.","1. Plant marker
2. DIY wind chime component
3. Miniature sculpture tool
4. Cable organizer
5. Hair accessory
6. Precision painting tool
7. Guitar slide
8. Bookmark
9. Geometric drawing aid
10. Impromptu microphone stand",Llama-3.3-70B-Instruct-Turbo,Impromptu microphone stand,0.8771991729736328,0.99,
meta-llama/Llama-3.3-70B-Instruct-Turbo,Alternative Uses Task,"List exactly 10 alternative, uncommon uses for the following object. Provide only a numbered list (1-10), with one use per line and no explanations.",Fork,Effective,"Task: List exactly 10 alternative, uncommon uses for the following object. Provide only a numbered list (1-10), with one use per line and no explanations.
Target: Fork
Condition: Be effective.","1. Plant label
2. DIY wind chime
3. Cable organizer
4. Picture hanger
5. Miniature sculpture tool
6. Garden weeder
7. Impromptu microphone stand
8. Measuring tool for small spaces
9. Embellishment for jewelry making
10. Marking tool for leather crafting",Llama-3.3-70B-Instruct-Turbo,Plant label,0.7696178555488586,0.98,
meta-llama/Llama-3.3-70B-Instruct-Turbo,Alternative Uses Task,"List exactly 10 alternative, uncommon uses for the following object. Provide only a numbered list (1-10), with one use per line and no explanations.",Fork,Effective,"Task: List exactly 10 alternative, uncommon uses for the following object. Provide only a numbered list (1-10), with one use per line and no explanations.
Target: Fork
Condition: Be effective.","1. Plant label
2. DIY wind chime
3. Cable organizer
4. Picture hanger
5. Miniature sculpture tool
6. Garden weeder
7. Impromptu microphone stand
8. Measuring tool for small spaces
9. Embellishment for jewelry making
10. Marking tool for leather crafting",Llama-3.3-70B-Instruct-Turbo,DIY wind chime,1.0114768743515015,0.975,
meta-llama/Llama-3.3-70B-Instruct-Turbo,Alternative Uses Task,"List exactly 10 alternative, uncommon uses for the following object. Provide only a numbered list (1-10), with one use per line and no explanations.",Fork,Effective,"Task: List exactly 10 alternative, uncommon uses for the following object. Provide only a numbered list (1-10), with one use per line and no explanations.
Target: Fork
Condition: Be effective.","1. Plant label
2. DIY wind chime
3. Cable organizer
4. Picture hanger
5. Miniature sculpture tool
6. Garden weeder
7. Impromptu microphone stand
8. Measuring tool for small spaces
9. Embellishment for jewelry making
10. Marking tool for leather crafting",Llama-3.3-70B-Instruct-Turbo,Cable organizer,0.8585878610610962,0.98,
meta-llama/Llama-3.3-70B-Instruct-Turbo,Alternative Uses Task,"List exactly 10 alternative, uncommon uses for the following object. Provide only a numbered list (1-10), with one use per line and no explanations.",Fork,Effective,"Task: List exactly 10 alternative, uncommon uses for the following object. Provide only a numbered list (1-10), with one use per line and no explanations.
Target: Fork
Condition: Be effective.","1. Plant label
2. DIY wind chime
3. Cable organizer
4. Picture hanger
5. Miniature sculpture tool
6. Garden weeder
7. Impromptu microphone stand
8. Measuring tool for small spaces
9. Embellishment for jewelry making
10. Marking tool for leather crafting",Llama-3.3-70B-Instruct-Turbo,Picture hanger,0.7555272579193115,0.99,
meta-llama/Llama-3.3-70B-Instruct-Turbo,Alternative Uses Task,"List exactly 10 alternative, uncommon uses for the following object. Provide only a numbered list (1-10), with one use per line and no explanations.",Fork,Effective,"Task: List exactly 10 alternative, uncommon uses for the following object. Provide only a numbered list (1-10), with one use per line and no explanations.
Target: Fork
Condition: Be effective.","1. Plant label
2. DIY wind chime
3. Cable organizer
4. Picture hanger
5. Miniature sculpture tool
6. Garden weeder
7. Impromptu microphone stand
8. Measuring tool for small spaces
9. Embellishment for jewelry making
10. Marking tool for leather crafting",Llama-3.3-70B-Instruct-Turbo,Miniature sculpture tool,0.7902054190635681,0.985,
meta-llama/Llama-3.3-70B-Instruct-Turbo,Alternative Uses Task,"List exactly 10 alternative, uncommon uses for the following object. Provide only a numbered list (1-10), with one use per line and no explanations.",Fork,Effective,"Task: List exactly 10 alternative, uncommon uses for the following object. Provide only a numbered list (1-10), with one use per line and no explanations.
Target: Fork
Condition: Be effective.","1. Plant label
2. DIY wind chime
3. Cable organizer
4. Picture hanger
5. Miniature sculpture tool
6. Garden weeder
7. Impromptu microphone stand
8. Measuring tool for small spaces
9. Embellishment for jewelry making
10. Marking tool for leather crafting",Llama-3.3-70B-Instruct-Turbo,Garden weeder,0.759765088558197,0.985,
meta-llama/Llama-3.3-70B-Instruct-Turbo,Alternative Uses Task,"List exactly 10 alternative, uncommon uses for the following object. Provide only a numbered list (1-10), with one use per line and no explanations.",Fork,Effective,"Task: List exactly 10 alternative, uncommon uses for the following object. Provide only a numbered list (1-10), with one use per line and no explanations.
Target: Fork
Condition: Be effective.","1. Plant label
2. DIY wind chime
3. Cable organizer
4. Picture hanger
5. Miniature sculpture tool
6. Garden weeder
7. Impromptu microphone stand
8. Measuring tool for small spaces
9. Embellishment for jewelry making
10. Marking tool for leather crafting",Llama-3.3-70B-Instruct-Turbo,Impromptu microphone stand,0.8771991729736328,0.99,
meta-llama/Llama-3.3-70B-Instruct-Turbo,Alternative Uses Task,"List exactly 10 alternative, uncommon uses for the following object. Provide only a numbered list (1-10), with one use per line and no explanations.",Fork,Effective,"Task: List exactly 10 alternative, uncommon uses for the following object. Provide only a numbered list (1-10), with one use per line and no explanations.
Target: Fork
Condition: Be effective.","1. Plant label
2. DIY wind chime
3. Cable organizer
4. Picture hanger
5. Miniature sculpture tool
6. Garden weeder
7. Impromptu microphone stand
8. Measuring tool for small spaces
9. Embellishment for jewelry making
10. Marking tool for leather crafting",Llama-3.3-70B-Instruct-Turbo,Measuring tool for small spaces,0.9780532121658325,0.99,
meta-llama/Llama-3.3-70B-Instruct-Turbo,Alternative Uses Task,"List exactly 10 alternative, uncommon uses for the following object. Provide only a numbered list (1-10), with one use per line and no explanations.",Fork,Effective,"Task: List exactly 10 alternative, uncommon uses for the following object. Provide only a numbered list (1-10), with one use per line and no explanations.
Target: Fork
Condition: Be effective.","1. Plant label
2. DIY wind chime
3. Cable organizer
4. Picture hanger
5. Miniature sculpture tool
6. Garden weeder
7. Impromptu microphone stand
8. Measuring tool for small spaces
9. Embellishment for jewelry making
10. Marking tool for leather crafting",Llama-3.3-70B-Instruct-Turbo,Embellishment for jewelry making,0.9084755778312683,0.99,
meta-llama/Llama-3.3-70B-Instruct-Turbo,Alternative Uses Task,"List exactly 10 alternative, uncommon uses for the following object. Provide only a numbered list (1-10), with one use per line and no explanations.",Fork,Effective,"Task: List exactly 10 alternative, uncommon uses for the following object. Provide only a numbered list (1-10), with one use per line and no explanations.
Target: Fork
Condition: Be effective.","1. Plant label
2. DIY wind chime
3. Cable organizer
4. Picture hanger
5. Miniature sculpture tool
6. Garden weeder
7. Impromptu microphone stand
8. Measuring tool for small spaces
9. Embellishment for jewelry making
10. Marking tool for leather crafting",Llama-3.3-70B-Instruct-Turbo,Marking tool for leather crafting,0.9624977707862854,0.99,
meta-llama/Llama-3.3-70B-Instruct-Turbo,Alternative Uses Task,"List exactly 10 alternative, uncommon uses for the following object. Provide only a numbered list (1-10), with one use per line and no explanations.",Fork,Boring,"Task: List exactly 10 alternative, uncommon uses for the following object. Provide only a numbered list (1-10), with one use per line and no explanations.
Target: Fork
Condition: Be boring.","1. Plant label
2. Cable organizer
3. DIY wind chime component
4. Picture hook
5. Bookmark
6. Desk paperweight
7. Cord manager
8. Paint scraper
9. Miniature plant stake
10. Zipper pull",Llama-3.3-70B-Instruct-Turbo,Plant label,0.7696178555488586,0.98,
meta-llama/Llama-3.3-70B-Instruct-Turbo,Alternative Uses Task,"List exactly 10 alternative, uncommon uses for the following object. Provide only a numbered list (1-10), with one use per line and no explanations.",Fork,Boring,"Task: List exactly 10 alternative, uncommon uses for the following object. Provide only a numbered list (1-10), with one use per line and no explanations.
Target: Fork
Condition: Be boring.","1. Plant label
2. Cable organizer
3. DIY wind chime component
4. Picture hook
5. Bookmark
6. Desk paperweight
7. Cord manager
8. Paint scraper
9. Miniature plant stake
10. Zipper pull",Llama-3.3-70B-Instruct-Turbo,Cable organizer,0.8585878610610962,0.98,
meta-llama/Llama-3.3-70B-Instruct-Turbo,Alternative Uses Task,"List exactly 10 alternative, uncommon uses for the following object. Provide only a numbered list (1-10), with one use per line and no explanations.",Fork,Boring,"Task: List exactly 10 alternative, uncommon uses for the following object. Provide only a numbered list (1-10), with one use per line and no explanations.
Target: Fork
Condition: Be boring.","1. Plant label
2. Cable organizer
3. DIY wind chime component
4. Picture hook
5. Bookmark
6. Desk paperweight
7. Cord manager
8. Paint scraper
9. Miniature plant stake
10. Zipper pull",Llama-3.3-70B-Instruct-Turbo,DIY wind chime component,1.0154105424880981,0.975,
meta-llama/Llama-3.3-70B-Instruct-Turbo,Alternative Uses Task,"List exactly 10 alternative, uncommon uses for the following object. Provide only a numbered list (1-10), with one use per line and no explanations.",Fork,Boring,"Task: List exactly 10 alternative, uncommon uses for the following object. Provide only a numbered list (1-10), with one use per line and no explanations.
Target: Fork
Condition: Be boring.","1. Plant label
2. Cable organizer
3. DIY wind chime component
4. Picture hook
5. Bookmark
6. Desk paperweight
7. Cord manager
8. Paint scraper
9. Miniature plant stake
10. Zipper pull",Llama-3.3-70B-Instruct-Turbo,Picture hook,0.7586159110069275,0.995,
meta-llama/Llama-3.3-70B-Instruct-Turbo,Alternative Uses Task,"List exactly 10 alternative, uncommon uses for the following object. Provide only a numbered list (1-10), with one use per line and no explanations.",Fork,Boring,"Task: List exactly 10 alternative, uncommon uses for the following object. Provide only a numbered list (1-10), with one use per line and no explanations.
Target: Fork
Condition: Be boring.","1. Plant label
2. Cable organizer
3. DIY wind chime component
4. Picture hook
5. Bookmark
6. Desk paperweight
7. Cord manager
8. Paint scraper
9. Miniature plant stake
10. Zipper pull",Llama-3.3-70B-Instruct-Turbo,Bookmark,0.8197256326675415,0.985,
meta-llama/Llama-3.3-70B-Instruct-Turbo,Alternative Uses Task,"List exactly 10 alternative, uncommon uses for the following object. Provide only a numbered list (1-10), with one use per line and no explanations.",Fork,Boring,"Task: List exactly 10 alternative, uncommon uses for the following object. Provide only a numbered list (1-10), with one use per line and no explanations.
Target: Fork
Condition: Be boring.","1. Plant label
2. Cable organizer
3. DIY wind chime component
4. Picture hook
5. Bookmark
6. Desk paperweight
7. Cord manager
8. Paint scraper
9. Miniature plant stake
10. Zipper pull",Llama-3.3-70B-Instruct-Turbo,Desk paperweight,0.8745406866073608,0.995,
meta-llama/Llama-3.3-70B-Instruct-Turbo,Alternative Uses Task,"List exactly 10 alternative, uncommon uses for the following object. Provide only a numbered list (1-10), with one use per line and no explanations.",Fork,Boring,"Task: List exactly 10 alternative, uncommon uses for the following object. Provide only a numbered list (1-10), with one use per line and no explanations.
Target: Fork
Condition: Be boring.","1. Plant label
2. Cable organizer
3. DIY wind chime component
4. Picture hook
5. Bookmark
6. Desk paperweight
7. Cord manager
8. Paint scraper
9. Miniature plant stake
10. Zipper pull",Llama-3.3-70B-Instruct-Turbo,Cord manager,0.8710243701934814,0.995,
meta-llama/Llama-3.3-70B-Instruct-Turbo,Alternative Uses Task,"List exactly 10 alternative, uncommon uses for the following object. Provide only a numbered list (1-10), with one use per line and no explanations.",Fork,Boring,"Task: List exactly 10 alternative, uncommon uses for the following object. Provide only a numbered list (1-10), with one use per line and no explanations.
Target: Fork
Condition: Be boring.","1. Plant label
2. Cable organizer
3. DIY wind chime component
4. Picture hook
5. Bookmark
6. Desk paperweight
7. Cord manager
8. Paint scraper
9. Miniature plant stake
10. Zipper pull",Llama-3.3-70B-Instruct-Turbo,Paint scraper,0.8412584066390991,0.985,
meta-llama/Llama-3.3-70B-Instruct-Turbo,Alternative Uses Task,"List exactly 10 alternative, uncommon uses for the following object. Provide only a numbered list (1-10), with one use per line and no explanations.",Fork,Boring,"Task: List exactly 10 alternative, uncommon uses for the following object. Provide only a numbered list (1-10), with one use per line and no explanations.
Target: Fork
Condition: Be boring.","1. Plant label
2. Cable organizer
3. DIY wind chime component
4. Picture hook
5. Bookmark
6. Desk paperweight
7. Cord manager
8. Paint scraper
9. Miniature plant stake
10. Zipper pull",Llama-3.3-70B-Instruct-Turbo,Miniature plant stake,0.7126801013946533,0.995,
meta-llama/Llama-3.3-70B-Instruct-Turbo,Alternative Uses Task,"List exactly 10 alternative, uncommon uses for the following object. Provide only a numbered list (1-10), with one use per line and no explanations.",Fork,Boring,"Task: List exactly 10 alternative, uncommon uses for the following object. Provide only a numbered list (1-10), with one use per line and no explanations.
Target: Fork
Condition: Be boring.","1. Plant label
2. Cable organizer
3. DIY wind chime component
4. Picture hook
5. Bookmark
6. Desk paperweight
7. Cord manager
8. Paint scraper
9. Miniature plant stake
10. Zipper pull",Llama-3.3-70B-Instruct-Turbo,Zipper pull,0.8434610366821289,0.99,
meta-llama/Llama-3.3-70B-Instruct-Turbo,Alternative Uses Task,"List exactly 10 alternative, uncommon uses for the following object. Provide only a numbered list (1-10), with one use per line and no explanations.",Fork,Conventional,"Task: List exactly 10 alternative, uncommon uses for the following object. Provide only a numbered list (1-10), with one use per line and no explanations.
Target: Fork
Condition: Be conventional.","1. Plant label
2. DIY wind chime
3. Picture hanger
4. Cable organizer
5. Mini sculpture base
6. Bookmark
7. Garden marker
8. Paint scraper
9. Jewelry maker's tool
10. Zipper pull",Llama-3.3-70B-Instruct-Turbo,Plant label,0.7696178555488586,0.98,
meta-llama/Llama-3.3-70B-Instruct-Turbo,Alternative Uses Task,"List exactly 10 alternative, uncommon uses for the following object. Provide only a numbered list (1-10), with one use per line and no explanations.",Fork,Conventional,"Task: List exactly 10 alternative, uncommon uses for the following object. Provide only a numbered list (1-10), with one use per line and no explanations.
Target: Fork
Condition: Be conventional.","1. Plant label
2. DIY wind chime
3. Picture hanger
4. Cable organizer
5. Mini sculpture base
6. Bookmark
7. Garden marker
8. Paint scraper
9. Jewelry maker's tool
10. Zipper pull",Llama-3.3-70B-Instruct-Turbo,DIY wind chime,1.0114768743515015,0.975,
meta-llama/Llama-3.3-70B-Instruct-Turbo,Alternative Uses Task,"List exactly 10 alternative, uncommon uses for the following object. Provide only a numbered list (1-10), with one use per line and no explanations.",Fork,Conventional,"Task: List exactly 10 alternative, uncommon uses for the following object. Provide only a numbered list (1-10), with one use per line and no explanations.
Target: Fork
Condition: Be conventional.","1. Plant label
2. DIY wind chime
3. Picture hanger
4. Cable organizer
5. Mini sculpture base
6. Bookmark
7. Garden marker
8. Paint scraper
9. Jewelry maker's tool
10. Zipper pull",Llama-3.3-70B-Instruct-Turbo,Picture hanger,0.7555272579193115,0.99,
meta-llama/Llama-3.3-70B-Instruct-Turbo,Alternative Uses Task,"List exactly 10 alternative, uncommon uses for the following object. Provide only a numbered list (1-10), with one use per line and no explanations.",Fork,Conventional,"Task: List exactly 10 alternative, uncommon uses for the following object. Provide only a numbered list (1-10), with one use per line and no explanations.
Target: Fork
Condition: Be conventional.","1. Plant label
2. DIY wind chime
3. Picture hanger
4. Cable organizer
5. Mini sculpture base
6. Bookmark
7. Garden marker
8. Paint scraper
9. Jewelry maker's tool
10. Zipper pull",Llama-3.3-70B-Instruct-Turbo,Cable organizer,0.8585878610610962,0.98,
meta-llama/Llama-3.3-70B-Instruct-Turbo,Alternative Uses Task,"List exactly 10 alternative, uncommon uses for the following object. Provide only a numbered list (1-10), with one use per line and no explanations.",Fork,Conventional,"Task: List exactly 10 alternative, uncommon uses for the following object. Provide only a numbered list (1-10), with one use per line and no explanations.
Target: Fork
Condition: Be conventional.","1. Plant label
2. DIY wind chime
3. Picture hanger
4. Cable organizer
5. Mini sculpture base
6. Bookmark
7. Garden marker
8. Paint scraper
9. Jewelry maker's tool
10. Zipper pull",Llama-3.3-70B-Instruct-Turbo,Mini sculpture base,0.8165980577468872,0.995,
meta-llama/Llama-3.3-70B-Instruct-Turbo,Alternative Uses Task,"List exactly 10 alternative, uncommon uses for the following object. Provide only a numbered list (1-10), with one use per line and no explanations.",Fork,Conventional,"Task: List exactly 10 alternative, uncommon uses for the following object. Provide only a numbered list (1-10), with one use per line and no explanations.
Target: Fork
Condition: Be conventional.","1. Plant label
2. DIY wind chime
3. Picture hanger
4. Cable organizer
5. Mini sculpture base
6. Bookmark
7. Garden marker
8. Paint scraper
9. Jewelry maker's tool
10. Zipper pull",Llama-3.3-70B-Instruct-Turbo,Bookmark,0.8197256326675415,0.985,
meta-llama/Llama-3.3-70B-Instruct-Turbo,Alternative Uses Task,"List exactly 10 alternative, uncommon uses for the following object. Provide only a numbered list (1-10), with one use per line and no explanations.",Fork,Conventional,"Task: List exactly 10 alternative, uncommon uses for the following object. Provide only a numbered list (1-10), with one use per line and no explanations.
Target: Fork
Condition: Be conventional.","1. Plant label
2. DIY wind chime
3. Picture hanger
4. Cable organizer
5. Mini sculpture base
6. Bookmark
7. Garden marker
8. Paint scraper
9. Jewelry maker's tool
10. Zipper pull",Llama-3.3-70B-Instruct-Turbo,Garden marker,0.7770119905471802,0.995,
meta-llama/Llama-3.3-70B-Instruct-Turbo,Alternative Uses Task,"List exactly 10 alternative, uncommon uses for the following object. Provide only a numbered list (1-10), with one use per line and no explanations.",Fork,Conventional,"Task: List exactly 10 alternative, uncommon uses for the following object. Provide only a numbered list (1-10), with one use per line and no explanations.
Target: Fork
Condition: Be conventional.","1. Plant label
2. DIY wind chime
3. Picture hanger
4. Cable organizer
5. Mini sculpture base
6. Bookmark
7. Garden marker
8. Paint scraper
9. Jewelry maker's tool
10. Zipper pull",Llama-3.3-70B-Instruct-Turbo,Paint scraper,0.8412584066390991,0.985,
meta-llama/Llama-3.3-70B-Instruct-Turbo,Alternative Uses Task,"List exactly 10 alternative, uncommon uses for the following object. Provide only a numbered list (1-10), with one use per line and no explanations.",Fork,Conventional,"Task: List exactly 10 alternative, uncommon uses for the following object. Provide only a numbered list (1-10), with one use per line and no explanations.
Target: Fork
Condition: Be conventional.","1. Plant label
2. DIY wind chime
3. Picture hanger
4. Cable organizer
5. Mini sculpture base
6. Bookmark
7. Garden marker
8. Paint scraper
9. Jewelry maker's tool
10. Zipper pull",Llama-3.3-70B-Instruct-Turbo,Jewelry maker's tool,0.7689607739448547,0.995,
meta-llama/Llama-3.3-70B-Instruct-Turbo,Alternative Uses Task,"List exactly 10 alternative, uncommon uses for the following object. Provide only a numbered list (1-10), with one use per line and no explanations.",Fork,Conventional,"Task: List exactly 10 alternative, uncommon uses for the following object. Provide only a numbered list (1-10), with one use per line and no explanations.
Target: Fork
Condition: Be conventional.","1. Plant label
2. DIY wind chime
3. Picture hanger
4. Cable organizer
5. Mini sculpture base
6. Bookmark
7. Garden marker
8. Paint scraper
9. Jewelry maker's tool
10. Zipper pull",Llama-3.3-70B-Instruct-Turbo,Zipper pull,0.8434610366821289,0.99,
meta-llama/Llama-3.3-70B-Instruct-Turbo,Alternative Uses Task,"List exactly 10 alternative, uncommon uses for the following object. Provide only a numbered list (1-10), with one use per line and no explanations.",Paperclip,Standard,"Task: List exactly 10 alternative, uncommon uses for the following object. Provide only a numbered list (1-10), with one use per line and no explanations.
Target: Paperclip","1. Plant marker
2. Zipper pull
3. DIY wind chime
4. Temporary fix for a broken zipper
5. Cord organizer
6. Earring holder
7. Bag seal
8. Picture hanger
9. Emergency screwdriver
10. Guitar slide",Llama-3.3-70B-Instruct-Turbo,Plant marker,0.7358075976371765,0.973404255319149,
meta-llama/Llama-3.3-70B-Instruct-Turbo,Alternative Uses Task,"List exactly 10 alternative, uncommon uses for the following object. Provide only a numbered list (1-10), with one use per line and no explanations.",Paperclip,Standard,"Task: List exactly 10 alternative, uncommon uses for the following object. Provide only a numbered list (1-10), with one use per line and no explanations.
Target: Paperclip","1. Plant marker
2. Zipper pull
3. DIY wind chime
4. Temporary fix for a broken zipper
5. Cord organizer
6. Earring holder
7. Bag seal
8. Picture hanger
9. Emergency screwdriver
10. Guitar slide",Llama-3.3-70B-Instruct-Turbo,Zipper pull,0.8042911291122437,0.9946808510638298,
meta-llama/Llama-3.3-70B-Instruct-Turbo,Alternative Uses Task,"List exactly 10 alternative, uncommon uses for the following object. Provide only a numbered list (1-10), with one use per line and no explanations.",Paperclip,Standard,"Task: List exactly 10 alternative, uncommon uses for the following object. Provide only a numbered list (1-10), with one use per line and no explanations.
Target: Paperclip","1. Plant marker
2. Zipper pull
3. DIY wind chime
4. Temporary fix for a broken zipper
5. Cord organizer
6. Earring holder
7. Bag seal
8. Picture hanger
9. Emergency screwdriver
10. Guitar slide",Llama-3.3-70B-Instruct-Turbo,DIY wind chime,0.9652343392372131,0.9840425531914894,
meta-llama/Llama-3.3-70B-Instruct-Turbo,Alternative Uses Task,"List exactly 10 alternative, uncommon uses for the following object. Provide only a numbered list (1-10), with one use per line and no explanations.",Paperclip,Standard,"Task: List exactly 10 alternative, uncommon uses for the following object. Provide only a numbered list (1-10), with one use per line and no explanations.
Target: Paperclip","1. Plant marker
2. Zipper pull
3. DIY wind chime
4. Temporary fix for a broken zipper
5. Cord organizer
6. Earring holder
7. Bag seal
8. Picture hanger
9. Emergency screwdriver
10. Guitar slide",Llama-3.3-70B-Instruct-Turbo,Temporary fix for a broken zipper,0.8851489424705505,0.973404255319149,
meta-llama/Llama-3.3-70B-Instruct-Turbo,Alternative Uses Task,"List exactly 10 alternative, uncommon uses for the following object. Provide only a numbered list (1-10), with one use per line and no explanations.",Paperclip,Standard,"Task: List exactly 10 alternative, uncommon uses for the following object. Provide only a numbered list (1-10), with one use per line and no explanations.
Target: Paperclip","1. Plant marker
2. Zipper pull
3. DIY wind chime
4. Temporary fix for a broken zipper
5. Cord organizer
6. Earring holder
7. Bag seal
8. Picture hanger
9. Emergency screwdriver
10. Guitar slide",Llama-3.3-70B-Instruct-Turbo,Cord organizer,0.7799932360649109,0.9787234042553191,
meta-llama/Llama-3.3-70B-Instruct-Turbo,Alternative Uses Task,"List exactly 10 alternative, uncommon uses for the following object. Provide only a numbered list (1-10), with one use per line and no explanations.",Paperclip,Standard,"Task: List exactly 10 alternative, uncommon uses for the following object. Provide only a numbered list (1-10), with one use per line and no explanations.
Target: Paperclip","1. Plant marker
2. Zipper pull
3. DIY wind chime
4. Temporary fix for a broken zipper
5. Cord organizer
6. Earring holder
7. Bag seal
8. Picture hanger
9. Emergency screwdriver
10. Guitar slide",Llama-3.3-70B-Instruct-Turbo,Earring holder,0.8914672136306763,0.9946808510638298,
meta-llama/Llama-3.3-70B-Instruct-Turbo,Alternative Uses Task,"List exactly 10 alternative, uncommon uses for the following object. Provide only a numbered list (1-10), with one use per line and no explanations.",Paperclip,Standard,"Task: List exactly 10 alternative, uncommon uses for the following object. Provide only a numbered list (1-10), with one use per line and no explanations.
Target: Paperclip","1. Plant marker
2. Zipper pull
3. DIY wind chime
4. Temporary fix for a broken zipper
5. Cord organizer
6. Earring holder
7. Bag seal
8. Picture hanger
9. Emergency screwdriver
10. Guitar slide",Llama-3.3-70B-Instruct-Turbo,Bag seal,0.8891200423240662,0.9840425531914894,
meta-llama/Llama-3.3-70B-Instruct-Turbo,Alternative Uses Task,"List exactly 10 alternative, uncommon uses for the following object. Provide only a numbered list (1-10), with one use per line and no explanations.",Paperclip,Standard,"Task: List exactly 10 alternative, uncommon uses for the following object. Provide only a numbered list (1-10), with one use per line and no explanations.
Target: Paperclip","1. Plant marker
2. Zipper pull
3. DIY wind chime
4. Temporary fix for a broken zipper
5. Cord organizer
6. Earring holder
7. Bag seal
8. Picture hanger
9. Emergency screwdriver
10. Guitar slide",Llama-3.3-70B-Instruct-Turbo,Picture hanger,0.7001296281814575,0.9893617021276596,
meta-llama/Llama-3.3-70B-Instruct-Turbo,Alternative Uses Task,"List exactly 10 alternative, uncommon uses for the following object. Provide only a numbered list (1-10), with one use per line and no explanations.",Paperclip,Standard,"Task: List exactly 10 alternative, uncommon uses for the following object. Provide only a numbered list (1-10), with one use per line and no explanations.
Target: Paperclip","1. Plant marker
2. Zipper pull
3. DIY wind chime
4. Temporary fix for a broken zipper
5. Cord organizer
6. Earring holder
7. Bag seal
8. Picture hanger
9. Emergency screwdriver
10. Guitar slide",Llama-3.3-70B-Instruct-Turbo,Emergency screwdriver,0.7212031483650208,0.9893617021276596,
meta-llama/Llama-3.3-70B-Instruct-Turbo,Alternative Uses Task,"List exactly 10 alternative, uncommon uses for the following object. Provide only a numbered list (1-10), with one use per line and no explanations.",Paperclip,Standard,"Task: List exactly 10 alternative, uncommon uses for the following object. Provide only a numbered list (1-10), with one use per line and no explanations.
Target: Paperclip","1. Plant marker
2. Zipper pull
3. DIY wind chime
4. Temporary fix for a broken zipper
5. Cord organizer
6. Earring holder
7. Bag seal
8. Picture hanger
9. Emergency screwdriver
10. Guitar slide",Llama-3.3-70B-Instruct-Turbo,Guitar slide,0.7838584184646606,0.9946808510638298,
meta-llama/Llama-3.3-70B-Instruct-Turbo,Alternative Uses Task,"List exactly 10 alternative, uncommon uses for the following object. Provide only a numbered list (1-10), with one use per line and no explanations.",Paperclip,Creative,"Task: List exactly 10 alternative, uncommon uses for the following object. Provide only a numbered list (1-10), with one use per line and no explanations.
Target: Paperclip
Condition: Be creative.","1. Plant marker
2. DIY wind chime component
3. Temporary fix for a broken zipper
4. Bag seal for snacks
5. Emergency keychain
6. Cord organizer for earbuds
7. Bookmark with built-in page holder
8. Mini sculpture material
9. Macrame pattern maker
10. Geometric pattern creator for art projects",Llama-3.3-70B-Instruct-Turbo,Plant marker,0.7358075976371765,0.973404255319149,
meta-llama/Llama-3.3-70B-Instruct-Turbo,Alternative Uses Task,"List exactly 10 alternative, uncommon uses for the following object. Provide only a numbered list (1-10), with one use per line and no explanations.",Paperclip,Creative,"Task: List exactly 10 alternative, uncommon uses for the following object. Provide only a numbered list (1-10), with one use per line and no explanations.
Target: Paperclip
Condition: Be creative.","1. Plant marker
2. DIY wind chime component
3. Temporary fix for a broken zipper
4. Bag seal for snacks
5. Emergency keychain
6. Cord organizer for earbuds
7. Bookmark with built-in page holder
8. Mini sculpture material
9. Macrame pattern maker
10. Geometric pattern creator for art projects",Llama-3.3-70B-Instruct-Turbo,DIY wind chime component,0.9657843112945557,0.9787234042553191,
meta-llama/Llama-3.3-70B-Instruct-Turbo,Alternative Uses Task,"List exactly 10 alternative, uncommon uses for the following object. Provide only a numbered list (1-10), with one use per line and no explanations.",Paperclip,Creative,"Task: List exactly 10 alternative, uncommon uses for the following object. Provide only a numbered list (1-10), with one use per line and no explanations.
Target: Paperclip
Condition: Be creative.","1. Plant marker
2. DIY wind chime component
3. Temporary fix for a broken zipper
4. Bag seal for snacks
5. Emergency keychain
6. Cord organizer for earbuds
7. Bookmark with built-in page holder
8. Mini sculpture material
9. Macrame pattern maker
10. Geometric pattern creator for art projects",Llama-3.3-70B-Instruct-Turbo,Temporary fix for a broken zipper,0.8851489424705505,0.973404255319149,
meta-llama/Llama-3.3-70B-Instruct-Turbo,Alternative Uses Task,"List exactly 10 alternative, uncommon uses for the following object. Provide only a numbered list (1-10), with one use per line and no explanations.",Paperclip,Creative,"Task: List exactly 10 alternative, uncommon uses for the following object. Provide only a numbered list (1-10), with one use per line and no explanations.
Target: Paperclip
Condition: Be creative.","1. Plant marker
2. DIY wind chime component
3. Temporary fix for a broken zipper
4. Bag seal for snacks
5. Emergency keychain
6. Cord organizer for earbuds
7. Bookmark with built-in page holder
8. Mini sculpture material
9. Macrame pattern maker
10. Geometric pattern creator for art projects",Llama-3.3-70B-Instruct-Turbo,Bag seal for snacks,0.8766740560531616,0.9946808510638298,
meta-llama/Llama-3.3-70B-Instruct-Turbo,Alternative Uses Task,"List exactly 10 alternative, uncommon uses for the following object. Provide only a numbered list (1-10), with one use per line and no explanations.",Paperclip,Creative,"Task: List exactly 10 alternative, uncommon uses for the following object. Provide only a numbered list (1-10), with one use per line and no explanations.
Target: Paperclip
Condition: Be creative.","1. Plant marker
2. DIY wind chime component
3. Temporary fix for a broken zipper
4. Bag seal for snacks
5. Emergency keychain
6. Cord organizer for earbuds
7. Bookmark with built-in page holder
8. Mini sculpture material
9. Macrame pattern maker
10. Geometric pattern creator for art projects",Llama-3.3-70B-Instruct-Turbo,Emergency keychain,0.8719164133071899,0.9946808510638298,
meta-llama/Llama-3.3-70B-Instruct-Turbo,Alternative Uses Task,"List exactly 10 alternative, uncommon uses for the following object. Provide only a numbered list (1-10), with one use per line and no explanations.",Paperclip,Creative,"Task: List exactly 10 alternative, uncommon uses for the following object. Provide only a numbered list (1-10), with one use per line and no explanations.
Target: Paperclip
Condition: Be creative.","1. Plant marker
2. DIY wind chime component
3. Temporary fix for a broken zipper
4. Bag seal for snacks
5. Emergency keychain
6. Cord organizer for earbuds
7. Bookmark with built-in page holder
8. Mini sculpture material
9. Macrame pattern maker
10. Geometric pattern creator for art projects",Llama-3.3-70B-Instruct-Turbo,Cord organizer for earbuds,0.8848904967308044,0.9946808510638298,
meta-llama/Llama-3.3-70B-Instruct-Turbo,Alternative Uses Task,"List exactly 10 alternative, uncommon uses for the following object. Provide only a numbered list (1-10), with one use per line and no explanations.",Paperclip,Creative,"Task: List exactly 10 alternative, uncommon uses for the following object. Provide only a numbered list (1-10), with one use per line and no explanations.
Target: Paperclip
Condition: Be creative.","1. Plant marker
2. DIY wind chime component
3. Temporary fix for a broken zipper
4. Bag seal for snacks
5. Emergency keychain
6. Cord organizer for earbuds
7. Bookmark with built-in page holder
8. Mini sculpture material
9. Macrame pattern maker
10. Geometric pattern creator for art projects",Llama-3.3-70B-Instruct-Turbo,Bookmark with built-in page holder,0.8202661871910095,0.9946808510638298,
meta-llama/Llama-3.3-70B-Instruct-Turbo,Alternative Uses Task,"List exactly 10 alternative, uncommon uses for the following object. Provide only a numbered list (1-10), with one use per line and no explanations.",Paperclip,Creative,"Task: List exactly 10 alternative, uncommon uses for the following object. Provide only a numbered list (1-10), with one use per line and no explanations.
Target: Paperclip
Condition: Be creative.","1. Plant marker
2. DIY wind chime component
3. Temporary fix for a broken zipper
4. Bag seal for snacks
5. Emergency keychain
6. Cord organizer for earbuds
7. Bookmark with built-in page holder
8. Mini sculpture material
9. Macrame pattern maker
10. Geometric pattern creator for art projects",Llama-3.3-70B-Instruct-Turbo,Mini sculpture material,0.8142267465591431,0.9946808510638298,
meta-llama/Llama-3.3-70B-Instruct-Turbo,Alternative Uses Task,"List exactly 10 alternative, uncommon uses for the following object. Provide only a numbered list (1-10), with one use per line and no explanations.",Paperclip,Creative,"Task: List exactly 10 alternative, uncommon uses for the following object. Provide only a numbered list (1-10), with one use per line and no explanations.
Target: Paperclip
Condition: Be creative.","1. Plant marker
2. DIY wind chime component
3. Temporary fix for a broken zipper
4. Bag seal for snacks
5. Emergency keychain
6. Cord organizer for earbuds
7. Bookmark with built-in page holder
8. Mini sculpture material
9. Macrame pattern maker
10. Geometric pattern creator for art projects",Llama-3.3-70B-Instruct-Turbo,Macrame pattern maker,0.8302596807479858,0.9946808510638298,
meta-llama/Llama-3.3-70B-Instruct-Turbo,Alternative Uses Task,"List exactly 10 alternative, uncommon uses for the following object. Provide only a numbered list (1-10), with one use per line and no explanations.",Paperclip,Creative,"Task: List exactly 10 alternative, uncommon uses for the following object. Provide only a numbered list (1-10), with one use per line and no explanations.
Target: Paperclip
Condition: Be creative.","1. Plant marker
2. DIY wind chime component
3. Temporary fix for a broken zipper
4. Bag seal for snacks
5. Emergency keychain
6. Cord organizer for earbuds
7. Bookmark with built-in page holder
8. Mini sculpture material
9. Macrame pattern maker
10. Geometric pattern creator for art projects",Llama-3.3-70B-Instruct-Turbo,Geometric pattern creator for art projects,0.8442223072052002,0.9946808510638298,
meta-llama/Llama-3.3-70B-Instruct-Turbo,Alternative Uses Task,"List exactly 10 alternative, uncommon uses for the following object. Provide only a numbered list (1-10), with one use per line and no explanations.",Paperclip,Effective,"Task: List exactly 10 alternative, uncommon uses for the following object. Provide only a numbered list (1-10), with one use per line and no explanations.
Target: Paperclip
Condition: Be effective.","1. Plant marker
2. DIY zipper pull
3. Temporary fix for a broken zipper
4. Cord organizer
5. Bag seal
6. Picture hanger
7. Emergency screwdriver
8. Plant stake
9. Cable management
10. Zipper stopper",Llama-3.3-70B-Instruct-Turbo,Plant marker,0.7358075976371765,0.973404255319149,
meta-llama/Llama-3.3-70B-Instruct-Turbo,Alternative Uses Task,"List exactly 10 alternative, uncommon uses for the following object. Provide only a numbered list (1-10), with one use per line and no explanations.",Paperclip,Effective,"Task: List exactly 10 alternative, uncommon uses for the following object. Provide only a numbered list (1-10), with one use per line and no explanations.
Target: Paperclip
Condition: Be effective.","1. Plant marker
2. DIY zipper pull
3. Temporary fix for a broken zipper
4. Cord organizer
5. Bag seal
6. Picture hanger
7. Emergency screwdriver
8. Plant stake
9. Cable management
10. Zipper stopper",Llama-3.3-70B-Instruct-Turbo,DIY zipper pull,0.8343406319618225,0.9893617021276596,
meta-llama/Llama-3.3-70B-Instruct-Turbo,Alternative Uses Task,"List exactly 10 alternative, uncommon uses for the following object. Provide only a numbered list (1-10), with one use per line and no explanations.",Paperclip,Effective,"Task: List exactly 10 alternative, uncommon uses for the following object. Provide only a numbered list (1-10), with one use per line and no explanations.
Target: Paperclip
Condition: Be effective.","1. Plant marker
2. DIY zipper pull
3. Temporary fix for a broken zipper
4. Cord organizer
5. Bag seal
6. Picture hanger
7. Emergency screwdriver
8. Plant stake
9. Cable management
10. Zipper stopper",Llama-3.3-70B-Instruct-Turbo,Temporary fix for a broken zipper,0.8851489424705505,0.973404255319149,
meta-llama/Llama-3.3-70B-Instruct-Turbo,Alternative Uses Task,"List exactly 10 alternative, uncommon uses for the following object. Provide only a numbered list (1-10), with one use per line and no explanations.",Paperclip,Effective,"Task: List exactly 10 alternative, uncommon uses for the following object. Provide only a numbered list (1-10), with one use per line and no explanations.
Target: Paperclip
Condition: Be effective.","1. Plant marker
2. DIY zipper pull
3. Temporary fix for a broken zipper
4. Cord organizer
5. Bag seal
6. Picture hanger
7. Emergency screwdriver
8. Plant stake
9. Cable management
10. Zipper stopper",Llama-3.3-70B-Instruct-Turbo,Cord organizer,0.7799932360649109,0.9787234042553191,
meta-llama/Llama-3.3-70B-Instruct-Turbo,Alternative Uses Task,"List exactly 10 alternative, uncommon uses for the following object. Provide only a numbered list (1-10), with one use per line and no explanations.",Paperclip,Effective,"Task: List exactly 10 alternative, uncommon uses for the following object. Provide only a numbered list (1-10), with one use per line and no explanations.
Target: Paperclip
Condition: Be effective.","1. Plant marker
2. DIY zipper pull
3. Temporary fix for a broken zipper
4. Cord organizer
5. Bag seal
6. Picture hanger
7. Emergency screwdriver
8. Plant stake
9. Cable management
10. Zipper stopper",Llama-3.3-70B-Instruct-Turbo,Bag seal,0.8891200423240662,0.9840425531914894,
meta-llama/Llama-3.3-70B-Instruct-Turbo,Alternative Uses Task,"List exactly 10 alternative, uncommon uses for the following object. Provide only a numbered list (1-10), with one use per line and no explanations.",Paperclip,Effective,"Task: List exactly 10 alternative, uncommon uses for the following object. Provide only a numbered list (1-10), with one use per line and no explanations.
Target: Paperclip
Condition: Be effective.","1. Plant marker
2. DIY zipper pull
3. Temporary fix for a broken zipper
4. Cord organizer
5. Bag seal
6. Picture hanger
7. Emergency screwdriver
8. Plant stake
9. Cable management
10. Zipper stopper",Llama-3.3-70B-Instruct-Turbo,Picture hanger,0.7001296281814575,0.9893617021276596,
meta-llama/Llama-3.3-70B-Instruct-Turbo,Alternative Uses Task,"List exactly 10 alternative, uncommon uses for the following object. Provide only a numbered list (1-10), with one use per line and no explanations.",Paperclip,Effective,"Task: List exactly 10 alternative, uncommon uses for the following object. Provide only a numbered list (1-10), with one use per line and no explanations.
Target: Paperclip
Condition: Be effective.","1. Plant marker
2. DIY zipper pull
3. Temporary fix for a broken zipper
4. Cord organizer
5. Bag seal
6. Picture hanger
7. Emergency screwdriver
8. Plant stake
9. Cable management
10. Zipper stopper",Llama-3.3-70B-Instruct-Turbo,Emergency screwdriver,0.7212031483650208,0.9893617021276596,
meta-llama/Llama-3.3-70B-Instruct-Turbo,Alternative Uses Task,"List exactly 10 alternative, uncommon uses for the following object. Provide only a numbered list (1-10), with one use per line and no explanations.",Paperclip,Effective,"Task: List exactly 10 alternative, uncommon uses for the following object. Provide only a numbered list (1-10), with one use per line and no explanations.
Target: Paperclip
Condition: Be effective.","1. Plant marker
2. DIY zipper pull
3. Temporary fix for a broken zipper
4. Cord organizer
5. Bag seal
6. Picture hanger
7. Emergency screwdriver
8. Plant stake
9. Cable management
10. Zipper stopper",Llama-3.3-70B-Instruct-Turbo,Plant stake,0.9460851550102234,0.9946808510638298,
meta-llama/Llama-3.3-70B-Instruct-Turbo,Alternative Uses Task,"List exactly 10 alternative, uncommon uses for the following object. Provide only a numbered list (1-10), with one use per line and no explanations.",Paperclip,Effective,"Task: List exactly 10 alternative, uncommon uses for the following object. Provide only a numbered list (1-10), with one use per line and no explanations.
Target: Paperclip
Condition: Be effective.","1. Plant marker
2. DIY zipper pull
3. Temporary fix for a broken zipper
4. Cord organizer
5. Bag seal
6. Picture hanger
7. Emergency screwdriver
8. Plant stake
9. Cable management
10. Zipper stopper",Llama-3.3-70B-Instruct-Turbo,Cable management,0.9051931500434875,0.9946808510638298,
meta-llama/Llama-3.3-70B-Instruct-Turbo,Alternative Uses Task,"List exactly 10 alternative, uncommon uses for the following object. Provide only a numbered list (1-10), with one use per line and no explanations.",Paperclip,Effective,"Task: List exactly 10 alternative, uncommon uses for the following object. Provide only a numbered list (1-10), with one use per line and no explanations.
Target: Paperclip
Condition: Be effective.","1. Plant marker
2. DIY zipper pull
3. Temporary fix for a broken zipper
4. Cord organizer
5. Bag seal
6. Picture hanger
7. Emergency screwdriver
8. Plant stake
9. Cable management
10. Zipper stopper",Llama-3.3-70B-Instruct-Turbo,Zipper stopper,0.7363238334655762,0.9946808510638298,
meta-llama/Llama-3.3-70B-Instruct-Turbo,Alternative Uses Task,"List exactly 10 alternative, uncommon uses for the following object. Provide only a numbered list (1-10), with one use per line and no explanations.",Paperclip,Boring,"Task: List exactly 10 alternative, uncommon uses for the following object. Provide only a numbered list (1-10), with one use per line and no explanations.
Target: Paperclip
Condition: Be boring.","1. Plant marker
2. DIY wind chime component
3. Temporary fix for a broken zipper
4. Cord organizer
5. Bookmark
6. Photo holder
7. Bag closure
8. Cable management tool
9. Emergency sewing kit component
10. Desk organizer divider",Llama-3.3-70B-Instruct-Turbo,Plant marker,0.7358075976371765,0.973404255319149,
meta-llama/Llama-3.3-70B-Instruct-Turbo,Alternative Uses Task,"List exactly 10 alternative, uncommon uses for the following object. Provide only a numbered list (1-10), with one use per line and no explanations.",Paperclip,Boring,"Task: List exactly 10 alternative, uncommon uses for the following object. Provide only a numbered list (1-10), with one use per line and no explanations.
Target: Paperclip
Condition: Be boring.","1. Plant marker
2. DIY wind chime component
3. Temporary fix for a broken zipper
4. Cord organizer
5. Bookmark
6. Photo holder
7. Bag closure
8. Cable management tool
9. Emergency sewing kit component
10. Desk organizer divider",Llama-3.3-70B-Instruct-Turbo,DIY wind chime component,0.9657843112945557,0.9787234042553191,
meta-llama/Llama-3.3-70B-Instruct-Turbo,Alternative Uses Task,"List exactly 10 alternative, uncommon uses for the following object. Provide only a numbered list (1-10), with one use per line and no explanations.",Paperclip,Boring,"Task: List exactly 10 alternative, uncommon uses for the following object. Provide only a numbered list (1-10), with one use per line and no explanations.
Target: Paperclip
Condition: Be boring.","1. Plant marker
2. DIY wind chime component
3. Temporary fix for a broken zipper
4. Cord organizer
5. Bookmark
6. Photo holder
7. Bag closure
8. Cable management tool
9. Emergency sewing kit component
10. Desk organizer divider",Llama-3.3-70B-Instruct-Turbo,Temporary fix for a broken zipper,0.8851489424705505,0.973404255319149,
meta-llama/Llama-3.3-70B-Instruct-Turbo,Alternative Uses Task,"List exactly 10 alternative, uncommon uses for the following object. Provide only a numbered list (1-10), with one use per line and no explanations.",Paperclip,Boring,"Task: List exactly 10 alternative, uncommon uses for the following object. Provide only a numbered list (1-10), with one use per line and no explanations.
Target: Paperclip
Condition: Be boring.","1. Plant marker
2. DIY wind chime component
3. Temporary fix for a broken zipper
4. Cord organizer
5. Bookmark
6. Photo holder
7. Bag closure
8. Cable management tool
9. Emergency sewing kit component
10. Desk organizer divider",Llama-3.3-70B-Instruct-Turbo,Cord organizer,0.7799932360649109,0.9787234042553191,
meta-llama/Llama-3.3-70B-Instruct-Turbo,Alternative Uses Task,"List exactly 10 alternative, uncommon uses for the following object. Provide only a numbered list (1-10), with one use per line and no explanations.",Paperclip,Boring,"Task: List exactly 10 alternative, uncommon uses for the following object. Provide only a numbered list (1-10), with one use per line and no explanations.
Target: Paperclip
Condition: Be boring.","1. Plant marker
2. DIY wind chime component
3. Temporary fix for a broken zipper
4. Cord organizer
5. Bookmark
6. Photo holder
7. Bag closure
8. Cable management tool
9. Emergency sewing kit component
10. Desk organizer divider",Llama-3.3-70B-Instruct-Turbo,Bookmark,0.7308156490325928,0.9840425531914894,
meta-llama/Llama-3.3-70B-Instruct-Turbo,Alternative Uses Task,"List exactly 10 alternative, uncommon uses for the following object. Provide only a numbered list (1-10), with one use per line and no explanations.",Paperclip,Boring,"Task: List exactly 10 alternative, uncommon uses for the following object. Provide only a numbered list (1-10), with one use per line and no explanations.
Target: Paperclip
Condition: Be boring.","1. Plant marker
2. DIY wind chime component
3. Temporary fix for a broken zipper
4. Cord organizer
5. Bookmark
6. Photo holder
7. Bag closure
8. Cable management tool
9. Emergency sewing kit component
10. Desk organizer divider",Llama-3.3-70B-Instruct-Turbo,Photo holder,0.7457163333892822,0.9893617021276596,
meta-llama/Llama-3.3-70B-Instruct-Turbo,Alternative Uses Task,"List exactly 10 alternative, uncommon uses for the following object. Provide only a numbered list (1-10), with one use per line and no explanations.",Paperclip,Boring,"Task: List exactly 10 alternative, uncommon uses for the following object. Provide only a numbered list (1-10), with one use per line and no explanations.
Target: Paperclip
Condition: Be boring.","1. Plant marker
2. DIY wind chime component
3. Temporary fix for a broken zipper
4. Cord organizer
5. Bookmark
6. Photo holder
7. Bag closure
8. Cable management tool
9. Emergency sewing kit component
10. Desk organizer divider",Llama-3.3-70B-Instruct-Turbo,Bag closure,0.8877400755882263,0.9946808510638298,
meta-llama/Llama-3.3-70B-Instruct-Turbo,Alternative Uses Task,"List exactly 10 alternative, uncommon uses for the following object. Provide only a numbered list (1-10), with one use per line and no explanations.",Paperclip,Boring,"Task: List exactly 10 alternative, uncommon uses for the following object. Provide only a numbered list (1-10), with one use per line and no explanations.
Target: Paperclip
Condition: Be boring.","1. Plant marker
2. DIY wind chime component
3. Temporary fix for a broken zipper
4. Cord organizer
5. Bookmark
6. Photo holder
7. Bag closure
8. Cable management tool
9. Emergency sewing kit component
10. Desk organizer divider",Llama-3.3-70B-Instruct-Turbo,Cable management tool,0.8512753248214722,0.9946808510638298,
meta-llama/Llama-3.3-70B-Instruct-Turbo,Alternative Uses Task,"List exactly 10 alternative, uncommon uses for the following object. Provide only a numbered list (1-10), with one use per line and no explanations.",Paperclip,Boring,"Task: List exactly 10 alternative, uncommon uses for the following object. Provide only a numbered list (1-10), with one use per line and no explanations.
Target: Paperclip
Condition: Be boring.","1. Plant marker
2. DIY wind chime component
3. Temporary fix for a broken zipper
4. Cord organizer
5. Bookmark
6. Photo holder
7. Bag closure
8. Cable management tool
9. Emergency sewing kit component
10. Desk organizer divider",Llama-3.3-70B-Instruct-Turbo,Emergency sewing kit component,0.7551685571670532,0.9946808510638298,
meta-llama/Llama-3.3-70B-Instruct-Turbo,Alternative Uses Task,"List exactly 10 alternative, uncommon uses for the following object. Provide only a numbered list (1-10), with one use per line and no explanations.",Paperclip,Boring,"Task: List exactly 10 alternative, uncommon uses for the following object. Provide only a numbered list (1-10), with one use per line and no explanations.
Target: Paperclip
Condition: Be boring.","1. Plant marker
2. DIY wind chime component
3. Temporary fix for a broken zipper
4. Cord organizer
5. Bookmark
6. Photo holder
7. Bag closure
8. Cable management tool
9. Emergency sewing kit component
10. Desk organizer divider",Llama-3.3-70B-Instruct-Turbo,Desk organizer divider,0.7554510831832886,0.9946808510638298,
meta-llama/Llama-3.3-70B-Instruct-Turbo,Alternative Uses Task,"List exactly 10 alternative, uncommon uses for the following object. Provide only a numbered list (1-10), with one use per line and no explanations.",Paperclip,Conventional,"Task: List exactly 10 alternative, uncommon uses for the following object. Provide only a numbered list (1-10), with one use per line and no explanations.
Target: Paperclip
Condition: Be conventional.","1. Plant marker
2. DIY zipper pull
3. Cord organizer
4. Temporary fix for a broken zipper
5. Photo display holder
6. Bag seal
7. Cable tie
8. Wind chime component
9. Bookmark
10. Emergency sewing needle",Llama-3.3-70B-Instruct-Turbo,Plant marker,0.7358075976371765,0.973404255319149,
meta-llama/Llama-3.3-70B-Instruct-Turbo,Alternative Uses Task,"List exactly 10 alternative, uncommon uses for the following object. Provide only a numbered list (1-10), with one use per line and no explanations.",Paperclip,Conventional,"Task: List exactly 10 alternative, uncommon uses for the following object. Provide only a numbered list (1-10), with one use per line and no explanations.
Target: Paperclip
Condition: Be conventional.","1. Plant marker
2. DIY zipper pull
3. Cord organizer
4. Temporary fix for a broken zipper
5. Photo display holder
6. Bag seal
7. Cable tie
8. Wind chime component
9. Bookmark
10. Emergency sewing needle",Llama-3.3-70B-Instruct-Turbo,DIY zipper pull,0.8343406319618225,0.9893617021276596,
meta-llama/Llama-3.3-70B-Instruct-Turbo,Alternative Uses Task,"List exactly 10 alternative, uncommon uses for the following object. Provide only a numbered list (1-10), with one use per line and no explanations.",Paperclip,Conventional,"Task: List exactly 10 alternative, uncommon uses for the following object. Provide only a numbered list (1-10), with one use per line and no explanations.
Target: Paperclip
Condition: Be conventional.","1. Plant marker
2. DIY zipper pull
3. Cord organizer
4. Temporary fix for a broken zipper
5. Photo display holder
6. Bag seal
7. Cable tie
8. Wind chime component
9. Bookmark
10. Emergency sewing needle",Llama-3.3-70B-Instruct-Turbo,Cord organizer,0.7799932360649109,0.9787234042553191,
meta-llama/Llama-3.3-70B-Instruct-Turbo,Alternative Uses Task,"List exactly 10 alternative, uncommon uses for the following object. Provide only a numbered list (1-10), with one use per line and no explanations.",Paperclip,Conventional,"Task: List exactly 10 alternative, uncommon uses for the following object. Provide only a numbered list (1-10), with one use per line and no explanations.
Target: Paperclip
Condition: Be conventional.","1. Plant marker
2. DIY zipper pull
3. Cord organizer
4. Temporary fix for a broken zipper
5. Photo display holder
6. Bag seal
7. Cable tie
8. Wind chime component
9. Bookmark
10. Emergency sewing needle",Llama-3.3-70B-Instruct-Turbo,Temporary fix for a broken zipper,0.8851489424705505,0.973404255319149,
meta-llama/Llama-3.3-70B-Instruct-Turbo,Alternative Uses Task,"List exactly 10 alternative, uncommon uses for the following object. Provide only a numbered list (1-10), with one use per line and no explanations.",Paperclip,Conventional,"Task: List exactly 10 alternative, uncommon uses for the following object. Provide only a numbered list (1-10), with one use per line and no explanations.
Target: Paperclip
Condition: Be conventional.","1. Plant marker
2. DIY zipper pull
3. Cord organizer
4. Temporary fix for a broken zipper
5. Photo display holder
6. Bag seal
7. Cable tie
8. Wind chime component
9. Bookmark
10. Emergency sewing needle",Llama-3.3-70B-Instruct-Turbo,Photo display holder,0.7770857810974121,0.9893617021276596,
meta-llama/Llama-3.3-70B-Instruct-Turbo,Alternative Uses Task,"List exactly 10 alternative, uncommon uses for the following object. Provide only a numbered list (1-10), with one use per line and no explanations.",Paperclip,Conventional,"Task: List exactly 10 alternative, uncommon uses for the following object. Provide only a numbered list (1-10), with one use per line and no explanations.
Target: Paperclip
Condition: Be conventional.","1. Plant marker
2. DIY zipper pull
3. Cord organizer
4. Temporary fix for a broken zipper
5. Photo display holder
6. Bag seal
7. Cable tie
8. Wind chime component
9. Bookmark
10. Emergency sewing needle",Llama-3.3-70B-Instruct-Turbo,Bag seal,0.8891200423240662,0.9840425531914894,
meta-llama/Llama-3.3-70B-Instruct-Turbo,Alternative Uses Task,"List exactly 10 alternative, uncommon uses for the following object. Provide only a numbered list (1-10), with one use per line and no explanations.",Paperclip,Conventional,"Task: List exactly 10 alternative, uncommon uses for the following object. Provide only a numbered list (1-10), with one use per line and no explanations.
Target: Paperclip
Condition: Be conventional.","1. Plant marker
2. DIY zipper pull
3. Cord organizer
4. Temporary fix for a broken zipper
5. Photo display holder
6. Bag seal
7. Cable tie
8. Wind chime component
9. Bookmark
10. Emergency sewing needle",Llama-3.3-70B-Instruct-Turbo,Cable tie,0.8671360015869141,0.9946808510638298,
meta-llama/Llama-3.3-70B-Instruct-Turbo,Alternative Uses Task,"List exactly 10 alternative, uncommon uses for the following object. Provide only a numbered list (1-10), with one use per line and no explanations.",Paperclip,Conventional,"Task: List exactly 10 alternative, uncommon uses for the following object. Provide only a numbered list (1-10), with one use per line and no explanations.
Target: Paperclip
Condition: Be conventional.","1. Plant marker
2. DIY zipper pull
3. Cord organizer
4. Temporary fix for a broken zipper
5. Photo display holder
6. Bag seal
7. Cable tie
8. Wind chime component
9. Bookmark
10. Emergency sewing needle",Llama-3.3-70B-Instruct-Turbo,Wind chime component,0.9711477756500244,0.9840425531914894,
meta-llama/Llama-3.3-70B-Instruct-Turbo,Alternative Uses Task,"List exactly 10 alternative, uncommon uses for the following object. Provide only a numbered list (1-10), with one use per line and no explanations.",Paperclip,Conventional,"Task: List exactly 10 alternative, uncommon uses for the following object. Provide only a numbered list (1-10), with one use per line and no explanations.
Target: Paperclip
Condition: Be conventional.","1. Plant marker
2. DIY zipper pull
3. Cord organizer
4. Temporary fix for a broken zipper
5. Photo display holder
6. Bag seal
7. Cable tie
8. Wind chime component
9. Bookmark
10. Emergency sewing needle",Llama-3.3-70B-Instruct-Turbo,Bookmark,0.7308156490325928,0.9840425531914894,
meta-llama/Llama-3.3-70B-Instruct-Turbo,Alternative Uses Task,"List exactly 10 alternative, uncommon uses for the following object. Provide only a numbered list (1-10), with one use per line and no explanations.",Paperclip,Conventional,"Task: List exactly 10 alternative, uncommon uses for the following object. Provide only a numbered list (1-10), with one use per line and no explanations.
Target: Paperclip
Condition: Be conventional.","1. Plant marker
2. DIY zipper pull
3. Cord organizer
4. Temporary fix for a broken zipper
5. Photo display holder
6. Bag seal
7. Cable tie
8. Wind chime component
9. Bookmark
10. Emergency sewing needle",Llama-3.3-70B-Instruct-Turbo,Emergency sewing needle,0.7305629253387451,0.9946808510638298,
meta-llama/Llama-3.3-70B-Instruct-Turbo,Alternative Uses Task,"List exactly 10 alternative, uncommon uses for the following object. Provide only a numbered list (1-10), with one use per line and no explanations.",Towel,Standard,"Task: List exactly 10 alternative, uncommon uses for the following object. Provide only a numbered list (1-10), with one use per line and no explanations.
Target: Towel","1. Drop cloth for painting
2. Plant cover for frost protection
3. Pet bedding
4. DIY photo studio reflector
5. Polishing cloth for metal surfaces
6. Sound dampener for home recording
7. Emergency seat cover
8. Impromptu picnic blanket
9. Workout towel for weightlifting
10. Macrame craft material",Llama-3.3-70B-Instruct-Turbo,Drop cloth for painting,0.668289303779602,0.9789473684210527,
meta-llama/Llama-3.3-70B-Instruct-Turbo,Alternative Uses Task,"List exactly 10 alternative, uncommon uses for the following object. Provide only a numbered list (1-10), with one use per line and no explanations.",Towel,Standard,"Task: List exactly 10 alternative, uncommon uses for the following object. Provide only a numbered list (1-10), with one use per line and no explanations.
Target: Towel","1. Drop cloth for painting
2. Plant cover for frost protection
3. Pet bedding
4. DIY photo studio reflector
5. Polishing cloth for metal surfaces
6. Sound dampener for home recording
7. Emergency seat cover
8. Impromptu picnic blanket
9. Workout towel for weightlifting
10. Macrame craft material",Llama-3.3-70B-Instruct-Turbo,Plant cover for frost protection,0.9082386493682861,0.9894736842105263,
meta-llama/Llama-3.3-70B-Instruct-Turbo,Alternative Uses Task,"List exactly 10 alternative, uncommon uses for the following object. Provide only a numbered list (1-10), with one use per line and no explanations.",Towel,Standard,"Task: List exactly 10 alternative, uncommon uses for the following object. Provide only a numbered list (1-10), with one use per line and no explanations.
Target: Towel","1. Drop cloth for painting
2. Plant cover for frost protection
3. Pet bedding
4. DIY photo studio reflector
5. Polishing cloth for metal surfaces
6. Sound dampener for home recording
7. Emergency seat cover
8. Impromptu picnic blanket
9. Workout towel for weightlifting
10. Macrame craft material",Llama-3.3-70B-Instruct-Turbo,Pet bedding,0.6953982710838318,0.9842105263157894,
meta-llama/Llama-3.3-70B-Instruct-Turbo,Alternative Uses Task,"List exactly 10 alternative, uncommon uses for the following object. Provide only a numbered list (1-10), with one use per line and no explanations.",Towel,Standard,"Task: List exactly 10 alternative, uncommon uses for the following object. Provide only a numbered list (1-10), with one use per line and no explanations.
Target: Towel","1. Drop cloth for painting
2. Plant cover for frost protection
3. Pet bedding
4. DIY photo studio reflector
5. Polishing cloth for metal surfaces
6. Sound dampener for home recording
7. Emergency seat cover
8. Impromptu picnic blanket
9. Workout towel for weightlifting
10. Macrame craft material",Llama-3.3-70B-Instruct-Turbo,DIY photo studio reflector,0.9465615153312683,0.9947368421052631,
meta-llama/Llama-3.3-70B-Instruct-Turbo,Alternative Uses Task,"List exactly 10 alternative, uncommon uses for the following object. Provide only a numbered list (1-10), with one use per line and no explanations.",Towel,Standard,"Task: List exactly 10 alternative, uncommon uses for the following object. Provide only a numbered list (1-10), with one use per line and no explanations.
Target: Towel","1. Drop cloth for painting
2. Plant cover for frost protection
3. Pet bedding
4. DIY photo studio reflector
5. Polishing cloth for metal surfaces
6. Sound dampener for home recording
7. Emergency seat cover
8. Impromptu picnic blanket
9. Workout towel for weightlifting
10. Macrame craft material",Llama-3.3-70B-Instruct-Turbo,Polishing cloth for metal surfaces,0.8171075582504272,0.9842105263157894,
meta-llama/Llama-3.3-70B-Instruct-Turbo,Alternative Uses Task,"List exactly 10 alternative, uncommon uses for the following object. Provide only a numbered list (1-10), with one use per line and no explanations.",Towel,Standard,"Task: List exactly 10 alternative, uncommon uses for the following object. Provide only a numbered list (1-10), with one use per line and no explanations.
Target: Towel","1. Drop cloth for painting
2. Plant cover for frost protection
3. Pet bedding
4. DIY photo studio reflector
5. Polishing cloth for metal surfaces
6. Sound dampener for home recording
7. Emergency seat cover
8. Impromptu picnic blanket
9. Workout towel for weightlifting
10. Macrame craft material",Llama-3.3-70B-Instruct-Turbo,Sound dampener for home recording,0.9428481459617615,0.9894736842105263,
meta-llama/Llama-3.3-70B-Instruct-Turbo,Alternative Uses Task,"List exactly 10 alternative, uncommon uses for the following object. Provide only a numbered list (1-10), with one use per line and no explanations.",Towel,Standard,"Task: List exactly 10 alternative, uncommon uses for the following object. Provide only a numbered list (1-10), with one use per line and no explanations.
Target: Towel","1. Drop cloth for painting
2. Plant cover for frost protection
3. Pet bedding
4. DIY photo studio reflector
5. Polishing cloth for metal surfaces
6. Sound dampener for home recording
7. Emergency seat cover
8. Impromptu picnic blanket
9. Workout towel for weightlifting
10. Macrame craft material",Llama-3.3-70B-Instruct-Turbo,Emergency seat cover,0.7100304961204529,0.9894736842105263,
meta-llama/Llama-3.3-70B-Instruct-Turbo,Alternative Uses Task,"List exactly 10 alternative, uncommon uses for the following object. Provide only a numbered list (1-10), with one use per line and no explanations.",Towel,Standard,"Task: List exactly 10 alternative, uncommon uses for the following object. Provide only a numbered list (1-10), with one use per line and no explanations.
Target: Towel","1. Drop cloth for painting
2. Plant cover for frost protection
3. Pet bedding
4. DIY photo studio reflector
5. Polishing cloth for metal surfaces
6. Sound dampener for home recording
7. Emergency seat cover
8. Impromptu picnic blanket
9. Workout towel for weightlifting
10. Macrame craft material",Llama-3.3-70B-Instruct-Turbo,Impromptu picnic blanket,0.6471699476242065,0.9578947368421052,
meta-llama/Llama-3.3-70B-Instruct-Turbo,Alternative Uses Task,"List exactly 10 alternative, uncommon uses for the following object. Provide only a numbered list (1-10), with one use per line and no explanations.",Towel,Standard,"Task: List exactly 10 alternative, uncommon uses for the following object. Provide only a numbered list (1-10), with one use per line and no explanations.
Target: Towel","1. Drop cloth for painting
2. Plant cover for frost protection
3. Pet bedding
4. DIY photo studio reflector
5. Polishing cloth for metal surfaces
6. Sound dampener for home recording
7. Emergency seat cover
8. Impromptu picnic blanket
9. Workout towel for weightlifting
10. Macrame craft material",Llama-3.3-70B-Instruct-Turbo,Workout towel for weightlifting,0.3655094504356384,0.9947368421052631,
meta-llama/Llama-3.3-70B-Instruct-Turbo,Alternative Uses Task,"List exactly 10 alternative, uncommon uses for the following object. Provide only a numbered list (1-10), with one use per line and no explanations.",Towel,Standard,"Task: List exactly 10 alternative, uncommon uses for the following object. Provide only a numbered list (1-10), with one use per line and no explanations.
Target: Towel","1. Drop cloth for painting
2. Plant cover for frost protection
3. Pet bedding
4. DIY photo studio reflector
5. Polishing cloth for metal surfaces
6. Sound dampener for home recording
7. Emergency seat cover
8. Impromptu picnic blanket
9. Workout towel for weightlifting
10. Macrame craft material",Llama-3.3-70B-Instruct-Turbo,Macrame craft material,0.929304838180542,0.9894736842105263,
meta-llama/Llama-3.3-70B-Instruct-Turbo,Alternative Uses Task,"List exactly 10 alternative, uncommon uses for the following object. Provide only a numbered list (1-10), with one use per line and no explanations.",Towel,Creative,"Task: List exactly 10 alternative, uncommon uses for the following object. Provide only a numbered list (1-10), with one use per line and no explanations.
Target: Towel
Condition: Be creative.","1. Drop cloth for painting
2. Impromptu picnic blanket
3. Photography prop
4. Dust cover for furniture
5. Makeshift curtain
6. Polishing cloth for metals
7. Plant covering for frost protection
8. Sound dampener for home recording
9. Table runner for decorative events
10. Emergency signal flag",Llama-3.3-70B-Instruct-Turbo,Drop cloth for painting,0.668289303779602,0.9789473684210527,
meta-llama/Llama-3.3-70B-Instruct-Turbo,Alternative Uses Task,"List exactly 10 alternative, uncommon uses for the following object. Provide only a numbered list (1-10), with one use per line and no explanations.",Towel,Creative,"Task: List exactly 10 alternative, uncommon uses for the following object. Provide only a numbered list (1-10), with one use per line and no explanations.
Target: Towel
Condition: Be creative.","1. Drop cloth for painting
2. Impromptu picnic blanket
3. Photography prop
4. Dust cover for furniture
5. Makeshift curtain
6. Polishing cloth for metals
7. Plant covering for frost protection
8. Sound dampener for home recording
9. Table runner for decorative events
10. Emergency signal flag",Llama-3.3-70B-Instruct-Turbo,Impromptu picnic blanket,0.6471699476242065,0.9578947368421052,
meta-llama/Llama-3.3-70B-Instruct-Turbo,Alternative Uses Task,"List exactly 10 alternative, uncommon uses for the following object. Provide only a numbered list (1-10), with one use per line and no explanations.",Towel,Creative,"Task: List exactly 10 alternative, uncommon uses for the following object. Provide only a numbered list (1-10), with one use per line and no explanations.
Target: Towel
Condition: Be creative.","1. Drop cloth for painting
2. Impromptu picnic blanket
3. Photography prop
4. Dust cover for furniture
5. Makeshift curtain
6. Polishing cloth for metals
7. Plant covering for frost protection
8. Sound dampener for home recording
9. Table runner for decorative events
10. Emergency signal flag",Llama-3.3-70B-Instruct-Turbo,Photography prop,0.8401756286621094,0.9894736842105263,
meta-llama/Llama-3.3-70B-Instruct-Turbo,Alternative Uses Task,"List exactly 10 alternative, uncommon uses for the following object. Provide only a numbered list (1-10), with one use per line and no explanations.",Towel,Creative,"Task: List exactly 10 alternative, uncommon uses for the following object. Provide only a numbered list (1-10), with one use per line and no explanations.
Target: Towel
Condition: Be creative.","1. Drop cloth for painting
2. Impromptu picnic blanket
3. Photography prop
4. Dust cover for furniture
5. Makeshift curtain
6. Polishing cloth for metals
7. Plant covering for frost protection
8. Sound dampener for home recording
9. Table runner for decorative events
10. Emergency signal flag",Llama-3.3-70B-Instruct-Turbo,Dust cover for furniture,0.7713860869407654,0.9736842105263158,
meta-llama/Llama-3.3-70B-Instruct-Turbo,Alternative Uses Task,"List exactly 10 alternative, uncommon uses for the following object. Provide only a numbered list (1-10), with one use per line and no explanations.",Towel,Creative,"Task: List exactly 10 alternative, uncommon uses for the following object. Provide only a numbered list (1-10), with one use per line and no explanations.
Target: Towel
Condition: Be creative.","1. Drop cloth for painting
2. Impromptu picnic blanket
3. Photography prop
4. Dust cover for furniture
5. Makeshift curtain
6. Polishing cloth for metals
7. Plant covering for frost protection
8. Sound dampener for home recording
9. Table runner for decorative events
10. Emergency signal flag",Llama-3.3-70B-Instruct-Turbo,Makeshift curtain,0.5093979835510254,0.9789473684210527,
meta-llama/Llama-3.3-70B-Instruct-Turbo,Alternative Uses Task,"List exactly 10 alternative, uncommon uses for the following object. Provide only a numbered list (1-10), with one use per line and no explanations.",Towel,Creative,"Task: List exactly 10 alternative, uncommon uses for the following object. Provide only a numbered list (1-10), with one use per line and no explanations.
Target: Towel
Condition: Be creative.","1. Drop cloth for painting
2. Impromptu picnic blanket
3. Photography prop
4. Dust cover for furniture
5. Makeshift curtain
6. Polishing cloth for metals
7. Plant covering for frost protection
8. Sound dampener for home recording
9. Table runner for decorative events
10. Emergency signal flag",Llama-3.3-70B-Instruct-Turbo,Polishing cloth for metals,0.783673107624054,0.9789473684210527,
meta-llama/Llama-3.3-70B-Instruct-Turbo,Alternative Uses Task,"List exactly 10 alternative, uncommon uses for the following object. Provide only a numbered list (1-10), with one use per line and no explanations.",Towel,Creative,"Task: List exactly 10 alternative, uncommon uses for the following object. Provide only a numbered list (1-10), with one use per line and no explanations.
Target: Towel
Condition: Be creative.","1. Drop cloth for painting
2. Impromptu picnic blanket
3. Photography prop
4. Dust cover for furniture
5. Makeshift curtain
6. Polishing cloth for metals
7. Plant covering for frost protection
8. Sound dampener for home recording
9. Table runner for decorative events
10. Emergency signal flag",Llama-3.3-70B-Instruct-Turbo,Plant covering for frost protection,0.8759679794311523,0.9894736842105263,
meta-llama/Llama-3.3-70B-Instruct-Turbo,Alternative Uses Task,"List exactly 10 alternative, uncommon uses for the following object. Provide only a numbered list (1-10), with one use per line and no explanations.",Towel,Creative,"Task: List exactly 10 alternative, uncommon uses for the following object. Provide only a numbered list (1-10), with one use per line and no explanations.
Target: Towel
Condition: Be creative.","1. Drop cloth for painting
2. Impromptu picnic blanket
3. Photography prop
4. Dust cover for furniture
5. Makeshift curtain
6. Polishing cloth for metals
7. Plant covering for frost protection
8. Sound dampener for home recording
9. Table runner for decorative events
10. Emergency signal flag",Llama-3.3-70B-Instruct-Turbo,Sound dampener for home recording,0.9428481459617615,0.9894736842105263,
meta-llama/Llama-3.3-70B-Instruct-Turbo,Alternative Uses Task,"List exactly 10 alternative, uncommon uses for the following object. Provide only a numbered list (1-10), with one use per line and no explanations.",Towel,Creative,"Task: List exactly 10 alternative, uncommon uses for the following object. Provide only a numbered list (1-10), with one use per line and no explanations.
Target: Towel
Condition: Be creative.","1. Drop cloth for painting
2. Impromptu picnic blanket
3. Photography prop
4. Dust cover for furniture
5. Makeshift curtain
6. Polishing cloth for metals
7. Plant covering for frost protection
8. Sound dampener for home recording
9. Table runner for decorative events
10. Emergency signal flag",Llama-3.3-70B-Instruct-Turbo,Table runner for decorative events,0.7865053415298462,0.9947368421052631,
meta-llama/Llama-3.3-70B-Instruct-Turbo,Alternative Uses Task,"List exactly 10 alternative, uncommon uses for the following object. Provide only a numbered list (1-10), with one use per line and no explanations.",Towel,Creative,"Task: List exactly 10 alternative, uncommon uses for the following object. Provide only a numbered list (1-10), with one use per line and no explanations.
Target: Towel
Condition: Be creative.","1. Drop cloth for painting
2. Impromptu picnic blanket
3. Photography prop
4. Dust cover for furniture
5. Makeshift curtain
6. Polishing cloth for metals
7. Plant covering for frost protection
8. Sound dampener for home recording
9. Table runner for decorative events
10. Emergency signal flag",Llama-3.3-70B-Instruct-Turbo,Emergency signal flag,0.7701030373573303,0.9894736842105263,
meta-llama/Llama-3.3-70B-Instruct-Turbo,Alternative Uses Task,"List exactly 10 alternative, uncommon uses for the following object. Provide only a numbered list (1-10), with one use per line and no explanations.",Towel,Effective,"Task: List exactly 10 alternative, uncommon uses for the following object. Provide only a numbered list (1-10), with one use per line and no explanations.
Target: Towel
Condition: Be effective.","1. Drop cloth for painting
2. Polishing cloth for jewelry
3. Insulation for outdoor pipes
4. Photography prop
5. Impromptu picnic blanket
6. Dust cover for furniture
7. plant tie for gardening
8. Emergency signal flag
9. Soundproofing material
10. Macrame craft project material",Llama-3.3-70B-Instruct-Turbo,Drop cloth for painting,0.668289303779602,0.9789473684210527,
meta-llama/Llama-3.3-70B-Instruct-Turbo,Alternative Uses Task,"List exactly 10 alternative, uncommon uses for the following object. Provide only a numbered list (1-10), with one use per line and no explanations.",Towel,Effective,"Task: List exactly 10 alternative, uncommon uses for the following object. Provide only a numbered list (1-10), with one use per line and no explanations.
Target: Towel
Condition: Be effective.","1. Drop cloth for painting
2. Polishing cloth for jewelry
3. Insulation for outdoor pipes
4. Photography prop
5. Impromptu picnic blanket
6. Dust cover for furniture
7. plant tie for gardening
8. Emergency signal flag
9. Soundproofing material
10. Macrame craft project material",Llama-3.3-70B-Instruct-Turbo,Polishing cloth for jewelry,0.7843141555786133,0.9842105263157894,
meta-llama/Llama-3.3-70B-Instruct-Turbo,Alternative Uses Task,"List exactly 10 alternative, uncommon uses for the following object. Provide only a numbered list (1-10), with one use per line and no explanations.",Towel,Effective,"Task: List exactly 10 alternative, uncommon uses for the following object. Provide only a numbered list (1-10), with one use per line and no explanations.
Target: Towel
Condition: Be effective.","1. Drop cloth for painting
2. Polishing cloth for jewelry
3. Insulation for outdoor pipes
4. Photography prop
5. Impromptu picnic blanket
6. Dust cover for furniture
7. plant tie for gardening
8. Emergency signal flag
9. Soundproofing material
10. Macrame craft project material",Llama-3.3-70B-Instruct-Turbo,Insulation for outdoor pipes,0.9694783687591553,0.9947368421052631,
meta-llama/Llama-3.3-70B-Instruct-Turbo,Alternative Uses Task,"List exactly 10 alternative, uncommon uses for the following object. Provide only a numbered list (1-10), with one use per line and no explanations.",Towel,Effective,"Task: List exactly 10 alternative, uncommon uses for the following object. Provide only a numbered list (1-10), with one use per line and no explanations.
Target: Towel
Condition: Be effective.","1. Drop cloth for painting
2. Polishing cloth for jewelry
3. Insulation for outdoor pipes
4. Photography prop
5. Impromptu picnic blanket
6. Dust cover for furniture
7. plant tie for gardening
8. Emergency signal flag
9. Soundproofing material
10. Macrame craft project material",Llama-3.3-70B-Instruct-Turbo,Photography prop,0.8401756286621094,0.9894736842105263,
meta-llama/Llama-3.3-70B-Instruct-Turbo,Alternative Uses Task,"List exactly 10 alternative, uncommon uses for the following object. Provide only a numbered list (1-10), with one use per line and no explanations.",Towel,Effective,"Task: List exactly 10 alternative, uncommon uses for the following object. Provide only a numbered list (1-10), with one use per line and no explanations.
Target: Towel
Condition: Be effective.","1. Drop cloth for painting
2. Polishing cloth for jewelry
3. Insulation for outdoor pipes
4. Photography prop
5. Impromptu picnic blanket
6. Dust cover for furniture
7. plant tie for gardening
8. Emergency signal flag
9. Soundproofing material
10. Macrame craft project material",Llama-3.3-70B-Instruct-Turbo,Impromptu picnic blanket,0.6471699476242065,0.9578947368421052,
meta-llama/Llama-3.3-70B-Instruct-Turbo,Alternative Uses Task,"List exactly 10 alternative, uncommon uses for the following object. Provide only a numbered list (1-10), with one use per line and no explanations.",Towel,Effective,"Task: List exactly 10 alternative, uncommon uses for the following object. Provide only a numbered list (1-10), with one use per line and no explanations.
Target: Towel
Condition: Be effective.","1. Drop cloth for painting
2. Polishing cloth for jewelry
3. Insulation for outdoor pipes
4. Photography prop
5. Impromptu picnic blanket
6. Dust cover for furniture
7. plant tie for gardening
8. Emergency signal flag
9. Soundproofing material
10. Macrame craft project material",Llama-3.3-70B-Instruct-Turbo,Dust cover for furniture,0.7713860869407654,0.9736842105263158,
meta-llama/Llama-3.3-70B-Instruct-Turbo,Alternative Uses Task,"List exactly 10 alternative, uncommon uses for the following object. Provide only a numbered list (1-10), with one use per line and no explanations.",Towel,Effective,"Task: List exactly 10 alternative, uncommon uses for the following object. Provide only a numbered list (1-10), with one use per line and no explanations.
Target: Towel
Condition: Be effective.","1. Drop cloth for painting
2. Polishing cloth for jewelry
3. Insulation for outdoor pipes
4. Photography prop
5. Impromptu picnic blanket
6. Dust cover for furniture
7. plant tie for gardening
8. Emergency signal flag
9. Soundproofing material
10. Macrame craft project material",Llama-3.3-70B-Instruct-Turbo,plant tie for gardening,0.8278740048408508,0.9947368421052631,
meta-llama/Llama-3.3-70B-Instruct-Turbo,Alternative Uses Task,"List exactly 10 alternative, uncommon uses for the following object. Provide only a numbered list (1-10), with one use per line and no explanations.",Towel,Effective,"Task: List exactly 10 alternative, uncommon uses for the following object. Provide only a numbered list (1-10), with one use per line and no explanations.
Target: Towel
Condition: Be effective.","1. Drop cloth for painting
2. Polishing cloth for jewelry
3. Insulation for outdoor pipes
4. Photography prop
5. Impromptu picnic blanket
6. Dust cover for furniture
7. plant tie for gardening
8. Emergency signal flag
9. Soundproofing material
10. Macrame craft project material",Llama-3.3-70B-Instruct-Turbo,Emergency signal flag,0.7701030373573303,0.9894736842105263,
meta-llama/Llama-3.3-70B-Instruct-Turbo,Alternative Uses Task,"List exactly 10 alternative, uncommon uses for the following object. Provide only a numbered list (1-10), with one use per line and no explanations.",Towel,Effective,"Task: List exactly 10 alternative, uncommon uses for the following object. Provide only a numbered list (1-10), with one use per line and no explanations.
Target: Towel
Condition: Be effective.","1. Drop cloth for painting
2. Polishing cloth for jewelry
3. Insulation for outdoor pipes
4. Photography prop
5. Impromptu picnic blanket
6. Dust cover for furniture
7. plant tie for gardening
8. Emergency signal flag
9. Soundproofing material
10. Macrame craft project material",Llama-3.3-70B-Instruct-Turbo,Soundproofing material,0.9002365469932556,0.9947368421052631,
meta-llama/Llama-3.3-70B-Instruct-Turbo,Alternative Uses Task,"List exactly 10 alternative, uncommon uses for the following object. Provide only a numbered list (1-10), with one use per line and no explanations.",Towel,Effective,"Task: List exactly 10 alternative, uncommon uses for the following object. Provide only a numbered list (1-10), with one use per line and no explanations.
Target: Towel
Condition: Be effective.","1. Drop cloth for painting
2. Polishing cloth for jewelry
3. Insulation for outdoor pipes
4. Photography prop
5. Impromptu picnic blanket
6. Dust cover for furniture
7. plant tie for gardening
8. Emergency signal flag
9. Soundproofing material
10. Macrame craft project material",Llama-3.3-70B-Instruct-Turbo,Macrame craft project material,0.9545004963874817,0.9894736842105263,
meta-llama/Llama-3.3-70B-Instruct-Turbo,Alternative Uses Task,"List exactly 10 alternative, uncommon uses for the following object. Provide only a numbered list (1-10), with one use per line and no explanations.",Towel,Boring,"Task: List exactly 10 alternative, uncommon uses for the following object. Provide only a numbered list (1-10), with one use per line and no explanations.
Target: Towel
Condition: Be boring.","1. Drop cloth
2. Polishing cloth
3. Dusting aid
4. Cleaning rag
5. Paint smock
6. Table runner
7. Temporary curtain
8. Insulation material
9. Sound dampener
10. Fire blanket",Llama-3.3-70B-Instruct-Turbo,Drop cloth,0.44963008165359497,0.9947368421052631,
meta-llama/Llama-3.3-70B-Instruct-Turbo,Alternative Uses Task,"List exactly 10 alternative, uncommon uses for the following object. Provide only a numbered list (1-10), with one use per line and no explanations.",Towel,Boring,"Task: List exactly 10 alternative, uncommon uses for the following object. Provide only a numbered list (1-10), with one use per line and no explanations.
Target: Towel
Condition: Be boring.","1. Drop cloth
2. Polishing cloth
3. Dusting aid
4. Cleaning rag
5. Paint smock
6. Table runner
7. Temporary curtain
8. Insulation material
9. Sound dampener
10. Fire blanket",Llama-3.3-70B-Instruct-Turbo,Polishing cloth,0.6708458065986633,0.9736842105263158,
meta-llama/Llama-3.3-70B-Instruct-Turbo,Alternative Uses Task,"List exactly 10 alternative, uncommon uses for the following object. Provide only a numbered list (1-10), with one use per line and no explanations.",Towel,Boring,"Task: List exactly 10 alternative, uncommon uses for the following object. Provide only a numbered list (1-10), with one use per line and no explanations.
Target: Towel
Condition: Be boring.","1. Drop cloth
2. Polishing cloth
3. Dusting aid
4. Cleaning rag
5. Paint smock
6. Table runner
7. Temporary curtain
8. Insulation material
9. Sound dampener
10. Fire blanket",Llama-3.3-70B-Instruct-Turbo,Dusting aid,0.503258228302002,0.9947368421052631,
meta-llama/Llama-3.3-70B-Instruct-Turbo,Alternative Uses Task,"List exactly 10 alternative, uncommon uses for the following object. Provide only a numbered list (1-10), with one use per line and no explanations.",Towel,Boring,"Task: List exactly 10 alternative, uncommon uses for the following object. Provide only a numbered list (1-10), with one use per line and no explanations.
Target: Towel
Condition: Be boring.","1. Drop cloth
2. Polishing cloth
3. Dusting aid
4. Cleaning rag
5. Paint smock
6. Table runner
7. Temporary curtain
8. Insulation material
9. Sound dampener
10. Fire blanket",Llama-3.3-70B-Instruct-Turbo,Cleaning rag,0.4699026942253113,0.9947368421052631,
meta-llama/Llama-3.3-70B-Instruct-Turbo,Alternative Uses Task,"List exactly 10 alternative, uncommon uses for the following object. Provide only a numbered list (1-10), with one use per line and no explanations.",Towel,Boring,"Task: List exactly 10 alternative, uncommon uses for the following object. Provide only a numbered list (1-10), with one use per line and no explanations.
Target: Towel
Condition: Be boring.","1. Drop cloth
2. Polishing cloth
3. Dusting aid
4. Cleaning rag
5. Paint smock
6. Table runner
7. Temporary curtain
8. Insulation material
9. Sound dampener
10. Fire blanket",Llama-3.3-70B-Instruct-Turbo,Paint smock,0.8124123215675354,0.9947368421052631,
meta-llama/Llama-3.3-70B-Instruct-Turbo,Alternative Uses Task,"List exactly 10 alternative, uncommon uses for the following object. Provide only a numbered list (1-10), with one use per line and no explanations.",Towel,Boring,"Task: List exactly 10 alternative, uncommon uses for the following object. Provide only a numbered list (1-10), with one use per line and no explanations.
Target: Towel
Condition: Be boring.","1. Drop cloth
2. Polishing cloth
3. Dusting aid
4. Cleaning rag
5. Paint smock
6. Table runner
7. Temporary curtain
8. Insulation material
9. Sound dampener
10. Fire blanket",Llama-3.3-70B-Instruct-Turbo,Table runner,0.7248274087905884,0.9947368421052631,
meta-llama/Llama-3.3-70B-Instruct-Turbo,Alternative Uses Task,"List exactly 10 alternative, uncommon uses for the following object. Provide only a numbered list (1-10), with one use per line and no explanations.",Towel,Boring,"Task: List exactly 10 alternative, uncommon uses for the following object. Provide only a numbered list (1-10), with one use per line and no explanations.
Target: Towel
Condition: Be boring.","1. Drop cloth
2. Polishing cloth
3. Dusting aid
4. Cleaning rag
5. Paint smock
6. Table runner
7. Temporary curtain
8. Insulation material
9. Sound dampener
10. Fire blanket",Llama-3.3-70B-Instruct-Turbo,Temporary curtain,0.5582090020179749,0.9842105263157894,
meta-llama/Llama-3.3-70B-Instruct-Turbo,Alternative Uses Task,"List exactly 10 alternative, uncommon uses for the following object. Provide only a numbered list (1-10), with one use per line and no explanations.",Towel,Boring,"Task: List exactly 10 alternative, uncommon uses for the following object. Provide only a numbered list (1-10), with one use per line and no explanations.
Target: Towel
Condition: Be boring.","1. Drop cloth
2. Polishing cloth
3. Dusting aid
4. Cleaning rag
5. Paint smock
6. Table runner
7. Temporary curtain
8. Insulation material
9. Sound dampener
10. Fire blanket",Llama-3.3-70B-Instruct-Turbo,Insulation material,0.8074808120727539,0.9947368421052631,
meta-llama/Llama-3.3-70B-Instruct-Turbo,Alternative Uses Task,"List exactly 10 alternative, uncommon uses for the following object. Provide only a numbered list (1-10), with one use per line and no explanations.",Towel,Boring,"Task: List exactly 10 alternative, uncommon uses for the following object. Provide only a numbered list (1-10), with one use per line and no explanations.
Target: Towel
Condition: Be boring.","1. Drop cloth
2. Polishing cloth
3. Dusting aid
4. Cleaning rag
5. Paint smock
6. Table runner
7. Temporary curtain
8. Insulation material
9. Sound dampener
10. Fire blanket",Llama-3.3-70B-Instruct-Turbo,Sound dampener,0.868800938129425,0.9894736842105263,
meta-llama/Llama-3.3-70B-Instruct-Turbo,Alternative Uses Task,"List exactly 10 alternative, uncommon uses for the following object. Provide only a numbered list (1-10), with one use per line and no explanations.",Towel,Boring,"Task: List exactly 10 alternative, uncommon uses for the following object. Provide only a numbered list (1-10), with one use per line and no explanations.
Target: Towel
Condition: Be boring.","1. Drop cloth
2. Polishing cloth
3. Dusting aid
4. Cleaning rag
5. Paint smock
6. Table runner
7. Temporary curtain
8. Insulation material
9. Sound dampener
10. Fire blanket",Llama-3.3-70B-Instruct-Turbo,Fire blanket,0.6240290403366089,0.9947368421052631,
meta-llama/Llama-3.3-70B-Instruct-Turbo,Alternative Uses Task,"List exactly 10 alternative, uncommon uses for the following object. Provide only a numbered list (1-10), with one use per line and no explanations.",Towel,Conventional,"Task: List exactly 10 alternative, uncommon uses for the following object. Provide only a numbered list (1-10), with one use per line and no explanations.
Target: Towel
Condition: Be conventional.","1. Drop cloth for painting
2. Polishing cloth for shoes
3. Cleaning rag for furniture
4. Dusting cloth for blinds
5. Tablecloth for outdoor events
6. Photo studio prop
7. Impromptu picnic blanket
8. Curtain for a makeshift room divider
9. Cover for a drafty window
10. Protective wrap for fragile items during moving",Llama-3.3-70B-Instruct-Turbo,Drop cloth for painting,0.668289303779602,0.9789473684210527,
meta-llama/Llama-3.3-70B-Instruct-Turbo,Alternative Uses Task,"List exactly 10 alternative, uncommon uses for the following object. Provide only a numbered list (1-10), with one use per line and no explanations.",Towel,Conventional,"Task: List exactly 10 alternative, uncommon uses for the following object. Provide only a numbered list (1-10), with one use per line and no explanations.
Target: Towel
Condition: Be conventional.","1. Drop cloth for painting
2. Polishing cloth for shoes
3. Cleaning rag for furniture
4. Dusting cloth for blinds
5. Tablecloth for outdoor events
6. Photo studio prop
7. Impromptu picnic blanket
8. Curtain for a makeshift room divider
9. Cover for a drafty window
10. Protective wrap for fragile items during moving",Llama-3.3-70B-Instruct-Turbo,Polishing cloth for shoes,0.7848792672157288,0.9894736842105263,
meta-llama/Llama-3.3-70B-Instruct-Turbo,Alternative Uses Task,"List exactly 10 alternative, uncommon uses for the following object. Provide only a numbered list (1-10), with one use per line and no explanations.",Towel,Conventional,"Task: List exactly 10 alternative, uncommon uses for the following object. Provide only a numbered list (1-10), with one use per line and no explanations.
Target: Towel
Condition: Be conventional.","1. Drop cloth for painting
2. Polishing cloth for shoes
3. Cleaning rag for furniture
4. Dusting cloth for blinds
5. Tablecloth for outdoor events
6. Photo studio prop
7. Impromptu picnic blanket
8. Curtain for a makeshift room divider
9. Cover for a drafty window
10. Protective wrap for fragile items during moving",Llama-3.3-70B-Instruct-Turbo,Cleaning rag for furniture,0.6003715395927429,0.9947368421052631,
meta-llama/Llama-3.3-70B-Instruct-Turbo,Alternative Uses Task,"List exactly 10 alternative, uncommon uses for the following object. Provide only a numbered list (1-10), with one use per line and no explanations.",Towel,Conventional,"Task: List exactly 10 alternative, uncommon uses for the following object. Provide only a numbered list (1-10), with one use per line and no explanations.
Target: Towel
Condition: Be conventional.","1. Drop cloth for painting
2. Polishing cloth for shoes
3. Cleaning rag for furniture
4. Dusting cloth for blinds
5. Tablecloth for outdoor events
6. Photo studio prop
7. Impromptu picnic blanket
8. Curtain for a makeshift room divider
9. Cover for a drafty window
10. Protective wrap for fragile items during moving",Llama-3.3-70B-Instruct-Turbo,Dusting cloth for blinds,0.5863944292068481,0.9947368421052631,
meta-llama/Llama-3.3-70B-Instruct-Turbo,Alternative Uses Task,"List exactly 10 alternative, uncommon uses for the following object. Provide only a numbered list (1-10), with one use per line and no explanations.",Towel,Conventional,"Task: List exactly 10 alternative, uncommon uses for the following object. Provide only a numbered list (1-10), with one use per line and no explanations.
Target: Towel
Condition: Be conventional.","1. Drop cloth for painting
2. Polishing cloth for shoes
3. Cleaning rag for furniture
4. Dusting cloth for blinds
5. Tablecloth for outdoor events
6. Photo studio prop
7. Impromptu picnic blanket
8. Curtain for a makeshift room divider
9. Cover for a drafty window
10. Protective wrap for fragile items during moving",Llama-3.3-70B-Instruct-Turbo,Tablecloth for outdoor events,0.6848663091659546,0.9947368421052631,
meta-llama/Llama-3.3-70B-Instruct-Turbo,Alternative Uses Task,"List exactly 10 alternative, uncommon uses for the following object. Provide only a numbered list (1-10), with one use per line and no explanations.",Towel,Conventional,"Task: List exactly 10 alternative, uncommon uses for the following object. Provide only a numbered list (1-10), with one use per line and no explanations.
Target: Towel
Condition: Be conventional.","1. Drop cloth for painting
2. Polishing cloth for shoes
3. Cleaning rag for furniture
4. Dusting cloth for blinds
5. Tablecloth for outdoor events
6. Photo studio prop
7. Impromptu picnic blanket
8. Curtain for a makeshift room divider
9. Cover for a drafty window
10. Protective wrap for fragile items during moving",Llama-3.3-70B-Instruct-Turbo,Photo studio prop,0.9304695129394531,0.9947368421052631,
meta-llama/Llama-3.3-70B-Instruct-Turbo,Alternative Uses Task,"List exactly 10 alternative, uncommon uses for the following object. Provide only a numbered list (1-10), with one use per line and no explanations.",Towel,Conventional,"Task: List exactly 10 alternative, uncommon uses for the following object. Provide only a numbered list (1-10), with one use per line and no explanations.
Target: Towel
Condition: Be conventional.","1. Drop cloth for painting
2. Polishing cloth for shoes
3. Cleaning rag for furniture
4. Dusting cloth for blinds
5. Tablecloth for outdoor events
6. Photo studio prop
7. Impromptu picnic blanket
8. Curtain for a makeshift room divider
9. Cover for a drafty window
10. Protective wrap for fragile items during moving",Llama-3.3-70B-Instruct-Turbo,Impromptu picnic blanket,0.6471699476242065,0.9578947368421052,
meta-llama/Llama-3.3-70B-Instruct-Turbo,Alternative Uses Task,"List exactly 10 alternative, uncommon uses for the following object. Provide only a numbered list (1-10), with one use per line and no explanations.",Towel,Conventional,"Task: List exactly 10 alternative, uncommon uses for the following object. Provide only a numbered list (1-10), with one use per line and no explanations.
Target: Towel
Condition: Be conventional.","1. Drop cloth for painting
2. Polishing cloth for shoes
3. Cleaning rag for furniture
4. Dusting cloth for blinds
5. Tablecloth for outdoor events
6. Photo studio prop
7. Impromptu picnic blanket
8. Curtain for a makeshift room divider
9. Cover for a drafty window
10. Protective wrap for fragile items during moving",Llama-3.3-70B-Instruct-Turbo,Curtain for a makeshift room divider,0.6895672082901001,0.9947368421052631,
meta-llama/Llama-3.3-70B-Instruct-Turbo,Alternative Uses Task,"List exactly 10 alternative, uncommon uses for the following object. Provide only a numbered list (1-10), with one use per line and no explanations.",Towel,Conventional,"Task: List exactly 10 alternative, uncommon uses for the following object. Provide only a numbered list (1-10), with one use per line and no explanations.
Target: Towel
Condition: Be conventional.","1. Drop cloth for painting
2. Polishing cloth for shoes
3. Cleaning rag for furniture
4. Dusting cloth for blinds
5. Tablecloth for outdoor events
6. Photo studio prop
7. Impromptu picnic blanket
8. Curtain for a makeshift room divider
9. Cover for a drafty window
10. Protective wrap for fragile items during moving",Llama-3.3-70B-Instruct-Turbo,Cover for a drafty window,0.8087676763534546,0.9947368421052631,
meta-llama/Llama-3.3-70B-Instruct-Turbo,Alternative Uses Task,"List exactly 10 alternative, uncommon uses for the following object. Provide only a numbered list (1-10), with one use per line and no explanations.",Towel,Conventional,"Task: List exactly 10 alternative, uncommon uses for the following object. Provide only a numbered list (1-10), with one use per line and no explanations.
Target: Towel
Condition: Be conventional.","1. Drop cloth for painting
2. Polishing cloth for shoes
3. Cleaning rag for furniture
4. Dusting cloth for blinds
5. Tablecloth for outdoor events
6. Photo studio prop
7. Impromptu picnic blanket
8. Curtain for a makeshift room divider
9. Cover for a drafty window
10. Protective wrap for fragile items during moving",Llama-3.3-70B-Instruct-Turbo,Protective wrap for fragile items during moving,0.8701452612876892,0.9894736842105263,
meta-llama/Llama-3.3-70B-Instruct-Turbo,Alternative Uses Task,"List exactly 10 alternative, uncommon uses for the following object. Provide only a numbered list (1-10), with one use per line and no explanations.",Newspaper,Standard,"Task: List exactly 10 alternative, uncommon uses for the following object. Provide only a numbered list (1-10), with one use per line and no explanations.
Target: Newspaper","1. Compost material
2. Gift wrapping
3. Table runner
4. Fire starter
5. Crafting paper mache
6. Polishing metal
7. Dropping ceiling insulation
8. Packing fragile items
9. Decoupage medium
10. Weed barrier",Llama-3.3-70B-Instruct-Turbo,Compost material,0.7574092745780945,0.989010989010989,
meta-llama/Llama-3.3-70B-Instruct-Turbo,Alternative Uses Task,"List exactly 10 alternative, uncommon uses for the following object. Provide only a numbered list (1-10), with one use per line and no explanations.",Newspaper,Standard,"Task: List exactly 10 alternative, uncommon uses for the following object. Provide only a numbered list (1-10), with one use per line and no explanations.
Target: Newspaper","1. Compost material
2. Gift wrapping
3. Table runner
4. Fire starter
5. Crafting paper mache
6. Polishing metal
7. Dropping ceiling insulation
8. Packing fragile items
9. Decoupage medium
10. Weed barrier",Llama-3.3-70B-Instruct-Turbo,Gift wrapping,0.7734342813491821,0.9725274725274725,
meta-llama/Llama-3.3-70B-Instruct-Turbo,Alternative Uses Task,"List exactly 10 alternative, uncommon uses for the following object. Provide only a numbered list (1-10), with one use per line and no explanations.",Newspaper,Standard,"Task: List exactly 10 alternative, uncommon uses for the following object. Provide only a numbered list (1-10), with one use per line and no explanations.
Target: Newspaper","1. Compost material
2. Gift wrapping
3. Table runner
4. Fire starter
5. Crafting paper mache
6. Polishing metal
7. Dropping ceiling insulation
8. Packing fragile items
9. Decoupage medium
10. Weed barrier",Llama-3.3-70B-Instruct-Turbo,Table runner,0.7839196920394897,0.9835164835164835,
meta-llama/Llama-3.3-70B-Instruct-Turbo,Alternative Uses Task,"List exactly 10 alternative, uncommon uses for the following object. Provide only a numbered list (1-10), with one use per line and no explanations.",Newspaper,Standard,"Task: List exactly 10 alternative, uncommon uses for the following object. Provide only a numbered list (1-10), with one use per line and no explanations.
Target: Newspaper","1. Compost material
2. Gift wrapping
3. Table runner
4. Fire starter
5. Crafting paper mache
6. Polishing metal
7. Dropping ceiling insulation
8. Packing fragile items
9. Decoupage medium
10. Weed barrier",Llama-3.3-70B-Instruct-Turbo,Fire starter,0.8345576524734497,0.9615384615384616,
meta-llama/Llama-3.3-70B-Instruct-Turbo,Alternative Uses Task,"List exactly 10 alternative, uncommon uses for the following object. Provide only a numbered list (1-10), with one use per line and no explanations.",Newspaper,Standard,"Task: List exactly 10 alternative, uncommon uses for the following object. Provide only a numbered list (1-10), with one use per line and no explanations.
Target: Newspaper","1. Compost material
2. Gift wrapping
3. Table runner
4. Fire starter
5. Crafting paper mache
6. Polishing metal
7. Dropping ceiling insulation
8. Packing fragile items
9. Decoupage medium
10. Weed barrier",Llama-3.3-70B-Instruct-Turbo,Crafting paper mache,0.8360435962677002,0.978021978021978,
meta-llama/Llama-3.3-70B-Instruct-Turbo,Alternative Uses Task,"List exactly 10 alternative, uncommon uses for the following object. Provide only a numbered list (1-10), with one use per line and no explanations.",Newspaper,Standard,"Task: List exactly 10 alternative, uncommon uses for the following object. Provide only a numbered list (1-10), with one use per line and no explanations.
Target: Newspaper","1. Compost material
2. Gift wrapping
3. Table runner
4. Fire starter
5. Crafting paper mache
6. Polishing metal
7. Dropping ceiling insulation
8. Packing fragile items
9. Decoupage medium
10. Weed barrier",Llama-3.3-70B-Instruct-Turbo,Polishing metal,1.018517255783081,0.989010989010989,
meta-llama/Llama-3.3-70B-Instruct-Turbo,Alternative Uses Task,"List exactly 10 alternative, uncommon uses for the following object. Provide only a numbered list (1-10), with one use per line and no explanations.",Newspaper,Standard,"Task: List exactly 10 alternative, uncommon uses for the following object. Provide only a numbered list (1-10), with one use per line and no explanations.
Target: Newspaper","1. Compost material
2. Gift wrapping
3. Table runner
4. Fire starter
5. Crafting paper mache
6. Polishing metal
7. Dropping ceiling insulation
8. Packing fragile items
9. Decoupage medium
10. Weed barrier",Llama-3.3-70B-Instruct-Turbo,Dropping ceiling insulation,0.9560046792030334,0.9945054945054945,
meta-llama/Llama-3.3-70B-Instruct-Turbo,Alternative Uses Task,"List exactly 10 alternative, uncommon uses for the following object. Provide only a numbered list (1-10), with one use per line and no explanations.",Newspaper,Standard,"Task: List exactly 10 alternative, uncommon uses for the following object. Provide only a numbered list (1-10), with one use per line and no explanations.
Target: Newspaper","1. Compost material
2. Gift wrapping
3. Table runner
4. Fire starter
5. Crafting paper mache
6. Polishing metal
7. Dropping ceiling insulation
8. Packing fragile items
9. Decoupage medium
10. Weed barrier",Llama-3.3-70B-Instruct-Turbo,Packing fragile items,0.9437929391860962,0.9725274725274725,
meta-llama/Llama-3.3-70B-Instruct-Turbo,Alternative Uses Task,"List exactly 10 alternative, uncommon uses for the following object. Provide only a numbered list (1-10), with one use per line and no explanations.",Newspaper,Standard,"Task: List exactly 10 alternative, uncommon uses for the following object. Provide only a numbered list (1-10), with one use per line and no explanations.
Target: Newspaper","1. Compost material
2. Gift wrapping
3. Table runner
4. Fire starter
5. Crafting paper mache
6. Polishing metal
7. Dropping ceiling insulation
8. Packing fragile items
9. Decoupage medium
10. Weed barrier",Llama-3.3-70B-Instruct-Turbo,Decoupage medium,0.8482297658920288,0.978021978021978,
meta-llama/Llama-3.3-70B-Instruct-Turbo,Alternative Uses Task,"List exactly 10 alternative, uncommon uses for the following object. Provide only a numbered list (1-10), with one use per line and no explanations.",Newspaper,Standard,"Task: List exactly 10 alternative, uncommon uses for the following object. Provide only a numbered list (1-10), with one use per line and no explanations.
Target: Newspaper","1. Compost material
2. Gift wrapping
3. Table runner
4. Fire starter
5. Crafting paper mache
6. Polishing metal
7. Dropping ceiling insulation
8. Packing fragile items
9. Decoupage medium
10. Weed barrier",Llama-3.3-70B-Instruct-Turbo,Weed barrier,0.8533555269241333,0.978021978021978,
meta-llama/Llama-3.3-70B-Instruct-Turbo,Alternative Uses Task,"List exactly 10 alternative, uncommon uses for the following object. Provide only a numbered list (1-10), with one use per line and no explanations.",Newspaper,Creative,"Task: List exactly 10 alternative, uncommon uses for the following object. Provide only a numbered list (1-10), with one use per line and no explanations.
Target: Newspaper
Condition: Be creative.","1. Gift wrapping material
2. Decoupage medium
3. Fire starter
4. Crafting paper mache
5. Polishing silverware
6. Making origami figures
7. Creating collages
8. Insulating windows
9. Making paper flowers
10. Composting material",Llama-3.3-70B-Instruct-Turbo,Gift wrapping material,0.8334545493125916,0.989010989010989,
meta-llama/Llama-3.3-70B-Instruct-Turbo,Alternative Uses Task,"List exactly 10 alternative, uncommon uses for the following object. Provide only a numbered list (1-10), with one use per line and no explanations.",Newspaper,Creative,"Task: List exactly 10 alternative, uncommon uses for the following object. Provide only a numbered list (1-10), with one use per line and no explanations.
Target: Newspaper
Condition: Be creative.","1. Gift wrapping material
2. Decoupage medium
3. Fire starter
4. Crafting paper mache
5. Polishing silverware
6. Making origami figures
7. Creating collages
8. Insulating windows
9. Making paper flowers
10. Composting material",Llama-3.3-70B-Instruct-Turbo,Decoupage medium,0.8482297658920288,0.978021978021978,
meta-llama/Llama-3.3-70B-Instruct-Turbo,Alternative Uses Task,"List exactly 10 alternative, uncommon uses for the following object. Provide only a numbered list (1-10), with one use per line and no explanations.",Newspaper,Creative,"Task: List exactly 10 alternative, uncommon uses for the following object. Provide only a numbered list (1-10), with one use per line and no explanations.
Target: Newspaper
Condition: Be creative.","1. Gift wrapping material
2. Decoupage medium
3. Fire starter
4. Crafting paper mache
5. Polishing silverware
6. Making origami figures
7. Creating collages
8. Insulating windows
9. Making paper flowers
10. Composting material",Llama-3.3-70B-Instruct-Turbo,Fire starter,0.8345576524734497,0.9615384615384616,
meta-llama/Llama-3.3-70B-Instruct-Turbo,Alternative Uses Task,"List exactly 10 alternative, uncommon uses for the following object. Provide only a numbered list (1-10), with one use per line and no explanations.",Newspaper,Creative,"Task: List exactly 10 alternative, uncommon uses for the following object. Provide only a numbered list (1-10), with one use per line and no explanations.
Target: Newspaper
Condition: Be creative.","1. Gift wrapping material
2. Decoupage medium
3. Fire starter
4. Crafting paper mache
5. Polishing silverware
6. Making origami figures
7. Creating collages
8. Insulating windows
9. Making paper flowers
10. Composting material",Llama-3.3-70B-Instruct-Turbo,Crafting paper mache,0.836043655872345,0.978021978021978,
meta-llama/Llama-3.3-70B-Instruct-Turbo,Alternative Uses Task,"List exactly 10 alternative, uncommon uses for the following object. Provide only a numbered list (1-10), with one use per line and no explanations.",Newspaper,Creative,"Task: List exactly 10 alternative, uncommon uses for the following object. Provide only a numbered list (1-10), with one use per line and no explanations.
Target: Newspaper
Condition: Be creative.","1. Gift wrapping material
2. Decoupage medium
3. Fire starter
4. Crafting paper mache
5. Polishing silverware
6. Making origami figures
7. Creating collages
8. Insulating windows
9. Making paper flowers
10. Composting material",Llama-3.3-70B-Instruct-Turbo,Polishing silverware,1.0376403331756592,0.989010989010989,
meta-llama/Llama-3.3-70B-Instruct-Turbo,Alternative Uses Task,"List exactly 10 alternative, uncommon uses for the following object. Provide only a numbered list (1-10), with one use per line and no explanations.",Newspaper,Creative,"Task: List exactly 10 alternative, uncommon uses for the following object. Provide only a numbered list (1-10), with one use per line and no explanations.
Target: Newspaper
Condition: Be creative.","1. Gift wrapping material
2. Decoupage medium
3. Fire starter
4. Crafting paper mache
5. Polishing silverware
6. Making origami figures
7. Creating collages
8. Insulating windows
9. Making paper flowers
10. Composting material",Llama-3.3-70B-Instruct-Turbo,Making origami figures,0.8715086579322815,0.9945054945054945,
meta-llama/Llama-3.3-70B-Instruct-Turbo,Alternative Uses Task,"List exactly 10 alternative, uncommon uses for the following object. Provide only a numbered list (1-10), with one use per line and no explanations.",Newspaper,Creative,"Task: List exactly 10 alternative, uncommon uses for the following object. Provide only a numbered list (1-10), with one use per line and no explanations.
Target: Newspaper
Condition: Be creative.","1. Gift wrapping material
2. Decoupage medium
3. Fire starter
4. Crafting paper mache
5. Polishing silverware
6. Making origami figures
7. Creating collages
8. Insulating windows
9. Making paper flowers
10. Composting material",Llama-3.3-70B-Instruct-Turbo,Creating collages,0.8069853782653809,0.9945054945054945,
meta-llama/Llama-3.3-70B-Instruct-Turbo,Alternative Uses Task,"List exactly 10 alternative, uncommon uses for the following object. Provide only a numbered list (1-10), with one use per line and no explanations.",Newspaper,Creative,"Task: List exactly 10 alternative, uncommon uses for the following object. Provide only a numbered list (1-10), with one use per line and no explanations.
Target: Newspaper
Condition: Be creative.","1. Gift wrapping material
2. Decoupage medium
3. Fire starter
4. Crafting paper mache
5. Polishing silverware
6. Making origami figures
7. Creating collages
8. Insulating windows
9. Making paper flowers
10. Composting material",Llama-3.3-70B-Instruct-Turbo,Insulating windows,0.940215528011322,0.989010989010989,
meta-llama/Llama-3.3-70B-Instruct-Turbo,Alternative Uses Task,"List exactly 10 alternative, uncommon uses for the following object. Provide only a numbered list (1-10), with one use per line and no explanations.",Newspaper,Creative,"Task: List exactly 10 alternative, uncommon uses for the following object. Provide only a numbered list (1-10), with one use per line and no explanations.
Target: Newspaper
Condition: Be creative.","1. Gift wrapping material
2. Decoupage medium
3. Fire starter
4. Crafting paper mache
5. Polishing silverware
6. Making origami figures
7. Creating collages
8. Insulating windows
9. Making paper flowers
10. Composting material",Llama-3.3-70B-Instruct-Turbo,Making paper flowers,0.7465493679046631,0.9945054945054945,
meta-llama/Llama-3.3-70B-Instruct-Turbo,Alternative Uses Task,"List exactly 10 alternative, uncommon uses for the following object. Provide only a numbered list (1-10), with one use per line and no explanations.",Newspaper,Creative,"Task: List exactly 10 alternative, uncommon uses for the following object. Provide only a numbered list (1-10), with one use per line and no explanations.
Target: Newspaper
Condition: Be creative.","1. Gift wrapping material
2. Decoupage medium
3. Fire starter
4. Crafting paper mache
5. Polishing silverware
6. Making origami figures
7. Creating collages
8. Insulating windows
9. Making paper flowers
10. Composting material",Llama-3.3-70B-Instruct-Turbo,Composting material,0.8066351413726807,0.989010989010989,
meta-llama/Llama-3.3-70B-Instruct-Turbo,Alternative Uses Task,"List exactly 10 alternative, uncommon uses for the following object. Provide only a numbered list (1-10), with one use per line and no explanations.",Newspaper,Effective,"Task: List exactly 10 alternative, uncommon uses for the following object. Provide only a numbered list (1-10), with one use per line and no explanations.
Target: Newspaper
Condition: Be effective.","1. Compost liner
2. Seed starter
3. Gift wrapping material
4. Table runner
5. Fire starter
6. Packing material
7. Drop cloth
8. Decoupage medium
9. Insulation material
10. Crafting paper mache",Llama-3.3-70B-Instruct-Turbo,Compost liner,0.8267653584480286,0.9945054945054945,
meta-llama/Llama-3.3-70B-Instruct-Turbo,Alternative Uses Task,"List exactly 10 alternative, uncommon uses for the following object. Provide only a numbered list (1-10), with one use per line and no explanations.",Newspaper,Effective,"Task: List exactly 10 alternative, uncommon uses for the following object. Provide only a numbered list (1-10), with one use per line and no explanations.
Target: Newspaper
Condition: Be effective.","1. Compost liner
2. Seed starter
3. Gift wrapping material
4. Table runner
5. Fire starter
6. Packing material
7. Drop cloth
8. Decoupage medium
9. Insulation material
10. Crafting paper mache",Llama-3.3-70B-Instruct-Turbo,Seed starter,0.8191009759902954,0.9945054945054945,
meta-llama/Llama-3.3-70B-Instruct-Turbo,Alternative Uses Task,"List exactly 10 alternative, uncommon uses for the following object. Provide only a numbered list (1-10), with one use per line and no explanations.",Newspaper,Effective,"Task: List exactly 10 alternative, uncommon uses for the following object. Provide only a numbered list (1-10), with one use per line and no explanations.
Target: Newspaper
Condition: Be effective.","1. Compost liner
2. Seed starter
3. Gift wrapping material
4. Table runner
5. Fire starter
6. Packing material
7. Drop cloth
8. Decoupage medium
9. Insulation material
10. Crafting paper mache",Llama-3.3-70B-Instruct-Turbo,Gift wrapping material,0.8334545493125916,0.989010989010989,
meta-llama/Llama-3.3-70B-Instruct-Turbo,Alternative Uses Task,"List exactly 10 alternative, uncommon uses for the following object. Provide only a numbered list (1-10), with one use per line and no explanations.",Newspaper,Effective,"Task: List exactly 10 alternative, uncommon uses for the following object. Provide only a numbered list (1-10), with one use per line and no explanations.
Target: Newspaper
Condition: Be effective.","1. Compost liner
2. Seed starter
3. Gift wrapping material
4. Table runner
5. Fire starter
6. Packing material
7. Drop cloth
8. Decoupage medium
9. Insulation material
10. Crafting paper mache",Llama-3.3-70B-Instruct-Turbo,Table runner,0.7839196920394897,0.9835164835164835,
meta-llama/Llama-3.3-70B-Instruct-Turbo,Alternative Uses Task,"List exactly 10 alternative, uncommon uses for the following object. Provide only a numbered list (1-10), with one use per line and no explanations.",Newspaper,Effective,"Task: List exactly 10 alternative, uncommon uses for the following object. Provide only a numbered list (1-10), with one use per line and no explanations.
Target: Newspaper
Condition: Be effective.","1. Compost liner
2. Seed starter
3. Gift wrapping material
4. Table runner
5. Fire starter
6. Packing material
7. Drop cloth
8. Decoupage medium
9. Insulation material
10. Crafting paper mache",Llama-3.3-70B-Instruct-Turbo,Fire starter,0.8345576524734497,0.9615384615384616,
meta-llama/Llama-3.3-70B-Instruct-Turbo,Alternative Uses Task,"List exactly 10 alternative, uncommon uses for the following object. Provide only a numbered list (1-10), with one use per line and no explanations.",Newspaper,Effective,"Task: List exactly 10 alternative, uncommon uses for the following object. Provide only a numbered list (1-10), with one use per line and no explanations.
Target: Newspaper
Condition: Be effective.","1. Compost liner
2. Seed starter
3. Gift wrapping material
4. Table runner
5. Fire starter
6. Packing material
7. Drop cloth
8. Decoupage medium
9. Insulation material
10. Crafting paper mache",Llama-3.3-70B-Instruct-Turbo,Packing material,0.8125723600387573,0.9945054945054945,
meta-llama/Llama-3.3-70B-Instruct-Turbo,Alternative Uses Task,"List exactly 10 alternative, uncommon uses for the following object. Provide only a numbered list (1-10), with one use per line and no explanations.",Newspaper,Effective,"Task: List exactly 10 alternative, uncommon uses for the following object. Provide only a numbered list (1-10), with one use per line and no explanations.
Target: Newspaper
Condition: Be effective.","1. Compost liner
2. Seed starter
3. Gift wrapping material
4. Table runner
5. Fire starter
6. Packing material
7. Drop cloth
8. Decoupage medium
9. Insulation material
10. Crafting paper mache",Llama-3.3-70B-Instruct-Turbo,Drop cloth,0.8258780241012573,0.989010989010989,
meta-llama/Llama-3.3-70B-Instruct-Turbo,Alternative Uses Task,"List exactly 10 alternative, uncommon uses for the following object. Provide only a numbered list (1-10), with one use per line and no explanations.",Newspaper,Effective,"Task: List exactly 10 alternative, uncommon uses for the following object. Provide only a numbered list (1-10), with one use per line and no explanations.
Target: Newspaper
Condition: Be effective.","1. Compost liner
2. Seed starter
3. Gift wrapping material
4. Table runner
5. Fire starter
6. Packing material
7. Drop cloth
8. Decoupage medium
9. Insulation material
10. Crafting paper mache",Llama-3.3-70B-Instruct-Turbo,Decoupage medium,0.8482297658920288,0.978021978021978,
meta-llama/Llama-3.3-70B-Instruct-Turbo,Alternative Uses Task,"List exactly 10 alternative, uncommon uses for the following object. Provide only a numbered list (1-10), with one use per line and no explanations.",Newspaper,Effective,"Task: List exactly 10 alternative, uncommon uses for the following object. Provide only a numbered list (1-10), with one use per line and no explanations.
Target: Newspaper
Condition: Be effective.","1. Compost liner
2. Seed starter
3. Gift wrapping material
4. Table runner
5. Fire starter
6. Packing material
7. Drop cloth
8. Decoupage medium
9. Insulation material
10. Crafting paper mache",Llama-3.3-70B-Instruct-Turbo,Insulation material,0.8588556051254272,0.9945054945054945,
meta-llama/Llama-3.3-70B-Instruct-Turbo,Alternative Uses Task,"List exactly 10 alternative, uncommon uses for the following object. Provide only a numbered list (1-10), with one use per line and no explanations.",Newspaper,Effective,"Task: List exactly 10 alternative, uncommon uses for the following object. Provide only a numbered list (1-10), with one use per line and no explanations.
Target: Newspaper
Condition: Be effective.","1. Compost liner
2. Seed starter
3. Gift wrapping material
4. Table runner
5. Fire starter
6. Packing material
7. Drop cloth
8. Decoupage medium
9. Insulation material
10. Crafting paper mache",Llama-3.3-70B-Instruct-Turbo,Crafting paper mache,0.836043655872345,0.978021978021978,
meta-llama/Llama-3.3-70B-Instruct-Turbo,Alternative Uses Task,"List exactly 10 alternative, uncommon uses for the following object. Provide only a numbered list (1-10), with one use per line and no explanations.",Newspaper,Boring,"Task: List exactly 10 alternative, uncommon uses for the following object. Provide only a numbered list (1-10), with one use per line and no explanations.
Target: Newspaper
Condition: Be boring.","1. Polishing metal surfaces
2. Crafting decorative flowers
3. Insulating drafty windows
4. Making paper mache
5. Creating a DIY bird feeder
6. Blocking light from a window
7. Stuffing boxes for moving
8. Drying wet shoes
9. Making a paper chain
10. Weighing down papers on a desk",Llama-3.3-70B-Instruct-Turbo,Polishing metal surfaces,1.0715599060058594,0.989010989010989,
meta-llama/Llama-3.3-70B-Instruct-Turbo,Alternative Uses Task,"List exactly 10 alternative, uncommon uses for the following object. Provide only a numbered list (1-10), with one use per line and no explanations.",Newspaper,Boring,"Task: List exactly 10 alternative, uncommon uses for the following object. Provide only a numbered list (1-10), with one use per line and no explanations.
Target: Newspaper
Condition: Be boring.","1. Polishing metal surfaces
2. Crafting decorative flowers
3. Insulating drafty windows
4. Making paper mache
5. Creating a DIY bird feeder
6. Blocking light from a window
7. Stuffing boxes for moving
8. Drying wet shoes
9. Making a paper chain
10. Weighing down papers on a desk",Llama-3.3-70B-Instruct-Turbo,Crafting decorative flowers,0.9300189018249512,0.9945054945054945,
meta-llama/Llama-3.3-70B-Instruct-Turbo,Alternative Uses Task,"List exactly 10 alternative, uncommon uses for the following object. Provide only a numbered list (1-10), with one use per line and no explanations.",Newspaper,Boring,"Task: List exactly 10 alternative, uncommon uses for the following object. Provide only a numbered list (1-10), with one use per line and no explanations.
Target: Newspaper
Condition: Be boring.","1. Polishing metal surfaces
2. Crafting decorative flowers
3. Insulating drafty windows
4. Making paper mache
5. Creating a DIY bird feeder
6. Blocking light from a window
7. Stuffing boxes for moving
8. Drying wet shoes
9. Making a paper chain
10. Weighing down papers on a desk",Llama-3.3-70B-Instruct-Turbo,Insulating drafty windows,0.9255030155181885,0.989010989010989,
meta-llama/Llama-3.3-70B-Instruct-Turbo,Alternative Uses Task,"List exactly 10 alternative, uncommon uses for the following object. Provide only a numbered list (1-10), with one use per line and no explanations.",Newspaper,Boring,"Task: List exactly 10 alternative, uncommon uses for the following object. Provide only a numbered list (1-10), with one use per line and no explanations.
Target: Newspaper
Condition: Be boring.","1. Polishing metal surfaces
2. Crafting decorative flowers
3. Insulating drafty windows
4. Making paper mache
5. Creating a DIY bird feeder
6. Blocking light from a window
7. Stuffing boxes for moving
8. Drying wet shoes
9. Making a paper chain
10. Weighing down papers on a desk",Llama-3.3-70B-Instruct-Turbo,Making paper mache,0.7612431645393372,0.978021978021978,
meta-llama/Llama-3.3-70B-Instruct-Turbo,Alternative Uses Task,"List exactly 10 alternative, uncommon uses for the following object. Provide only a numbered list (1-10), with one use per line and no explanations.",Newspaper,Boring,"Task: List exactly 10 alternative, uncommon uses for the following object. Provide only a numbered list (1-10), with one use per line and no explanations.
Target: Newspaper
Condition: Be boring.","1. Polishing metal surfaces
2. Crafting decorative flowers
3. Insulating drafty windows
4. Making paper mache
5. Creating a DIY bird feeder
6. Blocking light from a window
7. Stuffing boxes for moving
8. Drying wet shoes
9. Making a paper chain
10. Weighing down papers on a desk",Llama-3.3-70B-Instruct-Turbo,Creating a DIY bird feeder,0.8910501599311829,0.9945054945054945,
meta-llama/Llama-3.3-70B-Instruct-Turbo,Alternative Uses Task,"List exactly 10 alternative, uncommon uses for the following object. Provide only a numbered list (1-10), with one use per line and no explanations.",Newspaper,Boring,"Task: List exactly 10 alternative, uncommon uses for the following object. Provide only a numbered list (1-10), with one use per line and no explanations.
Target: Newspaper
Condition: Be boring.","1. Polishing metal surfaces
2. Crafting decorative flowers
3. Insulating drafty windows
4. Making paper mache
5. Creating a DIY bird feeder
6. Blocking light from a window
7. Stuffing boxes for moving
8. Drying wet shoes
9. Making a paper chain
10. Weighing down papers on a desk",Llama-3.3-70B-Instruct-Turbo,Blocking light from a window,0.9574520587921143,0.9945054945054945,
meta-llama/Llama-3.3-70B-Instruct-Turbo,Alternative Uses Task,"List exactly 10 alternative, uncommon uses for the following object. Provide only a numbered list (1-10), with one use per line and no explanations.",Newspaper,Boring,"Task: List exactly 10 alternative, uncommon uses for the following object. Provide only a numbered list (1-10), with one use per line and no explanations.
Target: Newspaper
Condition: Be boring.","1. Polishing metal surfaces
2. Crafting decorative flowers
3. Insulating drafty windows
4. Making paper mache
5. Creating a DIY bird feeder
6. Blocking light from a window
7. Stuffing boxes for moving
8. Drying wet shoes
9. Making a paper chain
10. Weighing down papers on a desk",Llama-3.3-70B-Instruct-Turbo,Stuffing boxes for moving,0.881249725818634,0.9945054945054945,
meta-llama/Llama-3.3-70B-Instruct-Turbo,Alternative Uses Task,"List exactly 10 alternative, uncommon uses for the following object. Provide only a numbered list (1-10), with one use per line and no explanations.",Newspaper,Boring,"Task: List exactly 10 alternative, uncommon uses for the following object. Provide only a numbered list (1-10), with one use per line and no explanations.
Target: Newspaper
Condition: Be boring.","1. Polishing metal surfaces
2. Crafting decorative flowers
3. Insulating drafty windows
4. Making paper mache
5. Creating a DIY bird feeder
6. Blocking light from a window
7. Stuffing boxes for moving
8. Drying wet shoes
9. Making a paper chain
10. Weighing down papers on a desk",Llama-3.3-70B-Instruct-Turbo,Drying wet shoes,0.9752222299575806,0.9835164835164835,
meta-llama/Llama-3.3-70B-Instruct-Turbo,Alternative Uses Task,"List exactly 10 alternative, uncommon uses for the following object. Provide only a numbered list (1-10), with one use per line and no explanations.",Newspaper,Boring,"Task: List exactly 10 alternative, uncommon uses for the following object. Provide only a numbered list (1-10), with one use per line and no explanations.
Target: Newspaper
Condition: Be boring.","1. Polishing metal surfaces
2. Crafting decorative flowers
3. Insulating drafty windows
4. Making paper mache
5. Creating a DIY bird feeder
6. Blocking light from a window
7. Stuffing boxes for moving
8. Drying wet shoes
9. Making a paper chain
10. Weighing down papers on a desk",Llama-3.3-70B-Instruct-Turbo,Making a paper chain,0.803399920463562,0.9945054945054945,
meta-llama/Llama-3.3-70B-Instruct-Turbo,Alternative Uses Task,"List exactly 10 alternative, uncommon uses for the following object. Provide only a numbered list (1-10), with one use per line and no explanations.",Newspaper,Boring,"Task: List exactly 10 alternative, uncommon uses for the following object. Provide only a numbered list (1-10), with one use per line and no explanations.
Target: Newspaper
Condition: Be boring.","1. Polishing metal surfaces
2. Crafting decorative flowers
3. Insulating drafty windows
4. Making paper mache
5. Creating a DIY bird feeder
6. Blocking light from a window
7. Stuffing boxes for moving
8. Drying wet shoes
9. Making a paper chain
10. Weighing down papers on a desk",Llama-3.3-70B-Instruct-Turbo,Weighing down papers on a desk,0.8229466080665588,0.9945054945054945,
meta-llama/Llama-3.3-70B-Instruct-Turbo,Alternative Uses Task,"List exactly 10 alternative, uncommon uses for the following object. Provide only a numbered list (1-10), with one use per line and no explanations.",Newspaper,Conventional,"Task: List exactly 10 alternative, uncommon uses for the following object. Provide only a numbered list (1-10), with one use per line and no explanations.
Target: Newspaper
Condition: Be conventional.","1. Gift wrapping paper
2. Table runner
3. Shelf liner
4. Fire starter
5. Crafting material
6. Drop cloth
7. Window shade
8. Paper mache ingredient
9. Packaging filler
10. Decoupage medium",Llama-3.3-70B-Instruct-Turbo,Gift wrapping paper,0.6643343567848206,0.9725274725274725,
meta-llama/Llama-3.3-70B-Instruct-Turbo,Alternative Uses Task,"List exactly 10 alternative, uncommon uses for the following object. Provide only a numbered list (1-10), with one use per line and no explanations.",Newspaper,Conventional,"Task: List exactly 10 alternative, uncommon uses for the following object. Provide only a numbered list (1-10), with one use per line and no explanations.
Target: Newspaper
Condition: Be conventional.","1. Gift wrapping paper
2. Table runner
3. Shelf liner
4. Fire starter
5. Crafting material
6. Drop cloth
7. Window shade
8. Paper mache ingredient
9. Packaging filler
10. Decoupage medium",Llama-3.3-70B-Instruct-Turbo,Table runner,0.7839196920394897,0.9835164835164835,
meta-llama/Llama-3.3-70B-Instruct-Turbo,Alternative Uses Task,"List exactly 10 alternative, uncommon uses for the following object. Provide only a numbered list (1-10), with one use per line and no explanations.",Newspaper,Conventional,"Task: List exactly 10 alternative, uncommon uses for the following object. Provide only a numbered list (1-10), with one use per line and no explanations.
Target: Newspaper
Condition: Be conventional.","1. Gift wrapping paper
2. Table runner
3. Shelf liner
4. Fire starter
5. Crafting material
6. Drop cloth
7. Window shade
8. Paper mache ingredient
9. Packaging filler
10. Decoupage medium",Llama-3.3-70B-Instruct-Turbo,Shelf liner,0.8614739775657654,0.9945054945054945,
meta-llama/Llama-3.3-70B-Instruct-Turbo,Alternative Uses Task,"List exactly 10 alternative, uncommon uses for the following object. Provide only a numbered list (1-10), with one use per line and no explanations.",Newspaper,Conventional,"Task: List exactly 10 alternative, uncommon uses for the following object. Provide only a numbered list (1-10), with one use per line and no explanations.
Target: Newspaper
Condition: Be conventional.","1. Gift wrapping paper
2. Table runner
3. Shelf liner
4. Fire starter
5. Crafting material
6. Drop cloth
7. Window shade
8. Paper mache ingredient
9. Packaging filler
10. Decoupage medium",Llama-3.3-70B-Instruct-Turbo,Fire starter,0.8345576524734497,0.9615384615384616,
meta-llama/Llama-3.3-70B-Instruct-Turbo,Alternative Uses Task,"List exactly 10 alternative, uncommon uses for the following object. Provide only a numbered list (1-10), with one use per line and no explanations.",Newspaper,Conventional,"Task: List exactly 10 alternative, uncommon uses for the following object. Provide only a numbered list (1-10), with one use per line and no explanations.
Target: Newspaper
Condition: Be conventional.","1. Gift wrapping paper
2. Table runner
3. Shelf liner
4. Fire starter
5. Crafting material
6. Drop cloth
7. Window shade
8. Paper mache ingredient
9. Packaging filler
10. Decoupage medium",Llama-3.3-70B-Instruct-Turbo,Crafting material,0.8761898875236511,0.9945054945054945,
meta-llama/Llama-3.3-70B-Instruct-Turbo,Alternative Uses Task,"List exactly 10 alternative, uncommon uses for the following object. Provide only a numbered list (1-10), with one use per line and no explanations.",Newspaper,Conventional,"Task: List exactly 10 alternative, uncommon uses for the following object. Provide only a numbered list (1-10), with one use per line and no explanations.
Target: Newspaper
Condition: Be conventional.","1. Gift wrapping paper
2. Table runner
3. Shelf liner
4. Fire starter
5. Crafting material
6. Drop cloth
7. Window shade
8. Paper mache ingredient
9. Packaging filler
10. Decoupage medium",Llama-3.3-70B-Instruct-Turbo,Drop cloth,0.8258780241012573,0.989010989010989,
meta-llama/Llama-3.3-70B-Instruct-Turbo,Alternative Uses Task,"List exactly 10 alternative, uncommon uses for the following object. Provide only a numbered list (1-10), with one use per line and no explanations.",Newspaper,Conventional,"Task: List exactly 10 alternative, uncommon uses for the following object. Provide only a numbered list (1-10), with one use per line and no explanations.
Target: Newspaper
Condition: Be conventional.","1. Gift wrapping paper
2. Table runner
3. Shelf liner
4. Fire starter
5. Crafting material
6. Drop cloth
7. Window shade
8. Paper mache ingredient
9. Packaging filler
10. Decoupage medium",Llama-3.3-70B-Instruct-Turbo,Window shade,0.8895983099937439,0.9945054945054945,
meta-llama/Llama-3.3-70B-Instruct-Turbo,Alternative Uses Task,"List exactly 10 alternative, uncommon uses for the following object. Provide only a numbered list (1-10), with one use per line and no explanations.",Newspaper,Conventional,"Task: List exactly 10 alternative, uncommon uses for the following object. Provide only a numbered list (1-10), with one use per line and no explanations.
Target: Newspaper
Condition: Be conventional.","1. Gift wrapping paper
2. Table runner
3. Shelf liner
4. Fire starter
5. Crafting material
6. Drop cloth
7. Window shade
8. Paper mache ingredient
9. Packaging filler
10. Decoupage medium",Llama-3.3-70B-Instruct-Turbo,Paper mache ingredient,0.7383480072021484,0.9945054945054945,
meta-llama/Llama-3.3-70B-Instruct-Turbo,Alternative Uses Task,"List exactly 10 alternative, uncommon uses for the following object. Provide only a numbered list (1-10), with one use per line and no explanations.",Newspaper,Conventional,"Task: List exactly 10 alternative, uncommon uses for the following object. Provide only a numbered list (1-10), with one use per line and no explanations.
Target: Newspaper
Condition: Be conventional.","1. Gift wrapping paper
2. Table runner
3. Shelf liner
4. Fire starter
5. Crafting material
6. Drop cloth
7. Window shade
8. Paper mache ingredient
9. Packaging filler
10. Decoupage medium",Llama-3.3-70B-Instruct-Turbo,Packaging filler,0.8193851709365845,0.9945054945054945,
meta-llama/Llama-3.3-70B-Instruct-Turbo,Alternative Uses Task,"List exactly 10 alternative, uncommon uses for the following object. Provide only a numbered list (1-10), with one use per line and no explanations.",Newspaper,Conventional,"Task: List exactly 10 alternative, uncommon uses for the following object. Provide only a numbered list (1-10), with one use per line and no explanations.
Target: Newspaper
Condition: Be conventional.","1. Gift wrapping paper
2. Table runner
3. Shelf liner
4. Fire starter
5. Crafting material
6. Drop cloth
7. Window shade
8. Paper mache ingredient
9. Packaging filler
10. Decoupage medium",Llama-3.3-70B-Instruct-Turbo,Decoupage medium,0.8482297658920288,0.978021978021978,
qwen/qwen3.6-27b,Alternative Uses Task,"List exactly 10 alternative, uncommon uses for the following object. Provide only a numbered list (1-10), with one use per line and no explanations.",Book,Standard,"Task: List exactly 10 alternative, uncommon uses for the following object. Provide only a numbered list (1-10), with one use per line and no explanations.
Target: Book","
1. Doorstop
2. Coaster
3. Plant support stake
4. Weight for paper stacks
5. Temporary step stool
6. Camera tripod base
7. Window sash weight
8. Bookmark placeholder
9. Leveling shim for furniture
10. Pillow block for reading in bed",qwen3.6-27b,Doorstop,0.7883899211883545,0.9333333333333333,
qwen/qwen3.6-27b,Alternative Uses Task,"List exactly 10 alternative, uncommon uses for the following object. Provide only a numbered list (1-10), with one use per line and no explanations.",Book,Standard,"Task: List exactly 10 alternative, uncommon uses for the following object. Provide only a numbered list (1-10), with one use per line and no explanations.
Target: Book","
1. Doorstop
2. Coaster
3. Plant support stake
4. Weight for paper stacks
5. Temporary step stool
6. Camera tripod base
7. Window sash weight
8. Bookmark placeholder
9. Leveling shim for furniture
10. Pillow block for reading in bed",qwen3.6-27b,Coaster,0.8212512731552124,0.9833333333333333,
qwen/qwen3.6-27b,Alternative Uses Task,"List exactly 10 alternative, uncommon uses for the following object. Provide only a numbered list (1-10), with one use per line and no explanations.",Book,Standard,"Task: List exactly 10 alternative, uncommon uses for the following object. Provide only a numbered list (1-10), with one use per line and no explanations.
Target: Book","
1. Doorstop
2. Coaster
3. Plant support stake
4. Weight for paper stacks
5. Temporary step stool
6. Camera tripod base
7. Window sash weight
8. Bookmark placeholder
9. Leveling shim for furniture
10. Pillow block for reading in bed",qwen3.6-27b,Plant support stake,0.9724194407463074,0.9944444444444445,
qwen/qwen3.6-27b,Alternative Uses Task,"List exactly 10 alternative, uncommon uses for the following object. Provide only a numbered list (1-10), with one use per line and no explanations.",Book,Standard,"Task: List exactly 10 alternative, uncommon uses for the following object. Provide only a numbered list (1-10), with one use per line and no explanations.
Target: Book","
1. Doorstop
2. Coaster
3. Plant support stake
4. Weight for paper stacks
5. Temporary step stool
6. Camera tripod base
7. Window sash weight
8. Bookmark placeholder
9. Leveling shim for furniture
10. Pillow block for reading in bed",qwen3.6-27b,Weight for paper stacks,0.9335862398147583,0.9944444444444445,
qwen/qwen3.6-27b,Alternative Uses Task,"List exactly 10 alternative, uncommon uses for the following object. Provide only a numbered list (1-10), with one use per line and no explanations.",Book,Standard,"Task: List exactly 10 alternative, uncommon uses for the following object. Provide only a numbered list (1-10), with one use per line and no explanations.
Target: Book","
1. Doorstop
2. Coaster
3. Plant support stake
4. Weight for paper stacks
5. Temporary step stool
6. Camera tripod base
7. Window sash weight
8. Bookmark placeholder
9. Leveling shim for furniture
10. Pillow block for reading in bed",qwen3.6-27b,Temporary step stool,0.8728240728378296,0.9777777777777777,
qwen/qwen3.6-27b,Alternative Uses Task,"List exactly 10 alternative, uncommon uses for the following object. Provide only a numbered list (1-10), with one use per line and no explanations.",Book,Standard,"Task: List exactly 10 alternative, uncommon uses for the following object. Provide only a numbered list (1-10), with one use per line and no explanations.
Target: Book","
1. Doorstop
2. Coaster
3. Plant support stake
4. Weight for paper stacks
5. Temporary step stool
6. Camera tripod base
7. Window sash weight
8. Bookmark placeholder
9. Leveling shim for furniture
10. Pillow block for reading in bed",qwen3.6-27b,Camera tripod base,0.9638755321502686,0.9944444444444445,
qwen/qwen3.6-27b,Alternative Uses Task,"List exactly 10 alternative, uncommon uses for the following object. Provide only a numbered list (1-10), with one use per line and no explanations.",Book,Standard,"Task: List exactly 10 alternative, uncommon uses for the following object. Provide only a numbered list (1-10), with one use per line and no explanations.
Target: Book","
1. Doorstop
2. Coaster
3. Plant support stake
4. Weight for paper stacks
5. Temporary step stool
6. Camera tripod base
7. Window sash weight
8. Bookmark placeholder
9. Leveling shim for furniture
10. Pillow block for reading in bed",qwen3.6-27b,Window sash weight,0.9958210587501526,0.9944444444444445,
qwen/qwen3.6-27b,Alternative Uses Task,"List exactly 10 alternative, uncommon uses for the following object. Provide only a numbered list (1-10), with one use per line and no explanations.",Book,Standard,"Task: List exactly 10 alternative, uncommon uses for the following object. Provide only a numbered list (1-10), with one use per line and no explanations.
Target: Book","
1. Doorstop
2. Coaster
3. Plant support stake
4. Weight for paper stacks
5. Temporary step stool
6. Camera tripod base
7. Window sash weight
8. Bookmark placeholder
9. Leveling shim for furniture
10. Pillow block for reading in bed",qwen3.6-27b,Bookmark placeholder,0.7391786575317383,0.9944444444444445,
qwen/qwen3.6-27b,Alternative Uses Task,"List exactly 10 alternative, uncommon uses for the following object. Provide only a numbered list (1-10), with one use per line and no explanations.",Book,Standard,"Task: List exactly 10 alternative, uncommon uses for the following object. Provide only a numbered list (1-10), with one use per line and no explanations.
Target: Book","
1. Doorstop
2. Coaster
3. Plant support stake
4. Weight for paper stacks
5. Temporary step stool
6. Camera tripod base
7. Window sash weight
8. Bookmark placeholder
9. Leveling shim for furniture
10. Pillow block for reading in bed",qwen3.6-27b,Leveling shim for furniture,0.9901328682899475,0.9777777777777777,
qwen/qwen3.6-27b,Alternative Uses Task,"List exactly 10 alternative, uncommon uses for the following object. Provide only a numbered list (1-10), with one use per line and no explanations.",Book,Standard,"Task: List exactly 10 alternative, uncommon uses for the following object. Provide only a numbered list (1-10), with one use per line and no explanations.
Target: Book","
1. Doorstop
2. Coaster
3. Plant support stake
4. Weight for paper stacks
5. Temporary step stool
6. Camera tripod base
7. Window sash weight
8. Bookmark placeholder
9. Leveling shim for furniture
10. Pillow block for reading in bed",qwen3.6-27b,Pillow block for reading in bed,0.6701980829238892,0.9944444444444445,
qwen/qwen3.6-27b,Alternative Uses Task,"List exactly 10 alternative, uncommon uses for the following object. Provide only a numbered list (1-10), with one use per line and no explanations.",Book,Creative,"Task: List exactly 10 alternative, uncommon uses for the following object. Provide only a numbered list (1-10), with one use per line and no explanations.
Target: Book
Condition: Be creative.","
1. A makeshift bookend for heavier volumes
2. A weight to keep papers from blowing away
3. A step stool for reaching high shelves
4. A coaster for hot mugs
5. A doorstop to hold a door open
6. A scratching post for cats
7. A level surface for placing small objects
8. A decorative prop in still-life photography
9. A buffer to protect glass from direct sunlight
10. A makeshift pillow for neck support",qwen3.6-27b,A makeshift bookend for heavier volumes,0.6098631620407104,0.9944444444444445,
qwen/qwen3.6-27b,Alternative Uses Task,"List exactly 10 alternative, uncommon uses for the following object. Provide only a numbered list (1-10), with one use per line and no explanations.",Book,Creative,"Task: List exactly 10 alternative, uncommon uses for the following object. Provide only a numbered list (1-10), with one use per line and no explanations.
Target: Book
Condition: Be creative.","
1. A makeshift bookend for heavier volumes
2. A weight to keep papers from blowing away
3. A step stool for reaching high shelves
4. A coaster for hot mugs
5. A doorstop to hold a door open
6. A scratching post for cats
7. A level surface for placing small objects
8. A decorative prop in still-life photography
9. A buffer to protect glass from direct sunlight
10. A makeshift pillow for neck support",qwen3.6-27b,A weight to keep papers from blowing away,0.8268674612045288,0.9888888888888889,
qwen/qwen3.6-27b,Alternative Uses Task,"List exactly 10 alternative, uncommon uses for the following object. Provide only a numbered list (1-10), with one use per line and no explanations.",Book,Creative,"Task: List exactly 10 alternative, uncommon uses for the following object. Provide only a numbered list (1-10), with one use per line and no explanations.
Target: Book
Condition: Be creative.","
1. A makeshift bookend for heavier volumes
2. A weight to keep papers from blowing away
3. A step stool for reaching high shelves
4. A coaster for hot mugs
5. A doorstop to hold a door open
6. A scratching post for cats
7. A level surface for placing small objects
8. A decorative prop in still-life photography
9. A buffer to protect glass from direct sunlight
10. A makeshift pillow for neck support",qwen3.6-27b,A step stool for reaching high shelves,0.9054485559463501,0.9944444444444445,
qwen/qwen3.6-27b,Alternative Uses Task,"List exactly 10 alternative, uncommon uses for the following object. Provide only a numbered list (1-10), with one use per line and no explanations.",Book,Creative,"Task: List exactly 10 alternative, uncommon uses for the following object. Provide only a numbered list (1-10), with one use per line and no explanations.
Target: Book
Condition: Be creative.","
1. A makeshift bookend for heavier volumes
2. A weight to keep papers from blowing away
3. A step stool for reaching high shelves
4. A coaster for hot mugs
5. A doorstop to hold a door open
6. A scratching post for cats
7. A level surface for placing small objects
8. A decorative prop in still-life photography
9. A buffer to protect glass from direct sunlight
10. A makeshift pillow for neck support",qwen3.6-27b,A coaster for hot mugs,0.9063284397125244,0.9944444444444445,
qwen/qwen3.6-27b,Alternative Uses Task,"List exactly 10 alternative, uncommon uses for the following object. Provide only a numbered list (1-10), with one use per line and no explanations.",Book,Creative,"Task: List exactly 10 alternative, uncommon uses for the following object. Provide only a numbered list (1-10), with one use per line and no explanations.
Target: Book
Condition: Be creative.","
1. A makeshift bookend for heavier volumes
2. A weight to keep papers from blowing away
3. A step stool for reaching high shelves
4. A coaster for hot mugs
5. A doorstop to hold a door open
6. A scratching post for cats
7. A level surface for placing small objects
8. A decorative prop in still-life photography
9. A buffer to protect glass from direct sunlight
10. A makeshift pillow for neck support",qwen3.6-27b,A doorstop to hold a door open,0.8957691192626953,0.9944444444444445,
qwen/qwen3.6-27b,Alternative Uses Task,"List exactly 10 alternative, uncommon uses for the following object. Provide only a numbered list (1-10), with one use per line and no explanations.",Book,Creative,"Task: List exactly 10 alternative, uncommon uses for the following object. Provide only a numbered list (1-10), with one use per line and no explanations.
Target: Book
Condition: Be creative.","
1. A makeshift bookend for heavier volumes
2. A weight to keep papers from blowing away
3. A step stool for reaching high shelves
4. A coaster for hot mugs
5. A doorstop to hold a door open
6. A scratching post for cats
7. A level surface for placing small objects
8. A decorative prop in still-life photography
9. A buffer to protect glass from direct sunlight
10. A makeshift pillow for neck support",qwen3.6-27b,A scratching post for cats,0.8791762590408325,0.9944444444444445,
qwen/qwen3.6-27b,Alternative Uses Task,"List exactly 10 alternative, uncommon uses for the following object. Provide only a numbered list (1-10), with one use per line and no explanations.",Book,Creative,"Task: List exactly 10 alternative, uncommon uses for the following object. Provide only a numbered list (1-10), with one use per line and no explanations.
Target: Book
Condition: Be creative.","
1. A makeshift bookend for heavier volumes
2. A weight to keep papers from blowing away
3. A step stool for reaching high shelves
4. A coaster for hot mugs
5. A doorstop to hold a door open
6. A scratching post for cats
7. A level surface for placing small objects
8. A decorative prop in still-life photography
9. A buffer to protect glass from direct sunlight
10. A makeshift pillow for neck support",qwen3.6-27b,A level surface for placing small objects,0.9950398802757263,0.9944444444444445,
qwen/qwen3.6-27b,Alternative Uses Task,"List exactly 10 alternative, uncommon uses for the following object. Provide only a numbered list (1-10), with one use per line and no explanations.",Book,Creative,"Task: List exactly 10 alternative, uncommon uses for the following object. Provide only a numbered list (1-10), with one use per line and no explanations.
Target: Book
Condition: Be creative.","
1. A makeshift bookend for heavier volumes
2. A weight to keep papers from blowing away
3. A step stool for reaching high shelves
4. A coaster for hot mugs
5. A doorstop to hold a door open
6. A scratching post for cats
7. A level surface for placing small objects
8. A decorative prop in still-life photography
9. A buffer to protect glass from direct sunlight
10. A makeshift pillow for neck support",qwen3.6-27b,A decorative prop in still-life photography,0.828473687171936,0.9944444444444445,
qwen/qwen3.6-27b,Alternative Uses Task,"List exactly 10 alternative, uncommon uses for the following object. Provide only a numbered list (1-10), with one use per line and no explanations.",Book,Creative,"Task: List exactly 10 alternative, uncommon uses for the following object. Provide only a numbered list (1-10), with one use per line and no explanations.
Target: Book
Condition: Be creative.","
1. A makeshift bookend for heavier volumes
2. A weight to keep papers from blowing away
3. A step stool for reaching high shelves
4. A coaster for hot mugs
5. A doorstop to hold a door open
6. A scratching post for cats
7. A level surface for placing small objects
8. A decorative prop in still-life photography
9. A buffer to protect glass from direct sunlight
10. A makeshift pillow for neck support",qwen3.6-27b,A buffer to protect glass from direct sunlight,0.9298462271690369,0.9944444444444445,
qwen/qwen3.6-27b,Alternative Uses Task,"List exactly 10 alternative, uncommon uses for the following object. Provide only a numbered list (1-10), with one use per line and no explanations.",Book,Creative,"Task: List exactly 10 alternative, uncommon uses for the following object. Provide only a numbered list (1-10), with one use per line and no explanations.
Target: Book
Condition: Be creative.","
1. A makeshift bookend for heavier volumes
2. A weight to keep papers from blowing away
3. A step stool for reaching high shelves
4. A coaster for hot mugs
5. A doorstop to hold a door open
6. A scratching post for cats
7. A level surface for placing small objects
8. A decorative prop in still-life photography
9. A buffer to protect glass from direct sunlight
10. A makeshift pillow for neck support",qwen3.6-27b,A makeshift pillow for neck support,0.8795795440673828,0.9944444444444445,
qwen/qwen3.6-27b,Alternative Uses Task,"List exactly 10 alternative, uncommon uses for the following object. Provide only a numbered list (1-10), with one use per line and no explanations.",Book,Effective,"Task: List exactly 10 alternative, uncommon uses for the following object. Provide only a numbered list (1-10), with one use per line and no explanations.
Target: Book
Condition: Be effective.","
1. Stabilize a wobbly table leg
2. Serve as a doorstop
3. Protect fragile items during moving
4. Use as a temporary step stool
5. Create a makeshift bookend for loose papers
6. Shield electronics from dust when stored
7. Act as a weight to hold down loose rugs
8. Serve as a cutting board for soft foods
9. Use as a backrest in a reclining chair
10. Function as a sound dampener for noisy speakers",qwen3.6-27b,Stabilize a wobbly table leg,0.9601171016693115,0.9944444444444445,
qwen/qwen3.6-27b,Alternative Uses Task,"List exactly 10 alternative, uncommon uses for the following object. Provide only a numbered list (1-10), with one use per line and no explanations.",Book,Effective,"Task: List exactly 10 alternative, uncommon uses for the following object. Provide only a numbered list (1-10), with one use per line and no explanations.
Target: Book
Condition: Be effective.","
1. Stabilize a wobbly table leg
2. Serve as a doorstop
3. Protect fragile items during moving
4. Use as a temporary step stool
5. Create a makeshift bookend for loose papers
6. Shield electronics from dust when stored
7. Act as a weight to hold down loose rugs
8. Serve as a cutting board for soft foods
9. Use as a backrest in a reclining chair
10. Function as a sound dampener for noisy speakers",qwen3.6-27b,Serve as a doorstop,0.9009848833084106,0.9888888888888889,
qwen/qwen3.6-27b,Alternative Uses Task,"List exactly 10 alternative, uncommon uses for the following object. Provide only a numbered list (1-10), with one use per line and no explanations.",Book,Effective,"Task: List exactly 10 alternative, uncommon uses for the following object. Provide only a numbered list (1-10), with one use per line and no explanations.
Target: Book
Condition: Be effective.","
1. Stabilize a wobbly table leg
2. Serve as a doorstop
3. Protect fragile items during moving
4. Use as a temporary step stool
5. Create a makeshift bookend for loose papers
6. Shield electronics from dust when stored
7. Act as a weight to hold down loose rugs
8. Serve as a cutting board for soft foods
9. Use as a backrest in a reclining chair
10. Function as a sound dampener for noisy speakers",qwen3.6-27b,Protect fragile items during moving,0.9996220469474792,0.9944444444444445,
qwen/qwen3.6-27b,Alternative Uses Task,"List exactly 10 alternative, uncommon uses for the following object. Provide only a numbered list (1-10), with one use per line and no explanations.",Book,Effective,"Task: List exactly 10 alternative, uncommon uses for the following object. Provide only a numbered list (1-10), with one use per line and no explanations.
Target: Book
Condition: Be effective.","
1. Stabilize a wobbly table leg
2. Serve as a doorstop
3. Protect fragile items during moving
4. Use as a temporary step stool
5. Create a makeshift bookend for loose papers
6. Shield electronics from dust when stored
7. Act as a weight to hold down loose rugs
8. Serve as a cutting board for soft foods
9. Use as a backrest in a reclining chair
10. Function as a sound dampener for noisy speakers",qwen3.6-27b,Use as a temporary step stool,0.9166954755783081,0.9888888888888889,
qwen/qwen3.6-27b,Alternative Uses Task,"List exactly 10 alternative, uncommon uses for the following object. Provide only a numbered list (1-10), with one use per line and no explanations.",Book,Effective,"Task: List exactly 10 alternative, uncommon uses for the following object. Provide only a numbered list (1-10), with one use per line and no explanations.
Target: Book
Condition: Be effective.","
1. Stabilize a wobbly table leg
2. Serve as a doorstop
3. Protect fragile items during moving
4. Use as a temporary step stool
5. Create a makeshift bookend for loose papers
6. Shield electronics from dust when stored
7. Act as a weight to hold down loose rugs
8. Serve as a cutting board for soft foods
9. Use as a backrest in a reclining chair
10. Function as a sound dampener for noisy speakers",qwen3.6-27b,Create a makeshift bookend for loose papers,0.7151125073432922,0.9944444444444445,
qwen/qwen3.6-27b,Alternative Uses Task,"List exactly 10 alternative, uncommon uses for the following object. Provide only a numbered list (1-10), with one use per line and no explanations.",Book,Effective,"Task: List exactly 10 alternative, uncommon uses for the following object. Provide only a numbered list (1-10), with one use per line and no explanations.
Target: Book
Condition: Be effective.","
1. Stabilize a wobbly table leg
2. Serve as a doorstop
3. Protect fragile items during moving
4. Use as a temporary step stool
5. Create a makeshift bookend for loose papers
6. Shield electronics from dust when stored
7. Act as a weight to hold down loose rugs
8. Serve as a cutting board for soft foods
9. Use as a backrest in a reclining chair
10. Function as a sound dampener for noisy speakers",qwen3.6-27b,Shield electronics from dust when stored,0.9508038759231567,0.9944444444444445,
qwen/qwen3.6-27b,Alternative Uses Task,"List exactly 10 alternative, uncommon uses for the following object. Provide only a numbered list (1-10), with one use per line and no explanations.",Book,Effective,"Task: List exactly 10 alternative, uncommon uses for the following object. Provide only a numbered list (1-10), with one use per line and no explanations.
Target: Book
Condition: Be effective.","
1. Stabilize a wobbly table leg
2. Serve as a doorstop
3. Protect fragile items during moving
4. Use as a temporary step stool
5. Create a makeshift bookend for loose papers
6. Shield electronics from dust when stored
7. Act as a weight to hold down loose rugs
8. Serve as a cutting board for soft foods
9. Use as a backrest in a reclining chair
10. Function as a sound dampener for noisy speakers",qwen3.6-27b,Act as a weight to hold down loose rugs,0.9084959030151367,0.9944444444444445,
qwen/qwen3.6-27b,Alternative Uses Task,"List exactly 10 alternative, uncommon uses for the following object. Provide only a numbered list (1-10), with one use per line and no explanations.",Book,Effective,"Task: List exactly 10 alternative, uncommon uses for the following object. Provide only a numbered list (1-10), with one use per line and no explanations.
Target: Book
Condition: Be effective.","
1. Stabilize a wobbly table leg
2. Serve as a doorstop
3. Protect fragile items during moving
4. Use as a temporary step stool
5. Create a makeshift bookend for loose papers
6. Shield electronics from dust when stored
7. Act as a weight to hold down loose rugs
8. Serve as a cutting board for soft foods
9. Use as a backrest in a reclining chair
10. Function as a sound dampener for noisy speakers",qwen3.6-27b,Serve as a cutting board for soft foods,0.9498178362846375,0.9944444444444445,
qwen/qwen3.6-27b,Alternative Uses Task,"List exactly 10 alternative, uncommon uses for the following object. Provide only a numbered list (1-10), with one use per line and no explanations.",Book,Effective,"Task: List exactly 10 alternative, uncommon uses for the following object. Provide only a numbered list (1-10), with one use per line and no explanations.
Target: Book
Condition: Be effective.","
1. Stabilize a wobbly table leg
2. Serve as a doorstop
3. Protect fragile items during moving
4. Use as a temporary step stool
5. Create a makeshift bookend for loose papers
6. Shield electronics from dust when stored
7. Act as a weight to hold down loose rugs
8. Serve as a cutting board for soft foods
9. Use as a backrest in a reclining chair
10. Function as a sound dampener for noisy speakers",qwen3.6-27b,Use as a backrest in a reclining chair,0.8511167764663696,0.9944444444444445,
qwen/qwen3.6-27b,Alternative Uses Task,"List exactly 10 alternative, uncommon uses for the following object. Provide only a numbered list (1-10), with one use per line and no explanations.",Book,Effective,"Task: List exactly 10 alternative, uncommon uses for the following object. Provide only a numbered list (1-10), with one use per line and no explanations.
Target: Book
Condition: Be effective.","
1. Stabilize a wobbly table leg
2. Serve as a doorstop
3. Protect fragile items during moving
4. Use as a temporary step stool
5. Create a makeshift bookend for loose papers
6. Shield electronics from dust when stored
7. Act as a weight to hold down loose rugs
8. Serve as a cutting board for soft foods
9. Use as a backrest in a reclining chair
10. Function as a sound dampener for noisy speakers",qwen3.6-27b,Function as a sound dampener for noisy speakers,0.9553500413894653,0.9944444444444445,
qwen/qwen3.6-27b,Alternative Uses Task,"List exactly 10 alternative, uncommon uses for the following object. Provide only a numbered list (1-10), with one use per line and no explanations.",Book,Boring,"Task: List exactly 10 alternative, uncommon uses for the following object. Provide only a numbered list (1-10), with one use per line and no explanations.
Target: Book
Condition: Be boring.","
1. Door stop
2. Stack for leveling a wobbly table
3. Paperweight
4. Coaster for cold drinks
5. Shield against small projectiles
6. Base for a house of cards
7. Weight to keep papers from blowing away
8. Pillow for a cat
9. Divider in a filing cabinet
10. Object to look at while waiting for a bus",qwen3.6-27b,Door stop,0.794084906578064,0.9944444444444445,
qwen/qwen3.6-27b,Alternative Uses Task,"List exactly 10 alternative, uncommon uses for the following object. Provide only a numbered list (1-10), with one use per line and no explanations.",Book,Boring,"Task: List exactly 10 alternative, uncommon uses for the following object. Provide only a numbered list (1-10), with one use per line and no explanations.
Target: Book
Condition: Be boring.","
1. Door stop
2. Stack for leveling a wobbly table
3. Paperweight
4. Coaster for cold drinks
5. Shield against small projectiles
6. Base for a house of cards
7. Weight to keep papers from blowing away
8. Pillow for a cat
9. Divider in a filing cabinet
10. Object to look at while waiting for a bus",qwen3.6-27b,Stack for leveling a wobbly table,1.0157454013824463,0.9944444444444445,
qwen/qwen3.6-27b,Alternative Uses Task,"List exactly 10 alternative, uncommon uses for the following object. Provide only a numbered list (1-10), with one use per line and no explanations.",Book,Boring,"Task: List exactly 10 alternative, uncommon uses for the following object. Provide only a numbered list (1-10), with one use per line and no explanations.
Target: Book
Condition: Be boring.","
1. Door stop
2. Stack for leveling a wobbly table
3. Paperweight
4. Coaster for cold drinks
5. Shield against small projectiles
6. Base for a house of cards
7. Weight to keep papers from blowing away
8. Pillow for a cat
9. Divider in a filing cabinet
10. Object to look at while waiting for a bus",qwen3.6-27b,Paperweight,0.7166880369186401,0.9444444444444444,
qwen/qwen3.6-27b,Alternative Uses Task,"List exactly 10 alternative, uncommon uses for the following object. Provide only a numbered list (1-10), with one use per line and no explanations.",Book,Boring,"Task: List exactly 10 alternative, uncommon uses for the following object. Provide only a numbered list (1-10), with one use per line and no explanations.
Target: Book
Condition: Be boring.","
1. Door stop
2. Stack for leveling a wobbly table
3. Paperweight
4. Coaster for cold drinks
5. Shield against small projectiles
6. Base for a house of cards
7. Weight to keep papers from blowing away
8. Pillow for a cat
9. Divider in a filing cabinet
10. Object to look at while waiting for a bus",qwen3.6-27b,Coaster for cold drinks,0.9698998332023621,0.9944444444444445,
qwen/qwen3.6-27b,Alternative Uses Task,"List exactly 10 alternative, uncommon uses for the following object. Provide only a numbered list (1-10), with one use per line and no explanations.",Book,Boring,"Task: List exactly 10 alternative, uncommon uses for the following object. Provide only a numbered list (1-10), with one use per line and no explanations.
Target: Book
Condition: Be boring.","
1. Door stop
2. Stack for leveling a wobbly table
3. Paperweight
4. Coaster for cold drinks
5. Shield against small projectiles
6. Base for a house of cards
7. Weight to keep papers from blowing away
8. Pillow for a cat
9. Divider in a filing cabinet
10. Object to look at while waiting for a bus",qwen3.6-27b,Shield against small projectiles,0.9796517491340637,0.9944444444444445,
qwen/qwen3.6-27b,Alternative Uses Task,"List exactly 10 alternative, uncommon uses for the following object. Provide only a numbered list (1-10), with one use per line and no explanations.",Book,Boring,"Task: List exactly 10 alternative, uncommon uses for the following object. Provide only a numbered list (1-10), with one use per line and no explanations.
Target: Book
Condition: Be boring.","
1. Door stop
2. Stack for leveling a wobbly table
3. Paperweight
4. Coaster for cold drinks
5. Shield against small projectiles
6. Base for a house of cards
7. Weight to keep papers from blowing away
8. Pillow for a cat
9. Divider in a filing cabinet
10. Object to look at while waiting for a bus",qwen3.6-27b,Base for a house of cards,0.85077965259552,0.9944444444444445,
qwen/qwen3.6-27b,Alternative Uses Task,"List exactly 10 alternative, uncommon uses for the following object. Provide only a numbered list (1-10), with one use per line and no explanations.",Book,Boring,"Task: List exactly 10 alternative, uncommon uses for the following object. Provide only a numbered list (1-10), with one use per line and no explanations.
Target: Book
Condition: Be boring.","
1. Door stop
2. Stack for leveling a wobbly table
3. Paperweight
4. Coaster for cold drinks
5. Shield against small projectiles
6. Base for a house of cards
7. Weight to keep papers from blowing away
8. Pillow for a cat
9. Divider in a filing cabinet
10. Object to look at while waiting for a bus",qwen3.6-27b,Weight to keep papers from blowing away,0.8637204170227051,0.9888888888888889,
qwen/qwen3.6-27b,Alternative Uses Task,"List exactly 10 alternative, uncommon uses for the following object. Provide only a numbered list (1-10), with one use per line and no explanations.",Book,Boring,"Task: List exactly 10 alternative, uncommon uses for the following object. Provide only a numbered list (1-10), with one use per line and no explanations.
Target: Book
Condition: Be boring.","
1. Door stop
2. Stack for leveling a wobbly table
3. Paperweight
4. Coaster for cold drinks
5. Shield against small projectiles
6. Base for a house of cards
7. Weight to keep papers from blowing away
8. Pillow for a cat
9. Divider in a filing cabinet
10. Object to look at while waiting for a bus",qwen3.6-27b,Pillow for a cat,0.8555859923362732,0.9944444444444445,
qwen/qwen3.6-27b,Alternative Uses Task,"List exactly 10 alternative, uncommon uses for the following object. Provide only a numbered list (1-10), with one use per line and no explanations.",Book,Boring,"Task: List exactly 10 alternative, uncommon uses for the following object. Provide only a numbered list (1-10), with one use per line and no explanations.
Target: Book
Condition: Be boring.","
1. Door stop
2. Stack for leveling a wobbly table
3. Paperweight
4. Coaster for cold drinks
5. Shield against small projectiles
6. Base for a house of cards
7. Weight to keep papers from blowing away
8. Pillow for a cat
9. Divider in a filing cabinet
10. Object to look at while waiting for a bus",qwen3.6-27b,Divider in a filing cabinet,0.9722901582717896,0.9944444444444445,
qwen/qwen3.6-27b,Alternative Uses Task,"List exactly 10 alternative, uncommon uses for the following object. Provide only a numbered list (1-10), with one use per line and no explanations.",Book,Boring,"Task: List exactly 10 alternative, uncommon uses for the following object. Provide only a numbered list (1-10), with one use per line and no explanations.
Target: Book
Condition: Be boring.","
1. Door stop
2. Stack for leveling a wobbly table
3. Paperweight
4. Coaster for cold drinks
5. Shield against small projectiles
6. Base for a house of cards
7. Weight to keep papers from blowing away
8. Pillow for a cat
9. Divider in a filing cabinet
10. Object to look at while waiting for a bus",qwen3.6-27b,Object to look at while waiting for a bus,0.8268332481384277,0.9944444444444445,
qwen/qwen3.6-27b,Alternative Uses Task,"List exactly 10 alternative, uncommon uses for the following object. Provide only a numbered list (1-10), with one use per line and no explanations.",Book,Conventional,"Task: List exactly 10 alternative, uncommon uses for the following object. Provide only a numbered list (1-10), with one use per line and no explanations.
Target: Book
Condition: Be conventional.","
1. Doorstop
2. Coaster
3. Paperweight
4. Pillow under the head while reading
5. Stand for a tablet or phone
6. Weight to hold down loose papers
7. Improvised step stool
8. Armrest support
9. Bookend for other books
10. Heat source (in camping scenarios)",qwen3.6-27b,Doorstop,0.7883899211883545,0.9333333333333333,
qwen/qwen3.6-27b,Alternative Uses Task,"List exactly 10 alternative, uncommon uses for the following object. Provide only a numbered list (1-10), with one use per line and no explanations.",Book,Conventional,"Task: List exactly 10 alternative, uncommon uses for the following object. Provide only a numbered list (1-10), with one use per line and no explanations.
Target: Book
Condition: Be conventional.","
1. Doorstop
2. Coaster
3. Paperweight
4. Pillow under the head while reading
5. Stand for a tablet or phone
6. Weight to hold down loose papers
7. Improvised step stool
8. Armrest support
9. Bookend for other books
10. Heat source (in camping scenarios)",qwen3.6-27b,Coaster,0.8212512731552124,0.9833333333333333,
qwen/qwen3.6-27b,Alternative Uses Task,"List exactly 10 alternative, uncommon uses for the following object. Provide only a numbered list (1-10), with one use per line and no explanations.",Book,Conventional,"Task: List exactly 10 alternative, uncommon uses for the following object. Provide only a numbered list (1-10), with one use per line and no explanations.
Target: Book
Condition: Be conventional.","
1. Doorstop
2. Coaster
3. Paperweight
4. Pillow under the head while reading
5. Stand for a tablet or phone
6. Weight to hold down loose papers
7. Improvised step stool
8. Armrest support
9. Bookend for other books
10. Heat source (in camping scenarios)",qwen3.6-27b,Paperweight,0.7166880369186401,0.9444444444444444,
qwen/qwen3.6-27b,Alternative Uses Task,"List exactly 10 alternative, uncommon uses for the following object. Provide only a numbered list (1-10), with one use per line and no explanations.",Book,Conventional,"Task: List exactly 10 alternative, uncommon uses for the following object. Provide only a numbered list (1-10), with one use per line and no explanations.
Target: Book
Condition: Be conventional.","
1. Doorstop
2. Coaster
3. Paperweight
4. Pillow under the head while reading
5. Stand for a tablet or phone
6. Weight to hold down loose papers
7. Improvised step stool
8. Armrest support
9. Bookend for other books
10. Heat source (in camping scenarios)",qwen3.6-27b,Pillow under the head while reading,0.6575783491134644,0.9944444444444445,
qwen/qwen3.6-27b,Alternative Uses Task,"List exactly 10 alternative, uncommon uses for the following object. Provide only a numbered list (1-10), with one use per line and no explanations.",Book,Conventional,"Task: List exactly 10 alternative, uncommon uses for the following object. Provide only a numbered list (1-10), with one use per line and no explanations.
Target: Book
Condition: Be conventional.","
1. Doorstop
2. Coaster
3. Paperweight
4. Pillow under the head while reading
5. Stand for a tablet or phone
6. Weight to hold down loose papers
7. Improvised step stool
8. Armrest support
9. Bookend for other books
10. Heat source (in camping scenarios)",qwen3.6-27b,Stand for a tablet or phone,0.8964646458625793,0.9944444444444445,
qwen/qwen3.6-27b,Alternative Uses Task,"List exactly 10 alternative, uncommon uses for the following object. Provide only a numbered list (1-10), with one use per line and no explanations.",Book,Conventional,"Task: List exactly 10 alternative, uncommon uses for the following object. Provide only a numbered list (1-10), with one use per line and no explanations.
Target: Book
Condition: Be conventional.","
1. Doorstop
2. Coaster
3. Paperweight
4. Pillow under the head while reading
5. Stand for a tablet or phone
6. Weight to hold down loose papers
7. Improvised step stool
8. Armrest support
9. Bookend for other books
10. Heat source (in camping scenarios)",qwen3.6-27b,Weight to hold down loose papers,0.8829966187477112,0.9944444444444445,
qwen/qwen3.6-27b,Alternative Uses Task,"List exactly 10 alternative, uncommon uses for the following object. Provide only a numbered list (1-10), with one use per line and no explanations.",Book,Conventional,"Task: List exactly 10 alternative, uncommon uses for the following object. Provide only a numbered list (1-10), with one use per line and no explanations.
Target: Book
Condition: Be conventional.","
1. Doorstop
2. Coaster
3. Paperweight
4. Pillow under the head while reading
5. Stand for a tablet or phone
6. Weight to hold down loose papers
7. Improvised step stool
8. Armrest support
9. Bookend for other books
10. Heat source (in camping scenarios)",qwen3.6-27b,Improvised step stool,0.8841636776924133,0.9833333333333333,
qwen/qwen3.6-27b,Alternative Uses Task,"List exactly 10 alternative, uncommon uses for the following object. Provide only a numbered list (1-10), with one use per line and no explanations.",Book,Conventional,"Task: List exactly 10 alternative, uncommon uses for the following object. Provide only a numbered list (1-10), with one use per line and no explanations.
Target: Book
Condition: Be conventional.","
1. Doorstop
2. Coaster
3. Paperweight
4. Pillow under the head while reading
5. Stand for a tablet or phone
6. Weight to hold down loose papers
7. Improvised step stool
8. Armrest support
9. Bookend for other books
10. Heat source (in camping scenarios)",qwen3.6-27b,Armrest support,0.8954634070396423,0.9944444444444445,
qwen/qwen3.6-27b,Alternative Uses Task,"List exactly 10 alternative, uncommon uses for the following object. Provide only a numbered list (1-10), with one use per line and no explanations.",Book,Conventional,"Task: List exactly 10 alternative, uncommon uses for the following object. Provide only a numbered list (1-10), with one use per line and no explanations.
Target: Book
Condition: Be conventional.","
1. Doorstop
2. Coaster
3. Paperweight
4. Pillow under the head while reading
5. Stand for a tablet or phone
6. Weight to hold down loose papers
7. Improvised step stool
8. Armrest support
9. Bookend for other books
10. Heat source (in camping scenarios)",qwen3.6-27b,Bookend for other books,0.47919613122940063,0.9944444444444445,
qwen/qwen3.6-27b,Alternative Uses Task,"List exactly 10 alternative, uncommon uses for the following object. Provide only a numbered list (1-10), with one use per line and no explanations.",Book,Conventional,"Task: List exactly 10 alternative, uncommon uses for the following object. Provide only a numbered list (1-10), with one use per line and no explanations.
Target: Book
Condition: Be conventional.","
1. Doorstop
2. Coaster
3. Paperweight
4. Pillow under the head while reading
5. Stand for a tablet or phone
6. Weight to hold down loose papers
7. Improvised step stool
8. Armrest support
9. Bookend for other books
10. Heat source (in camping scenarios)",qwen3.6-27b,Heat source (in camping scenarios),0.920045018196106,0.9944444444444445,
qwen/qwen3.6-27b,Alternative Uses Task,"List exactly 10 alternative, uncommon uses for the following object. Provide only a numbered list (1-10), with one use per line and no explanations.",Fork,Standard,"Task: List exactly 10 alternative, uncommon uses for the following object. Provide only a numbered list (1-10), with one use per line and no explanations.
Target: Fork","
1. Crafting intricate wire art sculptures
2. Serving as a primitive compass needle when magnetized
3. Acting as a makeshift loom for weaving small fabric samples
4. Functioning as a tensioner for guitar strings during emergency repairs
5. Creating embossed patterns in clay or dough
6. Serving as a pick for stringed instruments like ukuleles
7. Acting as a heat sink to cool hot liquids quickly by stirring
8. Functioning as a makeshift scraper for removing dried paint from brushes
9. Serving as a gauge for checking soil moisture depth in gardening
10. Acting as a decorative handle for small jewelry displays",qwen3.6-27b,Crafting intricate wire art sculptures,0.8575096130371094,0.995,
qwen/qwen3.6-27b,Alternative Uses Task,"List exactly 10 alternative, uncommon uses for the following object. Provide only a numbered list (1-10), with one use per line and no explanations.",Fork,Standard,"Task: List exactly 10 alternative, uncommon uses for the following object. Provide only a numbered list (1-10), with one use per line and no explanations.
Target: Fork","
1. Crafting intricate wire art sculptures
2. Serving as a primitive compass needle when magnetized
3. Acting as a makeshift loom for weaving small fabric samples
4. Functioning as a tensioner for guitar strings during emergency repairs
5. Creating embossed patterns in clay or dough
6. Serving as a pick for stringed instruments like ukuleles
7. Acting as a heat sink to cool hot liquids quickly by stirring
8. Functioning as a makeshift scraper for removing dried paint from brushes
9. Serving as a gauge for checking soil moisture depth in gardening
10. Acting as a decorative handle for small jewelry displays",qwen3.6-27b,Serving as a primitive compass needle when magnetized,0.8750605583190918,0.995,
qwen/qwen3.6-27b,Alternative Uses Task,"List exactly 10 alternative, uncommon uses for the following object. Provide only a numbered list (1-10), with one use per line and no explanations.",Fork,Standard,"Task: List exactly 10 alternative, uncommon uses for the following object. Provide only a numbered list (1-10), with one use per line and no explanations.
Target: Fork","
1. Crafting intricate wire art sculptures
2. Serving as a primitive compass needle when magnetized
3. Acting as a makeshift loom for weaving small fabric samples
4. Functioning as a tensioner for guitar strings during emergency repairs
5. Creating embossed patterns in clay or dough
6. Serving as a pick for stringed instruments like ukuleles
7. Acting as a heat sink to cool hot liquids quickly by stirring
8. Functioning as a makeshift scraper for removing dried paint from brushes
9. Serving as a gauge for checking soil moisture depth in gardening
10. Acting as a decorative handle for small jewelry displays",qwen3.6-27b,Acting as a makeshift loom for weaving small fabric samples,0.9724259376525879,0.995,
qwen/qwen3.6-27b,Alternative Uses Task,"List exactly 10 alternative, uncommon uses for the following object. Provide only a numbered list (1-10), with one use per line and no explanations.",Fork,Standard,"Task: List exactly 10 alternative, uncommon uses for the following object. Provide only a numbered list (1-10), with one use per line and no explanations.
Target: Fork","
1. Crafting intricate wire art sculptures
2. Serving as a primitive compass needle when magnetized
3. Acting as a makeshift loom for weaving small fabric samples
4. Functioning as a tensioner for guitar strings during emergency repairs
5. Creating embossed patterns in clay or dough
6. Serving as a pick for stringed instruments like ukuleles
7. Acting as a heat sink to cool hot liquids quickly by stirring
8. Functioning as a makeshift scraper for removing dried paint from brushes
9. Serving as a gauge for checking soil moisture depth in gardening
10. Acting as a decorative handle for small jewelry displays",qwen3.6-27b,Functioning as a tensioner for guitar strings during emergency repairs,0.9834689497947693,0.995,
qwen/qwen3.6-27b,Alternative Uses Task,"List exactly 10 alternative, uncommon uses for the following object. Provide only a numbered list (1-10), with one use per line and no explanations.",Fork,Standard,"Task: List exactly 10 alternative, uncommon uses for the following object. Provide only a numbered list (1-10), with one use per line and no explanations.
Target: Fork","
1. Crafting intricate wire art sculptures
2. Serving as a primitive compass needle when magnetized
3. Acting as a makeshift loom for weaving small fabric samples
4. Functioning as a tensioner for guitar strings during emergency repairs
5. Creating embossed patterns in clay or dough
6. Serving as a pick for stringed instruments like ukuleles
7. Acting as a heat sink to cool hot liquids quickly by stirring
8. Functioning as a makeshift scraper for removing dried paint from brushes
9. Serving as a gauge for checking soil moisture depth in gardening
10. Acting as a decorative handle for small jewelry displays",qwen3.6-27b,Creating embossed patterns in clay or dough,0.9283155798912048,0.995,
qwen/qwen3.6-27b,Alternative Uses Task,"List exactly 10 alternative, uncommon uses for the following object. Provide only a numbered list (1-10), with one use per line and no explanations.",Fork,Standard,"Task: List exactly 10 alternative, uncommon uses for the following object. Provide only a numbered list (1-10), with one use per line and no explanations.
Target: Fork","
1. Crafting intricate wire art sculptures
2. Serving as a primitive compass needle when magnetized
3. Acting as a makeshift loom for weaving small fabric samples
4. Functioning as a tensioner for guitar strings during emergency repairs
5. Creating embossed patterns in clay or dough
6. Serving as a pick for stringed instruments like ukuleles
7. Acting as a heat sink to cool hot liquids quickly by stirring
8. Functioning as a makeshift scraper for removing dried paint from brushes
9. Serving as a gauge for checking soil moisture depth in gardening
10. Acting as a decorative handle for small jewelry displays",qwen3.6-27b,Serving as a pick for stringed instruments like ukuleles,0.9066939949989319,0.995,
qwen/qwen3.6-27b,Alternative Uses Task,"List exactly 10 alternative, uncommon uses for the following object. Provide only a numbered list (1-10), with one use per line and no explanations.",Fork,Standard,"Task: List exactly 10 alternative, uncommon uses for the following object. Provide only a numbered list (1-10), with one use per line and no explanations.
Target: Fork","
1. Crafting intricate wire art sculptures
2. Serving as a primitive compass needle when magnetized
3. Acting as a makeshift loom for weaving small fabric samples
4. Functioning as a tensioner for guitar strings during emergency repairs
5. Creating embossed patterns in clay or dough
6. Serving as a pick for stringed instruments like ukuleles
7. Acting as a heat sink to cool hot liquids quickly by stirring
8. Functioning as a makeshift scraper for removing dried paint from brushes
9. Serving as a gauge for checking soil moisture depth in gardening
10. Acting as a decorative handle for small jewelry displays",qwen3.6-27b,Acting as a heat sink to cool hot liquids quickly by stirring,0.8636423945426941,0.995,
qwen/qwen3.6-27b,Alternative Uses Task,"List exactly 10 alternative, uncommon uses for the following object. Provide only a numbered list (1-10), with one use per line and no explanations.",Fork,Standard,"Task: List exactly 10 alternative, uncommon uses for the following object. Provide only a numbered list (1-10), with one use per line and no explanations.
Target: Fork","
1. Crafting intricate wire art sculptures
2. Serving as a primitive compass needle when magnetized
3. Acting as a makeshift loom for weaving small fabric samples
4. Functioning as a tensioner for guitar strings during emergency repairs
5. Creating embossed patterns in clay or dough
6. Serving as a pick for stringed instruments like ukuleles
7. Acting as a heat sink to cool hot liquids quickly by stirring
8. Functioning as a makeshift scraper for removing dried paint from brushes
9. Serving as a gauge for checking soil moisture depth in gardening
10. Acting as a decorative handle for small jewelry displays",qwen3.6-27b,Functioning as a makeshift scraper for removing dried paint from brushes,0.9074659943580627,0.995,
qwen/qwen3.6-27b,Alternative Uses Task,"List exactly 10 alternative, uncommon uses for the following object. Provide only a numbered list (1-10), with one use per line and no explanations.",Fork,Standard,"Task: List exactly 10 alternative, uncommon uses for the following object. Provide only a numbered list (1-10), with one use per line and no explanations.
Target: Fork","
1. Crafting intricate wire art sculptures
2. Serving as a primitive compass needle when magnetized
3. Acting as a makeshift loom for weaving small fabric samples
4. Functioning as a tensioner for guitar strings during emergency repairs
5. Creating embossed patterns in clay or dough
6. Serving as a pick for stringed instruments like ukuleles
7. Acting as a heat sink to cool hot liquids quickly by stirring
8. Functioning as a makeshift scraper for removing dried paint from brushes
9. Serving as a gauge for checking soil moisture depth in gardening
10. Acting as a decorative handle for small jewelry displays",qwen3.6-27b,Serving as a gauge for checking soil moisture depth in gardening,0.9550195336341858,0.995,
qwen/qwen3.6-27b,Alternative Uses Task,"List exactly 10 alternative, uncommon uses for the following object. Provide only a numbered list (1-10), with one use per line and no explanations.",Fork,Standard,"Task: List exactly 10 alternative, uncommon uses for the following object. Provide only a numbered list (1-10), with one use per line and no explanations.
Target: Fork","
1. Crafting intricate wire art sculptures
2. Serving as a primitive compass needle when magnetized
3. Acting as a makeshift loom for weaving small fabric samples
4. Functioning as a tensioner for guitar strings during emergency repairs
5. Creating embossed patterns in clay or dough
6. Serving as a pick for stringed instruments like ukuleles
7. Acting as a heat sink to cool hot liquids quickly by stirring
8. Functioning as a makeshift scraper for removing dried paint from brushes
9. Serving as a gauge for checking soil moisture depth in gardening
10. Acting as a decorative handle for small jewelry displays",qwen3.6-27b,Acting as a decorative handle for small jewelry displays,0.858052670955658,0.995,
qwen/qwen3.6-27b,Alternative Uses Task,"List exactly 10 alternative, uncommon uses for the following object. Provide only a numbered list (1-10), with one use per line and no explanations.",Fork,Creative,"Task: List exactly 10 alternative, uncommon uses for the following object. Provide only a numbered list (1-10), with one use per line and no explanations.
Target: Fork
Condition: Be creative.","
1. Temporary plant trellis for climbing seedlings
2. DIY embroidery hoop tensioner
3. Improvised guitar string pickguard
4. Compact emergency hair styling tool
5. Miniature bookshelf for paper-thin cards
6. Homemade meat tenderizer for thin cuts
7. Emergency snow traction device for hiking boots
8. Customizable soap cutter for artisan bars
9. Low-tech circuit board probe for conductivity tests
10. Improvised loom shuttle for weaving small rugs",qwen3.6-27b,Temporary plant trellis for climbing seedlings,0.8977223038673401,0.995,
qwen/qwen3.6-27b,Alternative Uses Task,"List exactly 10 alternative, uncommon uses for the following object. Provide only a numbered list (1-10), with one use per line and no explanations.",Fork,Creative,"Task: List exactly 10 alternative, uncommon uses for the following object. Provide only a numbered list (1-10), with one use per line and no explanations.
Target: Fork
Condition: Be creative.","
1. Temporary plant trellis for climbing seedlings
2. DIY embroidery hoop tensioner
3. Improvised guitar string pickguard
4. Compact emergency hair styling tool
5. Miniature bookshelf for paper-thin cards
6. Homemade meat tenderizer for thin cuts
7. Emergency snow traction device for hiking boots
8. Customizable soap cutter for artisan bars
9. Low-tech circuit board probe for conductivity tests
10. Improvised loom shuttle for weaving small rugs",qwen3.6-27b,DIY embroidery hoop tensioner,0.9020140171051025,0.995,
qwen/qwen3.6-27b,Alternative Uses Task,"List exactly 10 alternative, uncommon uses for the following object. Provide only a numbered list (1-10), with one use per line and no explanations.",Fork,Creative,"Task: List exactly 10 alternative, uncommon uses for the following object. Provide only a numbered list (1-10), with one use per line and no explanations.
Target: Fork
Condition: Be creative.","
1. Temporary plant trellis for climbing seedlings
2. DIY embroidery hoop tensioner
3. Improvised guitar string pickguard
4. Compact emergency hair styling tool
5. Miniature bookshelf for paper-thin cards
6. Homemade meat tenderizer for thin cuts
7. Emergency snow traction device for hiking boots
8. Customizable soap cutter for artisan bars
9. Low-tech circuit board probe for conductivity tests
10. Improvised loom shuttle for weaving small rugs",qwen3.6-27b,Improvised guitar string pickguard,0.8208839893341064,0.995,
qwen/qwen3.6-27b,Alternative Uses Task,"List exactly 10 alternative, uncommon uses for the following object. Provide only a numbered list (1-10), with one use per line and no explanations.",Fork,Creative,"Task: List exactly 10 alternative, uncommon uses for the following object. Provide only a numbered list (1-10), with one use per line and no explanations.
Target: Fork
Condition: Be creative.","
1. Temporary plant trellis for climbing seedlings
2. DIY embroidery hoop tensioner
3. Improvised guitar string pickguard
4. Compact emergency hair styling tool
5. Miniature bookshelf for paper-thin cards
6. Homemade meat tenderizer for thin cuts
7. Emergency snow traction device for hiking boots
8. Customizable soap cutter for artisan bars
9. Low-tech circuit board probe for conductivity tests
10. Improvised loom shuttle for weaving small rugs",qwen3.6-27b,Compact emergency hair styling tool,0.9153428673744202,0.995,
qwen/qwen3.6-27b,Alternative Uses Task,"List exactly 10 alternative, uncommon uses for the following object. Provide only a numbered list (1-10), with one use per line and no explanations.",Fork,Creative,"Task: List exactly 10 alternative, uncommon uses for the following object. Provide only a numbered list (1-10), with one use per line and no explanations.
Target: Fork
Condition: Be creative.","
1. Temporary plant trellis for climbing seedlings
2. DIY embroidery hoop tensioner
3. Improvised guitar string pickguard
4. Compact emergency hair styling tool
5. Miniature bookshelf for paper-thin cards
6. Homemade meat tenderizer for thin cuts
7. Emergency snow traction device for hiking boots
8. Customizable soap cutter for artisan bars
9. Low-tech circuit board probe for conductivity tests
10. Improvised loom shuttle for weaving small rugs",qwen3.6-27b,Miniature bookshelf for paper-thin cards,0.9542522430419922,0.995,
qwen/qwen3.6-27b,Alternative Uses Task,"List exactly 10 alternative, uncommon uses for the following object. Provide only a numbered list (1-10), with one use per line and no explanations.",Fork,Creative,"Task: List exactly 10 alternative, uncommon uses for the following object. Provide only a numbered list (1-10), with one use per line and no explanations.
Target: Fork
Condition: Be creative.","
1. Temporary plant trellis for climbing seedlings
2. DIY embroidery hoop tensioner
3. Improvised guitar string pickguard
4. Compact emergency hair styling tool
5. Miniature bookshelf for paper-thin cards
6. Homemade meat tenderizer for thin cuts
7. Emergency snow traction device for hiking boots
8. Customizable soap cutter for artisan bars
9. Low-tech circuit board probe for conductivity tests
10. Improvised loom shuttle for weaving small rugs",qwen3.6-27b,Homemade meat tenderizer for thin cuts,0.8587477207183838,0.995,
qwen/qwen3.6-27b,Alternative Uses Task,"List exactly 10 alternative, uncommon uses for the following object. Provide only a numbered list (1-10), with one use per line and no explanations.",Fork,Creative,"Task: List exactly 10 alternative, uncommon uses for the following object. Provide only a numbered list (1-10), with one use per line and no explanations.
Target: Fork
Condition: Be creative.","
1. Temporary plant trellis for climbing seedlings
2. DIY embroidery hoop tensioner
3. Improvised guitar string pickguard
4. Compact emergency hair styling tool
5. Miniature bookshelf for paper-thin cards
6. Homemade meat tenderizer for thin cuts
7. Emergency snow traction device for hiking boots
8. Customizable soap cutter for artisan bars
9. Low-tech circuit board probe for conductivity tests
10. Improvised loom shuttle for weaving small rugs",qwen3.6-27b,Emergency snow traction device for hiking boots,0.9422800540924072,0.995,
qwen/qwen3.6-27b,Alternative Uses Task,"List exactly 10 alternative, uncommon uses for the following object. Provide only a numbered list (1-10), with one use per line and no explanations.",Fork,Creative,"Task: List exactly 10 alternative, uncommon uses for the following object. Provide only a numbered list (1-10), with one use per line and no explanations.
Target: Fork
Condition: Be creative.","
1. Temporary plant trellis for climbing seedlings
2. DIY embroidery hoop tensioner
3. Improvised guitar string pickguard
4. Compact emergency hair styling tool
5. Miniature bookshelf for paper-thin cards
6. Homemade meat tenderizer for thin cuts
7. Emergency snow traction device for hiking boots
8. Customizable soap cutter for artisan bars
9. Low-tech circuit board probe for conductivity tests
10. Improvised loom shuttle for weaving small rugs",qwen3.6-27b,Customizable soap cutter for artisan bars,0.9218839406967163,0.995,
qwen/qwen3.6-27b,Alternative Uses Task,"List exactly 10 alternative, uncommon uses for the following object. Provide only a numbered list (1-10), with one use per line and no explanations.",Fork,Creative,"Task: List exactly 10 alternative, uncommon uses for the following object. Provide only a numbered list (1-10), with one use per line and no explanations.
Target: Fork
Condition: Be creative.","
1. Temporary plant trellis for climbing seedlings
2. DIY embroidery hoop tensioner
3. Improvised guitar string pickguard
4. Compact emergency hair styling tool
5. Miniature bookshelf for paper-thin cards
6. Homemade meat tenderizer for thin cuts
7. Emergency snow traction device for hiking boots
8. Customizable soap cutter for artisan bars
9. Low-tech circuit board probe for conductivity tests
10. Improvised loom shuttle for weaving small rugs",qwen3.6-27b,Low-tech circuit board probe for conductivity tests,0.9834175109863281,0.995,
qwen/qwen3.6-27b,Alternative Uses Task,"List exactly 10 alternative, uncommon uses for the following object. Provide only a numbered list (1-10), with one use per line and no explanations.",Fork,Creative,"Task: List exactly 10 alternative, uncommon uses for the following object. Provide only a numbered list (1-10), with one use per line and no explanations.
Target: Fork
Condition: Be creative.","
1. Temporary plant trellis for climbing seedlings
2. DIY embroidery hoop tensioner
3. Improvised guitar string pickguard
4. Compact emergency hair styling tool
5. Miniature bookshelf for paper-thin cards
6. Homemade meat tenderizer for thin cuts
7. Emergency snow traction device for hiking boots
8. Customizable soap cutter for artisan bars
9. Low-tech circuit board probe for conductivity tests
10. Improvised loom shuttle for weaving small rugs",qwen3.6-27b,Improvised loom shuttle for weaving small rugs,1.0128788948059082,0.995,
qwen/qwen3.6-27b,Alternative Uses Task,"List exactly 10 alternative, uncommon uses for the following object. Provide only a numbered list (1-10), with one use per line and no explanations.",Fork,Effective,"Task: List exactly 10 alternative, uncommon uses for the following object. Provide only a numbered list (1-10), with one use per line and no explanations.
Target: Fork
Condition: Be effective.","
1. Scrubbing burnt-on food from the bottom of pots and pans
2. A makeshift file for smoothing rough edges on wood or plastic
3. Loosening compacted soil around delicate plant roots during repotting
4. Creating textured patterns in clay or dough for decorative effects
5. Separating tangled yarn or thread without cutting them
6. Acting as a tensioner to keep a rope or cable taut in a pinch
7. Scouring rust off metal surfaces using the tines as abrasive points
8. Measuring small amounts of liquid by filling the bowl of the fork
9. Picking up small screws or nails from a workbench by wedging them between tines
10. Creating uniform holes in dough or clay for ventilation or design",qwen3.6-27b,Scrubbing burnt-on food from the bottom of pots and pans,0.9442057013511658,0.995,
qwen/qwen3.6-27b,Alternative Uses Task,"List exactly 10 alternative, uncommon uses for the following object. Provide only a numbered list (1-10), with one use per line and no explanations.",Fork,Effective,"Task: List exactly 10 alternative, uncommon uses for the following object. Provide only a numbered list (1-10), with one use per line and no explanations.
Target: Fork
Condition: Be effective.","
1. Scrubbing burnt-on food from the bottom of pots and pans
2. A makeshift file for smoothing rough edges on wood or plastic
3. Loosening compacted soil around delicate plant roots during repotting
4. Creating textured patterns in clay or dough for decorative effects
5. Separating tangled yarn or thread without cutting them
6. Acting as a tensioner to keep a rope or cable taut in a pinch
7. Scouring rust off metal surfaces using the tines as abrasive points
8. Measuring small amounts of liquid by filling the bowl of the fork
9. Picking up small screws or nails from a workbench by wedging them between tines
10. Creating uniform holes in dough or clay for ventilation or design",qwen3.6-27b,A makeshift file for smoothing rough edges on wood or plastic,0.9072962403297424,0.995,
qwen/qwen3.6-27b,Alternative Uses Task,"List exactly 10 alternative, uncommon uses for the following object. Provide only a numbered list (1-10), with one use per line and no explanations.",Fork,Effective,"Task: List exactly 10 alternative, uncommon uses for the following object. Provide only a numbered list (1-10), with one use per line and no explanations.
Target: Fork
Condition: Be effective.","
1. Scrubbing burnt-on food from the bottom of pots and pans
2. A makeshift file for smoothing rough edges on wood or plastic
3. Loosening compacted soil around delicate plant roots during repotting
4. Creating textured patterns in clay or dough for decorative effects
5. Separating tangled yarn or thread without cutting them
6. Acting as a tensioner to keep a rope or cable taut in a pinch
7. Scouring rust off metal surfaces using the tines as abrasive points
8. Measuring small amounts of liquid by filling the bowl of the fork
9. Picking up small screws or nails from a workbench by wedging them between tines
10. Creating uniform holes in dough or clay for ventilation or design",qwen3.6-27b,Loosening compacted soil around delicate plant roots during repotting,0.9675849676132202,0.995,
qwen/qwen3.6-27b,Alternative Uses Task,"List exactly 10 alternative, uncommon uses for the following object. Provide only a numbered list (1-10), with one use per line and no explanations.",Fork,Effective,"Task: List exactly 10 alternative, uncommon uses for the following object. Provide only a numbered list (1-10), with one use per line and no explanations.
Target: Fork
Condition: Be effective.","
1. Scrubbing burnt-on food from the bottom of pots and pans
2. A makeshift file for smoothing rough edges on wood or plastic
3. Loosening compacted soil around delicate plant roots during repotting
4. Creating textured patterns in clay or dough for decorative effects
5. Separating tangled yarn or thread without cutting them
6. Acting as a tensioner to keep a rope or cable taut in a pinch
7. Scouring rust off metal surfaces using the tines as abrasive points
8. Measuring small amounts of liquid by filling the bowl of the fork
9. Picking up small screws or nails from a workbench by wedging them between tines
10. Creating uniform holes in dough or clay for ventilation or design",qwen3.6-27b,Creating textured patterns in clay or dough for decorative effects,1.0005192756652832,0.995,
qwen/qwen3.6-27b,Alternative Uses Task,"List exactly 10 alternative, uncommon uses for the following object. Provide only a numbered list (1-10), with one use per line and no explanations.",Fork,Effective,"Task: List exactly 10 alternative, uncommon uses for the following object. Provide only a numbered list (1-10), with one use per line and no explanations.
Target: Fork
Condition: Be effective.","
1. Scrubbing burnt-on food from the bottom of pots and pans
2. A makeshift file for smoothing rough edges on wood or plastic
3. Loosening compacted soil around delicate plant roots during repotting
4. Creating textured patterns in clay or dough for decorative effects
5. Separating tangled yarn or thread without cutting them
6. Acting as a tensioner to keep a rope or cable taut in a pinch
7. Scouring rust off metal surfaces using the tines as abrasive points
8. Measuring small amounts of liquid by filling the bowl of the fork
9. Picking up small screws or nails from a workbench by wedging them between tines
10. Creating uniform holes in dough or clay for ventilation or design",qwen3.6-27b,Separating tangled yarn or thread without cutting them,0.8647622466087341,0.995,
qwen/qwen3.6-27b,Alternative Uses Task,"List exactly 10 alternative, uncommon uses for the following object. Provide only a numbered list (1-10), with one use per line and no explanations.",Fork,Effective,"Task: List exactly 10 alternative, uncommon uses for the following object. Provide only a numbered list (1-10), with one use per line and no explanations.
Target: Fork
Condition: Be effective.","
1. Scrubbing burnt-on food from the bottom of pots and pans
2. A makeshift file for smoothing rough edges on wood or plastic
3. Loosening compacted soil around delicate plant roots during repotting
4. Creating textured patterns in clay or dough for decorative effects
5. Separating tangled yarn or thread without cutting them
6. Acting as a tensioner to keep a rope or cable taut in a pinch
7. Scouring rust off metal surfaces using the tines as abrasive points
8. Measuring small amounts of liquid by filling the bowl of the fork
9. Picking up small screws or nails from a workbench by wedging them between tines
10. Creating uniform holes in dough or clay for ventilation or design",qwen3.6-27b,Acting as a tensioner to keep a rope or cable taut in a pinch,0.8837894201278687,0.995,
qwen/qwen3.6-27b,Alternative Uses Task,"List exactly 10 alternative, uncommon uses for the following object. Provide only a numbered list (1-10), with one use per line and no explanations.",Fork,Effective,"Task: List exactly 10 alternative, uncommon uses for the following object. Provide only a numbered list (1-10), with one use per line and no explanations.
Target: Fork
Condition: Be effective.","
1. Scrubbing burnt-on food from the bottom of pots and pans
2. A makeshift file for smoothing rough edges on wood or plastic
3. Loosening compacted soil around delicate plant roots during repotting
4. Creating textured patterns in clay or dough for decorative effects
5. Separating tangled yarn or thread without cutting them
6. Acting as a tensioner to keep a rope or cable taut in a pinch
7. Scouring rust off metal surfaces using the tines as abrasive points
8. Measuring small amounts of liquid by filling the bowl of the fork
9. Picking up small screws or nails from a workbench by wedging them between tines
10. Creating uniform holes in dough or clay for ventilation or design",qwen3.6-27b,Scouring rust off metal surfaces using the tines as abrasive points,0.9223526120185852,0.995,
qwen/qwen3.6-27b,Alternative Uses Task,"List exactly 10 alternative, uncommon uses for the following object. Provide only a numbered list (1-10), with one use per line and no explanations.",Fork,Effective,"Task: List exactly 10 alternative, uncommon uses for the following object. Provide only a numbered list (1-10), with one use per line and no explanations.
Target: Fork
Condition: Be effective.","
1. Scrubbing burnt-on food from the bottom of pots and pans
2. A makeshift file for smoothing rough edges on wood or plastic
3. Loosening compacted soil around delicate plant roots during repotting
4. Creating textured patterns in clay or dough for decorative effects
5. Separating tangled yarn or thread without cutting them
6. Acting as a tensioner to keep a rope or cable taut in a pinch
7. Scouring rust off metal surfaces using the tines as abrasive points
8. Measuring small amounts of liquid by filling the bowl of the fork
9. Picking up small screws or nails from a workbench by wedging them between tines
10. Creating uniform holes in dough or clay for ventilation or design",qwen3.6-27b,Measuring small amounts of liquid by filling the bowl of the fork,0.6503170132637024,0.995,
qwen/qwen3.6-27b,Alternative Uses Task,"List exactly 10 alternative, uncommon uses for the following object. Provide only a numbered list (1-10), with one use per line and no explanations.",Fork,Effective,"Task: List exactly 10 alternative, uncommon uses for the following object. Provide only a numbered list (1-10), with one use per line and no explanations.
Target: Fork
Condition: Be effective.","
1. Scrubbing burnt-on food from the bottom of pots and pans
2. A makeshift file for smoothing rough edges on wood or plastic
3. Loosening compacted soil around delicate plant roots during repotting
4. Creating textured patterns in clay or dough for decorative effects
5. Separating tangled yarn or thread without cutting them
6. Acting as a tensioner to keep a rope or cable taut in a pinch
7. Scouring rust off metal surfaces using the tines as abrasive points
8. Measuring small amounts of liquid by filling the bowl of the fork
9. Picking up small screws or nails from a workbench by wedging them between tines
10. Creating uniform holes in dough or clay for ventilation or design",qwen3.6-27b,Picking up small screws or nails from a workbench by wedging them between tines,0.9212479591369629,0.995,
qwen/qwen3.6-27b,Alternative Uses Task,"List exactly 10 alternative, uncommon uses for the following object. Provide only a numbered list (1-10), with one use per line and no explanations.",Fork,Effective,"Task: List exactly 10 alternative, uncommon uses for the following object. Provide only a numbered list (1-10), with one use per line and no explanations.
Target: Fork
Condition: Be effective.","
1. Scrubbing burnt-on food from the bottom of pots and pans
2. A makeshift file for smoothing rough edges on wood or plastic
3. Loosening compacted soil around delicate plant roots during repotting
4. Creating textured patterns in clay or dough for decorative effects
5. Separating tangled yarn or thread without cutting them
6. Acting as a tensioner to keep a rope or cable taut in a pinch
7. Scouring rust off metal surfaces using the tines as abrasive points
8. Measuring small amounts of liquid by filling the bowl of the fork
9. Picking up small screws or nails from a workbench by wedging them between tines
10. Creating uniform holes in dough or clay for ventilation or design",qwen3.6-27b,Creating uniform holes in dough or clay for ventilation or design,0.972212553024292,0.995,
qwen/qwen3.6-27b,Alternative Uses Task,"List exactly 10 alternative, uncommon uses for the following object. Provide only a numbered list (1-10), with one use per line and no explanations.",Fork,Boring,"Task: List exactly 10 alternative, uncommon uses for the following object. Provide only a numbered list (1-10), with one use per line and no explanations.
Target: Fork
Condition: Be boring.","
1. Stirring cold soup
2. Lifting pasta from boiling water
3. Holding a piece of bread
4. Scooping ice cream slowly
5. Flipping a pancake
6. Eating a salad
7. Picking up a grape
8. Holding open a plastic bag
9. Testing if food is cooked
10. Cutting a small apple",qwen3.6-27b,Stirring cold soup,0.8414293527603149,0.995,
qwen/qwen3.6-27b,Alternative Uses Task,"List exactly 10 alternative, uncommon uses for the following object. Provide only a numbered list (1-10), with one use per line and no explanations.",Fork,Boring,"Task: List exactly 10 alternative, uncommon uses for the following object. Provide only a numbered list (1-10), with one use per line and no explanations.
Target: Fork
Condition: Be boring.","
1. Stirring cold soup
2. Lifting pasta from boiling water
3. Holding a piece of bread
4. Scooping ice cream slowly
5. Flipping a pancake
6. Eating a salad
7. Picking up a grape
8. Holding open a plastic bag
9. Testing if food is cooked
10. Cutting a small apple",qwen3.6-27b,Lifting pasta from boiling water,0.8231223821640015,0.995,
qwen/qwen3.6-27b,Alternative Uses Task,"List exactly 10 alternative, uncommon uses for the following object. Provide only a numbered list (1-10), with one use per line and no explanations.",Fork,Boring,"Task: List exactly 10 alternative, uncommon uses for the following object. Provide only a numbered list (1-10), with one use per line and no explanations.
Target: Fork
Condition: Be boring.","
1. Stirring cold soup
2. Lifting pasta from boiling water
3. Holding a piece of bread
4. Scooping ice cream slowly
5. Flipping a pancake
6. Eating a salad
7. Picking up a grape
8. Holding open a plastic bag
9. Testing if food is cooked
10. Cutting a small apple",qwen3.6-27b,Holding a piece of bread,0.8162859082221985,0.995,
qwen/qwen3.6-27b,Alternative Uses Task,"List exactly 10 alternative, uncommon uses for the following object. Provide only a numbered list (1-10), with one use per line and no explanations.",Fork,Boring,"Task: List exactly 10 alternative, uncommon uses for the following object. Provide only a numbered list (1-10), with one use per line and no explanations.
Target: Fork
Condition: Be boring.","
1. Stirring cold soup
2. Lifting pasta from boiling water
3. Holding a piece of bread
4. Scooping ice cream slowly
5. Flipping a pancake
6. Eating a salad
7. Picking up a grape
8. Holding open a plastic bag
9. Testing if food is cooked
10. Cutting a small apple",qwen3.6-27b,Scooping ice cream slowly,0.8339563608169556,0.995,
qwen/qwen3.6-27b,Alternative Uses Task,"List exactly 10 alternative, uncommon uses for the following object. Provide only a numbered list (1-10), with one use per line and no explanations.",Fork,Boring,"Task: List exactly 10 alternative, uncommon uses for the following object. Provide only a numbered list (1-10), with one use per line and no explanations.
Target: Fork
Condition: Be boring.","
1. Stirring cold soup
2. Lifting pasta from boiling water
3. Holding a piece of bread
4. Scooping ice cream slowly
5. Flipping a pancake
6. Eating a salad
7. Picking up a grape
8. Holding open a plastic bag
9. Testing if food is cooked
10. Cutting a small apple",qwen3.6-27b,Flipping a pancake,0.7594871520996094,0.995,
qwen/qwen3.6-27b,Alternative Uses Task,"List exactly 10 alternative, uncommon uses for the following object. Provide only a numbered list (1-10), with one use per line and no explanations.",Fork,Boring,"Task: List exactly 10 alternative, uncommon uses for the following object. Provide only a numbered list (1-10), with one use per line and no explanations.
Target: Fork
Condition: Be boring.","
1. Stirring cold soup
2. Lifting pasta from boiling water
3. Holding a piece of bread
4. Scooping ice cream slowly
5. Flipping a pancake
6. Eating a salad
7. Picking up a grape
8. Holding open a plastic bag
9. Testing if food is cooked
10. Cutting a small apple",qwen3.6-27b,Eating a salad,0.7566835284233093,0.995,
qwen/qwen3.6-27b,Alternative Uses Task,"List exactly 10 alternative, uncommon uses for the following object. Provide only a numbered list (1-10), with one use per line and no explanations.",Fork,Boring,"Task: List exactly 10 alternative, uncommon uses for the following object. Provide only a numbered list (1-10), with one use per line and no explanations.
Target: Fork
Condition: Be boring.","
1. Stirring cold soup
2. Lifting pasta from boiling water
3. Holding a piece of bread
4. Scooping ice cream slowly
5. Flipping a pancake
6. Eating a salad
7. Picking up a grape
8. Holding open a plastic bag
9. Testing if food is cooked
10. Cutting a small apple",qwen3.6-27b,Picking up a grape,0.7324503064155579,0.995,
qwen/qwen3.6-27b,Alternative Uses Task,"List exactly 10 alternative, uncommon uses for the following object. Provide only a numbered list (1-10), with one use per line and no explanations.",Fork,Boring,"Task: List exactly 10 alternative, uncommon uses for the following object. Provide only a numbered list (1-10), with one use per line and no explanations.
Target: Fork
Condition: Be boring.","
1. Stirring cold soup
2. Lifting pasta from boiling water
3. Holding a piece of bread
4. Scooping ice cream slowly
5. Flipping a pancake
6. Eating a salad
7. Picking up a grape
8. Holding open a plastic bag
9. Testing if food is cooked
10. Cutting a small apple",qwen3.6-27b,Holding open a plastic bag,0.8699607253074646,0.995,
qwen/qwen3.6-27b,Alternative Uses Task,"List exactly 10 alternative, uncommon uses for the following object. Provide only a numbered list (1-10), with one use per line and no explanations.",Fork,Boring,"Task: List exactly 10 alternative, uncommon uses for the following object. Provide only a numbered list (1-10), with one use per line and no explanations.
Target: Fork
Condition: Be boring.","
1. Stirring cold soup
2. Lifting pasta from boiling water
3. Holding a piece of bread
4. Scooping ice cream slowly
5. Flipping a pancake
6. Eating a salad
7. Picking up a grape
8. Holding open a plastic bag
9. Testing if food is cooked
10. Cutting a small apple",qwen3.6-27b,Testing if food is cooked,0.9129207134246826,0.995,
qwen/qwen3.6-27b,Alternative Uses Task,"List exactly 10 alternative, uncommon uses for the following object. Provide only a numbered list (1-10), with one use per line and no explanations.",Fork,Boring,"Task: List exactly 10 alternative, uncommon uses for the following object. Provide only a numbered list (1-10), with one use per line and no explanations.
Target: Fork
Condition: Be boring.","
1. Stirring cold soup
2. Lifting pasta from boiling water
3. Holding a piece of bread
4. Scooping ice cream slowly
5. Flipping a pancake
6. Eating a salad
7. Picking up a grape
8. Holding open a plastic bag
9. Testing if food is cooked
10. Cutting a small apple",qwen3.6-27b,Cutting a small apple,0.7674963474273682,0.995,
qwen/qwen3.6-27b,Alternative Uses Task,"List exactly 10 alternative, uncommon uses for the following object. Provide only a numbered list (1-10), with one use per line and no explanations.",Fork,Conventional,"Task: List exactly 10 alternative, uncommon uses for the following object. Provide only a numbered list (1-10), with one use per line and no explanations.
Target: Fork
Condition: Be conventional.","
1. Eating food
2. Mixing ingredients
3. Holding pasta in place
4. Flipping food in a pan
5. Serving salad
6. Poking holes in food to prevent splattering
7. Testing if meat is cooked through
8. Holding a small object steady
9. Scratching an itch
10. Untangling necklaces",qwen3.6-27b,Eating food,0.7331340909004211,0.995,
qwen/qwen3.6-27b,Alternative Uses Task,"List exactly 10 alternative, uncommon uses for the following object. Provide only a numbered list (1-10), with one use per line and no explanations.",Fork,Conventional,"Task: List exactly 10 alternative, uncommon uses for the following object. Provide only a numbered list (1-10), with one use per line and no explanations.
Target: Fork
Condition: Be conventional.","
1. Eating food
2. Mixing ingredients
3. Holding pasta in place
4. Flipping food in a pan
5. Serving salad
6. Poking holes in food to prevent splattering
7. Testing if meat is cooked through
8. Holding a small object steady
9. Scratching an itch
10. Untangling necklaces",qwen3.6-27b,Mixing ingredients,0.8524429798126221,0.995,
qwen/qwen3.6-27b,Alternative Uses Task,"List exactly 10 alternative, uncommon uses for the following object. Provide only a numbered list (1-10), with one use per line and no explanations.",Fork,Conventional,"Task: List exactly 10 alternative, uncommon uses for the following object. Provide only a numbered list (1-10), with one use per line and no explanations.
Target: Fork
Condition: Be conventional.","
1. Eating food
2. Mixing ingredients
3. Holding pasta in place
4. Flipping food in a pan
5. Serving salad
6. Poking holes in food to prevent splattering
7. Testing if meat is cooked through
8. Holding a small object steady
9. Scratching an itch
10. Untangling necklaces",qwen3.6-27b,Holding pasta in place,0.7894455790519714,0.995,
qwen/qwen3.6-27b,Alternative Uses Task,"List exactly 10 alternative, uncommon uses for the following object. Provide only a numbered list (1-10), with one use per line and no explanations.",Fork,Conventional,"Task: List exactly 10 alternative, uncommon uses for the following object. Provide only a numbered list (1-10), with one use per line and no explanations.
Target: Fork
Condition: Be conventional.","
1. Eating food
2. Mixing ingredients
3. Holding pasta in place
4. Flipping food in a pan
5. Serving salad
6. Poking holes in food to prevent splattering
7. Testing if meat is cooked through
8. Holding a small object steady
9. Scratching an itch
10. Untangling necklaces",qwen3.6-27b,Flipping food in a pan,0.7339510321617126,0.995,
qwen/qwen3.6-27b,Alternative Uses Task,"List exactly 10 alternative, uncommon uses for the following object. Provide only a numbered list (1-10), with one use per line and no explanations.",Fork,Conventional,"Task: List exactly 10 alternative, uncommon uses for the following object. Provide only a numbered list (1-10), with one use per line and no explanations.
Target: Fork
Condition: Be conventional.","
1. Eating food
2. Mixing ingredients
3. Holding pasta in place
4. Flipping food in a pan
5. Serving salad
6. Poking holes in food to prevent splattering
7. Testing if meat is cooked through
8. Holding a small object steady
9. Scratching an itch
10. Untangling necklaces",qwen3.6-27b,Serving salad,0.7624267339706421,0.995,
qwen/qwen3.6-27b,Alternative Uses Task,"List exactly 10 alternative, uncommon uses for the following object. Provide only a numbered list (1-10), with one use per line and no explanations.",Fork,Conventional,"Task: List exactly 10 alternative, uncommon uses for the following object. Provide only a numbered list (1-10), with one use per line and no explanations.
Target: Fork
Condition: Be conventional.","
1. Eating food
2. Mixing ingredients
3. Holding pasta in place
4. Flipping food in a pan
5. Serving salad
6. Poking holes in food to prevent splattering
7. Testing if meat is cooked through
8. Holding a small object steady
9. Scratching an itch
10. Untangling necklaces",qwen3.6-27b,Poking holes in food to prevent splattering,0.7573567628860474,0.995,
qwen/qwen3.6-27b,Alternative Uses Task,"List exactly 10 alternative, uncommon uses for the following object. Provide only a numbered list (1-10), with one use per line and no explanations.",Fork,Conventional,"Task: List exactly 10 alternative, uncommon uses for the following object. Provide only a numbered list (1-10), with one use per line and no explanations.
Target: Fork
Condition: Be conventional.","
1. Eating food
2. Mixing ingredients
3. Holding pasta in place
4. Flipping food in a pan
5. Serving salad
6. Poking holes in food to prevent splattering
7. Testing if meat is cooked through
8. Holding a small object steady
9. Scratching an itch
10. Untangling necklaces",qwen3.6-27b,Testing if meat is cooked through,0.8605826497077942,0.995,
qwen/qwen3.6-27b,Alternative Uses Task,"List exactly 10 alternative, uncommon uses for the following object. Provide only a numbered list (1-10), with one use per line and no explanations.",Fork,Conventional,"Task: List exactly 10 alternative, uncommon uses for the following object. Provide only a numbered list (1-10), with one use per line and no explanations.
Target: Fork
Condition: Be conventional.","
1. Eating food
2. Mixing ingredients
3. Holding pasta in place
4. Flipping food in a pan
5. Serving salad
6. Poking holes in food to prevent splattering
7. Testing if meat is cooked through
8. Holding a small object steady
9. Scratching an itch
10. Untangling necklaces",qwen3.6-27b,Holding a small object steady,0.8151077032089233,0.99,
qwen/qwen3.6-27b,Alternative Uses Task,"List exactly 10 alternative, uncommon uses for the following object. Provide only a numbered list (1-10), with one use per line and no explanations.",Fork,Conventional,"Task: List exactly 10 alternative, uncommon uses for the following object. Provide only a numbered list (1-10), with one use per line and no explanations.
Target: Fork
Condition: Be conventional.","
1. Eating food
2. Mixing ingredients
3. Holding pasta in place
4. Flipping food in a pan
5. Serving salad
6. Poking holes in food to prevent splattering
7. Testing if meat is cooked through
8. Holding a small object steady
9. Scratching an itch
10. Untangling necklaces",qwen3.6-27b,Scratching an itch,0.7662128210067749,0.995,
qwen/qwen3.6-27b,Alternative Uses Task,"List exactly 10 alternative, uncommon uses for the following object. Provide only a numbered list (1-10), with one use per line and no explanations.",Fork,Conventional,"Task: List exactly 10 alternative, uncommon uses for the following object. Provide only a numbered list (1-10), with one use per line and no explanations.
Target: Fork
Condition: Be conventional.","
1. Eating food
2. Mixing ingredients
3. Holding pasta in place
4. Flipping food in a pan
5. Serving salad
6. Poking holes in food to prevent splattering
7. Testing if meat is cooked through
8. Holding a small object steady
9. Scratching an itch
10. Untangling necklaces",qwen3.6-27b,Untangling necklaces,0.8664780855178833,0.995,
qwen/qwen3.6-27b,Alternative Uses Task,"List exactly 10 alternative, uncommon uses for the following object. Provide only a numbered list (1-10), with one use per line and no explanations.",Paperclip,Standard,"Task: List exactly 10 alternative, uncommon uses for the following object. Provide only a numbered list (1-10), with one use per line and no explanations.
Target: Paperclip","
1. Reset button for electronic devices
2. Lock pick for simple pin tumbler locks
3. Temporary phone stand
4. DIY nail file for smoothing rough edges
5. Cleaning agent for tight keyboard crevices
6. Emergency zipper pull replacement
7. Miniature screwdriver for small screws
8. Needle threader for sewing projects
9. Cable organizer to bundle loose wires
10. Improvised SIM card ejector tool",qwen3.6-27b,Reset button for electronic devices,0.8612910509109497,0.9946808510638298,
qwen/qwen3.6-27b,Alternative Uses Task,"List exactly 10 alternative, uncommon uses for the following object. Provide only a numbered list (1-10), with one use per line and no explanations.",Paperclip,Standard,"Task: List exactly 10 alternative, uncommon uses for the following object. Provide only a numbered list (1-10), with one use per line and no explanations.
Target: Paperclip","
1. Reset button for electronic devices
2. Lock pick for simple pin tumbler locks
3. Temporary phone stand
4. DIY nail file for smoothing rough edges
5. Cleaning agent for tight keyboard crevices
6. Emergency zipper pull replacement
7. Miniature screwdriver for small screws
8. Needle threader for sewing projects
9. Cable organizer to bundle loose wires
10. Improvised SIM card ejector tool",qwen3.6-27b,Lock pick for simple pin tumbler locks,0.7632766366004944,0.9840425531914894,
qwen/qwen3.6-27b,Alternative Uses Task,"List exactly 10 alternative, uncommon uses for the following object. Provide only a numbered list (1-10), with one use per line and no explanations.",Paperclip,Standard,"Task: List exactly 10 alternative, uncommon uses for the following object. Provide only a numbered list (1-10), with one use per line and no explanations.
Target: Paperclip","
1. Reset button for electronic devices
2. Lock pick for simple pin tumbler locks
3. Temporary phone stand
4. DIY nail file for smoothing rough edges
5. Cleaning agent for tight keyboard crevices
6. Emergency zipper pull replacement
7. Miniature screwdriver for small screws
8. Needle threader for sewing projects
9. Cable organizer to bundle loose wires
10. Improvised SIM card ejector tool",qwen3.6-27b,Temporary phone stand,0.8124440908432007,0.9946808510638298,
qwen/qwen3.6-27b,Alternative Uses Task,"List exactly 10 alternative, uncommon uses for the following object. Provide only a numbered list (1-10), with one use per line and no explanations.",Paperclip,Standard,"Task: List exactly 10 alternative, uncommon uses for the following object. Provide only a numbered list (1-10), with one use per line and no explanations.
Target: Paperclip","
1. Reset button for electronic devices
2. Lock pick for simple pin tumbler locks
3. Temporary phone stand
4. DIY nail file for smoothing rough edges
5. Cleaning agent for tight keyboard crevices
6. Emergency zipper pull replacement
7. Miniature screwdriver for small screws
8. Needle threader for sewing projects
9. Cable organizer to bundle loose wires
10. Improvised SIM card ejector tool",qwen3.6-27b,DIY nail file for smoothing rough edges,0.7341284155845642,0.9946808510638298,
qwen/qwen3.6-27b,Alternative Uses Task,"List exactly 10 alternative, uncommon uses for the following object. Provide only a numbered list (1-10), with one use per line and no explanations.",Paperclip,Standard,"Task: List exactly 10 alternative, uncommon uses for the following object. Provide only a numbered list (1-10), with one use per line and no explanations.
Target: Paperclip","
1. Reset button for electronic devices
2. Lock pick for simple pin tumbler locks
3. Temporary phone stand
4. DIY nail file for smoothing rough edges
5. Cleaning agent for tight keyboard crevices
6. Emergency zipper pull replacement
7. Miniature screwdriver for small screws
8. Needle threader for sewing projects
9. Cable organizer to bundle loose wires
10. Improvised SIM card ejector tool",qwen3.6-27b,Cleaning agent for tight keyboard crevices,0.8219097852706909,0.9946808510638298,
qwen/qwen3.6-27b,Alternative Uses Task,"List exactly 10 alternative, uncommon uses for the following object. Provide only a numbered list (1-10), with one use per line and no explanations.",Paperclip,Standard,"Task: List exactly 10 alternative, uncommon uses for the following object. Provide only a numbered list (1-10), with one use per line and no explanations.
Target: Paperclip","
1. Reset button for electronic devices
2. Lock pick for simple pin tumbler locks
3. Temporary phone stand
4. DIY nail file for smoothing rough edges
5. Cleaning agent for tight keyboard crevices
6. Emergency zipper pull replacement
7. Miniature screwdriver for small screws
8. Needle threader for sewing projects
9. Cable organizer to bundle loose wires
10. Improvised SIM card ejector tool",qwen3.6-27b,Emergency zipper pull replacement,0.8844176530838013,0.9893617021276596,
qwen/qwen3.6-27b,Alternative Uses Task,"List exactly 10 alternative, uncommon uses for the following object. Provide only a numbered list (1-10), with one use per line and no explanations.",Paperclip,Standard,"Task: List exactly 10 alternative, uncommon uses for the following object. Provide only a numbered list (1-10), with one use per line and no explanations.
Target: Paperclip","
1. Reset button for electronic devices
2. Lock pick for simple pin tumbler locks
3. Temporary phone stand
4. DIY nail file for smoothing rough edges
5. Cleaning agent for tight keyboard crevices
6. Emergency zipper pull replacement
7. Miniature screwdriver for small screws
8. Needle threader for sewing projects
9. Cable organizer to bundle loose wires
10. Improvised SIM card ejector tool",qwen3.6-27b,Miniature screwdriver for small screws,0.7823165059089661,0.9787234042553191,
qwen/qwen3.6-27b,Alternative Uses Task,"List exactly 10 alternative, uncommon uses for the following object. Provide only a numbered list (1-10), with one use per line and no explanations.",Paperclip,Standard,"Task: List exactly 10 alternative, uncommon uses for the following object. Provide only a numbered list (1-10), with one use per line and no explanations.
Target: Paperclip","
1. Reset button for electronic devices
2. Lock pick for simple pin tumbler locks
3. Temporary phone stand
4. DIY nail file for smoothing rough edges
5. Cleaning agent for tight keyboard crevices
6. Emergency zipper pull replacement
7. Miniature screwdriver for small screws
8. Needle threader for sewing projects
9. Cable organizer to bundle loose wires
10. Improvised SIM card ejector tool",qwen3.6-27b,Needle threader for sewing projects,0.7960759997367859,0.9946808510638298,
qwen/qwen3.6-27b,Alternative Uses Task,"List exactly 10 alternative, uncommon uses for the following object. Provide only a numbered list (1-10), with one use per line and no explanations.",Paperclip,Standard,"Task: List exactly 10 alternative, uncommon uses for the following object. Provide only a numbered list (1-10), with one use per line and no explanations.
Target: Paperclip","
1. Reset button for electronic devices
2. Lock pick for simple pin tumbler locks
3. Temporary phone stand
4. DIY nail file for smoothing rough edges
5. Cleaning agent for tight keyboard crevices
6. Emergency zipper pull replacement
7. Miniature screwdriver for small screws
8. Needle threader for sewing projects
9. Cable organizer to bundle loose wires
10. Improvised SIM card ejector tool",qwen3.6-27b,Cable organizer to bundle loose wires,0.8164860010147095,0.9946808510638298,
qwen/qwen3.6-27b,Alternative Uses Task,"List exactly 10 alternative, uncommon uses for the following object. Provide only a numbered list (1-10), with one use per line and no explanations.",Paperclip,Standard,"Task: List exactly 10 alternative, uncommon uses for the following object. Provide only a numbered list (1-10), with one use per line and no explanations.
Target: Paperclip","
1. Reset button for electronic devices
2. Lock pick for simple pin tumbler locks
3. Temporary phone stand
4. DIY nail file for smoothing rough edges
5. Cleaning agent for tight keyboard crevices
6. Emergency zipper pull replacement
7. Miniature screwdriver for small screws
8. Needle threader for sewing projects
9. Cable organizer to bundle loose wires
10. Improvised SIM card ejector tool",qwen3.6-27b,Improvised SIM card ejector tool,0.8487299084663391,0.9574468085106383,
qwen/qwen3.6-27b,Alternative Uses Task,"List exactly 10 alternative, uncommon uses for the following object. Provide only a numbered list (1-10), with one use per line and no explanations.",Paperclip,Creative,"Task: List exactly 10 alternative, uncommon uses for the following object. Provide only a numbered list (1-10), with one use per line and no explanations.
Target: Paperclip
Condition: Be creative.","
1. Emergency lock pick for pin-tumbler locks
2. DIY SIM card ejector tool
3. Temporary zipper pull replacement
4. Improvised necklace clasp for delicate chains
5. Miniature screwdriver for tight electronics screws
6. Homemade earring post extender
7. Cable management twist tie for loose wires
8. Improvised fishing hook for small bait
9. Keyboard key stabilizer wedge
10. Needle threader for thick fabrics",qwen3.6-27b,Emergency lock pick for pin-tumbler locks,0.7899831533432007,0.9893617021276596,
qwen/qwen3.6-27b,Alternative Uses Task,"List exactly 10 alternative, uncommon uses for the following object. Provide only a numbered list (1-10), with one use per line and no explanations.",Paperclip,Creative,"Task: List exactly 10 alternative, uncommon uses for the following object. Provide only a numbered list (1-10), with one use per line and no explanations.
Target: Paperclip
Condition: Be creative.","
1. Emergency lock pick for pin-tumbler locks
2. DIY SIM card ejector tool
3. Temporary zipper pull replacement
4. Improvised necklace clasp for delicate chains
5. Miniature screwdriver for tight electronics screws
6. Homemade earring post extender
7. Cable management twist tie for loose wires
8. Improvised fishing hook for small bait
9. Keyboard key stabilizer wedge
10. Needle threader for thick fabrics",qwen3.6-27b,DIY SIM card ejector tool,0.8763818740844727,0.9627659574468085,
qwen/qwen3.6-27b,Alternative Uses Task,"List exactly 10 alternative, uncommon uses for the following object. Provide only a numbered list (1-10), with one use per line and no explanations.",Paperclip,Creative,"Task: List exactly 10 alternative, uncommon uses for the following object. Provide only a numbered list (1-10), with one use per line and no explanations.
Target: Paperclip
Condition: Be creative.","
1. Emergency lock pick for pin-tumbler locks
2. DIY SIM card ejector tool
3. Temporary zipper pull replacement
4. Improvised necklace clasp for delicate chains
5. Miniature screwdriver for tight electronics screws
6. Homemade earring post extender
7. Cable management twist tie for loose wires
8. Improvised fishing hook for small bait
9. Keyboard key stabilizer wedge
10. Needle threader for thick fabrics",qwen3.6-27b,Temporary zipper pull replacement,0.8602301478385925,0.9893617021276596,
qwen/qwen3.6-27b,Alternative Uses Task,"List exactly 10 alternative, uncommon uses for the following object. Provide only a numbered list (1-10), with one use per line and no explanations.",Paperclip,Creative,"Task: List exactly 10 alternative, uncommon uses for the following object. Provide only a numbered list (1-10), with one use per line and no explanations.
Target: Paperclip
Condition: Be creative.","
1. Emergency lock pick for pin-tumbler locks
2. DIY SIM card ejector tool
3. Temporary zipper pull replacement
4. Improvised necklace clasp for delicate chains
5. Miniature screwdriver for tight electronics screws
6. Homemade earring post extender
7. Cable management twist tie for loose wires
8. Improvised fishing hook for small bait
9. Keyboard key stabilizer wedge
10. Needle threader for thick fabrics",qwen3.6-27b,Improvised necklace clasp for delicate chains,0.9487845301628113,0.9946808510638298,
qwen/qwen3.6-27b,Alternative Uses Task,"List exactly 10 alternative, uncommon uses for the following object. Provide only a numbered list (1-10), with one use per line and no explanations.",Paperclip,Creative,"Task: List exactly 10 alternative, uncommon uses for the following object. Provide only a numbered list (1-10), with one use per line and no explanations.
Target: Paperclip
Condition: Be creative.","
1. Emergency lock pick for pin-tumbler locks
2. DIY SIM card ejector tool
3. Temporary zipper pull replacement
4. Improvised necklace clasp for delicate chains
5. Miniature screwdriver for tight electronics screws
6. Homemade earring post extender
7. Cable management twist tie for loose wires
8. Improvised fishing hook for small bait
9. Keyboard key stabilizer wedge
10. Needle threader for thick fabrics",qwen3.6-27b,Miniature screwdriver for tight electronics screws,0.808861494064331,0.973404255319149,
qwen/qwen3.6-27b,Alternative Uses Task,"List exactly 10 alternative, uncommon uses for the following object. Provide only a numbered list (1-10), with one use per line and no explanations.",Paperclip,Creative,"Task: List exactly 10 alternative, uncommon uses for the following object. Provide only a numbered list (1-10), with one use per line and no explanations.
Target: Paperclip
Condition: Be creative.","
1. Emergency lock pick for pin-tumbler locks
2. DIY SIM card ejector tool
3. Temporary zipper pull replacement
4. Improvised necklace clasp for delicate chains
5. Miniature screwdriver for tight electronics screws
6. Homemade earring post extender
7. Cable management twist tie for loose wires
8. Improvised fishing hook for small bait
9. Keyboard key stabilizer wedge
10. Needle threader for thick fabrics",qwen3.6-27b,Homemade earring post extender,0.9028521776199341,0.9946808510638298,
qwen/qwen3.6-27b,Alternative Uses Task,"List exactly 10 alternative, uncommon uses for the following object. Provide only a numbered list (1-10), with one use per line and no explanations.",Paperclip,Creative,"Task: List exactly 10 alternative, uncommon uses for the following object. Provide only a numbered list (1-10), with one use per line and no explanations.
Target: Paperclip
Condition: Be creative.","
1. Emergency lock pick for pin-tumbler locks
2. DIY SIM card ejector tool
3. Temporary zipper pull replacement
4. Improvised necklace clasp for delicate chains
5. Miniature screwdriver for tight electronics screws
6. Homemade earring post extender
7. Cable management twist tie for loose wires
8. Improvised fishing hook for small bait
9. Keyboard key stabilizer wedge
10. Needle threader for thick fabrics",qwen3.6-27b,Cable management twist tie for loose wires,0.9248319268226624,0.9946808510638298,
qwen/qwen3.6-27b,Alternative Uses Task,"List exactly 10 alternative, uncommon uses for the following object. Provide only a numbered list (1-10), with one use per line and no explanations.",Paperclip,Creative,"Task: List exactly 10 alternative, uncommon uses for the following object. Provide only a numbered list (1-10), with one use per line and no explanations.
Target: Paperclip
Condition: Be creative.","
1. Emergency lock pick for pin-tumbler locks
2. DIY SIM card ejector tool
3. Temporary zipper pull replacement
4. Improvised necklace clasp for delicate chains
5. Miniature screwdriver for tight electronics screws
6. Homemade earring post extender
7. Cable management twist tie for loose wires
8. Improvised fishing hook for small bait
9. Keyboard key stabilizer wedge
10. Needle threader for thick fabrics",qwen3.6-27b,Improvised fishing hook for small bait,0.8341302275657654,0.9946808510638298,
qwen/qwen3.6-27b,Alternative Uses Task,"List exactly 10 alternative, uncommon uses for the following object. Provide only a numbered list (1-10), with one use per line and no explanations.",Paperclip,Creative,"Task: List exactly 10 alternative, uncommon uses for the following object. Provide only a numbered list (1-10), with one use per line and no explanations.
Target: Paperclip
Condition: Be creative.","
1. Emergency lock pick for pin-tumbler locks
2. DIY SIM card ejector tool
3. Temporary zipper pull replacement
4. Improvised necklace clasp for delicate chains
5. Miniature screwdriver for tight electronics screws
6. Homemade earring post extender
7. Cable management twist tie for loose wires
8. Improvised fishing hook for small bait
9. Keyboard key stabilizer wedge
10. Needle threader for thick fabrics",qwen3.6-27b,Keyboard key stabilizer wedge,0.9296796917915344,0.9946808510638298,
qwen/qwen3.6-27b,Alternative Uses Task,"List exactly 10 alternative, uncommon uses for the following object. Provide only a numbered list (1-10), with one use per line and no explanations.",Paperclip,Creative,"Task: List exactly 10 alternative, uncommon uses for the following object. Provide only a numbered list (1-10), with one use per line and no explanations.
Target: Paperclip
Condition: Be creative.","
1. Emergency lock pick for pin-tumbler locks
2. DIY SIM card ejector tool
3. Temporary zipper pull replacement
4. Improvised necklace clasp for delicate chains
5. Miniature screwdriver for tight electronics screws
6. Homemade earring post extender
7. Cable management twist tie for loose wires
8. Improvised fishing hook for small bait
9. Keyboard key stabilizer wedge
10. Needle threader for thick fabrics",qwen3.6-27b,Needle threader for thick fabrics,0.8722751140594482,0.9946808510638298,
qwen/qwen3.6-27b,Alternative Uses Task,"List exactly 10 alternative, uncommon uses for the following object. Provide only a numbered list (1-10), with one use per line and no explanations.",Paperclip,Effective,"Task: List exactly 10 alternative, uncommon uses for the following object. Provide only a numbered list (1-10), with one use per line and no explanations.
Target: Paperclip
Condition: Be effective.","
1. Resetting electronic devices with small pinhole buttons
2. Unplucking eyebrows when tweezers are unavailable
3. Removing small splinters from skin
4. Unclogging computer speaker grilles
5. Acting as a makeshift SIM card ejector tool
6. Creating a simple lock pick for basic pin tumbler locks
7. Serving as a temporary zipper pull
8. Holding together loose leaves of a notebook
9. Functioning as a tiny screwdriver for precision electronics
10. Acting as a makeshift necklace clasp",qwen3.6-27b,Resetting electronic devices with small pinhole buttons,0.8092684149742126,0.9946808510638298,
qwen/qwen3.6-27b,Alternative Uses Task,"List exactly 10 alternative, uncommon uses for the following object. Provide only a numbered list (1-10), with one use per line and no explanations.",Paperclip,Effective,"Task: List exactly 10 alternative, uncommon uses for the following object. Provide only a numbered list (1-10), with one use per line and no explanations.
Target: Paperclip
Condition: Be effective.","
1. Resetting electronic devices with small pinhole buttons
2. Unplucking eyebrows when tweezers are unavailable
3. Removing small splinters from skin
4. Unclogging computer speaker grilles
5. Acting as a makeshift SIM card ejector tool
6. Creating a simple lock pick for basic pin tumbler locks
7. Serving as a temporary zipper pull
8. Holding together loose leaves of a notebook
9. Functioning as a tiny screwdriver for precision electronics
10. Acting as a makeshift necklace clasp",qwen3.6-27b,Unplucking eyebrows when tweezers are unavailable,0.8455265760421753,0.9946808510638298,
qwen/qwen3.6-27b,Alternative Uses Task,"List exactly 10 alternative, uncommon uses for the following object. Provide only a numbered list (1-10), with one use per line and no explanations.",Paperclip,Effective,"Task: List exactly 10 alternative, uncommon uses for the following object. Provide only a numbered list (1-10), with one use per line and no explanations.
Target: Paperclip
Condition: Be effective.","
1. Resetting electronic devices with small pinhole buttons
2. Unplucking eyebrows when tweezers are unavailable
3. Removing small splinters from skin
4. Unclogging computer speaker grilles
5. Acting as a makeshift SIM card ejector tool
6. Creating a simple lock pick for basic pin tumbler locks
7. Serving as a temporary zipper pull
8. Holding together loose leaves of a notebook
9. Functioning as a tiny screwdriver for precision electronics
10. Acting as a makeshift necklace clasp",qwen3.6-27b,Removing small splinters from skin,0.8555029630661011,0.9946808510638298,
qwen/qwen3.6-27b,Alternative Uses Task,"List exactly 10 alternative, uncommon uses for the following object. Provide only a numbered list (1-10), with one use per line and no explanations.",Paperclip,Effective,"Task: List exactly 10 alternative, uncommon uses for the following object. Provide only a numbered list (1-10), with one use per line and no explanations.
Target: Paperclip
Condition: Be effective.","
1. Resetting electronic devices with small pinhole buttons
2. Unplucking eyebrows when tweezers are unavailable
3. Removing small splinters from skin
4. Unclogging computer speaker grilles
5. Acting as a makeshift SIM card ejector tool
6. Creating a simple lock pick for basic pin tumbler locks
7. Serving as a temporary zipper pull
8. Holding together loose leaves of a notebook
9. Functioning as a tiny screwdriver for precision electronics
10. Acting as a makeshift necklace clasp",qwen3.6-27b,Unclogging computer speaker grilles,0.9556093215942383,0.9946808510638298,
qwen/qwen3.6-27b,Alternative Uses Task,"List exactly 10 alternative, uncommon uses for the following object. Provide only a numbered list (1-10), with one use per line and no explanations.",Paperclip,Effective,"Task: List exactly 10 alternative, uncommon uses for the following object. Provide only a numbered list (1-10), with one use per line and no explanations.
Target: Paperclip
Condition: Be effective.","
1. Resetting electronic devices with small pinhole buttons
2. Unplucking eyebrows when tweezers are unavailable
3. Removing small splinters from skin
4. Unclogging computer speaker grilles
5. Acting as a makeshift SIM card ejector tool
6. Creating a simple lock pick for basic pin tumbler locks
7. Serving as a temporary zipper pull
8. Holding together loose leaves of a notebook
9. Functioning as a tiny screwdriver for precision electronics
10. Acting as a makeshift necklace clasp",qwen3.6-27b,Acting as a makeshift SIM card ejector tool,0.8396088480949402,0.9627659574468085,
qwen/qwen3.6-27b,Alternative Uses Task,"List exactly 10 alternative, uncommon uses for the following object. Provide only a numbered list (1-10), with one use per line and no explanations.",Paperclip,Effective,"Task: List exactly 10 alternative, uncommon uses for the following object. Provide only a numbered list (1-10), with one use per line and no explanations.
Target: Paperclip
Condition: Be effective.","
1. Resetting electronic devices with small pinhole buttons
2. Unplucking eyebrows when tweezers are unavailable
3. Removing small splinters from skin
4. Unclogging computer speaker grilles
5. Acting as a makeshift SIM card ejector tool
6. Creating a simple lock pick for basic pin tumbler locks
7. Serving as a temporary zipper pull
8. Holding together loose leaves of a notebook
9. Functioning as a tiny screwdriver for precision electronics
10. Acting as a makeshift necklace clasp",qwen3.6-27b,Creating a simple lock pick for basic pin tumbler locks,0.7611256837844849,0.9893617021276596,
qwen/qwen3.6-27b,Alternative Uses Task,"List exactly 10 alternative, uncommon uses for the following object. Provide only a numbered list (1-10), with one use per line and no explanations.",Paperclip,Effective,"Task: List exactly 10 alternative, uncommon uses for the following object. Provide only a numbered list (1-10), with one use per line and no explanations.
Target: Paperclip
Condition: Be effective.","
1. Resetting electronic devices with small pinhole buttons
2. Unplucking eyebrows when tweezers are unavailable
3. Removing small splinters from skin
4. Unclogging computer speaker grilles
5. Acting as a makeshift SIM card ejector tool
6. Creating a simple lock pick for basic pin tumbler locks
7. Serving as a temporary zipper pull
8. Holding together loose leaves of a notebook
9. Functioning as a tiny screwdriver for precision electronics
10. Acting as a makeshift necklace clasp",qwen3.6-27b,Serving as a temporary zipper pull,0.8368121385574341,0.9787234042553191,
qwen/qwen3.6-27b,Alternative Uses Task,"List exactly 10 alternative, uncommon uses for the following object. Provide only a numbered list (1-10), with one use per line and no explanations.",Paperclip,Effective,"Task: List exactly 10 alternative, uncommon uses for the following object. Provide only a numbered list (1-10), with one use per line and no explanations.
Target: Paperclip
Condition: Be effective.","
1. Resetting electronic devices with small pinhole buttons
2. Unplucking eyebrows when tweezers are unavailable
3. Removing small splinters from skin
4. Unclogging computer speaker grilles
5. Acting as a makeshift SIM card ejector tool
6. Creating a simple lock pick for basic pin tumbler locks
7. Serving as a temporary zipper pull
8. Holding together loose leaves of a notebook
9. Functioning as a tiny screwdriver for precision electronics
10. Acting as a makeshift necklace clasp",qwen3.6-27b,Holding together loose leaves of a notebook,0.6836955547332764,0.9946808510638298,
qwen/qwen3.6-27b,Alternative Uses Task,"List exactly 10 alternative, uncommon uses for the following object. Provide only a numbered list (1-10), with one use per line and no explanations.",Paperclip,Effective,"Task: List exactly 10 alternative, uncommon uses for the following object. Provide only a numbered list (1-10), with one use per line and no explanations.
Target: Paperclip
Condition: Be effective.","
1. Resetting electronic devices with small pinhole buttons
2. Unplucking eyebrows when tweezers are unavailable
3. Removing small splinters from skin
4. Unclogging computer speaker grilles
5. Acting as a makeshift SIM card ejector tool
6. Creating a simple lock pick for basic pin tumbler locks
7. Serving as a temporary zipper pull
8. Holding together loose leaves of a notebook
9. Functioning as a tiny screwdriver for precision electronics
10. Acting as a makeshift necklace clasp",qwen3.6-27b,Functioning as a tiny screwdriver for precision electronics,0.7537604570388794,0.9787234042553191,
qwen/qwen3.6-27b,Alternative Uses Task,"List exactly 10 alternative, uncommon uses for the following object. Provide only a numbered list (1-10), with one use per line and no explanations.",Paperclip,Effective,"Task: List exactly 10 alternative, uncommon uses for the following object. Provide only a numbered list (1-10), with one use per line and no explanations.
Target: Paperclip
Condition: Be effective.","
1. Resetting electronic devices with small pinhole buttons
2. Unplucking eyebrows when tweezers are unavailable
3. Removing small splinters from skin
4. Unclogging computer speaker grilles
5. Acting as a makeshift SIM card ejector tool
6. Creating a simple lock pick for basic pin tumbler locks
7. Serving as a temporary zipper pull
8. Holding together loose leaves of a notebook
9. Functioning as a tiny screwdriver for precision electronics
10. Acting as a makeshift necklace clasp",qwen3.6-27b,Acting as a makeshift necklace clasp,0.9018165469169617,0.9946808510638298,
qwen/qwen3.6-27b,Alternative Uses Task,"List exactly 10 alternative, uncommon uses for the following object. Provide only a numbered list (1-10), with one use per line and no explanations.",Paperclip,Boring,"Task: List exactly 10 alternative, uncommon uses for the following object. Provide only a numbered list (1-10), with one use per line and no explanations.
Target: Paperclip
Condition: Be boring.","
1. Holding two sheets of loose paper together.
2. Keeping a notebook closed.
3. Attaching a receipt to a folder.
4. Marking a specific page in a book.
5. Organizing index cards.
6. Securing a price tag to a product.
7. Keeping a stack of letters aligned.
8. Holding a menu closed at a restaurant.
9. Attaching a name tag to a shirt.
10. Keeping a stack of invoices together.",qwen3.6-27b,Holding two sheets of loose paper together.,0.5435426235198975,0.9946808510638298,
qwen/qwen3.6-27b,Alternative Uses Task,"List exactly 10 alternative, uncommon uses for the following object. Provide only a numbered list (1-10), with one use per line and no explanations.",Paperclip,Boring,"Task: List exactly 10 alternative, uncommon uses for the following object. Provide only a numbered list (1-10), with one use per line and no explanations.
Target: Paperclip
Condition: Be boring.","
1. Holding two sheets of loose paper together.
2. Keeping a notebook closed.
3. Attaching a receipt to a folder.
4. Marking a specific page in a book.
5. Organizing index cards.
6. Securing a price tag to a product.
7. Keeping a stack of letters aligned.
8. Holding a menu closed at a restaurant.
9. Attaching a name tag to a shirt.
10. Keeping a stack of invoices together.",qwen3.6-27b,Keeping a notebook closed.,0.6754770278930664,0.9946808510638298,
qwen/qwen3.6-27b,Alternative Uses Task,"List exactly 10 alternative, uncommon uses for the following object. Provide only a numbered list (1-10), with one use per line and no explanations.",Paperclip,Boring,"Task: List exactly 10 alternative, uncommon uses for the following object. Provide only a numbered list (1-10), with one use per line and no explanations.
Target: Paperclip
Condition: Be boring.","
1. Holding two sheets of loose paper together.
2. Keeping a notebook closed.
3. Attaching a receipt to a folder.
4. Marking a specific page in a book.
5. Organizing index cards.
6. Securing a price tag to a product.
7. Keeping a stack of letters aligned.
8. Holding a menu closed at a restaurant.
9. Attaching a name tag to a shirt.
10. Keeping a stack of invoices together.",qwen3.6-27b,Attaching a receipt to a folder.,0.9023043513298035,0.9946808510638298,
qwen/qwen3.6-27b,Alternative Uses Task,"List exactly 10 alternative, uncommon uses for the following object. Provide only a numbered list (1-10), with one use per line and no explanations.",Paperclip,Boring,"Task: List exactly 10 alternative, uncommon uses for the following object. Provide only a numbered list (1-10), with one use per line and no explanations.
Target: Paperclip
Condition: Be boring.","
1. Holding two sheets of loose paper together.
2. Keeping a notebook closed.
3. Attaching a receipt to a folder.
4. Marking a specific page in a book.
5. Organizing index cards.
6. Securing a price tag to a product.
7. Keeping a stack of letters aligned.
8. Holding a menu closed at a restaurant.
9. Attaching a name tag to a shirt.
10. Keeping a stack of invoices together.",qwen3.6-27b,Marking a specific page in a book.,0.7580133080482483,0.9893617021276596,
qwen/qwen3.6-27b,Alternative Uses Task,"List exactly 10 alternative, uncommon uses for the following object. Provide only a numbered list (1-10), with one use per line and no explanations.",Paperclip,Boring,"Task: List exactly 10 alternative, uncommon uses for the following object. Provide only a numbered list (1-10), with one use per line and no explanations.
Target: Paperclip
Condition: Be boring.","
1. Holding two sheets of loose paper together.
2. Keeping a notebook closed.
3. Attaching a receipt to a folder.
4. Marking a specific page in a book.
5. Organizing index cards.
6. Securing a price tag to a product.
7. Keeping a stack of letters aligned.
8. Holding a menu closed at a restaurant.
9. Attaching a name tag to a shirt.
10. Keeping a stack of invoices together.",qwen3.6-27b,Organizing index cards.,0.7079797387123108,0.9893617021276596,
qwen/qwen3.6-27b,Alternative Uses Task,"List exactly 10 alternative, uncommon uses for the following object. Provide only a numbered list (1-10), with one use per line and no explanations.",Paperclip,Boring,"Task: List exactly 10 alternative, uncommon uses for the following object. Provide only a numbered list (1-10), with one use per line and no explanations.
Target: Paperclip
Condition: Be boring.","
1. Holding two sheets of loose paper together.
2. Keeping a notebook closed.
3. Attaching a receipt to a folder.
4. Marking a specific page in a book.
5. Organizing index cards.
6. Securing a price tag to a product.
7. Keeping a stack of letters aligned.
8. Holding a menu closed at a restaurant.
9. Attaching a name tag to a shirt.
10. Keeping a stack of invoices together.",qwen3.6-27b,Securing a price tag to a product.,0.9196374416351318,0.9946808510638298,
qwen/qwen3.6-27b,Alternative Uses Task,"List exactly 10 alternative, uncommon uses for the following object. Provide only a numbered list (1-10), with one use per line and no explanations.",Paperclip,Boring,"Task: List exactly 10 alternative, uncommon uses for the following object. Provide only a numbered list (1-10), with one use per line and no explanations.
Target: Paperclip
Condition: Be boring.","
1. Holding two sheets of loose paper together.
2. Keeping a notebook closed.
3. Attaching a receipt to a folder.
4. Marking a specific page in a book.
5. Organizing index cards.
6. Securing a price tag to a product.
7. Keeping a stack of letters aligned.
8. Holding a menu closed at a restaurant.
9. Attaching a name tag to a shirt.
10. Keeping a stack of invoices together.",qwen3.6-27b,Keeping a stack of letters aligned.,0.860186755657196,0.9946808510638298,
qwen/qwen3.6-27b,Alternative Uses Task,"List exactly 10 alternative, uncommon uses for the following object. Provide only a numbered list (1-10), with one use per line and no explanations.",Paperclip,Boring,"Task: List exactly 10 alternative, uncommon uses for the following object. Provide only a numbered list (1-10), with one use per line and no explanations.
Target: Paperclip
Condition: Be boring.","
1. Holding two sheets of loose paper together.
2. Keeping a notebook closed.
3. Attaching a receipt to a folder.
4. Marking a specific page in a book.
5. Organizing index cards.
6. Securing a price tag to a product.
7. Keeping a stack of letters aligned.
8. Holding a menu closed at a restaurant.
9. Attaching a name tag to a shirt.
10. Keeping a stack of invoices together.",qwen3.6-27b,Holding a menu closed at a restaurant.,0.9347941875457764,0.9946808510638298,
qwen/qwen3.6-27b,Alternative Uses Task,"List exactly 10 alternative, uncommon uses for the following object. Provide only a numbered list (1-10), with one use per line and no explanations.",Paperclip,Boring,"Task: List exactly 10 alternative, uncommon uses for the following object. Provide only a numbered list (1-10), with one use per line and no explanations.
Target: Paperclip
Condition: Be boring.","
1. Holding two sheets of loose paper together.
2. Keeping a notebook closed.
3. Attaching a receipt to a folder.
4. Marking a specific page in a book.
5. Organizing index cards.
6. Securing a price tag to a product.
7. Keeping a stack of letters aligned.
8. Holding a menu closed at a restaurant.
9. Attaching a name tag to a shirt.
10. Keeping a stack of invoices together.",qwen3.6-27b,Attaching a name tag to a shirt.,0.815935492515564,0.9946808510638298,
qwen/qwen3.6-27b,Alternative Uses Task,"List exactly 10 alternative, uncommon uses for the following object. Provide only a numbered list (1-10), with one use per line and no explanations.",Paperclip,Boring,"Task: List exactly 10 alternative, uncommon uses for the following object. Provide only a numbered list (1-10), with one use per line and no explanations.
Target: Paperclip
Condition: Be boring.","
1. Holding two sheets of loose paper together.
2. Keeping a notebook closed.
3. Attaching a receipt to a folder.
4. Marking a specific page in a book.
5. Organizing index cards.
6. Securing a price tag to a product.
7. Keeping a stack of letters aligned.
8. Holding a menu closed at a restaurant.
9. Attaching a name tag to a shirt.
10. Keeping a stack of invoices together.",qwen3.6-27b,Keeping a stack of invoices together.,0.8386422991752625,0.9946808510638298,
qwen/qwen3.6-27b,Alternative Uses Task,"List exactly 10 alternative, uncommon uses for the following object. Provide only a numbered list (1-10), with one use per line and no explanations.",Paperclip,Conventional,"Task: List exactly 10 alternative, uncommon uses for the following object. Provide only a numbered list (1-10), with one use per line and no explanations.
Target: Paperclip
Condition: Be conventional.","
1. Securing loose papers
2. Holding a stack of receipts together
3. Organizing index cards
4. Keeping a notepad closed
5. Marking a page in a book
6. Grouping correspondence by project
7. Attaching a resume to a cover letter
8. Holding business cards in a drawer
9. Keeping loose change organized in an envelope
10. Securing a label to a folder",qwen3.6-27b,Securing loose papers,0.6296316385269165,0.9946808510638298,
qwen/qwen3.6-27b,Alternative Uses Task,"List exactly 10 alternative, uncommon uses for the following object. Provide only a numbered list (1-10), with one use per line and no explanations.",Paperclip,Conventional,"Task: List exactly 10 alternative, uncommon uses for the following object. Provide only a numbered list (1-10), with one use per line and no explanations.
Target: Paperclip
Condition: Be conventional.","
1. Securing loose papers
2. Holding a stack of receipts together
3. Organizing index cards
4. Keeping a notepad closed
5. Marking a page in a book
6. Grouping correspondence by project
7. Attaching a resume to a cover letter
8. Holding business cards in a drawer
9. Keeping loose change organized in an envelope
10. Securing a label to a folder",qwen3.6-27b,Holding a stack of receipts together,0.7722514867782593,0.9946808510638298,
qwen/qwen3.6-27b,Alternative Uses Task,"List exactly 10 alternative, uncommon uses for the following object. Provide only a numbered list (1-10), with one use per line and no explanations.",Paperclip,Conventional,"Task: List exactly 10 alternative, uncommon uses for the following object. Provide only a numbered list (1-10), with one use per line and no explanations.
Target: Paperclip
Condition: Be conventional.","
1. Securing loose papers
2. Holding a stack of receipts together
3. Organizing index cards
4. Keeping a notepad closed
5. Marking a page in a book
6. Grouping correspondence by project
7. Attaching a resume to a cover letter
8. Holding business cards in a drawer
9. Keeping loose change organized in an envelope
10. Securing a label to a folder",qwen3.6-27b,Organizing index cards,0.7981477379798889,0.9893617021276596,
qwen/qwen3.6-27b,Alternative Uses Task,"List exactly 10 alternative, uncommon uses for the following object. Provide only a numbered list (1-10), with one use per line and no explanations.",Paperclip,Conventional,"Task: List exactly 10 alternative, uncommon uses for the following object. Provide only a numbered list (1-10), with one use per line and no explanations.
Target: Paperclip
Condition: Be conventional.","
1. Securing loose papers
2. Holding a stack of receipts together
3. Organizing index cards
4. Keeping a notepad closed
5. Marking a page in a book
6. Grouping correspondence by project
7. Attaching a resume to a cover letter
8. Holding business cards in a drawer
9. Keeping loose change organized in an envelope
10. Securing a label to a folder",qwen3.6-27b,Keeping a notepad closed,0.7315833568572998,0.9946808510638298,
qwen/qwen3.6-27b,Alternative Uses Task,"List exactly 10 alternative, uncommon uses for the following object. Provide only a numbered list (1-10), with one use per line and no explanations.",Paperclip,Conventional,"Task: List exactly 10 alternative, uncommon uses for the following object. Provide only a numbered list (1-10), with one use per line and no explanations.
Target: Paperclip
Condition: Be conventional.","
1. Securing loose papers
2. Holding a stack of receipts together
3. Organizing index cards
4. Keeping a notepad closed
5. Marking a page in a book
6. Grouping correspondence by project
7. Attaching a resume to a cover letter
8. Holding business cards in a drawer
9. Keeping loose change organized in an envelope
10. Securing a label to a folder",qwen3.6-27b,Marking a page in a book,0.737381100654602,0.9893617021276596,
qwen/qwen3.6-27b,Alternative Uses Task,"List exactly 10 alternative, uncommon uses for the following object. Provide only a numbered list (1-10), with one use per line and no explanations.",Paperclip,Conventional,"Task: List exactly 10 alternative, uncommon uses for the following object. Provide only a numbered list (1-10), with one use per line and no explanations.
Target: Paperclip
Condition: Be conventional.","
1. Securing loose papers
2. Holding a stack of receipts together
3. Organizing index cards
4. Keeping a notepad closed
5. Marking a page in a book
6. Grouping correspondence by project
7. Attaching a resume to a cover letter
8. Holding business cards in a drawer
9. Keeping loose change organized in an envelope
10. Securing a label to a folder",qwen3.6-27b,Grouping correspondence by project,0.9312900304794312,0.9946808510638298,
qwen/qwen3.6-27b,Alternative Uses Task,"List exactly 10 alternative, uncommon uses for the following object. Provide only a numbered list (1-10), with one use per line and no explanations.",Paperclip,Conventional,"Task: List exactly 10 alternative, uncommon uses for the following object. Provide only a numbered list (1-10), with one use per line and no explanations.
Target: Paperclip
Condition: Be conventional.","
1. Securing loose papers
2. Holding a stack of receipts together
3. Organizing index cards
4. Keeping a notepad closed
5. Marking a page in a book
6. Grouping correspondence by project
7. Attaching a resume to a cover letter
8. Holding business cards in a drawer
9. Keeping loose change organized in an envelope
10. Securing a label to a folder",qwen3.6-27b,Attaching a resume to a cover letter,0.8838110566139221,0.9946808510638298,
qwen/qwen3.6-27b,Alternative Uses Task,"List exactly 10 alternative, uncommon uses for the following object. Provide only a numbered list (1-10), with one use per line and no explanations.",Paperclip,Conventional,"Task: List exactly 10 alternative, uncommon uses for the following object. Provide only a numbered list (1-10), with one use per line and no explanations.
Target: Paperclip
Condition: Be conventional.","
1. Securing loose papers
2. Holding a stack of receipts together
3. Organizing index cards
4. Keeping a notepad closed
5. Marking a page in a book
6. Grouping correspondence by project
7. Attaching a resume to a cover letter
8. Holding business cards in a drawer
9. Keeping loose change organized in an envelope
10. Securing a label to a folder",qwen3.6-27b,Holding business cards in a drawer,0.8017058968544006,0.9946808510638298,
qwen/qwen3.6-27b,Alternative Uses Task,"List exactly 10 alternative, uncommon uses for the following object. Provide only a numbered list (1-10), with one use per line and no explanations.",Paperclip,Conventional,"Task: List exactly 10 alternative, uncommon uses for the following object. Provide only a numbered list (1-10), with one use per line and no explanations.
Target: Paperclip
Condition: Be conventional.","
1. Securing loose papers
2. Holding a stack of receipts together
3. Organizing index cards
4. Keeping a notepad closed
5. Marking a page in a book
6. Grouping correspondence by project
7. Attaching a resume to a cover letter
8. Holding business cards in a drawer
9. Keeping loose change organized in an envelope
10. Securing a label to a folder",qwen3.6-27b,Keeping loose change organized in an envelope,0.8201625347137451,0.9946808510638298,
qwen/qwen3.6-27b,Alternative Uses Task,"List exactly 10 alternative, uncommon uses for the following object. Provide only a numbered list (1-10), with one use per line and no explanations.",Paperclip,Conventional,"Task: List exactly 10 alternative, uncommon uses for the following object. Provide only a numbered list (1-10), with one use per line and no explanations.
Target: Paperclip
Condition: Be conventional.","
1. Securing loose papers
2. Holding a stack of receipts together
3. Organizing index cards
4. Keeping a notepad closed
5. Marking a page in a book
6. Grouping correspondence by project
7. Attaching a resume to a cover letter
8. Holding business cards in a drawer
9. Keeping loose change organized in an envelope
10. Securing a label to a folder",qwen3.6-27b,Securing a label to a folder,0.9434364438056946,0.9946808510638298,
qwen/qwen3.6-27b,Alternative Uses Task,"List exactly 10 alternative, uncommon uses for the following object. Provide only a numbered list (1-10), with one use per line and no explanations.",Towel,Standard,"Task: List exactly 10 alternative, uncommon uses for the following object. Provide only a numbered list (1-10), with one use per line and no explanations.
Target: Towel","
1. Emergency bandage for wounds
2. Shock absorber for fragile items in boxes
3. Temporary dust cover for furniture
4. Silencing pad for loud machinery
5. Improvised rope for light climbing or rescue
6. Paint roller substitute for textured surfaces
7. Insulation layer for winter plant protection
8. Friction aid for sliding glass doors
9. Makeshift blindfold for sleep or games
10. Absorbent layer for oil spills on driveways",qwen3.6-27b,Emergency bandage for wounds,0.5950922966003418,0.9842105263157894,
qwen/qwen3.6-27b,Alternative Uses Task,"List exactly 10 alternative, uncommon uses for the following object. Provide only a numbered list (1-10), with one use per line and no explanations.",Towel,Standard,"Task: List exactly 10 alternative, uncommon uses for the following object. Provide only a numbered list (1-10), with one use per line and no explanations.
Target: Towel","
1. Emergency bandage for wounds
2. Shock absorber for fragile items in boxes
3. Temporary dust cover for furniture
4. Silencing pad for loud machinery
5. Improvised rope for light climbing or rescue
6. Paint roller substitute for textured surfaces
7. Insulation layer for winter plant protection
8. Friction aid for sliding glass doors
9. Makeshift blindfold for sleep or games
10. Absorbent layer for oil spills on driveways",qwen3.6-27b,Shock absorber for fragile items in boxes,0.8795678019523621,0.9947368421052631,
qwen/qwen3.6-27b,Alternative Uses Task,"List exactly 10 alternative, uncommon uses for the following object. Provide only a numbered list (1-10), with one use per line and no explanations.",Towel,Standard,"Task: List exactly 10 alternative, uncommon uses for the following object. Provide only a numbered list (1-10), with one use per line and no explanations.
Target: Towel","
1. Emergency bandage for wounds
2. Shock absorber for fragile items in boxes
3. Temporary dust cover for furniture
4. Silencing pad for loud machinery
5. Improvised rope for light climbing or rescue
6. Paint roller substitute for textured surfaces
7. Insulation layer for winter plant protection
8. Friction aid for sliding glass doors
9. Makeshift blindfold for sleep or games
10. Absorbent layer for oil spills on driveways",qwen3.6-27b,Temporary dust cover for furniture,0.7599759697914124,0.9736842105263158,
qwen/qwen3.6-27b,Alternative Uses Task,"List exactly 10 alternative, uncommon uses for the following object. Provide only a numbered list (1-10), with one use per line and no explanations.",Towel,Standard,"Task: List exactly 10 alternative, uncommon uses for the following object. Provide only a numbered list (1-10), with one use per line and no explanations.
Target: Towel","
1. Emergency bandage for wounds
2. Shock absorber for fragile items in boxes
3. Temporary dust cover for furniture
4. Silencing pad for loud machinery
5. Improvised rope for light climbing or rescue
6. Paint roller substitute for textured surfaces
7. Insulation layer for winter plant protection
8. Friction aid for sliding glass doors
9. Makeshift blindfold for sleep or games
10. Absorbent layer for oil spills on driveways",qwen3.6-27b,Silencing pad for loud machinery,0.9191370010375977,0.9947368421052631,
qwen/qwen3.6-27b,Alternative Uses Task,"List exactly 10 alternative, uncommon uses for the following object. Provide only a numbered list (1-10), with one use per line and no explanations.",Towel,Standard,"Task: List exactly 10 alternative, uncommon uses for the following object. Provide only a numbered list (1-10), with one use per line and no explanations.
Target: Towel","
1. Emergency bandage for wounds
2. Shock absorber for fragile items in boxes
3. Temporary dust cover for furniture
4. Silencing pad for loud machinery
5. Improvised rope for light climbing or rescue
6. Paint roller substitute for textured surfaces
7. Insulation layer for winter plant protection
8. Friction aid for sliding glass doors
9. Makeshift blindfold for sleep or games
10. Absorbent layer for oil spills on driveways",qwen3.6-27b,Improvised rope for light climbing or rescue,0.754525363445282,0.9947368421052631,
qwen/qwen3.6-27b,Alternative Uses Task,"List exactly 10 alternative, uncommon uses for the following object. Provide only a numbered list (1-10), with one use per line and no explanations.",Towel,Standard,"Task: List exactly 10 alternative, uncommon uses for the following object. Provide only a numbered list (1-10), with one use per line and no explanations.
Target: Towel","
1. Emergency bandage for wounds
2. Shock absorber for fragile items in boxes
3. Temporary dust cover for furniture
4. Silencing pad for loud machinery
5. Improvised rope for light climbing or rescue
6. Paint roller substitute for textured surfaces
7. Insulation layer for winter plant protection
8. Friction aid for sliding glass doors
9. Makeshift blindfold for sleep or games
10. Absorbent layer for oil spills on driveways",qwen3.6-27b,Paint roller substitute for textured surfaces,0.8901035785675049,0.9947368421052631,
qwen/qwen3.6-27b,Alternative Uses Task,"List exactly 10 alternative, uncommon uses for the following object. Provide only a numbered list (1-10), with one use per line and no explanations.",Towel,Standard,"Task: List exactly 10 alternative, uncommon uses for the following object. Provide only a numbered list (1-10), with one use per line and no explanations.
Target: Towel","
1. Emergency bandage for wounds
2. Shock absorber for fragile items in boxes
3. Temporary dust cover for furniture
4. Silencing pad for loud machinery
5. Improvised rope for light climbing or rescue
6. Paint roller substitute for textured surfaces
7. Insulation layer for winter plant protection
8. Friction aid for sliding glass doors
9. Makeshift blindfold for sleep or games
10. Absorbent layer for oil spills on driveways",qwen3.6-27b,Insulation layer for winter plant protection,0.9439906477928162,0.9947368421052631,
qwen/qwen3.6-27b,Alternative Uses Task,"List exactly 10 alternative, uncommon uses for the following object. Provide only a numbered list (1-10), with one use per line and no explanations.",Towel,Standard,"Task: List exactly 10 alternative, uncommon uses for the following object. Provide only a numbered list (1-10), with one use per line and no explanations.
Target: Towel","
1. Emergency bandage for wounds
2. Shock absorber for fragile items in boxes
3. Temporary dust cover for furniture
4. Silencing pad for loud machinery
5. Improvised rope for light climbing or rescue
6. Paint roller substitute for textured surfaces
7. Insulation layer for winter plant protection
8. Friction aid for sliding glass doors
9. Makeshift blindfold for sleep or games
10. Absorbent layer for oil spills on driveways",qwen3.6-27b,Friction aid for sliding glass doors,0.9085052609443665,0.9947368421052631,
qwen/qwen3.6-27b,Alternative Uses Task,"List exactly 10 alternative, uncommon uses for the following object. Provide only a numbered list (1-10), with one use per line and no explanations.",Towel,Standard,"Task: List exactly 10 alternative, uncommon uses for the following object. Provide only a numbered list (1-10), with one use per line and no explanations.
Target: Towel","
1. Emergency bandage for wounds
2. Shock absorber for fragile items in boxes
3. Temporary dust cover for furniture
4. Silencing pad for loud machinery
5. Improvised rope for light climbing or rescue
6. Paint roller substitute for textured surfaces
7. Insulation layer for winter plant protection
8. Friction aid for sliding glass doors
9. Makeshift blindfold for sleep or games
10. Absorbent layer for oil spills on driveways",qwen3.6-27b,Makeshift blindfold for sleep or games,0.7920309901237488,0.9947368421052631,
qwen/qwen3.6-27b,Alternative Uses Task,"List exactly 10 alternative, uncommon uses for the following object. Provide only a numbered list (1-10), with one use per line and no explanations.",Towel,Standard,"Task: List exactly 10 alternative, uncommon uses for the following object. Provide only a numbered list (1-10), with one use per line and no explanations.
Target: Towel","
1. Emergency bandage for wounds
2. Shock absorber for fragile items in boxes
3. Temporary dust cover for furniture
4. Silencing pad for loud machinery
5. Improvised rope for light climbing or rescue
6. Paint roller substitute for textured surfaces
7. Insulation layer for winter plant protection
8. Friction aid for sliding glass doors
9. Makeshift blindfold for sleep or games
10. Absorbent layer for oil spills on driveways",qwen3.6-27b,Absorbent layer for oil spills on driveways,0.846848726272583,0.9947368421052631,
qwen/qwen3.6-27b,Alternative Uses Task,"List exactly 10 alternative, uncommon uses for the following object. Provide only a numbered list (1-10), with one use per line and no explanations.",Towel,Creative,"Task: List exactly 10 alternative, uncommon uses for the following object. Provide only a numbered list (1-10), with one use per line and no explanations.
Target: Towel
Condition: Be creative.","
1. Emergency eyepatch for pirate cosplay
2. Non-slip mat under a wobbly table leg
3. Improvised goggle strap for swimming goggles
4. Absorbent liner for a leaking pet cage
5. Temporary padding for a broken chair seat
6. Dusting cloth for high ceiling fans
7. Makeshift sling for a fractured arm
8. Insulation layer around a hot water bottle
9. Noise-dampening material for a noisy fan
10. Soft barrier to prevent scratches between stacked dishes",qwen3.6-27b,Emergency eyepatch for pirate cosplay,0.8670420050621033,0.9947368421052631,
qwen/qwen3.6-27b,Alternative Uses Task,"List exactly 10 alternative, uncommon uses for the following object. Provide only a numbered list (1-10), with one use per line and no explanations.",Towel,Creative,"Task: List exactly 10 alternative, uncommon uses for the following object. Provide only a numbered list (1-10), with one use per line and no explanations.
Target: Towel
Condition: Be creative.","
1. Emergency eyepatch for pirate cosplay
2. Non-slip mat under a wobbly table leg
3. Improvised goggle strap for swimming goggles
4. Absorbent liner for a leaking pet cage
5. Temporary padding for a broken chair seat
6. Dusting cloth for high ceiling fans
7. Makeshift sling for a fractured arm
8. Insulation layer around a hot water bottle
9. Noise-dampening material for a noisy fan
10. Soft barrier to prevent scratches between stacked dishes",qwen3.6-27b,Non-slip mat under a wobbly table leg,0.8123337626457214,0.9947368421052631,
qwen/qwen3.6-27b,Alternative Uses Task,"List exactly 10 alternative, uncommon uses for the following object. Provide only a numbered list (1-10), with one use per line and no explanations.",Towel,Creative,"Task: List exactly 10 alternative, uncommon uses for the following object. Provide only a numbered list (1-10), with one use per line and no explanations.
Target: Towel
Condition: Be creative.","
1. Emergency eyepatch for pirate cosplay
2. Non-slip mat under a wobbly table leg
3. Improvised goggle strap for swimming goggles
4. Absorbent liner for a leaking pet cage
5. Temporary padding for a broken chair seat
6. Dusting cloth for high ceiling fans
7. Makeshift sling for a fractured arm
8. Insulation layer around a hot water bottle
9. Noise-dampening material for a noisy fan
10. Soft barrier to prevent scratches between stacked dishes",qwen3.6-27b,Improvised goggle strap for swimming goggles,0.824230432510376,0.9947368421052631,
qwen/qwen3.6-27b,Alternative Uses Task,"List exactly 10 alternative, uncommon uses for the following object. Provide only a numbered list (1-10), with one use per line and no explanations.",Towel,Creative,"Task: List exactly 10 alternative, uncommon uses for the following object. Provide only a numbered list (1-10), with one use per line and no explanations.
Target: Towel
Condition: Be creative.","
1. Emergency eyepatch for pirate cosplay
2. Non-slip mat under a wobbly table leg
3. Improvised goggle strap for swimming goggles
4. Absorbent liner for a leaking pet cage
5. Temporary padding for a broken chair seat
6. Dusting cloth for high ceiling fans
7. Makeshift sling for a fractured arm
8. Insulation layer around a hot water bottle
9. Noise-dampening material for a noisy fan
10. Soft barrier to prevent scratches between stacked dishes",qwen3.6-27b,Absorbent liner for a leaking pet cage,0.798434317111969,0.9947368421052631,
qwen/qwen3.6-27b,Alternative Uses Task,"List exactly 10 alternative, uncommon uses for the following object. Provide only a numbered list (1-10), with one use per line and no explanations.",Towel,Creative,"Task: List exactly 10 alternative, uncommon uses for the following object. Provide only a numbered list (1-10), with one use per line and no explanations.
Target: Towel
Condition: Be creative.","
1. Emergency eyepatch for pirate cosplay
2. Non-slip mat under a wobbly table leg
3. Improvised goggle strap for swimming goggles
4. Absorbent liner for a leaking pet cage
5. Temporary padding for a broken chair seat
6. Dusting cloth for high ceiling fans
7. Makeshift sling for a fractured arm
8. Insulation layer around a hot water bottle
9. Noise-dampening material for a noisy fan
10. Soft barrier to prevent scratches between stacked dishes",qwen3.6-27b,Temporary padding for a broken chair seat,0.8021938800811768,0.9947368421052631,
qwen/qwen3.6-27b,Alternative Uses Task,"List exactly 10 alternative, uncommon uses for the following object. Provide only a numbered list (1-10), with one use per line and no explanations.",Towel,Creative,"Task: List exactly 10 alternative, uncommon uses for the following object. Provide only a numbered list (1-10), with one use per line and no explanations.
Target: Towel
Condition: Be creative.","
1. Emergency eyepatch for pirate cosplay
2. Non-slip mat under a wobbly table leg
3. Improvised goggle strap for swimming goggles
4. Absorbent liner for a leaking pet cage
5. Temporary padding for a broken chair seat
6. Dusting cloth for high ceiling fans
7. Makeshift sling for a fractured arm
8. Insulation layer around a hot water bottle
9. Noise-dampening material for a noisy fan
10. Soft barrier to prevent scratches between stacked dishes",qwen3.6-27b,Dusting cloth for high ceiling fans,0.6403586268424988,0.9947368421052631,
qwen/qwen3.6-27b,Alternative Uses Task,"List exactly 10 alternative, uncommon uses for the following object. Provide only a numbered list (1-10), with one use per line and no explanations.",Towel,Creative,"Task: List exactly 10 alternative, uncommon uses for the following object. Provide only a numbered list (1-10), with one use per line and no explanations.
Target: Towel
Condition: Be creative.","
1. Emergency eyepatch for pirate cosplay
2. Non-slip mat under a wobbly table leg
3. Improvised goggle strap for swimming goggles
4. Absorbent liner for a leaking pet cage
5. Temporary padding for a broken chair seat
6. Dusting cloth for high ceiling fans
7. Makeshift sling for a fractured arm
8. Insulation layer around a hot water bottle
9. Noise-dampening material for a noisy fan
10. Soft barrier to prevent scratches between stacked dishes",qwen3.6-27b,Makeshift sling for a fractured arm,0.7299376726150513,0.9947368421052631,
qwen/qwen3.6-27b,Alternative Uses Task,"List exactly 10 alternative, uncommon uses for the following object. Provide only a numbered list (1-10), with one use per line and no explanations.",Towel,Creative,"Task: List exactly 10 alternative, uncommon uses for the following object. Provide only a numbered list (1-10), with one use per line and no explanations.
Target: Towel
Condition: Be creative.","
1. Emergency eyepatch for pirate cosplay
2. Non-slip mat under a wobbly table leg
3. Improvised goggle strap for swimming goggles
4. Absorbent liner for a leaking pet cage
5. Temporary padding for a broken chair seat
6. Dusting cloth for high ceiling fans
7. Makeshift sling for a fractured arm
8. Insulation layer around a hot water bottle
9. Noise-dampening material for a noisy fan
10. Soft barrier to prevent scratches between stacked dishes",qwen3.6-27b,Insulation layer around a hot water bottle,0.8705172538757324,0.9947368421052631,
qwen/qwen3.6-27b,Alternative Uses Task,"List exactly 10 alternative, uncommon uses for the following object. Provide only a numbered list (1-10), with one use per line and no explanations.",Towel,Creative,"Task: List exactly 10 alternative, uncommon uses for the following object. Provide only a numbered list (1-10), with one use per line and no explanations.
Target: Towel
Condition: Be creative.","
1. Emergency eyepatch for pirate cosplay
2. Non-slip mat under a wobbly table leg
3. Improvised goggle strap for swimming goggles
4. Absorbent liner for a leaking pet cage
5. Temporary padding for a broken chair seat
6. Dusting cloth for high ceiling fans
7. Makeshift sling for a fractured arm
8. Insulation layer around a hot water bottle
9. Noise-dampening material for a noisy fan
10. Soft barrier to prevent scratches between stacked dishes",qwen3.6-27b,Noise-dampening material for a noisy fan,0.8105601072311401,0.9947368421052631,
qwen/qwen3.6-27b,Alternative Uses Task,"List exactly 10 alternative, uncommon uses for the following object. Provide only a numbered list (1-10), with one use per line and no explanations.",Towel,Creative,"Task: List exactly 10 alternative, uncommon uses for the following object. Provide only a numbered list (1-10), with one use per line and no explanations.
Target: Towel
Condition: Be creative.","
1. Emergency eyepatch for pirate cosplay
2. Non-slip mat under a wobbly table leg
3. Improvised goggle strap for swimming goggles
4. Absorbent liner for a leaking pet cage
5. Temporary padding for a broken chair seat
6. Dusting cloth for high ceiling fans
7. Makeshift sling for a fractured arm
8. Insulation layer around a hot water bottle
9. Noise-dampening material for a noisy fan
10. Soft barrier to prevent scratches between stacked dishes",qwen3.6-27b,Soft barrier to prevent scratches between stacked dishes,0.8178427815437317,0.9947368421052631,
qwen/qwen3.6-27b,Alternative Uses Task,"List exactly 10 alternative, uncommon uses for the following object. Provide only a numbered list (1-10), with one use per line and no explanations.",Towel,Effective,"Task: List exactly 10 alternative, uncommon uses for the following object. Provide only a numbered list (1-10), with one use per line and no explanations.
Target: Towel
Condition: Be effective.","
1. Temporary brake pedal cover for icy conditions
2. Sound-dampening material for home studio walls
3. Protective wrap for fragile items during moving
4. Improvised heat source for thawing frozen pipes
5. Grit-resistant surface for sharpening kitchen knives
6. Shock absorber for delicate electronics during transport
7. Odor-neutralizing liner for gym bags
8. Friction-enhancing grip for lifting heavy boxes
9. Emergency tourniquet in medical crises
10. Light-blocking curtain for light-sensitive photography",qwen3.6-27b,Temporary brake pedal cover for icy conditions,0.8738920092582703,0.9947368421052631,
qwen/qwen3.6-27b,Alternative Uses Task,"List exactly 10 alternative, uncommon uses for the following object. Provide only a numbered list (1-10), with one use per line and no explanations.",Towel,Effective,"Task: List exactly 10 alternative, uncommon uses for the following object. Provide only a numbered list (1-10), with one use per line and no explanations.
Target: Towel
Condition: Be effective.","
1. Temporary brake pedal cover for icy conditions
2. Sound-dampening material for home studio walls
3. Protective wrap for fragile items during moving
4. Improvised heat source for thawing frozen pipes
5. Grit-resistant surface for sharpening kitchen knives
6. Shock absorber for delicate electronics during transport
7. Odor-neutralizing liner for gym bags
8. Friction-enhancing grip for lifting heavy boxes
9. Emergency tourniquet in medical crises
10. Light-blocking curtain for light-sensitive photography",qwen3.6-27b,Sound-dampening material for home studio walls,0.8776353001594543,0.9947368421052631,
qwen/qwen3.6-27b,Alternative Uses Task,"List exactly 10 alternative, uncommon uses for the following object. Provide only a numbered list (1-10), with one use per line and no explanations.",Towel,Effective,"Task: List exactly 10 alternative, uncommon uses for the following object. Provide only a numbered list (1-10), with one use per line and no explanations.
Target: Towel
Condition: Be effective.","
1. Temporary brake pedal cover for icy conditions
2. Sound-dampening material for home studio walls
3. Protective wrap for fragile items during moving
4. Improvised heat source for thawing frozen pipes
5. Grit-resistant surface for sharpening kitchen knives
6. Shock absorber for delicate electronics during transport
7. Odor-neutralizing liner for gym bags
8. Friction-enhancing grip for lifting heavy boxes
9. Emergency tourniquet in medical crises
10. Light-blocking curtain for light-sensitive photography",qwen3.6-27b,Protective wrap for fragile items during moving,0.8701452612876892,0.9894736842105263,
qwen/qwen3.6-27b,Alternative Uses Task,"List exactly 10 alternative, uncommon uses for the following object. Provide only a numbered list (1-10), with one use per line and no explanations.",Towel,Effective,"Task: List exactly 10 alternative, uncommon uses for the following object. Provide only a numbered list (1-10), with one use per line and no explanations.
Target: Towel
Condition: Be effective.","
1. Temporary brake pedal cover for icy conditions
2. Sound-dampening material for home studio walls
3. Protective wrap for fragile items during moving
4. Improvised heat source for thawing frozen pipes
5. Grit-resistant surface for sharpening kitchen knives
6. Shock absorber for delicate electronics during transport
7. Odor-neutralizing liner for gym bags
8. Friction-enhancing grip for lifting heavy boxes
9. Emergency tourniquet in medical crises
10. Light-blocking curtain for light-sensitive photography",qwen3.6-27b,Improvised heat source for thawing frozen pipes,0.9697222113609314,0.9947368421052631,
qwen/qwen3.6-27b,Alternative Uses Task,"List exactly 10 alternative, uncommon uses for the following object. Provide only a numbered list (1-10), with one use per line and no explanations.",Towel,Effective,"Task: List exactly 10 alternative, uncommon uses for the following object. Provide only a numbered list (1-10), with one use per line and no explanations.
Target: Towel
Condition: Be effective.","
1. Temporary brake pedal cover for icy conditions
2. Sound-dampening material for home studio walls
3. Protective wrap for fragile items during moving
4. Improvised heat source for thawing frozen pipes
5. Grit-resistant surface for sharpening kitchen knives
6. Shock absorber for delicate electronics during transport
7. Odor-neutralizing liner for gym bags
8. Friction-enhancing grip for lifting heavy boxes
9. Emergency tourniquet in medical crises
10. Light-blocking curtain for light-sensitive photography",qwen3.6-27b,Grit-resistant surface for sharpening kitchen knives,0.9092268943786621,0.9947368421052631,
qwen/qwen3.6-27b,Alternative Uses Task,"List exactly 10 alternative, uncommon uses for the following object. Provide only a numbered list (1-10), with one use per line and no explanations.",Towel,Effective,"Task: List exactly 10 alternative, uncommon uses for the following object. Provide only a numbered list (1-10), with one use per line and no explanations.
Target: Towel
Condition: Be effective.","
1. Temporary brake pedal cover for icy conditions
2. Sound-dampening material for home studio walls
3. Protective wrap for fragile items during moving
4. Improvised heat source for thawing frozen pipes
5. Grit-resistant surface for sharpening kitchen knives
6. Shock absorber for delicate electronics during transport
7. Odor-neutralizing liner for gym bags
8. Friction-enhancing grip for lifting heavy boxes
9. Emergency tourniquet in medical crises
10. Light-blocking curtain for light-sensitive photography",qwen3.6-27b,Shock absorber for delicate electronics during transport,0.8982400298118591,0.9947368421052631,
qwen/qwen3.6-27b,Alternative Uses Task,"List exactly 10 alternative, uncommon uses for the following object. Provide only a numbered list (1-10), with one use per line and no explanations.",Towel,Effective,"Task: List exactly 10 alternative, uncommon uses for the following object. Provide only a numbered list (1-10), with one use per line and no explanations.
Target: Towel
Condition: Be effective.","
1. Temporary brake pedal cover for icy conditions
2. Sound-dampening material for home studio walls
3. Protective wrap for fragile items during moving
4. Improvised heat source for thawing frozen pipes
5. Grit-resistant surface for sharpening kitchen knives
6. Shock absorber for delicate electronics during transport
7. Odor-neutralizing liner for gym bags
8. Friction-enhancing grip for lifting heavy boxes
9. Emergency tourniquet in medical crises
10. Light-blocking curtain for light-sensitive photography",qwen3.6-27b,Odor-neutralizing liner for gym bags,0.7398849725723267,0.9947368421052631,
qwen/qwen3.6-27b,Alternative Uses Task,"List exactly 10 alternative, uncommon uses for the following object. Provide only a numbered list (1-10), with one use per line and no explanations.",Towel,Effective,"Task: List exactly 10 alternative, uncommon uses for the following object. Provide only a numbered list (1-10), with one use per line and no explanations.
Target: Towel
Condition: Be effective.","
1. Temporary brake pedal cover for icy conditions
2. Sound-dampening material for home studio walls
3. Protective wrap for fragile items during moving
4. Improvised heat source for thawing frozen pipes
5. Grit-resistant surface for sharpening kitchen knives
6. Shock absorber for delicate electronics during transport
7. Odor-neutralizing liner for gym bags
8. Friction-enhancing grip for lifting heavy boxes
9. Emergency tourniquet in medical crises
10. Light-blocking curtain for light-sensitive photography",qwen3.6-27b,Friction-enhancing grip for lifting heavy boxes,0.9063345193862915,0.9947368421052631,
qwen/qwen3.6-27b,Alternative Uses Task,"List exactly 10 alternative, uncommon uses for the following object. Provide only a numbered list (1-10), with one use per line and no explanations.",Towel,Effective,"Task: List exactly 10 alternative, uncommon uses for the following object. Provide only a numbered list (1-10), with one use per line and no explanations.
Target: Towel
Condition: Be effective.","
1. Temporary brake pedal cover for icy conditions
2. Sound-dampening material for home studio walls
3. Protective wrap for fragile items during moving
4. Improvised heat source for thawing frozen pipes
5. Grit-resistant surface for sharpening kitchen knives
6. Shock absorber for delicate electronics during transport
7. Odor-neutralizing liner for gym bags
8. Friction-enhancing grip for lifting heavy boxes
9. Emergency tourniquet in medical crises
10. Light-blocking curtain for light-sensitive photography",qwen3.6-27b,Emergency tourniquet in medical crises,0.6723006367683411,0.9947368421052631,
qwen/qwen3.6-27b,Alternative Uses Task,"List exactly 10 alternative, uncommon uses for the following object. Provide only a numbered list (1-10), with one use per line and no explanations.",Towel,Effective,"Task: List exactly 10 alternative, uncommon uses for the following object. Provide only a numbered list (1-10), with one use per line and no explanations.
Target: Towel
Condition: Be effective.","
1. Temporary brake pedal cover for icy conditions
2. Sound-dampening material for home studio walls
3. Protective wrap for fragile items during moving
4. Improvised heat source for thawing frozen pipes
5. Grit-resistant surface for sharpening kitchen knives
6. Shock absorber for delicate electronics during transport
7. Odor-neutralizing liner for gym bags
8. Friction-enhancing grip for lifting heavy boxes
9. Emergency tourniquet in medical crises
10. Light-blocking curtain for light-sensitive photography",qwen3.6-27b,Light-blocking curtain for light-sensitive photography,0.8167115449905396,0.9947368421052631,
qwen/qwen3.6-27b,Alternative Uses Task,"List exactly 10 alternative, uncommon uses for the following object. Provide only a numbered list (1-10), with one use per line and no explanations.",Towel,Boring,"Task: List exactly 10 alternative, uncommon uses for the following object. Provide only a numbered list (1-10), with one use per line and no explanations.
Target: Towel
Condition: Be boring.","
1. Placing it on the floor to prevent slipping
2. Covering a chair to absorb crumbs
3. Wiping up a small water spill
4. Drying off hands after washing
5. Covering a knee while sitting on a cold bench
6. Placing it under a glass to protect the table
7. Absorbing moisture from a damp towel rack
8. Covering a laptop to keep it warm
9. Placing it on a suitcase to hide dirt
10. Using it as a bookmark",qwen3.6-27b,Placing it on the floor to prevent slipping,0.8239415287971497,0.9947368421052631,
qwen/qwen3.6-27b,Alternative Uses Task,"List exactly 10 alternative, uncommon uses for the following object. Provide only a numbered list (1-10), with one use per line and no explanations.",Towel,Boring,"Task: List exactly 10 alternative, uncommon uses for the following object. Provide only a numbered list (1-10), with one use per line and no explanations.
Target: Towel
Condition: Be boring.","
1. Placing it on the floor to prevent slipping
2. Covering a chair to absorb crumbs
3. Wiping up a small water spill
4. Drying off hands after washing
5. Covering a knee while sitting on a cold bench
6. Placing it under a glass to protect the table
7. Absorbing moisture from a damp towel rack
8. Covering a laptop to keep it warm
9. Placing it on a suitcase to hide dirt
10. Using it as a bookmark",qwen3.6-27b,Covering a chair to absorb crumbs,0.7208430171012878,0.9947368421052631,
qwen/qwen3.6-27b,Alternative Uses Task,"List exactly 10 alternative, uncommon uses for the following object. Provide only a numbered list (1-10), with one use per line and no explanations.",Towel,Boring,"Task: List exactly 10 alternative, uncommon uses for the following object. Provide only a numbered list (1-10), with one use per line and no explanations.
Target: Towel
Condition: Be boring.","
1. Placing it on the floor to prevent slipping
2. Covering a chair to absorb crumbs
3. Wiping up a small water spill
4. Drying off hands after washing
5. Covering a knee while sitting on a cold bench
6. Placing it under a glass to protect the table
7. Absorbing moisture from a damp towel rack
8. Covering a laptop to keep it warm
9. Placing it on a suitcase to hide dirt
10. Using it as a bookmark",qwen3.6-27b,Wiping up a small water spill,0.6230695843696594,0.9947368421052631,
qwen/qwen3.6-27b,Alternative Uses Task,"List exactly 10 alternative, uncommon uses for the following object. Provide only a numbered list (1-10), with one use per line and no explanations.",Towel,Boring,"Task: List exactly 10 alternative, uncommon uses for the following object. Provide only a numbered list (1-10), with one use per line and no explanations.
Target: Towel
Condition: Be boring.","
1. Placing it on the floor to prevent slipping
2. Covering a chair to absorb crumbs
3. Wiping up a small water spill
4. Drying off hands after washing
5. Covering a knee while sitting on a cold bench
6. Placing it under a glass to protect the table
7. Absorbing moisture from a damp towel rack
8. Covering a laptop to keep it warm
9. Placing it on a suitcase to hide dirt
10. Using it as a bookmark",qwen3.6-27b,Drying off hands after washing,0.5996030569076538,0.9894736842105263,
qwen/qwen3.6-27b,Alternative Uses Task,"List exactly 10 alternative, uncommon uses for the following object. Provide only a numbered list (1-10), with one use per line and no explanations.",Towel,Boring,"Task: List exactly 10 alternative, uncommon uses for the following object. Provide only a numbered list (1-10), with one use per line and no explanations.
Target: Towel
Condition: Be boring.","
1. Placing it on the floor to prevent slipping
2. Covering a chair to absorb crumbs
3. Wiping up a small water spill
4. Drying off hands after washing
5. Covering a knee while sitting on a cold bench
6. Placing it under a glass to protect the table
7. Absorbing moisture from a damp towel rack
8. Covering a laptop to keep it warm
9. Placing it on a suitcase to hide dirt
10. Using it as a bookmark",qwen3.6-27b,Covering a knee while sitting on a cold bench,0.7675422430038452,0.9947368421052631,
qwen/qwen3.6-27b,Alternative Uses Task,"List exactly 10 alternative, uncommon uses for the following object. Provide only a numbered list (1-10), with one use per line and no explanations.",Towel,Boring,"Task: List exactly 10 alternative, uncommon uses for the following object. Provide only a numbered list (1-10), with one use per line and no explanations.
Target: Towel
Condition: Be boring.","
1. Placing it on the floor to prevent slipping
2. Covering a chair to absorb crumbs
3. Wiping up a small water spill
4. Drying off hands after washing
5. Covering a knee while sitting on a cold bench
6. Placing it under a glass to protect the table
7. Absorbing moisture from a damp towel rack
8. Covering a laptop to keep it warm
9. Placing it on a suitcase to hide dirt
10. Using it as a bookmark",qwen3.6-27b,Placing it under a glass to protect the table,0.8241562843322754,0.9947368421052631,
qwen/qwen3.6-27b,Alternative Uses Task,"List exactly 10 alternative, uncommon uses for the following object. Provide only a numbered list (1-10), with one use per line and no explanations.",Towel,Boring,"Task: List exactly 10 alternative, uncommon uses for the following object. Provide only a numbered list (1-10), with one use per line and no explanations.
Target: Towel
Condition: Be boring.","
1. Placing it on the floor to prevent slipping
2. Covering a chair to absorb crumbs
3. Wiping up a small water spill
4. Drying off hands after washing
5. Covering a knee while sitting on a cold bench
6. Placing it under a glass to protect the table
7. Absorbing moisture from a damp towel rack
8. Covering a laptop to keep it warm
9. Placing it on a suitcase to hide dirt
10. Using it as a bookmark",qwen3.6-27b,Absorbing moisture from a damp towel rack,0.5303215980529785,0.9947368421052631,
qwen/qwen3.6-27b,Alternative Uses Task,"List exactly 10 alternative, uncommon uses for the following object. Provide only a numbered list (1-10), with one use per line and no explanations.",Towel,Boring,"Task: List exactly 10 alternative, uncommon uses for the following object. Provide only a numbered list (1-10), with one use per line and no explanations.
Target: Towel
Condition: Be boring.","
1. Placing it on the floor to prevent slipping
2. Covering a chair to absorb crumbs
3. Wiping up a small water spill
4. Drying off hands after washing
5. Covering a knee while sitting on a cold bench
6. Placing it under a glass to protect the table
7. Absorbing moisture from a damp towel rack
8. Covering a laptop to keep it warm
9. Placing it on a suitcase to hide dirt
10. Using it as a bookmark",qwen3.6-27b,Covering a laptop to keep it warm,0.8660058379173279,0.9947368421052631,
qwen/qwen3.6-27b,Alternative Uses Task,"List exactly 10 alternative, uncommon uses for the following object. Provide only a numbered list (1-10), with one use per line and no explanations.",Towel,Boring,"Task: List exactly 10 alternative, uncommon uses for the following object. Provide only a numbered list (1-10), with one use per line and no explanations.
Target: Towel
Condition: Be boring.","
1. Placing it on the floor to prevent slipping
2. Covering a chair to absorb crumbs
3. Wiping up a small water spill
4. Drying off hands after washing
5. Covering a knee while sitting on a cold bench
6. Placing it under a glass to protect the table
7. Absorbing moisture from a damp towel rack
8. Covering a laptop to keep it warm
9. Placing it on a suitcase to hide dirt
10. Using it as a bookmark",qwen3.6-27b,Placing it on a suitcase to hide dirt,0.6263246536254883,0.9947368421052631,
qwen/qwen3.6-27b,Alternative Uses Task,"List exactly 10 alternative, uncommon uses for the following object. Provide only a numbered list (1-10), with one use per line and no explanations.",Towel,Boring,"Task: List exactly 10 alternative, uncommon uses for the following object. Provide only a numbered list (1-10), with one use per line and no explanations.
Target: Towel
Condition: Be boring.","
1. Placing it on the floor to prevent slipping
2. Covering a chair to absorb crumbs
3. Wiping up a small water spill
4. Drying off hands after washing
5. Covering a knee while sitting on a cold bench
6. Placing it under a glass to protect the table
7. Absorbing moisture from a damp towel rack
8. Covering a laptop to keep it warm
9. Placing it on a suitcase to hide dirt
10. Using it as a bookmark",qwen3.6-27b,Using it as a bookmark,0.9597634077072144,0.9947368421052631,
qwen/qwen3.6-27b,Alternative Uses Task,"List exactly 10 alternative, uncommon uses for the following object. Provide only a numbered list (1-10), with one use per line and no explanations.",Towel,Conventional,"Task: List exactly 10 alternative, uncommon uses for the following object. Provide only a numbered list (1-10), with one use per line and no explanations.
Target: Towel
Condition: Be conventional.","
1. Wiping sweat from the face at the gym
2. Drying off after a shower
3. Polishing silverware
4. Drying dishes after washing
5. Cleaning up spilled liquids in the kitchen
6. Drying hair after washing
7. Wiping down bathroom mirrors
8. Drying paws after a dog bath
9. Cleaning car windows
10. Drying hands after washing",qwen3.6-27b,Wiping sweat from the face at the gym,0.6286875009536743,0.9947368421052631,
qwen/qwen3.6-27b,Alternative Uses Task,"List exactly 10 alternative, uncommon uses for the following object. Provide only a numbered list (1-10), with one use per line and no explanations.",Towel,Conventional,"Task: List exactly 10 alternative, uncommon uses for the following object. Provide only a numbered list (1-10), with one use per line and no explanations.
Target: Towel
Condition: Be conventional.","
1. Wiping sweat from the face at the gym
2. Drying off after a shower
3. Polishing silverware
4. Drying dishes after washing
5. Cleaning up spilled liquids in the kitchen
6. Drying hair after washing
7. Wiping down bathroom mirrors
8. Drying paws after a dog bath
9. Cleaning car windows
10. Drying hands after washing",qwen3.6-27b,Drying off after a shower,0.5518441200256348,0.9947368421052631,
qwen/qwen3.6-27b,Alternative Uses Task,"List exactly 10 alternative, uncommon uses for the following object. Provide only a numbered list (1-10), with one use per line and no explanations.",Towel,Conventional,"Task: List exactly 10 alternative, uncommon uses for the following object. Provide only a numbered list (1-10), with one use per line and no explanations.
Target: Towel
Condition: Be conventional.","
1. Wiping sweat from the face at the gym
2. Drying off after a shower
3. Polishing silverware
4. Drying dishes after washing
5. Cleaning up spilled liquids in the kitchen
6. Drying hair after washing
7. Wiping down bathroom mirrors
8. Drying paws after a dog bath
9. Cleaning car windows
10. Drying hands after washing",qwen3.6-27b,Polishing silverware,0.9027604460716248,0.9947368421052631,
qwen/qwen3.6-27b,Alternative Uses Task,"List exactly 10 alternative, uncommon uses for the following object. Provide only a numbered list (1-10), with one use per line and no explanations.",Towel,Conventional,"Task: List exactly 10 alternative, uncommon uses for the following object. Provide only a numbered list (1-10), with one use per line and no explanations.
Target: Towel
Condition: Be conventional.","
1. Wiping sweat from the face at the gym
2. Drying off after a shower
3. Polishing silverware
4. Drying dishes after washing
5. Cleaning up spilled liquids in the kitchen
6. Drying hair after washing
7. Wiping down bathroom mirrors
8. Drying paws after a dog bath
9. Cleaning car windows
10. Drying hands after washing",qwen3.6-27b,Drying dishes after washing,0.6669257283210754,0.9947368421052631,
qwen/qwen3.6-27b,Alternative Uses Task,"List exactly 10 alternative, uncommon uses for the following object. Provide only a numbered list (1-10), with one use per line and no explanations.",Towel,Conventional,"Task: List exactly 10 alternative, uncommon uses for the following object. Provide only a numbered list (1-10), with one use per line and no explanations.
Target: Towel
Condition: Be conventional.","
1. Wiping sweat from the face at the gym
2. Drying off after a shower
3. Polishing silverware
4. Drying dishes after washing
5. Cleaning up spilled liquids in the kitchen
6. Drying hair after washing
7. Wiping down bathroom mirrors
8. Drying paws after a dog bath
9. Cleaning car windows
10. Drying hands after washing",qwen3.6-27b,Cleaning up spilled liquids in the kitchen,0.7498440742492676,0.9947368421052631,
qwen/qwen3.6-27b,Alternative Uses Task,"List exactly 10 alternative, uncommon uses for the following object. Provide only a numbered list (1-10), with one use per line and no explanations.",Towel,Conventional,"Task: List exactly 10 alternative, uncommon uses for the following object. Provide only a numbered list (1-10), with one use per line and no explanations.
Target: Towel
Condition: Be conventional.","
1. Wiping sweat from the face at the gym
2. Drying off after a shower
3. Polishing silverware
4. Drying dishes after washing
5. Cleaning up spilled liquids in the kitchen
6. Drying hair after washing
7. Wiping down bathroom mirrors
8. Drying paws after a dog bath
9. Cleaning car windows
10. Drying hands after washing",qwen3.6-27b,Drying hair after washing,0.6783781051635742,0.9947368421052631,
qwen/qwen3.6-27b,Alternative Uses Task,"List exactly 10 alternative, uncommon uses for the following object. Provide only a numbered list (1-10), with one use per line and no explanations.",Towel,Conventional,"Task: List exactly 10 alternative, uncommon uses for the following object. Provide only a numbered list (1-10), with one use per line and no explanations.
Target: Towel
Condition: Be conventional.","
1. Wiping sweat from the face at the gym
2. Drying off after a shower
3. Polishing silverware
4. Drying dishes after washing
5. Cleaning up spilled liquids in the kitchen
6. Drying hair after washing
7. Wiping down bathroom mirrors
8. Drying paws after a dog bath
9. Cleaning car windows
10. Drying hands after washing",qwen3.6-27b,Wiping down bathroom mirrors,0.6892778873443604,0.9947368421052631,
qwen/qwen3.6-27b,Alternative Uses Task,"List exactly 10 alternative, uncommon uses for the following object. Provide only a numbered list (1-10), with one use per line and no explanations.",Towel,Conventional,"Task: List exactly 10 alternative, uncommon uses for the following object. Provide only a numbered list (1-10), with one use per line and no explanations.
Target: Towel
Condition: Be conventional.","
1. Wiping sweat from the face at the gym
2. Drying off after a shower
3. Polishing silverware
4. Drying dishes after washing
5. Cleaning up spilled liquids in the kitchen
6. Drying hair after washing
7. Wiping down bathroom mirrors
8. Drying paws after a dog bath
9. Cleaning car windows
10. Drying hands after washing",qwen3.6-27b,Drying paws after a dog bath,0.6674052476882935,0.9947368421052631,
qwen/qwen3.6-27b,Alternative Uses Task,"List exactly 10 alternative, uncommon uses for the following object. Provide only a numbered list (1-10), with one use per line and no explanations.",Towel,Conventional,"Task: List exactly 10 alternative, uncommon uses for the following object. Provide only a numbered list (1-10), with one use per line and no explanations.
Target: Towel
Condition: Be conventional.","
1. Wiping sweat from the face at the gym
2. Drying off after a shower
3. Polishing silverware
4. Drying dishes after washing
5. Cleaning up spilled liquids in the kitchen
6. Drying hair after washing
7. Wiping down bathroom mirrors
8. Drying paws after a dog bath
9. Cleaning car windows
10. Drying hands after washing",qwen3.6-27b,Cleaning car windows,0.8307549953460693,0.9947368421052631,
qwen/qwen3.6-27b,Alternative Uses Task,"List exactly 10 alternative, uncommon uses for the following object. Provide only a numbered list (1-10), with one use per line and no explanations.",Towel,Conventional,"Task: List exactly 10 alternative, uncommon uses for the following object. Provide only a numbered list (1-10), with one use per line and no explanations.
Target: Towel
Condition: Be conventional.","
1. Wiping sweat from the face at the gym
2. Drying off after a shower
3. Polishing silverware
4. Drying dishes after washing
5. Cleaning up spilled liquids in the kitchen
6. Drying hair after washing
7. Wiping down bathroom mirrors
8. Drying paws after a dog bath
9. Cleaning car windows
10. Drying hands after washing",qwen3.6-27b,Drying hands after washing,0.5976392030715942,0.9894736842105263,
qwen/qwen3.6-27b,Alternative Uses Task,"List exactly 10 alternative, uncommon uses for the following object. Provide only a numbered list (1-10), with one use per line and no explanations.",Newspaper,Standard,"Task: List exactly 10 alternative, uncommon uses for the following object. Provide only a numbered list (1-10), with one use per line and no explanations.
Target: Newspaper","
1. Polishing silverware to remove tarnish
2. Creating a lightweight papier-mâché mold
3. Stuffing shoes to maintain their shape while drying
4. Lining shelves to absorb paint fumes or spills
5. Wrapping fragile glassware for moving
6. Using as a fire starter in a wood-burning stove
7. Making a temporary hair setting roller
8. Absorbing grease from a deep fryer or baked goods
9. Creating a rustic texture for abstract painting backgrounds
10. Blocking light to create a makeshift blind for a camera lens",qwen3.6-27b,Polishing silverware to remove tarnish,1.0401540994644165,0.989010989010989,
qwen/qwen3.6-27b,Alternative Uses Task,"List exactly 10 alternative, uncommon uses for the following object. Provide only a numbered list (1-10), with one use per line and no explanations.",Newspaper,Standard,"Task: List exactly 10 alternative, uncommon uses for the following object. Provide only a numbered list (1-10), with one use per line and no explanations.
Target: Newspaper","
1. Polishing silverware to remove tarnish
2. Creating a lightweight papier-mâché mold
3. Stuffing shoes to maintain their shape while drying
4. Lining shelves to absorb paint fumes or spills
5. Wrapping fragile glassware for moving
6. Using as a fire starter in a wood-burning stove
7. Making a temporary hair setting roller
8. Absorbing grease from a deep fryer or baked goods
9. Creating a rustic texture for abstract painting backgrounds
10. Blocking light to create a makeshift blind for a camera lens",qwen3.6-27b,Creating a lightweight papier-mâché mold,0.9441447854042053,0.9945054945054945,
qwen/qwen3.6-27b,Alternative Uses Task,"List exactly 10 alternative, uncommon uses for the following object. Provide only a numbered list (1-10), with one use per line and no explanations.",Newspaper,Standard,"Task: List exactly 10 alternative, uncommon uses for the following object. Provide only a numbered list (1-10), with one use per line and no explanations.
Target: Newspaper","
1. Polishing silverware to remove tarnish
2. Creating a lightweight papier-mâché mold
3. Stuffing shoes to maintain their shape while drying
4. Lining shelves to absorb paint fumes or spills
5. Wrapping fragile glassware for moving
6. Using as a fire starter in a wood-burning stove
7. Making a temporary hair setting roller
8. Absorbing grease from a deep fryer or baked goods
9. Creating a rustic texture for abstract painting backgrounds
10. Blocking light to create a makeshift blind for a camera lens",qwen3.6-27b,Stuffing shoes to maintain their shape while drying,0.9751867651939392,0.989010989010989,
qwen/qwen3.6-27b,Alternative Uses Task,"List exactly 10 alternative, uncommon uses for the following object. Provide only a numbered list (1-10), with one use per line and no explanations.",Newspaper,Standard,"Task: List exactly 10 alternative, uncommon uses for the following object. Provide only a numbered list (1-10), with one use per line and no explanations.
Target: Newspaper","
1. Polishing silverware to remove tarnish
2. Creating a lightweight papier-mâché mold
3. Stuffing shoes to maintain their shape while drying
4. Lining shelves to absorb paint fumes or spills
5. Wrapping fragile glassware for moving
6. Using as a fire starter in a wood-burning stove
7. Making a temporary hair setting roller
8. Absorbing grease from a deep fryer or baked goods
9. Creating a rustic texture for abstract painting backgrounds
10. Blocking light to create a makeshift blind for a camera lens",qwen3.6-27b,Lining shelves to absorb paint fumes or spills,0.9551978707313538,0.9945054945054945,
qwen/qwen3.6-27b,Alternative Uses Task,"List exactly 10 alternative, uncommon uses for the following object. Provide only a numbered list (1-10), with one use per line and no explanations.",Newspaper,Standard,"Task: List exactly 10 alternative, uncommon uses for the following object. Provide only a numbered list (1-10), with one use per line and no explanations.
Target: Newspaper","
1. Polishing silverware to remove tarnish
2. Creating a lightweight papier-mâché mold
3. Stuffing shoes to maintain their shape while drying
4. Lining shelves to absorb paint fumes or spills
5. Wrapping fragile glassware for moving
6. Using as a fire starter in a wood-burning stove
7. Making a temporary hair setting roller
8. Absorbing grease from a deep fryer or baked goods
9. Creating a rustic texture for abstract painting backgrounds
10. Blocking light to create a makeshift blind for a camera lens",qwen3.6-27b,Wrapping fragile glassware for moving,1.0100717544555664,0.9945054945054945,
qwen/qwen3.6-27b,Alternative Uses Task,"List exactly 10 alternative, uncommon uses for the following object. Provide only a numbered list (1-10), with one use per line and no explanations.",Newspaper,Standard,"Task: List exactly 10 alternative, uncommon uses for the following object. Provide only a numbered list (1-10), with one use per line and no explanations.
Target: Newspaper","
1. Polishing silverware to remove tarnish
2. Creating a lightweight papier-mâché mold
3. Stuffing shoes to maintain their shape while drying
4. Lining shelves to absorb paint fumes or spills
5. Wrapping fragile glassware for moving
6. Using as a fire starter in a wood-burning stove
7. Making a temporary hair setting roller
8. Absorbing grease from a deep fryer or baked goods
9. Creating a rustic texture for abstract painting backgrounds
10. Blocking light to create a makeshift blind for a camera lens",qwen3.6-27b,Using as a fire starter in a wood-burning stove,0.9356021881103516,0.9945054945054945,
qwen/qwen3.6-27b,Alternative Uses Task,"List exactly 10 alternative, uncommon uses for the following object. Provide only a numbered list (1-10), with one use per line and no explanations.",Newspaper,Standard,"Task: List exactly 10 alternative, uncommon uses for the following object. Provide only a numbered list (1-10), with one use per line and no explanations.
Target: Newspaper","
1. Polishing silverware to remove tarnish
2. Creating a lightweight papier-mâché mold
3. Stuffing shoes to maintain their shape while drying
4. Lining shelves to absorb paint fumes or spills
5. Wrapping fragile glassware for moving
6. Using as a fire starter in a wood-burning stove
7. Making a temporary hair setting roller
8. Absorbing grease from a deep fryer or baked goods
9. Creating a rustic texture for abstract painting backgrounds
10. Blocking light to create a makeshift blind for a camera lens",qwen3.6-27b,Making a temporary hair setting roller,0.9578805565834045,0.9945054945054945,
qwen/qwen3.6-27b,Alternative Uses Task,"List exactly 10 alternative, uncommon uses for the following object. Provide only a numbered list (1-10), with one use per line and no explanations.",Newspaper,Standard,"Task: List exactly 10 alternative, uncommon uses for the following object. Provide only a numbered list (1-10), with one use per line and no explanations.
Target: Newspaper","
1. Polishing silverware to remove tarnish
2. Creating a lightweight papier-mâché mold
3. Stuffing shoes to maintain their shape while drying
4. Lining shelves to absorb paint fumes or spills
5. Wrapping fragile glassware for moving
6. Using as a fire starter in a wood-burning stove
7. Making a temporary hair setting roller
8. Absorbing grease from a deep fryer or baked goods
9. Creating a rustic texture for abstract painting backgrounds
10. Blocking light to create a makeshift blind for a camera lens",qwen3.6-27b,Absorbing grease from a deep fryer or baked goods,1.0192331075668335,0.9945054945054945,
qwen/qwen3.6-27b,Alternative Uses Task,"List exactly 10 alternative, uncommon uses for the following object. Provide only a numbered list (1-10), with one use per line and no explanations.",Newspaper,Standard,"Task: List exactly 10 alternative, uncommon uses for the following object. Provide only a numbered list (1-10), with one use per line and no explanations.
Target: Newspaper","
1. Polishing silverware to remove tarnish
2. Creating a lightweight papier-mâché mold
3. Stuffing shoes to maintain their shape while drying
4. Lining shelves to absorb paint fumes or spills
5. Wrapping fragile glassware for moving
6. Using as a fire starter in a wood-burning stove
7. Making a temporary hair setting roller
8. Absorbing grease from a deep fryer or baked goods
9. Creating a rustic texture for abstract painting backgrounds
10. Blocking light to create a makeshift blind for a camera lens",qwen3.6-27b,Creating a rustic texture for abstract painting backgrounds,0.94277423620224,0.9945054945054945,
qwen/qwen3.6-27b,Alternative Uses Task,"List exactly 10 alternative, uncommon uses for the following object. Provide only a numbered list (1-10), with one use per line and no explanations.",Newspaper,Standard,"Task: List exactly 10 alternative, uncommon uses for the following object. Provide only a numbered list (1-10), with one use per line and no explanations.
Target: Newspaper","
1. Polishing silverware to remove tarnish
2. Creating a lightweight papier-mâché mold
3. Stuffing shoes to maintain their shape while drying
4. Lining shelves to absorb paint fumes or spills
5. Wrapping fragile glassware for moving
6. Using as a fire starter in a wood-burning stove
7. Making a temporary hair setting roller
8. Absorbing grease from a deep fryer or baked goods
9. Creating a rustic texture for abstract painting backgrounds
10. Blocking light to create a makeshift blind for a camera lens",qwen3.6-27b,Blocking light to create a makeshift blind for a camera lens,0.9021927118301392,0.9945054945054945,
qwen/qwen3.6-27b,Alternative Uses Task,"List exactly 10 alternative, uncommon uses for the following object. Provide only a numbered list (1-10), with one use per line and no explanations.",Newspaper,Creative,"Task: List exactly 10 alternative, uncommon uses for the following object. Provide only a numbered list (1-10), with one use per line and no explanations.
Target: Newspaper
Condition: Be creative.","
1. Natural stain remover for grease on upholstery
2. Emergency fire starter for camping
3. Odor absorber inside new shoes
4. Protective wrapping for fragile houseplants during moving
5. Damp cloth substitute for polishing wood furniture
6. Drain protector to catch hair while showering
7. Creative material for papier-mâché sculpting
8. Natural pesticide barrier for garden pests
9. DIY dog poop bag alternative
10. Insulating layer under rugs to prevent slipping",qwen3.6-27b,Natural stain remover for grease on upholstery,0.8948681950569153,0.9945054945054945,
qwen/qwen3.6-27b,Alternative Uses Task,"List exactly 10 alternative, uncommon uses for the following object. Provide only a numbered list (1-10), with one use per line and no explanations.",Newspaper,Creative,"Task: List exactly 10 alternative, uncommon uses for the following object. Provide only a numbered list (1-10), with one use per line and no explanations.
Target: Newspaper
Condition: Be creative.","
1. Natural stain remover for grease on upholstery
2. Emergency fire starter for camping
3. Odor absorber inside new shoes
4. Protective wrapping for fragile houseplants during moving
5. Damp cloth substitute for polishing wood furniture
6. Drain protector to catch hair while showering
7. Creative material for papier-mâché sculpting
8. Natural pesticide barrier for garden pests
9. DIY dog poop bag alternative
10. Insulating layer under rugs to prevent slipping",qwen3.6-27b,Emergency fire starter for camping,0.901996910572052,0.978021978021978,
qwen/qwen3.6-27b,Alternative Uses Task,"List exactly 10 alternative, uncommon uses for the following object. Provide only a numbered list (1-10), with one use per line and no explanations.",Newspaper,Creative,"Task: List exactly 10 alternative, uncommon uses for the following object. Provide only a numbered list (1-10), with one use per line and no explanations.
Target: Newspaper
Condition: Be creative.","
1. Natural stain remover for grease on upholstery
2. Emergency fire starter for camping
3. Odor absorber inside new shoes
4. Protective wrapping for fragile houseplants during moving
5. Damp cloth substitute for polishing wood furniture
6. Drain protector to catch hair while showering
7. Creative material for papier-mâché sculpting
8. Natural pesticide barrier for garden pests
9. DIY dog poop bag alternative
10. Insulating layer under rugs to prevent slipping",qwen3.6-27b,Odor absorber inside new shoes,0.9425190687179565,0.989010989010989,
qwen/qwen3.6-27b,Alternative Uses Task,"List exactly 10 alternative, uncommon uses for the following object. Provide only a numbered list (1-10), with one use per line and no explanations.",Newspaper,Creative,"Task: List exactly 10 alternative, uncommon uses for the following object. Provide only a numbered list (1-10), with one use per line and no explanations.
Target: Newspaper
Condition: Be creative.","
1. Natural stain remover for grease on upholstery
2. Emergency fire starter for camping
3. Odor absorber inside new shoes
4. Protective wrapping for fragile houseplants during moving
5. Damp cloth substitute for polishing wood furniture
6. Drain protector to catch hair while showering
7. Creative material for papier-mâché sculpting
8. Natural pesticide barrier for garden pests
9. DIY dog poop bag alternative
10. Insulating layer under rugs to prevent slipping",qwen3.6-27b,Protective wrapping for fragile houseplants during moving,0.9766671061515808,0.9945054945054945,
qwen/qwen3.6-27b,Alternative Uses Task,"List exactly 10 alternative, uncommon uses for the following object. Provide only a numbered list (1-10), with one use per line and no explanations.",Newspaper,Creative,"Task: List exactly 10 alternative, uncommon uses for the following object. Provide only a numbered list (1-10), with one use per line and no explanations.
Target: Newspaper
Condition: Be creative.","
1. Natural stain remover for grease on upholstery
2. Emergency fire starter for camping
3. Odor absorber inside new shoes
4. Protective wrapping for fragile houseplants during moving
5. Damp cloth substitute for polishing wood furniture
6. Drain protector to catch hair while showering
7. Creative material for papier-mâché sculpting
8. Natural pesticide barrier for garden pests
9. DIY dog poop bag alternative
10. Insulating layer under rugs to prevent slipping",qwen3.6-27b,Damp cloth substitute for polishing wood furniture,0.9496476054191589,0.9945054945054945,
qwen/qwen3.6-27b,Alternative Uses Task,"List exactly 10 alternative, uncommon uses for the following object. Provide only a numbered list (1-10), with one use per line and no explanations.",Newspaper,Creative,"Task: List exactly 10 alternative, uncommon uses for the following object. Provide only a numbered list (1-10), with one use per line and no explanations.
Target: Newspaper
Condition: Be creative.","
1. Natural stain remover for grease on upholstery
2. Emergency fire starter for camping
3. Odor absorber inside new shoes
4. Protective wrapping for fragile houseplants during moving
5. Damp cloth substitute for polishing wood furniture
6. Drain protector to catch hair while showering
7. Creative material for papier-mâché sculpting
8. Natural pesticide barrier for garden pests
9. DIY dog poop bag alternative
10. Insulating layer under rugs to prevent slipping",qwen3.6-27b,Drain protector to catch hair while showering,0.9467722773551941,0.9945054945054945,
qwen/qwen3.6-27b,Alternative Uses Task,"List exactly 10 alternative, uncommon uses for the following object. Provide only a numbered list (1-10), with one use per line and no explanations.",Newspaper,Creative,"Task: List exactly 10 alternative, uncommon uses for the following object. Provide only a numbered list (1-10), with one use per line and no explanations.
Target: Newspaper
Condition: Be creative.","
1. Natural stain remover for grease on upholstery
2. Emergency fire starter for camping
3. Odor absorber inside new shoes
4. Protective wrapping for fragile houseplants during moving
5. Damp cloth substitute for polishing wood furniture
6. Drain protector to catch hair while showering
7. Creative material for papier-mâché sculpting
8. Natural pesticide barrier for garden pests
9. DIY dog poop bag alternative
10. Insulating layer under rugs to prevent slipping",qwen3.6-27b,Creative material for papier-mâché sculpting,0.891284704208374,0.9945054945054945,
qwen/qwen3.6-27b,Alternative Uses Task,"List exactly 10 alternative, uncommon uses for the following object. Provide only a numbered list (1-10), with one use per line and no explanations.",Newspaper,Creative,"Task: List exactly 10 alternative, uncommon uses for the following object. Provide only a numbered list (1-10), with one use per line and no explanations.
Target: Newspaper
Condition: Be creative.","
1. Natural stain remover for grease on upholstery
2. Emergency fire starter for camping
3. Odor absorber inside new shoes
4. Protective wrapping for fragile houseplants during moving
5. Damp cloth substitute for polishing wood furniture
6. Drain protector to catch hair while showering
7. Creative material for papier-mâché sculpting
8. Natural pesticide barrier for garden pests
9. DIY dog poop bag alternative
10. Insulating layer under rugs to prevent slipping",qwen3.6-27b,Natural pesticide barrier for garden pests,0.915752649307251,0.9945054945054945,
qwen/qwen3.6-27b,Alternative Uses Task,"List exactly 10 alternative, uncommon uses for the following object. Provide only a numbered list (1-10), with one use per line and no explanations.",Newspaper,Creative,"Task: List exactly 10 alternative, uncommon uses for the following object. Provide only a numbered list (1-10), with one use per line and no explanations.
Target: Newspaper
Condition: Be creative.","
1. Natural stain remover for grease on upholstery
2. Emergency fire starter for camping
3. Odor absorber inside new shoes
4. Protective wrapping for fragile houseplants during moving
5. Damp cloth substitute for polishing wood furniture
6. Drain protector to catch hair while showering
7. Creative material for papier-mâché sculpting
8. Natural pesticide barrier for garden pests
9. DIY dog poop bag alternative
10. Insulating layer under rugs to prevent slipping",qwen3.6-27b,DIY dog poop bag alternative,0.8959020376205444,0.9945054945054945,
qwen/qwen3.6-27b,Alternative Uses Task,"List exactly 10 alternative, uncommon uses for the following object. Provide only a numbered list (1-10), with one use per line and no explanations.",Newspaper,Creative,"Task: List exactly 10 alternative, uncommon uses for the following object. Provide only a numbered list (1-10), with one use per line and no explanations.
Target: Newspaper
Condition: Be creative.","
1. Natural stain remover for grease on upholstery
2. Emergency fire starter for camping
3. Odor absorber inside new shoes
4. Protective wrapping for fragile houseplants during moving
5. Damp cloth substitute for polishing wood furniture
6. Drain protector to catch hair while showering
7. Creative material for papier-mâché sculpting
8. Natural pesticide barrier for garden pests
9. DIY dog poop bag alternative
10. Insulating layer under rugs to prevent slipping",qwen3.6-27b,Insulating layer under rugs to prevent slipping,0.9304681420326233,0.9945054945054945,
qwen/qwen3.6-27b,Alternative Uses Task,"List exactly 10 alternative, uncommon uses for the following object. Provide only a numbered list (1-10), with one use per line and no explanations.",Newspaper,Effective,"Task: List exactly 10 alternative, uncommon uses for the following object. Provide only a numbered list (1-10), with one use per line and no explanations.
Target: Newspaper
Condition: Be effective.","
1. Absorbent layer for cleaning up oil spills in a garage
2. Protective underlayment for painting to shield floors
3. Fire starter kindling for camping or fireplace ignition
4. Shredded filler material for wrapping fragile items in shipping boxes
5. Insulating draft stopper for gaps under doors or windows
6. Non-slip liner for drawers to prevent items from sliding
7. Moisture absorber to prevent silverware from tarnishing in storage
8. Masking template for creating stenciled patterns on walls
9. Bedding lining for small animal cages to manage waste
10. Polishing cloth for removing dust from furniture surfaces",qwen3.6-27b,Absorbent layer for cleaning up oil spills in a garage,0.8938552141189575,0.9945054945054945,
qwen/qwen3.6-27b,Alternative Uses Task,"List exactly 10 alternative, uncommon uses for the following object. Provide only a numbered list (1-10), with one use per line and no explanations.",Newspaper,Effective,"Task: List exactly 10 alternative, uncommon uses for the following object. Provide only a numbered list (1-10), with one use per line and no explanations.
Target: Newspaper
Condition: Be effective.","
1. Absorbent layer for cleaning up oil spills in a garage
2. Protective underlayment for painting to shield floors
3. Fire starter kindling for camping or fireplace ignition
4. Shredded filler material for wrapping fragile items in shipping boxes
5. Insulating draft stopper for gaps under doors or windows
6. Non-slip liner for drawers to prevent items from sliding
7. Moisture absorber to prevent silverware from tarnishing in storage
8. Masking template for creating stenciled patterns on walls
9. Bedding lining for small animal cages to manage waste
10. Polishing cloth for removing dust from furniture surfaces",qwen3.6-27b,Protective underlayment for painting to shield floors,0.980061948299408,0.9945054945054945,
qwen/qwen3.6-27b,Alternative Uses Task,"List exactly 10 alternative, uncommon uses for the following object. Provide only a numbered list (1-10), with one use per line and no explanations.",Newspaper,Effective,"Task: List exactly 10 alternative, uncommon uses for the following object. Provide only a numbered list (1-10), with one use per line and no explanations.
Target: Newspaper
Condition: Be effective.","
1. Absorbent layer for cleaning up oil spills in a garage
2. Protective underlayment for painting to shield floors
3. Fire starter kindling for camping or fireplace ignition
4. Shredded filler material for wrapping fragile items in shipping boxes
5. Insulating draft stopper for gaps under doors or windows
6. Non-slip liner for drawers to prevent items from sliding
7. Moisture absorber to prevent silverware from tarnishing in storage
8. Masking template for creating stenciled patterns on walls
9. Bedding lining for small animal cages to manage waste
10. Polishing cloth for removing dust from furniture surfaces",qwen3.6-27b,Fire starter kindling for camping or fireplace ignition,0.9398960471153259,0.978021978021978,
qwen/qwen3.6-27b,Alternative Uses Task,"List exactly 10 alternative, uncommon uses for the following object. Provide only a numbered list (1-10), with one use per line and no explanations.",Newspaper,Effective,"Task: List exactly 10 alternative, uncommon uses for the following object. Provide only a numbered list (1-10), with one use per line and no explanations.
Target: Newspaper
Condition: Be effective.","
1. Absorbent layer for cleaning up oil spills in a garage
2. Protective underlayment for painting to shield floors
3. Fire starter kindling for camping or fireplace ignition
4. Shredded filler material for wrapping fragile items in shipping boxes
5. Insulating draft stopper for gaps under doors or windows
6. Non-slip liner for drawers to prevent items from sliding
7. Moisture absorber to prevent silverware from tarnishing in storage
8. Masking template for creating stenciled patterns on walls
9. Bedding lining for small animal cages to manage waste
10. Polishing cloth for removing dust from furniture surfaces",qwen3.6-27b,Shredded filler material for wrapping fragile items in shipping boxes,0.8375632762908936,0.9945054945054945,
qwen/qwen3.6-27b,Alternative Uses Task,"List exactly 10 alternative, uncommon uses for the following object. Provide only a numbered list (1-10), with one use per line and no explanations.",Newspaper,Effective,"Task: List exactly 10 alternative, uncommon uses for the following object. Provide only a numbered list (1-10), with one use per line and no explanations.
Target: Newspaper
Condition: Be effective.","
1. Absorbent layer for cleaning up oil spills in a garage
2. Protective underlayment for painting to shield floors
3. Fire starter kindling for camping or fireplace ignition
4. Shredded filler material for wrapping fragile items in shipping boxes
5. Insulating draft stopper for gaps under doors or windows
6. Non-slip liner for drawers to prevent items from sliding
7. Moisture absorber to prevent silverware from tarnishing in storage
8. Masking template for creating stenciled patterns on walls
9. Bedding lining for small animal cages to manage waste
10. Polishing cloth for removing dust from furniture surfaces",qwen3.6-27b,Insulating draft stopper for gaps under doors or windows,0.927180826663971,0.9945054945054945,
qwen/qwen3.6-27b,Alternative Uses Task,"List exactly 10 alternative, uncommon uses for the following object. Provide only a numbered list (1-10), with one use per line and no explanations.",Newspaper,Effective,"Task: List exactly 10 alternative, uncommon uses for the following object. Provide only a numbered list (1-10), with one use per line and no explanations.
Target: Newspaper
Condition: Be effective.","
1. Absorbent layer for cleaning up oil spills in a garage
2. Protective underlayment for painting to shield floors
3. Fire starter kindling for camping or fireplace ignition
4. Shredded filler material for wrapping fragile items in shipping boxes
5. Insulating draft stopper for gaps under doors or windows
6. Non-slip liner for drawers to prevent items from sliding
7. Moisture absorber to prevent silverware from tarnishing in storage
8. Masking template for creating stenciled patterns on walls
9. Bedding lining for small animal cages to manage waste
10. Polishing cloth for removing dust from furniture surfaces",qwen3.6-27b,Non-slip liner for drawers to prevent items from sliding,0.9624159932136536,0.9945054945054945,
qwen/qwen3.6-27b,Alternative Uses Task,"List exactly 10 alternative, uncommon uses for the following object. Provide only a numbered list (1-10), with one use per line and no explanations.",Newspaper,Effective,"Task: List exactly 10 alternative, uncommon uses for the following object. Provide only a numbered list (1-10), with one use per line and no explanations.
Target: Newspaper
Condition: Be effective.","
1. Absorbent layer for cleaning up oil spills in a garage
2. Protective underlayment for painting to shield floors
3. Fire starter kindling for camping or fireplace ignition
4. Shredded filler material for wrapping fragile items in shipping boxes
5. Insulating draft stopper for gaps under doors or windows
6. Non-slip liner for drawers to prevent items from sliding
7. Moisture absorber to prevent silverware from tarnishing in storage
8. Masking template for creating stenciled patterns on walls
9. Bedding lining for small animal cages to manage waste
10. Polishing cloth for removing dust from furniture surfaces",qwen3.6-27b,Moisture absorber to prevent silverware from tarnishing in storage,0.9627511501312256,0.9945054945054945,
qwen/qwen3.6-27b,Alternative Uses Task,"List exactly 10 alternative, uncommon uses for the following object. Provide only a numbered list (1-10), with one use per line and no explanations.",Newspaper,Effective,"Task: List exactly 10 alternative, uncommon uses for the following object. Provide only a numbered list (1-10), with one use per line and no explanations.
Target: Newspaper
Condition: Be effective.","
1. Absorbent layer for cleaning up oil spills in a garage
2. Protective underlayment for painting to shield floors
3. Fire starter kindling for camping or fireplace ignition
4. Shredded filler material for wrapping fragile items in shipping boxes
5. Insulating draft stopper for gaps under doors or windows
6. Non-slip liner for drawers to prevent items from sliding
7. Moisture absorber to prevent silverware from tarnishing in storage
8. Masking template for creating stenciled patterns on walls
9. Bedding lining for small animal cages to manage waste
10. Polishing cloth for removing dust from furniture surfaces",qwen3.6-27b,Masking template for creating stenciled patterns on walls,0.9309190511703491,0.9945054945054945,
qwen/qwen3.6-27b,Alternative Uses Task,"List exactly 10 alternative, uncommon uses for the following object. Provide only a numbered list (1-10), with one use per line and no explanations.",Newspaper,Effective,"Task: List exactly 10 alternative, uncommon uses for the following object. Provide only a numbered list (1-10), with one use per line and no explanations.
Target: Newspaper
Condition: Be effective.","
1. Absorbent layer for cleaning up oil spills in a garage
2. Protective underlayment for painting to shield floors
3. Fire starter kindling for camping or fireplace ignition
4. Shredded filler material for wrapping fragile items in shipping boxes
5. Insulating draft stopper for gaps under doors or windows
6. Non-slip liner for drawers to prevent items from sliding
7. Moisture absorber to prevent silverware from tarnishing in storage
8. Masking template for creating stenciled patterns on walls
9. Bedding lining for small animal cages to manage waste
10. Polishing cloth for removing dust from furniture surfaces",qwen3.6-27b,Bedding lining for small animal cages to manage waste,0.9368212819099426,0.9945054945054945,
qwen/qwen3.6-27b,Alternative Uses Task,"List exactly 10 alternative, uncommon uses for the following object. Provide only a numbered list (1-10), with one use per line and no explanations.",Newspaper,Effective,"Task: List exactly 10 alternative, uncommon uses for the following object. Provide only a numbered list (1-10), with one use per line and no explanations.
Target: Newspaper
Condition: Be effective.","
1. Absorbent layer for cleaning up oil spills in a garage
2. Protective underlayment for painting to shield floors
3. Fire starter kindling for camping or fireplace ignition
4. Shredded filler material for wrapping fragile items in shipping boxes
5. Insulating draft stopper for gaps under doors or windows
6. Non-slip liner for drawers to prevent items from sliding
7. Moisture absorber to prevent silverware from tarnishing in storage
8. Masking template for creating stenciled patterns on walls
9. Bedding lining for small animal cages to manage waste
10. Polishing cloth for removing dust from furniture surfaces",qwen3.6-27b,Polishing cloth for removing dust from furniture surfaces,0.9843375086784363,0.9945054945054945,
qwen/qwen3.6-27b,Alternative Uses Task,"List exactly 10 alternative, uncommon uses for the following object. Provide only a numbered list (1-10), with one use per line and no explanations.",Newspaper,Boring,"Task: List exactly 10 alternative, uncommon uses for the following object. Provide only a numbered list (1-10), with one use per line and no explanations.
Target: Newspaper
Condition: Be boring.","
1. Placing it flat on the floor to stand on while drying dishes.
2. Using it to cover a stack of mail that has not been opened yet.
3. Lining a wastebasket to prevent small crumbs from falling through the bottom mesh.
4. Placing it under a potted plant to catch condensation during watering.
5. Using it as a temporary coaster for a room-temperature glass of water.
6. Covering a chair with it to keep dust off while cleaning the room.
7. Placing it on a table to protect the surface while sorting old coins.
8. Using it to wrap a single, unwrapped cookie for later consumption.
9. Placing it under a foot to check for wetness after washing hands.
10. Using it to cover a small pile of laundry that needs to be folded later.",qwen3.6-27b,Placing it flat on the floor to stand on while drying dishes.,0.8381350040435791,0.9945054945054945,
qwen/qwen3.6-27b,Alternative Uses Task,"List exactly 10 alternative, uncommon uses for the following object. Provide only a numbered list (1-10), with one use per line and no explanations.",Newspaper,Boring,"Task: List exactly 10 alternative, uncommon uses for the following object. Provide only a numbered list (1-10), with one use per line and no explanations.
Target: Newspaper
Condition: Be boring.","
1. Placing it flat on the floor to stand on while drying dishes.
2. Using it to cover a stack of mail that has not been opened yet.
3. Lining a wastebasket to prevent small crumbs from falling through the bottom mesh.
4. Placing it under a potted plant to catch condensation during watering.
5. Using it as a temporary coaster for a room-temperature glass of water.
6. Covering a chair with it to keep dust off while cleaning the room.
7. Placing it on a table to protect the surface while sorting old coins.
8. Using it to wrap a single, unwrapped cookie for later consumption.
9. Placing it under a foot to check for wetness after washing hands.
10. Using it to cover a small pile of laundry that needs to be folded later.",qwen3.6-27b,Using it to cover a stack of mail that has not been opened yet.,0.7724178433418274,0.9945054945054945,
qwen/qwen3.6-27b,Alternative Uses Task,"List exactly 10 alternative, uncommon uses for the following object. Provide only a numbered list (1-10), with one use per line and no explanations.",Newspaper,Boring,"Task: List exactly 10 alternative, uncommon uses for the following object. Provide only a numbered list (1-10), with one use per line and no explanations.
Target: Newspaper
Condition: Be boring.","
1. Placing it flat on the floor to stand on while drying dishes.
2. Using it to cover a stack of mail that has not been opened yet.
3. Lining a wastebasket to prevent small crumbs from falling through the bottom mesh.
4. Placing it under a potted plant to catch condensation during watering.
5. Using it as a temporary coaster for a room-temperature glass of water.
6. Covering a chair with it to keep dust off while cleaning the room.
7. Placing it on a table to protect the surface while sorting old coins.
8. Using it to wrap a single, unwrapped cookie for later consumption.
9. Placing it under a foot to check for wetness after washing hands.
10. Using it to cover a small pile of laundry that needs to be folded later.",qwen3.6-27b,Lining a wastebasket to prevent small crumbs from falling through the bottom mesh.,0.8415981531143188,0.9945054945054945,
qwen/qwen3.6-27b,Alternative Uses Task,"List exactly 10 alternative, uncommon uses for the following object. Provide only a numbered list (1-10), with one use per line and no explanations.",Newspaper,Boring,"Task: List exactly 10 alternative, uncommon uses for the following object. Provide only a numbered list (1-10), with one use per line and no explanations.
Target: Newspaper
Condition: Be boring.","
1. Placing it flat on the floor to stand on while drying dishes.
2. Using it to cover a stack of mail that has not been opened yet.
3. Lining a wastebasket to prevent small crumbs from falling through the bottom mesh.
4. Placing it under a potted plant to catch condensation during watering.
5. Using it as a temporary coaster for a room-temperature glass of water.
6. Covering a chair with it to keep dust off while cleaning the room.
7. Placing it on a table to protect the surface while sorting old coins.
8. Using it to wrap a single, unwrapped cookie for later consumption.
9. Placing it under a foot to check for wetness after washing hands.
10. Using it to cover a small pile of laundry that needs to be folded later.",qwen3.6-27b,Placing it under a potted plant to catch condensation during watering.,0.8304587006568909,0.9945054945054945,
qwen/qwen3.6-27b,Alternative Uses Task,"List exactly 10 alternative, uncommon uses for the following object. Provide only a numbered list (1-10), with one use per line and no explanations.",Newspaper,Boring,"Task: List exactly 10 alternative, uncommon uses for the following object. Provide only a numbered list (1-10), with one use per line and no explanations.
Target: Newspaper
Condition: Be boring.","
1. Placing it flat on the floor to stand on while drying dishes.
2. Using it to cover a stack of mail that has not been opened yet.
3. Lining a wastebasket to prevent small crumbs from falling through the bottom mesh.
4. Placing it under a potted plant to catch condensation during watering.
5. Using it as a temporary coaster for a room-temperature glass of water.
6. Covering a chair with it to keep dust off while cleaning the room.
7. Placing it on a table to protect the surface while sorting old coins.
8. Using it to wrap a single, unwrapped cookie for later consumption.
9. Placing it under a foot to check for wetness after washing hands.
10. Using it to cover a small pile of laundry that needs to be folded later.",qwen3.6-27b,Using it as a temporary coaster for a room-temperature glass of water.,0.8622961044311523,0.9945054945054945,
qwen/qwen3.6-27b,Alternative Uses Task,"List exactly 10 alternative, uncommon uses for the following object. Provide only a numbered list (1-10), with one use per line and no explanations.",Newspaper,Boring,"Task: List exactly 10 alternative, uncommon uses for the following object. Provide only a numbered list (1-10), with one use per line and no explanations.
Target: Newspaper
Condition: Be boring.","
1. Placing it flat on the floor to stand on while drying dishes.
2. Using it to cover a stack of mail that has not been opened yet.
3. Lining a wastebasket to prevent small crumbs from falling through the bottom mesh.
4. Placing it under a potted plant to catch condensation during watering.
5. Using it as a temporary coaster for a room-temperature glass of water.
6. Covering a chair with it to keep dust off while cleaning the room.
7. Placing it on a table to protect the surface while sorting old coins.
8. Using it to wrap a single, unwrapped cookie for later consumption.
9. Placing it under a foot to check for wetness after washing hands.
10. Using it to cover a small pile of laundry that needs to be folded later.",qwen3.6-27b,Covering a chair with it to keep dust off while cleaning the room.,0.7962174415588379,0.9945054945054945,
qwen/qwen3.6-27b,Alternative Uses Task,"List exactly 10 alternative, uncommon uses for the following object. Provide only a numbered list (1-10), with one use per line and no explanations.",Newspaper,Boring,"Task: List exactly 10 alternative, uncommon uses for the following object. Provide only a numbered list (1-10), with one use per line and no explanations.
Target: Newspaper
Condition: Be boring.","
1. Placing it flat on the floor to stand on while drying dishes.
2. Using it to cover a stack of mail that has not been opened yet.
3. Lining a wastebasket to prevent small crumbs from falling through the bottom mesh.
4. Placing it under a potted plant to catch condensation during watering.
5. Using it as a temporary coaster for a room-temperature glass of water.
6. Covering a chair with it to keep dust off while cleaning the room.
7. Placing it on a table to protect the surface while sorting old coins.
8. Using it to wrap a single, unwrapped cookie for later consumption.
9. Placing it under a foot to check for wetness after washing hands.
10. Using it to cover a small pile of laundry that needs to be folded later.",qwen3.6-27b,Placing it on a table to protect the surface while sorting old coins.,0.8109320402145386,0.9945054945054945,
qwen/qwen3.6-27b,Alternative Uses Task,"List exactly 10 alternative, uncommon uses for the following object. Provide only a numbered list (1-10), with one use per line and no explanations.",Newspaper,Boring,"Task: List exactly 10 alternative, uncommon uses for the following object. Provide only a numbered list (1-10), with one use per line and no explanations.
Target: Newspaper
Condition: Be boring.","
1. Placing it flat on the floor to stand on while drying dishes.
2. Using it to cover a stack of mail that has not been opened yet.
3. Lining a wastebasket to prevent small crumbs from falling through the bottom mesh.
4. Placing it under a potted plant to catch condensation during watering.
5. Using it as a temporary coaster for a room-temperature glass of water.
6. Covering a chair with it to keep dust off while cleaning the room.
7. Placing it on a table to protect the surface while sorting old coins.
8. Using it to wrap a single, unwrapped cookie for later consumption.
9. Placing it under a foot to check for wetness after washing hands.
10. Using it to cover a small pile of laundry that needs to be folded later.",qwen3.6-27b,"Using it to wrap a single, unwrapped cookie for later consumption.",0.8168202638626099,0.9945054945054945,
qwen/qwen3.6-27b,Alternative Uses Task,"List exactly 10 alternative, uncommon uses for the following object. Provide only a numbered list (1-10), with one use per line and no explanations.",Newspaper,Boring,"Task: List exactly 10 alternative, uncommon uses for the following object. Provide only a numbered list (1-10), with one use per line and no explanations.
Target: Newspaper
Condition: Be boring.","
1. Placing it flat on the floor to stand on while drying dishes.
2. Using it to cover a stack of mail that has not been opened yet.
3. Lining a wastebasket to prevent small crumbs from falling through the bottom mesh.
4. Placing it under a potted plant to catch condensation during watering.
5. Using it as a temporary coaster for a room-temperature glass of water.
6. Covering a chair with it to keep dust off while cleaning the room.
7. Placing it on a table to protect the surface while sorting old coins.
8. Using it to wrap a single, unwrapped cookie for later consumption.
9. Placing it under a foot to check for wetness after washing hands.
10. Using it to cover a small pile of laundry that needs to be folded later.",qwen3.6-27b,Placing it under a foot to check for wetness after washing hands.,0.8359851241111755,0.9945054945054945,
qwen/qwen3.6-27b,Alternative Uses Task,"List exactly 10 alternative, uncommon uses for the following object. Provide only a numbered list (1-10), with one use per line and no explanations.",Newspaper,Boring,"Task: List exactly 10 alternative, uncommon uses for the following object. Provide only a numbered list (1-10), with one use per line and no explanations.
Target: Newspaper
Condition: Be boring.","
1. Placing it flat on the floor to stand on while drying dishes.
2. Using it to cover a stack of mail that has not been opened yet.
3. Lining a wastebasket to prevent small crumbs from falling through the bottom mesh.
4. Placing it under a potted plant to catch condensation during watering.
5. Using it as a temporary coaster for a room-temperature glass of water.
6. Covering a chair with it to keep dust off while cleaning the room.
7. Placing it on a table to protect the surface while sorting old coins.
8. Using it to wrap a single, unwrapped cookie for later consumption.
9. Placing it under a foot to check for wetness after washing hands.
10. Using it to cover a small pile of laundry that needs to be folded later.",qwen3.6-27b,Using it to cover a small pile of laundry that needs to be folded later.,0.7829025387763977,0.9945054945054945,
qwen/qwen3.6-27b,Alternative Uses Task,"List exactly 10 alternative, uncommon uses for the following object. Provide only a numbered list (1-10), with one use per line and no explanations.",Newspaper,Conventional,"Task: List exactly 10 alternative, uncommon uses for the following object. Provide only a numbered list (1-10), with one use per line and no explanations.
Target: Newspaper
Condition: Be conventional.","
1. Wrapping fragile items for moving
2. Lining baking trays for easy cleanup
3. Cleaning windows and mirrors
4. Stuffing shoes to maintain their shape
5. Soaking up grease spills on countertops
6. Using as a makeshift eye mask
7. Creating a temporary kite
8. Polishing leather shoes
9. Absorbing moisture in damp areas
10. Blocking light from under doors",qwen3.6-27b,Wrapping fragile items for moving,0.9524210691452026,0.9945054945054945,
qwen/qwen3.6-27b,Alternative Uses Task,"List exactly 10 alternative, uncommon uses for the following object. Provide only a numbered list (1-10), with one use per line and no explanations.",Newspaper,Conventional,"Task: List exactly 10 alternative, uncommon uses for the following object. Provide only a numbered list (1-10), with one use per line and no explanations.
Target: Newspaper
Condition: Be conventional.","
1. Wrapping fragile items for moving
2. Lining baking trays for easy cleanup
3. Cleaning windows and mirrors
4. Stuffing shoes to maintain their shape
5. Soaking up grease spills on countertops
6. Using as a makeshift eye mask
7. Creating a temporary kite
8. Polishing leather shoes
9. Absorbing moisture in damp areas
10. Blocking light from under doors",qwen3.6-27b,Lining baking trays for easy cleanup,0.9495382308959961,0.9945054945054945,
qwen/qwen3.6-27b,Alternative Uses Task,"List exactly 10 alternative, uncommon uses for the following object. Provide only a numbered list (1-10), with one use per line and no explanations.",Newspaper,Conventional,"Task: List exactly 10 alternative, uncommon uses for the following object. Provide only a numbered list (1-10), with one use per line and no explanations.
Target: Newspaper
Condition: Be conventional.","
1. Wrapping fragile items for moving
2. Lining baking trays for easy cleanup
3. Cleaning windows and mirrors
4. Stuffing shoes to maintain their shape
5. Soaking up grease spills on countertops
6. Using as a makeshift eye mask
7. Creating a temporary kite
8. Polishing leather shoes
9. Absorbing moisture in damp areas
10. Blocking light from under doors",qwen3.6-27b,Cleaning windows and mirrors,0.890355110168457,0.9945054945054945,
qwen/qwen3.6-27b,Alternative Uses Task,"List exactly 10 alternative, uncommon uses for the following object. Provide only a numbered list (1-10), with one use per line and no explanations.",Newspaper,Conventional,"Task: List exactly 10 alternative, uncommon uses for the following object. Provide only a numbered list (1-10), with one use per line and no explanations.
Target: Newspaper
Condition: Be conventional.","
1. Wrapping fragile items for moving
2. Lining baking trays for easy cleanup
3. Cleaning windows and mirrors
4. Stuffing shoes to maintain their shape
5. Soaking up grease spills on countertops
6. Using as a makeshift eye mask
7. Creating a temporary kite
8. Polishing leather shoes
9. Absorbing moisture in damp areas
10. Blocking light from under doors",qwen3.6-27b,Stuffing shoes to maintain their shape,0.9785534739494324,0.989010989010989,
qwen/qwen3.6-27b,Alternative Uses Task,"List exactly 10 alternative, uncommon uses for the following object. Provide only a numbered list (1-10), with one use per line and no explanations.",Newspaper,Conventional,"Task: List exactly 10 alternative, uncommon uses for the following object. Provide only a numbered list (1-10), with one use per line and no explanations.
Target: Newspaper
Condition: Be conventional.","
1. Wrapping fragile items for moving
2. Lining baking trays for easy cleanup
3. Cleaning windows and mirrors
4. Stuffing shoes to maintain their shape
5. Soaking up grease spills on countertops
6. Using as a makeshift eye mask
7. Creating a temporary kite
8. Polishing leather shoes
9. Absorbing moisture in damp areas
10. Blocking light from under doors",qwen3.6-27b,Soaking up grease spills on countertops,0.994956374168396,0.9945054945054945,
qwen/qwen3.6-27b,Alternative Uses Task,"List exactly 10 alternative, uncommon uses for the following object. Provide only a numbered list (1-10), with one use per line and no explanations.",Newspaper,Conventional,"Task: List exactly 10 alternative, uncommon uses for the following object. Provide only a numbered list (1-10), with one use per line and no explanations.
Target: Newspaper
Condition: Be conventional.","
1. Wrapping fragile items for moving
2. Lining baking trays for easy cleanup
3. Cleaning windows and mirrors
4. Stuffing shoes to maintain their shape
5. Soaking up grease spills on countertops
6. Using as a makeshift eye mask
7. Creating a temporary kite
8. Polishing leather shoes
9. Absorbing moisture in damp areas
10. Blocking light from under doors",qwen3.6-27b,Using as a makeshift eye mask,0.9378575682640076,0.9945054945054945,
qwen/qwen3.6-27b,Alternative Uses Task,"List exactly 10 alternative, uncommon uses for the following object. Provide only a numbered list (1-10), with one use per line and no explanations.",Newspaper,Conventional,"Task: List exactly 10 alternative, uncommon uses for the following object. Provide only a numbered list (1-10), with one use per line and no explanations.
Target: Newspaper
Condition: Be conventional.","
1. Wrapping fragile items for moving
2. Lining baking trays for easy cleanup
3. Cleaning windows and mirrors
4. Stuffing shoes to maintain their shape
5. Soaking up grease spills on countertops
6. Using as a makeshift eye mask
7. Creating a temporary kite
8. Polishing leather shoes
9. Absorbing moisture in damp areas
10. Blocking light from under doors",qwen3.6-27b,Creating a temporary kite,0.9306147694587708,0.9945054945054945,
qwen/qwen3.6-27b,Alternative Uses Task,"List exactly 10 alternative, uncommon uses for the following object. Provide only a numbered list (1-10), with one use per line and no explanations.",Newspaper,Conventional,"Task: List exactly 10 alternative, uncommon uses for the following object. Provide only a numbered list (1-10), with one use per line and no explanations.
Target: Newspaper
Condition: Be conventional.","
1. Wrapping fragile items for moving
2. Lining baking trays for easy cleanup
3. Cleaning windows and mirrors
4. Stuffing shoes to maintain their shape
5. Soaking up grease spills on countertops
6. Using as a makeshift eye mask
7. Creating a temporary kite
8. Polishing leather shoes
9. Absorbing moisture in damp areas
10. Blocking light from under doors",qwen3.6-27b,Polishing leather shoes,1.0519709587097168,0.9945054945054945,
qwen/qwen3.6-27b,Alternative Uses Task,"List exactly 10 alternative, uncommon uses for the following object. Provide only a numbered list (1-10), with one use per line and no explanations.",Newspaper,Conventional,"Task: List exactly 10 alternative, uncommon uses for the following object. Provide only a numbered list (1-10), with one use per line and no explanations.
Target: Newspaper
Condition: Be conventional.","
1. Wrapping fragile items for moving
2. Lining baking trays for easy cleanup
3. Cleaning windows and mirrors
4. Stuffing shoes to maintain their shape
5. Soaking up grease spills on countertops
6. Using as a makeshift eye mask
7. Creating a temporary kite
8. Polishing leather shoes
9. Absorbing moisture in damp areas
10. Blocking light from under doors",qwen3.6-27b,Absorbing moisture in damp areas,0.9405074715614319,0.9945054945054945,
qwen/qwen3.6-27b,Alternative Uses Task,"List exactly 10 alternative, uncommon uses for the following object. Provide only a numbered list (1-10), with one use per line and no explanations.",Newspaper,Conventional,"Task: List exactly 10 alternative, uncommon uses for the following object. Provide only a numbered list (1-10), with one use per line and no explanations.
Target: Newspaper
Condition: Be conventional.","
1. Wrapping fragile items for moving
2. Lining baking trays for easy cleanup
3. Cleaning windows and mirrors
4. Stuffing shoes to maintain their shape
5. Soaking up grease spills on countertops
6. Using as a makeshift eye mask
7. Creating a temporary kite
8. Polishing leather shoes
9. Absorbing moisture in damp areas
10. Blocking light from under doors",qwen3.6-27b,Blocking light from under doors,1.0000134706497192,0.9945054945054945,
google/gemma-4-31b-it,Divergent Association Task,"Name 10 single words that are as semantically unrelated and distant from each other as possible. Provide only a numbered list (1-10) of single words with no explanations, sentences, or categories.",Generate 10 unrelated words,Standard,"Task: Name 10 single words that are as semantically unrelated and distant from each other as possible. Provide only a numbered list (1-10) of single words with no explanations, sentences, or categories.
Target: Generate 10 unrelated words","
1. Quartz
2. Ephemeral
3. Sneeze
4. Algorithm
5. Velvet
6. Paradox
7. Gherkin
8. Zenith
9. Humidity
10. Chorus",gemma-4-31b-it,,0.816126823425293,0.9826315789473684,"['quartz', 'ephemeral', 'sneeze', 'algorithm', 'velvet', 'paradox', 'gherkin', 'zenith', 'humidity', 'chorus']"
google/gemma-4-31b-it,Divergent Association Task,"Name 10 single words that are as semantically unrelated and distant from each other as possible. Provide only a numbered list (1-10) of single words with no explanations, sentences, or categories.",Generate 10 unrelated words,Creative,"Task: Name 10 single words that are as semantically unrelated and distant from each other as possible. Provide only a numbered list (1-10) of single words with no explanations, sentences, or categories.
Target: Generate 10 unrelated words
Condition: Be creative.","
1. Quartz
2. Nostalgia
3. Sneeze
4. Algorithm
5. Velvet
6. Paradox
7. Gherkin
8. Zenith
9. Humidity
10. Syntax",gemma-4-31b-it,,0.8180002570152283,0.9821052631578947,"['quartz', 'nostalgia', 'sneeze', 'algorithm', 'velvet', 'paradox', 'gherkin', 'zenith', 'humidity', 'syntax']"
google/gemma-4-31b-it,Divergent Association Task,"Name 10 single words that are as semantically unrelated and distant from each other as possible. Provide only a numbered list (1-10) of single words with no explanations, sentences, or categories.",Generate 10 unrelated words,Effective,"Task: Name 10 single words that are as semantically unrelated and distant from each other as possible. Provide only a numbered list (1-10) of single words with no explanations, sentences, or categories.
Target: Generate 10 unrelated words
Condition: Be effective.","
1. Quark
2. Spleen
3. Glazier
4. Zenith
5. Oatmeal
6. Paradox
7. Humidity
8. Suede
9. Algorithm
10. Gasket",gemma-4-31b-it,,0.8188366889953613,0.9873684210526316,"['quark', 'spleen', 'glazier', 'zenith', 'oatmeal', 'paradox', 'humidity', 'suede', 'algorithm', 'gasket']"
google/gemma-4-31b-it,Divergent Association Task,"Name 10 single words that are as semantically unrelated and distant from each other as possible. Provide only a numbered list (1-10) of single words with no explanations, sentences, or categories.",Generate 10 unrelated words,Boring,"Task: Name 10 single words that are as semantically unrelated and distant from each other as possible. Provide only a numbered list (1-10) of single words with no explanations, sentences, or categories.
Target: Generate 10 unrelated words
Condition: Be boring.","
1. Staple
2. Cloud
3. Zinc
4. Verb
5. Sand
6. Elbow
7. Prism
8. Yeast
9. Curb
10. Gland",gemma-4-31b-it,,0.7760133743286133,0.9947368421052631,"['staple', 'cloud', 'zinc', 'verb', 'sand', 'elbow', 'prism', 'yeast', 'curb', 'gland']"
google/gemma-4-31b-it,Divergent Association Task,"Name 10 single words that are as semantically unrelated and distant from each other as possible. Provide only a numbered list (1-10) of single words with no explanations, sentences, or categories.",Generate 10 unrelated words,Conventional,"Task: Name 10 single words that are as semantically unrelated and distant from each other as possible. Provide only a numbered list (1-10) of single words with no explanations, sentences, or categories.
Target: Generate 10 unrelated words
Condition: Be conventional.","
1. Quartz
2. Nostalgia
3. Sneeze
4. Triangle
5. Velvet
6. Orbit
7. Garlic
8. Justice
9. Puddle
10. Rhythm",gemma-4-31b-it,,0.7740963697433472,0.99,"['quartz', 'nostalgia', 'sneeze', 'triangle', 'velvet', 'orbit', 'garlic', 'justice', 'puddle', 'rhythm']"
openai/gpt-oss-20b,Divergent Association Task,"Name 10 single words that are as semantically unrelated and distant from each other as possible. Provide only a numbered list (1-10) of single words with no explanations, sentences, or categories.",Generate 10 unrelated words,Standard,"Task: Name 10 single words that are as semantically unrelated and distant from each other as possible. Provide only a numbered list (1-10) of single words with no explanations, sentences, or categories.
Target: Generate 10 unrelated words","
",gpt-oss-20b,,0.0,0.0,[]
openai/gpt-oss-20b,Divergent Association Task,"Name 10 single words that are as semantically unrelated and distant from each other as possible. Provide only a numbered list (1-10) of single words with no explanations, sentences, or categories.",Generate 10 unrelated words,Creative,"Task: Name 10 single words that are as semantically unrelated and distant from each other as possible. Provide only a numbered list (1-10) of single words with no explanations, sentences, or categories.
Target: Generate 10 unrelated words
Condition: Be creative.","
1. Sapphire  
2. Algorithm  
3. Butterfly  
4. Gravity  
5. Telescope  
6. Pomegranate  
7. Quasar  
8. Kaleidoscope  
9. Hologram  
10. Synthesizer",gpt-oss-20b,,0.757878303527832,0.9878947368421054,"['sapphire', 'algorithm', 'butterfly', 'gravity', 'telescope', 'pomegranate', 'quasar', 'kaleidoscope', 'hologram', 'synthesizer']"
openai/gpt-oss-20b,Divergent Association Task,"Name 10 single words that are as semantically unrelated and distant from each other as possible. Provide only a numbered list (1-10) of single words with no explanations, sentences, or categories.",Generate 10 unrelated words,Effective,"Task: Name 10 single words that are as semantically unrelated and distant from each other as possible. Provide only a numbered list (1-10) of single words with no explanations, sentences, or categories.
Target: Generate 10 unrelated words
Condition: Be effective.","
1. Azure  
2. Mars  
3. Uranium  
4. Crescendo  
5. Thor  
6. Soccer  
7. Spoon  
8. Renaissance  
9. Penguin  
10. Blockchain",gpt-oss-20b,,0.7807851433753967,0.9947368421052631,"['azure', 'mars', 'uranium', 'crescendo', 'thor', 'soccer', 'spoon', 'renaissance', 'penguin', 'blockchain']"
openai/gpt-oss-20b,Divergent Association Task,"Name 10 single words that are as semantically unrelated and distant from each other as possible. Provide only a numbered list (1-10) of single words with no explanations, sentences, or categories.",Generate 10 unrelated words,Boring,"Task: Name 10 single words that are as semantically unrelated and distant from each other as possible. Provide only a numbered list (1-10) of single words with no explanations, sentences, or categories.
Target: Generate 10 unrelated words
Condition: Be boring.","
1. Table  
2. Lamp  
3. Car  
4. Book  
5. Pen  
6. Clock  
7. Shoe  
8. Cup  
9. Phone  
10. Door",gpt-oss-20b,,0.717101514339447,0.9947368421052631,"['table', 'lamp', 'car', 'book', 'pen', 'clock', 'shoe', 'cup', 'phone', 'door']"
openai/gpt-oss-20b,Divergent Association Task,"Name 10 single words that are as semantically unrelated and distant from each other as possible. Provide only a numbered list (1-10) of single words with no explanations, sentences, or categories.",Generate 10 unrelated words,Conventional,"Task: Name 10 single words that are as semantically unrelated and distant from each other as possible. Provide only a numbered list (1-10) of single words with no explanations, sentences, or categories.
Target: Generate 10 unrelated words
Condition: Be conventional.","
1. octopus  
2. gravity  
3. sapphire  
4. turbine  
5. guitar  
6. philosophy  
7. cactus  
8. monument  
9. algorithm  
10. hurricane",gpt-oss-20b,,0.7664129734039307,0.9878947368421052,"['octopus', 'gravity', 'sapphire', 'turbine', 'guitar', 'philosophy', 'cactus', 'monument', 'algorithm', 'hurricane']"
meta-llama/Llama-3.3-70B-Instruct-Turbo,Divergent Association Task,"Name 10 single words that are as semantically unrelated and distant from each other as possible. Provide only a numbered list (1-10) of single words with no explanations, sentences, or categories.",Generate 10 unrelated words,Standard,"Task: Name 10 single words that are as semantically unrelated and distant from each other as possible. Provide only a numbered list (1-10) of single words with no explanations, sentences, or categories.
Target: Generate 10 unrelated words","1. Space
2. Sushi
3. Guitar
4. Snowflake
5. Perfume
6. Llama
7. Submarine
8. Piano
9. Starfish
10. Caramel",Llama-3.3-70B-Instruct-Turbo,,0.7488816976547241,0.9868421052631579,"['space', 'sushi', 'guitar', 'snowflake', 'perfume', 'llama', 'submarine', 'piano', 'starfish', 'caramel']"
meta-llama/Llama-3.3-70B-Instruct-Turbo,Divergent Association Task,"Name 10 single words that are as semantically unrelated and distant from each other as possible. Provide only a numbered list (1-10) of single words with no explanations, sentences, or categories.",Generate 10 unrelated words,Creative,"Task: Name 10 single words that are as semantically unrelated and distant from each other as possible. Provide only a numbered list (1-10) of single words with no explanations, sentences, or categories.
Target: Generate 10 unrelated words
Condition: Be creative.","1. Fjord
2. Quokka
3. Salsa
4. Nebula
5. Submarine
6. Kimono
7. Fiddle
8. Glacier
9. Saffron
10. Microchip",Llama-3.3-70B-Instruct-Turbo,,0.7854504585266113,0.9868421052631581,"['fjord', 'quokka', 'salsa', 'nebula', 'submarine', 'kimono', 'fiddle', 'glacier', 'saffron', 'microchip']"
meta-llama/Llama-3.3-70B-Instruct-Turbo,Divergent Association Task,"Name 10 single words that are as semantically unrelated and distant from each other as possible. Provide only a numbered list (1-10) of single words with no explanations, sentences, or categories.",Generate 10 unrelated words,Effective,"Task: Name 10 single words that are as semantically unrelated and distant from each other as possible. Provide only a numbered list (1-10) of single words with no explanations, sentences, or categories.
Target: Generate 10 unrelated words
Condition: Be effective.","1. Fjord
2. Quokka
3. Saffron
4. Submarine
5. Glacier
6. Harmonica
7. Starfish
8. Perfume
9. Llama
10. Microchip",Llama-3.3-70B-Instruct-Turbo,,0.7552861571311951,0.9836842105263159,"['fjord', 'quokka', 'saffron', 'submarine', 'glacier', 'harmonica', 'starfish', 'perfume', 'llama', 'microchip']"
meta-llama/Llama-3.3-70B-Instruct-Turbo,Divergent Association Task,"Name 10 single words that are as semantically unrelated and distant from each other as possible. Provide only a numbered list (1-10) of single words with no explanations, sentences, or categories.",Generate 10 unrelated words,Boring,"Task: Name 10 single words that are as semantically unrelated and distant from each other as possible. Provide only a numbered list (1-10) of single words with no explanations, sentences, or categories.
Target: Generate 10 unrelated words
Condition: Be boring.","1. Fjord
2. Quiche
3. Submarine
4. Perfume
5. Glacier
6. Salsa
7. Llama
8. Microchip
9. Harmonica
10. Saffron",Llama-3.3-70B-Instruct-Turbo,,0.7620273232460022,0.9842105263157895,"['fjord', 'quiche', 'submarine', 'perfume', 'glacier', 'salsa', 'llama', 'microchip', 'harmonica', 'saffron']"
meta-llama/Llama-3.3-70B-Instruct-Turbo,Divergent Association Task,"Name 10 single words that are as semantically unrelated and distant from each other as possible. Provide only a numbered list (1-10) of single words with no explanations, sentences, or categories.",Generate 10 unrelated words,Conventional,"Task: Name 10 single words that are as semantically unrelated and distant from each other as possible. Provide only a numbered list (1-10) of single words with no explanations, sentences, or categories.
Target: Generate 10 unrelated words
Condition: Be conventional.","1. Space
2. Sushi
3. Guitar
4. Snowflake
5. Perfume
6. Submarine
7. Bicycle
8. Pineapple
9. Fountain
10. Microchip",Llama-3.3-70B-Instruct-Turbo,,0.7713940143585205,0.9868421052631581,"['space', 'sushi', 'guitar', 'snowflake', 'perfume', 'submarine', 'bicycle', 'pineapple', 'fountain', 'microchip']"
qwen/qwen3.6-27b,Divergent Association Task,"Name 10 single words that are as semantically unrelated and distant from each other as possible. Provide only a numbered list (1-10) of single words with no explanations, sentences, or categories.",Generate 10 unrelated words,Standard,"Task: Name 10 single words that are as semantically unrelated and distant from each other as possible. Provide only a numbered list (1-10) of single words with no explanations, sentences, or categories.
Target: Generate 10 unrelated words","
1. Quasar
2. Moccasin
3. Algorithm
4. Ferret
5. Gargle
6. Tectonic
7. Whimsy
8. Sulfur
9. Bureaucrat
10. Zephyr",qwen3.6-27b,,0.8022977709770203,0.9873684210526316,"['quasar', 'moccasin', 'algorithm', 'ferret', 'gargle', 'tectonic', 'whimsy', 'sulfur', 'bureaucrat', 'zephyr']"
qwen/qwen3.6-27b,Divergent Association Task,"Name 10 single words that are as semantically unrelated and distant from each other as possible. Provide only a numbered list (1-10) of single words with no explanations, sentences, or categories.",Generate 10 unrelated words,Creative,"Task: Name 10 single words that are as semantically unrelated and distant from each other as possible. Provide only a numbered list (1-10) of single words with no explanations, sentences, or categories.
Target: Generate 10 unrelated words
Condition: Be creative.","
1. Quasar
2. Mustard
3. Gossamer
4. Algorithm
5. Lichen
6. Symphony
7. Tectonic
8. Whisper
9. Neon
10. Fossil",qwen3.6-27b,,0.7991146445274353,0.9873684210526316,"['quasar', 'mustard', 'gossamer', 'algorithm', 'lichen', 'symphony', 'tectonic', 'whisper', 'neon', 'fossil']"
qwen/qwen3.6-27b,Divergent Association Task,"Name 10 single words that are as semantically unrelated and distant from each other as possible. Provide only a numbered list (1-10) of single words with no explanations, sentences, or categories.",Generate 10 unrelated words,Effective,"Task: Name 10 single words that are as semantically unrelated and distant from each other as possible. Provide only a numbered list (1-10) of single words with no explanations, sentences, or categories.
Target: Generate 10 unrelated words
Condition: Be effective.","
1. Quantum
2. Zucchini
3. Despair
4. Algorithm
5. Velvet
6. Tsunami
7. Philosophy
8. Kitten
9. Irony
10. Galaxy",qwen3.6-27b,,0.7748228907585144,0.9878947368421052,"['quantum', 'zucchini', 'despair', 'algorithm', 'velvet', 'tsunami', 'philosophy', 'kitten', 'irony', 'galaxy']"
qwen/qwen3.6-27b,Divergent Association Task,"Name 10 single words that are as semantically unrelated and distant from each other as possible. Provide only a numbered list (1-10) of single words with no explanations, sentences, or categories.",Generate 10 unrelated words,Boring,"Task: Name 10 single words that are as semantically unrelated and distant from each other as possible. Provide only a numbered list (1-10) of single words with no explanations, sentences, or categories.
Target: Generate 10 unrelated words
Condition: Be boring.","
1. Stapler
2. Beige
3. Tuesday
4. Concrete
5. Spreadsheet
6. Waiting
7. Gray
8. Inventory
9. Filing
10. Pause",qwen3.6-27b,,0.7678970694541931,0.9947368421052631,"['stapler', 'beige', 'tuesday', 'concrete', 'spreadsheet', 'waiting', 'gray', 'inventory', 'filing', 'pause']"
qwen/qwen3.6-27b,Divergent Association Task,"Name 10 single words that are as semantically unrelated and distant from each other as possible. Provide only a numbered list (1-10) of single words with no explanations, sentences, or categories.",Generate 10 unrelated words,Conventional,"Task: Name 10 single words that are as semantically unrelated and distant from each other as possible. Provide only a numbered list (1-10) of single words with no explanations, sentences, or categories.
Target: Generate 10 unrelated words
Condition: Be conventional.","
1. Quasar
2. Marmalade
3. Algorithm
4. Velvet
5. Tectonic
6. Whisper
7. Chromium
8. Labyrinth
9. Zephyr
10. Oblivion",qwen3.6-27b,,0.7846724987030029,0.9847368421052632,"['quasar', 'marmalade', 'algorithm', 'velvet', 'tectonic', 'whisper', 'chromium', 'labyrinth', 'zephyr', 'oblivion']"
