Item,Draw,Appropriateness
food,0,122.59133991651079
food,1,122.26887085196113
food,2,117.24096174283088
food,3,121.59217028702611
food,4,120.09079752301193
food,5,121.11517625971469
food,6,119.42647396696202
food,7,119.50410151259167
food,8,116.40125686682852
food,9,122.36097243171737
food,10,118.53020828868691
food,11,119.86493857710248
food,12,120.50901445514374
food,13,121.08631526647461
food,14,122.98057353781466
food,15,124.40306290905274
food,16,119.89646291999132
food,17,118.01250097811734
food,18,122.81888820085851
food,19,124.90446432497329
food,20,126.1902824553052
food,21,122.0424365268388
food,22,120.18974755103137
food,23,119.18172184694329
food,24,118.87592709199954
food,25,123.88200437164359
food,26,122.74114448606677
food,27,122.35451868851821
food,28,121.18608909846678
food,29,115.62322913145253
food,30,124.99057919766317
food,31,117.94051854567513
food,32,121.93117733826197
food,33,119.57342131391522
food,34,121.28937898330128
food,35,121.53444383992226
food,36,121.99291869722084
food,37,128.27821834681797
food,38,123.25780060617753
food,39,121.07186718349064
food,40,127.69501221747174
food,41,122.01316380073546
food,42,120.46862640540361
food,43,122.67472492949148
food,44,118.40157730917542
food,45,121.5414101745925
food,46,119.51621494889193
food,47,123.34730805088114
food,48,124.16393773878833
food,49,117.5074722066849
food,50,119.22468066263339
food,51,117.86744879676358
food,52,119.49510013228412
food,53,123.30656557202342
food,54,122.18977742880355
food,55,120.6346174931944
food,56,119.31186942768235
food,57,119.2235221604383
food,58,122.43230112312717
food,59,119.60138243328218
food,60,123.72761907468983
food,61,120.48038826409146
food,62,117.82688597235645
food,63,120.28075620249601
food,64,120.76690618967321
food,65,118.00752751602678
food,66,121.0742391517689
food,67,121.9519795083891
food,68,118.6541426309732
food,69,125.86803151267209
food,70,118.15619080775367
food,71,121.42060613603911
food,72,123.34041350667468
food,73,122.51553490304534
food,74,121.38060650375846
food,75,115.11920740064608
food,76,122.88851346373819
food,77,118.4730189494408
food,78,118.00711494681127
food,79,115.78073188149686
food,80,119.72797082792806
food,81,116.36108299764491
food,82,118.00434321228764
food,83,118.46155342399969
food,84,120.8523928146753
food,85,117.48901473520202
food,86,119.89506650699806
food,87,122.6238078571561
food,88,121.42166257599104
food,89,119.04749791366405
food,90,123.36635603613612
food,91,122.17490434216316
food,92,116.45834365629975
food,93,120.95919851072527
food,94,125.12100998709037
food,95,121.86262714820259
food,96,116.42723162089086
food,97,117.88324558350125
food,98,117.8563319389454
food,99,118.46044066037868
food,100,123.73895901642189
food,101,114.76694141660306
food,102,125.61380828192732
food,103,123.04461424422222
food,104,123.28829185794086
food,105,120.88297079466967
food,106,120.32211425227442
food,107,112.93932839868562
food,108,117.07228130471113
food,109,120.73643586286902
food,110,118.70675436114371
food,111,118.87181071972958
food,112,115.25527248612377
food,113,115.27438695219578
food,114,120.16625071267381
food,115,128.49848725906966
food,116,121.8043467851605
food,117,120.88240677592776
food,118,120.01921404760718
food,119,125.00573787655078
food,120,122.27287052527969
food,121,120.6160484322507
food,122,118.94382817043952
food,123,123.5329505319102
food,124,117.63869597461121
food,125,118.73028217827968
food,126,122.39556680636295
food,127,121.76846138924333
food,128,120.90360763353394
food,129,119.81999198718978
food,130,121.14513325819034
food,131,114.35604139453463
food,132,119.21145560282712
food,133,114.17969253646676
food,134,118.22508796733557
food,135,122.17810840790526
food,136,117.71787691314492
food,137,123.47871796806831
food,138,120.95547508947394
food,139,122.11413752531308
food,140,121.3423153571407
food,141,125.01389063379553
food,142,117.47753687740435
food,143,121.57761763795494
food,144,120.7958492459841
food,145,121.38003366194681
food,146,120.11157638174066
food,147,118.10379584520841
food,148,119.80655985674937
food,149,125.46626636213385
food,150,117.35979984772189
food,151,120.32973335117474
food,152,120.61152506812203
food,153,118.41929827156268
food,154,119.09262118215635
food,155,123.98060548144787
food,156,121.2823695608046
food,157,117.76917937500566
food,158,120.51950604441927
food,159,117.79878894528603
food,160,125.12322195621249
food,161,124.10903668102785
food,162,120.53138914167589
food,163,123.96434362706235
food,164,118.66120593396754
food,165,120.45381443364644
food,166,122.85272944075302
food,167,122.36903934612921
food,168,123.3740531338633
food,169,125.9676500822842
food,170,128.06120814112893
food,171,118.66179955785323
food,172,121.87867991596238
food,173,126.42714676353866
food,174,120.03795780748823
food,175,124.15546709652496
food,176,117.35978545423048
food,177,122.69806116385074
food,178,122.18795920546097
food,179,121.22681331759644
food,180,123.76935462247845
food,181,122.00668275550082
food,182,120.52738998542307
food,183,116.5599582647116
food,184,120.26488188494457
food,185,122.08059416120882
food,186,118.24997649687678
food,187,117.0107733980499
food,188,122.88628014518169
food,189,117.69081220403064
food,190,120.34905808681022
food,191,115.21887610378414
food,192,116.71635035535
food,193,120.68117928116897
food,194,120.06318782284747
food,195,118.41585949962159
food,196,119.65846281640968
food,197,123.00186729855515
food,198,118.63563664822043
food,199,121.50654493512091
food,200,116.99141652192037
food,201,118.49069875827034
food,202,120.03776540961988
food,203,121.8152968154169
food,204,118.38109753936314
food,205,123.02325205689708
food,206,117.92322935582324
food,207,124.38227638020345
food,208,126.32330046511461
food,209,124.59343599354192
food,210,121.86226969557292
food,211,119.69319772517404
food,212,119.34206600668867
food,213,120.6058904803896
food,214,120.8802161546743
food,215,125.74612002461542
food,216,120.12261941176637
food,217,117.35877631588123
food,218,119.18751675296132
food,219,119.85052757947867
food,220,118.54021750301347
food,221,119.63844763144198
food,222,116.06957292266027
food,223,118.3733483343764
food,224,118.06908707532682
food,225,119.02871896002819
food,226,119.48343512467655
food,227,123.10153467201542
food,228,128.96650789998677
food,229,117.19582719247055
food,230,121.44589626119688
food,231,114.70857423813823
food,232,119.6946841352039
food,233,117.95263066295585
food,234,117.208192951724
food,235,118.980647356998
food,236,119.85683718386429
food,237,120.56851426597778
food,238,119.81793212336704
food,239,122.17895534018541
food,240,123.57153722585458
food,241,117.59487507783697
food,242,125.76449786394683
food,243,119.06210782521104
food,244,126.66648610894255
food,245,124.50903040288792
food,246,117.35257330396406
food,247,121.30046271112707
food,248,118.98999182593496
food,249,118.0847735455489
food,250,119.93333848469582
food,251,123.27338904556
food,252,122.47250212151386
food,253,120.97359610294436
food,254,119.19311184296777
food,255,119.77232322448505
food,256,120.35362618811243
food,257,119.83736061295447
food,258,124.77147479500029
food,259,120.04652551432862
food,260,119.34322289233015
food,261,121.32488859745538
food,262,124.69397861672317
food,263,124.18232516491724
food,264,120.76619488709106
food,265,120.5045327301742
food,266,120.05462448669029
food,267,119.47887162391022
food,268,123.60361134080031
food,269,123.1296982970326
food,270,121.50059939253717
food,271,120.56169717655654
food,272,118.9933879211525
food,273,119.58068338025707
food,274,119.121821973045
food,275,119.14055441571894
food,276,119.8419486312687
food,277,120.45573417945981
food,278,123.51970907603196
food,279,122.22154537274041
food,280,121.04823909265525
food,281,121.10733269571115
food,282,122.7022674587465
food,283,121.93921367190316
food,284,120.49172674508415
food,285,118.73982008247206
food,286,121.06350589479786
food,287,122.25201918145284
food,288,120.61963454909372
food,289,118.72189615923021
food,290,119.03748930223952
food,291,118.1274332367042
food,292,124.36050849201321
food,293,121.06012019308221
food,294,121.23324793261293
food,295,118.95893273198384
food,296,121.89710827860003
food,297,124.78843900793571
food,298,120.79011073384052
food,299,124.99523801008255
food,300,118.62529640109938
food,301,119.7889791570802
food,302,120.08753838571747
food,303,116.96247212706794
food,304,120.54772682661863
food,305,117.48257246629115
food,306,117.15753912835325
food,307,120.06669896495194
food,308,120.58376273453703
food,309,117.96621576992491
food,310,117.25934465914531
food,311,120.74004091733124
food,312,118.67922444001609
food,313,120.42223983810534
food,314,121.80044972949062
food,315,118.39560974982786
food,316,121.7472545467039
food,317,117.62820061393779
food,318,123.220412297616
food,319,120.95072514380934
food,320,124.52824794891062
food,321,114.27646534107743
food,322,123.47134666256085
food,323,116.46162370797258
food,324,117.86448823682636
food,325,117.66944264227723
food,326,114.43074604678087
food,327,125.12201735615878
food,328,122.7567610976797
food,329,119.46991611832962
food,330,122.66448759924045
food,331,123.38597555354885
food,332,119.43863107888035
food,333,118.9626363081272
food,334,119.64275878692096
food,335,117.00027804513435
food,336,122.5332806506953
food,337,122.08857376367479
food,338,119.67590407356899
food,339,118.04145015796837
food,340,117.6085209662182
food,341,121.03083677119454
food,342,117.99090430121524
food,343,123.66673292033268
food,344,122.1123728103881
food,345,119.56062392077935
food,346,116.22106180744325
food,347,121.84234767089936
food,348,116.92550223844155
food,349,119.63263387002702
food,350,119.38001710139925
food,351,120.10198075521885
food,352,117.26866321220062
food,353,126.79075804210649
food,354,121.1832966427323
food,355,125.68155827729035
food,356,120.367319110885
food,357,119.4337972043884
food,358,119.44188868004262
food,359,121.18583326054551
food,360,123.04605118838883
food,361,121.0256535270126
food,362,125.11371960320552
food,363,120.10501400451103
food,364,118.76622422790078
food,365,117.39458131489012
food,366,122.43892080485597
food,367,115.90140202272288
food,368,119.17693774576172
food,369,126.03957661981582
food,370,121.69826573569196
food,371,120.56397195764387
food,372,120.06164610030694
food,373,125.49168377829716
food,374,118.51934513169068
food,375,120.91781912743247
food,376,123.06143390555657
food,377,118.16806213311568
food,378,119.06890135507642
food,379,119.44124958728788
food,380,117.45034634090838
food,381,118.98060273988165
food,382,118.01202359143876
food,383,122.31739502592389
food,384,121.25973293333094
food,385,119.74524771179307
food,386,117.02015873591418
food,387,118.21050430384872
food,388,116.34929593057606
food,389,122.23608140073388
food,390,117.55863121596559
food,391,119.38580093410323
food,392,120.37703182957186
food,393,119.90370405827487
food,394,120.99062783720083
food,395,124.26415573501868
food,396,124.17759540484224
food,397,122.10418203620488
food,398,127.16308952514694
food,399,122.12574513714858
food,400,122.96888870231189
food,401,118.66144699920096
food,402,119.49828522080712
food,403,123.04127754396004
food,404,124.30837347742651
food,405,122.14583355568413
food,406,119.23855236548309
food,407,123.2450533009182
food,408,122.96183663941846
food,409,127.45948901534376
food,410,117.82362875904116
food,411,118.78295441053051
food,412,128.48713407535794
food,413,117.99084404476055
food,414,121.78808143125299
food,415,120.6946289180312
food,416,124.04143942670846
food,417,118.7177533609754
food,418,120.08033123035946
food,419,122.89923841916095
food,420,122.95488482788248
food,421,123.39877720858756
food,422,123.67555019910668
food,423,126.84832258919008
food,424,121.08277298933106
food,425,121.34615998041625
food,426,123.64005263590758
food,427,118.58754964084892
food,428,119.47410433482075
food,429,118.3274643637352
food,430,117.35521383891245
food,431,122.32022840477737
food,432,118.56948835450328
food,433,121.28230598566729
food,434,125.36995264485971
food,435,128.2729390416965
food,436,122.59416294100424
food,437,116.36959809688368
food,438,120.84032214311323
food,439,121.45542661694026
food,440,124.26753181357175
food,441,123.0266888831365
food,442,120.40196480656277
food,443,117.46514852947527
food,444,120.45173335627963
food,445,118.69698172838525
food,446,118.22723453600494
food,447,117.85570555209787
food,448,116.43679410150527
food,449,116.28085691758776
food,450,117.37473479078655
food,451,128.72667335533373
food,452,123.28666548375014
food,453,117.219236616902
food,454,117.66151195498556
food,455,120.17559951975439
food,456,123.51296374986937
food,457,122.78104231001836
food,458,120.63013193216308
food,459,118.95035769829607
food,460,118.53157197967086
food,461,119.78772004247075
food,462,119.30795430842562
food,463,119.24398729990176
food,464,118.15457805809149
food,465,122.03388494641314
food,466,116.8967823718597
food,467,117.76359950521334
food,468,119.85408517790412
food,469,117.96249852461193
food,470,120.44221803145369
food,471,119.40240070276727
food,472,115.36352164328751
food,473,120.77745558672972
food,474,121.23092015589631
food,475,122.15260167681177
food,476,118.61583345632079
food,477,118.68669485913782
food,478,117.97499086339324
food,479,119.75892333625242
food,480,119.74112826141143
food,481,130.7538006877199
food,482,119.27582153292605
food,483,122.90945293347681
food,484,125.43093801602154
food,485,116.66606140138138
food,486,122.6543341338038
food,487,121.6718912292852
food,488,116.9210889038767
food,489,117.80724065355719
food,490,119.06337935041694
food,491,120.92692236775196
food,492,122.87166505829339
food,493,126.1589398256527
food,494,120.92758565065755
food,495,120.57249310452217
food,496,121.39231970624455
food,497,122.2819306360387
food,498,119.31905113672272
food,499,119.56689374018718
machine,0,118.68376397737606
machine,1,119.86654326602579
machine,2,119.94573772072474
machine,3,120.9089662820128
machine,4,119.97204192207771
machine,5,120.79440657177601
machine,6,118.55640974869017
machine,7,118.43107500698227
machine,8,113.90292548088328
machine,9,119.06949041131337
machine,10,120.76757582731923
machine,11,119.14628751633742
machine,12,115.32228881469835
machine,13,120.82911966289447
machine,14,119.47103799467347
machine,15,119.84620177099465
machine,16,122.7034945354373
machine,17,121.00507339082189
machine,18,116.71619999487123
machine,19,119.06577452145922
machine,20,122.5833261920736
machine,21,118.39008744034616
machine,22,119.33787876125162
machine,23,122.38756375196864
machine,24,119.49056878643964
machine,25,119.50163111453347
machine,26,123.53444596161845
machine,27,120.78945709941348
machine,28,117.22485604293557
machine,29,119.28272270981641
machine,30,118.54830363949876
machine,31,120.35521013214567
machine,32,119.11189740484292
machine,33,120.71343137025843
machine,34,121.61768553693224
machine,35,122.64010634462896
machine,36,119.68991879462311
machine,37,122.19793818660779
machine,38,119.8550945570755
machine,39,116.48454445395457
machine,40,122.29901640494624
machine,41,122.33738871998365
machine,42,119.13884721897732
machine,43,117.54065979167841
machine,44,123.59142512813968
machine,45,115.91572733073883
machine,46,116.60276787446762
machine,47,118.424206226155
machine,48,122.73002244418112
machine,49,114.3812113837529
machine,50,118.11760611341487
machine,51,120.49746254152687
machine,52,118.3075426456386
machine,53,122.25113570362134
machine,54,123.4491715980532
machine,55,121.07139974332082
machine,56,117.28272178334578
machine,57,117.89704310679949
machine,58,120.05367256774517
machine,59,119.73795336195359
machine,60,119.5666420333635
machine,61,124.1415777431132
machine,62,120.46694137201392
machine,63,118.59790834938957
machine,64,123.81594954817349
machine,65,119.60533509252807
machine,66,122.1650220631922
machine,67,122.69906100399379
machine,68,118.79062936868448
machine,69,118.55538935852124
machine,70,121.39205328014617
machine,71,119.42242509760355
machine,72,117.16106063131595
machine,73,123.30094795378446
machine,74,119.73900863762101
machine,75,123.18403832268999
machine,76,118.13121949524556
machine,77,120.08392716917122
machine,78,119.07220846185392
machine,79,120.85871939042782
machine,80,123.20648866437429
machine,81,122.21695870603635
machine,82,124.37080197204595
machine,83,118.74827240959786
machine,84,118.49771510616453
machine,85,124.24390135552186
machine,86,121.75979839549953
machine,87,114.76571541652596
machine,88,120.51781283942464
machine,89,120.2852308136732
machine,90,120.93434126702118
machine,91,118.57227221981887
machine,92,119.9693321337324
machine,93,123.29316587138861
machine,94,120.19631974717255
machine,95,120.57607633975955
machine,96,120.85554099883015
machine,97,119.14684605611761
machine,98,126.63853164912537
machine,99,120.53143136418743
machine,100,119.4643208295626
machine,101,122.26517949971108
machine,102,115.30140717137468
machine,103,120.23706625296981
machine,104,120.09348720162183
machine,105,118.32335941789434
machine,106,124.32775102115181
machine,107,120.53236485777099
machine,108,120.52086025531477
machine,109,119.10936442930009
machine,110,115.6688080333727
machine,111,120.4482800127024
machine,112,123.44415108944682
machine,113,121.01803289705421
machine,114,118.05947334407824
machine,115,116.54240168120928
machine,116,120.92447583304295
machine,117,124.98238521768603
machine,118,117.18171964081525
machine,119,122.18022186006611
machine,120,116.45396357589371
machine,121,119.98563145418927
machine,122,114.65451930770365
machine,123,123.65650082670052
machine,124,119.12563164346525
machine,125,118.86246028899892
machine,126,118.4539581621124
machine,127,120.6982908912412
machine,128,118.95225866949357
machine,129,123.82746342883539
machine,130,122.42414955681637
machine,131,120.31578771103804
machine,132,118.34965670456353
machine,133,119.51360920038947
machine,134,116.42468368094576
machine,135,118.95875018778277
machine,136,118.78743923600805
machine,137,123.35198236243261
machine,138,118.96809777769313
machine,139,118.11698571915737
machine,140,119.51171359801526
machine,141,120.83608562558908
machine,142,122.29185092049697
machine,143,120.82763444687188
machine,144,120.57237950841323
machine,145,118.58719099221575
machine,146,118.31803878507915
machine,147,113.92346166322311
machine,148,123.22381756068235
machine,149,114.75317371258515
machine,150,120.50557925106583
machine,151,118.59105342302811
machine,152,126.02672610316415
machine,153,120.65487677947499
machine,154,118.40890658906214
machine,155,117.80325916453549
machine,156,124.48454478713025
machine,157,122.64429881174787
machine,158,122.1030932097619
machine,159,125.21541829891913
machine,160,120.13676011852148
machine,161,126.02829104331772
machine,162,125.60844909142543
machine,163,120.67935407131856
machine,164,119.26944359458686
machine,165,120.99017371901897
machine,166,122.35473404924555
machine,167,120.7511152988008
machine,168,120.04234343218126
machine,169,120.08793332406869
machine,170,119.52234341628609
machine,171,120.97423621258316
machine,172,120.63193047227992
machine,173,119.0399286457909
machine,174,124.83171777172386
machine,175,125.93475884611784
machine,176,121.64272643316221
machine,177,123.1686878436553
machine,178,118.5435498371213
machine,179,120.6854837926882
machine,180,116.03211228647885
machine,181,122.6267627558491
machine,182,118.69561027214527
machine,183,122.97064170548602
machine,184,119.17565397404235
machine,185,119.87128252156296
machine,186,120.50810944224739
machine,187,116.39842319704195
machine,188,120.83425904293097
machine,189,123.29851955206969
machine,190,121.83134605762775
machine,191,123.90924879435306
machine,192,121.7814633173757
machine,193,117.60841379093185
machine,194,118.5283732694042
machine,195,119.66726603539988
machine,196,119.83893488348303
machine,197,127.5369773528271
machine,198,123.22386721810436
machine,199,119.42536152840782
machine,200,121.70811551348883
machine,201,117.05370990349631
machine,202,119.97426879820112
machine,203,116.73563510301082
machine,204,123.66835348595106
machine,205,117.25932387773466
machine,206,120.84578075769656
machine,207,120.73224262409377
machine,208,116.15955070541058
machine,209,119.07377954461873
machine,210,123.86424617179583
machine,211,118.02471559790573
machine,212,117.15948096447693
machine,213,117.36451279103058
machine,214,121.95903123548449
machine,215,122.63490132442043
machine,216,121.88882028345431
machine,217,120.59203012430153
machine,218,119.58562476132681
machine,219,120.72543335235181
machine,220,119.33001848570252
machine,221,117.99186072001724
machine,222,118.32567816596382
machine,223,121.5225617606818
machine,224,118.51654315510605
machine,225,120.04192724792814
machine,226,122.74106723052729
machine,227,118.29686695420105
machine,228,116.88891090157362
machine,229,120.35605644833016
machine,230,120.61032626683104
machine,231,121.21517166908815
machine,232,118.02804329446803
machine,233,118.77742139880134
machine,234,116.32062680870108
machine,235,120.56677403456797
machine,236,121.74935176808432
machine,237,119.8383192870528
machine,238,118.68524662626088
machine,239,119.4582276899377
machine,240,119.36013699030934
machine,241,118.88210536157958
machine,242,120.46287307289309
machine,243,118.66488163222762
machine,244,119.17849795687975
machine,245,122.841349336854
machine,246,119.4123139098893
machine,247,121.28802119986209
machine,248,121.35208995744429
machine,249,120.5439644790401
machine,250,116.3945037235463
machine,251,115.46966595386832
machine,252,118.29881465459952
machine,253,119.70328421925068
machine,254,118.23233732590535
machine,255,123.10591272725972
machine,256,121.96776818304069
machine,257,118.78160406029752
machine,258,118.46852210201762
machine,259,118.11611954900734
machine,260,121.61069429181264
machine,261,121.60760825983597
machine,262,120.62297344715864
machine,263,122.067869244817
machine,264,121.34061644998835
machine,265,123.4708017488116
machine,266,121.69950826173519
machine,267,121.41712380606474
machine,268,117.93044287899603
machine,269,120.04247067377636
machine,270,120.70587120769964
machine,271,115.92382544711803
machine,272,119.29742330327113
machine,273,119.81838876733313
machine,274,121.13209899917388
machine,275,119.34542375504395
machine,276,119.75523865011807
machine,277,118.87390728067211
machine,278,118.1442110058974
machine,279,121.14229103025507
machine,280,119.4931920659267
machine,281,121.13347416492282
machine,282,124.19967479069439
machine,283,123.51764765156051
machine,284,118.53687096570025
machine,285,119.17008466266883
machine,286,118.34698131573025
machine,287,125.8563916373353
machine,288,121.27867064366664
machine,289,117.304979838878
machine,290,120.91288494045729
machine,291,123.05102969382628
machine,292,122.44154734244712
machine,293,121.52955004431125
machine,294,126.63205453807052
machine,295,120.88222867699207
machine,296,120.97024143122255
machine,297,114.97628585159181
machine,298,119.87415872581776
machine,299,119.37612399159754
machine,300,120.49190231894147
machine,301,118.38461762176453
machine,302,119.68347531646228
machine,303,115.57470335256556
machine,304,123.32246362525213
machine,305,118.14289339162191
machine,306,122.32726642451357
machine,307,117.97074964696274
machine,308,120.28026433574048
machine,309,120.64164472892469
machine,310,123.8353939692545
machine,311,118.53700359093857
machine,312,119.72013562363215
machine,313,119.58004636610646
machine,314,119.37280413275413
machine,315,120.72789608961934
machine,316,118.97202006224035
machine,317,118.20050413636267
machine,318,118.9579143814225
machine,319,123.36590621296838
machine,320,119.58524672122124
machine,321,117.90397879053194
machine,322,117.07951181655807
machine,323,119.41184610769365
machine,324,121.51704252303543
machine,325,118.52941946993094
machine,326,119.16610661974798
machine,327,120.92365314918898
machine,328,123.37962402557132
machine,329,123.72875661582347
machine,330,120.01649675991699
machine,331,120.26188207726823
machine,332,122.22607700664578
machine,333,121.81186109584847
machine,334,122.15537887769858
machine,335,123.41290938810732
machine,336,119.85188690906111
machine,337,123.16212791770647
machine,338,122.65134119355683
machine,339,117.65344736343496
machine,340,118.5824631541706
machine,341,120.24900283937257
machine,342,120.3953355750406
machine,343,124.20821163601465
machine,344,117.55481443423162
machine,345,118.76194729267884
machine,346,120.30298516427406
machine,347,127.75940000767487
machine,348,117.25151314844841
machine,349,118.06487396415659
machine,350,121.77078872491911
machine,351,118.84432860673549
machine,352,120.32822420560333
machine,353,118.34532051045137
machine,354,121.20110312955774
machine,355,118.43932812191065
machine,356,122.6973153112543
machine,357,117.16562174803849
machine,358,124.49655771899377
machine,359,121.54306999240237
machine,360,120.33507910199954
machine,361,122.24540982684017
machine,362,119.7281702636411
machine,363,123.58713421873698
machine,364,121.64690256138526
machine,365,122.08076675704011
machine,366,122.17695147356855
machine,367,122.33097709943704
machine,368,118.18123492811321
machine,369,115.38776556417045
machine,370,117.84723266607793
machine,371,119.79018998393379
machine,372,117.80863847859861
machine,373,119.89799362324223
machine,374,122.12495517865176
machine,375,118.57313567745149
machine,376,119.06567926105176
machine,377,118.13920345849616
machine,378,118.7472218610057
machine,379,122.98042919852605
machine,380,117.29479320209317
machine,381,118.65234493231169
machine,382,121.6910964701654
machine,383,119.2236076924651
machine,384,118.40967855271631
machine,385,124.01970028247251
machine,386,119.53282962508847
machine,387,121.9999974006621
machine,388,119.91315944607872
machine,389,119.77964167806097
machine,390,122.64284160660908
machine,391,123.99722174665749
machine,392,121.05925527557505
machine,393,121.41228046143218
machine,394,117.81245596130626
machine,395,119.12058486445969
machine,396,122.24375797128772
machine,397,120.42396055991593
machine,398,123.6568185572424
machine,399,123.30845992967718
machine,400,123.95171714838091
machine,401,120.59027036840091
machine,402,117.81173205016825
machine,403,121.92942154542811
machine,404,118.54489078437531
machine,405,119.43670564521607
machine,406,125.98188958337838
machine,407,121.24407472943994
machine,408,120.17017245937008
machine,409,120.70691693644824
machine,410,127.39748862491678
machine,411,123.42031744230741
machine,412,119.80014447470573
machine,413,121.16528274998666
machine,414,121.08512150680902
machine,415,118.61168431026461
machine,416,119.05031585105301
machine,417,120.90292610321055
machine,418,120.78553770707398
machine,419,120.99577702716518
machine,420,120.88192212283799
machine,421,123.82689094132984
machine,422,119.63368008548989
machine,423,120.15481757238786
machine,424,120.37609870848627
machine,425,122.75358287291935
machine,426,120.09174020080515
machine,427,127.04705782644467
machine,428,121.42771954485181
machine,429,118.62644661220043
machine,430,123.57931347844922
machine,431,119.69175219323012
machine,432,116.79677649568549
machine,433,118.29572043907655
machine,434,122.44692624548092
machine,435,119.57876046316807
machine,436,120.40641844351137
machine,437,117.90717581417893
machine,438,123.08303364371808
machine,439,116.11361864322004
machine,440,119.04110958660559
machine,441,118.64393883947493
machine,442,121.1090915242694
machine,443,120.45026991273133
machine,444,128.7575602581302
machine,445,120.60499048716333
machine,446,118.46133306673347
machine,447,121.57155057615152
machine,448,123.05047481266367
machine,449,119.92878627279626
machine,450,118.89292361816683
machine,451,118.25763960248025
machine,452,118.67783450833886
machine,453,119.30516469301185
machine,454,121.97144805756122
machine,455,119.9900242095389
machine,456,114.94783283550223
machine,457,122.75810935313946
machine,458,116.60677156715464
machine,459,117.80481303611393
machine,460,116.5535144893229
machine,461,119.0455144311779
machine,462,125.75550019403008
machine,463,122.70034638750715
machine,464,117.20092947329623
machine,465,117.48752597690904
machine,466,120.433209420186
machine,467,123.43952484241451
machine,468,117.98170701293458
machine,469,123.72755076179625
machine,470,121.1165846179195
machine,471,123.46438706187064
machine,472,122.67717999257684
machine,473,123.4387164240784
machine,474,121.26348834558824
machine,475,123.99451447047821
machine,476,118.62747563822356
machine,477,117.20800306816213
machine,478,125.36667372545531
machine,479,120.60146087173263
machine,480,120.60323598832537
machine,481,119.17728607182354
machine,482,122.00095933626172
machine,483,122.80639869917383
machine,484,120.60832545182085
machine,485,119.30548189854441
machine,486,122.82969931590644
machine,487,118.93523280403957
machine,488,116.88978683511111
machine,489,119.31472307734607
machine,490,119.15949615235604
machine,491,117.13922979077493
machine,492,116.9847574841038
machine,493,118.32148023305986
machine,494,122.77908120932419
machine,495,120.5998256330835
machine,496,122.14489917422038
machine,497,116.68810407257928
machine,498,120.20275351529261
machine,499,119.79934197691655
city,0,119.95851140222604
city,1,117.29684345899969
city,2,121.42653738959915
city,3,116.84499208238132
city,4,122.21038223149851
city,5,126.95064379700416
city,6,119.63917547158805
city,7,118.94651387880519
city,8,117.28874674371706
city,9,124.14526339251901
city,10,119.65505116367487
city,11,117.26793650409097
city,12,120.90123745210184
city,13,117.68176989938384
city,14,116.59981128231738
city,15,120.4710776669543
city,16,122.28092157878254
city,17,118.08148056604877
city,18,120.4948929531519
city,19,116.40904055166625
city,20,117.70603892036834
city,21,115.77096623105514
city,22,117.8278236402701
city,23,123.48011444679064
city,24,126.19136217923182
city,25,116.5642896726943
city,26,121.74840744356128
city,27,120.67464004632104
city,28,119.02175915248783
city,29,118.33115285443566
city,30,123.9025270592861
city,31,120.08436067426574
city,32,117.9383504068694
city,33,120.40389438914929
city,34,116.91912139340145
city,35,121.87853851000874
city,36,118.93594298893089
city,37,119.00918470194772
city,38,116.89958524043746
city,39,122.54772663087488
city,40,118.81263102936137
city,41,120.48915717283617
city,42,113.41318260705975
city,43,121.7800218505649
city,44,123.54935109463547
city,45,119.86209056080898
city,46,122.4482972303057
city,47,119.59958143183431
city,48,117.73104685585463
city,49,118.43119075181721
city,50,119.05515831672477
city,51,118.827448696832
city,52,121.8117386221618
city,53,118.9949816636751
city,54,121.96441191932144
city,55,121.47136218994741
city,56,122.78199762601834
city,57,119.52710734598236
city,58,117.12166885539685
city,59,119.93290870208268
city,60,119.76106047958557
city,61,115.37183824844017
city,62,119.49274475213534
city,63,123.4387815569042
city,64,118.45323386644087
city,65,120.48858790394061
city,66,117.14031518448526
city,67,116.61522683013035
city,68,117.73718515206657
city,69,119.47800479938977
city,70,117.51761611897268
city,71,120.12006935129462
city,72,120.6379931615264
city,73,119.40735183080753
city,74,122.90435569851444
city,75,121.78235536227236
city,76,120.78026655543468
city,77,119.6182677759139
city,78,114.48804420888854
city,79,122.62475544343638
city,80,119.77768966541389
city,81,122.44612528318974
city,82,122.99642272305758
city,83,117.57642887498945
city,84,126.85434749723903
city,85,121.04408220626992
city,86,118.00436467757646
city,87,126.11941186842661
city,88,126.61046478109151
city,89,122.65047310676509
city,90,116.36603180652156
city,91,117.07639808863152
city,92,120.5266680656888
city,93,116.2343064580934
city,94,121.30727789502045
city,95,121.70021807142271
city,96,121.96933728382524
city,97,116.92653706407019
city,98,121.92332901845711
city,99,119.96356979499826
city,100,120.33005494705222
city,101,120.19099642837554
city,102,117.29277356688519
city,103,124.70248265808661
city,104,115.33871120375836
city,105,123.59010947461296
city,106,116.08309418552633
city,107,118.59957805041279
city,108,121.08087639139751
city,109,116.77183376187597
city,110,114.23703526979023
city,111,117.06341537400672
city,112,121.41733043811149
city,113,117.38575437267502
city,114,123.62435558149518
city,115,126.0544213727537
city,116,119.19934264895507
city,117,118.44105027736771
city,118,119.3312701758813
city,119,121.52876627269606
city,120,124.84253197095947
city,121,117.6185825396273
city,122,121.96777170239632
city,123,122.31809979248065
city,124,120.99662339843849
city,125,114.89541711666449
city,126,120.2787868939898
city,127,122.10351302671856
city,128,121.42092977659178
city,129,123.93159369561187
city,130,118.17086036813807
city,131,123.81343589695388
city,132,121.65373884230111
city,133,123.3004896585007
city,134,116.82930297425038
city,135,115.6607675008482
city,136,120.3468849983951
city,137,124.75818397664501
city,138,118.29102298364236
city,139,114.91325698005063
city,140,128.74710356258132
city,141,119.76609297847848
city,142,123.41407632535805
city,143,118.85042638957573
city,144,118.41983176124072
city,145,120.78863250029117
city,146,115.89967272049549
city,147,116.03083266352105
city,148,119.31623074877595
city,149,118.17226527649541
city,150,123.13693438343418
city,151,119.96714385161391
city,152,119.15078503098529
city,153,117.1285905680324
city,154,117.79380175392949
city,155,117.78620214443039
city,156,117.61025038679821
city,157,123.79760338789158
city,158,122.50147559487226
city,159,122.39972429431664
city,160,116.23496545693361
city,161,122.44888769219138
city,162,118.65897521726009
city,163,120.78557553912417
city,164,120.25509087851076
city,165,122.95699018510258
city,166,118.46795022484548
city,167,121.76661333157884
city,168,117.3362902520307
city,169,117.22440324868673
city,170,119.9186249393965
city,171,117.2998425129197
city,172,115.68010371996522
city,173,118.22844017252987
city,174,122.02115131545928
city,175,116.63199815220537
city,176,117.14832507617712
city,177,119.14746530081398
city,178,118.56289356301116
city,179,117.0002174707024
city,180,115.90719833375431
city,181,122.18936556911686
city,182,121.8528621295953
city,183,122.98551248972333
city,184,119.87169089019018
city,185,116.03685834061201
city,186,117.54275536016716
city,187,119.89337832836678
city,188,119.89529064819176
city,189,122.10519544701768
city,190,120.33593178151816
city,191,119.67721460836043
city,192,120.33643448781007
city,193,120.49315977241832
city,194,127.90757984464408
city,195,119.54594130560264
city,196,124.76399933562337
city,197,114.93005222378368
city,198,120.4391268136736
city,199,130.03495496672534
city,200,121.58042252806962
city,201,121.87630881119735
city,202,117.66388395271233
city,203,119.33777461917884
city,204,117.29677771510379
city,205,115.0126603164813
city,206,117.25376317698242
city,207,121.33159254927564
city,208,115.6390924048315
city,209,118.604767761732
city,210,119.26697837448259
city,211,118.13301276515031
city,212,116.40415534029455
city,213,120.26339744064825
city,214,121.22285312008019
city,215,118.63062482008246
city,216,119.08617451260999
city,217,122.9379350995401
city,218,124.26577090649673
city,219,118.96928474963411
city,220,119.60439601843282
city,221,121.21823307235272
city,222,115.74301146255756
city,223,122.73619374447529
city,224,116.76401528963403
city,225,121.66299532010024
city,226,119.78818437698997
city,227,119.83329349294063
city,228,122.91718569938229
city,229,121.5655312495549
city,230,119.76259078374925
city,231,120.8941730183115
city,232,115.19764381728896
city,233,123.70329009080103
city,234,122.01001152263034
city,235,118.1944863094375
city,236,121.22717717640074
city,237,121.39322352000572
city,238,120.03482538048213
city,239,122.80529965608322
city,240,126.19377755840449
city,241,119.44082054123555
city,242,119.10053839166615
city,243,118.90821883993061
city,244,120.50916708001182
city,245,118.00523615621216
city,246,119.7167050352972
city,247,122.52862219215781
city,248,118.58625188492411
city,249,122.42708054119635
city,250,119.49476654306443
city,251,123.22778354776196
city,252,115.11690260625993
city,253,123.61101827675871
city,254,113.97416253994224
city,255,120.1822246934741
city,256,124.52924454382742
city,257,120.7830252653
city,258,124.16417884702453
city,259,122.67314917501848
city,260,122.69895828236461
city,261,124.6634149883572
city,262,121.53642453089113
city,263,119.47474120067889
city,264,121.21541816640115
city,265,120.35078651880764
city,266,118.74758638072636
city,267,119.6053309708977
city,268,117.24183799106105
city,269,117.97083324126703
city,270,119.90576190885275
city,271,120.75867574636034
city,272,118.44486937998677
city,273,125.14872578871532
city,274,114.6529387286702
city,275,119.0486448912482
city,276,121.17547967896125
city,277,118.57981910042994
city,278,114.98748321427563
city,279,123.1544848808768
city,280,118.42789181500024
city,281,118.52491685496098
city,282,126.12547892141734
city,283,116.16090568580462
city,284,118.62692692925525
city,285,117.7058579289836
city,286,119.58563383715853
city,287,123.03625580374704
city,288,117.87238441409096
city,289,122.88523933093141
city,290,123.1573267790576
city,291,125.96733991353734
city,292,116.43655712078238
city,293,121.72478180892973
city,294,124.39580583355396
city,295,119.96612961998534
city,296,122.42824842711155
city,297,122.32786486583191
city,298,118.08782351668367
city,299,124.74268231897265
city,300,118.68120496163664
city,301,122.33378315936285
city,302,117.18130720615906
city,303,120.2097582702162
city,304,121.92286058156836
city,305,117.38645285458169
city,306,122.03542263655945
city,307,117.03042941579834
city,308,118.84893820052615
city,309,120.97895119377502
city,310,122.8701674062824
city,311,121.81894448365418
city,312,123.04848985367232
city,313,122.12213620550132
city,314,119.46418226023235
city,315,110.89297936789688
city,316,121.4311562069805
city,317,118.69277238016662
city,318,116.39678606663375
city,319,121.33551321585621
city,320,123.17731797367072
city,321,120.03914492449643
city,322,118.32846130824505
city,323,118.78230458301195
city,324,115.11514603676241
city,325,124.83619631177108
city,326,122.8707527501988
city,327,121.98355231866833
city,328,118.42129723393793
city,329,121.76477868403057
city,330,116.84779570637606
city,331,117.91249917532183
city,332,117.67313425872987
city,333,118.2913668247315
city,334,122.54283966983832
city,335,116.98672700458019
city,336,118.71553081289987
city,337,122.32869746346992
city,338,121.6117047677402
city,339,120.34417421994574
city,340,114.38011480761428
city,341,121.98904040508083
city,342,121.23994509236746
city,343,121.48178696779777
city,344,119.68981665844436
city,345,118.88908555652644
city,346,116.50808809785269
city,347,123.55009208253117
city,348,116.47508983703696
city,349,121.92350709929897
city,350,115.67256526341848
city,351,121.83668869145427
city,352,120.69800562479513
city,353,123.5284783287477
city,354,118.50785821938494
city,355,118.61659363828984
city,356,117.33394672868083
city,357,121.93634661141708
city,358,121.25374952700494
city,359,120.13962210960807
city,360,116.43556816176002
city,361,118.45352707956782
city,362,121.09322386879964
city,363,124.88959170880902
city,364,122.18719771677493
city,365,118.40013581435859
city,366,119.44889875937723
city,367,119.52599781796054
city,368,122.6421922475311
city,369,123.65684788420108
city,370,119.72352476045727
city,371,117.33172229308988
city,372,117.7859384089127
city,373,115.98636387013994
city,374,117.97905889378322
city,375,114.52155584842191
city,376,117.07212573561291
city,377,118.43569664276856
city,378,119.72326985193827
city,379,122.60435798372478
city,380,125.53896376168996
city,381,118.38139541147477
city,382,122.9540527961067
city,383,115.07578443498481
city,384,116.85531589297753
city,385,117.10929827865687
city,386,120.17418505645945
city,387,120.64609744306374
city,388,116.36721484259363
city,389,120.47723403639465
city,390,119.19735721736322
city,391,117.59387178742884
city,392,116.18069679599068
city,393,117.2502337460726
city,394,119.63472295293091
city,395,119.25791576639912
city,396,122.74856230967512
city,397,119.70494297847748
city,398,117.99896880818967
city,399,122.15217429156868
city,400,119.33002454374453
city,401,120.3292569304594
city,402,116.95120729166912
city,403,116.90984362730836
city,404,118.44247098671985
city,405,121.65774029243988
city,406,119.98746905177877
city,407,120.91622660352665
city,408,116.45353052588648
city,409,117.32845089696669
city,410,117.87230441409129
city,411,116.72607555455923
city,412,122.69856392516947
city,413,120.30998935553643
city,414,117.60877751362403
city,415,120.4482028615237
city,416,120.23088561025166
city,417,120.77708384469403
city,418,119.14746380802588
city,419,121.12642950727161
city,420,120.84730950876764
city,421,118.89622839453868
city,422,123.9555448318346
city,423,120.1858337858742
city,424,117.50672183435886
city,425,121.2086794569858
city,426,118.97199784374777
city,427,120.30642571978503
city,428,121.72995667803642
city,429,115.52187707769568
city,430,115.98711127954975
city,431,120.28633230437553
city,432,122.2408746346812
city,433,125.70857844255474
city,434,122.4689315028696
city,435,112.6563843368541
city,436,117.22669851290657
city,437,118.89190775624034
city,438,124.33462293204703
city,439,116.57113867206309
city,440,114.63698898332146
city,441,116.3650618476103
city,442,120.32013716275702
city,443,120.01335749580507
city,444,121.45483763540241
city,445,120.93298433915922
city,446,121.34004937948077
city,447,120.72353563960067
city,448,118.43554323328631
city,449,119.23667377947275
city,450,117.11137244347596
city,451,117.0201687159367
city,452,126.56738633542895
city,453,117.03270320312345
city,454,120.09310311396466
city,455,117.69880735239899
city,456,116.40231229853819
city,457,118.93069015912712
city,458,120.32999741674769
city,459,126.35222068113347
city,460,116.94550817677352
city,461,120.63041078995266
city,462,112.61399750388344
city,463,120.89073769438596
city,464,118.19171400693949
city,465,115.96352726439207
city,466,116.05646763571951
city,467,116.61794102707161
city,468,121.72703178731616
city,469,116.8850977438917
city,470,119.46863961601022
city,471,120.05365759078283
city,472,121.07591815448042
city,473,118.00651453712874
city,474,117.50310140382913
city,475,121.37627659226791
city,476,119.35780616274461
city,477,120.89771146665656
city,478,121.41236133918395
city,479,119.67338932772991
city,480,123.67574782811583
city,481,122.4015383611603
city,482,116.30902315158298
city,483,119.43301086919223
city,484,116.83879422662673
city,485,118.62088928886152
city,486,122.78294365454117
city,487,118.72895857224795
city,488,120.58797444038265
city,489,117.98648179145232
city,490,122.0734442921394
city,491,120.65013081314552
city,492,117.13422931739908
city,493,121.2822252780249
city,494,119.19927418815897
city,495,118.1937095605061
city,496,122.90887582564449
city,497,120.8220771628343
city,498,117.58105774295477
city,499,123.31068348830547
time,0,113.0119996713179
time,1,116.156527757595
time,2,115.06060478319517
time,3,117.6864146701643
time,4,116.16779878423719
time,5,118.3321304562281
time,6,118.47481135124531
time,7,120.51915186628617
time,8,119.79508089859749
time,9,117.30907322204176
time,10,115.56152483691346
time,11,117.80439446578784
time,12,116.47006555718274
time,13,117.23852839913161
time,14,115.9796517609445
time,15,114.08746365617112
time,16,113.86530641529254
time,17,115.40768520039013
time,18,118.6575490514602
time,19,117.96153830218856
time,20,116.11970192523967
time,21,117.38432353524193
time,22,116.49324031862136
time,23,117.57620301875693
time,24,119.90926499881971
time,25,117.35636716417197
time,26,114.33541953697383
time,27,117.10025916832538
time,28,118.61232139017378
time,29,115.95460290277965
time,30,124.14247268403216
time,31,121.24691803193062
time,32,117.429380289872
time,33,118.02912849046456
time,34,115.99716507080468
time,35,117.69057264864757
time,36,117.6196716840201
time,37,114.81115181460153
time,38,117.89066335356392
time,39,120.54779157625934
time,40,114.70097258599448
time,41,117.32391080732987
time,42,114.46450041385255
time,43,116.9455242007857
time,44,117.10967714904687
time,45,116.53380527847457
time,46,113.60998867045654
time,47,116.33136499351966
time,48,118.18698609014002
time,49,115.32562370480927
time,50,115.42802276804198
time,51,116.96179870024513
time,52,115.98460333160385
time,53,116.49126615934493
time,54,117.99038612624713
time,55,119.11029383958014
time,56,114.53744319263166
time,57,115.13276136449979
time,58,114.11841015556897
time,59,117.88688481197465
time,60,120.35376169383181
time,61,116.14178907644619
time,62,115.94393886952645
time,63,114.75590372443793
time,64,115.71085168839663
time,65,114.93637997988712
time,66,113.6924593895095
time,67,120.10035679689899
time,68,119.09195874617488
time,69,116.59863104576151
time,70,116.0278602562244
time,71,116.43488919660767
time,72,116.30578696913112
time,73,119.23988660176357
time,74,120.01691309624873
time,75,120.65978923939416
time,76,115.47247866373294
time,77,118.95263455086516
time,78,114.72859137357874
time,79,117.42047139365772
time,80,117.87681991253558
time,81,114.54990004791622
time,82,116.1247768414166
time,83,117.4372551161826
time,84,115.57445241376941
time,85,116.18748009206669
time,86,114.84949679731436
time,87,117.07736066951406
time,88,115.71454384332935
time,89,114.58376823960744
time,90,116.34055141109592
time,91,116.25978156356194
time,92,121.44151844909933
time,93,116.22318733464124
time,94,116.7065134830138
time,95,115.79736507843688
time,96,119.69025271505309
time,97,119.76154819452951
time,98,118.20406697293204
time,99,118.27471719899958
time,100,117.97786447668383
time,101,117.60431881494988
time,102,119.51485951342977
time,103,120.41584197438814
time,104,115.84992726155201
time,105,114.32277622248385
time,106,115.89533057767642
time,107,115.13935695146135
time,108,119.6830438598445
time,109,118.09622969738965
time,110,115.34034635034153
time,111,118.12427401475236
time,112,116.27864947425421
time,113,116.79913629854839
time,114,116.04719935953416
time,115,117.80053748927719
time,116,114.08939634754182
time,117,118.08285785673527
time,118,116.16872707613955
time,119,119.66638867671213
time,120,115.59694112959306
time,121,115.10815121248467
time,122,115.53453471820396
time,123,114.08896474971601
time,124,119.54283310285668
time,125,114.938833899507
time,126,116.5417007264397
time,127,116.16860453261562
time,128,114.61686204759913
time,129,117.11569229324374
time,130,116.90236340650245
time,131,115.83927622496617
time,132,117.97070656660344
time,133,120.04881951820458
time,134,114.50374514528328
time,135,113.97909723738191
time,136,116.37072409516165
time,137,117.9571486922247
time,138,114.56436360440827
time,139,118.7090698916941
time,140,117.18324170651312
time,141,115.09577100711049
time,142,122.89875561049087
time,143,116.62179838990794
time,144,116.85156689845344
time,145,118.35345053813613
time,146,116.79398993954445
time,147,118.18357419576053
time,148,115.83378305138616
time,149,121.42667855213006
time,150,115.99840267815782
time,151,117.3114792912431
time,152,115.78028478599262
time,153,119.9583463563958
time,154,118.91173147181308
time,155,113.7251279819885
time,156,118.79239343520906
time,157,115.40346549201547
time,158,118.02931266896468
time,159,119.42655186935347
time,160,116.7977221835794
time,161,114.74928923822783
time,162,113.13684272861735
time,163,117.19660354922046
time,164,116.55911641881809
time,165,113.98399149218683
time,166,115.95943718859394
time,167,119.14893515585968
time,168,115.06670104945538
time,169,117.02505242176038
time,170,121.06443869086003
time,171,118.69371383231777
time,172,117.74503258720456
time,173,115.56233140514804
time,174,119.50280048691462
time,175,114.51838831903484
time,176,114.82157555727306
time,177,117.36297940784371
time,178,122.19598604281916
time,179,117.0982616704966
time,180,116.8544756886995
time,181,118.44313163899814
time,182,115.42242256620855
time,183,116.13437759279262
time,184,119.3615174519255
time,185,116.87335977264726
time,186,114.65879039666216
time,187,118.35260702652552
time,188,118.13458737583294
time,189,117.55389772396676
time,190,116.87573277748828
time,191,114.75151045404334
time,192,118.6955991507318
time,193,116.96718255948983
time,194,114.4923063134583
time,195,119.6185201540368
time,196,117.13664296107207
time,197,115.67935154092397
time,198,120.9499832999862
time,199,115.15295016503835
time,200,116.53979559082465
time,201,119.52834645402619
time,202,114.62934352964909
time,203,120.4784579337298
time,204,115.51576414977929
time,205,116.1356502181818
time,206,116.04364919435916
time,207,116.01601883892236
time,208,112.20149398690657
time,209,116.95866192454312
time,210,114.3209725248033
time,211,118.60279274738275
time,212,116.12628799678492
time,213,114.26267713212792
time,214,117.11206900372812
time,215,116.94814799026827
time,216,115.14537123509989
time,217,114.73184101662358
time,218,118.32662149938307
time,219,117.35472773966727
time,220,113.57010752411705
time,221,115.51181904994014
time,222,115.16459965382566
time,223,120.15577104610765
time,224,115.12737967375541
time,225,117.02749508409947
time,226,117.00349698071304
time,227,116.31106658128189
time,228,118.66256558322907
time,229,116.68634403836778
time,230,116.92695027034144
time,231,118.17485015679526
time,232,115.57754076940225
time,233,117.38514127905843
time,234,114.99519584772145
time,235,115.74408423514487
time,236,114.12781220300438
time,237,116.48988433748957
time,238,118.80221287662907
time,239,117.95902279658512
time,240,113.35610644603781
time,241,116.21577668324747
time,242,118.15576162685981
time,243,116.10572483701527
time,244,116.225366432563
time,245,115.75286054275833
time,246,113.40402750102704
time,247,116.86287887344164
time,248,118.9442305534848
time,249,119.11315551101427
time,250,115.07971245776602
time,251,117.04867819959037
time,252,117.38503333081832
time,253,116.0085135331143
time,254,117.21103493673957
time,255,113.97761476752888
time,256,117.78275838950466
time,257,114.64323292410286
time,258,116.57703358856277
time,259,120.18685814433248
time,260,116.86437454325362
time,261,117.07300402450696
time,262,116.60515853075783
time,263,117.02507850743389
time,264,115.02031874484557
time,265,115.93277041361938
time,266,116.66199620393094
time,267,117.65910247405593
time,268,114.87433467040454
time,269,117.14832636807387
time,270,115.40542182592122
time,271,116.49637366974162
time,272,117.07277959141913
time,273,115.94247915913296
time,274,116.28112035095192
time,275,118.17830419312097
time,276,117.07754548354028
time,277,116.34741438088913
time,278,114.8374252167006
time,279,115.53501190686082
time,280,116.29871156830178
time,281,117.36346103292678
time,282,117.98097511667669
time,283,116.30016418627058
time,284,117.42646940362707
time,285,117.98290825916362
time,286,117.05758522006018
time,287,117.8143336604043
time,288,118.00634137344164
time,289,115.63304226519475
time,290,114.95626951594622
time,291,117.2607769673706
time,292,116.77773300447092
time,293,116.11451105119053
time,294,116.18920401309258
time,295,117.09728122535566
time,296,115.35103902803654
time,297,120.89965630362663
time,298,117.76826021795144
time,299,116.95197375564084
time,300,113.33579270350546
time,301,116.2488764348915
time,302,120.07280881491151
time,303,116.80420234790994
time,304,118.29634790688452
time,305,118.0716497239801
time,306,121.59141451604813
time,307,114.0554138480762
time,308,117.81615708015667
time,309,114.97869223423811
time,310,116.87779503110434
time,311,117.68867397508296
time,312,117.04830670988542
time,313,120.35663458103858
time,314,120.32915831451754
time,315,117.07795251596613
time,316,115.81172906253694
time,317,115.0836940676397
time,318,117.85772381651174
time,319,115.63875142175095
time,320,116.86715750614434
time,321,114.71381770664009
time,322,114.60332706639463
time,323,114.70889990763114
time,324,117.69023800706991
time,325,115.06362230784197
time,326,113.48826806389131
time,327,122.2848925156305
time,328,115.3870413574996
time,329,118.58066984388496
time,330,121.48938448000786
time,331,114.36374936615634
time,332,117.64935969390055
time,333,114.22426379319191
time,334,113.9427431469365
time,335,119.14788730627268
time,336,118.71874258785178
time,337,116.43831225326136
time,338,117.1861043161173
time,339,112.46278750961514
time,340,120.04451053088563
time,341,115.84710895920509
time,342,116.8223112285322
time,343,114.11453601732788
time,344,117.58726603888319
time,345,117.55829470739675
time,346,117.75860219211256
time,347,118.07197487004603
time,348,114.5426916439161
time,349,117.44233891412397
time,350,114.7258008435917
time,351,117.55305377853172
time,352,113.87823733540219
time,353,115.61282790341029
time,354,120.78506746298181
time,355,114.64968016788058
time,356,119.67982469543712
time,357,115.75719226235319
time,358,117.14294991229721
time,359,119.171052170126
time,360,117.52502712576123
time,361,118.07080085441181
time,362,113.79654600199622
time,363,118.74153912344438
time,364,115.7454878683605
time,365,116.22492467614745
time,366,114.71632622977019
time,367,116.78868318969037
time,368,115.90576725504643
time,369,120.07218363788891
time,370,116.50718755941318
time,371,112.17159455431702
time,372,118.02548940080193
time,373,118.30353226031067
time,374,118.30533203750042
time,375,116.36013411943753
time,376,116.58853965556068
time,377,117.27356451625064
time,378,116.65910049545565
time,379,117.48635290299791
time,380,116.29488511472064
time,381,116.19830635694346
time,382,115.94921886517066
time,383,117.85213140076445
time,384,115.95290821864232
time,385,120.3736680007204
time,386,116.27315635049358
time,387,114.96216767696737
time,388,116.21940571500606
time,389,118.81015256792556
time,390,119.36328020335483
time,391,115.1721703523894
time,392,116.64111417359292
time,393,116.43229048523949
time,394,122.07832042480162
time,395,116.44595908160531
time,396,118.44223162268702
time,397,115.46486261746945
time,398,116.60120034565745
time,399,118.27114526326652
time,400,112.94676993385251
time,401,119.41599540361312
time,402,117.79765517585277
time,403,115.12257874141557
time,404,119.34684717218751
time,405,119.70027115541615
time,406,114.2213854296221
time,407,116.82760027019012
time,408,117.21884839473233
time,409,118.83554885714211
time,410,115.86951039403537
time,411,116.72287580374979
time,412,115.37120854239151
time,413,117.89354662175866
time,414,116.52546952727032
time,415,122.53152011576955
time,416,115.3760360191656
time,417,117.67230759303966
time,418,114.12796208679106
time,419,117.15406646568671
time,420,117.25999898810144
time,421,115.93819042182434
time,422,116.0510154874822
time,423,116.44563085380182
time,424,116.73002709749747
time,425,113.73647196986593
time,426,115.73748372255162
time,427,121.60856900767887
time,428,118.57873752796368
time,429,117.03575519573715
time,430,116.86551797261745
time,431,116.65791199109002
time,432,119.0378256090252
time,433,119.51153626156201
time,434,116.56367499147335
time,435,118.44100861929599
time,436,116.96837724812794
time,437,115.21752201507684
time,438,117.74486097988004
time,439,118.03126401551616
time,440,119.82053971553317
time,441,119.70534184591489
time,442,120.51751460966642
time,443,116.73579621487902
time,444,117.31660929984756
time,445,113.49728288733547
time,446,120.0313376723552
time,447,122.88899503661648
time,448,119.98075041104725
time,449,115.19207772207129
time,450,116.9430081206745
time,451,114.36679868424393
time,452,120.38354995283049
time,453,117.37388951126194
time,454,117.15671696283201
time,455,118.77968571321549
time,456,116.63396167491891
time,457,116.5258141371162
time,458,115.9304319563127
time,459,116.44659476438328
time,460,114.28301970363135
time,461,118.08007467805253
time,462,114.05394351648673
time,463,117.80826400512225
time,464,115.75345228430788
time,465,120.86174820821509
time,466,114.70419215975835
time,467,117.76729708143239
time,468,113.98068844564865
time,469,118.19221462737741
time,470,117.61593758795723
time,471,116.4082873123957
time,472,116.31888345347822
time,473,117.46028440696603
time,474,118.29523161588693
time,475,118.31457075756443
time,476,116.89055292242362
time,477,114.89988728461884
time,478,116.36744780473518
time,479,115.55156131756779
time,480,118.06966988956822
time,481,120.12457461389907
time,482,118.58638209433043
time,483,120.68148963890685
time,484,118.40956042680459
time,485,116.65923617477335
time,486,116.42017178548727
time,487,115.05792318613726
time,488,115.81676961834557
time,489,114.18404847887955
time,490,112.4192195415738
time,491,116.3783150376622
time,492,118.95077909751173
time,493,119.36397963252661
time,494,115.12394128014634
time,495,118.59087952186722
time,496,116.94555735036948
time,497,114.08763024517492
time,498,117.42004926289913
time,499,119.73779716653358
school,0,120.97257955806778
school,1,119.35864348934334
school,2,119.90111673030306
school,3,119.92255525331623
school,4,116.1409082045186
school,5,113.50505759753737
school,6,120.70061376533008
school,7,120.75791699789218
school,8,121.21200750412477
school,9,120.02816681577251
school,10,117.28377943829287
school,11,124.56932575162637
school,12,124.80077037071098
school,13,118.2773428627465
school,14,120.89164390513909
school,15,122.5778826117956
school,16,118.29938924741586
school,17,121.06495023551993
school,18,120.62119700725013
school,19,122.59178015522936
school,20,123.98689482095129
school,21,119.54733508733962
school,22,123.83499173104693
school,23,116.93672978510708
school,24,118.30956548852865
school,25,119.26119303379379
school,26,118.99556627651542
school,27,118.54403559698135
school,28,124.00455579893529
school,29,121.62429007825995
school,30,118.65323126314958
school,31,116.75854482685007
school,32,120.94451369494396
school,33,115.83068989128742
school,34,120.44470515719703
school,35,121.03879395451851
school,36,124.8783634590162
school,37,119.29118850063425
school,38,117.68941390400933
school,39,117.67993501932904
school,40,115.91727792311985
school,41,118.06456349241768
school,42,123.5551034064904
school,43,117.3657751852172
school,44,120.51058138063013
school,45,120.74448827845792
school,46,122.6556281735213
school,47,116.28418513187555
school,48,120.06626233056423
school,49,117.33129829322631
school,50,118.88399031013623
school,51,121.23855484666781
school,52,126.47399572712517
school,53,119.59540880470469
school,54,122.84231525001697
school,55,121.22958892468725
school,56,121.25948295621465
school,57,119.4727711814507
school,58,116.43850489792771
school,59,119.34380271144953
school,60,117.92218461081039
school,61,121.43224258134926
school,62,115.31335236095927
school,63,121.90850096185841
school,64,123.28158851434048
school,65,119.99435841125059
school,66,117.27809246481083
school,67,119.44647259865557
school,68,123.14855304419868
school,69,119.41593860981288
school,70,119.63612250080871
school,71,120.4097928859517
school,72,117.62228760573394
school,73,122.45973057168872
school,74,119.6244022481952
school,75,119.43440492972161
school,76,117.1253757041729
school,77,119.25205432019601
school,78,117.55832363692053
school,79,120.25611962852953
school,80,119.53553954398122
school,81,118.87570935655431
school,82,115.85492137927866
school,83,115.89151090443895
school,84,117.6075717661446
school,85,119.51077454730185
school,86,123.29870338470744
school,87,119.86682521516474
school,88,119.65248763918946
school,89,118.8668208034958
school,90,119.13628538329723
school,91,118.48321815876466
school,92,116.58579964039085
school,93,116.58049757885942
school,94,119.78755602860916
school,95,117.68215878508744
school,96,117.36004135796763
school,97,119.93091110690794
school,98,119.17721402999537
school,99,114.01293456303132
school,100,117.69131570572185
school,101,126.38951708239874
school,102,122.12145888273476
school,103,118.74791573969799
school,104,119.31469744896717
school,105,121.6504874777524
school,106,117.31175928884787
school,107,114.01993393262796
school,108,121.57731046750713
school,109,118.1053888867402
school,110,124.52741899567692
school,111,119.6118964695124
school,112,120.73533595237362
school,113,119.4312459607325
school,114,117.27149022783074
school,115,119.30320174656785
school,116,119.34874433580269
school,117,116.72844789514116
school,118,122.75745515613772
school,119,115.21453272312745
school,120,119.41576930258788
school,121,122.16276380642785
school,122,119.08767811705529
school,123,122.78790305334522
school,124,120.03474731318336
school,125,121.21176221411152
school,126,118.3741395042068
school,127,123.93347206291759
school,128,116.63285765236382
school,129,117.44752584964114
school,130,123.08395738613831
school,131,121.38927164851741
school,132,120.6473386578965
school,133,115.22949973579205
school,134,122.20222795827821
school,135,122.19423915347912
school,136,116.65999351025572
school,137,121.29834464687683
school,138,117.55567784216848
school,139,116.24542097665767
school,140,120.02864165365233
school,141,114.81049233543996
school,142,118.57295486104928
school,143,119.52847807587403
school,144,120.35856054974943
school,145,126.23927243233449
school,146,120.56336255120532
school,147,119.96738982107648
school,148,118.73022877415951
school,149,119.58054228843547
school,150,115.2283852810012
school,151,120.91451985127077
school,152,118.45952688325224
school,153,115.91246218846084
school,154,117.57771064074582
school,155,118.53664447125152
school,156,119.0114100748985
school,157,114.3015793975955
school,158,121.89373473055802
school,159,115.06588778233078
school,160,121.16145215837118
school,161,118.95275665724189
school,162,119.87725493913555
school,163,121.82503087604839
school,164,120.03296893327035
school,165,118.90915039271073
school,166,120.53496210322727
school,167,119.37015116621126
school,168,118.36140065200375
school,169,122.31189190782506
school,170,119.03494467058901
school,171,119.2562382543299
school,172,118.32592167788401
school,173,117.2443635853716
school,174,114.18224080299078
school,175,118.78987731535413
school,176,118.01486862152566
school,177,116.04207367523965
school,178,116.00326460251371
school,179,119.42377283718693
school,180,116.56621579059951
school,181,122.45608352322155
school,182,120.12549687345131
school,183,123.9806602315346
school,184,121.56050382748427
school,185,120.47393112671566
school,186,118.97314748951804
school,187,119.65745413314008
school,188,120.50657264451065
school,189,113.38237258112049
school,190,119.08096923489208
school,191,118.66022532517736
school,192,119.07509331180361
school,193,124.43071265902557
school,194,117.32057033272743
school,195,121.35791649305261
school,196,116.21303579533333
school,197,120.65067434264354
school,198,124.44013376941308
school,199,122.97731796293614
school,200,121.61534716086994
school,201,116.6175318549866
school,202,121.88352278481347
school,203,121.89178673603831
school,204,118.428093991675
school,205,119.04963294810396
school,206,117.6128146215969
school,207,114.66385408836561
school,208,121.08108303552672
school,209,122.14599934104575
school,210,123.02256803546823
school,211,120.29397359504001
school,212,122.16134454413901
school,213,122.67187246499493
school,214,121.52733140445065
school,215,123.26888038037498
school,216,120.50844174914619
school,217,124.72024429365796
school,218,117.28115093935271
school,219,117.45167245952008
school,220,117.14353093772219
school,221,118.80671646242926
school,222,117.29078936810697
school,223,114.61108441936321
school,224,120.79663345141059
school,225,121.17594248719297
school,226,121.54106376107185
school,227,119.50718733700529
school,228,119.60103671388018
school,229,122.0372459641585
school,230,117.10633694757871
school,231,115.69431617251595
school,232,123.20973002386857
school,233,119.12900653793159
school,234,122.96258326275695
school,235,119.99501223585145
school,236,118.53350221171522
school,237,123.73739360380351
school,238,118.47321149519013
school,239,123.3358491185673
school,240,121.206268292736
school,241,117.93120684396392
school,242,120.75485786092159
school,243,118.0236273116083
school,244,121.7133403945883
school,245,118.45496263823236
school,246,120.37220980948065
school,247,122.20615280761116
school,248,121.25822006180418
school,249,120.62450821351518
school,250,118.29582470179092
school,251,119.24585021292076
school,252,120.33256084055748
school,253,121.584578221044
school,254,119.00417978994385
school,255,119.94525920100985
school,256,120.57212534890087
school,257,116.66717083690155
school,258,115.3907785453457
school,259,119.38360934025003
school,260,122.73609364539801
school,261,120.16346582084358
school,262,120.41256249997988
school,263,122.82378169178487
school,264,119.00133122459853
school,265,118.46311225279979
school,266,118.4105608910766
school,267,121.87027993489043
school,268,117.32204592213027
school,269,121.17012491143633
school,270,120.31897872954052
school,271,121.68873844068844
school,272,121.14152830774916
school,273,119.94147680447445
school,274,114.82447580328936
school,275,116.06912690860707
school,276,118.63013144773471
school,277,118.7586473688776
school,278,118.27381635694832
school,279,115.87938831240083
school,280,119.68290205840724
school,281,124.28744998274601
school,282,119.91258446582928
school,283,117.76126418496756
school,284,120.29661281728585
school,285,120.70752321715955
school,286,116.87773769949405
school,287,118.40567918280793
school,288,122.29654839398296
school,289,121.96139745901908
school,290,120.13311929057961
school,291,119.74812607960035
school,292,117.77215931132383
school,293,117.80786937845427
school,294,118.50894257459697
school,295,119.91329540408854
school,296,117.2282614335063
school,297,118.42206683506684
school,298,119.60310495157842
school,299,119.76566955701952
school,300,115.84011940615272
school,301,119.96100386624053
school,302,120.58546309616528
school,303,120.79805436721853
school,304,118.92323945861516
school,305,120.14490982812222
school,306,118.29576286183834
school,307,120.0431103578977
school,308,122.54021305315916
school,309,117.54731806326812
school,310,121.62068315186083
school,311,117.95229901431257
school,312,119.418405654064
school,313,117.07298847576806
school,314,121.76426012832897
school,315,117.64623922744353
school,316,118.8224154143301
school,317,116.13902474116512
school,318,119.35195341381333
school,319,120.14695945743756
school,320,117.2836677841351
school,321,117.73928027250219
school,322,123.58536706421226
school,323,119.24187258199694
school,324,118.88350778843648
school,325,118.24168459644808
school,326,119.71325576387264
school,327,115.3015961344545
school,328,115.9856673479986
school,329,117.71122221685768
school,330,118.59131777998336
school,331,118.64415036971559
school,332,118.24733285320757
school,333,119.25467476834157
school,334,121.21707877843535
school,335,121.03284873714972
school,336,117.60335395417786
school,337,117.34867197961604
school,338,117.56678411473669
school,339,119.94777068093536
school,340,116.32142920774038
school,341,120.39778390477329
school,342,117.9802782209119
school,343,123.82433533463923
school,344,117.05735230458065
school,345,117.06748258005149
school,346,114.61555894764932
school,347,119.16653418656166
school,348,119.18429867720704
school,349,119.31088627403277
school,350,115.61964203197472
school,351,118.97439931639188
school,352,114.83392014871563
school,353,120.9386955545879
school,354,117.18938681254191
school,355,120.97577650303977
school,356,117.33298022646804
school,357,118.13803108056827
school,358,121.61565343721499
school,359,120.31552100770982
school,360,122.31712804215509
school,361,122.25953835171046
school,362,119.0421813803123
school,363,119.9403164211883
school,364,115.64019756609703
school,365,117.94461306532007
school,366,118.56232412048516
school,367,119.51594869691813
school,368,119.25573088206995
school,369,122.8716580656301
school,370,116.52362783759767
school,371,113.62773263128439
school,372,119.96464505303773
school,373,120.40989440011887
school,374,119.78480037104133
school,375,120.28371262058909
school,376,127.1576229897089
school,377,119.35859059613432
school,378,120.29546449773352
school,379,118.49875089902287
school,380,118.98543147694672
school,381,120.73707355159418
school,382,119.65390960910634
school,383,118.48372910077944
school,384,121.98305103856819
school,385,118.00667291285146
school,386,117.54157121249442
school,387,119.95227498048007
school,388,119.28292551148584
school,389,122.54121885754614
school,390,121.70820497237263
school,391,116.47342005714447
school,392,118.93879601373085
school,393,115.69755848881613
school,394,119.50380760016208
school,395,117.50583483437995
school,396,117.54057608613138
school,397,123.07905718807004
school,398,119.34661803629332
school,399,121.06943633497436
school,400,119.1109977100299
school,401,119.42037512333847
school,402,118.53152327398762
school,403,120.1884493467819
school,404,120.77056004589718
school,405,114.63724008004586
school,406,121.34268259215145
school,407,125.07603086243022
school,408,118.18054455283753
school,409,123.29791906263925
school,410,116.75417954709322
school,411,120.76964774611582
school,412,120.00297997218577
school,413,120.23598930696491
school,414,118.64464023453102
school,415,120.57425016215844
school,416,118.58293088593157
school,417,119.10749250207017
school,418,118.90238833333002
school,419,117.56719901477678
school,420,118.51395313415958
school,421,118.72184521407132
school,422,114.67754775176302
school,423,119.56857322024892
school,424,121.99880195495271
school,425,122.09824172735198
school,426,117.66039238533818
school,427,120.10150934336596
school,428,119.04830641925787
school,429,117.05006532592049
school,430,124.20671282552911
school,431,120.06925418176036
school,432,119.63554356248092
school,433,120.83824047911291
school,434,120.74588136043687
school,435,117.07378527065767
school,436,118.73220019331931
school,437,117.69261346836612
school,438,117.42210765234415
school,439,117.92763362311543
school,440,124.90379853234745
school,441,121.97815425757726
school,442,123.33597593555739
school,443,117.06432826696076
school,444,117.35781657863207
school,445,122.78781151057252
school,446,119.29576841037633
school,447,115.9702236101506
school,448,121.72940489322126
school,449,121.49575288498065
school,450,120.86524727178383
school,451,123.37507118138473
school,452,122.04601997480327
school,453,118.23247561261661
school,454,116.8487967719123
school,455,121.56441764230688
school,456,116.9314908501607
school,457,124.49609805409534
school,458,117.75086569061854
school,459,121.82035273079433
school,460,121.45806621732065
school,461,119.44464873675564
school,462,118.60669459418567
school,463,119.39021512810261
school,464,117.19207839147221
school,465,119.54350418471506
school,466,116.71851830871245
school,467,121.49473631731726
school,468,116.98875221196555
school,469,119.25728691153597
school,470,120.06830143483884
school,471,117.48110303045512
school,472,119.22484438084201
school,473,120.65326429569605
school,474,115.68091167490498
school,475,120.47403705964537
school,476,118.75510781739982
school,477,116.95076758750271
school,478,117.72810540654233
school,479,119.8227028311747
school,480,120.25673569985418
school,481,121.24176859368714
school,482,118.0235284664906
school,483,117.17060087829303
school,484,119.34096565506829
school,485,118.64490968308823
school,486,118.42697378099132
school,487,120.7604690901618
school,488,117.87755768806123
school,489,119.02730213090251
school,490,118.4822971962306
school,491,119.2211152210223
school,492,119.44341736733021
school,493,119.73338496632206
school,494,121.13306265111319
school,495,117.7719160184529
school,496,118.20090710107236
school,497,115.1929233281678
school,498,125.83436827474846
school,499,119.09466333939574
music,0,117.93739301340833
music,1,122.1357594857158
music,2,117.77081991307543
music,3,118.35317333263717
music,4,119.81366431133829
music,5,117.32522426985336
music,6,115.22710830711706
music,7,113.15887902894579
music,8,116.66358453307708
music,9,123.4802323033303
music,10,115.79594126017277
music,11,117.08862486240861
music,12,117.04922425050464
music,13,116.11777354794516
music,14,117.2094509898631
music,15,116.29918586229304
music,16,115.19688272022945
music,17,119.03358118639929
music,18,117.63365172061506
music,19,115.48055316428267
music,20,114.31739666604545
music,21,116.03082431579324
music,22,116.7294262953195
music,23,119.51475148991011
music,24,116.39494590954982
music,25,115.78109039491852
music,26,118.50255965731688
music,27,116.97813550877747
music,28,116.02410316818094
music,29,116.6073018037517
music,30,118.00694656413772
music,31,120.02904528339367
music,32,113.68181010110649
music,33,117.36129005786198
music,34,120.43756407498998
music,35,122.74267366597729
music,36,122.13173218972126
music,37,119.08039839896855
music,38,115.7243715600671
music,39,121.58083453463178
music,40,117.41842298600962
music,41,117.48583609495866
music,42,119.3412982487466
music,43,117.04212752358525
music,44,118.09829467421615
music,45,114.792891681631
music,46,116.1044262381205
music,47,119.43787207103928
music,48,112.49537449067526
music,49,123.71862601830348
music,50,115.06835704390048
music,51,119.90676862354326
music,52,118.19652775724023
music,53,120.53100376057134
music,54,118.16174058470321
music,55,120.97703829274198
music,56,115.94345534667485
music,57,118.34937934885237
music,58,120.34112615898489
music,59,117.237265375851
music,60,116.2804442760105
music,61,118.4603273098927
music,62,115.91961624197249
music,63,120.34361345509038
music,64,119.92202720389218
music,65,116.99815821325998
music,66,120.35282888413879
music,67,115.04074020913694
music,68,115.76625816864075
music,69,115.29789347704948
music,70,119.77882390105674
music,71,115.15153491141612
music,72,117.65081097367916
music,73,114.12099962896436
music,74,119.63002397262383
music,75,121.16265526043874
music,76,115.41526794746002
music,77,119.02398090628184
music,78,116.93076373603664
music,79,126.5337143984001
music,80,116.92951465312046
music,81,120.66673946338263
music,82,113.91780078177116
music,83,121.02712693218034
music,84,124.05683068695024
music,85,114.17783755666653
music,86,118.62943614789596
music,87,120.13810055569635
music,88,122.13820861252624
music,89,113.41707008766066
music,90,118.50559613877142
music,91,121.28067160594595
music,92,119.80055992372323
music,93,121.9279103034174
music,94,129.8781459858064
music,95,118.25034023342353
music,96,116.18042641268491
music,97,117.70657360907802
music,98,117.13415092399495
music,99,117.2059253250614
music,100,115.56050566062524
music,101,116.42070128040665
music,102,118.6692085952954
music,103,115.59117704952979
music,104,121.30502568930143
music,105,119.46702465669112
music,106,117.26631070651219
music,107,120.74492844914573
music,108,116.52238166148796
music,109,116.82783918829122
music,110,119.90393375351293
music,111,120.63408180441616
music,112,122.53675543632905
music,113,116.34492700694301
music,114,120.4988253296722
music,115,115.79088198188224
music,116,114.75037103040083
music,117,117.15948824883048
music,118,119.32535322414704
music,119,119.28955937862331
music,120,118.8021386442923
music,121,113.85474282099877
music,122,117.74881298765717
music,123,123.60045873094757
music,124,119.20561394612146
music,125,115.3395401482356
music,126,119.2487300810735
music,127,117.35167652480658
music,128,116.2656150821024
music,129,116.85119928372116
music,130,114.94991224444082
music,131,122.36596901710367
music,132,115.97755810157989
music,133,116.50962319723294
music,134,114.36084206319683
music,135,120.1377310627386
music,136,119.55803397948507
music,137,117.01961778540063
music,138,116.40319087866047
music,139,117.400514657775
music,140,117.1748964668671
music,141,116.37323116317184
music,142,119.68464764845291
music,143,119.28881872543822
music,144,114.97316414306151
music,145,115.93591736439947
music,146,116.54647513980865
music,147,117.82789238273796
music,148,117.58743747804812
music,149,116.79032763990185
music,150,117.7002593819127
music,151,121.35463178503423
music,152,115.73592175856098
music,153,119.45993359600592
music,154,114.58375461899644
music,155,115.11368337413128
music,156,114.75487931523156
music,157,124.00286061819936
music,158,114.80314254797517
music,159,118.05126465737688
music,160,119.8221728850078
music,161,113.04581185932452
music,162,113.87792257368228
music,163,118.77299559742282
music,164,120.8032446124834
music,165,123.03394690212619
music,166,118.00826738512593
music,167,117.9985492390373
music,168,117.50073708054725
music,169,114.94795019263336
music,170,117.78026185845714
music,171,118.20167558706622
music,172,114.58028854349067
music,173,118.31063777115527
music,174,114.23787284817391
music,175,117.33409506497578
music,176,117.78766071489686
music,177,118.67742483585553
music,178,123.99385793494505
music,179,115.05801509547109
music,180,120.15146358670296
music,181,118.15140267560504
music,182,123.29058142760512
music,183,118.8117133044729
music,184,117.36596217820386
music,185,120.77640380939208
music,186,116.93433853138804
music,187,115.59478516467041
music,188,118.65382895863969
music,189,118.82745520793033
music,190,117.44325676533236
music,191,129.44305558445086
music,192,115.81083504152174
music,193,119.62626276221981
music,194,122.58499801401102
music,195,121.81887413461455
music,196,115.22144747559769
music,197,116.88235289829971
music,198,115.75814074646347
music,199,113.66381535240579
music,200,118.37529422016975
music,201,118.43649287784604
music,202,117.34509039961284
music,203,117.89821245667748
music,204,119.33452634409751
music,205,120.15700054563365
music,206,117.06482958768778
music,207,119.12062108982049
music,208,121.12565921508633
music,209,116.70496658735321
music,210,117.14158326541634
music,211,120.26049755143018
music,212,115.20104974001397
music,213,113.59755933678765
music,214,117.67327045676106
music,215,117.26667014417873
music,216,118.67504581195531
music,217,117.35913459638489
music,218,116.49997208378477
music,219,123.52860720050225
music,220,119.65130574642136
music,221,118.82712564888197
music,222,114.06693661682495
music,223,118.83987482770144
music,224,120.11199871188192
music,225,115.77667606719729
music,226,121.26694772821807
music,227,116.7225703616474
music,228,116.11170029415308
music,229,119.41862908847651
music,230,118.55447490994264
music,231,111.35713493508081
music,232,118.44331963394517
music,233,116.36082267496231
music,234,117.36376460973621
music,235,115.09429524309466
music,236,114.02884904741872
music,237,115.61109676304866
music,238,117.35018761757362
music,239,113.63045204876485
music,240,117.69475269266852
music,241,117.46046693049246
music,242,119.92711649560131
music,243,113.3384817740534
music,244,120.11371248794111
music,245,121.05059623853751
music,246,115.5864521882305
music,247,121.22389495245814
music,248,120.95690117457667
music,249,114.69568949510955
music,250,116.30788481553031
music,251,117.06618137163728
music,252,117.05272135691361
music,253,117.490684945223
music,254,116.06822286053612
music,255,120.02356301209585
music,256,117.0332888879108
music,257,116.35508320129031
music,258,117.52116768533052
music,259,119.37737526680876
music,260,115.8474059844148
music,261,117.7555765124121
music,262,116.97609279928038
music,263,116.1147775271747
music,264,114.06997656240456
music,265,117.29029347798804
music,266,119.38752878323018
music,267,116.61585188762085
music,268,114.17955510062257
music,269,120.67563425141756
music,270,117.59940832200466
music,271,123.79046402757297
music,272,120.1701499785232
music,273,117.6110493194578
music,274,115.65471887344
music,275,120.32268051840423
music,276,116.93127426999077
music,277,118.85972485258911
music,278,119.10066982669261
music,279,115.83034024252186
music,280,117.7800716950528
music,281,116.29572221308051
music,282,115.71323481992218
music,283,114.54182529338577
music,284,121.0479213920087
music,285,116.88121942308996
music,286,116.50075549687806
music,287,123.1350095678327
music,288,121.7311735977591
music,289,117.4891738583737
music,290,120.80380563995246
music,291,120.92119333670665
music,292,118.06924400677745
music,293,118.90735852021538
music,294,116.73495241790906
music,295,119.14611735748267
music,296,115.78670335729069
music,297,118.4379813471264
music,298,116.01662488304272
music,299,121.70797547466208
music,300,115.95100828245116
music,301,116.33819700345008
music,302,120.73041714455954
music,303,119.07411732119984
music,304,121.21011138744875
music,305,117.12804213791269
music,306,118.25000385751537
music,307,115.72325389418334
music,308,118.27657453251335
music,309,115.21829261344816
music,310,114.87486830090454
music,311,119.04337399084372
music,312,122.1008420783017
music,313,119.48358315923365
music,314,115.60255162862944
music,315,115.08140183764499
music,316,120.02134692115362
music,317,115.00893802209313
music,318,117.49377401489112
music,319,114.31064307626539
music,320,117.76223605747485
music,321,116.59941761187049
music,322,119.5196546339036
music,323,123.65041501312714
music,324,118.37111553628267
music,325,116.296086633463
music,326,115.9990838435645
music,327,115.9021587713912
music,328,115.32692647423765
music,329,120.36236439198828
music,330,121.21739187772123
music,331,116.37578969619004
music,332,119.29213767463322
music,333,118.17859430226618
music,334,116.3528907175811
music,335,118.45501530592824
music,336,116.34889365590682
music,337,117.0740641363178
music,338,113.92503922240675
music,339,113.41335075890694
music,340,117.60836908560226
music,341,121.15684728830784
music,342,116.55748154960406
music,343,112.52749915872397
music,344,115.03651881504453
music,345,112.87838756571887
music,346,116.98484331403304
music,347,118.23086617108174
music,348,121.47057473906024
music,349,116.7939896339341
music,350,113.95196461731423
music,351,119.69335471382654
music,352,118.70362224887292
music,353,117.71632382433043
music,354,115.28151475471293
music,355,116.84424686082792
music,356,116.37899969442746
music,357,116.96600651914709
music,358,116.55703150757202
music,359,117.6520529390588
music,360,117.55256184801326
music,361,117.48415861106645
music,362,120.67299611242402
music,363,120.51894729858755
music,364,123.22536278915592
music,365,114.74737433993398
music,366,120.30903337190237
music,367,118.66009381659983
music,368,118.95605024735328
music,369,116.62455351733307
music,370,116.2309872615122
music,371,117.2657871212055
music,372,116.38646246527597
music,373,118.01833829743738
music,374,117.66151300101109
music,375,117.53863699072029
music,376,122.69941631077128
music,377,116.44825383440252
music,378,121.93449835518508
music,379,116.0548352769089
music,380,121.40296173460689
music,381,117.17714720828607
music,382,116.31495627304747
music,383,119.24191576008987
music,384,119.79192729436046
music,385,116.29397937763429
music,386,117.26851049882696
music,387,114.99914617262124
music,388,119.28344745199999
music,389,117.1991073266207
music,390,116.64993594165361
music,391,112.96102805992034
music,392,120.58617924301873
music,393,115.55389137841115
music,394,120.00369391606667
music,395,115.7976471703471
music,396,115.85121268381819
music,397,118.98723191066574
music,398,117.14230948683839
music,399,117.20515105418816
music,400,122.9002280535143
music,401,118.53107916202117
music,402,120.83401590160732
music,403,118.561996279341
music,404,113.92084248081918
music,405,115.059804475406
music,406,120.0682035657112
music,407,115.57424158850698
music,408,119.68746117046398
music,409,115.74329660910779
music,410,118.65673496805127
music,411,114.46499765186071
music,412,114.13885514506784
music,413,117.12276215341946
music,414,117.49798709310961
music,415,115.91864760402153
music,416,112.40761872526942
music,417,122.33041791024284
music,418,117.45880869677016
music,419,117.91910547979761
music,420,117.56174822479014
music,421,121.68040994391258
music,422,114.78737560691737
music,423,119.46212117459527
music,424,115.02682591211418
music,425,115.2645569168681
music,426,112.56293026395954
music,427,114.30444733946435
music,428,121.58678803228717
music,429,120.97012943645447
music,430,117.29903276827629
music,431,117.46927831661121
music,432,118.16473919728239
music,433,113.93836871964001
music,434,117.10685090236663
music,435,115.70794404384033
music,436,116.31383430331633
music,437,118.10813758493894
music,438,117.42201697146552
music,439,116.47689548844737
music,440,115.60823837699769
music,441,115.23344337394828
music,442,120.08337911649384
music,443,120.36596031060853
music,444,113.4835089003696
music,445,114.90263889404471
music,446,120.67207926200123
music,447,119.12057917421355
music,448,115.63830549408995
music,449,115.31585937366012
music,450,116.58079777692198
music,451,118.99470517579876
music,452,118.08925944578124
music,453,118.33366196755549
music,454,119.52114475140785
music,455,116.38033950884167
music,456,119.14949886008874
music,457,119.12406055680584
music,458,113.25798813009717
music,459,123.17761223874449
music,460,118.7410099520638
music,461,117.00122721384594
music,462,114.7343743326729
music,463,119.46194789117936
music,464,118.70089911894728
music,465,115.05612575435111
music,466,116.24842573768306
music,467,117.00227469048909
music,468,117.81066837258656
music,469,116.39626647912552
music,470,119.16121514528686
music,471,115.8606674176051
music,472,117.38134392303598
music,473,117.19754144359624
music,474,118.57847530075733
music,475,123.1857305260474
music,476,118.15585903408223
music,477,116.05797608497517
music,478,117.24688162358379
music,479,124.58881214692481
music,480,114.475109427091
music,481,122.27000881459003
music,482,117.16891371893969
music,483,117.56347121448644
music,484,116.89142743327771
music,485,121.18734834239346
music,486,121.42081168479865
music,487,116.54103305451389
music,488,118.87215924207244
music,489,117.9916157560464
music,490,123.14066312865258
music,491,114.35456692699996
music,492,118.18713447326614
music,493,120.1879505856849
music,494,120.05495079350456
music,495,115.22026737054757
music,496,116.42988471795523
music,497,119.59345894654561
music,498,116.36356402717591
music,499,119.06086391458311
art,0,123.17736142263931
art,1,122.055632265559
art,2,117.38037382347046
art,3,125.06193669351815
art,4,122.01038859401466
art,5,115.104475425341
art,6,115.99871084565689
art,7,119.54375001796105
art,8,118.42792806398049
art,9,118.80769097092221
art,10,119.62050868087033
art,11,120.84234904963245
art,12,122.71223326410686
art,13,119.56149249615729
art,14,118.4554066970762
art,15,118.11563930096938
art,16,121.82623476341344
art,17,122.43350263276365
art,18,119.80950820524808
art,19,119.30631429120263
art,20,120.15205098651245
art,21,117.09189899587487
art,22,121.80668673149266
art,23,118.93610526848349
art,24,119.88836640999753
art,25,119.63328972606135
art,26,120.87403530639071
art,27,117.21336820835589
art,28,123.10138359836115
art,29,122.07629423372978
art,30,116.8475224134945
art,31,120.31373603831175
art,32,123.12230591349362
art,33,117.93898861654424
art,34,124.551681460355
art,35,122.89908156269209
art,36,118.73689068158791
art,37,119.59285538127776
art,38,121.2560009118904
art,39,118.39877081025078
art,40,123.62572081516142
art,41,127.48812866384714
art,42,119.43802807490529
art,43,121.74565308020786
art,44,125.97127167591356
art,45,118.58297132755536
art,46,120.77971515380383
art,47,122.48015295629185
art,48,117.97770276333348
art,49,116.64615275043066
art,50,120.97566130697072
art,51,121.48867680469667
art,52,118.77123428208678
art,53,119.48146220942868
art,54,117.81769672216045
art,55,118.57505707391347
art,56,121.50843480870724
art,57,123.1194987370993
art,58,121.48888272184325
art,59,115.40789761690178
art,60,118.93068099042274
art,61,124.31785431483269
art,62,118.02696202092113
art,63,119.97842535287835
art,64,117.80473359222259
art,65,117.24776438785935
art,66,119.9785848017801
art,67,122.83019610105103
art,68,117.37983670536678
art,69,119.26882958111811
art,70,119.51232223338042
art,71,120.86396717933994
art,72,116.85507463136975
art,73,121.44876112235904
art,74,119.06069727237507
art,75,121.05613002799109
art,76,119.3962772213146
art,77,120.51798747795515
art,78,116.52157804640228
art,79,118.3920939136986
art,80,119.68061426855168
art,81,120.3905077236374
art,82,119.22759560879521
art,83,119.00360561616307
art,84,118.52220589369178
art,85,116.90415691719112
art,86,121.48340264853078
art,87,120.44495604087575
art,88,120.90423069605166
art,89,122.23904389415002
art,90,118.66493709965229
art,91,118.10993868483635
art,92,122.16933365922027
art,93,119.74477463525237
art,94,119.38594989464025
art,95,122.54088880867559
art,96,119.41715336413982
art,97,120.51295056558544
art,98,121.90750879182308
art,99,123.21480779462333
art,100,120.25010374372332
art,101,121.08691956584607
art,102,121.45160958459782
art,103,119.56065582575539
art,104,117.85523849407934
art,105,119.8461034181116
art,106,121.5107248029771
art,107,117.73147324063021
art,108,120.40637434368936
art,109,120.01080852326267
art,110,121.06326959138943
art,111,119.86818006253384
art,112,120.24834548451093
art,113,119.31195272675734
art,114,117.77089883384535
art,115,123.22948362121468
art,116,126.07488840727277
art,117,115.60382444297323
art,118,122.75612729577642
art,119,119.72520286934017
art,120,118.65029738453121
art,121,120.23682718921698
art,122,123.78356759681921
art,123,121.12072613365135
art,124,121.94581783056539
art,125,121.34224650824295
art,126,119.95962420449608
art,127,117.90144021432461
art,128,125.28683542971106
art,129,118.89794999114376
art,130,122.94404766441372
art,131,119.89229601074581
art,132,125.56897814423273
art,133,118.41384905270868
art,134,118.71218430858453
art,135,118.62994004459502
art,136,121.42675444778921
art,137,120.6344280451839
art,138,122.47345685654705
art,139,119.98889850824663
art,140,120.7146269905019
art,141,119.43894227076382
art,142,122.38926361160192
art,143,123.79127344334202
art,144,122.35463537565583
art,145,124.38336954653289
art,146,117.99728777408649
art,147,119.72315024600846
art,148,125.0053670314559
art,149,124.07230102259166
art,150,118.88143992040645
art,151,122.86670280978736
art,152,126.29778293369938
art,153,116.41726109172093
art,154,120.8985485909001
art,155,123.67458422477917
art,156,117.56799916482936
art,157,124.00806739806896
art,158,122.74561098947558
art,159,122.30039062234461
art,160,118.04969606261217
art,161,121.09022932231977
art,162,120.87402462649963
art,163,124.73049284181808
art,164,118.84597030545598
art,165,119.55442570865864
art,166,120.451639239911
art,167,120.26481175941643
art,168,119.06145054398792
art,169,118.86792398927919
art,170,121.1952016336779
art,171,119.9452161309512
art,172,115.38197864824996
art,173,127.97785210749541
art,174,121.12368963089904
art,175,122.36403796847175
art,176,122.45555639460295
art,177,117.62510894101707
art,178,118.97971780780954
art,179,118.33911808601319
art,180,120.94771034818078
art,181,117.39816996353463
art,182,118.87522110519859
art,183,121.05207102246816
art,184,119.99552026362892
art,185,122.04641909463672
art,186,117.43170353681745
art,187,122.96757890155455
art,188,118.98163507125813
art,189,118.43045311288361
art,190,123.65333958992207
art,191,119.48660485550604
art,192,118.16242751627297
art,193,117.92884344601953
art,194,119.72042191937355
art,195,123.55691809381379
art,196,116.51997717281668
art,197,122.84669377987838
art,198,119.80370172463009
art,199,123.383125487308
art,200,118.49922411935323
art,201,122.18994107025625
art,202,119.6186358388723
art,203,120.11911206261294
art,204,122.60525917052856
art,205,118.28455719746552
art,206,122.90658714245967
art,207,116.59969684295856
art,208,117.05528539159782
art,209,123.02066611418053
art,210,122.93984336175048
art,211,115.57056491682458
art,212,125.42743391889766
art,213,122.71695639379945
art,214,125.26772541640712
art,215,122.39702092997734
art,216,123.15402498948689
art,217,118.76310514772814
art,218,118.86381669261948
art,219,123.2744893070095
art,220,121.42584158126594
art,221,119.11239593568423
art,222,121.38461404000734
art,223,123.0760912565827
art,224,118.46360372512738
art,225,117.14198160047482
art,226,122.18494542608565
art,227,119.0646022479297
art,228,121.48468828885721
art,229,119.40568708456014
art,230,122.91498563187946
art,231,118.52840859641928
art,232,120.40109784504807
art,233,119.19657248822
art,234,122.00194633616168
art,235,118.99270966016142
art,236,118.81328244982008
art,237,124.32552794680896
art,238,120.19630153014442
art,239,118.63486336621045
art,240,118.5345254294687
art,241,119.95844447580633
art,242,122.85242968599053
art,243,121.48306485529542
art,244,119.7630982581446
art,245,120.14291990183332
art,246,119.85221049419879
art,247,124.08858410558621
art,248,121.1946075321882
art,249,121.06882498958231
art,250,117.19027651191148
art,251,122.15170340196673
art,252,119.16642078554023
art,253,120.96370838748946
art,254,120.00924696251123
art,255,123.006351354503
art,256,119.17065425426736
art,257,119.3256060523542
art,258,119.40739077078864
art,259,122.26362411472095
art,260,122.94920112869015
art,261,121.48646159629305
art,262,125.19081653032231
art,263,121.08120066971597
art,264,119.42042858704893
art,265,120.17348701433026
art,266,121.3803418225192
art,267,120.01755994382228
art,268,119.10057617453485
art,269,120.73531621922544
art,270,119.96761279554143
art,271,123.88050172137963
art,272,124.52910163998403
art,273,122.67928993158921
art,274,116.35252534096561
art,275,120.73010988364807
art,276,118.12463328643099
art,277,119.47773804773745
art,278,119.80857016976121
art,279,117.21682920621306
art,280,118.59229079034408
art,281,116.4775057007027
art,282,122.70387425422517
art,283,120.11789762988225
art,284,121.6151914407067
art,285,122.7713679617029
art,286,123.38456485615119
art,287,119.43195742552335
art,288,123.80399592945044
art,289,119.58338025697101
art,290,119.76843909896755
art,291,124.27400426040596
art,292,122.90777520033411
art,293,118.33130126526395
art,294,119.64899172107744
art,295,123.47662095692775
art,296,119.60898532036201
art,297,120.21271851017123
art,298,120.51848175065112
art,299,120.42660277349933
art,300,123.01565560522864
art,301,119.80988702239112
art,302,121.2157022119488
art,303,117.90143608790413
art,304,120.55783132527225
art,305,120.86400950490588
art,306,117.91570118355914
art,307,119.46561397293067
art,308,119.37544021760633
art,309,120.4028542786077
art,310,122.2021842250148
art,311,113.24401044559458
art,312,120.9382914012519
art,313,116.91731432032364
art,314,125.132750635889
art,315,120.03949451491091
art,316,122.35374900243141
art,317,123.95699355287582
art,318,120.16464658606334
art,319,117.52723431280259
art,320,123.77582660947914
art,321,122.28672502676538
art,322,123.8359248074447
art,323,122.14968518119795
art,324,121.58746700644312
art,325,123.62371455283763
art,326,117.66654829054073
art,327,116.71905566969068
art,328,120.51949965932305
art,329,117.53578463222738
art,330,119.28505411922062
art,331,123.97714941543352
art,332,123.03769674004008
art,333,122.46475611208108
art,334,120.5848768311269
art,335,116.99021266585625
art,336,121.69326033104223
art,337,120.89629387860003
art,338,120.23269912997043
art,339,116.47012639900629
art,340,120.63999591198402
art,341,121.7390285408726
art,342,116.56676190985829
art,343,119.28970417167119
art,344,121.7511624793102
art,345,117.2286474364579
art,346,121.28806065423205
art,347,118.39334059297941
art,348,120.73834095233809
art,349,117.96056685274117
art,350,121.17178019210681
art,351,119.46942055801799
art,352,122.54229841065374
art,353,120.97789891403148
art,354,115.37886841042615
art,355,122.72038278930475
art,356,116.75039051041085
art,357,119.91654684112909
art,358,118.54332034758026
art,359,123.92483880768661
art,360,120.35144287637422
art,361,125.58069794617346
art,362,122.83073567799714
art,363,120.25716999636435
art,364,119.21049588569004
art,365,120.50482302487886
art,366,120.65394625137904
art,367,116.79709210827905
art,368,118.82446760010023
art,369,129.86999378508222
art,370,118.43666635461875
art,371,115.46178305440603
art,372,120.36138635868842
art,373,121.63776902934897
art,374,124.51315839098645
art,375,117.28449464309443
art,376,119.2457774599604
art,377,121.49631796930984
art,378,122.81579124465851
art,379,118.572049533913
art,380,119.59927514161444
art,381,122.58772043280304
art,382,118.58884521169415
art,383,115.65759965668308
art,384,119.14250536493196
art,385,120.63638804798356
art,386,117.15118673317994
art,387,117.15315637366277
art,388,119.47430618759131
art,389,118.62623419729483
art,390,118.88968058249716
art,391,122.23314039142372
art,392,119.12904955466925
art,393,125.06141762233275
art,394,119.71985101829155
art,395,120.75315758618841
art,396,122.06264531062467
art,397,118.09676159455876
art,398,119.99706692336056
art,399,124.21043740825243
art,400,120.91321540716461
art,401,118.08533864159523
art,402,123.8420500845854
art,403,123.14771628850802
art,404,118.98100264792085
art,405,124.22409681059709
art,406,120.78074560332794
art,407,117.59939374937072
art,408,120.68570760588666
art,409,121.56142181200877
art,410,115.94433973008817
art,411,122.76099848016227
art,412,117.95986163672671
art,413,119.5941954389818
art,414,120.4862968964113
art,415,119.37115709331307
art,416,117.14533880497362
art,417,123.46498029223663
art,418,120.91401665986974
art,419,117.57383207010892
art,420,120.31999454705542
art,421,117.19719359615983
art,422,116.20498053020032
art,423,117.84161282707444
art,424,125.53986726043054
art,425,120.91500696390321
art,426,121.85013770848308
art,427,123.78161762246766
art,428,121.18139760213747
art,429,121.33685466301709
art,430,120.40877727327496
art,431,121.35851973473237
art,432,119.2724572219815
art,433,119.70625572154991
art,434,121.08191470475447
art,435,123.19912087010067
art,436,117.64121587395431
art,437,123.00445479851108
art,438,119.31215766556478
art,439,120.86958318232554
art,440,123.9052647063568
art,441,122.64819976415183
art,442,122.26150684706727
art,443,120.51897922034745
art,444,118.00202449184923
art,445,115.86404586863534
art,446,119.67766056410944
art,447,116.427025128422
art,448,121.24796254062385
art,449,121.07367775657683
art,450,119.46439666969344
art,451,117.63232085764118
art,452,123.46970906141605
art,453,119.97697517890242
art,454,115.85465192688625
art,455,119.97235365055057
art,456,122.85080091014133
art,457,121.96590321047083
art,458,124.86499669446407
art,459,118.4802323004088
art,460,127.90930224171856
art,461,121.25326291416326
art,462,126.67678811713905
art,463,119.94550439358325
art,464,125.32371891029206
art,465,123.28108295681078
art,466,119.83327477417664
art,467,119.38848744029589
art,468,120.52522965528875
art,469,121.82747308328015
art,470,120.294601800531
art,471,119.66331027766157
art,472,123.0699382644498
art,473,118.62671731491983
art,474,125.46594059256483
art,475,116.11152981133885
art,476,116.67986154136594
art,477,124.0498679974183
art,478,121.90424880921509
art,479,123.92727132904253
art,480,117.67471873143154
art,481,120.02208387796445
art,482,120.37484428150134
art,483,119.27275354591578
art,484,115.00836336612046
art,485,121.74864499333846
art,486,117.16094596584344
art,487,118.67311717076932
art,488,120.88252513819886
art,489,118.68360461201068
art,490,117.84994857079849
art,491,122.5127343559524
art,492,119.29802992317342
art,493,122.5671136097666
art,494,121.81656870937381
art,495,119.3527062001779
art,496,116.52223913368805
art,497,118.52423933437373
art,498,116.92673370263383
art,499,114.96067740503584
plant,0,121.4815373741652
plant,1,122.57761929997694
plant,2,123.10010167448407
plant,3,119.92915359994139
plant,4,122.92021411648903
plant,5,123.84783643657971
plant,6,117.68039129598343
plant,7,123.3558989878119
plant,8,127.3525228591996
plant,9,121.97189786014467
plant,10,117.83634893660616
plant,11,115.51519024201262
plant,12,123.15283692227985
plant,13,122.49250450552762
plant,14,119.5311487715124
plant,15,122.93188716806056
plant,16,116.51196998445322
plant,17,119.49125134002007
plant,18,117.76430561354798
plant,19,118.77006306685627
plant,20,120.2448597242928
plant,21,124.88462400429535
plant,22,116.99063089500198
plant,23,123.12439291491657
plant,24,120.25217440457891
plant,25,120.48242300047158
plant,26,120.47312524987302
plant,27,121.2875496335607
plant,28,121.15414397685207
plant,29,120.77344882723541
plant,30,121.91873460062364
plant,31,127.88922682521542
plant,32,119.29013114834393
plant,33,121.34344713110656
plant,34,117.25846076001052
plant,35,120.47073857304026
plant,36,118.85456949385014
plant,37,118.65714265096597
plant,38,118.36602294809478
plant,39,121.32565919902707
plant,40,120.95633063151112
plant,41,117.65292695439203
plant,42,117.03733534525027
plant,43,118.79652593969155
plant,44,121.31592551814319
plant,45,119.11326660548265
plant,46,119.95585897123335
plant,47,123.47766016255297
plant,48,118.88720827109876
plant,49,120.97309373524516
plant,50,121.04314691260538
plant,51,120.38164448940907
plant,52,120.63538763754767
plant,53,117.61580089390473
plant,54,120.67044132739586
plant,55,121.1134482645304
plant,56,117.58862241595457
plant,57,123.00867332485726
plant,58,117.01691449187257
plant,59,118.70003401759436
plant,60,118.96489554640507
plant,61,122.50376285159821
plant,62,119.58340892162941
plant,63,116.04033634089959
plant,64,117.59904440888411
plant,65,121.32668209004223
plant,66,120.4598549299568
plant,67,123.18440932834078
plant,68,123.8068668444535
plant,69,115.65746596926907
plant,70,120.09798246172363
plant,71,122.80843358874264
plant,72,117.09990241978065
plant,73,121.66257777667835
plant,74,120.36497564762763
plant,75,119.96398782370734
plant,76,125.13197229456614
plant,77,119.94272888483376
plant,78,120.54518119048454
plant,79,125.36487080253569
plant,80,120.87592475943396
plant,81,124.50561309370016
plant,82,121.95635744687647
plant,83,125.21142399101852
plant,84,120.0150630326691
plant,85,122.21008936627082
plant,86,121.76916247381956
plant,87,118.39719286388373
plant,88,118.18851672754292
plant,89,120.64177326392962
plant,90,119.44515797886055
plant,91,120.0908027484987
plant,92,118.51253094684608
plant,93,121.60605224023644
plant,94,120.56904106385424
plant,95,115.55106361452528
plant,96,124.90285321841175
plant,97,124.89488960756208
plant,98,122.19679776750066
plant,99,120.02405110255727
plant,100,117.37868563483038
plant,101,121.67298871204221
plant,102,117.54868422740812
plant,103,120.02710673232522
plant,104,118.43228721833816
plant,105,124.60810145435642
plant,106,122.51760857111395
plant,107,122.24266786632118
plant,108,122.51403994561585
plant,109,120.95918602141312
plant,110,117.61990039694649
plant,111,119.36910031399077
plant,112,125.8427853998391
plant,113,116.7609468941648
plant,114,121.24294469224014
plant,115,118.5234540670683
plant,116,118.85770564569147
plant,117,120.03054836574091
plant,118,119.54470353514337
plant,119,117.6959853482065
plant,120,114.78260013512414
plant,121,121.21356342310602
plant,122,121.320162051077
plant,123,118.74483375248015
plant,124,116.88564460384572
plant,125,122.3191200015761
plant,126,124.04179617806099
plant,127,118.4482094027319
plant,128,123.17102322496322
plant,129,122.9216342762523
plant,130,123.18621364667467
plant,131,122.12086216687703
plant,132,118.34676885390071
plant,133,121.93718158496576
plant,134,123.20452477202544
plant,135,120.94519331768265
plant,136,118.25030911494659
plant,137,116.95371763691749
plant,138,114.85848867771318
plant,139,117.11803413287657
plant,140,121.5705448830062
plant,141,120.4259742737945
plant,142,122.65704788957201
plant,143,122.09638264866756
plant,144,120.71386854806936
plant,145,117.32241438380251
plant,146,122.07427323065315
plant,147,121.21063087790932
plant,148,120.48172090023364
plant,149,116.18195023615246
plant,150,119.27536883134873
plant,151,119.3165191809324
plant,152,117.3433536813531
plant,153,121.90546690147764
plant,154,123.28100584546395
plant,155,119.89226730723297
plant,156,118.6268522786184
plant,157,117.28168034939979
plant,158,122.5640548535979
plant,159,122.31907726125921
plant,160,118.7699131677112
plant,161,120.39492047850524
plant,162,123.24953102026284
plant,163,120.34609089333782
plant,164,120.63556860584814
plant,165,120.22533511425905
plant,166,123.2643525659675
plant,167,117.40077427720085
plant,168,120.74830441329907
plant,169,121.14867568321101
plant,170,118.13435694926898
plant,171,118.63037979224096
plant,172,118.58942417773943
plant,173,124.54170431364663
plant,174,120.38633709169983
plant,175,122.06640508604917
plant,176,118.31859980615764
plant,177,122.4950504803843
plant,178,122.29090011650725
plant,179,118.04871215897974
plant,180,123.31341812407024
plant,181,118.57619976556163
plant,182,119.644382192949
plant,183,120.83655729540637
plant,184,119.92810517148997
plant,185,121.1530388742864
plant,186,123.64853397203449
plant,187,119.93656876039272
plant,188,123.0708915955955
plant,189,121.53625714167208
plant,190,128.26735709970026
plant,191,115.53122664085494
plant,192,119.83415361096125
plant,193,119.41043672420318
plant,194,123.19065106565105
plant,195,121.88978831427349
plant,196,121.89759463170542
plant,197,122.29936114062698
plant,198,120.90311082031806
plant,199,122.51737553104036
plant,200,125.0618182135511
plant,201,119.43101159832348
plant,202,119.33523836793883
plant,203,118.16370408474317
plant,204,126.42616005206742
plant,205,117.31510594865114
plant,206,120.75784439599482
plant,207,121.08023839781326
plant,208,117.5359257796465
plant,209,120.27378960003135
plant,210,119.84114692072112
plant,211,122.72677949580894
plant,212,114.91465632392759
plant,213,124.02798498566212
plant,214,129.32079960758435
plant,215,120.61563901818506
plant,216,121.13790014046566
plant,217,127.27677659893656
plant,218,119.38846737880478
plant,219,122.98498285665285
plant,220,115.93294803771812
plant,221,120.07173732736524
plant,222,124.73688410304445
plant,223,119.57297847453212
plant,224,117.05996879850996
plant,225,121.25801650961452
plant,226,114.45508596847438
plant,227,119.57522604993389
plant,228,117.44111820712465
plant,229,123.84177077507954
plant,230,119.33782576143865
plant,231,120.56596152308805
plant,232,129.61622273873482
plant,233,118.84927059201789
plant,234,120.532913879968
plant,235,119.01608937220996
plant,236,121.28497927604059
plant,237,120.92941494768823
plant,238,119.98003750873761
plant,239,118.82406674224808
plant,240,119.59214058532943
plant,241,124.70551389135144
plant,242,119.36825385244248
plant,243,121.42582542394902
plant,244,118.38633433027982
plant,245,119.6035617359237
plant,246,121.3802595146243
plant,247,116.1645683752783
plant,248,124.50194901634919
plant,249,123.59825087438767
plant,250,118.81716305614056
plant,251,118.24816123152162
plant,252,115.9601062273072
plant,253,122.66816595757244
plant,254,118.76511019650874
plant,255,125.45905372204832
plant,256,119.18270004204572
plant,257,120.09422676524686
plant,258,120.44253995438285
plant,259,122.83694482590721
plant,260,122.18619707278317
plant,261,122.16039558500287
plant,262,124.01657595832798
plant,263,122.71327238646911
plant,264,121.98320490585132
plant,265,120.71145359692656
plant,266,122.33219988548663
plant,267,119.8644393134419
plant,268,122.78678446198181
plant,269,119.54076863858899
plant,270,121.07433256839838
plant,271,123.6271258297913
plant,272,119.58484130668798
plant,273,115.97687632364848
plant,274,123.6551895597921
plant,275,118.29533940609183
plant,276,120.32066632210756
plant,277,115.95862796009241
plant,278,124.6231982322472
plant,279,118.0036158928267
plant,280,118.43226541290808
plant,281,121.15983096375034
plant,282,116.53603796239757
plant,283,122.77937020086023
plant,284,116.62625199281685
plant,285,122.63129793942358
plant,286,120.97678948136843
plant,287,129.11766563478153
plant,288,115.06251673857292
plant,289,118.80478198197355
plant,290,120.24862730183898
plant,291,119.20124900516743
plant,292,118.78566197184387
plant,293,120.01166336817181
plant,294,121.60307751795811
plant,295,114.96441910272883
plant,296,126.56839044586152
plant,297,124.57145014755872
plant,298,122.93207225025135
plant,299,121.31081604893946
plant,300,122.46503528105302
plant,301,126.45367244882144
plant,302,119.65709004003762
plant,303,122.19028664617417
plant,304,120.24763292658258
plant,305,119.5294707404779
plant,306,116.64630744978182
plant,307,117.87816203611644
plant,308,127.37546784652132
plant,309,117.62167912131427
plant,310,120.58389665243226
plant,311,117.91007007276933
plant,312,123.86066824366686
plant,313,125.86343949296864
plant,314,121.44508689334718
plant,315,121.79890543804935
plant,316,115.2208473819451
plant,317,118.23095389070588
plant,318,118.66868082163435
plant,319,126.2265829810234
plant,320,123.51770885232031
plant,321,117.20355265371903
plant,322,121.65878020962828
plant,323,119.66648180053609
plant,324,116.57820479837517
plant,325,117.98771469179744
plant,326,124.86997574659789
plant,327,120.79182566694311
plant,328,121.90160366444773
plant,329,117.20339886815268
plant,330,119.71762983505027
plant,331,120.23883017157982
plant,332,118.81178667153836
plant,333,120.50494055032186
plant,334,120.89901674191516
plant,335,116.16501587557457
plant,336,122.71502692761962
plant,337,125.1618796585524
plant,338,121.25281290102757
plant,339,123.16611811784112
plant,340,118.25859962848617
plant,341,122.24378585260138
plant,342,123.47864544395135
plant,343,122.74985770678535
plant,344,120.54972514971891
plant,345,120.56844881150329
plant,346,121.158146509757
plant,347,122.8178605252527
plant,348,121.37686403527638
plant,349,120.73582784102913
plant,350,119.3370089983288
plant,351,118.2886942147517
plant,352,119.32493844055921
plant,353,119.93217430884582
plant,354,121.91072126697817
plant,355,121.84046228899041
plant,356,116.05911172520476
plant,357,118.62317096860511
plant,358,123.4556925494114
plant,359,117.79391689190466
plant,360,117.77752899575431
plant,361,124.8210156600916
plant,362,120.27728443607961
plant,363,120.79848463087059
plant,364,123.4590546809508
plant,365,119.26811014661367
plant,366,123.3558816521576
plant,367,123.03282149067982
plant,368,120.97837132418381
plant,369,121.86293769733345
plant,370,123.01247392724241
plant,371,119.90777667962689
plant,372,122.9157743370122
plant,373,118.75065958230888
plant,374,118.53209538841996
plant,375,119.5392723710647
plant,376,118.49464036808357
plant,377,120.06275115553709
plant,378,123.75703749966434
plant,379,119.91016328648544
plant,380,124.0671308496836
plant,381,118.32729877863619
plant,382,120.81435073777695
plant,383,115.22742174989892
plant,384,118.86952290418778
plant,385,117.06616276468638
plant,386,122.95712405398571
plant,387,124.7662715805872
plant,388,120.80019757864204
plant,389,119.62166504249203
plant,390,117.81564398991019
plant,391,121.56144971692015
plant,392,123.23173632349669
plant,393,119.90646293899204
plant,394,121.3144663710595
plant,395,120.2540504071568
plant,396,118.39094568288999
plant,397,119.4277547046998
plant,398,119.63967405914482
plant,399,117.73020353298608
plant,400,119.29868272165724
plant,401,118.9657400232098
plant,402,118.77001196683992
plant,403,118.48424967202615
plant,404,121.865937599387
plant,405,117.41039908780253
plant,406,122.29534675097185
plant,407,122.69504080083613
plant,408,121.66895919678493
plant,409,120.14044593140993
plant,410,120.49126129297036
plant,411,118.14256549365464
plant,412,117.81716652547058
plant,413,127.83239561026052
plant,414,116.29142638357577
plant,415,118.68228621345874
plant,416,117.88693057105436
plant,417,118.24815158950808
plant,418,123.37794277603824
plant,419,119.04032024220876
plant,420,121.98439294611558
plant,421,125.36600862834888
plant,422,119.9770298524196
plant,423,118.3961244724306
plant,424,120.77442209790985
plant,425,125.98440053599487
plant,426,120.2044960852152
plant,427,123.25767492068154
plant,428,121.3426471341431
plant,429,119.04895539969544
plant,430,119.43825660170549
plant,431,119.38280818703339
plant,432,119.31541942781475
plant,433,113.80996577628291
plant,434,122.01180701130723
plant,435,118.18898965311804
plant,436,121.23500306535999
plant,437,123.01801091723452
plant,438,119.95493958428712
plant,439,120.21847722448531
plant,440,121.34694412016913
plant,441,118.65835222497316
plant,442,123.28968285995825
plant,443,124.2192156770074
plant,444,127.1578189599796
plant,445,119.69277079725782
plant,446,115.67709010738187
plant,447,118.48543684912426
plant,448,121.44193792371236
plant,449,120.7284937677031
plant,450,120.99144502496154
plant,451,119.24557660293016
plant,452,123.83420989293386
plant,453,119.82566738623208
plant,454,118.16582541258265
plant,455,116.62912215261971
plant,456,122.79014715430172
plant,457,121.74948680382123
plant,458,119.17763061746027
plant,459,121.56543392793999
plant,460,120.94714254323777
plant,461,122.45025282081774
plant,462,118.645922805152
plant,463,120.75489714563933
plant,464,119.58493398245376
plant,465,125.82380806764459
plant,466,116.89627790971306
plant,467,114.98752729543118
plant,468,116.33572959503039
plant,469,117.64694700120441
plant,470,121.2300847657367
plant,471,122.98130066850548
plant,472,119.82347887434952
plant,473,121.04773062483535
plant,474,122.08074187789416
plant,475,120.32694515263775
plant,476,115.97952944940499
plant,477,124.02559518201912
plant,478,117.65570960588599
plant,479,122.42767077837713
plant,480,118.67550425436768
plant,481,121.40176883733018
plant,482,120.9629559044855
plant,483,118.61461267873
plant,484,116.83348302828567
plant,485,121.99993434433172
plant,486,119.17416604476993
plant,487,117.54501697494972
plant,488,118.68855609527684
plant,489,118.89840293863416
plant,490,113.81553408166978
plant,491,128.279099315976
plant,492,122.34809327541083
plant,493,119.59811574461689
plant,494,116.9504704488544
plant,495,118.59590268312938
plant,496,118.60933506474454
plant,497,118.28762004910469
plant,498,117.96789742794101
plant,499,118.21329281432789
river,0,119.88620881688644
river,1,117.03695742163849
river,2,120.97374086028307
river,3,117.09206329132662
river,4,120.63254947875375
river,5,115.26095381848643
river,6,119.51835228526488
river,7,117.13769374917027
river,8,117.55793375212863
river,9,123.10333513008733
river,10,122.55281699115754
river,11,122.67887925099303
river,12,119.96288493922525
river,13,119.78338376028408
river,14,115.96881598985729
river,15,116.44280659140868
river,16,120.37975116973989
river,17,116.72571122090656
river,18,120.4518798943577
river,19,116.91457847168196
river,20,119.50133370124345
river,21,117.61277131190622
river,22,120.768398697984
river,23,121.56403861201213
river,24,114.32570823573178
river,25,117.91366107506029
river,26,119.64539995616745
river,27,121.77488377457675
river,28,123.12079596036234
river,29,121.0919706756498
river,30,119.17972160919665
river,31,121.53411530173351
river,32,116.64214193622232
river,33,117.83884778366168
river,34,121.07419444666012
river,35,124.8822433616873
river,36,115.46474820276622
river,37,114.8499479650196
river,38,115.4058108885025
river,39,119.16389885591012
river,40,115.46798255553306
river,41,115.49208092878256
river,42,120.34463068785423
river,43,117.59405056384024
river,44,119.07282097672397
river,45,122.75157031849677
river,46,119.10322249724115
river,47,116.2947876116485
river,48,119.32451936889916
river,49,123.27555095890321
river,50,122.31848719564805
river,51,120.43346775554143
river,52,119.38321419888378
river,53,118.12839505119739
river,54,119.20673085761493
river,55,118.86732145442107
river,56,119.15806622046435
river,57,116.20174472656922
river,58,116.01411913897459
river,59,110.8141123668802
river,60,122.24487810390694
river,61,121.09438755709525
river,62,118.05840086589782
river,63,122.06827305087356
river,64,124.02601291018851
river,65,122.08333594772974
river,66,119.22284100138884
river,67,118.77786344317873
river,68,124.57465422089449
river,69,120.7739482321666
river,70,115.19039550736565
river,71,121.88156461028039
river,72,120.81828645280575
river,73,119.35531325671325
river,74,117.05616538584194
river,75,118.06383737420398
river,76,117.93885519965703
river,77,119.60169199032819
river,78,120.23476531145401
river,79,121.51862335840771
river,80,117.28710413319969
river,81,119.52553136859045
river,82,116.98027191957974
river,83,115.45210783216982
river,84,119.54506217277319
river,85,123.6401192263973
river,86,120.5372338777778
river,87,122.946684796046
river,88,124.54093345288781
river,89,119.46374958056458
river,90,119.0946254926704
river,91,117.25982039144445
river,92,119.74952092219773
river,93,119.06308947330257
river,94,121.98013165017265
river,95,124.21333190308526
river,96,119.15527960230501
river,97,124.53165650405728
river,98,117.71376719105882
river,99,123.5542457136843
river,100,120.51726012511175
river,101,117.45819083290914
river,102,117.9223518550398
river,103,124.07335655940972
river,104,122.69538998198821
river,105,119.82813101470475
river,106,114.20693245723406
river,107,121.646059015506
river,108,120.8768115264798
river,109,124.16613186086435
river,110,117.04748160455753
river,111,117.04766783470488
river,112,119.29203489881743
river,113,121.35755425175181
river,114,118.11374184469443
river,115,120.59750655298964
river,116,114.31934785449391
river,117,117.0152400352732
river,118,119.15663652805866
river,119,118.5489534002309
river,120,119.99021333388977
river,121,125.69961201444104
river,122,119.48224164986824
river,123,121.37486548894157
river,124,119.77713058481953
river,125,120.12217775434311
river,126,115.85072487656167
river,127,119.53339901259898
river,128,120.91073998710138
river,129,119.19501241945554
river,130,120.09248564020261
river,131,117.62245134900408
river,132,123.5064161287186
river,133,118.44465180438249
river,134,120.54987057304186
river,135,118.20624487256468
river,136,121.2709527823581
river,137,118.54158350692
river,138,124.41867635255366
river,139,121.62252492432657
river,140,118.90969065326995
river,141,118.37467069890715
river,142,118.00070666674831
river,143,118.61733320385464
river,144,119.59173854961453
river,145,120.21419496633274
river,146,117.73794657948233
river,147,118.54793171847453
river,148,122.5833590698493
river,149,118.53714142229717
river,150,119.49990765684989
river,151,119.18642426275714
river,152,122.76088396652487
river,153,116.48539618540337
river,154,118.86030770294613
river,155,122.35843010406313
river,156,117.73997897307325
river,157,117.30584532285238
river,158,113.52062521617599
river,159,117.8342365446275
river,160,119.64065297255615
river,161,120.22554767130735
river,162,118.34817025384612
river,163,118.7449421412261
river,164,118.42521939201076
river,165,117.50622241859739
river,166,118.83912610130551
river,167,123.98160199566777
river,168,119.04957462861691
river,169,115.10218953368259
river,170,126.95340713628383
river,171,117.28038831398642
river,172,119.93397905162406
river,173,117.56372678696654
river,174,116.6459089314138
river,175,120.51858096533721
river,176,115.3374135613642
river,177,117.3753336499598
river,178,115.5906997466251
river,179,122.79187535080702
river,180,119.81643888241538
river,181,123.34979005615965
river,182,120.43330089233211
river,183,118.43313667414976
river,184,117.85762544029758
river,185,125.66029146226047
river,186,120.29904015740598
river,187,115.53424121239055
river,188,119.36589584874595
river,189,121.94514725568548
river,190,122.16580586408345
river,191,119.48771949254741
river,192,122.00895168972461
river,193,121.79131066198818
river,194,120.39458090488833
river,195,119.90183775375478
river,196,121.75151835535519
river,197,117.36669920739993
river,198,115.4207722662229
river,199,119.86144595593686
river,200,116.76925369969946
river,201,121.98472202520601
river,202,117.04692206652942
river,203,120.79562834249296
river,204,118.15510336715924
river,205,115.16919545018263
river,206,118.17536073908899
river,207,117.05257623808633
river,208,115.4768524941311
river,209,119.84371870464052
river,210,120.59907752272598
river,211,117.35229852641787
river,212,118.9657692837364
river,213,112.8404356710866
river,214,117.13132992751201
river,215,118.51713931392587
river,216,119.12969612690927
river,217,120.46663771410624
river,218,116.68486010122876
river,219,120.29005817376503
river,220,118.64516498579245
river,221,121.82271875904733
river,222,118.96907235362382
river,223,122.0005705786398
river,224,120.20957950077332
river,225,118.68529993782427
river,226,119.8357707995124
river,227,117.1593060805064
river,228,124.4016610121699
river,229,116.65151937717681
river,230,119.4374123672459
river,231,119.50230722389534
river,232,121.90456953660147
river,233,119.49181343403998
river,234,120.00092690933353
river,235,117.26479348871861
river,236,117.33750628264382
river,237,119.7202561054549
river,238,118.98935808720563
river,239,117.80858904007707
river,240,121.60544940733726
river,241,119.88582517855623
river,242,117.21010615964306
river,243,121.08792824112217
river,244,117.17862013817484
river,245,117.06094902702819
river,246,119.24440868157731
river,247,114.16252748933245
river,248,118.19114973470828
river,249,118.84368082039143
river,250,116.18654982522405
river,251,121.73258802363942
river,252,119.24609971290754
river,253,118.03090336380195
river,254,120.22641221346598
river,255,124.7213911808753
river,256,120.33653239890032
river,257,118.26075638153657
river,258,118.90567783624284
river,259,119.03391083442625
river,260,125.7499356556995
river,261,122.67414346380512
river,262,119.59135978096126
river,263,120.35040835912191
river,264,119.21539823440077
river,265,117.75549119832276
river,266,118.00888738493231
river,267,117.50724873504936
river,268,120.45472422320212
river,269,119.6515995447408
river,270,118.10044754245015
river,271,120.77827570323636
river,272,118.22515334807886
river,273,120.9222253834319
river,274,118.89506955563401
river,275,116.09629074067036
river,276,119.27017157217603
river,277,120.16598855730574
river,278,117.78712866016055
river,279,117.94377469180309
river,280,117.16081072906186
river,281,119.57891095855815
river,282,121.31125250150609
river,283,112.77584606484483
river,284,123.27354264111057
river,285,124.37853368788434
river,286,116.80409314876911
river,287,117.50278383524517
river,288,122.99197940408182
river,289,113.75333972692465
river,290,119.13401045670273
river,291,119.99180744933659
river,292,121.91235520059094
river,293,116.02737414134059
river,294,118.94016558050082
river,295,114.82086742975032
river,296,118.14589594253546
river,297,115.82943173746239
river,298,118.57530617562027
river,299,120.73973040518425
river,300,117.0387141812546
river,301,123.93230037974503
river,302,117.40539184194145
river,303,120.42427759708391
river,304,119.37094335396945
river,305,116.9579920307054
river,306,123.29023781316468
river,307,117.49230932359413
river,308,128.43067701611164
river,309,121.34161489222548
river,310,119.1328103989332
river,311,119.2733886168727
river,312,116.64612323232436
river,313,118.9640485804674
river,314,120.99301843673803
river,315,114.77226726133354
river,316,122.60073357508598
river,317,117.81041480865657
river,318,119.6060169855935
river,319,122.0565220116566
river,320,119.18759582309988
river,321,124.56878204303909
river,322,120.44406132863463
river,323,122.46512316551407
river,324,118.48697282562755
river,325,119.87669182244677
river,326,114.98787144802367
river,327,120.2928673163353
river,328,119.08472329134237
river,329,114.82350325473216
river,330,117.80689073341455
river,331,116.74999259054457
river,332,117.33365181280111
river,333,119.44410887890278
river,334,119.82349467142568
river,335,118.36330041887011
river,336,119.98323967840385
river,337,118.97684532557349
river,338,119.17222117425328
river,339,118.95305733622212
river,340,117.97255109552303
river,341,122.76500651152351
river,342,117.56732813834499
river,343,118.490903372018
river,344,122.38525700471861
river,345,121.02855007274147
river,346,121.9612023562237
river,347,118.18230875726634
river,348,120.94877155775552
river,349,118.63985479233033
river,350,123.74159479557834
river,351,122.8488566379621
river,352,115.57482662762114
river,353,120.70393214233486
river,354,117.90071691897934
river,355,119.95793137286822
river,356,116.42424939214489
river,357,119.47084818771042
river,358,119.41874032930069
river,359,116.63194958814114
river,360,120.378407468266
river,361,121.24760816599114
river,362,124.49387590219897
river,363,120.66962278319104
river,364,117.84264170434926
river,365,124.26904952523985
river,366,118.97751394594987
river,367,115.74770749404605
river,368,119.84751962121076
river,369,121.48945916134065
river,370,120.9559036467401
river,371,121.44747846022142
river,372,118.84828728726025
river,373,121.02839451476599
river,374,120.28100198529792
river,375,117.86673940671655
river,376,115.31891664587744
river,377,119.39843115688676
river,378,120.57630648913604
river,379,114.41193862636167
river,380,116.92678727172509
river,381,119.71807773860212
river,382,120.04767153449276
river,383,117.14637062131814
river,384,122.44724543160814
river,385,116.40541169741884
river,386,122.12328647971322
river,387,117.35242614376074
river,388,118.69192052162691
river,389,117.1737255880846
river,390,120.80532140611709
river,391,118.61842406025428
river,392,118.03884142410308
river,393,119.79390804698113
river,394,113.8058648497717
river,395,120.01700521690582
river,396,117.08940467983176
river,397,116.67891225162603
river,398,117.62264873576176
river,399,121.43546928565134
river,400,114.72689649442972
river,401,123.6775949696794
river,402,119.60997742206992
river,403,116.710546842415
river,404,122.6137226267676
river,405,120.63667814260506
river,406,119.01239776537145
river,407,121.5783244471059
river,408,125.35481044873775
river,409,120.22196835748406
river,410,117.90791386229007
river,411,115.30048089775728
river,412,121.467018552859
river,413,117.1307508538127
river,414,118.08399536787424
river,415,116.08998219470499
river,416,119.39606633330393
river,417,114.38507216338458
river,418,117.47026722483834
river,419,120.91363474658077
river,420,117.11312578898938
river,421,117.80224237501369
river,422,116.55601480011215
river,423,124.23950617282019
river,424,114.96036440970323
river,425,117.83479727290194
river,426,121.5851385240097
river,427,123.3549421634399
river,428,119.27171015831328
river,429,119.18997840139309
river,430,116.11162675289994
river,431,120.59969827534263
river,432,120.3010733420836
river,433,117.3991401936737
river,434,116.69990061285513
river,435,123.34909105077953
river,436,121.01346775249608
river,437,119.7771700946091
river,438,118.53603786372697
river,439,117.71543182390396
river,440,112.01014689614885
river,441,122.09740562317297
river,442,119.82533602838754
river,443,114.20505370066445
river,444,121.39568706400092
river,445,118.99245258061444
river,446,121.45854654449049
river,447,118.92707788908636
river,448,117.38133666157242
river,449,120.91064765004316
river,450,119.239432646978
river,451,122.81951124290697
river,452,118.32160161795649
river,453,121.61205247020735
river,454,118.97997120212626
river,455,117.88176903961846
river,456,120.58620768884367
river,457,119.0995619270635
river,458,116.24247052332086
river,459,109.73326909329433
river,460,119.7621362064021
river,461,122.22417080955714
river,462,122.25746791646483
river,463,119.27774305980599
river,464,117.71376182050086
river,465,119.90108298141683
river,466,112.67589309272374
river,467,120.22593734121776
river,468,119.64610688775477
river,469,122.00372698943693
river,470,118.99162505903844
river,471,118.19339523790458
river,472,118.7060909927606
river,473,118.7024325663211
river,474,121.24672341592684
river,475,119.59153457820916
river,476,121.96183924240185
river,477,119.96837419269465
river,478,122.09035209969113
river,479,118.66084170853594
river,480,121.21639829295528
river,481,116.61165578529953
river,482,123.29375327832433
river,483,120.84043203915738
river,484,118.39746347101914
river,485,123.46904147254263
river,486,125.79244423018368
river,487,125.10589314398
river,488,117.31081840076212
river,489,121.80893012751983
river,490,122.05047520170939
river,491,120.53120775659268
river,492,122.60680744341799
river,493,121.3915391204979
river,494,117.60932784989548
river,495,117.27297907576744
river,496,117.23175528266583
river,497,117.80526884372082
river,498,120.31164353397195
river,499,122.53357502132587
light,0,118.43294152814276
light,1,117.63010718686348
light,2,117.35525857064385
light,3,122.2377847741572
light,4,118.11533463678248
light,5,120.2166372354633
light,6,119.37985698633409
light,7,121.3181086110511
light,8,116.84310787117336
light,9,119.2532984241716
light,10,116.93140604570395
light,11,116.95793480786779
light,12,115.36193055437309
light,13,115.5002103672123
light,14,117.8588491917194
light,15,119.6019418810156
light,16,119.78609496954402
light,17,114.9131364171761
light,18,118.51156335921134
light,19,118.65778244836254
light,20,115.88666256681965
light,21,117.01499721427066
light,22,114.27702229804191
light,23,118.34177001490254
light,24,119.56143928503622
light,25,116.68992401624614
light,26,118.34898337851469
light,27,120.7591968729556
light,28,116.06571922162294
light,29,116.91458828302981
light,30,116.4330449691987
light,31,120.83521576087813
light,32,117.99662400163571
light,33,116.06256025716242
light,34,119.60965423017953
light,35,119.15073313792817
light,36,114.91051788003543
light,37,114.65009727819636
light,38,117.95407189177294
light,39,115.96145043305309
light,40,118.45730961783845
light,41,115.94188323554329
light,42,119.33155755133751
light,43,120.99956943763641
light,44,115.48815827957768
light,45,120.91980612515655
light,46,118.94122282004669
light,47,117.74345594543425
light,48,115.91864420863219
light,49,116.82478863009524
light,50,119.43904396890296
light,51,115.30257439250742
light,52,116.7277275461045
light,53,119.54505760160501
light,54,116.4496116653679
light,55,123.07396595742316
light,56,118.60265890108579
light,57,115.54553930442601
light,58,119.46225373702799
light,59,118.97194717253274
light,60,119.32428847992
light,61,114.93039078621867
light,62,123.28092750640312
light,63,119.71770922089746
light,64,114.60498448006608
light,65,117.79212604907055
light,66,119.43557020300999
light,67,115.8792140804486
light,68,117.2649988679004
light,69,118.15068940864428
light,70,117.71150876548869
light,71,119.84627907524212
light,72,123.49353851135803
light,73,120.04639749475297
light,74,117.80625015332424
light,75,117.2535686129035
light,76,119.59972466004662
light,77,115.52596175903489
light,78,117.51393965697017
light,79,118.08685862959807
light,80,118.06403643638315
light,81,114.53281862482278
light,82,114.53253111064508
light,83,112.75640478933873
light,84,123.28258546645469
light,85,121.09490653802963
light,86,117.9185742746897
light,87,120.04426206286851
light,88,117.99239435310045
light,89,115.94251899357502
light,90,119.24989940426975
light,91,119.69477910102022
light,92,118.40377089452485
light,93,115.89027637389395
light,94,116.41651404418971
light,95,118.62557099880343
light,96,120.8559219184252
light,97,116.8024189920857
light,98,115.17085122551447
light,99,117.7630612110855
light,100,115.99645228797999
light,101,117.44299387133577
light,102,118.3017519796397
light,103,117.73594417842628
light,104,117.64169303308125
light,105,117.53820758691644
light,106,115.14513262808286
light,107,115.50167500852967
light,108,112.41949584609586
light,109,119.75730901866972
light,110,118.06295906834112
light,111,113.60997478871381
light,112,119.09301414720872
light,113,115.26393817237721
light,114,122.72847415919388
light,115,116.44343632418759
light,116,118.25897044495441
light,117,117.01298098988072
light,118,118.88360008948182
light,119,121.18648622524492
light,120,120.23008500001262
light,121,119.39725721686165
light,122,117.74901149481047
light,123,119.6473054837337
light,124,117.84188934250857
light,125,120.29836819632959
light,126,116.42287561263392
light,127,117.93404251569723
light,128,114.79616163843926
light,129,119.80356742206921
light,130,118.5152255631285
light,131,120.17505860394009
light,132,118.86234199753794
light,133,118.86777125673957
light,134,116.43275865012832
light,135,114.58700914030804
light,136,120.10897623637722
light,137,116.8265158006843
light,138,120.84068016466694
light,139,115.56950379223238
light,140,115.80620154181882
light,141,117.88408502504437
light,142,117.49000878862954
light,143,125.51144088706756
light,144,118.24841954369063
light,145,117.99298283424322
light,146,119.56768045517738
light,147,118.90295103095299
light,148,115.8697384312056
light,149,118.75040007891894
light,150,118.73419277699423
light,151,119.09149574067526
light,152,120.63113796380269
light,153,118.65366853486583
light,154,114.96074541537244
light,155,118.88522627542386
light,156,120.95758294566596
light,157,121.12630926398411
light,158,120.46384572166835
light,159,120.06061446755767
light,160,112.20228126797002
light,161,122.34861629625384
light,162,114.71471226949839
light,163,121.42705862914408
light,164,114.57686055019367
light,165,116.75414549854331
light,166,119.93960370160568
light,167,119.2989957452207
light,168,124.250608161822
light,169,114.24060471648725
light,170,118.59792741998749
light,171,117.78427501673137
light,172,119.7258601465611
light,173,124.6459781851789
light,174,116.20117414344475
light,175,121.88623438943935
light,176,116.79229052829605
light,177,116.34213998542842
light,178,119.21536991778243
light,179,117.68261978274546
light,180,117.14146478234919
light,181,118.82743834388386
light,182,120.22416045959218
light,183,117.64202377265325
light,184,119.82013213976666
light,185,115.14875176454034
light,186,115.79194534915125
light,187,113.13182961769989
light,188,115.47761280738183
light,189,119.30945015939743
light,190,119.31214756352009
light,191,119.73726634008986
light,192,117.39273845249454
light,193,121.929781035262
light,194,116.59086940189343
light,195,116.47979325372373
light,196,118.77098971659292
light,197,118.3157374424378
light,198,121.42479389953628
light,199,118.45961457551859
light,200,119.80380096958876
light,201,116.57415656311916
light,202,120.83006878642826
light,203,115.1452112296109
light,204,116.87197879215515
light,205,119.13751293724452
light,206,116.26004584357055
light,207,119.14595475732217
light,208,115.0629215746608
light,209,121.03710688501164
light,210,121.08659788431164
light,211,115.46435716106633
light,212,120.85416186074957
light,213,117.5654058672546
light,214,118.87707690633486
light,215,119.24406798609759
light,216,117.67414207077323
light,217,121.57300940298252
light,218,113.62446200912079
light,219,117.68712244676958
light,220,117.40762287227138
light,221,116.41058824130084
light,222,115.28179585456868
light,223,113.96130433064158
light,224,117.0581475004393
light,225,120.30581666366102
light,226,116.58497047577046
light,227,118.76152968263393
light,228,116.52095460061429
light,229,116.77022593449848
light,230,116.68157093988387
light,231,119.43598785107984
light,232,114.03315135752095
light,233,117.94055087421846
light,234,116.5570511635193
light,235,118.04474687015527
light,236,119.1898721966016
light,237,120.26744278728995
light,238,118.26274770454755
light,239,117.1661148787067
light,240,119.44346207787606
light,241,115.74548696490629
light,242,121.46593308878633
light,243,118.60203976270381
light,244,118.3151141456111
light,245,117.30723306788846
light,246,118.44411732684486
light,247,115.05613538807027
light,248,114.56967703365832
light,249,117.01057240116144
light,250,115.6555990894864
light,251,128.4568965930493
light,252,115.24925556325599
light,253,115.99328591925054
light,254,118.22111643826425
light,255,123.24002970594007
light,256,116.99635360519542
light,257,120.00735633132255
light,258,115.2042105643617
light,259,118.52555661374278
light,260,117.89931376232762
light,261,116.12792659544138
light,262,120.33929979998142
light,263,115.37474148844306
light,264,119.78289897688039
light,265,119.19874794281995
light,266,113.13176051272617
light,267,114.26819992754689
light,268,114.70892924225873
light,269,116.91058504923359
light,270,116.82740589257932
light,271,119.16352425147932
light,272,117.1426264767637
light,273,118.1790102624466
light,274,119.81213633693379
light,275,118.82124302387797
light,276,117.63648093405929
light,277,115.29941004602506
light,278,114.17421002333279
light,279,115.94176210706561
light,280,118.15229424561761
light,281,120.62756762901692
light,282,116.24109243205038
light,283,115.32531309264573
light,284,117.46542589438333
light,285,118.08651606422713
light,286,118.38169918682536
light,287,117.86931379899934
light,288,119.07582110531743
light,289,123.45270244656079
light,290,119.22385164732516
light,291,120.00372915729578
light,292,116.22745013465814
light,293,117.68280031641663
light,294,120.13334933694968
light,295,116.98697052945985
light,296,116.39427578909687
light,297,116.32376311789999
light,298,118.40397808367342
light,299,117.4356404996886
light,300,119.68659936738841
light,301,119.37597090867331
light,302,119.63878753211874
light,303,118.50669349082898
light,304,116.3328149232372
light,305,118.8992626171029
light,306,118.3108547930956
light,307,115.92225286932401
light,308,120.74708934095739
light,309,116.93885856345538
light,310,120.85487909474307
light,311,120.27863758019362
light,312,118.9371414354952
light,313,118.72883184791512
light,314,118.7237574425954
light,315,115.24739937041227
light,316,121.27574669657209
light,317,118.90942564205427
light,318,123.13044937229898
light,319,118.60296463600173
light,320,117.28753630554576
light,321,121.43906477601465
light,322,115.96783880231362
light,323,118.3807376307326
light,324,117.85719859483315
light,325,117.45252694626002
light,326,117.95917094655867
light,327,116.98023034598806
light,328,117.46107318244347
light,329,118.76801760261819
light,330,114.03089963697317
light,331,116.41515363173222
light,332,123.15245545904378
light,333,115.79585412316484
light,334,118.17037012051794
light,335,117.80000944644067
light,336,118.79497263758323
light,337,118.61887829094904
light,338,118.82651718677141
light,339,118.60734688626226
light,340,116.35908040554699
light,341,117.28588242514913
light,342,118.0998322071267
light,343,117.028675004774
light,344,120.64979749334803
light,345,118.94074531687815
light,346,117.10025483217699
light,347,116.53803405326212
light,348,114.62032992397184
light,349,118.48505637045095
light,350,116.10398876647979
light,351,118.42784426573812
light,352,116.0120017424448
light,353,121.55923559142532
light,354,123.27626141369872
light,355,117.71866779531123
light,356,117.28478796246245
light,357,116.22080816567617
light,358,117.46865160940041
light,359,115.41115709841283
light,360,114.13904228112102
light,361,118.01273772831189
light,362,114.64063914067519
light,363,115.74872001455918
light,364,118.43599707878707
light,365,118.06725231765382
light,366,116.94895004537345
light,367,117.14153192961786
light,368,118.16905664634471
light,369,119.09943671380765
light,370,117.58865374224293
light,371,118.25724215982227
light,372,118.41661554154545
light,373,119.66069975940069
light,374,118.40100870702715
light,375,117.65408032971023
light,376,117.3459886445164
light,377,119.02999350680663
light,378,122.27557881008109
light,379,118.24294678572633
light,380,118.17473316713627
light,381,117.63525427954973
light,382,116.46782955519706
light,383,118.15931195829499
light,384,117.56416942536467
light,385,117.18731853533501
light,386,118.29760495630262
light,387,124.74600181621607
light,388,123.46929652560974
light,389,115.85081418070047
light,390,116.03308830126164
light,391,122.30970797758778
light,392,118.2505376065927
light,393,115.50380779084128
light,394,117.4857416847776
light,395,118.49688913943672
light,396,117.55315883908426
light,397,117.8221783217134
light,398,119.65279493572123
light,399,118.14099566455829
light,400,117.69387913452232
light,401,115.90570379084781
light,402,114.4007245291631
light,403,121.38728948883161
light,404,119.662551391378
light,405,118.55955970832615
light,406,119.8271401603552
light,407,116.25231481628096
light,408,116.00327544887317
light,409,118.62325607337367
light,410,118.45178690800502
light,411,116.5107141881178
light,412,119.84015476839393
light,413,120.49967555681616
light,414,116.86098994638776
light,415,121.83768229523382
light,416,118.84505378392365
light,417,113.81929515724185
light,418,118.11816702089197
light,419,114.23531843569737
light,420,117.02061312152345
light,421,115.7415309422395
light,422,119.979132345334
light,423,115.0604190398131
light,424,119.52209052055245
light,425,118.16866184259234
light,426,118.27971834122837
light,427,117.20053705166946
light,428,120.22956648051813
light,429,115.1650257224178
light,430,120.03650717243717
light,431,114.99771441202795
light,432,120.42836296243887
light,433,115.19901934935584
light,434,116.92703619561868
light,435,118.65694758574001
light,436,124.00655237172144
light,437,117.71012713828533
light,438,119.34921110945591
light,439,116.00932593669897
light,440,119.99666134304104
light,441,119.01756085116901
light,442,117.51981418094411
light,443,115.46142575197236
light,444,118.79423439998575
light,445,116.39949936351113
light,446,116.9982964201383
light,447,115.10238035916677
light,448,116.71076211305873
light,449,118.9598682833662
light,450,119.69025413246261
light,451,118.20189225708187
light,452,121.17831854164838
light,453,119.67910490818525
light,454,120.50741696185175
light,455,121.2949814293348
light,456,116.97936097142936
light,457,116.12994336504237
light,458,117.48251880460097
light,459,117.29509432193292
light,460,122.39624598475152
light,461,116.4740341023082
light,462,126.51367737306798
light,463,112.96308218410334
light,464,117.85507062284208
light,465,122.46466891722918
light,466,119.24370564380386
light,467,122.26020727760127
light,468,116.97369681817236
light,469,119.32791492161508
light,470,132.8207534263009
light,471,111.11397066973636
light,472,117.15488366931133
light,473,120.36177087436275
light,474,114.81169929822283
light,475,116.59888301310903
light,476,117.43644188426441
light,477,119.40524666480601
light,478,120.29472230832732
light,479,114.86296227501948
light,480,118.95017915907853
light,481,119.50223186056543
light,482,116.25389112209548
light,483,118.75548242773435
light,484,116.87757730008082
light,485,121.22900487561523
light,486,117.08367209755896
light,487,118.52699555189159
light,488,122.28509359680007
light,489,114.94931630024364
light,490,118.96648151358282
light,491,119.01975041097973
light,492,118.82167664758627
light,493,117.9565387941387
light,494,114.21569712956645
light,495,116.94808699586578
light,496,116.97420855178503
light,497,116.37772422938394
light,498,116.69249705292752
light,499,120.900753014094
