Item,Draw,Appropriateness
machine,0,120.46760620338458
machine,1,117.35363924222877
machine,2,118.62032902169986
machine,3,125.17416005775061
machine,4,121.83258984381591
machine,5,119.83118055751774
machine,6,117.34416453349792
machine,7,121.52791215752814
machine,8,117.17827817221429
machine,9,117.71109987623676
machine,10,117.84630117695374
machine,11,119.86301370706471
machine,12,121.24672953779007
machine,13,118.34427923738401
machine,14,125.35334741071715
machine,15,117.65944030196762
machine,16,116.33046076284668
machine,17,117.85871174986401
machine,18,123.97808839996046
machine,19,120.55524895057812
machine,20,123.34344435807623
machine,21,116.89838414478835
machine,22,119.26717956134227
machine,23,122.17511681397255
machine,24,125.678682800152
machine,25,120.72512054306492
machine,26,123.40797421583882
machine,27,120.65137197750772
machine,28,121.16877515111317
machine,29,118.69411806049759
machine,30,120.1898602239617
machine,31,120.29096826736567
machine,32,126.13451638157582
machine,33,121.20169446628925
machine,34,121.95056194995509
machine,35,116.04503300998614
machine,36,115.78782880324947
machine,37,121.88936518034541
machine,38,121.96431831665092
machine,39,122.84482179750562
machine,40,120.1103961271659
machine,41,117.91899980947849
machine,42,119.2809125259921
machine,43,118.10034379631536
machine,44,119.5918622456364
machine,45,120.95834387631686
machine,46,119.7264007001142
machine,47,118.09338890044828
machine,48,125.76296664298863
machine,49,119.78980633115033
machine,50,120.17885227315139
machine,51,119.9331034328462
machine,52,122.75041763843592
machine,53,117.89758523530318
machine,54,123.01134719705912
machine,55,117.48408044679283
machine,56,120.31995257456344
machine,57,116.20719583708821
machine,58,122.19427238097522
machine,59,120.32151602316041
machine,60,115.70132113253666
machine,61,119.4609645594582
machine,62,122.00673904780233
machine,63,114.32718176086563
machine,64,124.42313120341115
machine,65,122.53797396557012
machine,66,119.2496695349242
machine,67,122.56753192252414
machine,68,116.79852283673864
machine,69,123.67943395991206
machine,70,123.68068760909392
machine,71,122.74807419347715
machine,72,117.03897897445725
machine,73,121.30647221115917
machine,74,125.46986835393312
machine,75,120.03001104040277
machine,76,121.79188500083546
machine,77,121.177288370972
machine,78,114.38076668205814
machine,79,122.84729194378367
machine,80,120.20043632370394
machine,81,119.03816770759373
machine,82,119.63922147100949
machine,83,116.83174000701942
machine,84,119.3960229893205
machine,85,122.19374867769697
machine,86,117.87837487387789
machine,87,118.34594953435807
machine,88,121.63021572281438
machine,89,121.04404308222388
machine,90,118.2784535638651
machine,91,121.84896785446304
machine,92,118.67784264451895
machine,93,127.3305652013612
machine,94,117.21521166525068
machine,95,121.85647580860714
machine,96,119.02892497150613
machine,97,116.68752305834975
machine,98,122.0123961053854
machine,99,118.42420548652133
machine,100,121.44333523706425
machine,101,119.66818659601886
machine,102,118.8041062941867
machine,103,120.56942887198183
machine,104,121.07059125706014
machine,105,118.67120478824815
machine,106,122.6239857576271
machine,107,121.04467198523857
machine,108,119.36954843632361
machine,109,117.85355412607055
machine,110,116.73017416925317
machine,111,117.94887789771471
machine,112,124.10362183876482
machine,113,119.27278036637186
machine,114,118.67641818604167
machine,115,118.94781895103439
machine,116,118.29493215701878
machine,117,119.31232001268472
machine,118,118.70190242956866
machine,119,122.2494841729093
machine,120,118.63668308427646
machine,121,121.5362306965698
machine,122,118.35728519283042
machine,123,120.8837932400962
machine,124,119.13874746242443
machine,125,117.54043235412179
machine,126,117.79418412423557
machine,127,118.33022977951147
machine,128,121.66297867475342
machine,129,121.01394491518171
machine,130,119.1383831320829
machine,131,114.40428695392578
machine,132,120.937167398369
machine,133,120.74696274205246
machine,134,121.49490991155585
machine,135,120.90497108251293
machine,136,117.82753384643532
machine,137,123.1198913256799
machine,138,117.46381039762706
machine,139,124.68971610145343
machine,140,123.27821063833717
machine,141,117.7834870915637
machine,142,117.0899781148579
machine,143,122.26739789029241
machine,144,119.52062495355491
machine,145,118.1148168830724
machine,146,120.63550968307155
machine,147,117.66496980662649
machine,148,123.12154917203873
machine,149,121.85127679704783
machine,150,121.1871355386802
machine,151,114.91723345905649
machine,152,116.99013128054587
machine,153,121.3953259811714
machine,154,121.5890878010571
machine,155,120.09741768905127
machine,156,118.2793362622181
machine,157,121.09825147254436
machine,158,115.39479206406523
machine,159,115.81462486286465
machine,160,124.40989950738393
machine,161,128.04570851439036
machine,162,121.6823606495645
machine,163,120.82510414336522
machine,164,119.72013063429894
machine,165,118.33661600006971
machine,166,121.07525197701652
machine,167,124.61932382901273
machine,168,123.2641452522403
machine,169,123.14138069547707
machine,170,122.45078939089493
machine,171,120.11748253783547
machine,172,120.19157967857319
machine,173,122.00762618426123
machine,174,120.6347300211046
machine,175,118.70045451159356
machine,176,116.91203144117821
machine,177,120.41473626853396
machine,178,122.34921765770714
machine,179,123.20266109390812
machine,180,120.92803372284983
machine,181,123.72719732987656
machine,182,117.90618944214745
machine,183,117.15424477118997
machine,184,119.78182853433634
machine,185,121.18251006495086
machine,186,120.95415282041297
machine,187,122.64230197757253
machine,188,119.17829599031171
machine,189,120.49934447794854
machine,190,120.79524805095087
machine,191,117.35003064142136
machine,192,119.09084508073934
machine,193,117.56113865204927
machine,194,120.71465611355782
machine,195,118.91064274008691
machine,196,118.20031330845684
machine,197,123.57099468602529
machine,198,120.29731436938465
machine,199,118.78991225838465
machine,200,121.14695593584072
machine,201,121.08218303851667
machine,202,121.56020264473038
machine,203,122.86780561694452
machine,204,123.73515903990489
machine,205,120.87195064194236
machine,206,119.9126592206871
machine,207,119.31637635586864
machine,208,120.63785827995434
machine,209,120.76766351180939
machine,210,118.85408912814586
machine,211,121.03891873085948
machine,212,117.41411573276135
machine,213,122.78232267896851
machine,214,122.92579887753672
machine,215,119.3551424747054
machine,216,116.68470695623749
machine,217,119.01792725021316
machine,218,120.21332653208235
machine,219,118.26755767068823
machine,220,119.78333900201659
machine,221,125.68727213712631
machine,222,120.66348214677221
machine,223,114.79716420642015
machine,224,122.73960348734838
machine,225,116.69752112827818
machine,226,122.09211466068592
machine,227,117.82888565856553
machine,228,122.43462240452439
machine,229,121.50575560569462
machine,230,121.52288283857804
machine,231,119.360561619295
machine,232,118.50980921849137
machine,233,120.28983452236676
machine,234,117.86838846683494
machine,235,121.58821770739621
machine,236,119.03308878042793
machine,237,121.34828290182202
machine,238,121.40145055914728
machine,239,120.46665720837358
machine,240,122.10368914019223
machine,241,118.44210204663088
machine,242,119.3523417944776
machine,243,123.68210533944146
machine,244,125.78852276401568
machine,245,122.1158650666229
machine,246,122.2218047549184
machine,247,120.37263606652256
machine,248,120.87501599749501
machine,249,118.10622066097471
machine,250,122.01311963830224
machine,251,123.56432202918712
machine,252,118.25687630160016
machine,253,122.63944154605144
machine,254,119.93688099026923
machine,255,119.79069578450645
machine,256,117.21858784876605
machine,257,114.46157306855909
machine,258,118.97147948159004
machine,259,122.0488330444908
machine,260,123.17253018162278
machine,261,119.26221511447359
machine,262,120.79961580481128
machine,263,118.3530319232435
machine,264,125.251397966408
machine,265,120.16129508950957
machine,266,122.62609435548895
machine,267,122.06229422686296
machine,268,118.63311014585835
machine,269,122.42882892324727
machine,270,120.7173332826716
machine,271,122.5582615406271
machine,272,118.10778649228905
machine,273,119.08387467035612
machine,274,121.70949621258238
machine,275,120.38588847768533
machine,276,121.8030507008043
machine,277,121.32729405875982
machine,278,123.48829486208639
machine,279,121.2354625255465
machine,280,118.7338687781329
machine,281,119.40243530126587
machine,282,118.27123802523911
machine,283,120.6860199240707
machine,284,119.72731976384227
machine,285,120.04283393033926
machine,286,120.74903140495887
machine,287,121.26936291012258
machine,288,121.28886948055622
machine,289,119.15698930640772
machine,290,119.02586965914193
machine,291,121.61504735280262
machine,292,122.16299175478798
machine,293,124.27713822493682
machine,294,119.28126821469715
machine,295,120.99075767915761
machine,296,120.87841437328339
machine,297,118.57587903746503
machine,298,120.61024938276526
machine,299,119.80203468277276
machine,300,119.71634976153595
machine,301,118.95602790385442
machine,302,122.60098699857625
machine,303,121.59674920774317
machine,304,121.48867644574517
machine,305,117.79092966152585
machine,306,120.41199029940547
machine,307,123.16856109566594
machine,308,117.90763775737314
machine,309,124.3305254493638
machine,310,119.00164309319226
machine,311,121.30517762808265
machine,312,119.46262196579791
machine,313,118.68009051014836
machine,314,123.71636791107161
machine,315,121.93462377442992
machine,316,117.79763349149543
machine,317,122.07240997251738
machine,318,122.97384908875395
machine,319,119.98500798394491
machine,320,118.55629360100689
machine,321,116.43666192799984
machine,322,118.39605399778488
machine,323,121.43366279942782
machine,324,116.01932514433713
machine,325,118.43360239637019
machine,326,120.19516886016011
machine,327,123.01578949806628
machine,328,120.85949534683593
machine,329,120.22639080834033
machine,330,119.1034418477468
machine,331,121.2896566133552
machine,332,121.68033821959202
machine,333,118.63884974012413
machine,334,120.08415724433415
machine,335,121.45590762960528
machine,336,118.16885152158487
machine,337,121.33766338289615
machine,338,116.0133524685209
machine,339,116.58958853252533
machine,340,119.47524025805834
machine,341,117.15871113792457
machine,342,118.60925822374703
machine,343,126.4826827076283
machine,344,120.2467905437901
machine,345,124.72674781405499
machine,346,119.17362347199041
machine,347,126.08841975634124
machine,348,122.00436579441512
machine,349,119.42604392604115
machine,350,125.68075216166821
machine,351,120.15080827883378
machine,352,118.40283912361345
machine,353,127.17300876037334
machine,354,119.6478992353398
machine,355,123.7815562673735
machine,356,119.63480066078527
machine,357,121.09016894829772
machine,358,120.87260392867482
machine,359,118.67372865087924
machine,360,121.07714513923004
machine,361,118.01635713186107
machine,362,121.05220480601555
machine,363,121.26137376265258
machine,364,116.95314710775138
machine,365,124.42513614547434
machine,366,119.81311909303531
machine,367,124.24387249675324
machine,368,119.04603275323953
machine,369,115.58941171256282
machine,370,119.44286126780399
machine,371,120.3665800709876
machine,372,120.86453590705763
machine,373,126.88652227469153
machine,374,117.80006119991864
machine,375,120.120531534597
machine,376,119.16375244877284
machine,377,122.8750402741909
machine,378,120.1640409681513
machine,379,120.98347989201983
machine,380,120.38327615138924
machine,381,119.50510004540725
machine,382,120.75837853973137
machine,383,120.10474940530587
machine,384,123.74849092500529
machine,385,121.11072921526281
machine,386,120.38708069271513
machine,387,119.68606610586374
machine,388,122.69566160459281
machine,389,119.55367066208085
machine,390,117.98151731774202
machine,391,119.77328618263464
machine,392,121.05273495218289
machine,393,126.50992892546236
machine,394,120.70418785524974
machine,395,124.69962760871537
machine,396,118.40790470255472
machine,397,120.25026103409664
machine,398,125.87955640429433
machine,399,117.19405879702427
machine,400,118.7517799423649
machine,401,122.40611204669752
machine,402,122.80408426503233
machine,403,115.67811881409742
machine,404,118.42942798155195
machine,405,120.05481991994833
machine,406,119.16294996566279
machine,407,121.81303163601717
machine,408,119.52983986520091
machine,409,122.09350796017932
machine,410,120.78575259983324
machine,411,121.90396291595198
machine,412,117.46727187517283
machine,413,119.68020374523232
machine,414,119.96346795580021
machine,415,117.67925135971278
machine,416,116.95552650786087
machine,417,120.45257260192383
machine,418,123.0786386357892
machine,419,121.22743300437781
machine,420,123.97501884047766
machine,421,121.60082244994537
machine,422,117.6268145773637
machine,423,119.27378553727017
machine,424,120.37557289161636
machine,425,117.44014975562533
machine,426,120.16543431891584
machine,427,119.66927160040987
machine,428,119.44025224074457
machine,429,116.80782559787059
machine,430,120.6572910078165
machine,431,124.22968535866947
machine,432,118.58335346983802
machine,433,118.4076893312756
machine,434,119.15787873184019
machine,435,121.42828040499762
machine,436,121.77278731216373
machine,437,119.04112684768309
machine,438,123.06005339102548
machine,439,121.64632436388298
machine,440,120.81752914981865
machine,441,125.60489868944506
machine,442,119.1264095275542
machine,443,120.90598655243252
machine,444,120.05346270147558
machine,445,120.39417292199236
machine,446,118.57140151102476
machine,447,121.86518898668466
machine,448,121.67147533390586
machine,449,117.18997657985528
machine,450,120.95361799840396
machine,451,122.65485951033546
machine,452,124.11952576746287
machine,453,118.96824830987146
machine,454,123.9401049784908
machine,455,117.07321384760677
machine,456,121.88619022196107
machine,457,119.9188142382652
machine,458,118.09473520286285
machine,459,122.29631798607696
machine,460,122.4268297569681
machine,461,121.20532039441237
machine,462,119.24096522811513
machine,463,121.73669100616442
machine,464,121.24839047730008
machine,465,119.5842812285681
machine,466,124.33295923758057
machine,467,123.88473291084583
machine,468,119.92084154617635
machine,469,120.70904968649636
machine,470,119.87884944928699
machine,471,120.84229267328415
machine,472,115.74676507901785
machine,473,120.7348402135777
machine,474,120.35779967041773
machine,475,117.82774890505495
machine,476,118.8946674368427
machine,477,120.68053628536902
machine,478,120.9149990050718
machine,479,118.87780053112402
machine,480,122.73920997445482
machine,481,124.78678874670466
machine,482,120.28997470902844
machine,483,118.63500155931148
machine,484,126.00671128897194
machine,485,121.1778966655215
machine,486,117.6545089707057
machine,487,123.42394035259751
machine,488,121.11799119915399
machine,489,115.5328165620304
machine,490,119.42866540188228
machine,491,118.24037374791483
machine,492,119.02474239173866
machine,493,123.14620540736756
machine,494,125.84269802430177
machine,495,120.64776016019714
machine,496,125.22068969973274
machine,497,118.37697782654382
machine,498,122.74395072933719
machine,499,121.06860650482531
light,0,117.38825203532667
light,1,118.18590814937797
light,2,118.88285607440392
light,3,119.28418362609483
light,4,118.23303756108736
light,5,116.44186724494577
light,6,115.27912448738391
light,7,116.42090030501006
light,8,113.99026781098888
light,9,115.80475391242737
light,10,118.20182000581627
light,11,119.58925400732743
light,12,116.14531886604051
light,13,121.33123003708096
light,14,117.28829291248447
light,15,119.89732831797981
light,16,118.09948393624055
light,17,116.04038656444882
light,18,118.79246265330497
light,19,115.10642259010244
light,20,120.6545933758766
light,21,115.78932719614401
light,22,118.74727583524805
light,23,119.76994528080824
light,24,124.07734123906329
light,25,119.0500503075492
light,26,123.77362615938297
light,27,118.56634730403806
light,28,117.60972405357866
light,29,118.70436377352063
light,30,118.59396646499216
light,31,118.02036224296894
light,32,123.2246079732256
light,33,112.9720192350413
light,34,116.69892703741847
light,35,116.51248704556511
light,36,120.11791390296351
light,37,122.64800714061566
light,38,117.05076754272017
light,39,113.13204476774972
light,40,119.50963447172211
light,41,123.33087999681942
light,42,121.2553385614912
light,43,117.09125229123491
light,44,117.70502207809142
light,45,119.09143078439877
light,46,116.89407844716754
light,47,119.23568952872947
light,48,118.77506191974607
light,49,114.47762917633845
light,50,116.98028660713862
light,51,118.26221599401035
light,52,117.55908212430606
light,53,118.44659576024603
light,54,119.74332720508538
light,55,116.42314966313559
light,56,118.10070892123439
light,57,121.13995479997864
light,58,118.29182430463716
light,59,115.2813637845531
light,60,116.92021833605182
light,61,120.69305266696335
light,62,122.67055180783632
light,63,119.13731785672346
light,64,120.79894829300322
light,65,116.59504439651039
light,66,118.86732447907261
light,67,118.37908072380066
light,68,116.12479149471942
light,69,116.548479417357
light,70,117.52164881353013
light,71,118.50753598371998
light,72,112.89458685660337
light,73,118.43986101639999
light,74,116.835564851111
light,75,118.444253690699
light,76,117.32250288561144
light,77,118.70866723117037
light,78,128.92337044200448
light,79,117.40329709457149
light,80,119.55333213758317
light,81,121.35082601610105
light,82,120.50891794664665
light,83,117.85954544367956
light,84,116.26645935220378
light,85,118.30286693240433
light,86,117.92765763577317
light,87,112.87732025007958
light,88,119.54053719494695
light,89,116.68547496859911
light,90,118.87926877423432
light,91,121.89269178490412
light,92,119.2638409568515
light,93,115.33451937350203
light,94,115.88268463021248
light,95,119.8291092698809
light,96,122.42448083757982
light,97,115.82396189522295
light,98,118.97393682965485
light,99,119.55504807218844
light,100,117.44192199762362
light,101,122.79212003331143
light,102,113.27575231803499
light,103,119.21253365946399
light,104,116.67169056775475
light,105,121.35761893125563
light,106,120.54806056153393
light,107,118.74420824340659
light,108,115.29538682542476
light,109,120.53190415477886
light,110,115.54303429423037
light,111,115.4077944806694
light,112,121.56133921548427
light,113,120.50911264702474
light,114,118.08078356714253
light,115,114.66785511544548
light,116,114.57138466598484
light,117,118.76962125956337
light,118,115.02896320017915
light,119,119.0244403203246
light,120,121.51421778804281
light,121,115.92816039990915
light,122,119.01904771989031
light,123,118.75388503296944
light,124,117.15387529037093
light,125,117.98625744594004
light,126,121.62033273355506
light,127,117.93479387930401
light,128,116.60111358106387
light,129,117.54379701688404
light,130,114.83076943000559
light,131,115.29583316042935
light,132,117.74079188224403
light,133,115.88809718921557
light,134,114.74240597035326
light,135,115.51327229322108
light,136,118.43593537164611
light,137,116.74406174925136
light,138,117.15228341129259
light,139,118.56813417358951
light,140,113.86542848773584
light,141,119.8026096080216
light,142,120.66385865905873
light,143,118.71067423133877
light,144,117.06818314148447
light,145,117.00804973130067
light,146,116.02446319180781
light,147,114.43468930354368
light,148,118.92735687893818
light,149,116.12143367483945
light,150,116.64044917563355
light,151,117.09872318652457
light,152,122.93933139090672
light,153,113.91466043581974
light,154,110.41663279788918
light,155,114.05104356477314
light,156,120.59041043245122
light,157,119.02423237870863
light,158,119.92235863374829
light,159,120.32058708557291
light,160,117.59174294346431
light,161,120.72281233372433
light,162,120.08051045824624
light,163,119.85824241368894
light,164,117.31779538758327
light,165,117.65998864345558
light,166,116.80676579476965
light,167,117.34083596073499
light,168,118.724539289916
light,169,119.1158067614317
light,170,119.64490087171673
light,171,117.17628412042218
light,172,118.62217493710949
light,173,119.31150476790174
light,174,116.69221157706153
light,175,117.01316113668287
light,176,118.21167345917551
light,177,120.04368741278633
light,178,117.65023284123212
light,179,117.1077848890008
light,180,113.45324569099591
light,181,117.32345240910914
light,182,116.50766058576451
light,183,120.1459027146859
light,184,116.33147107446771
light,185,112.77240687497681
light,186,119.94416575692242
light,187,119.27973851266277
light,188,120.8283107307514
light,189,115.42470808462662
light,190,116.71569679077803
light,191,115.61189609602953
light,192,130.55641542766875
light,193,117.31939498678443
light,194,114.70355992435375
light,195,117.14742596366403
light,196,114.04524477386046
light,197,119.63850281811494
light,198,120.41953397816447
light,199,121.27223485661247
light,200,119.03443709654536
light,201,114.87651314606573
light,202,116.24000588236245
light,203,117.4965884714566
light,204,119.81563734103192
light,205,117.26267575986289
light,206,119.46045969757016
light,207,119.14869292210113
light,208,118.1962854512575
light,209,116.20485061680763
light,210,119.13270000536087
light,211,115.68669553505657
light,212,122.83065316284298
light,213,115.08295409591622
light,214,121.38810872343274
light,215,122.91835051700468
light,216,115.95469745782125
light,217,119.4892247016379
light,218,118.27837431842167
light,219,118.61938458718011
light,220,117.7063624877167
light,221,115.2277995506646
light,222,119.92367916521663
light,223,120.1540887399013
light,224,113.7974822055665
light,225,118.83273900752336
light,226,123.30894797164444
light,227,118.03037724245713
light,228,110.84140917906716
light,229,116.86215423401296
light,230,118.97360702415472
light,231,118.03992173787807
light,232,115.7902468576744
light,233,116.68798511903819
light,234,115.41610318773753
light,235,119.42917630815548
light,236,118.93811646201407
light,237,119.35230882490482
light,238,119.07932263473135
light,239,120.63956972207784
light,240,120.3240030256378
light,241,114.89551004402638
light,242,115.22154881905628
light,243,117.63197667595755
light,244,118.63175541795297
light,245,120.21799013826649
light,246,120.31258807240339
light,247,117.21464009907001
light,248,118.16220156514228
light,249,121.32922156806471
light,250,117.37900737633925
light,251,117.36336575711088
light,252,116.383417942378
light,253,114.19976796737595
light,254,115.08289000127421
light,255,121.12668515335037
light,256,118.71688111977801
light,257,118.20735027614369
light,258,114.41997517430946
light,259,119.02607426493847
light,260,121.61733270829164
light,261,118.14832140045144
light,262,116.15519025309433
light,263,119.10010046532018
light,264,117.56292446515675
light,265,120.06755604283316
light,266,115.78827778895591
light,267,117.99185871136453
light,268,116.230449033978
light,269,117.26539580328068
light,270,120.41815211235183
light,271,117.65479238952739
light,272,117.06897493304614
light,273,117.3174285101646
light,274,119.46520982172244
light,275,117.19728332911194
light,276,117.5600605483606
light,277,114.3752981081384
light,278,117.08548789952293
light,279,117.28537325166374
light,280,116.52588043026296
light,281,120.47120136192358
light,282,121.73504301427285
light,283,125.10644139543865
light,284,121.64778472590841
light,285,120.49615089412275
light,286,114.75478443844034
light,287,117.55407273505405
light,288,118.48485517196951
light,289,118.55773190563241
light,290,120.6835723087517
light,291,117.93977086913307
light,292,118.22056051256136
light,293,116.4670607722295
light,294,118.60382908806616
light,295,118.18110819907166
light,296,119.57246148586394
light,297,116.51614986579288
light,298,118.86509110367565
light,299,115.17120469071725
light,300,120.48505823355946
light,301,122.63017403260096
light,302,115.98950234632892
light,303,118.32332683190798
light,304,122.80790359153919
light,305,118.21307904606194
light,306,119.72199002804602
light,307,113.6987119884293
light,308,114.73168977197477
light,309,119.54439436342754
light,310,118.80517290153247
light,311,116.59632540256766
light,312,117.0189054447092
light,313,117.49457731250132
light,314,122.02609326722474
light,315,117.3671618698976
light,316,121.22201070851166
light,317,117.18523963084057
light,318,118.39670555151191
light,319,119.65496443455208
light,320,120.45302936944304
light,321,116.81415257084278
light,322,117.73520991108603
light,323,119.41429463827167
light,324,120.03910373742772
light,325,116.90792854545387
light,326,113.57542928897453
light,327,117.42714363362433
light,328,118.77657355790603
light,329,119.71549534358168
light,330,118.25751310798903
light,331,118.72311357170211
light,332,122.49905221840382
light,333,119.46850049589806
light,334,116.3974326043881
light,335,120.2505043240999
light,336,118.62573404899226
light,337,121.11982517211327
light,338,120.15199241549203
light,339,116.33825414310037
light,340,116.78251155420345
light,341,116.95504847643593
light,342,121.27796075318345
light,343,118.97743869134455
light,344,115.96874875595378
light,345,118.43910973725646
light,346,117.88666407022761
light,347,124.35847422494153
light,348,114.80504753540741
light,349,117.22639177634366
light,350,116.83098634259512
light,351,117.93945635726193
light,352,119.3052305607097
light,353,120.78107493192705
light,354,118.95284023080102
light,355,114.88652942272391
light,356,118.28430392670721
light,357,118.00296608004214
light,358,128.20002171592822
light,359,117.56876346083926
light,360,119.15967050608198
light,361,121.54722074701448
light,362,116.07332770943756
light,363,117.75376487023703
light,364,119.61510728647914
light,365,118.90741714999515
light,366,121.21545037572079
light,367,117.24423254557112
light,368,119.76304203990952
light,369,117.12077608213889
light,370,118.93863681247865
light,371,119.18283708282493
light,372,115.60644735730932
light,373,116.5862368675535
light,374,119.73211827543867
light,375,120.30139456361388
light,376,117.58338271289546
light,377,115.56390566938326
light,378,117.06488558525285
light,379,120.66258353031604
light,380,117.26981688960758
light,381,115.59726010113694
light,382,124.07208081034766
light,383,117.59503293389497
light,384,116.1616365722717
light,385,124.08395493893003
light,386,117.37854476292556
light,387,116.3927200410594
light,388,115.59335322085116
light,389,115.25984789403445
light,390,118.5387068750474
light,391,119.78866816556548
light,392,116.81030148623475
light,393,120.51678393919656
light,394,117.25607415745588
light,395,117.766465148198
light,396,123.79666505965312
light,397,117.94342382165772
light,398,120.14801378565363
light,399,119.33210477433498
light,400,120.1990181251704
light,401,119.76730688270129
light,402,114.32928140399935
light,403,119.09495732961288
light,404,120.38141162858784
light,405,117.08666565395045
light,406,119.12213527238589
light,407,116.49997444656263
light,408,119.21915764446216
light,409,121.74300531918783
light,410,121.08478269142766
light,411,118.74845554586604
light,412,118.65416290503141
light,413,119.85743630767138
light,414,117.75459796859084
light,415,122.17905489543537
light,416,116.38666785687484
light,417,119.29840591522591
light,418,122.59634126257362
light,419,120.07053063133885
light,420,120.33415132834293
light,421,122.74987512377432
light,422,119.19592271250978
light,423,117.30411343919276
light,424,116.8205242483142
light,425,119.3129597199281
light,426,113.01215234760139
light,427,117.3543091532949
light,428,119.68565227938015
light,429,115.17280432594046
light,430,118.32754299435706
light,431,121.95305398729468
light,432,113.63947989372475
light,433,113.57391158623649
light,434,119.22836676735689
light,435,118.19116410053677
light,436,121.05610145194888
light,437,116.42968029358862
light,438,117.88607738888714
light,439,116.66066170146603
light,440,116.24351993001024
light,441,118.51429325540803
light,442,114.42540260288303
light,443,119.28816650736971
light,444,120.57800433866188
light,445,117.22680980289898
light,446,111.68205074636094
light,447,118.91136569862468
light,448,116.7237629090749
light,449,117.21344052166533
light,450,117.1388013680611
light,451,114.85170376331936
light,452,118.8993897313101
light,453,116.65476981157568
light,454,118.56122252480799
light,455,116.97207915646916
light,456,117.50345317063247
light,457,114.9645101488416
light,458,114.41831889557147
light,459,116.69078870342648
light,460,117.83930454359705
light,461,116.35187203736213
light,462,119.29259084199195
light,463,119.33814236358546
light,464,116.82955865095188
light,465,117.50895593178913
light,466,117.40569248388908
light,467,121.48863053905943
light,468,116.65448708461254
light,469,118.36090863031257
light,470,117.60318879380189
light,471,117.17979324093679
light,472,120.45376215165236
light,473,116.89610085619518
light,474,122.65744663937572
light,475,120.92216547930903
light,476,117.20196275305095
light,477,114.72023437626413
light,478,120.6227837023398
light,479,114.96339905729232
light,480,122.05620097808283
light,481,116.852746798064
light,482,118.63361818534435
light,483,121.31996433067782
light,484,118.06086259081603
light,485,116.19788084608102
light,486,119.57412995381438
light,487,114.84393355134961
light,488,118.31685357529832
light,489,115.18010521921873
light,490,112.26412891806261
light,491,111.69218313627272
light,492,114.81027203810321
light,493,117.12726544215593
light,494,121.00204419409025
light,495,116.9853513190729
light,496,119.05988376872965
light,497,114.6501451725073
light,498,115.34383158278183
light,499,116.36226432717307
art,0,123.1904101659035
art,1,120.40936960844715
art,2,122.37695803923042
art,3,115.05523997552989
art,4,117.36647018874433
art,5,118.41990309586166
art,6,122.41328428801967
art,7,120.06438390093285
art,8,122.80689202525576
art,9,120.9641566461314
art,10,121.08787175605002
art,11,119.46596857507903
art,12,119.70927333020344
art,13,120.78251947283809
art,14,119.76067179394445
art,15,120.35593397987354
art,16,120.3717526796477
art,17,122.2346588967112
art,18,123.57847529445374
art,19,119.8226518029392
art,20,124.85200343408442
art,21,120.57614657007719
art,22,120.91926145018282
art,23,118.27417656424095
art,24,117.76202942071794
art,25,118.7165618038605
art,26,120.18288885362924
art,27,118.2799072248666
art,28,123.11857021913694
art,29,120.4920277936965
art,30,130.8025210291738
art,31,120.47840577160002
art,32,122.51279584515689
art,33,126.50413402062439
art,34,120.87332828526004
art,35,121.24958393359655
art,36,119.76954469114251
art,37,119.74366770704808
art,38,123.66165471362791
art,39,118.84300765871585
art,40,119.19049611146131
art,41,119.01302657107652
art,42,115.16884057279368
art,43,124.68484055103406
art,44,123.34540485130658
art,45,120.94052336634118
art,46,120.84344966305338
art,47,119.5192648945945
art,48,118.00430278198253
art,49,119.99755486828512
art,50,116.36137437389338
art,51,118.5777427830258
art,52,117.01808366785198
art,53,116.86041685495887
art,54,120.35153701761921
art,55,120.58461926317325
art,56,119.36256017932097
art,57,121.51087926593165
art,58,120.54696474193048
art,59,121.44678735092
art,60,123.79507350005352
art,61,117.66549455695478
art,62,121.26068896049915
art,63,120.93672404535043
art,64,119.14533160522087
art,65,122.65751824001978
art,66,125.04951162800901
art,67,119.22576976110359
art,68,113.82073041469725
art,69,117.53974538137828
art,70,120.69327241415617
art,71,120.7214483054166
art,72,119.73915507438817
art,73,125.45156899380359
art,74,120.21228941714217
art,75,121.9048875738155
art,76,119.40137684922408
art,77,125.95916318396017
art,78,116.78566837321951
art,79,125.42488112748651
art,80,118.66495706541625
art,81,120.1010837094092
art,82,117.48019427269851
art,83,120.7525760191164
art,84,121.98188665022667
art,85,121.28329221846383
art,86,119.49452458505758
art,87,120.22722565901248
art,88,118.07509362567737
art,89,121.30362348690689
art,90,116.71030178631612
art,91,120.3460605174497
art,92,125.38175901337819
art,93,120.51073758368884
art,94,124.24593602750369
art,95,122.83143392801416
art,96,122.08723866221595
art,97,120.7640641790438
art,98,118.67658761998752
art,99,119.30993354068174
art,100,118.31140551184518
art,101,116.26652682669305
art,102,115.98649368627123
art,103,117.45836539426999
art,104,117.84141534905753
art,105,122.25281276621267
art,106,118.2780012701057
art,107,121.37197504837135
art,108,120.8678815294622
art,109,117.97088690263186
art,110,122.70366183028132
art,111,119.84920397264867
art,112,117.37969780666388
art,113,118.61421946878632
art,114,123.51019445175164
art,115,126.46990420947742
art,116,117.32597208666962
art,117,116.8756647605516
art,118,119.8051971686573
art,119,121.16105399520684
art,120,124.39453200407213
art,121,117.79155112036246
art,122,119.3606886851858
art,123,119.46143026311931
art,124,121.05964969475014
art,125,119.86658955194393
art,126,121.8192995652466
art,127,116.2211390923319
art,128,120.05542881328117
art,129,119.07043224963047
art,130,117.62771467775994
art,131,122.80074647200104
art,132,122.08476886466768
art,133,120.06976209377223
art,134,116.05200531719278
art,135,118.54232744731081
art,136,118.7514522950654
art,137,123.167021147967
art,138,120.37356779208335
art,139,117.45839106509752
art,140,120.97487411564443
art,141,119.15017452868757
art,142,119.08342343882912
art,143,119.29634738202897
art,144,114.76575022543784
art,145,120.12549662211937
art,146,120.43559603353377
art,147,122.10836702044607
art,148,126.61939030233589
art,149,122.26956019659039
art,150,118.79868937301623
art,151,119.1854294608849
art,152,118.93067431163064
art,153,116.71895696944297
art,154,122.8799373222649
art,155,124.51178683626189
art,156,118.72296405658811
art,157,122.17173506696884
art,158,118.31690284464386
art,159,123.05913879346187
art,160,115.0753941369741
art,161,119.99240794190374
art,162,122.54005423795653
art,163,117.79639579083985
art,164,119.0479497102718
art,165,119.39994486286881
art,166,119.4546885049385
art,167,118.73868865902438
art,168,116.41286838070862
art,169,122.93901819664445
art,170,123.76143436029359
art,171,115.43424589861661
art,172,120.76556449399827
art,173,123.54463086827407
art,174,118.10870963245443
art,175,119.25360194909287
art,176,124.98875656505228
art,177,122.35197221282365
art,178,119.51128418108472
art,179,119.22311502631351
art,180,117.87915593615732
art,181,117.8974204486948
art,182,120.22717886196888
art,183,124.64481664817735
art,184,117.87784176579035
art,185,119.51893140309357
art,186,117.94624805477112
art,187,122.60670232972033
art,188,119.7107813247086
art,189,121.77015747404012
art,190,121.91641304189058
art,191,117.98651354146557
art,192,118.60893414687872
art,193,122.30466598126024
art,194,119.98045056310391
art,195,121.10456718535956
art,196,119.30756552900891
art,197,119.94183575034614
art,198,117.90310756295182
art,199,122.85735722895275
art,200,123.40479634215203
art,201,119.76546032155741
art,202,121.481259231459
art,203,123.83665351964406
art,204,120.96211914218745
art,205,119.47420733974316
art,206,120.62045610985683
art,207,120.48088575410307
art,208,115.80515157470843
art,209,121.75557597743334
art,210,119.83194607326257
art,211,119.4970147009439
art,212,115.22042668863565
art,213,119.49008217036037
art,214,124.95910684092965
art,215,116.97171973085216
art,216,123.5611882308606
art,217,122.2512994859249
art,218,121.13685404511692
art,219,121.18230597633108
art,220,123.10945238564437
art,221,118.70909627560764
art,222,119.6010368661106
art,223,118.17434084497916
art,224,121.7244240464334
art,225,123.29112310118518
art,226,120.9547621666071
art,227,122.31570834880188
art,228,120.05950869619659
art,229,119.17697121520887
art,230,120.04505859874868
art,231,122.16637629491893
art,232,119.33760933932685
art,233,117.81025763509199
art,234,118.32813679858674
art,235,117.58945949565532
art,236,123.48976872902372
art,237,119.1871120956647
art,238,124.22133680364931
art,239,121.70488534669974
art,240,117.49651365014344
art,241,119.02432442137487
art,242,118.01767724856245
art,243,116.64565158105043
art,244,121.64844756809774
art,245,118.21840915750667
art,246,115.15997835702171
art,247,118.9396993762998
art,248,121.44553095347615
art,249,121.63980660116576
art,250,119.76238718269666
art,251,119.97077093851978
art,252,120.96553961572047
art,253,122.84152451651293
art,254,118.36978598644066
art,255,121.58067798864009
art,256,118.71798783333867
art,257,125.11118891586734
art,258,120.03866061160426
art,259,122.83003040445861
art,260,119.42324415859369
art,261,119.1987118355483
art,262,120.2934770588892
art,263,122.6906944896821
art,264,123.11146942443136
art,265,118.1718434394727
art,266,119.64666901797128
art,267,119.67858990929199
art,268,119.94168669261558
art,269,123.5014053219962
art,270,122.31149645564223
art,271,119.50154659579941
art,272,118.37783546744762
art,273,120.9075040596883
art,274,118.91238992878823
art,275,122.86491704400244
art,276,122.71098883302128
art,277,120.59755579140455
art,278,117.57132466553209
art,279,123.16563637535427
art,280,121.83847952580071
art,281,127.66273746705482
art,282,121.0016560734316
art,283,121.04029871005658
art,284,118.25611994845282
art,285,123.60017022115055
art,286,121.34275631313929
art,287,118.87154983364144
art,288,118.570651044463
art,289,119.82995704751336
art,290,120.42215452720677
art,291,119.49074598325886
art,292,114.26026759329109
art,293,115.92422691819554
art,294,119.94346193929155
art,295,123.4370254456741
art,296,117.74977237377908
art,297,121.98699575471181
art,298,119.00791690083175
art,299,120.89478376874612
art,300,117.89999775869498
art,301,120.56193002611289
art,302,119.14581574267086
art,303,117.38907481998544
art,304,119.47576713033199
art,305,118.09631091924864
art,306,124.2642361356026
art,307,121.63738688923222
art,308,117.92823798896492
art,309,123.04156022731337
art,310,119.92453974442132
art,311,119.27399872029947
art,312,120.02360812283548
art,313,123.53345781338638
art,314,120.23665370474728
art,315,115.41379325603138
art,316,123.4358903728866
art,317,124.68356323988206
art,318,120.42705772880981
art,319,122.10951285327405
art,320,122.11445937067222
art,321,116.85399273740182
art,322,122.60921653867918
art,323,122.19547194195897
art,324,121.20504656048196
art,325,120.19081503144811
art,326,120.78854295879118
art,327,122.53844138858949
art,328,118.918845283777
art,329,118.99757956889768
art,330,122.38933197990409
art,331,118.27538910471111
art,332,121.81983754632415
art,333,119.0857268900776
art,334,121.42813774366562
art,335,118.36782234334271
art,336,117.63101920382802
art,337,121.53409716162689
art,338,120.21989543574634
art,339,118.30383554069431
art,340,113.61690594254898
art,341,120.31241554654866
art,342,115.86491595636585
art,343,116.31322909086255
art,344,119.11510919599098
art,345,117.72960065499602
art,346,122.44868258200978
art,347,122.48650644661
art,348,123.36942917146894
art,349,119.64645659535722
art,350,118.37708861188251
art,351,120.42345257324108
art,352,122.41068562789368
art,353,123.49200229943472
art,354,119.3778353565742
art,355,123.18477631616224
art,356,121.41722663958114
art,357,120.5749991087423
art,358,122.14619686916046
art,359,118.96295051403847
art,360,121.5648062500799
art,361,116.86864871796445
art,362,120.3381035892441
art,363,119.97968624736697
art,364,120.5461617119391
art,365,122.81901818196397
art,366,122.21835423878933
art,367,119.37006339503877
art,368,123.45190947504699
art,369,118.84030821178091
art,370,123.14591763084005
art,371,121.33178326162664
art,372,118.01819078110239
art,373,121.82400870055687
art,374,122.25939071260312
art,375,117.92968844137394
art,376,121.20996656511794
art,377,118.85134234437893
art,378,121.46959040109382
art,379,120.02295539068177
art,380,121.29719155647814
art,381,123.60426434335949
art,382,122.61966075595923
art,383,113.37198931245314
art,384,118.98289359777957
art,385,124.2059322409493
art,386,122.75814497693898
art,387,117.18210259327779
art,388,116.5605788144411
art,389,117.24646107854693
art,390,117.83845042456953
art,391,122.1010904745649
art,392,124.26134223075955
art,393,121.49262169139267
art,394,121.1240240056809
art,395,118.38391436311422
art,396,119.92305901610258
art,397,119.67956159767901
art,398,117.8363445491763
art,399,115.94478504878445
art,400,122.56224678069681
art,401,122.92405718475928
art,402,120.25894134185916
art,403,120.67422578944849
art,404,118.85369191243156
art,405,113.79035164111697
art,406,120.2608469776959
art,407,121.56910205501904
art,408,123.75531460051239
art,409,120.29553177629033
art,410,122.60664798383428
art,411,122.42103151601451
art,412,119.45505704213926
art,413,123.0181907381022
art,414,123.70298871550263
art,415,117.49840846774376
art,416,118.26884925949605
art,417,120.55878170902619
art,418,120.30094669638909
art,419,117.41743811000727
art,420,122.88680246446275
art,421,118.3934265178597
art,422,118.62393850833699
art,423,119.84539572070926
art,424,117.82680411172043
art,425,118.01579923275874
art,426,127.04976190198833
art,427,116.50320679778542
art,428,119.17616711938872
art,429,119.7980513143462
art,430,118.28599308821899
art,431,115.8460351422924
art,432,122.38561246348318
art,433,120.75182508502225
art,434,116.29580905751571
art,435,118.97531593950659
art,436,116.50183647260539
art,437,117.93155334974195
art,438,117.74298560156954
art,439,121.66178040631326
art,440,120.94706599655929
art,441,122.83535630885838
art,442,121.7128136855549
art,443,124.52445517141008
art,444,119.24014383580503
art,445,116.91108604209452
art,446,120.02504696180615
art,447,122.58131723766834
art,448,124.60882139238537
art,449,125.96005618546158
art,450,121.6809067111086
art,451,121.72819084612776
art,452,117.96261866214459
art,453,124.53167746745248
art,454,117.57465663287347
art,455,121.4222556467319
art,456,117.04326787819525
art,457,119.36686387377597
art,458,118.97883592158014
art,459,119.96748740403311
art,460,122.60289475938595
art,461,125.02711372427962
art,462,119.97199653781277
art,463,120.18022553307013
art,464,116.31861273233386
art,465,113.3489394522899
art,466,117.83919134259304
art,467,122.82026597599318
art,468,119.92967916091051
art,469,123.21750921026226
art,470,120.90950037090667
art,471,120.60497554657734
art,472,121.1806477749479
art,473,122.48254686458897
art,474,115.5790158414233
art,475,119.19446622040833
art,476,120.86021271102237
art,477,120.73369838874315
art,478,119.00799210964439
art,479,122.17635977738281
art,480,125.12639120572082
art,481,118.52419251833606
art,482,120.5278180930756
art,483,116.23461095614263
art,484,117.41060515817594
art,485,117.1589921300302
art,486,120.70359324193399
art,487,122.43774021737515
art,488,116.75291775710434
art,489,118.37085495799901
art,490,121.17734068004378
art,491,122.96757852587719
art,492,115.5790045749539
art,493,128.44678699442224
art,494,118.53490740964756
art,495,117.17082136240191
art,496,116.15184865186153
art,497,122.8641750054851
art,498,120.1181335624155
art,499,118.37931787449459
music,0,116.06152612764149
music,1,116.09752474915118
music,2,115.51352343897459
music,3,117.1468248938393
music,4,119.05028938337952
music,5,118.59700502675186
music,6,120.32521176815855
music,7,121.26886899768385
music,8,119.03636784732277
music,9,119.43775638024643
music,10,116.40779219806628
music,11,117.86064761925456
music,12,120.49225722716719
music,13,118.47969200671271
music,14,115.92852369474191
music,15,121.45025787966242
music,16,115.87992403863521
music,17,116.22506361745866
music,18,119.70734975251527
music,19,117.62460702293806
music,20,116.13180991139697
music,21,119.04059646579994
music,22,115.95033783503763
music,23,119.89365383394414
music,24,119.19632018194375
music,25,118.57806797025312
music,26,119.37765326267198
music,27,119.25248808624916
music,28,123.45044494934871
music,29,116.67463011790436
music,30,120.20069676819563
music,31,123.63747421781632
music,32,120.30219914426678
music,33,117.01986129725258
music,34,116.80623930448257
music,35,120.34250449202484
music,36,117.3857959200111
music,37,116.8571031750171
music,38,120.90613858977643
music,39,115.40652919434874
music,40,119.61518191575824
music,41,114.41588784895625
music,42,116.67214494277789
music,43,120.69406693951741
music,44,117.47828636208091
music,45,114.56259000501909
music,46,113.99002401448679
music,47,117.46820436365384
music,48,118.08427784866258
music,49,115.44742823548724
music,50,115.16990993360052
music,51,119.37338431280993
music,52,117.87996677492629
music,53,115.25841850510766
music,54,115.14537152531699
music,55,121.25371602059202
music,56,116.30350032710466
music,57,119.40212108798531
music,58,117.09300978009414
music,59,119.8810586582306
music,60,121.62112080246878
music,61,117.53575339150419
music,62,116.6103537425506
music,63,114.17758575062263
music,64,112.91769567271682
music,65,113.55262793537099
music,66,115.02898534749484
music,67,120.25259920237157
music,68,119.98909353664521
music,69,118.93525549835637
music,70,117.18495617347675
music,71,118.31761182761649
music,72,119.74660062348093
music,73,118.83495547873653
music,74,124.46666242243427
music,75,120.13443245834503
music,76,113.22022181314802
music,77,121.38245445499875
music,78,120.23989565225317
music,79,116.22252040194358
music,80,117.28313121751282
music,81,119.42152197518105
music,82,117.18735953756456
music,83,116.52296549357746
music,84,115.85257579521655
music,85,115.07286869659568
music,86,118.70745568782675
music,87,118.06820788105716
music,88,115.61025082383114
music,89,115.47041709267634
music,90,118.0950811387746
music,91,115.88019525264433
music,92,123.82201241866272
music,93,117.18170001485984
music,94,119.90117232617727
music,95,116.45081014224066
music,96,117.24251555330821
music,97,118.09192029376692
music,98,118.68747751074069
music,99,116.92294109736612
music,100,118.26156497941551
music,101,116.4482305690732
music,102,121.90795097330623
music,103,118.67342103457017
music,104,115.73245292731158
music,105,115.74579247110847
music,106,117.10563335530284
music,107,114.92208107906667
music,108,123.71194718135445
music,109,119.18173853227889
music,110,118.00240288820135
music,111,118.7811870252617
music,112,117.29341557608208
music,113,119.324989175074
music,114,113.8778885961806
music,115,117.3112939985377
music,116,115.3822727111266
music,117,115.4343591963524
music,118,121.18546768985698
music,119,120.54066129026018
music,120,115.87346935218139
music,121,118.12043695455816
music,122,116.44355030518992
music,123,116.80497944203576
music,124,118.9663771104885
music,125,114.87717142425721
music,126,115.40916632022855
music,127,120.62207173195489
music,128,113.18197194928945
music,129,117.99186222327191
music,130,116.82371029046774
music,131,115.95454288258067
music,132,119.67262463621573
music,133,122.57561145887152
music,134,112.79097348082551
music,135,119.2016865269318
music,136,117.01497158603875
music,137,115.9935997389882
music,138,115.52799198797368
music,139,119.3188253763558
music,140,121.03721064893764
music,141,114.47750193914668
music,142,123.72791198865983
music,143,117.05216281607463
music,144,116.54902855390094
music,145,120.92803313624192
music,146,117.69397324594773
music,147,118.56651858529992
music,148,115.0858230802386
music,149,119.7014106104789
music,150,117.71773628126199
music,151,115.97233792243762
music,152,117.57018385463083
music,153,117.57046214280018
music,154,117.46638753361718
music,155,117.8213003269351
music,156,116.74300135181082
music,157,112.93280995221396
music,158,120.90904930386334
music,159,115.87738502984877
music,160,116.81488165415286
music,161,116.82314250316108
music,162,117.54087597648082
music,163,117.07093816414474
music,164,117.85921754371331
music,165,113.3994075586195
music,166,116.6699887936893
music,167,118.85300116599029
music,168,114.25948456118313
music,169,118.2305221656545
music,170,115.80594782303264
music,171,119.0781579525009
music,172,117.79732470466809
music,173,118.95901215302776
music,174,121.02304315021325
music,175,115.97721414808382
music,176,118.25075571457404
music,177,116.3972533624572
music,178,122.17302363690308
music,179,118.49605829586997
music,180,116.08407413314741
music,181,121.26716431509902
music,182,118.28763480292692
music,183,118.9261300554869
music,184,120.83913129817489
music,185,117.321113268863
music,186,116.01072053278827
music,187,118.24147305978107
music,188,113.96231070614509
music,189,122.21647418407106
music,190,116.16411040986674
music,191,115.90326338413834
music,192,124.2675248586801
music,193,118.83456690691638
music,194,116.7212997260318
music,195,124.94169015707539
music,196,120.58920284006909
music,197,118.65489365323323
music,198,122.66398485757357
music,199,117.73442721280811
music,200,119.29802585099307
music,201,117.72914544668569
music,202,113.60920719708913
music,203,119.00353685116679
music,204,115.81733037762221
music,205,118.58330398539805
music,206,119.528720066706
music,207,118.87648682614258
music,208,115.36204538963177
music,209,119.38609310162498
music,210,115.60882906712853
music,211,119.98175090955772
music,212,113.28077434587898
music,213,116.09940611951954
music,214,116.24850378890692
music,215,117.61984676274966
music,216,114.9566276720553
music,217,115.13128154853814
music,218,117.07368989622364
music,219,114.18793842095086
music,220,119.03926282548731
music,221,115.87493187407067
music,222,117.01406370776
music,223,121.47550045197235
music,224,115.57049685619336
music,225,119.69237133822419
music,226,118.13493177128254
music,227,119.8407436145674
music,228,120.60318529382496
music,229,117.68487270893027
music,230,117.53493038007828
music,231,120.76390129068757
music,232,117.40425757452057
music,233,116.3103741346577
music,234,117.11501285556317
music,235,117.88252908605475
music,236,113.45049938822476
music,237,115.59203024433135
music,238,122.66596678814294
music,239,117.11627966098068
music,240,117.15788278726134
music,241,116.06948958550056
music,242,117.6949876257497
music,243,118.32419253817932
music,244,116.87109640277791
music,245,117.95840818154129
music,246,114.71193784007194
music,247,114.71831102544594
music,248,118.20763310974591
music,249,120.11563143692175
music,250,114.35170300494319
music,251,118.96125357433114
music,252,116.39439419185939
music,253,117.12770306880047
music,254,122.7322696810138
music,255,112.9011435751943
music,256,118.02202823396273
music,257,115.29273015632975
music,258,117.42403315902024
music,259,123.05014449515564
music,260,117.23333253265977
music,261,114.66903053252244
music,262,119.89697497379868
music,263,122.29576958164365
music,264,118.45858241137874
music,265,117.66764934995797
music,266,115.27799451599725
music,267,114.04151384719346
music,268,116.06290111702788
music,269,119.93719865343952
music,270,118.44931650746051
music,271,118.72877187814919
music,272,117.63309193217904
music,273,115.96054059140577
music,274,118.90482045943304
music,275,117.95209055309041
music,276,120.42573076642302
music,277,116.70137072035544
music,278,115.86495925598945
music,279,115.51923560052622
music,280,116.24608181169495
music,281,114.68217080463027
music,282,118.3343477346624
music,283,119.0525717219245
music,284,116.81738490101617
music,285,118.49221268217744
music,286,118.80762807646819
music,287,120.1740080803537
music,288,117.2355256189418
music,289,119.67312763959421
music,290,117.0150523734804
music,291,116.87042475181933
music,292,116.82426171279114
music,293,115.45401808682026
music,294,117.33399048677566
music,295,122.83422329060691
music,296,116.23919273444154
music,297,123.70640319706148
music,298,118.25355818627392
music,299,118.52623167871401
music,300,114.15063952850983
music,301,115.89468369862834
music,302,121.18694902272324
music,303,115.9521055713277
music,304,119.34203869303741
music,305,121.64693037929493
music,306,121.83175415425107
music,307,114.48346797250262
music,308,120.31218207028225
music,309,118.02846539088935
music,310,119.18386222173072
music,311,116.97590925703196
music,312,115.67072203746153
music,313,118.0392069135263
music,314,117.46127871692163
music,315,121.47551334008443
music,316,115.11019098488305
music,317,118.0436511325055
music,318,115.2104096452573
music,319,122.43655242950022
music,320,117.83521348880437
music,321,117.74773451025082
music,322,113.21416516511403
music,323,117.07090188719502
music,324,120.77392388424506
music,325,116.48843403038067
music,326,116.3736524213121
music,327,121.5660388619884
music,328,119.81373716141164
music,329,120.84286920553993
music,330,119.59597568224606
music,331,114.56519302808108
music,332,121.36812738401095
music,333,116.90237605845779
music,334,115.75960391703678
music,335,121.08361054507255
music,336,117.69073156244805
music,337,114.04515411853349
music,338,118.94285077332947
music,339,113.68052256306001
music,340,118.79471766537807
music,341,113.61657245859296
music,342,116.81199416704867
music,343,114.79612357974511
music,344,118.50358801911409
music,345,117.4947901716407
music,346,115.37208549879092
music,347,119.01215760674705
music,348,117.11827654776441
music,349,121.66322666479259
music,350,111.95102441972733
music,351,120.19578655568748
music,352,113.10245915400792
music,353,119.63130150360364
music,354,115.14656026756333
music,355,116.08001270350539
music,356,119.95962215994227
music,357,117.4553185578571
music,358,120.09159860906686
music,359,123.81414758021863
music,360,120.14839459294076
music,361,119.17214233721036
music,362,118.141379414968
music,363,118.44450770570121
music,364,118.57075674890727
music,365,117.67554786001253
music,366,113.97365232600252
music,367,116.80330309886817
music,368,119.56122765319321
music,369,116.8369109446447
music,370,118.47438045346937
music,371,111.94112099577127
music,372,118.38275191945584
music,373,119.22245249967658
music,374,116.84861545983931
music,375,117.66088873916618
music,376,117.38389311691542
music,377,117.2428189577946
music,378,119.18385945270515
music,379,118.22611266113654
music,380,120.33362384718677
music,381,118.95491782203638
music,382,116.90696395058518
music,383,115.25110468534376
music,384,115.45563086319379
music,385,119.18462354361903
music,386,115.45525858620833
music,387,115.85038231010626
music,388,116.4550469197917
music,389,120.38288246071464
music,390,125.46650706964904
music,391,116.38146529776836
music,392,116.43343209769499
music,393,115.34130463292482
music,394,119.8284613039814
music,395,118.39820249689915
music,396,117.87918343724806
music,397,117.77455254241819
music,398,116.92666598087231
music,399,116.59542237925982
music,400,117.68995089359994
music,401,119.3263646366751
music,402,116.15452563320031
music,403,117.5891869889927
music,404,123.01641492659479
music,405,123.34962173083164
music,406,113.99882075643998
music,407,115.15253236403969
music,408,120.22668416733926
music,409,119.36638719464152
music,410,115.85065662113263
music,411,115.79586535309201
music,412,113.80760398674967
music,413,114.63086287021163
music,414,119.49082031610982
music,415,121.10082247651022
music,416,116.04924810726598
music,417,119.47199601275284
music,418,116.6829804092375
music,419,121.41972501464487
music,420,117.97975043168829
music,421,117.74376814631917
music,422,117.82276821977315
music,423,120.39946201543081
music,424,118.33481231724011
music,425,115.19414436137222
music,426,115.7285663257868
music,427,124.40023539331766
music,428,122.88960211457169
music,429,117.08605197376846
music,430,117.17243080309494
music,431,115.84984216806755
music,432,120.75023912158322
music,433,120.44250152108316
music,434,116.5174659495619
music,435,120.1604330631896
music,436,116.77252559304688
music,437,116.47757226519191
music,438,118.28950886822027
music,439,121.12941354233695
music,440,119.00883955492307
music,441,121.04192208117273
music,442,120.28069682493074
music,443,117.03568386954402
music,444,115.25309569755193
music,445,116.2906675433406
music,446,117.71800412549445
music,447,122.3272811008057
music,448,120.45675517660423
music,449,116.78370174472074
music,450,116.16358198683041
music,451,117.64462563281313
music,452,119.30277750973484
music,453,113.98577732066803
music,454,121.75711682070691
music,455,118.81497812163109
music,456,118.37674916323328
music,457,119.32244346189209
music,458,118.74341654183556
music,459,113.54113658599789
music,460,115.82016320598012
music,461,117.38951169731067
music,462,113.39648719834099
music,463,121.0028600261291
music,464,118.05946577206943
music,465,117.70245333554823
music,466,117.8435802539948
music,467,122.26855857289264
music,468,113.71807127094687
music,469,117.37032248211054
music,470,119.98897297863908
music,471,120.89848343193492
music,472,118.70939802785276
music,473,119.45234196429035
music,474,118.51916433747806
music,475,119.05379980040662
music,476,116.50059306684359
music,477,118.03464077615222
music,478,114.8959838870897
music,479,117.62301867499036
music,480,122.55743466765682
music,481,119.12387231968926
music,482,122.12098769297464
music,483,125.58190430098594
music,484,119.01804114615932
music,485,114.7380164583939
music,486,116.00981424370056
music,487,122.72236765101816
music,488,117.39081396572153
music,489,114.09322428096618
music,490,112.620029216709
music,491,118.03479906247567
music,492,116.77546292732426
music,493,123.87836349326615
music,494,113.94361446808341
music,495,118.97673336343549
music,496,116.55440048212155
music,497,117.20565097987694
music,498,117.77401577994533
music,499,125.71540410585678
river,0,118.08460093321733
river,1,118.9077777571374
river,2,117.65861095325256
river,3,120.26606779455022
river,4,122.00154348345909
river,5,121.38868660910266
river,6,116.76816159617454
river,7,116.90909880002116
river,8,118.14296599130078
river,9,121.5443928547659
river,10,119.9123580008197
river,11,117.6831543210879
river,12,123.86525490057043
river,13,114.49751502246295
river,14,117.1760574558768
river,15,119.0863263674538
river,16,124.40141861145982
river,17,115.9511793836755
river,18,120.56257886846198
river,19,119.3740514160208
river,20,117.41603566435057
river,21,122.013442149925
river,22,121.5330918150779
river,23,119.7219250559377
river,24,117.69532902452326
river,25,122.5640764380388
river,26,119.57889022513501
river,27,121.88952203091041
river,28,125.08392884229056
river,29,121.86972610912126
river,30,120.11398753503791
river,31,118.49902652051192
river,32,122.09951054156474
river,33,118.82991227028256
river,34,119.05567861783635
river,35,120.33643741024194
river,36,118.0283809304391
river,37,118.6581347971406
river,38,117.76689616419063
river,39,119.43451482378573
river,40,117.68099281033015
river,41,120.61141798668744
river,42,123.56746932704674
river,43,121.02884853537665
river,44,121.30037767354618
river,45,119.71720168863551
river,46,124.7976211223514
river,47,122.0786791284977
river,48,116.33861476628593
river,49,117.4519677554975
river,50,117.9368725386716
river,51,118.75164975650787
river,52,122.56118956837898
river,53,120.44372616628549
river,54,121.90784705653104
river,55,120.29132262315412
river,56,119.17905754154306
river,57,120.42011056005832
river,58,119.6379167758091
river,59,123.81849061721346
river,60,116.67174885063261
river,61,118.2385223564816
river,62,118.05977326854082
river,63,119.38203155702544
river,64,120.29166354601135
river,65,116.02592223824111
river,66,120.00658498679779
river,67,115.67310289102757
river,68,118.73185686240623
river,69,119.48428925744963
river,70,122.66394732792756
river,71,122.48655805350192
river,72,117.93484651764774
river,73,124.03403122411063
river,74,116.93446623285517
river,75,120.17537600661225
river,76,120.77313243203626
river,77,122.6523595404936
river,78,120.99478468411564
river,79,120.28019486357155
river,80,124.54281101721574
river,81,119.39852610897337
river,82,117.463366553868
river,83,117.6748948325765
river,84,116.04300091077675
river,85,121.80977650249913
river,86,118.67205255205972
river,87,114.20474204489437
river,88,121.21065709207228
river,89,119.41717358426975
river,90,115.88584224750787
river,91,121.4451982351878
river,92,121.41631295012618
river,93,123.09649850965152
river,94,120.48459455043184
river,95,117.46172559094464
river,96,117.1845471310426
river,97,120.45236504969652
river,98,118.21730340861829
river,99,120.87790575164516
river,100,118.9901680875408
river,101,124.59736107706615
river,102,118.09128720088538
river,103,116.14777473990543
river,104,119.41639642720435
river,105,118.71912587281659
river,106,116.47929125158112
river,107,115.3845782020732
river,108,122.52872183845014
river,109,120.15993209717149
river,110,116.710486232887
river,111,116.91829401107938
river,112,118.05920160107067
river,113,117.3833993492037
river,114,121.86842836541962
river,115,120.14599247326625
river,116,119.91376674828207
river,117,115.59996861248774
river,118,119.740687296442
river,119,119.94166410988869
river,120,122.74900432741809
river,121,121.11268586729464
river,122,119.23108442964083
river,123,120.05456737903819
river,124,119.56944008417965
river,125,119.70234579138797
river,126,119.60287812749948
river,127,120.26388423736472
river,128,117.69643382835453
river,129,119.99167349055244
river,130,123.01741018999788
river,131,119.6124198692564
river,132,118.64417139411121
river,133,118.10631950214673
river,134,114.06812616749941
river,135,120.66271770327344
river,136,117.52998535272359
river,137,120.01694643310744
river,138,121.3099161698239
river,139,118.51619477294322
river,140,121.24478539061568
river,141,114.72399308038152
river,142,117.58784288234445
river,143,117.51103341929135
river,144,117.81033035986978
river,145,119.00086109423836
river,146,123.61747342252262
river,147,119.07805108383285
river,148,117.90549434508797
river,149,115.28686622611247
river,150,120.94227607909151
river,151,123.65780001435722
river,152,120.48229457131792
river,153,116.62813779969434
river,154,113.11370307608367
river,155,118.67887100426748
river,156,117.65581700041837
river,157,118.14509137542848
river,158,119.4079216480473
river,159,118.56074284504037
river,160,120.76787686997577
river,161,116.97465776066218
river,162,122.07326141958745
river,163,120.49589303512363
river,164,118.88492413657397
river,165,120.29889731822496
river,166,121.84754951630414
river,167,122.22074419534528
river,168,118.33662034298705
river,169,118.10795564553729
river,170,116.95942527497458
river,171,120.15080498190176
river,172,119.23136322181462
river,173,118.72533526838893
river,174,114.14530912995224
river,175,116.98080824117292
river,176,123.55327087398558
river,177,119.5840597972976
river,178,117.61450436421003
river,179,119.46544816300144
river,180,117.56964033825261
river,181,118.44086160175735
river,182,123.1093595066921
river,183,126.02614407810412
river,184,117.87877454700335
river,185,121.55638248587681
river,186,120.65772575216567
river,187,120.48647910415862
river,188,126.6829032717705
river,189,118.4453710588997
river,190,116.66556957636922
river,191,121.00993460181353
river,192,117.96482320134751
river,193,123.43752404632416
river,194,122.62000687472276
river,195,120.8109282423862
river,196,117.21085579498047
river,197,117.76457944203133
river,198,120.73431699637254
river,199,121.55507526107301
river,200,117.60480101806505
river,201,118.96759134580495
river,202,121.43220624827342
river,203,119.1531993738738
river,204,118.00576851890372
river,205,120.79194491352499
river,206,118.91252178475717
river,207,117.46985729528798
river,208,121.38263116094683
river,209,117.83228152238965
river,210,118.42622926130262
river,211,121.34780937670978
river,212,119.75444159808384
river,213,119.22077688748054
river,214,118.04422173960893
river,215,118.05553598927361
river,216,119.79041654000852
river,217,114.14850940705381
river,218,118.46278367018495
river,219,115.56248286828708
river,220,123.55286054889008
river,221,118.47810272527184
river,222,117.1941317691051
river,223,111.38626052070077
river,224,115.90005319066788
river,225,119.25196981351829
river,226,118.30284825596966
river,227,122.10128249229193
river,228,123.12807976317323
river,229,122.0042498150749
river,230,118.34597232108403
river,231,114.91479460621268
river,232,119.32505657881778
river,233,121.47068714140413
river,234,119.67461702197757
river,235,119.5153534713897
river,236,122.2257590826231
river,237,118.29317352069535
river,238,121.87180971434428
river,239,116.72750161326495
river,240,118.90000483162429
river,241,122.35317482238754
river,242,119.54831662523269
river,243,117.16747843564725
river,244,123.37670271265506
river,245,120.48336486329578
river,246,124.61361200253138
river,247,121.1976468235494
river,248,117.16221801138605
river,249,118.38490520357954
river,250,120.97570748088
river,251,121.0407854964167
river,252,117.01135816875374
river,253,120.57546635888212
river,254,120.5566076284635
river,255,121.82248598839178
river,256,118.11025811759524
river,257,119.05610536647764
river,258,118.70320068093693
river,259,121.51463439351957
river,260,114.32784020799416
river,261,120.67449673068225
river,262,119.2173148859863
river,263,124.64114809445736
river,264,119.75017863702153
river,265,119.98489456151273
river,266,119.78425334697343
river,267,118.95567208561346
river,268,114.03090736961758
river,269,119.73538041711025
river,270,118.10244048739374
river,271,123.25623015072567
river,272,121.6305468113482
river,273,121.40099070123792
river,274,115.97710757655786
river,275,120.44389672471698
river,276,118.72862780720747
river,277,117.37908243480571
river,278,118.33627615128759
river,279,117.80604009811584
river,280,122.76274808712589
river,281,122.87237052410347
river,282,120.2625974433173
river,283,120.38136236150554
river,284,120.5607955466427
river,285,120.11820714825791
river,286,125.20460635953043
river,287,118.60331273669632
river,288,118.70901046486533
river,289,118.61110201748954
river,290,118.53996767379607
river,291,117.91987222170894
river,292,122.95286357503072
river,293,117.02187566996336
river,294,120.43675522226758
river,295,121.60252316694351
river,296,115.61444845558523
river,297,119.81483006467495
river,298,119.83623423327785
river,299,119.7358061263629
river,300,118.7481625787824
river,301,123.22405463349075
river,302,118.06978501621732
river,303,117.34735546491473
river,304,115.45375493192478
river,305,118.1488859359703
river,306,123.4551151008106
river,307,121.21333372275235
river,308,122.54128775893096
river,309,122.71355990623292
river,310,121.88312612529451
river,311,119.0631584845549
river,312,120.89413443983312
river,313,122.10628769964262
river,314,120.64541000436118
river,315,120.16068025841984
river,316,121.55664651172621
river,317,121.79933404162307
river,318,117.57034136211873
river,319,118.557041298701
river,320,118.09334753648812
river,321,123.27290820678212
river,322,121.96281193262539
river,323,119.69999761686252
river,324,118.93452818443404
river,325,118.76945453389513
river,326,119.90187189859647
river,327,118.77866955944452
river,328,116.069492271811
river,329,122.01974641768984
river,330,116.12158015270329
river,331,119.52414278743284
river,332,118.37415486807654
river,333,119.87519217764198
river,334,124.41210210285246
river,335,121.2159131400242
river,336,118.22232087189788
river,337,117.85627143288941
river,338,120.62003026335404
river,339,121.23307196473208
river,340,119.02298358555277
river,341,116.99001264172341
river,342,117.69124326481463
river,343,120.1175718311977
river,344,114.29400664955733
river,345,119.2474362092079
river,346,112.88818341023857
river,347,118.50567367191567
river,348,117.6440937325195
river,349,122.22243336179856
river,350,119.62303437428588
river,351,119.71136640621806
river,352,115.18525303618826
river,353,121.4192793250763
river,354,118.3097304984333
river,355,117.8759540895268
river,356,121.90545899164546
river,357,115.6725491636782
river,358,116.75353595926833
river,359,123.03181492851292
river,360,120.74498792982904
river,361,122.75758073508081
river,362,117.28089141485489
river,363,119.81788617000579
river,364,120.51037270734359
river,365,117.91873733003138
river,366,116.28435350674853
river,367,117.60486448814291
river,368,119.83525424704413
river,369,117.59129788477469
river,370,116.59170898477977
river,371,118.37720008832243
river,372,124.22560238812656
river,373,121.37782828537351
river,374,116.82508586741403
river,375,119.58061546840686
river,376,120.88701120682832
river,377,120.26511716602626
river,378,120.15438722724059
river,379,120.14421705828082
river,380,116.99271556763809
river,381,116.83176128049834
river,382,121.9496474274196
river,383,116.64132489647365
river,384,119.75621425280039
river,385,122.68688468101081
river,386,121.50225196432167
river,387,120.78448099715243
river,388,123.12556823989169
river,389,120.83662661158279
river,390,120.37922130441778
river,391,117.21854151414632
river,392,121.30348579005243
river,393,120.79983193635894
river,394,115.12603110359838
river,395,120.53176081053583
river,396,119.77229944180934
river,397,121.54570966694058
river,398,120.21928891095415
river,399,119.87859665302906
river,400,119.33012603261861
river,401,116.09810114399923
river,402,116.42515073838678
river,403,122.04816166720617
river,404,118.03605274109866
river,405,116.47105600030439
river,406,119.18723122333961
river,407,120.90238856667455
river,408,117.62776890288065
river,409,116.73604470262792
river,410,115.83725325945602
river,411,119.46108476528228
river,412,122.28088513827589
river,413,118.0544051737991
river,414,116.95822490002372
river,415,120.77038758307295
river,416,124.89999266451584
river,417,117.01051480937925
river,418,117.71869685884064
river,419,121.52658565454257
river,420,122.32385419581868
river,421,122.19959474206459
river,422,115.54864255708479
river,423,119.90883911484009
river,424,114.49647619968061
river,425,114.97248722860978
river,426,113.42771106355983
river,427,119.17467669240887
river,428,121.6950126369223
river,429,119.73468701463578
river,430,121.07641290153673
river,431,119.82296532935328
river,432,120.73865064157698
river,433,116.31508161526607
river,434,117.13711350330338
river,435,119.5479442283099
river,436,121.22214900911375
river,437,119.5036917782494
river,438,124.0893305020073
river,439,119.30684251670817
river,440,119.9089357628343
river,441,118.78553724037712
river,442,124.07499733066525
river,443,117.9604985594421
river,444,120.20878016934947
river,445,122.5739302835116
river,446,120.87721124889124
river,447,118.56324632047397
river,448,119.69659325665599
river,449,122.0029216745201
river,450,120.91362056064338
river,451,118.69133443527369
river,452,120.03403846417433
river,453,115.59102744952123
river,454,121.24193054603415
river,455,119.79056425963819
river,456,113.03900594746337
river,457,117.4375860727044
river,458,119.84671191529317
river,459,120.62126646051792
river,460,119.86327116639029
river,461,118.46806664885665
river,462,116.95287698295789
river,463,123.07866620250094
river,464,117.293512532746
river,465,119.81718826833168
river,466,118.9668059665846
river,467,118.96596327368434
river,468,118.93125221981629
river,469,120.86489712484195
river,470,119.23757463751296
river,471,117.34178238730347
river,472,117.93496453899095
river,473,117.68077449029562
river,474,117.21787767313643
river,475,120.25642681045396
river,476,117.45619642416716
river,477,117.85279794197817
river,478,120.8211777088921
river,479,117.93718430676752
river,480,117.74901321284462
river,481,115.57197070460433
river,482,119.5614639300462
river,483,121.72195840593628
river,484,115.37351699219882
river,485,116.29063182795973
river,486,118.11494542583354
river,487,121.3717085873625
river,488,119.43331859215299
river,489,118.96516384729652
river,490,119.78884487751185
river,491,119.95992260398242
river,492,119.40396700119824
river,493,122.34775622837671
river,494,118.48766462574251
river,495,118.79874258369854
river,496,121.12241028474283
river,497,122.21413615972662
river,498,121.93088898350202
river,499,122.27784434351243
time,0,117.6903747424785
time,1,119.84229801281975
time,2,116.8262096195545
time,3,117.81266257107752
time,4,119.23959295995856
time,5,116.40446428190809
time,6,116.54038252013817
time,7,116.23594647061122
time,8,115.34486595954579
time,9,121.40766354098022
time,10,117.99251284977395
time,11,118.93609872544049
time,12,113.5265113542562
time,13,115.03349461409162
time,14,117.83609325357607
time,15,114.09596875007932
time,16,113.89290303769752
time,17,120.47237920760499
time,18,114.03369216985905
time,19,114.31470676417443
time,20,112.3108026755525
time,21,115.55848873681983
time,22,116.24448494589761
time,23,117.67771895440531
time,24,117.58972954094955
time,25,116.88721048066644
time,26,117.86496574500363
time,27,114.93770850834528
time,28,118.60501510301806
time,29,115.20500800724982
time,30,114.59767415199862
time,31,119.22977877741121
time,32,115.69161248700969
time,33,119.29869551115684
time,34,118.95643481184841
time,35,120.86198839223809
time,36,119.01478146254072
time,37,119.23686085046914
time,38,117.18170779943435
time,39,116.01685214316855
time,40,116.86173241657973
time,41,117.80625188639414
time,42,118.13660438058615
time,43,115.48465469977617
time,44,116.96684504014918
time,45,115.75141815451875
time,46,116.00490470736801
time,47,117.66541566467059
time,48,114.9376807788673
time,49,120.82408639832742
time,50,117.2075504045713
time,51,117.22962697644041
time,52,117.50310288444888
time,53,118.23505180197458
time,54,118.13301345134914
time,55,117.4657278527395
time,56,117.73568147152427
time,57,120.55775527953084
time,58,117.8357258932149
time,59,116.80170364292496
time,60,113.50990516528445
time,61,117.63498715213392
time,62,114.77272704306554
time,63,119.32682433691397
time,64,120.15116384014068
time,65,116.411616117574
time,66,119.88320847278122
time,67,114.78888352839279
time,68,116.56350915619936
time,69,115.26743201687873
time,70,118.17605542275749
time,71,113.18292610940115
time,72,115.89455169170597
time,73,116.46894477847695
time,74,118.22215934926312
time,75,117.55750214621253
time,76,118.04629890116883
time,77,118.94229270841427
time,78,120.75146180331457
time,79,119.48544257992724
time,80,117.98772038940959
time,81,120.13679031090156
time,82,114.71635519325645
time,83,120.89250035744745
time,84,119.00956184304967
time,85,116.16244173394664
time,86,116.03912059770354
time,87,115.83101942153189
time,88,115.8723770703327
time,89,117.54944545517165
time,90,118.92078855230095
time,91,115.88009209513987
time,92,118.50171512934138
time,93,120.95569868435005
time,94,120.88933417942707
time,95,117.34920111934375
time,96,116.30961754055231
time,97,117.20336013414092
time,98,118.21183627791395
time,99,117.75061371007023
time,100,118.31365505664874
time,101,119.62184393743007
time,102,117.53360127901915
time,103,114.6594110563951
time,104,116.78546355539352
time,105,117.43987551638446
time,106,116.24765127284581
time,107,120.7341494697447
time,108,116.85893716481883
time,109,114.93956686188866
time,110,118.46716521078078
time,111,116.44397544296929
time,112,119.8690373238746
time,113,118.60836990270197
time,114,114.38616436501943
time,115,113.84792262792331
time,116,116.55458666447787
time,117,116.15671277187474
time,118,116.04932733085533
time,119,119.98244304041603
time,120,117.64365202662499
time,121,114.40269804828382
time,122,117.42603275729505
time,123,121.12604489860756
time,124,117.68300152586852
time,125,114.62388698596928
time,126,119.59323704844248
time,127,118.58292648865896
time,128,117.96929317958373
time,129,118.62904547912166
time,130,116.38641758186785
time,131,120.94722780879022
time,132,115.89573564777054
time,133,116.49837952644187
time,134,112.45866025125308
time,135,119.58248971289132
time,136,116.94650384714014
time,137,116.7517587655689
time,138,116.72046925256339
time,139,117.91506163487271
time,140,113.55176377233678
time,141,115.16890677742353
time,142,118.90585489037804
time,143,116.70165839321933
time,144,113.26634902226655
time,145,115.17350691006851
time,146,115.42741146427838
time,147,115.02326163548074
time,148,117.03112479232097
time,149,117.45798965406362
time,150,116.70862306241128
time,151,115.4428867668644
time,152,116.41640585484801
time,153,116.85390663437809
time,154,117.4542954750516
time,155,116.20331166217177
time,156,113.98395678033498
time,157,116.9021541695496
time,158,118.16698317971925
time,159,117.0022179740519
time,160,117.75218264063376
time,161,115.1164692289681
time,162,113.93886911111441
time,163,117.48546992792804
time,164,116.634064365695
time,165,118.49252371856873
time,166,117.06517533939109
time,167,117.85035258701177
time,168,115.94362966078732
time,169,117.52764264173321
time,170,116.1057028519132
time,171,122.17169527913076
time,172,115.92824898800787
time,173,116.88670870277618
time,174,116.8676140292845
time,175,113.35709159804588
time,176,119.47557480203734
time,177,116.70424190174037
time,178,120.60558950829542
time,179,114.27502752862304
time,180,120.82465461631138
time,181,119.73550226843544
time,182,121.23061367049586
time,183,116.55465404389338
time,184,117.6217494396307
time,185,119.23735312165653
time,186,117.95354253756993
time,187,116.79201020458486
time,188,115.16795298399506
time,189,116.7359510191929
time,190,113.98800169181462
time,191,116.87699202931177
time,192,116.00304199427785
time,193,118.96976572889557
time,194,119.78550965144233
time,195,117.93893456150558
time,196,119.42874546000155
time,197,118.40254611551863
time,198,116.92989570837452
time,199,112.92406042311708
time,200,116.62483072551386
time,201,118.18438279933896
time,202,117.23207869093883
time,203,119.67730505914744
time,204,119.44069350279942
time,205,118.77868687028896
time,206,118.18349031533153
time,207,117.95943069460384
time,208,119.56420308572461
time,209,116.00917572720388
time,210,117.69516190570137
time,211,119.47006803775919
time,212,115.39379254388133
time,213,115.31034155093671
time,214,116.05696761105204
time,215,118.91927414671673
time,216,116.99243232200051
time,217,116.26219809034464
time,218,116.08770200653251
time,219,118.50353841806876
time,220,117.89767150896573
time,221,117.09444501660838
time,222,116.53685016970543
time,223,117.86626936419218
time,224,118.02326169214403
time,225,116.67911363094004
time,226,117.48123643611514
time,227,116.07817715738922
time,228,117.02206522690209
time,229,118.05596407489635
time,230,117.55964253355226
time,231,116.51113800432191
time,232,117.21880355572509
time,233,113.41991175872288
time,234,116.75386146873767
time,235,116.602149041626
time,236,115.40974758783527
time,237,114.48572624837287
time,238,117.94425401750117
time,239,113.5537774661755
time,240,117.41430114473242
time,241,116.07239982920025
time,242,117.7665543217282
time,243,113.39398672483722
time,244,118.63914890746874
time,245,118.38017089377708
time,246,116.22150800716481
time,247,114.70615433705053
time,248,119.56336315378553
time,249,115.11284357345228
time,250,118.05350552427207
time,251,115.47943480649117
time,252,121.1439168743985
time,253,113.0481590931463
time,254,116.96278132969009
time,255,118.10098249487491
time,256,114.85228775321235
time,257,116.57134107200304
time,258,116.91364535651903
time,259,116.04680826155385
time,260,119.25812670899671
time,261,116.46735127741667
time,262,117.86305277009055
time,263,117.39622658546305
time,264,115.45670826360019
time,265,116.95103707326695
time,266,114.51322067030311
time,267,115.59306161618946
time,268,114.2543219458386
time,269,116.50707259379564
time,270,117.37224935998847
time,271,119.08278800863474
time,272,116.29544587556691
time,273,116.46968659665447
time,274,114.1578063896018
time,275,117.63536533763947
time,276,115.8303508228313
time,277,119.52141897797492
time,278,120.00368605711951
time,279,119.58133797164858
time,280,118.19827433861103
time,281,115.43591585694605
time,282,116.54182107184272
time,283,114.41713592679783
time,284,119.83329379943466
time,285,116.25161109113446
time,286,115.95006319110328
time,287,117.69993028795287
time,288,119.61392578807082
time,289,117.9828847679593
time,290,120.84961308632339
time,291,116.83497202232628
time,292,117.17712026632248
time,293,118.8454839635266
time,294,114.3053054117628
time,295,117.01574381034014
time,296,120.58849856831581
time,297,118.25374252160299
time,298,116.93077198523778
time,299,116.09766511993773
time,300,117.55381825772339
time,301,116.43073593977516
time,302,117.00779286159582
time,303,117.89698322040209
time,304,118.40949747430756
time,305,116.70089140446056
time,306,116.44362145011091
time,307,114.21962527964851
time,308,115.14268663111709
time,309,114.82106517567536
time,310,115.85921036795206
time,311,117.33926498924039
time,312,118.11684549459763
time,313,117.53569867614162
time,314,118.50439917952922
time,315,117.12558642848896
time,316,118.85457878770968
time,317,114.93981503805905
time,318,117.87486583037918
time,319,113.40788748029289
time,320,118.43683840752337
time,321,115.27828376277076
time,322,117.92027329272786
time,323,119.49669911611112
time,324,118.94680841636003
time,325,117.14058967395376
time,326,116.76714482016872
time,327,116.96408705447969
time,328,115.26198765936499
time,329,119.0711366267605
time,330,118.05864873147691
time,331,118.46853381786613
time,332,116.72783611441197
time,333,118.20461968951643
time,334,114.18469940841133
time,335,117.96438103641047
time,336,115.13118871392547
time,337,116.93440994266635
time,338,112.73039809159107
time,339,116.51822901318099
time,340,117.27402058155445
time,341,116.2659751067736
time,342,116.54671181715295
time,343,109.94006877327831
time,344,118.02096878507695
time,345,116.6630497174836
time,346,118.43320121334781
time,347,115.29808630746898
time,348,121.8388370206651
time,349,116.12540964336051
time,350,115.20841315423948
time,351,116.13646868246346
time,352,117.91877732850283
time,353,115.08507900716451
time,354,115.23047296362894
time,355,115.42322573588588
time,356,115.4528373598392
time,357,117.33829958583651
time,358,117.84703760295294
time,359,116.94060957320846
time,360,115.44582512544686
time,361,115.97302246364427
time,362,117.46890957326347
time,363,119.09084317687201
time,364,116.35159245203772
time,365,114.50545477385279
time,366,116.40448127152949
time,367,116.9252632942353
time,368,119.97818982192427
time,369,115.57364991920312
time,370,116.60798931754748
time,371,114.90472946659752
time,372,115.85089088178688
time,373,118.73467755056726
time,374,116.80245626016405
time,375,117.68524985192703
time,376,119.37962660245927
time,377,120.06230100973221
time,378,121.06782124535161
time,379,115.98027774094884
time,380,117.75919058879182
time,381,115.99163334362765
time,382,119.38479607637429
time,383,116.00111179096156
time,384,117.17568001020237
time,385,117.1317105894919
time,386,116.18694856681648
time,387,115.71544831922623
time,388,117.73345839212861
time,389,116.11302747296688
time,390,118.81028092721738
time,391,116.0262966524709
time,392,118.49920138333484
time,393,114.35249990549976
time,394,117.68779043276881
time,395,117.50952793761033
time,396,115.9409823405157
time,397,116.54873409125524
time,398,114.74756411647877
time,399,117.12985633608251
time,400,116.64280097047902
time,401,116.54523299378552
time,402,122.6992420391056
time,403,115.32417319798557
time,404,114.71280233831513
time,405,115.45940862204347
time,406,119.11971676773625
time,407,115.35991543908885
time,408,117.20749026005902
time,409,117.7894121030235
time,410,118.22472560137562
time,411,117.83972843803039
time,412,115.36315762022069
time,413,116.76105954488017
time,414,117.78493286600569
time,415,112.64236784763423
time,416,115.05982445126561
time,417,118.41730687771393
time,418,115.89217226316022
time,419,117.41470324695942
time,420,115.39927520101097
time,421,118.41514770123838
time,422,114.64695726600371
time,423,117.05930240235689
time,424,114.67040689463623
time,425,118.51948852626167
time,426,114.1460009885501
time,427,119.12539035857053
time,428,117.85001042258347
time,429,121.07272439421723
time,430,115.75388049182524
time,431,115.30743843129781
time,432,118.12865745613495
time,433,115.30294406760437
time,434,116.41949163776295
time,435,115.50557550981779
time,436,121.05009801663762
time,437,118.50750550952391
time,438,118.1674884299168
time,439,115.34328038298423
time,440,113.66924382594623
time,441,115.65977616128748
time,442,118.4625086037471
time,443,121.13925043225333
time,444,115.26437342725997
time,445,115.97426218724894
time,446,118.21552231226069
time,447,116.80483783565998
time,448,116.08834269780239
time,449,116.76001659861441
time,450,115.60666243364928
time,451,119.90010920435185
time,452,117.27452949862989
time,453,115.69329583986449
time,454,115.04885088991519
time,455,117.30558704395013
time,456,118.00015609410617
time,457,116.05986722487403
time,458,115.00475766864697
time,459,121.07313273053481
time,460,116.47739554721785
time,461,115.26590198664621
time,462,116.282787160871
time,463,117.9110209323436
time,464,119.59147446291674
time,465,116.40588787821567
time,466,118.00351675421916
time,467,117.45743600732948
time,468,118.69385107461443
time,469,120.07347846090688
time,470,119.55280471338696
time,471,116.37286092748622
time,472,115.45471813013187
time,473,115.00035122813463
time,474,120.05177675066949
time,475,120.133901754868
time,476,117.42390250296306
time,477,116.84634311093785
time,478,116.94047966584182
time,479,120.462080164596
time,480,116.98775909228351
time,481,118.7115317442282
time,482,115.02181460077911
time,483,115.28987399638437
time,484,116.24129207048462
time,485,116.77757665708471
time,486,115.99048950458291
time,487,116.14741465309059
time,488,115.36550184538304
time,489,116.39469510981564
time,490,117.77717549292768
time,491,116.26189547714722
time,492,115.59167018901051
time,493,120.4357514199068
time,494,117.05513176174627
time,495,115.19037896815736
time,496,115.41013067462167
time,497,117.28987135199074
time,498,116.28178600322478
time,499,116.91917489226084
plant,0,124.73194645451238
plant,1,119.64933208164064
plant,2,116.11896417708726
plant,3,124.63316539019895
plant,4,116.68083102057936
plant,5,119.16826003324041
plant,6,125.94494764351751
plant,7,118.41003184108325
plant,8,118.99906555143818
plant,9,118.31918340243506
plant,10,121.34622259714209
plant,11,118.78200388299209
plant,12,118.47894569233274
plant,13,124.33462500498247
plant,14,121.4160866442528
plant,15,115.19872320222844
plant,16,121.80350924920862
plant,17,123.28685086759184
plant,18,120.44156609465801
plant,19,119.85999692218144
plant,20,122.90229841623741
plant,21,122.67292324930155
plant,22,120.18954550670568
plant,23,117.50786487899687
plant,24,119.55022084860403
plant,25,117.28859605153458
plant,26,121.0891667307452
plant,27,120.6482512652523
plant,28,122.9321870199616
plant,29,117.1598683314712
plant,30,125.06838420784483
plant,31,116.36317273686376
plant,32,123.63597706667406
plant,33,119.62516441745746
plant,34,116.86261252554924
plant,35,118.3755209815367
plant,36,119.20002660545848
plant,37,116.42233137680935
plant,38,120.52627843072179
plant,39,118.98483587758402
plant,40,121.86889235146793
plant,41,120.59216967039794
plant,42,119.66371605233394
plant,43,123.98715040088253
plant,44,120.71825502053308
plant,45,116.62025317808234
plant,46,121.39749817094571
plant,47,118.48795470535225
plant,48,118.22334495692712
plant,49,118.1827651423143
plant,50,117.96239630235539
plant,51,119.77931148597614
plant,52,119.47773402242088
plant,53,123.05579958004273
plant,54,121.56269803922126
plant,55,119.81463251998117
plant,56,118.47778359838512
plant,57,119.4318018652813
plant,58,122.65945152561267
plant,59,122.69934765074342
plant,60,115.80304420968307
plant,61,120.41479814757064
plant,62,117.69627621463532
plant,63,116.78375810587458
plant,64,117.38091131653523
plant,65,124.03135158337051
plant,66,119.27042904571708
plant,67,121.05761934840177
plant,68,122.81889225404467
plant,69,121.13812426610835
plant,70,120.20216977623299
plant,71,119.08230956087027
plant,72,118.7523996355482
plant,73,120.38222361117185
plant,74,118.83974407102717
plant,75,125.09050076058976
plant,76,131.01165648413252
plant,77,117.79903498333479
plant,78,116.97434964892032
plant,79,118.89311968455918
plant,80,122.58299627039995
plant,81,126.82167338494708
plant,82,118.98599642017442
plant,83,121.22979435089445
plant,84,126.11686852842152
plant,85,117.08994830292406
plant,86,120.41653379805253
plant,87,121.36698160532575
plant,88,121.42017531744642
plant,89,122.97965016420984
plant,90,118.87264542002008
plant,91,117.12281425826816
plant,92,118.87470629506747
plant,93,118.74601369013547
plant,94,119.47292069527128
plant,95,120.03208930893106
plant,96,120.28729863747023
plant,97,120.20167838811699
plant,98,120.61418448872914
plant,99,116.62547018133739
plant,100,118.44145727228488
plant,101,125.53601894865776
plant,102,127.88036860162777
plant,103,118.58262147692764
plant,104,120.8720940719368
plant,105,118.26389799643839
plant,106,119.24482378228373
plant,107,124.64893622908644
plant,108,119.53476784365746
plant,109,116.74699004477493
plant,110,120.55627780566607
plant,111,117.74487753882492
plant,112,121.30786064836666
plant,113,117.31781353445625
plant,114,122.11888553881917
plant,115,120.10792274878565
plant,116,120.39513292311739
plant,117,119.73338414834005
plant,118,117.92615961451676
plant,119,118.64484607111565
plant,120,126.21109856817341
plant,121,119.12304249688215
plant,122,121.08577645086804
plant,123,119.35771185599103
plant,124,118.68307384414291
plant,125,117.80417965866815
plant,126,119.93466765802452
plant,127,116.69514113447697
plant,128,122.00347599671079
plant,129,118.24686851674294
plant,130,125.65148908798764
plant,131,117.05064497072921
plant,132,120.00029667232373
plant,133,116.2401243470427
plant,134,116.33567082214553
plant,135,124.80948538628873
plant,136,119.44201023258287
plant,137,118.6934089332849
plant,138,121.57281768744149
plant,139,119.92640501471412
plant,140,122.72441795113689
plant,141,122.23945210263368
plant,142,122.42349863884871
plant,143,119.85410296623564
plant,144,119.63732694728388
plant,145,122.86176895523826
plant,146,122.54456723018285
plant,147,119.6942795403146
plant,148,119.4385873999361
plant,149,121.17689469852718
plant,150,120.01489091030955
plant,151,122.33820326063696
plant,152,118.93058602722142
plant,153,129.22645367352905
plant,154,119.49404742854479
plant,155,116.1042956668151
plant,156,119.44908207335926
plant,157,122.09939141565778
plant,158,120.18987330492563
plant,159,127.5944862734584
plant,160,121.08581691207043
plant,161,118.88588728533345
plant,162,120.40753643813673
plant,163,122.2668708545481
plant,164,124.18196484474761
plant,165,118.96631299173184
plant,166,123.26746824451382
plant,167,121.79533532531059
plant,168,120.44371008395697
plant,169,119.62110575682858
plant,170,116.87384716202476
plant,171,118.52853211278043
plant,172,118.0957598034394
plant,173,120.69751062403884
plant,174,119.35315879864281
plant,175,117.09858254716627
plant,176,122.07428376234604
plant,177,119.3934940965834
plant,178,118.4700216122456
plant,179,116.37731103764384
plant,180,120.79208726411481
plant,181,120.84916503386086
plant,182,116.64770232651847
plant,183,120.19240127023383
plant,184,120.49735896740965
plant,185,124.08786064911223
plant,186,118.14478470962746
plant,187,122.45803114836917
plant,188,123.33088941822115
plant,189,117.66802375332983
plant,190,115.9812713547048
plant,191,120.29681843250077
plant,192,114.51377485390144
plant,193,122.67395541896133
plant,194,118.20065658037635
plant,195,124.92209366629396
plant,196,120.95204431198623
plant,197,120.95494255430188
plant,198,118.59361167222247
plant,199,120.73815570761283
plant,200,118.6041224975153
plant,201,119.16502085479522
plant,202,118.22658465880144
plant,203,121.29922150601615
plant,204,116.47766818632657
plant,205,121.27157827133495
plant,206,117.4454958985202
plant,207,121.88899259200959
plant,208,123.23704977076402
plant,209,120.56924098003469
plant,210,122.48031278237812
plant,211,122.73670854415735
plant,212,118.24290751923468
plant,213,120.49201499437261
plant,214,118.79668677903794
plant,215,117.97022661232164
plant,216,119.46818620150437
plant,217,119.68452168051813
plant,218,120.45214306487269
plant,219,116.56426866734608
plant,220,118.01892270998182
plant,221,121.8760563115149
plant,222,118.00358501776091
plant,223,122.97545986863334
plant,224,121.1639961701487
plant,225,120.05039130591709
plant,226,124.60386049644548
plant,227,117.86531072504872
plant,228,119.35429168314171
plant,229,120.32618348406798
plant,230,124.62616711431787
plant,231,123.45167825416563
plant,232,116.70477500623826
plant,233,116.35795655499786
plant,234,116.34327834462823
plant,235,118.21146949345138
plant,236,119.79870409192743
plant,237,121.05098375801522
plant,238,121.87865228675403
plant,239,117.44758725290541
plant,240,121.20864558131356
plant,241,118.90661323718217
plant,242,115.63568790392654
plant,243,118.61780377273365
plant,244,123.38727396015376
plant,245,118.81666776586744
plant,246,118.00258199662656
plant,247,117.0652605351515
plant,248,117.68283680787239
plant,249,124.41892036878399
plant,250,117.3876954600607
plant,251,122.72376594976156
plant,252,114.43384623635993
plant,253,118.70058912410595
plant,254,118.74447967135751
plant,255,119.02463779360535
plant,256,119.73064956572127
plant,257,115.26594916649233
plant,258,120.42427126158424
plant,259,119.84130703046094
plant,260,122.5289481223731
plant,261,119.90911848897991
plant,262,122.26370308152784
plant,263,120.18109614526568
plant,264,116.12131666495958
plant,265,118.3278008185233
plant,266,119.84257390688849
plant,267,122.08408830081655
plant,268,119.95546238900765
plant,269,120.06650408002326
plant,270,119.64649836004624
plant,271,118.30712424325276
plant,272,119.57393418593017
plant,273,117.8000447563132
plant,274,119.05882068585802
plant,275,117.78100515212569
plant,276,123.42555542045008
plant,277,124.10205470157574
plant,278,123.86040797386228
plant,279,117.02780994519355
plant,280,118.22227178827112
plant,281,120.66397908670552
plant,282,120.76107256459451
plant,283,124.36487609158692
plant,284,122.08586765948515
plant,285,127.135106871986
plant,286,120.97131098794847
plant,287,118.6519743066716
plant,288,123.46687118064597
plant,289,117.16830788024903
plant,290,119.15789648371448
plant,291,121.24270984056413
plant,292,123.39103971797087
plant,293,123.23415339530494
plant,294,121.29664206259446
plant,295,126.58001206065292
plant,296,123.87768402649624
plant,297,118.27107523626428
plant,298,114.97499276962905
plant,299,123.17593747813729
plant,300,120.90671708259764
plant,301,121.44757049804036
plant,302,119.34050981649418
plant,303,120.51383333775374
plant,304,120.9961851630623
plant,305,117.26785484291949
plant,306,117.26359165549741
plant,307,124.83566543659614
plant,308,119.16672861960916
plant,309,123.89705025865074
plant,310,122.6991419688977
plant,311,118.3389298819272
plant,312,119.20208688225738
plant,313,117.08227141373638
plant,314,119.67737241908448
plant,315,127.4428158297967
plant,316,120.10478867468026
plant,317,118.65705109963815
plant,318,122.95054453894747
plant,319,121.04396474266228
plant,320,120.89942101675013
plant,321,121.90959167300552
plant,322,124.44837175458103
plant,323,119.560223424101
plant,324,120.74995464094225
plant,325,119.18536802175545
plant,326,115.0008913564653
plant,327,115.26287127839025
plant,328,118.47927034948633
plant,329,117.65024961393375
plant,330,119.61621723841209
plant,331,119.88978583560095
plant,332,124.57414957939838
plant,333,119.26261414096919
plant,334,123.69298211848256
plant,335,124.10203709481446
plant,336,121.47719873402276
plant,337,121.76911412280447
plant,338,120.95291868568077
plant,339,119.75917689795479
plant,340,120.99362139409766
plant,341,123.05824430163123
plant,342,118.129847161579
plant,343,117.78192071053313
plant,344,121.3926193015594
plant,345,122.4607982107976
plant,346,116.46863858537877
plant,347,117.79621522165591
plant,348,116.79415537588102
plant,349,126.94077159010581
plant,350,117.42019463827387
plant,351,123.10021822768047
plant,352,115.33538599395901
plant,353,121.13208322569645
plant,354,114.94717784044907
plant,355,119.6612641972244
plant,356,125.58645876316692
plant,357,120.27096154217998
plant,358,118.99134406220386
plant,359,119.57924695557575
plant,360,120.0385894638382
plant,361,120.12745250477106
plant,362,120.28763036441663
plant,363,125.72396887720309
plant,364,120.00172423692639
plant,365,120.70203379793757
plant,366,115.31302702281485
plant,367,115.63184145626539
plant,368,117.79205799719097
plant,369,124.13853394848186
plant,370,120.04168935276816
plant,371,121.22546817802412
plant,372,119.34496711755045
plant,373,126.6840285108394
plant,374,124.03309394087746
plant,375,119.44559052929739
plant,376,121.21643799840551
plant,377,118.68968957994268
plant,378,121.24869492424371
plant,379,117.46365089625411
plant,380,118.90377074937469
plant,381,119.58050925975859
plant,382,119.00885986714707
plant,383,115.59449839845564
plant,384,122.09620667678516
plant,385,117.60858496022009
plant,386,119.56258656492274
plant,387,119.45133125113094
plant,388,117.87192120350502
plant,389,118.7875249117597
plant,390,120.2893518663845
plant,391,117.26420174516387
plant,392,120.59944865205468
plant,393,119.93492595481396
plant,394,121.03972404058254
plant,395,117.91964360838969
plant,396,121.56192946682991
plant,397,124.30839135056293
plant,398,117.92213269398968
plant,399,120.09022403308
plant,400,119.97513616816147
plant,401,118.9417158972206
plant,402,122.29469585030859
plant,403,120.08199523909262
plant,404,115.96376334363565
plant,405,119.64341274506526
plant,406,119.66214064187388
plant,407,121.25667919985827
plant,408,123.23431136944353
plant,409,120.63965540658094
plant,410,122.67403723825552
plant,411,119.55431051792142
plant,412,123.12559088610764
plant,413,117.52271352059374
plant,414,121.0488265207584
plant,415,116.65519095229786
plant,416,120.8888925344908
plant,417,124.4015280264275
plant,418,118.63922636452666
plant,419,121.82203693935531
plant,420,119.21025546884636
plant,421,114.06927069624959
plant,422,119.84995525198569
plant,423,119.00855589832216
plant,424,122.27686974645937
plant,425,120.89114787760846
plant,426,122.53481650919976
plant,427,123.32863658966417
plant,428,119.62892259825932
plant,429,122.85178471537175
plant,430,121.23603181348892
plant,431,117.08559130277855
plant,432,114.77931230734222
plant,433,124.07333994001455
plant,434,118.526875139096
plant,435,118.60181113436244
plant,436,117.32709322383977
plant,437,121.89260105676145
plant,438,116.68506869081092
plant,439,121.1256481379168
plant,440,117.79009115968742
plant,441,119.37352787815301
plant,442,119.9305718336976
plant,443,119.80888892370452
plant,444,121.12259117136112
plant,445,117.20337137506472
plant,446,120.11229980364782
plant,447,122.15291553023364
plant,448,123.20490872437777
plant,449,124.77706216567623
plant,450,122.03203050869094
plant,451,115.81286986505559
plant,452,118.3959198281423
plant,453,119.3230924949809
plant,454,118.93267627731086
plant,455,122.09744357411643
plant,456,118.33764968870166
plant,457,119.32849400934613
plant,458,119.32371094897998
plant,459,121.75557726808333
plant,460,121.55513253354624
plant,461,118.80633718922566
plant,462,126.23345865034375
plant,463,122.64403373626583
plant,464,122.31015940989198
plant,465,121.62149115555418
plant,466,120.58919210402354
plant,467,126.24592279453721
plant,468,118.61244524291313
plant,469,120.58958235353845
plant,470,116.43318834251066
plant,471,120.9497499034466
plant,472,115.65996059430834
plant,473,119.74469268521162
plant,474,119.08902010152424
plant,475,116.31846869050935
plant,476,121.24844490314553
plant,477,121.77008183247176
plant,478,119.63695818897386
plant,479,121.40711645465241
plant,480,117.77810696921756
plant,481,119.50851635300997
plant,482,124.26526279567231
plant,483,118.34466824300682
plant,484,114.81467455181556
plant,485,119.53823063357353
plant,486,116.29942910320837
plant,487,119.56192786801887
plant,488,123.8997455649
plant,489,116.97479987462233
plant,490,117.34886274532738
plant,491,119.57635516881973
plant,492,117.84708888256301
plant,493,119.0793174956585
plant,494,117.83043127739626
plant,495,118.80533010235493
plant,496,124.36942282308985
plant,497,119.87614327870857
plant,498,118.98070428477128
plant,499,116.59507636424722
city,0,120.71248276842346
city,1,121.88172641314733
city,2,121.94691644835332
city,3,126.07063954780764
city,4,120.19701006990407
city,5,117.96700362695407
city,6,123.41837883259201
city,7,121.20566241739688
city,8,114.98538853338968
city,9,121.01261348413372
city,10,127.09677296460949
city,11,115.92962275539018
city,12,121.374912018363
city,13,120.85093725232261
city,14,119.35365148189538
city,15,118.95264067295508
city,16,117.31316976629387
city,17,119.69943831034595
city,18,115.55141189078975
city,19,117.98895277612596
city,20,124.47218756026442
city,21,113.98084999092552
city,22,125.1851268582561
city,23,118.9837749490756
city,24,115.3535089089264
city,25,117.47883128636059
city,26,120.86872064730714
city,27,116.37602482060625
city,28,118.17716563801011
city,29,118.09498308568858
city,30,119.17020899222612
city,31,120.6373273551893
city,32,117.45872460526361
city,33,118.49162159652249
city,34,121.22818300935782
city,35,125.84075746429302
city,36,118.04599771570021
city,37,119.5476251182773
city,38,121.73729538980673
city,39,119.00107475156507
city,40,121.82109220178572
city,41,119.53468199170007
city,42,118.22082324286576
city,43,122.42740661383719
city,44,118.69337797017683
city,45,114.8567425830328
city,46,120.96537280074038
city,47,114.80150154749451
city,48,115.65926945414391
city,49,118.16648824181244
city,50,117.39923871263578
city,51,121.06803498057144
city,52,119.01622212896956
city,53,119.11713927850982
city,54,119.10340819109202
city,55,115.65317161511916
city,56,120.23983529172233
city,57,124.77046866282832
city,58,122.61768417317067
city,59,117.25877911065486
city,60,119.91796213677665
city,61,119.92533602125081
city,62,116.34156863308847
city,63,117.67956217620477
city,64,119.62301880260067
city,65,115.53167912212953
city,66,116.48321076564112
city,67,123.9111988751073
city,68,120.49810340131218
city,69,115.65852918020059
city,70,119.32700183102108
city,71,117.23118732599467
city,72,121.67022613811046
city,73,121.30792819356722
city,74,122.69054981407108
city,75,120.33285670560984
city,76,121.41939634747949
city,77,119.47645891933247
city,78,120.10344415722084
city,79,117.23661329924089
city,80,119.86486569933568
city,81,121.26562696268353
city,82,118.55799735397905
city,83,115.71291071812996
city,84,123.33199027715689
city,85,113.1163916151418
city,86,117.5511394109791
city,87,113.90050910481403
city,88,119.46496849344605
city,89,117.3319757503849
city,90,118.04765002391512
city,91,121.63676052527002
city,92,120.23080990845494
city,93,117.86561017596875
city,94,127.08633700804913
city,95,119.0210230878915
city,96,118.04325676863616
city,97,121.46989378587179
city,98,122.41509607715327
city,99,118.7245630746182
city,100,119.55697413042014
city,101,122.24793660162427
city,102,115.71002698080044
city,103,118.52322317420818
city,104,118.44480834354516
city,105,120.42148617713804
city,106,112.69125354242868
city,107,120.26145069363363
city,108,116.6908632600413
city,109,120.50728177098631
city,110,123.61240770796074
city,111,117.81038648317701
city,112,118.30218995916411
city,113,121.98767914066246
city,114,117.37323273364375
city,115,117.36638558197541
city,116,125.79851188573812
city,117,116.61027391894751
city,118,120.71863297320104
city,119,119.66328354059243
city,120,115.47394228264712
city,121,117.30700099971376
city,122,119.50933132759256
city,123,123.31721985198834
city,124,115.19813737761413
city,125,118.35358814002188
city,126,120.11313145641047
city,127,122.43812137359866
city,128,123.09809842051287
city,129,117.59345843227327
city,130,118.02977716040056
city,131,122.0436915696555
city,132,116.72735103649067
city,133,120.08035525973555
city,134,118.13331894459225
city,135,122.71673513529713
city,136,119.67103109984696
city,137,126.12430530994307
city,138,118.2753971344136
city,139,117.94083579148658
city,140,118.52883781557703
city,141,120.85808565762144
city,142,115.95192973338568
city,143,126.25718899167549
city,144,114.69347507227366
city,145,120.94661154249347
city,146,122.32944924501868
city,147,115.29105386454792
city,148,120.37944986244804
city,149,119.2919884100306
city,150,117.8638924501924
city,151,117.06056114076672
city,152,117.37851136214974
city,153,121.07769873204563
city,154,117.77559936688
city,155,125.26503561365291
city,156,120.50019431403065
city,157,121.62565481180295
city,158,118.1980107253008
city,159,123.05236165895342
city,160,118.65676009416973
city,161,116.80546221871904
city,162,122.56168447743438
city,163,123.18173501889478
city,164,120.88799234551541
city,165,124.17270599257668
city,166,119.08762990131747
city,167,118.13452407716052
city,168,122.01495942324101
city,169,118.89524246860941
city,170,118.69627875888231
city,171,120.38959301579142
city,172,118.99227394350113
city,173,117.02227031849159
city,174,117.93538424455208
city,175,122.30967689071817
city,176,124.37267608274145
city,177,118.63181418710855
city,178,125.64952890660489
city,179,119.97162762834124
city,180,119.97703274851025
city,181,122.55834529874356
city,182,118.51805588535171
city,183,121.35367656059373
city,184,124.33359751621683
city,185,124.1322574440165
city,186,117.35426300961316
city,187,121.98322689701348
city,188,120.10981860480427
city,189,119.53402999786351
city,190,120.24242244620922
city,191,121.10458296784954
city,192,125.51875513025885
city,193,121.70825160304288
city,194,119.39368830164345
city,195,117.82149978026797
city,196,117.12344530146301
city,197,121.24678363357513
city,198,122.16408200071511
city,199,119.79357444542458
city,200,116.75797889834895
city,201,120.90854389108274
city,202,116.67444543336718
city,203,118.83159015514497
city,204,120.31255389188489
city,205,122.9023264204589
city,206,113.16960863800654
city,207,118.77334096582454
city,208,119.78693529806215
city,209,116.24753553756928
city,210,118.76432208630239
city,211,120.92451401389364
city,212,126.19894150590967
city,213,118.30328577093358
city,214,117.16169709400872
city,215,120.71929647741244
city,216,120.36230799500447
city,217,122.5299621710559
city,218,118.95811093954514
city,219,117.6573640064029
city,220,118.38245742096656
city,221,117.92052990957862
city,222,123.92559928493263
city,223,122.39445748294993
city,224,121.60003991403218
city,225,124.68451507643007
city,226,118.95393064793612
city,227,120.75583049098861
city,228,122.72176955621245
city,229,118.41960526339076
city,230,118.4622797046466
city,231,115.79304641917037
city,232,119.35955889823472
city,233,116.26933465381946
city,234,118.62379517916175
city,235,119.03854086309147
city,236,119.09430175503158
city,237,118.1199131148544
city,238,118.92627696981808
city,239,114.67543278366267
city,240,119.92670997513027
city,241,122.31724960937898
city,242,120.6068828656482
city,243,122.11210475168419
city,244,113.57459947270347
city,245,116.43241234477652
city,246,120.27168630891099
city,247,117.6158766844932
city,248,118.57766688646106
city,249,124.57397204434722
city,250,120.14863939843832
city,251,123.69556189579478
city,252,116.24440504282465
city,253,124.1081391243743
city,254,119.07195339726518
city,255,122.11488710063978
city,256,120.59366436223766
city,257,128.04359413122722
city,258,115.33578907541082
city,259,122.5040887961164
city,260,118.90976161102994
city,261,120.678299057677
city,262,116.89404554441458
city,263,122.77272533412307
city,264,120.10831697678978
city,265,119.1771746454706
city,266,121.80032120300307
city,267,118.46903223314823
city,268,121.21882624598706
city,269,118.53020154699607
city,270,122.70136634355258
city,271,118.12933399417767
city,272,117.66478612495983
city,273,113.70262999506993
city,274,117.73337295086179
city,275,120.8056537311157
city,276,119.06903683465056
city,277,119.20203675424553
city,278,122.69848088167134
city,279,118.70898207613654
city,280,116.50069633891411
city,281,118.75929578532963
city,282,119.99809174316141
city,283,126.25741148621714
city,284,120.24259944658316
city,285,117.81405122563129
city,286,123.43119792382488
city,287,117.02559521715831
city,288,122.8348609330306
city,289,117.54117129047788
city,290,116.13860079804677
city,291,120.44872657061414
city,292,119.07669421194905
city,293,120.30312391393261
city,294,116.09183010162636
city,295,119.91939189237735
city,296,118.16759231453067
city,297,116.61603471214879
city,298,121.39312082416929
city,299,122.74222254375911
city,300,121.36552657036763
city,301,116.88876164795859
city,302,117.51791560500908
city,303,122.75368473343103
city,304,121.02639690059378
city,305,121.0022290233034
city,306,114.73949004972208
city,307,117.768655538085
city,308,120.60289943358302
city,309,118.35460812387907
city,310,116.17372817323073
city,311,120.9714044644011
city,312,118.35246922151244
city,313,120.03658517785513
city,314,121.53688433865125
city,315,124.70554582995574
city,316,117.00414370157543
city,317,119.58550904530871
city,318,120.6152491533261
city,319,125.18826787576364
city,320,118.5573149061284
city,321,117.03577637464957
city,322,114.54397432440334
city,323,118.96988609958422
city,324,117.21774032652696
city,325,121.89337064444119
city,326,120.79768269799757
city,327,120.1103394780459
city,328,117.84009814556156
city,329,117.47132304287302
city,330,119.42877338215413
city,331,122.68400257891182
city,332,122.2516982681592
city,333,120.03630283566852
city,334,122.70415189616432
city,335,119.12420703370128
city,336,121.49308676792721
city,337,121.00774070095697
city,338,120.37171054640497
city,339,116.23282724040426
city,340,118.99973183471391
city,341,119.7431558518156
city,342,117.48820232235637
city,343,119.51530829819768
city,344,123.9289699636603
city,345,119.16659124425506
city,346,122.19685395141082
city,347,119.4647955366406
city,348,119.40688154054627
city,349,123.33963544143953
city,350,114.49081299767421
city,351,116.59921882288324
city,352,120.24423740968366
city,353,123.16055775404509
city,354,123.0909499938645
city,355,122.10000762479997
city,356,119.89093932340586
city,357,118.93823276104489
city,358,122.12945396404287
city,359,123.58203655585214
city,360,117.17321693912379
city,361,122.73405243730299
city,362,119.25911546704296
city,363,117.00899086135401
city,364,119.04620576785447
city,365,122.11618064676588
city,366,128.02281818017548
city,367,120.14463964094185
city,368,122.8204239961119
city,369,122.64744308660471
city,370,120.29414949193833
city,371,123.15986054469452
city,372,120.21585169510485
city,373,116.4047872848362
city,374,117.46774763529311
city,375,123.7777401743017
city,376,117.01850132167777
city,377,117.40631090139017
city,378,114.58344115839547
city,379,119.58761773989413
city,380,116.65622976040953
city,381,122.90160655986016
city,382,117.38726782722344
city,383,122.89268040033117
city,384,116.77526524566086
city,385,122.00015486898361
city,386,121.8726697223906
city,387,123.76661109496749
city,388,120.11865494451067
city,389,119.6971390180867
city,390,126.78472747938454
city,391,115.52066161092758
city,392,117.8518669176426
city,393,121.0184053363755
city,394,118.30084748519198
city,395,120.90205094886888
city,396,119.03626898915238
city,397,121.82796834028251
city,398,121.27477524517064
city,399,119.51973509572527
city,400,119.75965737926263
city,401,122.62959302913951
city,402,117.876333243187
city,403,119.02582776734374
city,404,124.1407772162685
city,405,118.28134293172812
city,406,116.51159417642094
city,407,120.89299588653337
city,408,120.0865868619706
city,409,123.49055754444794
city,410,122.12998533272928
city,411,118.79444857221688
city,412,115.8331488114103
city,413,115.25291249906249
city,414,114.89832378541661
city,415,125.73605464803343
city,416,119.99734222543333
city,417,118.81304812048221
city,418,118.996455996943
city,419,117.52135412061509
city,420,119.60398304719848
city,421,116.09302256682999
city,422,121.87150585033737
city,423,114.09894476957776
city,424,119.89419727025694
city,425,120.06039109247773
city,426,113.65186790932592
city,427,121.95380469938013
city,428,118.20857780853326
city,429,118.64962111495562
city,430,120.65335476239838
city,431,116.2111256538438
city,432,121.62908221046307
city,433,117.14627946305225
city,434,115.37600934631975
city,435,117.57727937395627
city,436,120.06514463171416
city,437,120.5867070359908
city,438,119.3161621317161
city,439,119.02864730577932
city,440,123.28804008781735
city,441,116.17252122252866
city,442,119.86721505861017
city,443,119.12535840296603
city,444,117.48607923035384
city,445,124.05771369964889
city,446,120.59445491103955
city,447,121.03525312605392
city,448,118.06670553085748
city,449,118.74203209902261
city,450,119.5972840849238
city,451,118.66638584185536
city,452,124.11989653465987
city,453,121.96061296176548
city,454,117.3357413099755
city,455,123.0933451971031
city,456,118.91178040931997
city,457,117.12621447140086
city,458,129.0589071398388
city,459,117.16864179375044
city,460,120.24559936603542
city,461,117.30922872056466
city,462,117.16002980735144
city,463,120.03102074093239
city,464,117.8750017081383
city,465,120.64046378006236
city,466,119.9832237712243
city,467,117.90609008662312
city,468,117.04321011454313
city,469,119.81442364643726
city,470,119.93263338103387
city,471,126.25851940363191
city,472,117.40849882190234
city,473,115.09436544928136
city,474,123.35233907549036
city,475,119.67345908438183
city,476,121.87746303569698
city,477,126.7818561029983
city,478,117.24885156113992
city,479,115.41543533432841
city,480,120.63553358739544
city,481,121.83885948292212
city,482,119.4038481362251
city,483,120.04457006492046
city,484,121.82987057116858
city,485,126.09680665184626
city,486,117.37414554370298
city,487,119.19990138464105
city,488,121.87927204559233
city,489,127.88038556805088
city,490,117.70679328288224
city,491,121.75490071891292
city,492,121.88095574092199
city,493,118.26239312646547
city,494,116.09272394330321
city,495,118.73131656053656
city,496,119.16421388646883
city,497,120.25007971963184
city,498,117.83846444144284
city,499,119.9199011356876
food,0,123.28826415421727
food,1,120.32201512416518
food,2,119.97881841949263
food,3,118.56993395229452
food,4,117.81620512752428
food,5,116.58077287424898
food,6,119.67509456420156
food,7,121.61429492884643
food,8,121.19656952660627
food,9,120.6499287860385
food,10,122.68914070762804
food,11,122.45499604833327
food,12,121.69937728672822
food,13,125.17876046595613
food,14,119.08257188663876
food,15,122.61876386088473
food,16,122.69922039106882
food,17,126.30842144329029
food,18,118.8235047872661
food,19,119.24034920868027
food,20,121.54946133366072
food,21,118.08494940526002
food,22,120.60031019998362
food,23,120.51802999691337
food,24,119.47259923291551
food,25,121.23916080048151
food,26,117.42158171093095
food,27,120.22244869049301
food,28,123.56825791386423
food,29,123.5895376973222
food,30,120.39671290861304
food,31,119.02216460163046
food,32,118.70619611806849
food,33,118.86708478391543
food,34,121.2446095068078
food,35,121.99611550527575
food,36,125.50629200833102
food,37,115.96907789513007
food,38,118.89815350030564
food,39,119.60437225262102
food,40,118.72221831249203
food,41,122.64028569663492
food,42,120.00089311835708
food,43,117.18883150464336
food,44,116.04786001887
food,45,122.30238644757547
food,46,129.87831129881226
food,47,118.55043219173108
food,48,122.08605640067537
food,49,115.03621680190517
food,50,122.5168987870133
food,51,119.17532470168486
food,52,118.59554439236442
food,53,121.81462326086994
food,54,124.9254702114863
food,55,118.12112768480978
food,56,123.98663021607803
food,57,121.1030059504662
food,58,116.33459510379718
food,59,118.00473575445297
food,60,122.12401220393349
food,61,121.08115934880979
food,62,120.42058719997904
food,63,124.83291215486092
food,64,119.73196068491096
food,65,119.10425028406304
food,66,122.60565618482893
food,67,119.50027854471644
food,68,117.38947006985056
food,69,120.25802120891566
food,70,121.53008782083919
food,71,117.16554501516481
food,72,119.93508330771887
food,73,120.02470247998926
food,74,120.98224559709745
food,75,123.24403005344509
food,76,121.50588566975063
food,77,115.12632302016897
food,78,121.8260960548012
food,79,127.24314757505067
food,80,128.70747522792047
food,81,122.72544002772048
food,82,122.22056114844872
food,83,120.156074368305
food,84,122.45798340769747
food,85,116.00789985415436
food,86,117.07315607665645
food,87,120.3576894334994
food,88,117.74539701847524
food,89,122.81820470282736
food,90,117.47580742055797
food,91,121.77889769005161
food,92,121.16040186289592
food,93,119.76962346599333
food,94,119.37593704614606
food,95,124.3592924783475
food,96,123.61021208953112
food,97,120.71305102051551
food,98,122.33990577546301
food,99,122.70304299060386
food,100,116.63513558855902
food,101,120.63479999943367
food,102,114.51239368742073
food,103,123.42137863771805
food,104,120.33783828023974
food,105,120.14709198336848
food,106,124.44703943069209
food,107,122.1602581940888
food,108,119.10972666400477
food,109,130.09639518540394
food,110,120.25112290938047
food,111,120.78071674623021
food,112,118.68575273888193
food,113,122.5492293207535
food,114,121.40969239297416
food,115,119.5529735822374
food,116,118.73523717482446
food,117,117.2917137241251
food,118,115.92687895217483
food,119,121.19390655544373
food,120,118.04114162476895
food,121,122.72963537162305
food,122,117.71240342058913
food,123,121.15840211783507
food,124,119.71641877140411
food,125,121.25034542733621
food,126,119.09310808418377
food,127,120.20998718499575
food,128,120.92786634217912
food,129,120.85472136159055
food,130,117.55999524730345
food,131,115.79033320897452
food,132,121.69702596388778
food,133,123.63356366244358
food,134,124.59260048239771
food,135,120.99016502222698
food,136,116.93266587243902
food,137,119.95835381297069
food,138,126.96063454337838
food,139,122.4710716831977
food,140,118.44807281700997
food,141,122.7450471465785
food,142,119.62033867448494
food,143,119.79781106726475
food,144,120.50206585107262
food,145,122.85818888589901
food,146,120.70774301275524
food,147,122.94040225267445
food,148,122.15720190863013
food,149,123.28348815013075
food,150,122.67438453602861
food,151,117.6378546716764
food,152,119.28029098562156
food,153,119.74406451084899
food,154,123.18431917190978
food,155,118.48426618417488
food,156,118.77687935941184
food,157,120.32569196075936
food,158,121.93775438702868
food,159,118.87041330390196
food,160,122.66727120640819
food,161,119.4950417489101
food,162,118.8396419327211
food,163,122.41055484044026
food,164,121.59460400882973
food,165,117.99145423328419
food,166,117.44437411074149
food,167,118.65078595598875
food,168,117.7695520892896
food,169,123.0859236747973
food,170,122.95324949814493
food,171,124.56191550763708
food,172,121.19547420847626
food,173,119.24790530334978
food,174,119.0709630210842
food,175,120.28751937551246
food,176,120.01868748411668
food,177,118.45381612250911
food,178,117.32170288268438
food,179,118.63726078810434
food,180,119.58856335028129
food,181,118.81157157333224
food,182,125.68668151651814
food,183,119.98117370257064
food,184,120.36118976808827
food,185,118.42590515050362
food,186,121.72877691271783
food,187,116.40742287151227
food,188,121.46379367737549
food,189,117.52699819160244
food,190,122.693948749855
food,191,123.58520246201132
food,192,121.2843569481727
food,193,118.4104232013224
food,194,120.75376101180365
food,195,121.29671266161989
food,196,118.27144734771605
food,197,116.08181513095441
food,198,120.81810442493735
food,199,117.00681629077938
food,200,119.97538772370737
food,201,118.66476401911663
food,202,114.0490068207195
food,203,119.82717861792071
food,204,115.75560111333974
food,205,122.74815591650132
food,206,124.28490383592332
food,207,125.2639509634053
food,208,118.66638670856644
food,209,120.46474528683817
food,210,122.60225455737294
food,211,119.33875374756954
food,212,120.16888384831996
food,213,115.88706221929326
food,214,125.68391813258013
food,215,117.24456956602627
food,216,122.65271136462891
food,217,123.10453610336126
food,218,123.38613026185108
food,219,121.84259939244089
food,220,119.19515402238152
food,221,123.82257417066998
food,222,118.30653763140977
food,223,121.3967239456528
food,224,122.46876916147538
food,225,121.36773845685214
food,226,121.0226515311609
food,227,116.66360161348825
food,228,119.82947726573687
food,229,117.69008387573052
food,230,117.87256779039468
food,231,118.94941804671011
food,232,119.12155599570764
food,233,118.6983497436924
food,234,118.90632590193397
food,235,118.20575991452142
food,236,119.51605345276468
food,237,123.55271485117814
food,238,116.76884151254163
food,239,122.70647288533254
food,240,124.53476654140509
food,241,116.33227884009439
food,242,119.65104698608482
food,243,116.22652766575563
food,244,117.6474443849553
food,245,120.07240997549684
food,246,118.84061690698753
food,247,119.87289746158258
food,248,120.09013680046345
food,249,123.42966937551654
food,250,122.66768524708613
food,251,123.01388499720265
food,252,121.72985785891952
food,253,121.682325794082
food,254,120.435797008537
food,255,125.24241955639823
food,256,125.24864029412215
food,257,117.92224278778687
food,258,122.2372298083568
food,259,120.76855354785036
food,260,121.17141432501373
food,261,117.02416381740055
food,262,116.50981590072547
food,263,122.5041943860915
food,264,121.7815844413735
food,265,121.2930915260003
food,266,120.42405972836232
food,267,119.24751887226938
food,268,125.54728693380805
food,269,121.85503243559788
food,270,118.62494251841973
food,271,121.03178449190806
food,272,122.03568579676308
food,273,119.78668060504687
food,274,116.23607379060729
food,275,118.82642126601178
food,276,121.79914143774045
food,277,120.13147762476098
food,278,122.29782317862303
food,279,123.62977230273732
food,280,122.04754311272725
food,281,120.22624505820822
food,282,117.91347749542254
food,283,122.18402483098141
food,284,121.8119417739999
food,285,120.29394901245516
food,286,121.69356673470453
food,287,120.86856520742477
food,288,120.14966697061158
food,289,119.37734544117544
food,290,122.07857953765794
food,291,118.80529065575513
food,292,119.97754598396865
food,293,113.64388770674645
food,294,119.56881415097682
food,295,124.89764388932596
food,296,123.41463712968483
food,297,117.85272678861244
food,298,117.78418959768825
food,299,122.1026602167047
food,300,118.04016503268613
food,301,120.31089054954296
food,302,121.91133487800079
food,303,121.15159187407033
food,304,116.90367094108345
food,305,121.34057517709793
food,306,116.68474729895722
food,307,113.42663663151858
food,308,121.93487676131691
food,309,117.12528343335069
food,310,120.09850712286796
food,311,121.94670029099564
food,312,125.81952814705227
food,313,121.21976614888214
food,314,118.11692863366036
food,315,122.47165641507114
food,316,118.75805440306004
food,317,117.70217992221762
food,318,119.05930900211987
food,319,122.52547732593528
food,320,121.66513724140826
food,321,124.76579393482388
food,322,128.85486741207
food,323,120.25366121703452
food,324,116.72509700596439
food,325,118.42848841254785
food,326,122.90779320720202
food,327,121.10609414406836
food,328,118.91992602063937
food,329,120.02704349005107
food,330,121.77495301597641
food,331,121.00231105810806
food,332,119.24761943292094
food,333,121.67349200660395
food,334,120.64334926669777
food,335,121.06655240709725
food,336,119.33975534611407
food,337,124.21718786294262
food,338,119.37617814473576
food,339,124.71353980567699
food,340,116.5396688199051
food,341,123.17850472620566
food,342,120.28883463906325
food,343,122.13927183271326
food,344,118.00364882180625
food,345,121.03594010076353
food,346,121.03350898683966
food,347,123.54654850604523
food,348,120.24932789682164
food,349,116.5634313999186
food,350,119.0226444952226
food,351,114.87987251161246
food,352,122.00998359970954
food,353,122.13976486455194
food,354,116.82028553580672
food,355,120.56758652988368
food,356,117.47925215141865
food,357,118.0768699984972
food,358,119.55056426491808
food,359,116.59349370237379
food,360,119.85126926155326
food,361,121.66275731207237
food,362,120.88682589498212
food,363,120.86443835362427
food,364,120.53516025445089
food,365,117.8717744268631
food,366,119.57352816799923
food,367,120.24519109984683
food,368,122.27099308675507
food,369,116.87581589884988
food,370,118.83231719451553
food,371,126.99064437381121
food,372,125.57207652500941
food,373,121.49094632068696
food,374,123.09457925221798
food,375,116.9523192878627
food,376,120.4748445282124
food,377,120.82577401170353
food,378,118.11676707680351
food,379,117.16632173244686
food,380,115.85138216564819
food,381,118.84517042470281
food,382,117.34714764712658
food,383,117.43096576270473
food,384,118.01024246546734
food,385,120.2139847484842
food,386,118.16609046220215
food,387,119.61590761383903
food,388,118.06434228243904
food,389,115.5061886373791
food,390,117.36383935555277
food,391,118.53055417837643
food,392,121.12973864146454
food,393,120.80530055224857
food,394,116.51620311812019
food,395,117.41830603206161
food,396,124.50362093292023
food,397,115.30883615961646
food,398,120.85923658530977
food,399,122.95972434037401
food,400,120.92279997852494
food,401,119.68373658218945
food,402,120.39740822970184
food,403,119.0749622536197
food,404,118.60292338165799
food,405,121.49268653171161
food,406,120.30407857517353
food,407,124.40133505800529
food,408,126.92114160506304
food,409,119.6309074733905
food,410,115.99427837729681
food,411,120.73916720634456
food,412,121.03395505691171
food,413,118.06355782674447
food,414,116.3992360384906
food,415,123.00419570509511
food,416,119.94267003889765
food,417,117.88540970873065
food,418,121.11830043749971
food,419,123.82401324529806
food,420,120.07367220044034
food,421,116.9697055575583
food,422,120.21350150337462
food,423,123.04557117799658
food,424,117.87352605522987
food,425,123.19837878036456
food,426,121.05023116639822
food,427,121.07271790164262
food,428,125.41813431380977
food,429,119.86980319742683
food,430,116.77904578639709
food,431,121.53208703735972
food,432,119.99929029280376
food,433,122.40110117422624
food,434,125.27897823311196
food,435,121.82876347308186
food,436,124.12403386343954
food,437,120.89211703848513
food,438,120.1343348025277
food,439,119.5251458246307
food,440,120.57885371029202
food,441,124.64401095554017
food,442,120.64294774748177
food,443,120.42872602616211
food,444,120.59249006847317
food,445,118.40644355743753
food,446,119.06891201525056
food,447,120.29537465910192
food,448,119.21331764320615
food,449,119.39730087455962
food,450,116.08055127006804
food,451,122.95593281415407
food,452,120.70705471408903
food,453,120.47654676536719
food,454,118.3068670242641
food,455,120.62303236810679
food,456,121.50934519270054
food,457,121.67359959386839
food,458,118.01276811046326
food,459,117.41962399479821
food,460,124.87877661456632
food,461,121.12634920350118
food,462,119.79238870924223
food,463,127.52456838881463
food,464,120.72728685230597
food,465,124.05370908679258
food,466,120.77510728198173
food,467,125.28775447843017
food,468,123.9216491955611
food,469,118.8059129469695
food,470,122.44340115147693
food,471,122.36345608696821
food,472,125.21696560016622
food,473,123.54234915304858
food,474,118.74215856706978
food,475,121.58687190456415
food,476,122.70331328092372
food,477,119.51522059247834
food,478,118.00964108772871
food,479,124.05130308028245
food,480,120.7397701952581
food,481,124.30194595911989
food,482,121.31408166400782
food,483,122.84888199623951
food,484,122.25411716070127
food,485,120.87930160865935
food,486,122.4585738800572
food,487,121.16201653483958
food,488,121.6322901208122
food,489,123.12938938136111
food,490,120.99566516351526
food,491,125.64775444564542
food,492,119.58446933003017
food,493,117.17744165035487
food,494,121.92147827184274
food,495,118.6407364096103
food,496,120.25544997515121
food,497,118.84227782049845
food,498,119.12254903731257
food,499,122.2670266036958
school,0,120.00869104277112
school,1,118.27948371321706
school,2,120.56835576526996
school,3,121.57098964586758
school,4,117.78610838977748
school,5,121.28967686248322
school,6,117.81664876543856
school,7,118.89364144292418
school,8,117.60010568042827
school,9,118.58330642947952
school,10,115.69980524974997
school,11,116.68040241724262
school,12,120.09535630799239
school,13,116.1386254050212
school,14,119.27613082419468
school,15,120.78853829026899
school,16,118.82890004575243
school,17,120.01435188994358
school,18,120.93679059078555
school,19,117.10344559811845
school,20,117.57553557136349
school,21,115.57875718087817
school,22,119.42513494728975
school,23,119.18613415702082
school,24,118.51722714366576
school,25,121.34882418877342
school,26,117.61043179053148
school,27,119.95811143521604
school,28,122.63910297357168
school,29,120.61123158685628
school,30,119.998099762558
school,31,121.46654677880022
school,32,120.60103432474862
school,33,118.18521023343035
school,34,121.16453653936642
school,35,122.60615122044479
school,36,117.4783455150356
school,37,120.80520042758185
school,38,119.5858187404728
school,39,117.6053503379572
school,40,121.39837309364727
school,41,117.28905765154016
school,42,116.34791497567261
school,43,123.96844856890614
school,44,115.98946184511196
school,45,119.38354427170393
school,46,119.84423814078373
school,47,119.77338863789426
school,48,116.4965307259878
school,49,120.12509674362633
school,50,122.76535674068813
school,51,123.37220870810704
school,52,119.15251724841521
school,53,118.82203361091872
school,54,120.00535061508972
school,55,122.64695309630038
school,56,121.29729936145695
school,57,117.58124193831532
school,58,120.17640715402891
school,59,121.58933928778922
school,60,120.35832164971734
school,61,120.44361381040989
school,62,115.9892800877454
school,63,119.68884214305615
school,64,118.97031514298445
school,65,118.77743235102938
school,66,119.73843514304792
school,67,120.79383213797985
school,68,120.21257541004343
school,69,121.58411069367932
school,70,118.26418782063341
school,71,127.21657048069225
school,72,122.6086126571696
school,73,117.36597758237954
school,74,120.0537519907314
school,75,118.29202057046338
school,76,117.14986178043077
school,77,119.65893279639437
school,78,123.95843257733274
school,79,118.35097967303034
school,80,118.69737861574016
school,81,121.4316344373309
school,82,118.74436595788131
school,83,116.4944384438789
school,84,124.02859663714933
school,85,117.82195345849811
school,86,120.4678652263119
school,87,120.45587137893337
school,88,119.23332831563744
school,89,116.6169784668442
school,90,118.20783780349593
school,91,123.65391938983284
school,92,118.78113447363484
school,93,118.86056480305776
school,94,116.06193977597574
school,95,119.51584691295534
school,96,119.74731075796285
school,97,118.03703428532704
school,98,117.01706646511714
school,99,117.17771123711115
school,100,120.08057107116383
school,101,121.12374152912673
school,102,119.10566919042884
school,103,120.89459385316823
school,104,122.19138473008859
school,105,118.2401337870181
school,106,120.4244082911913
school,107,117.32662285018887
school,108,114.93478554409029
school,109,116.19140487456536
school,110,119.84997915922631
school,111,116.86438543556379
school,112,117.12336726420263
school,113,119.11427379789805
school,114,121.49150612359286
school,115,115.29872701098202
school,116,115.67565466140306
school,117,124.21224086651566
school,118,120.1652647461852
school,119,124.2858740042111
school,120,120.76521036254775
school,121,123.66698679999605
school,122,121.48195622898115
school,123,122.18595187411981
school,124,117.47075564804423
school,125,120.28917468438488
school,126,114.92565467820255
school,127,116.64000058131411
school,128,116.85110620920756
school,129,119.97848631558603
school,130,121.59061103168037
school,131,121.21055208498497
school,132,121.29263974746702
school,133,121.12098555259662
school,134,123.02800302551321
school,135,117.88421434151992
school,136,121.92454777653394
school,137,120.20473362585426
school,138,122.50301097604681
school,139,119.71367658727694
school,140,117.9939191656972
school,141,118.30418033283048
school,142,116.795756099426
school,143,122.96021634487641
school,144,121.76360567767868
school,145,125.65698838823933
school,146,121.3040825142782
school,147,116.84462390977974
school,148,124.01877708744686
school,149,120.06405327363123
school,150,124.1686039935352
school,151,121.16257038224154
school,152,124.9290114924039
school,153,121.04524917240423
school,154,118.82824482090338
school,155,121.44347135105389
school,156,119.00852581801715
school,157,117.93815768375195
school,158,117.29366254835001
school,159,120.49236845963425
school,160,118.4249481008232
school,161,122.46738397450972
school,162,118.25380906744267
school,163,130.87106979049594
school,164,119.67886599389908
school,165,119.83312879139703
school,166,119.84869532149058
school,167,121.00441195668712
school,168,120.49355482220273
school,169,124.54179796526681
school,170,121.43084093625755
school,171,114.9142052337501
school,172,123.02854101047973
school,173,118.32886101859022
school,174,117.00908059663158
school,175,122.98271728534527
school,176,116.192227977966
school,177,115.59236317559775
school,178,122.5066521846756
school,179,117.00750630107437
school,180,118.96877225057756
school,181,117.27544780754742
school,182,119.87367480639963
school,183,116.75384265353958
school,184,120.01295182267968
school,185,116.42066737437366
school,186,119.93827744509993
school,187,116.57768300294589
school,188,117.48241203553178
school,189,123.34829879074482
school,190,119.04141859994708
school,191,121.1602214851774
school,192,116.2225055434024
school,193,116.09773268839258
school,194,118.0927271762906
school,195,119.70861174634233
school,196,118.36664551244749
school,197,119.00916672972797
school,198,121.50818185027654
school,199,118.88388729643829
school,200,120.12177947842343
school,201,122.3347816561267
school,202,120.39011637939016
school,203,118.9755393092567
school,204,117.41840810917962
school,205,120.8188182163046
school,206,118.66305439817977
school,207,121.39734589583067
school,208,114.38327550973848
school,209,119.5544963327178
school,210,119.9440049089294
school,211,117.256203521158
school,212,118.82341055633361
school,213,124.97978141255828
school,214,118.50344301175586
school,215,116.6592007064357
school,216,119.36824149246148
school,217,121.89702542066563
school,218,117.99356595100707
school,219,117.80461881179522
school,220,118.57957988791708
school,221,117.63913019600972
school,222,119.54068323817172
school,223,119.66943626194812
school,224,118.69177956284946
school,225,120.58634933257717
school,226,118.9324091523411
school,227,121.26254154688529
school,228,119.59402836802688
school,229,118.66776951583095
school,230,121.49424311634813
school,231,123.76387712261221
school,232,116.9408009327808
school,233,118.24717747917288
school,234,115.54642292034256
school,235,117.94885108238655
school,236,122.24777210643526
school,237,120.71559045837557
school,238,116.3798420891881
school,239,119.42556164275761
school,240,119.87393187680667
school,241,117.78177373430789
school,242,120.46938300928306
school,243,118.86537687016474
school,244,116.84987211198785
school,245,120.38086310432894
school,246,118.42434186650598
school,247,117.88854647323394
school,248,115.39363900080097
school,249,118.43594407517617
school,250,120.0978750989121
school,251,118.06693017453327
school,252,115.42392556127167
school,253,117.6945470373581
school,254,122.82051863949064
school,255,122.03562625170167
school,256,122.4421553494762
school,257,121.87575604961629
school,258,119.43826225456003
school,259,117.92813375760115
school,260,120.49866122213007
school,261,116.21469327895366
school,262,121.85728144685908
school,263,124.54713645233713
school,264,122.64659426894724
school,265,121.32345470565338
school,266,118.60581290137321
school,267,116.2053420763183
school,268,116.94641650181119
school,269,118.83599081518739
school,270,116.82046245335343
school,271,118.68787504113614
school,272,120.64716810032776
school,273,119.50210929303375
school,274,118.0981593570858
school,275,120.92168810274609
school,276,118.47722284069278
school,277,117.00203265006104
school,278,116.356472971249
school,279,119.22218575437708
school,280,122.03179050949645
school,281,118.61840349168315
school,282,120.8529183000594
school,283,118.5613882966337
school,284,120.3290220273729
school,285,122.65961074099529
school,286,120.77280403828436
school,287,122.51555662429338
school,288,119.14069840764088
school,289,125.2581784946423
school,290,130.39908476979352
school,291,120.43192419714808
school,292,114.44803499750475
school,293,120.17685078562168
school,294,117.19696966414158
school,295,118.04881727577461
school,296,115.01054321478432
school,297,116.29109614222632
school,298,119.70721028487195
school,299,119.26502847976847
school,300,122.93826342000675
school,301,122.31076603475242
school,302,123.68187726407022
school,303,119.93692625239288
school,304,119.9665012255059
school,305,121.28442423187376
school,306,121.3079664065297
school,307,118.53348922155487
school,308,121.75558764111997
school,309,123.72618352734884
school,310,122.16475101708969
school,311,118.0616767087223
school,312,117.27921456942273
school,313,119.49688674574463
school,314,118.67282106521202
school,315,121.06202566038591
school,316,122.68433005952741
school,317,121.44350178752816
school,318,124.65503108980802
school,319,119.20122686721781
school,320,117.46012615336667
school,321,120.77760172646808
school,322,118.55347364014459
school,323,118.03001262170987
school,324,120.58204957247773
school,325,117.86846903768355
school,326,122.55647296486434
school,327,120.49984347253869
school,328,123.35133421261179
school,329,119.75170033139332
school,330,115.9462918239599
school,331,118.30909865861013
school,332,119.53620372028091
school,333,118.83916695064572
school,334,121.12342089872918
school,335,119.67222452794519
school,336,122.58225307934805
school,337,118.80801014974374
school,338,117.04375400536296
school,339,121.07540024681815
school,340,115.01481322634604
school,341,117.99853079339864
school,342,118.04138873960497
school,343,119.80937058447341
school,344,117.23209946483625
school,345,119.5863706077836
school,346,115.08368047723015
school,347,120.43829584533377
school,348,121.20640462604959
school,349,115.25578781562334
school,350,117.49127139444711
school,351,121.53951421023625
school,352,120.25044687488725
school,353,122.32537140355235
school,354,116.66910245349169
school,355,125.42828406258889
school,356,117.25334410832775
school,357,121.61148836045281
school,358,120.63732080402457
school,359,119.57098396922039
school,360,117.70639037116122
school,361,121.84083356068814
school,362,121.53323399406399
school,363,116.0533723257014
school,364,120.47775331638387
school,365,124.61610706835404
school,366,120.84508582843205
school,367,119.06310335176653
school,368,119.11797026380077
school,369,119.4027576649004
school,370,119.85417078767375
school,371,117.45126584278533
school,372,121.68645772220769
school,373,119.10108037543223
school,374,117.6377913836541
school,375,118.58305964265081
school,376,119.66964005374348
school,377,118.9267697527665
school,378,127.24985151096868
school,379,116.72711217042504
school,380,119.44518668402367
school,381,120.41515006528853
school,382,120.19157869294894
school,383,119.23672591259596
school,384,114.89961215348445
school,385,120.15489458682656
school,386,125.10841145006144
school,387,124.17402441100485
school,388,122.14291275932977
school,389,120.12470058961442
school,390,120.18416000376786
school,391,120.8911264178584
school,392,117.09746444584187
school,393,118.46263354071911
school,394,118.32638449015084
school,395,124.34980627297283
school,396,121.01956904213036
school,397,121.12556143098317
school,398,119.97107798622137
school,399,120.1251787902897
school,400,122.52225337005042
school,401,118.56526514633406
school,402,114.56119220301039
school,403,124.00482262034546
school,404,118.34557450884688
school,405,121.00734834241678
school,406,125.46565271264913
school,407,117.58933586560644
school,408,118.86603653437706
school,409,123.5072724541386
school,410,123.91943476750372
school,411,117.59285034038338
school,412,123.93786488742613
school,413,122.93609930989626
school,414,120.93364186275237
school,415,120.02840770797218
school,416,120.28662694518049
school,417,113.62866148723766
school,418,117.71110969322629
school,419,122.31321123142122
school,420,118.81800931953973
school,421,122.27705211504991
school,422,120.06951253043955
school,423,117.49738618832437
school,424,123.17468750057388
school,425,117.24496204821035
school,426,116.27671942991356
school,427,120.86528661684316
school,428,119.294897317948
school,429,126.03785465690194
school,430,118.70031630192508
school,431,115.39526463606397
school,432,120.59584034416363
school,433,115.69680118819208
school,434,120.5649663481676
school,435,120.45682089294654
school,436,115.9710755493999
school,437,115.81484339100562
school,438,121.2057678921006
school,439,118.09367622996999
school,440,119.99459489782664
school,441,125.19142791877394
school,442,117.90358458115826
school,443,113.32255044124892
school,444,117.8814560577718
school,445,118.44923338547349
school,446,117.32600952736867
school,447,117.05924488763955
school,448,119.08484992723511
school,449,118.55916611109991
school,450,121.22235821853681
school,451,118.96023526715118
school,452,123.51134607296032
school,453,122.8216881849342
school,454,119.38944603373301
school,455,116.68415468528728
school,456,122.7269949525405
school,457,117.51755841323963
school,458,117.91551126205408
school,459,120.48333466043562
school,460,124.10993771912922
school,461,117.6046655167679
school,462,123.93889060149783
school,463,113.23873946101683
school,464,117.14117955094888
school,465,124.2418271447292
school,466,121.48985657361881
school,467,118.38734758215026
school,468,116.8599397010704
school,469,119.65917197913778
school,470,120.99726512206624
school,471,115.94338116272229
school,472,122.92795617725916
school,473,120.97582777462424
school,474,118.64638110263803
school,475,115.83270879985967
school,476,118.09618908248555
school,477,123.45272319977289
school,478,116.78103908272679
school,479,121.4680184939137
school,480,126.16654132868825
school,481,120.35229021858365
school,482,117.25648059035052
school,483,116.68949408931823
school,484,116.61852218194966
school,485,120.3074243945258
school,486,118.35222982715679
school,487,119.91331968942922
school,488,122.4110707771391
school,489,113.2195901051818
school,490,118.20324349347666
school,491,119.77464542317561
school,492,123.09026764996702
school,493,117.96611141201072
school,494,118.85052900541031
school,495,120.20262064963572
school,496,117.52366569181412
school,497,117.48012727455936
school,498,120.38583469024951
school,499,121.79735402138543
