Rating_ID,Item,Parsed_Ideas,Rater_ID,Originality_1_to_5,Usefulness_1_to_5,Valid_Use_0_or_1,Notes
d36d876f585e1915c4dc,fork,Bookmark,,,,,
1e3eace50bf897ab540e,can,Picture frame,,,,,
d46921194640036ee635,paperclip,Geometric craft material,,,,,
7269886835f8d0135e53,can,Painting palette,,,,,
05bd8511e0119bad2d8f,book,Fire starter (shredded pages),,,,,
177062ebbc96cff494d8,towel,Emergency blanket for outdoor events,,,,,
32a2d37db3988f2ad130,can,Scent diffuser,,,,,
5e0610f966f3583224af,book,Prop for photoshoots,,,,,
837e3ba1c630a546fffc,paperclip,Paper weight,,,,,
6e454845d556f5a18337,towel,Pet drying cloth,,,,,
197cf5461de156924b1c,fork,Bookmark,,,,,
e843701e6e673be9a652,fork,Plant label,,,,,
ba1f9fe5d5246f7155e7,book,Prop for photography,,,,,
bb3e4b9d28213f1aab6d,can,Plant marker,,,,,
61255a72426b37db0d51,fork,Picture frame stand,,,,,
4b9c042bcaf2d462d692,paperclip,Pencil holder,,,,,
1502c7e6f91230fce075,paperclip,Cord organizer,,,,,
0eef735184b2d7ae1842,can,DIY wall decoration,,,,,
65ffd5618f1f46b84e6a,can,Desk organizer,,,,,
6d3335cbd96e8be65b43,can,Bag clip,,,,,
57cf6bd4351384184fb3,paperclip,DIY photo display,,,,,
e56af08721bea3a78880,book,Bookmark,,,,,
64b737b3e36d3a8a6d07,paperclip,Wind chime component,,,,,
bdde0c9a0bdaaf7e39b6,paperclip,Office desk organizer for pens,,,,,
19f63d6899c60377bf14,paperclip,Electromagnet core,,,,,
a027847118d17bf51ac7,fork,DIY craft material,,,,,
89a3743536cc72203aea,book,Gift wrap,,,,,
e70389d7cf96ab77c8c4,fork,Bookmark,,,,,
ec756c05fddd8c7b1f0c,towel,As a drop cloth for painting,,,,,
ebb64d962c48a75b5ee1,paperclip,Plant marker,,,,,
552c1c8188eeec67e047,can,Garden marker,,,,,
24dd4ef98d6475875df7,towel,Absorb spills on the floor.,,,,,
141157da9e5e413b317d,book,DIY birdhouse or bird feeder base,,,,,
9e8c0a07ae9788502d0d,book,Placecard Holder,,,,,
302963a4894795fc1a14,can,Geometric decoration,,,,,
ec3542cb4754ecfc1967,fork,Small pencil holder,,,,,
0b322df8b39430928e2e,fork,Mini photo display,,,,,
e58e9f4139e2dd8990b7,can,DIY picture frame hanger,,,,,
a2216b69f1e857002375,towel,Pet drying,,,,,
cffd0496b5455ed71128,fork,Photo display,,,,,
627c30cd4b9a08d74ac5,can,Wind chime,,,,,
f4fc78074bb7258fe860,towel,Cleaning windows,,,,,
725327407ab36ace39e6,fork,Macrame hanger,,,,,
745bfe0f63a1b36722c5,towel,DIY potpourri holder,,,,,
de02b34e5adb9a94d2df,paperclip,Cable organizer.,,,,,
e0fe821d0775e98423ca,can,Outdoor photo prop,,,,,
5940333c16e1a4b9ee81,fork,Magazine rack,,,,,
9e71b9a5dcb595dc4ab1,book,Art project base for mixed media creations,,,,,
1e3ae13f34e89611f410,towel,Tablecloth,,,,,
97091b96a27f73382e2b,towel,Cleaning spills,,,,,
5aae05bbb6a704b5a03d,can,Fire starter,,,,,
e24284b85236d822381a,fork,Wind chime,,,,,
052f34ef19cd76f1565c,towel,Cleaning windows,,,,,
3c80de694ac5c9a91f9e,book,Paperweight,,,,,
1ef02cba938538de3ccd,can,Plant label,,,,,
c3869b31c2be8f666ab1,towel,As a makeshift picnic blanket,,,,,
44c92ea26b458767c5b2,can,Bird feeder,,,,,
cf87547707ed1d17c5c8,book,Desk organizer,,,,,
b817da5e34796f45ce34,book,Wall decoration,,,,,
31a21b1fd23ac0a49fed,can,Fun craft project,,,,,
1a6b932015676f54d067,paperclip,Temporary fix for a broken zipper,,,,,
62958e0c669937ae1b1d,paperclip,DIY craft material,,,,,
98490693badf85c42df0,paperclip,Shaping small objects,,,,,
ff7b469475b5d805eab5,fork,Paperweight,,,,,
3591b4c4708fd3b067e4,paperclip,Temporary fix for a broken zipper,,,,,
f7b592ce6148974ce6e0,paperclip,Cord organizer,,,,,
d1d7b95733c14a4564b6,book,Desk organizer,,,,,
e3942c8897be4c93b633,paperclip,Temporary fix for a broken zipper,,,,,
b9ff962533ba04e1d589,book,Coaster,,,,,
7df58514c58934cbf73e,fork,Desk organizer,,,,,
4e802bdd703f399603b8,can,Plant label,,,,,
141c7a2770c3ccb9d9f3,towel,Wiping down surfaces,,,,,
b56dea98a78f6e994d22,paperclip,Picture frame clip,,,,,
c6e6c452b2139dc0bd68,can,Decorative centerpiece,,,,,
1826cb3ee321fa73ea5e,paperclip,Bookmark,,,,,
7623b6775c7abe2aecea,can,Scented potpourri container,,,,,
9461828c48d27bb15e9e,fork,Doorstop,,,,,
3bf1481d017efd5171f3,book,Coaster,,,,,
346954398f33c87588e1,can,Decorative accent,,,,,
705aab25f33286fe2f46,can,Magazine weight,,,,,
9c432ced58477d0741e8,book,Gift for a child,,,,,
b1836b58eef6ef188d2a,book,Bookend,,,,,
7ce0cee74d3901cc2ef0,book,Puzzle piece,,,,,
9c5f280e715a92ca6f78,towel,Painting medium for art projects,,,,,
6f8fd6b6574abb83c0c7,towel,Cleaning rags,,,,,
493a817b0da157290bd4,can,Coaster,,,,,
6027ac248d1c5e50e108,paperclip,Mini bookmark,,,,,
70d6037303914c1ac08a,towel,Cleaning glass,,,,,
081f5ab1db03b0140d55,towel,Tablecloth,,,,,
6fda303942d52114c43f,book,Book as a plant marker,,,,,
3d580c916660c76ac104,can,Wind chime component,,,,,
c31a36ef8f3c6191df43,paperclip,Geodesic dome construction,,,,,
0b10180e0bbba85745aa,fork,Paintbrush holder,,,,,
54e18839692bddd2b058,can,Pencil holder,,,,,
d307f3b42ef5fb6e0aec,can,Jewelry mold,,,,,
8fc285f965bec87cbfa8,paperclip,Temporary fix for a broken zipper,,,,,
86a6febe96549e45bf59,can,Sculpture,,,,,
7eb832c26d040bc7f248,fork,Drawer organizer,,,,,
9a596f252b326cdff25f,paperclip,Mini sculpture material,,,,,
7e350dbc5fea06c693d4,fork,Sculpture material,,,,,
d2029deb04035d20eda7,towel,Buffing metal surfaces,,,,,
1f61cef61fed02be9800,can,Craft stick,,,,,
0a899de3516397d3ee29,towel,Wiping down electronics,,,,,
a222c4d273cf476891ac,can,Wind chime,,,,,
7a0284feca873625b625,book,Book as a pencil holder,,,,,
0912270ded65c936e8dc,can,Plant label,,,,,
65762e8b2f4f89ea19fb,paperclip,Plant marker.,,,,,
f1cf55d060706efee62f,can,Potpourri container,,,,,
cf5ebd7d7dab4d83b16c,paperclip,Temporary fix for a broken zipper,,,,,
0810c3e249a880c9d954,fork,Plant label,,,,,
403287146a490bd0d0c9,fork,Letter opener,,,,,
32e9154ca837aedbbb2c,paperclip,Geometric art component,,,,,
173a8f4256866bf10c8e,book,Desk organizer,,,,,
72194e55b7a616e042c0,paperclip,Temporary fix for a broken zipper,,,,,
2541f9b9d94998c43d58,towel,Polishing metal,,,,,
27c5c03c08af24a3633f,fork,Painting tool,,,,,
050758fbbeba2b2067a1,paperclip,Macrame project material,,,,,
f40d41bda75a4acc3b1c,can,DIY craft tool,,,,,
cc24646f091e100d30bc,book,Coaster,,,,,
1c73811851ef9f7e0bb4,paperclip,Emergency fix for broken zipper,,,,,
7f5f4f948e6a66dcc904,fork,Pencil holder,,,,,
ff036a90388a5b9d65f9,paperclip,Plant marker,,,,,
a23637de6bbe48308746,paperclip,DIY photo display,,,,,
f8ef0c7cace6f84d38f4,towel,Insulate electrical wires.,,,,,
78939c7c5e32cdd2e3d8,book,Weighted object for exercise,,,,,
a4533e3c1d361df1830f,towel,Cleaning rag for auto detailing,,,,,
d47162f5a041c1c8588c,towel,Removing stickers,,,,,
ff57e31c2b2b20cea6a5,paperclip,Emergency bookmark,,,,,
d950603cc9238989bdcb,paperclip,Temporary fix for a broken zipper,,,,,
0a42770ee37ecbeb2a0b,fork,Spreader for small materials,,,,,
1ce8e5f3a270ef24c4b5,can,Craft supply container,,,,,
82ec2bba1c60beb9c606,paperclip,Desk organizer for small items,,,,,
3215bbe79ca409d9ccf1,towel,Dusting furniture.,,,,,
753050814a42b410026d,towel,Gym mat,,,,,
52018e4d5dc8fff6ee96,fork,Pencil holder,,,,,
2195cfea3ba364bbd529,can,Birdhouse roof,,,,,
9c19d1b00dd88bdfde77,book,Coaster,,,,,
69a254c137015461ce8e,can,Marble run component,,,,,
ea444a77ae0ac20ebfbe,fork,Candle holder,,,,,
8e6353332be6b8d40608,towel,Wiping down countertops,,,,,
ce5f5a750ee59da1d04a,book,Prop for photography,,,,,
229f30b666adc334a0d6,can,Bird perch,,,,,
5fef884853b814470095,towel,Emergency blanket in a survival situation,,,,,
ce928192740db938d43c,towel,Protecting furniture from scratches,,,,,
1fcd095c9c9fa6a95371,fork,Measuring stick,,,,,
157479e3d5331f2c8f08,paperclip,Mini photo display,,,,,
cf86037536c8b2930560,paperclip,Emergency screwdriver,,,,,
9a2e0809b712040b15b5,fork,Plant marker,,,,,
53538a6c35b377353f68,towel,Drying pets,,,,,
b741cfd9d63b4318f9f5,towel,Impromptu sweatband for exercise,,,,,
0581549896ff2dba6a8a,can,Photo display,,,,,
25d6bd7ba652894db5bd,towel,Pet wipe,,,,,
c7cb8bce1a227e4b68ef,towel,Fire starting tinder,,,,,
621f0eaf16df74ac4d6b,book,Coaster,,,,,
8aab08c8a2f56ed2d179,paperclip,Temporary fix for a broken zipper,,,,,
ac88635df7184df50147,paperclip,Cord management tool for headphones,,,,,
80abed48d0d8c8516068,towel,Cleaning dust,,,,,
35481960edf8d1e05ab2,can,DIY picture frame,,,,,
7a52e528f07c8b3bc433,towel,Drying flowers,,,,,
3a00897fdf83a200b690,book,Sound dampener,,,,,
cac1fcfca303689ea946,can,Sculpture,,,,,
948677835b3c17afd900,paperclip,Emergency belt or strap temporary repair,,,,,
4792f6808128e79d1871,fork,Tool for detangling jewelry,,,,,
b2ea8891fbccd387ffc4,can,Bird deterrent,,,,,
59cc89da9923a6e98c23,book,Bookend,,,,,
315d2ec99096bdc61b6e,towel,Photo prop,,,,,
29d7604079fda6762c1d,book,Bookend,,,,,
9fe6542de1618df155c4,can,Bookmark,,,,,
8465ba20e5f189d490a3,book,Coaster,,,,,
d96897fa35772194bf24,fork,Bird scare device,,,,,
fe71d9c432feaa757ac1,book,Backing for a picture frame,,,,,
f555239567895460c723,can,Pencil holder,,,,,
aac0aa5251f4db5fc90e,fork,Mini drumstick,,,,,
6c2f777a80660d72b4ea,paperclip,Cable organizer,,,,,
f9a55f308eb72e1afea6,towel,Drying plants,,,,,
d9a6f1572803a34652e3,book,Prop for photography,,,,,
02b6c656b4b66301d1c4,book,Plant base,,,,,
5131428cdc97a9407b15,fork,Pencil rest,,,,,
ff72185f215ef440071c,towel,Tablecloth for outdoor events,,,,,
5e82e099a695f8faa7ee,paperclip,Photo display clip,,,,,
4a2ed664ae8a86b7237a,towel,Protect furniture from paint.,,,,,
df7810159650c9f3f5b2,book,Fire starter,,,,,
c98d3cc0a22140c3928d,fork,Seed starter,,,,,
283fca1c25d1342d20db,book,Bookend,,,,,
aa9311d70fc18fd01bb6,paperclip,Mini bookmark for a pile of papers,,,,,
41c3b08412f2400f7908,towel,Photography diffuser for soft light,,,,,
a63bb57d8dfea5809c45,book,Fire starter,,,,,
0c80d70a34bd93de2cdb,fork,Page turner,,,,,
48a8679ff0740923d4d3,book,Decorative item,,,,,
4fda1b4d68b01868efaa,paperclip,Music instrument tuner,,,,,
a85f1b5bb3f784a9d981,book,Picture frame backing,,,,,
d30eee1c1e25f6bea419,book,Gift box,,,,,
5920eded4a8457e39488,book,Photo display,,,,,
472f0b2ebb0d42bd2b18,paperclip,Phone stand,,,,,
d6969c4b7dcf7753f4bb,towel,Creating a DIY wind chime,,,,,
650ef27ba16c751b8172,paperclip,Cord organizer,,,,,
927972f27272ad1f9890,towel,Removing stickers,,,,,
73ad485cc404eb6eb2b6,book,Prop in a play,,,,,
78818e0dbe8fcf58a845,book,Coaster,,,,,
ba5a471de0447d15d14a,towel,Removing lint,,,,,
35c4a7253c7ba2918cb4,towel,Cleaning between keyboard keys,,,,,
64c0b241e292761667a6,fork,Quill pen rest,,,,,
acef05840de62ad353bb,can,Wind chime material,,,,,
e2f4aefd151d549f4cc9,fork,Candle holder,,,,,
12479d82435970bcaede,towel,Drop cloth for painting,,,,,
93dfda37faac4a3fe248,fork,DIY jewelry component,,,,,
ba40b5c4d78a73dce42f,towel,Drying paintings,,,,,
1530ceaea4fbd81f2336,paperclip,Sculpture armature,,,,,
7f278dae80484766f8fb,paperclip,Zipper pull,,,,,
64ba70953e2addb3a716,book,Decorative item,,,,,
37c701cfe6b7a4b2e1f9,fork,Measuring stick,,,,,
8318c6bc7347b69d6b07,towel,Drying pets after a bath,,,,,
320b08757906df0cdd09,fork,Child's drum,,,,,
bb5205a2aa892ae2e301,towel,Absorbing spills,,,,,
d9e5ac0c8849e173839e,paperclip,Bookmark,,,,,
53ef0cd4d15a51d36258,fork,Sculpture material,,,,,
0275e0318b14f37243b3,towel,Pet drying after a bath,,,,,
401034c5ddb9ed9b0706,paperclip,Emergency lash,,,,,
87dec64065babbeb8cca,fork,Mini bird feeder,,,,,
0603259a56ddfddd9378,can,Shelf divider,,,,,
fde977db3febd8515f40,towel,Wiping down gym equipment,,,,,
4c82d77375952229ce07,paperclip,Sculpture material,,,,,
7da8f8b0f24c92cabfc9,book,Paperweight,,,,,
3c9a05e30c2efb41174a,paperclip,Bookmark,,,,,
bc7d708a60c31e68c63b,towel,Clean-up wipe for spills,,,,,
437383fe28b849a7d102,can,Desk divider,,,,,
7ffea655540d630c4f82,fork,Candle holder,,,,,
c9f2bc411a7ef3a35019,towel,Dusting furniture,,,,,
3dc1c5959fbf1ef97b6f,paperclip,Bookmarks,,,,,
2913d57eccd76fa9343e,fork,Bookstand,,,,,
666dfd66089d09fb07ca,paperclip,DIY photo display,,,,,
01e76369259caef572db,fork,Picture hang,,,,,
46a16fcf20b766f3bc4a,can,Coat rack,,,,,
a513f0949398cf394154,paperclip,Zipper pull,,,,,
9eb3e8f8e9e2aa6819f9,fork,Wind chime component,,,,,
490834608dcc9a0b1e96,paperclip,Cord organizer,,,,,
cd9d11bf16da5f6355fd,can,Seed starter,,,,,
f2c8dbc56fd903116bd1,can,Pencil holder,,,,,
3be5e025f878837561f8,fork,Wind chime component,,,,,
e3d3ed02670e0ed96ebd,paperclip,Bookmark,,,,,
e944f504bebe03a0258e,towel,Polishing metal,,,,,
361ab0a02e0db7476ded,towel,Emergency blanket in survival kits,,,,,
8974fb0ccbf0b6dacee6,can,Plant marker,,,,,
0124056c438f8d8e269d,towel,Dusting delicate electronics.,,,,,
8a6cc49b9b9fe33b0d5f,can,Magazine rack,,,,,
edd86bd7c880d9f72879,paperclip,Weight for small items,,,,,
84ca79a7f0f9d7828245,fork,Paint stirrer,,,,,
01a4149e812d262ef4c8,can,Craft paint palette,,,,,
78f3f035a9f80c00798a,paperclip,Bookmark,,,,,
19be119d79e77122514b,can,Wind chime,,,,,
0e52564373e4bdf2bd54,book,Soundproofing material,,,,,
dd9c83e5b55d3193d569,fork,Sifter,,,,,
7646fd7c961f4b1d8bd4,towel,Drying flowers,,,,,
70c513309ff9cea655b8,paperclip,Rust-resistant paperweight,,,,,
2981b969323d3928d403,towel,Cleaning stains,,,,,
3d20d31b79514bd75b2e,fork,Potentiometer (in electronics),,,,,
0e878476e6f8cf9b9ddf,fork,DIY picture frame,,,,,
da029fb392ce12864cf0,paperclip,Mini bookmark,,,,,
ead233555f0e9611a43f,fork,Pencil holder,,,,,
91eb9752880160585620,towel,Supporting a broken limb,,,,,
3501b5774522f9f4a337,book,Gift wrapping,,,,,
43c5ad9f9b6511eaba8f,paperclip,Bookmark,,,,,
dbbc22196a4ed2eb74b4,book,DIY craft material,,,,,
d094f7103826523926ce,book,"Book as a bookmark in a more permanent sense (e.g., as a keepsake)",,,,,
4222cee65d2e78ce0119,fork,Jewelry holder,,,,,
f55f4472b1b202103fd5,paperclip,Emergency fix for a broken chain,,,,,
404a2e821ad7068efd63,paperclip,Emergency fix for a broken earring,,,,,
ee9f4ebb81634ef4b794,can,Mixing spoon,,,,,
739a4bed6b064303472a,fork,Bookmark,,,,,
316f5205fb0d0243ee44,paperclip,Temporary fix for a broken zipper,,,,,
140ff90dc50065e43da4,paperclip,DIY photo display,,,,,
ab9d6c8425466ade0158,book,Bird perch,,,,,
c79a086137f11a30886b,fork,DIY wind chime,,,,,
cada4a7ed57d8c03524f,book,Bookmark,,,,,
6e53f2131019253b898c,can,Pencil holder,,,,,
9271e8f4a83569a1b593,towel,Cleaning mirrors,,,,,
db557e5526f68fc78419,book,Paperweight.,,,,,
afd1f17ce2668cb51558,paperclip,Mini bookmark,,,,,
03b5383e5f1fe86e82af,book,Plant press,,,,,
f7c95e4709a936a7fba5,book,Paperweight,,,,,
afc1c907783ab92ca1e2,towel,Puppet skin,,,,,
e7d7b857218745e48895,fork,Pencil holder,,,,,
6618ac7d5be9b1ae498e,book,Candle holder,,,,,
9cc1105f91711c5c281e,can,Bird feeder,,,,,
1803a276af5b934df3c0,towel,Drop cloth,,,,,
6246aaa20e49bf9a9a53,can,DIY bird feeder,,,,,
b8dbd28883b69b3ccb05,can,Drum mallet,,,,,
491c73bb475edd116b65,can,Pen holder,,,,,
6720436b5a173b28f6ed,book,Desk organizer,,,,,
c22b8d654335ede26eff,towel,Crafting material for puppets,,,,,
ef04df12efcac03ea2b8,fork,Mini gardening tool,,,,,
442f789273c34b1e314b,paperclip,Zipper pull,,,,,
4bf285f046388b623f8b,book,Fire starter,,,,,
b935a77e2e313c313885,fork,DIY craft material,,,,,
26674fa40073a905b64d,paperclip,Plant marker,,,,,
672d08d62d948b15656a,towel,Cleaning rags,,,,,
91896fc5f873b67f5a96,paperclip,Support for small objects,,,,,
04721306a2669b52aa21,towel,Polishing cloth for jewelry,,,,,
5f78d412eb343f6bb52f,book,Gift wrap,,,,,
788049875922bc5503ae,book,Art project base,,,,,
29f80806b381aac5317d,paperclip,Bookmark,,,,,
2db7048f8ebd4e24c308,fork,Plant marker,,,,,
ca0ce26371cc5d0c3187,paperclip,DIY fishing line,,,,,
b2444a50479954f490c9,book,Decorative item,,,,,
cdd00ab1b0370f01d349,paperclip,Page weighting for wind chimes,,,,,
6d91f1bf972e87e8d1d4,book,Decorative item,,,,,
99f63a52f4544af432ef,book,Desk organizer,,,,,
e0238b86fcc9a65e2e95,can,Paint stirrer,,,,,
3a316c866d6cadb5ae4b,fork,Sculpture material,,,,,
886ac78b8d249b61f453,book,Book as a background for a DIY craft project,,,,,
034738d31d1fe2ad5330,fork,Emergency tool (for prying),,,,,
45c93b6eb1e1f44201da,can,Pencil holder,,,,,
ed759f1e7ab272b19538,paperclip,Temporary bookmark,,,,,
bd401844ae33108baa0b,can,Plant marker,,,,,
25685afe89879bd2005c,book,Doorstop,,,,,
87f45592ab9ad1ffea97,fork,DIY curtain tensioner,,,,,
f63632c0e1e6fd09dcd7,can,Pet bed,,,,,
d2ddef36260696483de0,towel,Wiping down surfaces.,,,,,
cfd6cffec1dc6c405e7e,can,Wind chime component,,,,,
2e07b024078b1f116583,paperclip,DIY picture frame hanger,,,,,
9a664f1e32303e4b2985,towel,Insulating windows,,,,,
756a2c467939aa4afaa1,paperclip,DIY photo display,,,,,
f5632f32f52854a17191,fork,Mini sculpture base,,,,,
5e47f6b914f572ffe1aa,paperclip,Plant marker,,,,,
3c2dba774bce08445f8c,towel,Applying paint,,,,,
837614588cc11f6a9682,fork,Sculpture material,,,,,
fac350820aa39a0c62a3,towel,Wiping tools,,,,,
756eaf51270896410b3f,book,Desk organizer,,,,,
d5e6a25dbf03ced487eb,can,Desk organizer.,,,,,
0918d0e95e9ab8e38e4d,book,Plant press,,,,,
209a30b8f7410d01ba4d,book,Journal for notes,,,,,
35d173cc8846e52bb9f0,towel,Dusting cloth,,,,,
456570868cc2783ef8ee,paperclip,Temporary fix for a broken zipper,,,,,
3d09112ebc081cabebe5,fork,DIY wind chime component,,,,,
e5949a660529f3040f7c,book,Coaster,,,,,
31cef0cfbe38fc9d8018,can,Mini plant press,,,,,
b74714e12662b2b1f866,book,Seed starter,,,,,
45e40806239a7739ae01,book,Desk organizer,,,,,
6f1cd6e8b5c09f26a5ba,book,Paperweight,,,,,
f4d2367af98cff76cd58,can,Desk organizer,,,,,
5a4bf73372423bf963f8,fork,Bookmark,,,,,
1cab557233496f0a7a07,can,Mini photo display stand,,,,,
47add091bff9f168e675,paperclip,Bag clip,,,,,
86cf24bd61b8d3cbc5f8,fork,Wind chime component,,,,,
dc4ba6bfb0255e9d530d,fork,Button holder,,,,,
acdf97fa20c2a60adfd7,book,Bookmark,,,,,
abfcb069d7400bca213e,can,Vase,,,,,
df6eac84736c9c569141,can,Fire starter,,,,,
1c11950cb8fc7b8f3fa4,can,Gardening marker,,,,,
27a758defa15470eacef,book,Home-made birdhouse,,,,,
12f7a86c0570803a25e7,can,Candle holder,,,,,
e868f9ec012bf69330ad,book,Doorstop.,,,,,
54363c00dc4066936fa6,towel,Wrapping fragile items for shipping,,,,,
d7987dcbfb980bca2560,book,Paperweight,,,,,
a9223512e8784ac7971d,can,Wind chime,,,,,
7c86c9e36424e2e97455,can,Plant marker,,,,,
3fd984fc045fd0b0a4f6,can,Geometric pattern,,,,,
250aa16d21494a6f967c,towel,Cleaning jewelry,,,,,
d5cdac8239fa82e694d3,can,Paperweight,,,,,
304a622bde9e61724276,paperclip,Marker holder,,,,,
3153ff946b786e6c5583,fork,Plant label,,,,,
14b22054a98b819941e2,can,Bookend,,,,,
431ed98d5fa6f4a73c68,fork,Hair comb,,,,,
1b692ee9b4c25095f3c8,can,Paint stirrer,,,,,
d6fccf2a4d1610a578ed,fork,Bookstand,,,,,
c0f1782f91810c446572,towel,Drying paintbrushes,,,,,
9c1f380a5e57a8dd4be9,book,Paperweight,,,,,
7eacd8f80412d86fbc0a,paperclip,Photo display,,,,,
5d14b981947da06f7f69,towel,Wiping down gym equipment,,,,,
237b0ee9c72cd4678f30,fork,Jewelry display,,,,,
e3bef671b34e8052e279,book,Paperweight,,,,,
f308debc0d8088ce2793,paperclip,DIY photo display,,,,,
4290c0670b0e1327fe76,book,Prop for a photography shoot,,,,,
ae8205e90a849d68f7df,towel,Applying varnish.,,,,,
b02dbccf47fa0a7d1e82,can,Plant label,,,,,
2e712cc2bd3b0b3b5226,towel,Removing scratches from CDs,,,,,
9bbd8e894c6603e1cccb,paperclip,Photo display aid,,,,,
df987b3f987e2d15c682,book,Book as a paperweight,,,,,
db31e0f3247b933c621a,towel,Picnic blanket,,,,,
931fb84a25504b38077d,book,Coaster,,,,,
f2b8225fc89be8c9eb43,fork,Coaster.,,,,,
e66ab3a906fa04090845,paperclip,Temporary fix for a broken flashlight,,,,,
2700cb7e3d33c229ca72,book,Gift decoration,,,,,
a63a57ac114d24395a28,can,Plant marker,,,,,
40e972561f036c31d251,book,Bookmark,,,,,
b12da0434ab705cdb00f,fork,Pencil holder,,,,,
917a16c8cd38ff4fc4c6,towel,Wiping down tools,,,,,
a3ab4c6eca9b77cd5dae,towel,Cleaning pet hair from clothing,,,,,
bd93011adcd662c6fc32,towel,Cleaning spills,,,,,
552cb8ed89e89f4b5017,towel,Dusting surfaces,,,,,
269f1a27acba91f35e52,fork,Sculpture tool,,,,,
ec5a7d61e52cda56c281,towel,Clean mirrors,,,,,
159ee3291ec36b159995,book,Bookmark,,,,,
09c1a81315740368190e,book,Planter base,,,,,
0f1719a104887ffdf443,fork,Photo display,,,,,
695aa3dbe4c2d182aa09,can,Bookmark,,,,,
58ced79892b3834fbcc8,paperclip,DIY jewelry,,,,,
c55e9ae6da74d3d3235b,book,Sketchbook,,,,,
07b8d20a06493c972750,towel,Dusting surfaces,,,,,
ffa74bc449b8a27d0c31,book,Decorative item,,,,,
4c16fe38fc43710ef43d,towel,Removing stubborn stickers,,,,,
0460bcf4618382f2cf6e,book,Base for a photo display,,,,,
e48f7c5b044c4c5a0983,towel,Sweeping up dust,,,,,
ab7df3b200c17c30506a,fork,Puppet arm,,,,,
f624ac65054d852c8ac9,can,Mobile base,,,,,
2e0e9787fae9bcb271ff,towel,Dusting surfaces,,,,,
01517c184af8adc523f7,towel,Dusting,,,,,
b734e89d62bd120b35fa,fork,Potting stick,,,,,
d59718da00d479a02169,book,Weight,,,,,
42d6e3843f3b833fd483,paperclip,Cord wrap,,,,,
dca9b895530c98773c81,can,Hair accessory,,,,,
115ef58021495c09e605,can,Lid rest,,,,,
5a71fc6e780fcf376761,fork,Picture frame,,,,,
641caf5694e116b3c383,fork,Bookmark,,,,,
22b76b83d0527d9e98b9,towel,Absorbing oil and grease spills,,,,,
7ad33eff61d7cce08545,fork,DIY craft tool,,,,,
3f8a00e634f6708cb9c4,can,Seed starter,,,,,
0a983eb7571a80155050,paperclip,Emergency screw,,,,,
45a7af1899213b941cb7,can,Plant marker,,,,,
d8c655908c7c53d42cf5,towel,Dusting surfaces,,,,,
bfa21b4082ec74071a23,can,Gift tag,,,,,
aad0d325c567dbf2f3df,paperclip,Bag clip,,,,,
82ba7b302de78e1ebb00,can,Curtain tieback,,,,,
4470c7e8a3cbb9038bcf,towel,Outdoor tablecloth,,,,,
02877391e2dbd88dd7b1,fork,Chisel,,,,,
01b865fd39651246c17e,book,Decoration,,,,,
f71425b1f423b4dc88fd,can,Measuring stick,,,,,
89813d09c166850f83b4,can,Plant marker,,,,,
fbf62a9addaf1d612862,can,Birdhouse,,,,,
78b95a1e215b299c28ed,book,Fire starter,,,,,
6a58c0d16a2a237c7b7b,book,Photo prop,,,,,
7f01bf78fd0ffd620898,can,Bird feeder,,,,,
edbfc96e6dd9904696a7,book,Desk organizer,,,,,
acaf9420697f9e80db42,can,Bird feeder,,,,,
d69bbf8821d500f0b170,paperclip,Marker holder,,,,,
367c8b669d378f8912c5,towel,Dusting furniture,,,,,
8dcd7aa7e70277454a7e,book,Fire starter,,,,,
4b53d867ea653fd782d0,book,Desk organizer,,,,,
6d19f4cf8769bbf79a0d,paperclip,Temporary fix for a broken zipper,,,,,
89b826c8d3b483f632c4,book,Bookmark,,,,,
55692d9ba6dceddb8ecf,paperclip,Wind chime component,,,,,
fe857403496873111d50,can,Paint stirrer.,,,,,
84586db020372bc5d519,fork,Plant marker,,,,,
3a265e877ca53a9e4984,can,Desk organizer,,,,,
042d04a12e5746bf2b84,paperclip,DIY wind chime,,,,,
7d66b086a3d61a01fca6,can,Bookend,,,,,
bdd89961fc62c5e5ddef,book,Trivet,,,,,
2dbb516c50879de88197,fork,Photo display,,,,,
f1423ed920ffcae51e85,towel,Cleaning surfaces,,,,,
5e1d1c6e882ed376805e,can,Picture frame stand,,,,,
94481e1606a2cf154b12,paperclip,Temporary fix for a broken zipper,,,,,
85941624de9a06a61b6b,fork,Wind chime,,,,,
f6240b5161e771349467,fork,Picture hanger,,,,,
aeb879b3278404dab94e,book,Trivet for hot dishes,,,,,
cec1f92dfa1e37f85648,book,Scrap material for crafting,,,,,
54152296716b32822ae4,can,Pencil holder,,,,,
42bb7a0f5e80fe143c5e,towel,Sweeping small areas,,,,,
7e011750c376dca437e1,book,Paper mache material,,,,,
3230124a968a315faa54,book,Gift wrapping material,,,,,
3dfa742aa38c0b2c8ca8,fork,Paint stirrer,,,,,
9eac7897121125a88f41,can,Vase,,,,,
5457718e468dbbf26dc2,fork,Bookmark,,,,,
283b0107f65c91fb794e,can,Photo display,,,,,
8d59becd24347ea1ca73,book,Book as a desk organizer,,,,,
a9ce57d6106b6e1c15b9,book,Sound dampener,,,,,
1309506d369448d2471e,towel,Cleaning delicate surfaces,,,,,
16f365095dc539bef69c,book,Decorative item,,,,,
05d72e6e047ff09dd5df,paperclip,Wind chime component,,,,,
fa56101e88732ccf6feb,book,Coaster,,,,,
4a7e1618a63445f80f67,fork,Paint stirring tool,,,,,
3682c423b2cb29f64ccf,can,Plant marker,,,,,
869811a7459f7f7e98e3,paperclip,Plant marker,,,,,
374bc06c749e5b317073,book,Coaster,,,,,
c0964ba50fb502835c95,can,Garden label,,,,,
3f94c046c7deb3595411,book,Doorstop,,,,,
04faa0541ab448d28c0a,towel,Picnic blanket,,,,,
cf528c38f332ca4c3ad2,fork,Pencil holder,,,,,
57362b10e504dea2a25f,fork,Sculpture material,,,,,
3025d2bb6543705a0b87,can,DIY picture frame,,,,,
4f613d2f7c893dd0dc42,paperclip,Emergency belt,,,,,
be67452d058dddc05bf0,can,Paintbrush cleaner,,,,,
4b961d0411e23b12f138,can,Plant marker,,,,,
b6b648f2f6b589947584,book,Coaster,,,,,
a8a4c260a6f88d9d5ea6,can,Bookend,,,,,
bab2c8d0d9b3d5824baf,can,Birdhouse,,,,,
04bb83d6d1e9abfc0986,can,Boundary marker for a temporary fence,,,,,
0f5eec32b9bc81bd7dc5,can,Wind chime component,,,,,
8f7c591e6c0d1e0abb2e,fork,Shelf organizer,,,,,
a1d25a3fa9fd2e038afd,can,Bird feeder,,,,,
4dfeaa73be04f552e6c8,book,Paperweight.,,,,,
c0903f3d028b9b367f36,book,Gift for planting seeds,,,,,
e80cc35d8d64b4515292,paperclip,Plant marker,,,,,
cab59ed86d2f3a31912d,paperclip,Cord organizer,,,,,
5e1e54cabe25a3686087,fork,Photo display,,,,,
9d44e7c0253152128a3c,fork,Wind chime component,,,,,
83d3bff48073ec2c0cc5,towel,Painting drop cloth,,,,,
fd472560ca5cd8084b35,book,Scrap material,,,,,
e907c1bc667aec4e9849,book,Decorative wall hanging,,,,,
36bc4cb90423c61f498a,fork,DIY photo display,,,,,
ae1ff345cfef4fd58c8d,can,Soap dish,,,,,
2b72880b80ff47bcff0a,fork,Sculpture base,,,,,
d68a90fe8a7cd9a3a849,fork,Plant label,,,,,
31ff82b5745fd28f54f4,book,Bookmark,,,,,
0fa0275ffed6ca6e6dcd,can,DIY picture frame,,,,,
0bd7abe3700091a5505e,towel,Drying plants,,,,,
15765d07d40e16ac53a8,can,Desk organizer,,,,,
e6132b530de9779bbddb,fork,Weed remover,,,,,
19c5ede146c97f2054c7,book,Paperweight,,,,,
435a45a481db6eaea392,can,Paint palette,,,,,
99e328410cc0bd040fb6,towel,Removing lint from clothing,,,,,
22f46d1969798e9409a5,book,Paperweight,,,,,
a95fec26d36ff8ba05f2,paperclip,DIY photo frame,,,,,
7dd960859ec1ba6594e4,paperclip,Plant marker,,,,,
25111c2872d33b6da7ac,towel,Lifting heavy objects,,,,,
07be397c94de475f1ca5,can,Wind chime,,,,,
c127482a3c552e75db59,fork,Bookmark,,,,,
c5397b2d9e205acca261,paperclip,Photo display pin,,,,,
74aee165a226b405e684,can,Bookmark,,,,,
70d68bbd4a9858c784d5,paperclip,Wind chime component,,,,,
82603813f7860e623d85,towel,Dusting furniture,,,,,
e425600889256d4cfb94,towel,Dusting figurines,,,,,
46512f04f8cf33a0ebbd,can,Paint palette,,,,,
989f6c45b46752b7612c,can,Pack weight,,,,,
b9f6debaa3d4a62f7022,can,Pencil sharpener,,,,,
e3de15492b819c1d254b,fork,Wind direction indicator,,,,,
0b5e65f15ded90719a6e,fork,DIY craft material,,,,,
8b687628b57a8d5b2a49,can,Candle holder,,,,,
29550a070faa5c96119a,paperclip,Mini bookmark for large binders,,,,,
4675b57167e59cd7fc6a,fork,Pot lid opener,,,,,
63b1131cb0dfbd3545d4,fork,photo display,,,,,
1eb0e993fce441e6f11e,book,Paperweight,,,,,
5305f3930f6c9efb8c15,book,Plant press,,,,,
994de24fcdea94c02ca6,paperclip,Geocache container key,,,,,
6b1c5f64dc4072a75484,can,Scent holder,,,,,
c804608cce7208da6aec,can,Plant marker,,,,,
1663ecc1b394d0aaf01f,book,Bookmark,,,,,
f45f6e7c619e660a90b1,paperclip,Picture frame clip,,,,,
0159a2d692941f92f0b5,fork,Wind chime component,,,,,
cad0f5b41fd74816345c,book,Bookmark,,,,,
384a4a629805b1ebcdf6,can,Photo display,,,,,
dfa2c4aa1f5c341d1e89,can,Plant label,,,,,
9e6ffdb0fbc49e635037,can,Bird bath,,,,,
905e15327e98357a037a,towel,Polishing jewelry,,,,,
199e9cc7ab1bb30ff2fb,towel,Wrapping fragile objects,,,,,
73aa8a07dfa7aa2b340d,fork,Small trowel for gardening,,,,,
ca2bf4d2309ba27b3355,fork,Temporary sculpture base,,,,,
5171e49a427a49571db6,book,Paperweight,,,,,
6bbeec1ffd3bea9a4960,paperclip,Emergency bag tie,,,,,
ab085e3417f37e8bc6ad,paperclip,Mini sculpture base,,,,,
485c5468632d15a1bd85,book,Art project base,,,,,
0bfbdfed2613995b20cb,towel,Drop cloth for painting,,,,,
55bed865542bbc47e66d,paperclip,DIY photo display,,,,,
e20f280483b191127a4a,paperclip,Plant marker,,,,,
c3f9d8d974dd9e6d2b99,book,Wall hanging,,,,,
41b98665366542b7e911,can,Desk organizer,,,,,
b00bc1d2fd78cd95ac56,book,Headboard,,,,,
e104b8db2cce4921d887,fork,Paintbrush holder,,,,,
d441b6b981fd2ee787a8,book,Doorstop,,,,,
7d4dc2366d862f0d0169,towel,Polishing silverware.,,,,,
24d495e8370dce0765b7,book,Prop for photo shoots,,,,,
466c4e82a3c7d6eb4264,paperclip,Temporary fix for a broken zipper,,,,,
d389d38a7beb2cf07b07,paperclip,DIY photo display,,,,,
673c4ec8ef0d6fe6e949,book,Bookmark,,,,,
987feefa651f9145a988,fork,Geometric art piece.,,,,,
e207ead55a5c936b0521,paperclip,Temporary fix for a broken zipper,,,,,
f739c02745c99cc32f23,towel,Sweat cloth for exercise equipment,,,,,
4a8be085577539fb23c1,can,Photo display stand,,,,,
0234c1cfc5e301f060f6,fork,Measuring guide,,,,,
163a56d38cc33fae6fc7,book,Coaster,,,,,
001e3728735cc40e6831,book,Room decor accent,,,,,
90eeefa47729c8e6c501,paperclip,Plant label,,,,,
23acaec571d09774bbc9,paperclip,Temporary fix for broken zipper,,,,,
d452261bcbf662d34d74,towel,Cleaning musical instruments,,,,,
5de00226db6184c22ea1,towel,Creating a makeshift drop cloth,,,,,
0b042d73803c6f4aae8c,book,Paperweight,,,,,
d7d2f56106dec6852e7b,book,Bookmark with a message,,,,,
41d3935c6b0c0cf356bd,towel,Cleaning mirrors,,,,,
16a16b4bcfda35b64b41,paperclip,Plant label,,,,,
d38ddc993d7b105733ef,can,Wind chime part,,,,,
6f510282c0c07541d997,paperclip,Geodesic dome framework,,,,,
69b60dbe14aa5bc2fcf6,fork,Desk organizer,,,,,
c3d80dbfe360ffcc96c7,towel,Cleaning mirrors,,,,,
8ec7aa5d16a7d36ef86c,can,DIY photo display,,,,,
af8cd9d388f862e44d80,fork,Pot lid rest,,,,,
c3bc370e13feaa098d6e,paperclip,Emergency clothespin alternative,,,,,
dce4dae94d8e53b20a6c,fork,Sculpture material,,,,,
7766f9972043ae157c5f,book,Decorative object,,,,,
1642679553be91818fa7,towel,First aid bandage wrap,,,,,
f40cad6e5db8b8a3254a,fork,Bookmark,,,,,
702d0dddbc6998a86642,book,Desk weight,,,,,
49e599ba10e58a469787,book,Paperweight,,,,,
d6f385d8459719863200,can,Birdhouse decoration,,,,,
b7fd75c2893db43b9423,book,Mini planter,,,,,
e764fa8faf5fd46cc0a3,fork,DIY jewelry,,,,,
fb32e3db213326e345b5,can,Tape measure holder,,,,,
120819205828ea756c75,fork,Bookmark,,,,,
58c82372ef0a77077280,fork,Measuring stick,,,,,
f71dee64177e6130b672,towel,Improvised bag or pouch,,,,,
6d4cbfbbf1663a47011b,fork,Plant label,,,,,
8bf27b40b09c61a07a34,can,Paint stripper,,,,,
c70a8c7c60b561fcbfc2,towel,Dusting furniture.,,,,,
1a1ee64d327f0f4590f5,can,Decoration,,,,,
872c1e3bb36257798c89,towel,Dusting cloth for delicate surfaces,,,,,
722e2efac59a0af15a93,can,Drum,,,,,
2d86af4a0ac9af88064d,towel,Wiping down kitchen counters,,,,,
49c2f1d665e7127bb7e2,towel,Laying down for picnics,,,,,
ab09f3794c050e5f71b4,fork,Measuring stick,,,,,
ff28b42e13977df155c3,fork,Measuring tool,,,,,
eca48e921fddec0b7013,fork,Geometric art piece,,,,,
d942caf3d8106367b6f8,can,Bird feeder,,,,,
fb876a287174bee30cc2,can,Plant marker,,,,,
2ab5edcc22c9afceb5bf,fork,Plant label,,,,,
cca618743e2497ef006c,paperclip,Curtain tieback,,,,,
dff3f59fc75910d076bd,towel,Making a homemade sensory bin for kids,,,,,
ce77db38555456172d35,towel,Protect furniture from spills,,,,,
b0bce1cd67c131fc371b,book,Musical instrument,,,,,
b1614998ed6bfb5e1091,book,Decorative item,,,,,
1d448b9f57b2c488d984,fork,Pencil holder,,,,,
59c795a8eb377ddd6deb,paperclip,DIY jewelry,,,,,
a19c888f4e048c6c5014,towel,Drying plants,,,,,
089ce681058a0126b5cc,fork,DIY crafting tool,,,,,
0cde2ad603fd7190435f,paperclip,Emergency cord,,,,,
7bb71e6907e686b8db88,fork,Wind chime component,,,,,
691b6444a0c7211c47eb,fork,Wind chime,,,,,
8e39415b2e9ac5b9b781,can,Plant marker,,,,,
ef05e2a7ea3f4007fce0,paperclip,Jewelry organizer,,,,,
bdbe04d49e934d322f73,fork,Bookmark,,,,,
76f0f16047e94957603c,fork,Mini shovel for small plants,,,,,
8e2b0a5a808b7a8f3792,book,Trivet,,,,,
8a7dedd23ece65a534dc,paperclip,Zip tie alternative,,,,,
0f9d2db9716c76e400e3,paperclip,Temporary repair for a torn page,,,,,
1b3da94718077da225ec,can,Wind chime,,,,,
ba786d11625e5f5dc0e4,can,Gift tag,,,,,
4461a5b590a9f7591da5,can,Scent holder,,,,,
0681f8f6dde44c4e9b2d,book,Unique coaster,,,,,
8c9e427a31e35dc5970d,fork,Plant marker,,,,,
244f522786428f5fc740,book,Paperweight,,,,,
d5f5bf94073c337f6be9,paperclip,Cord organizer,,,,,
ff2e617e786ab58e25fe,book,Gift box,,,,,
c18b2d895daeefc90e52,towel,Dusting furniture,,,,,
a0f3578e57e7641a2694,fork,Sculpture material,,,,,
60792d55551ef75ebdeb,paperclip,Photo display,,,,,
669ae14cc47d46b17769,can,Bookmark,,,,,
641e40acad75888c8311,book,Decorative item,,,,,
797c414d39a8c496fc10,paperclip,Cord organizer,,,,,
146ebf2eec31bf6fa985,fork,Coat hanger,,,,,
4779dabd47e2c77a2d2b,can,Picture frame,,,,,
6d6369a440e9531bd020,paperclip,Zipper pull,,,,,
f0924cc9a99129f9436b,book,Bookmark,,,,,
55e9556f4d7f90aa8d52,can,Macrame project material,,,,,
b2053e87e556511fbbb1,towel,Impromptu picnic tablecloth,,,,,
4b5a1d399532ef44be12,paperclip,Cord organizer,,,,,
9799a4413d0e9303723b,towel,Cleaning spills,,,,,
429296224807d3ebc024,paperclip,Plant label,,,,,
34a422556520825a86ab,paperclip,Fishing lure,,,,,
f779640a277d5550015a,paperclip,Plant marker,,,,,
eb2945a4a9fbc6c6a795,book,Coaster,,,,,
b09f749b32580cf63bd5,can,Painting palette,,,,,
a06eea7891580c459927,book,Book as a paperweight,,,,,
efc0ce1d5304c2360389,book,Decorative centerpiece,,,,,
efead47d1b299adc4dd3,fork,Measuring device,,,,,
cc55389d0dc1abc0bc03,fork,Plant label,,,,,
785cec06244f5153fd6a,paperclip,Small bag clip,,,,,
1581db12c6819666e00b,can,Craft project base,,,,,
f338b345b37cc2b1aa2f,fork,DIY stake,,,,,
60938fcc07b0a0893172,paperclip,Cord wrap for earbuds.,,,,,
35b668d6c040ef20c3da,book,Decorative item,,,,,
e70613a2f8e97c3bcdc5,paperclip,Tie clip,,,,,
9fba698e1aa9f977afaf,book,Fire starter,,,,,
5054ae40de12d6a55a87,paperclip,Photo display,,,,,
982347fce5d01b55ac0e,paperclip,Temporary fix for a broken zipper,,,,,
7cd43e58f6024cbe8de5,book,Paint palette,,,,,
953c899ffea5aee1a7f4,fork,Doorstop,,,,,
ae86832d5943812e6fe1,paperclip,Emergency cord repair,,,,,
563b3ab1774197771f9d,fork,DIY bird feeder,,,,,
4123baab2bb06f178cb6,book,Desk organizer,,,,,
801d560a6c200299d4c4,paperclip,DIY craft material,,,,,
9076959a8eeab4ad5d36,book,Backing for a wall art,,,,,
1221dcfd670816094f8a,towel,Absorb spills in the garage,,,,,
b588d5fce69fd6b65f55,paperclip,Plant marker,,,,,
79ec855c79e5373bb283,towel,Crafting material for decoupage,,,,,
f5b036b2628aa8fe173a,fork,Pencil rest,,,,,
b8049a470ac99c9ae35b,book,Coaster,,,,,
84c11fb24eae0053d4c3,can,Snow sculpture base,,,,,
c421fe972ac8ac09e648,can,Pencil holder,,,,,
096c358aa8f17d68b860,fork,Small tray,,,,,
ae1bbd49f70fba529e01,can,Drumming practice tool,,,,,
89078ea9ac13b5fbc377,fork,Desk organizer,,,,,
a89ab506952092843870,fork,Paint stirrer,,,,,
cf6b9f1fee7233a7f438,fork,Jewelry organizer,,,,,
25ee13136efcceff447a,fork,Fire starter,,,,,
07dc5638ec6d6ed4c547,fork,Emergency zipper pull,,,,,
6bc1740ab36925c65a69,book,Plant stand,,,,,
bf079e60a93c833394a8,towel,Making a picnic blanket,,,,,
9c7d3f5baa5fe53daf42,can,Pencil holder,,,,,
75987ec760d5d6ecadad,towel,Absorbing oil spills,,,,,
c887e1145b7fdaf116d5,can,DIY craft project,,,,,
a9a0e186998e05de92ee,paperclip,Temporary bookmark.,,,,,
118965ba83092be7afc6,can,Photo display,,,,,
f2381e667593e9005e24,can,Pencil holder on a desk,,,,,
14f9c6824dfc166ed4b2,book,Bookmark,,,,,
0016018c3a9b886d80ad,paperclip,Mini cable tie,,,,,
e1a51aa9e00d324278c1,can,Plant marker.,,,,,
1859a7d3e501195f3e49,can,Room divider,,,,,
553cdcd9e0ae7ad61c14,book,Coaster,,,,,
3deaec7246f2082d9fdf,book,Coaster,,,,,
a99e338585ed695dc6db,towel,As a drop cloth for painting.,,,,,
26ba1379da411b29d9f6,fork,Tent stake holder,,,,,
6d3207d48ca5736e965d,towel,Wiping down tools,,,,,
ae19d580ce56d43c2ab5,paperclip,Plant marker,,,,,
f42dee5dfd0d6132b219,book,Book as a unique gift box,,,,,
a6beca266a3910f4c97f,can,Weight for a small object,,,,,
3dc0ce90d6a57385f38d,book,Candle holder,,,,,
5e6f7fb712efe6c5bcfd,book,Gift decoration,,,,,
de651cb7be97913d51df,can,Photo display,,,,,
5ea566c3fa194e743cff,paperclip,Plant marker,,,,,
9badc1bc0dfa1a2779bc,can,Pencil holder,,,,,
5acc49ef3626f709acce,fork,Inventive plant marker,,,,,
4781f96384875f261aa0,book,Bookmark in a magazine,,,,,
478f3322676ec94c9c20,paperclip,Cable organizer,,,,,
df1239a1e8001a3fd675,fork,Coat rack,,,,,
e1f9ba3ebce00a250c94,towel,DIY drumhead,,,,,
3cb0b6672f2e53114bc6,fork,Macrame material,,,,,
0098b79cb2edb581189e,fork,DIY picture frame,,,,,
1f2d835a66f2dde57d7b,fork,Crafts materials,,,,,
566f92eafab8113cd94c,paperclip,Wind chime,,,,,
cc3313e254e08753c08d,fork,Photo display,,,,,
75d8e8f326bf966dd6b5,can,Mini greenhouse,,,,,
c4ebef667cf79b7e1a7a,book,Coffee table book,,,,,
839cae4702f6b8fddc21,towel,Dropping a makeshift costume for a costume party,,,,,
e9110ba3800c0c31b4d6,book,Stationery holder,,,,,
7c844c8a908166a02dbb,book,Decorative item,,,,,
96f0497d2e5a13dff7eb,paperclip,Temporary repair for a broken zipper,,,,,
6302e90a7dfb0fa7c96a,towel,Creating a makeshift picnic blanket,,,,,
5c81fe15468007017f1e,book,Gift for a diplomatic visit,,,,,
0624ee118ec4e4c394a8,book,Bookmark,,,,,
802100460dd13f8e1d9c,towel,DIY craft material,,,,,
1500e0a8cdb3906a86f9,towel,Drying pictures,,,,,
becacf798e54c1079d98,book,Trivet,,,,,
faddbfa32b0706d8ba4a,paperclip,Zipper pull,,,,,
fe461b1abaee5f7ec982,towel,Wiping down surfaces in the garage or workshop,,,,,
7d6df190da97f941d21b,book,Wedge for holding a door open,,,,,
1eafd645124d77e284f9,towel,Drying paintbrushes,,,,,
f623f6a840773e78460a,fork,Craft stick,,,,,
304df327dcb7ca333aa0,paperclip,Temporary fix for a broken zipper,,,,,
f53917e910ea3ff7fb28,towel,Cleaning spills,,,,,
1253c2ffb93c94a7ee80,book,Trivet,,,,,
a21367c8dfcbdfde3321,book,Photo display,,,,,
6dc9c8a474a586b96abf,book,Decorative wall hanging,,,,,
88af618528a202db9433,towel,Cleaning delicate surfaces,,,,,
ebc98211a64f243b9e80,book,Decorative item,,,,,
0f9e05d4ba12b764c8e4,book,Prop for photography,,,,,
00d6622503e21e575c4e,book,Soundwave art display,,,,,
56025b36c30a6ef9eba1,can,Photo display,,,,,
be06fd571439220b385d,towel,First aid wrapping,,,,,
2ffd366e1c581bb5ec56,can,Plant marker,,,,,
a600d5b7cc715e451c46,fork,Pencil holder,,,,,
e26165e74b55dc18db99,paperclip,DIY wind chime,,,,,
7fb5f66b6b9d37209a87,fork,Candle holder,,,,,
1a7bd518bc6d5f4001dd,fork,Plant label,,,,,
296f391033b6460581f6,can,Photo display,,,,,
bd3c0684ca11555b473b,towel,Absorbing oil spills,,,,,
1b7408b03af5fa4d9035,towel,In photography as a diffuser or reflector,,,,,
29b0dd4fbe05463f6f0f,paperclip,Temporary fix for a broken zipper,,,,,
c348a0826e1d7d191573,book,Coaster,,,,,
eb7dc3cc3fc1bb495a4d,book,Trivet,,,,,
bb696b3cde12067d5840,book,Doorstop,,,,,
055904318ba722fd2b3f,can,Paint stirrer,,,,,
63d35469b33f9ffa188a,paperclip,Curtain tieback,,,,,
69cd746e046e184852d6,book,Bookend,,,,,
b7500bad7427c5be63b3,fork,Pencil holder,,,,,
6827385a711b2dd4f27a,can,Cable tie,,,,,
f50dc2fe318a38b7b4e8,can,Fire starter,,,,,
dcd1cb29a0091064c6b6,fork,Desk organizer,,,,,
6d6fc3196816e7b4ae35,book,Desk organizer,,,,,
90e77bcf8c81b47e0c66,fork,Bookmark,,,,,
6d560d46b3c4c1ccd1ea,fork,Candle holder,,,,,
900c0106964a9c019e45,paperclip,Cable management,,,,,
67e1ecc19a2e3666c72a,book,Coaster,,,,,
f310a0e1f0d2aacf50de,book,Weights for yoga or other exercise,,,,,
cd82d38cd9a6b11c7369,paperclip,Mini bookmark for small books,,,,,
9c588dda291183466b63,paperclip,Cord organizer,,,,,
ac4e1082fc6da9a3d03c,book,Bookmark,,,,,
66420c042ba9c6b66467,fork,Photo display,,,,,
7964a16823d937219211,can,Plant marker,,,,,
535fc68b72e1f9464c8b,can,Painting palette,,,,,
3205c20ee961bd296155,can,Paperweight,,,,,
923e6e24b5c21e5e4fe2,fork,Desk organizer,,,,,
bf102706982ddcea8011,can,Plant marker,,,,,
f51bec048ce4565cc625,paperclip,Temporary repair for a torn page,,,,,
27413d955c2820b92100,paperclip,Photo display,,,,,
862e234ebeb945043b9a,fork,Paperweight,,,,,
027440596457fbd6b683,towel,Polishing jewelry,,,,,
0a5218891d29c9d383b3,towel,Create a DIY bird repellent,,,,,
336d13b7ba39f4d06477,can,Bird feeder,,,,,
cf8c4e447127dc73f33c,paperclip,Cord organizer,,,,,
a450702050d42994e689,can,Mini planter,,,,,
24cbf0d94d1b3cd2ff7f,fork,Mini herb planter,,,,,
d472cc7847afb9e61904,towel,Removing lint from clothing,,,,,
0306bb208c102a1c71e3,towel,Dance rehearsal sweat absorber,,,,,
bb4c6552d587bc1a1edf,fork,Plant marker,,,,,
4578e9ffdfb261fe1c65,towel,Cleaning spills,,,,,
6dae878a452ca9926dc5,paperclip,Picture frame clip,,,,,
81033963475b030a7ab1,towel,Cleaning windows,,,,,
965cbc3993919b68a76a,can,Candle holder,,,,,
27bd03df8f5f11290030,towel,Cleaning makeup brushes,,,,,
5a8c08e4e7c02e765866,fork,Gardening tool for transplanting seedlings,,,,,
b192d046df401c693b85,can,Pen holder,,,,,
dfecf3371928f30d57b9,book,Wall art,,,,,
4440df9a0047025c41fe,paperclip,Bag tie,,,,,
096c0e2171cc66ae844d,fork,Bookmark,,,,,
c0094636aa4362fd914f,paperclip,Keychain,,,,,
c9172012102885b72276,paperclip,Zipper stopper,,,,,
bde36574245c52928742,paperclip,Emergency belt repair,,,,,
0c3e36f79fbeb88c2080,paperclip,Plant marker,,,,,
250e0a131c35d094e407,fork,Bookmark,,,,,
f81e0bfd31a5cb41e7d4,can,Waterproof container,,,,,
28f4337ce8736f61b7f9,fork,Wall decoration,,,,,
3b81984f81b090ed7b5e,can,Plant marker,,,,,
1e53f618e499a1f33fd8,book,Trivet,,,,,
13d1ef22af46a44d0878,book,Decorative item,,,,,
0548e011324e1238670e,book,Book as a paperweight,,,,,
805bd1bebdab7994ac48,can,DIY drum,,,,,
6705e83d27bdaa55928a,book,Gift tag,,,,,
e9d7a789508f10d902ee,towel,Drying a wet pet,,,,,
8986b0033ac263a03b94,book,Weight for a down comforter,,,,,
581928284617d14317b8,book,Decorative item,,,,,
4edbb734fef4872c1cfc,can,Wind chime component,,,,,
5d7d5b6bcb447d740a9e,paperclip,Paint stirrer,,,,,
49c161e1e98ce3522bc7,book,Plant press,,,,,
588bbe0375a61257f669,towel,Cleaning pet paws,,,,,
2b4aa8755d009372947b,fork,Plant label,,,,,
511048c122e58a5ce7a1,paperclip,Pencil holder,,,,,
ea93241146bebd522a08,book,Plant marker,,,,,
f233981643d86ecbcbd5,fork,Bookmark,,,,,
6f2d9f46f80b66eb3951,towel,Polishing surface,,,,,
336e1803b750629e4ba0,fork,Pencil holder,,,,,
d76584f1c96cb42bbe17,fork,DIY wind chime component,,,,,
e90198fdabd211444d9a,paperclip,Temporary fix for a broken earring,,,,,
4f1cd18c3be18eb92987,towel,Protecting furniture from water marks,,,,,
79507a109a768da2e65a,paperclip,DIY photo display,,,,,
ebb577346ba84fe96a53,fork,Picture frame stand,,,,,
87bcf342e4076ca62881,fork,DIY bookmark,,,,,
75ee3a5fba14a13c770a,can,DIY bird feeder,,,,,
781b3a1244f80d527738,towel,Protecting floors from wet paint,,,,,
45e635077568e8c1f8c5,paperclip,DIY tool holder,,,,,
1a86ca85296a12c69e0a,towel,Wrap small items.,,,,,
03f0540780fac3b52423,book,Bookmark,,,,,
904f27a236072d868863,book,Coaster for a water glass,,,,,
1931c3456260c3b721fb,towel,Cleaning golf clubs,,,,,
4b89a2913291486dcf91,book,Paperweight,,,,,
4ef77040f726349b013d,fork,Bookend,,,,,
ca015c81ca35c1653414,book,Coaster,,,,,
319af241aeede1d345e8,paperclip,Plant marker,,,,,
15b5a28f96ed4e1ecfe7,paperclip,Mini plant marker,,,,,
02b3f99ff2064a80a223,paperclip,Cable organizer,,,,,
bebc17b16d10edcdaa5c,can,Candle holder,,,,,
7f70c5a5f93e6244d70e,paperclip,DIY jewelry,,,,,
a17d0efe3b763e34c256,paperclip,Hook for hanging small items,,,,,
0bb09e758f846e3b3c2f,book,Book as a prop for photography,,,,,
923bdf9bd31cd644e6c8,can,Planter,,,,,
ff409939133a8ebd59d1,towel,DIY crafts material,,,,,
d5a2db3fcfb02510d7bd,fork,Plant label,,,,,
95b8dd95e07745b90e8b,paperclip,Mini plant label,,,,,
dc22d96c1a3926c790b9,towel,Removing lint from clothing,,,,,
cc9ac1d35b1227950c00,book,Sound absorber,,,,,
18facf802db4b1488297,book,Bookmark,,,,,
7924fdbdc329f5c2d7ec,towel,Cleaning spills,,,,,
504d4a599e169247b9d8,paperclip,Temporary fix for a broken chain,,,,,
75b72e15e6a20aed9d65,book,Coffee table decoration,,,,,
fcbf64fa8e8e7e3de6f9,book,Book as a coaster,,,,,
310adeadc7fa1022019d,paperclip,DIY jewelry,,,,,
1b3bb90ac6dc63d9e8ac,towel,Outdoor movie screen,,,,,
a3bd4b681f8f51a3b98b,can,DIY picture frame,,,,,
ef956bf093ca5cca807a,can,Wind chime,,,,,
a1ebf5225a80a658a658,paperclip,Temporary repair for a broken zipper,,,,,
bb5615ca7fbab7d2df57,fork,Wind chime component,,,,,
5cbd1ca33c9e62fa21e3,towel,Cleaning windows,,,,,
0a16182fe3e11c8406d7,fork,Desk organizer,,,,,
701c9d9d33268b0cbb90,towel,Absorbing oil spills,,,,,
68ac0bd14dbd67987cb2,paperclip,Plant marker,,,,,
d28ccc8c9deb1718b9fb,fork,Bookmark,,,,,
c62ab99831f1132a453f,towel,DIY photo backdrop,,,,,
29b1e432ccf7a12efdbb,towel,Wiping down surfaces,,,,,
bbe4bc3af22e347b8b7f,towel,Protecting furniture,,,,,
f52fbad59977b85e7452,towel,Polishing surface,,,,,
c8f07ae7761e75903be6,can,Coat rack,,,,,
f79fb31b7c14520a4d32,paperclip,Temporary fix for a broken chain,,,,,
2e4c8dc655479c1a3457,fork,Herb marker,,,,,
7cca51ce593e2acaf988,paperclip,Bookmark,,,,,
9e70e8aa4e0ac556a6fc,book,Picture frame,,,,,
88111af83b4ac16155a3,can,DIY photo display,,,,,
bfdf7a78dae5262c962c,can,Wind chime,,,,,
26708f5f9bf2772ac5ae,fork,Measuring tool for small spaces,,,,,
1b6ee722a9556afd519a,can,Pest deterrent,,,,,
442267b5cd1d4152d6e5,book,Background for a still life painting,,,,,
ad0e58757eb49f1545d7,towel,DIY outdoor movie screen,,,,,
c1e7ef9ed8cc3811c1c7,fork,DIY photo display,,,,,
c9e8ba478a6be6e0662c,book,Gift box,,,,,
5c15dc00d222a908abb7,can,Planter for small plants,,,,,
3f585540e4ca1eb361b7,book,Plant marker,,,,,
397b74535e9dd2fa1f43,fork,Mini sculpture base,,,,,
e4b684077740472a2e42,can,Hair accessory,,,,,
99237ef8801422090110,can,DIY photo display,,,,,
3bef5e4c0e34cdd15090,fork,Plant label,,,,,
07bafd547529283f0ca7,paperclip,Emergency temporary fix for a broken zipper,,,,,
ef907876db5f53ecd147,towel,Stuffing a drafty window,,,,,
af1fe6d3218539dc1ebd,fork,Mini bird feeder,,,,,
a062aeebac441c9affe8,fork,Marble run component,,,,,
d6fea1d8c92bb23ad4d0,book,Weight,,,,,
f09701608a07ce7dd827,fork,DIY picture frame,,,,,
b3dfb539b5e25dc78803,book,Desk organizer,,,,,
286e4b1f5fa920780efd,paperclip,DIY zipper pull,,,,,
0c9c7377a4915a07ee09,fork,DIY photo display,,,,,
35bf82a579c1342906d5,fork,Bookend,,,,,
40bda247c774e7d10f30,book,Bookend,,,,,
a36955d30119ca8a024a,fork,DIY craft material,,,,,
90736df4f225ffd6fe33,paperclip,DIY photo display,,,,,
c6b9ac74facf7fd04c68,fork,DIY craft material,,,,,
2e5ffed2a69448cdbec6,paperclip,Cable tie,,,,,
06b5a1e5b30d1b4012ac,fork,Chalk holder,,,,,
f768fbb6f518ba2ace6e,fork,Candle holder,,,,,
0de08ae2b8f483239468,towel,Drying delicate items,,,,,
af20ba79684216990c0e,fork,Plant label,,,,,
d8653acc5c11fc30f66b,fork,Bookmark,,,,,
b57b48f36dc5f3c7c45a,paperclip,Mini bookmark,,,,,
b18c0b0043b15338e3bf,fork,Sculpture material,,,,,
a00070837c97443c5481,fork,Picture frame stand,,,,,
41c6533954994d0c71a6,book,Gift wrap,,,,,
1bb0779c3ea5a200d5cc,fork,Bookstand,,,,,
e30c5d4addd21d11b962,book,Wind chime component,,,,,
afe70eec3e16c1e62598,fork,Bookmark,,,,,
93e70c173947fd69081f,paperclip,Photo display holder,,,,,
81dea18346aed2c15413,paperclip,Plant marker,,,,,
98469346070fc009805d,paperclip,Plant marker,,,,,
17dd4b371b8581d18153,book,Desk organizer,,,,,
e3d137bda915359d8355,can,Paperweight,,,,,
68cdf48a64a51653158c,book,Desk organizer,,,,,
03326d26d38997a2f880,can,Macrame project material,,,,,
b5688beab9386f25c2ba,towel,Drying paintbrushes,,,,,
bcadbe222a03f0682fc9,book,Trivet,,,,,
95025de4cbb4b4d3e0c0,fork,Pot lid holder,,,,,
06de920875ca64d22b45,book,Decorative centerpiece,,,,,
fa89765f60b2833bac5b,can,Bookend,,,,,
739a223b4f8ab0d18370,book,Decorative sculpture,,,,,
f5e275159341847426f8,can,Planter,,,,,
b422b1a8e40478cd229e,paperclip,Mini magnet,,,,,
5b3da0ac5583fb36d621,towel,Polishing jewelry,,,,,
959b5093cd7f2b21a84a,towel,Sweeping floors,,,,,
64fe5ae85f7a05106ed9,can,Bookmark,,,,,
5088f4f1eefe33436e37,paperclip,Geocaching clue container,,,,,
da5ab6fd680696c8b8f5,fork,Pencil holder,,,,,
228b946861f8bf988770,can,Desk organizer,,,,,
3cbc0321ade835555674,fork,Wind chime component,,,,,
caf263539e64de9e5cf7,book,Decorative item,,,,,
040ec50ffa6a4a64dba5,fork,Plant label,,,,,
85582740d903ee3cbfb6,can,Seed starter,,,,,
c1959e48a4a8506ff298,book,Prop for a photo shoot,,,,,
c3b5ecc7462c6d1a3cd8,towel,Cleaning up spills,,,,,
a903ac9205a11e174fe6,paperclip,Temporary fix for a broken zipper,,,,,
c33843edf837a7601618,can,Plant label,,,,,
ea5d3e6ae5c38d0eb85d,book,Coaster,,,,,
8c7d65d97d5a8765782c,fork,Cord organizer,,,,,
06ff69e4153f59749d51,book,Fire starter,,,,,
4b4bd5273479c9a00437,can,Plant label,,,,,
51d76950a72f78ec7c6a,book,Paperweight,,,,,
9d4025634c5fd81b1ed8,book,Desk organizer for pens and papers,,,,,
be3d795616046979cd27,paperclip,Label maker,,,,,
b9a7d91eaeac044e76bc,towel,Polishing silverware,,,,,
94146932a961b249113d,book,Coaster,,,,,
1b326252f335d5e276a8,book,Decorative item,,,,,
6ec6aef547de2331b7ec,paperclip,Tie clip,,,,,
c4f4ff0615993cbb7d81,book,Coasters,,,,,
081f8fcde80f4310ee18,book,Picture frame backing,,,,,
66e7731fc6b34fe6527e,paperclip,Bag seal,,,,,
c3946f4551906d89f8e4,towel,Wrap fragile items,,,,,
85642ad8fa881a6553fb,book,Art supply,,,,,
788a87844064344d4050,book,Wall hanging,,,,,
4c92ac6345a409ca5745,book,Bookmark,,,,,
e8e2a0e1979fdf0ea865,can,Wind chime component,,,,,
313d293289c49ba9a9b5,can,Desk organizer,,,,,
13d81df2ae92a2874887,towel,Cleaning windows,,,,,
67d9ac0457260465379c,towel,Cleaning mirrors,,,,,
3c17303d3268091d25b1,paperclip,Bookmark ring,,,,,
ab154a066d0b9c0648e6,towel,First aid wrapping,,,,,
325bb7a65daa9399a5e6,can,Birdhouse,,,,,
9f2c79671508e1fee5c2,book,Bookmark,,,,,
e41315291b9c988d28f3,can,Plant marker,,,,,
3a9073956ea8832899ec,can,Layering material,,,,,
e94c80a7293c4bcd4083,can,Candle holder,,,,,
df2a3968f78d26bd9d91,book,Book as a paperweight,,,,,
fc3fb09968e0e454aaf2,paperclip,DIY guitar pick,,,,,
95cb3cd0e19ba66f2979,can,Desk organizer,,,,,
8059f6190b9e286ceb9c,towel,Cleaning between keys on a keyboard,,,,,
0ddb54aa3bdc2a86b818,fork,Musical instrument pick,,,,,
2076f49b7c45311f0058,fork,Sculpture material,,,,,
f5407a9c09d2289a64a4,fork,Picture frame,,,,,
c257df2bcc41d302bafb,towel,Polish metal surfaces,,,,,
de1d32f8c49d95d12e31,towel,Making a makeshift bandage,,,,,
9b9277e6397993804cc3,fork,Bookmark,,,,,
435223a7aec58884958b,paperclip,Cable management tool,,,,,
a11548887f935241b330,towel,Painting baseboards,,,,,
2a1bd1aab925192033eb,can,DIY bird feeder,,,,,
5215f747b89f249d8d44,fork,Photo display stand,,,,,
6a99223ccd348327c4ab,can,Craft project material,,,,,
0a3c977cd77aaaffc337,can,Sculpture material,,,,,
59557e40d01ecc390ea3,fork,Rustic coat hook,,,,,
d9660f4ca223aa559f9e,paperclip,Plant marker,,,,,
dfdefaee278e9efee3c6,fork,Picture hook,,,,,
6120f1131d61ef56b6f9,can,Photo display,,,,,
cdcee2afa848a8c6deac,fork,Wind chime component,,,,,
9b9c16408b034aed3215,paperclip,Cable organizer,,,,,
ca28a6a0f04adf468247,towel,Dropping items from a height (as a makeshift parachute),,,,,
902b06de3e6ea831e0b0,book,Journal,,,,,
3f7694a4be96fa3edc07,fork,Cord organizer,,,,,
b648c09cd11358be4427,can,Bookend,,,,,
5fd1c6caad97471b76cb,book,Coaster,,,,,
f6764d7477519b0af7ba,fork,Spreader for small items,,,,,
a1c984086e4da6898959,book,Gift,,,,,
18ed9511de46947e81ac,fork,Paint scraper,,,,,
fdb20fd9971c978e5afe,can,Measuring spoon rest,,,,,
ec9fa32a6bfc0aed4022,fork,Wind chime component,,,,,
3273e67daa08947e7608,book,Bookend,,,,,
558bad65676f0791b775,fork,Plant label,,,,,
5b0f645ba8315e311fce,paperclip,Temporary fix for a broken zipper,,,,,
784cb9a32edc916fba47,can,Planter,,,,,
89618e73ceb6bf39dda2,towel,Drop cloth,,,,,
4a348e6417337737df7c,towel,Cleaning up spills,,,,,
a01a49a094339f0b0669,towel,Insulating electrical cords,,,,,
8a413e5c6c85a1c839fe,paperclip,Geometric art piece,,,,,
c1e8c8c685b615d7008d,fork,Real estate marker,,,,,
e6bd7473b896eff91dce,paperclip,Jewelry organizer,,,,,
38f7327953a5c04a9962,towel,Event party favor,,,,,
c47c45b4e2dfccf78ce2,fork,Wind chime,,,,,
a9eeb52de0c7cfaa3ff4,fork,Cord management tool,,,,,
2ee1fbf772dbb5b76e96,towel,Lifting small objects,,,,,
4f4b8dfb819a6025b5e8,fork,Bookmark,,,,,
a0554cb2a0f918af438b,towel,Removing lint,,,,,
7c60418888d71b0c32c0,fork,Coat hanger,,,,,
951dc3bc3269104a0803,fork,Drumstick,,,,,
9d564c573d24f8873781,paperclip,Bookmark,,,,,
dc053aeffbe7c3b8fcf2,can,Scent diffuser,,,,,
39164b5288a7a766b074,can,Plant marker,,,,,
2a1fafa3572bdea89f66,paperclip,Zipper pull,,,,,
f66d3a43c6fd00dfb21d,can,Plant marker,,,,,
d61d8fb54d00b839bba4,paperclip,Geography map guide,,,,,
c42a7b7b5a176d3d9549,fork,DIY jewelry holder,,,,,
6fcdf35658d73c763743,fork,Mini planter,,,,,
c7b73c8283f8fbba62cf,can,Coat hanger,,,,,
ba77cfd119ff350d6500,paperclip,Cord organizer,,,,,
042331caf9cbef9d177b,fork,Drumstick,,,,,
c4276f2ea9549f79335b,towel,Emergency blanket in a survival kit,,,,,
25cd67530de97288d1a4,paperclip,Cable organizer,,,,,
e2d9fa65e186ef0cf18d,book,Insulation in a craft project,,,,,
f2bae4fbf0bf46619fdd,can,DIY picture frame,,,,,
94e96d28343f5b459f2a,can,Base for a terrarium,,,,,
a35adccb984ae9cab4e8,towel,As a picnic blanket,,,,,
21133646fee630393b85,fork,Bookmark,,,,,
91c66ec8863e63547334,book,Decorative centerpiece,,,,,
012d3fd728c1209817b4,paperclip,Bag tie,,,,,
6df5047f0642ad3f524a,can,Bird feeder,,,,,
68badb70fae2695bb478,book,Gift for a housewarming,,,,,
c105aaa47a223ad120a5,paperclip,Bag clip,,,,,
00485613605e21f93b50,paperclip,Plant marker,,,,,
ad6b8f5f337d959e69e2,paperclip,DIY bookmark,,,,,
4cca8a662bdbee63ab91,towel,Dusting surfaces,,,,,
75074d6480a7e4d6b506,towel,Drying wet paintbrushes,,,,,
7ee834328b670a7f032b,book,Plant press,,,,,
36690552c2c707120e41,book,Desk organizer,,,,,
1cc9205f24388b12bd39,paperclip,Book page marker,,,,,
37affb44671d9fc9be45,book,Coaster,,,,,
e03ffce9590e2760c64d,fork,Small paintbrush,,,,,
5edd7a156eff8b10a556,book,Journal cover,,,,,
19610f3d6dcc89b20a87,fork,Plant label,,,,,
5a31ab08521ffc0ee03e,fork,Plant label,,,,,
d45a6b0229f3415bcef8,can,Homemade drum,,,,,
88247ff00c0c30937187,fork,Herb marker,,,,,
8c4eb7425b4d22d86016,towel,Crafting material for tie-dye or other art projects,,,,,
3b3a362cd379ad674ace,fork,Picture frame hanger,,,,,
89b8a00de5e38cb869ee,can,Shelf,,,,,
deda1da40cc1a7090980,can,Prying tool,,,,,
36b9b725ad67ca55cf25,book,Candle holder,,,,,
9e8e4e89cd978ebebb25,paperclip,Emergency repair for a broken belt,,,,,
d0fb4aaa14e2f9ca77f0,can,Paint stirrer,,,,,
9e8a7b4651e6860e2460,fork,Measuring instrument,,,,,
fa3002d1d54758c57a82,paperclip,Cable tie,,,,,
e3669bdf22a193264021,towel,Polishing jewelry,,,,,
f11785772ab751c888fe,can,Scented diffuser,,,,,
f2f244a81ecd12355e8b,fork,Bookmark,,,,,
e098e22f742e42cf5c6c,towel,Dance prop for performances,,,,,
7cf03ecb3d3ee7251b0d,paperclip,Cable tie,,,,,
99d71d5d53cdf5a8e093,towel,Tablecloth for outdoor events,,,,,
e99a23594ffaff9ca046,fork,Bookend,,,,,
8412e7908726476cdedc,book,Gift for a housewarming.,,,,,
828eedd55de23c40ad9d,paperclip,DIY photo frame,,,,,
3e66c6693d1b370ce191,book,Sound dampener in a room,,,,,
6faa79b3cbcd3f37d66b,fork,Wind vane,,,,,
748fd82fa130af7b84fd,paperclip,Temporary fix for a broken headphone jack,,,,,
2e0b67d8d63e2ae11888,fork,Measuring stick,,,,,
326c0bf5fbe96073b8e8,book,Decorative object,,,,,
5457f7202ba0c8c95418,book,Plant press,,,,,
e0408bc7a8a1c808b7c8,fork,Paperweight,,,,,
59a4f25558f57498434f,towel,Crafting material for DIY projects,,,,,
6be6e0b4d2d0f89de937,paperclip,Bookmark,,,,,
912f0a99e68fc685a731,can,Ruler,,,,,
18dbc0923bd67c074fe3,fork,Support for a pipe,,,,,
a629db72b99b9e637fe4,fork,Plant label,,,,,
93bad6645fe341e6fd44,paperclip,Plant marker,,,,,
2498cb999ba739e32793,towel,Cleaning windows,,,,,
e1125f9a203816423eb8,towel,Cleaning up spills,,,,,
6914338aa56520a82bba,fork,Bookend,,,,,
9d625b9a68aadd35b84b,towel,Making a homemade mask for arts and crafts,,,,,
52694d65bba49d8c3047,fork,Photo display,,,,,
81053b256ccd42ae0695,paperclip,Cord organizer,,,,,
c760db60c21759864967,can,Decorative centerpiece,,,,,
ab4ab831ef06becc772e,can,Keychain holder,,,,,
584a7779d3cba5a22eb9,towel,Insulating windows,,,,,
04e821e8e7abc7fb20db,paperclip,DIY zipper pull,,,,,
66205390a63f2cd0bb63,towel,Drying delicate artwork,,,,,
f0c27308f2f50a8d279b,paperclip,Earbud wrap,,,,,
e2bec765f5615e324cfa,fork,Desk organizer,,,,,
99054d316b9df5234d3a,paperclip,Creating a makeshift hook,,,,,
ae665310e8ef77b45af6,paperclip,Plant marker,,,,,
92b7c3eaa588335b58b8,towel,Cleaning spills on furniture,,,,,
6699d0a4f4697de28a26,book,Gift box,,,,,
ba51cee2b2ff117288b2,can,Wind chime,,,,,
f49b0328459fb5d3493b,can,Wind chime,,,,,
eeec52f132314b7668ec,paperclip,Cord organizer,,,,,
7f996a261c78776a516f,can,Wind chime component,,,,,
e70c9ecf9aee76c8a802,book,Plant press,,,,,
9294abf4ae99c22ee5de,towel,Cleaning up spills,,,,,
6a8abef526a9f0900c7d,book,Paperweight,,,,,
fb267198db630fb69f3e,towel,Emergency blanket in outdoor situations,,,,,
2ee8e0d2f820cb3c3dd5,paperclip,Plant marker,,,,,
f10696183e90f7cdb0b6,towel,Polishing furniture,,,,,
7b5520ff062e2c78bae3,paperclip,Mini easel for small art pieces,,,,,
5d69819e31b907fc5fd6,paperclip,Pencil holder,,,,,
0dbaed51f188f9b3879a,book,Desk organizer,,,,,
50c851af9a2c1c4cc0b9,book,Wall art,,,,,
2775b7bcc754e1527c20,can,DIY wind chime component,,,,,
5bc680a74e2c410f2fe4,paperclip,Temporary fix for a broken zipper,,,,,
9d1c75cf4476d0d21de3,book,Sound dampener,,,,,
c272ab5c59bfd25e486d,fork,Seed starter,,,,,
9dfc30df9bfa5acda2a7,towel,Cleaning surfaces,,,,,
14fab7c8fca7e2329a84,book,Desk organizer,,,,,
800a8fbbbfb54d8ea326,towel,Polishing jewelry,,,,,
6cbac909186b11bf7f15,book,Coaster,,,,,
c39e3a72b463bb9aa372,towel,Cleaning car wheels,,,,,
ef84c159747c81e53cdb,paperclip,Temporary fix for a broken zipper,,,,,
1eeaa1f86a3c767aabd5,fork,Temporary pencil holder,,,,,
019cae2f26882f73345c,can,Photo display,,,,,
785f9623990eb9f074d6,book,Photo display,,,,,
8f37e0f7ee6bfbb2fed5,towel,Drying dishes,,,,,
a5b72d9a64050383a8c3,fork,Wind chime component,,,,,
6ab0ec74c5608e3060e9,towel,Cleaning windows,,,,,
17baf20654f9132ea6b4,paperclip,Mini picture frame holder,,,,,
5665a69967d972e459a0,book,Prop in performances,,,,,
242f2d0d3baefcab29ea,fork,Plant label,,,,,
e4fde3c0fa56dfb437af,towel,Dusting,,,,,
73aadd3e680478aa3ac2,towel,Cleaning windows,,,,,
313f7729681800481374,book,Painting palette,,,,,
4da1a600da5e4cd32f67,towel,Cleaning rags,,,,,
de53faa2a9bc8a8a7794,paperclip,Earphone cord manager,,,,,
1e0111a72fd8e125e9b2,book,Insulation in a DIY project,,,,,
78369fd3492a82db0dff,paperclip,Temporary fix for a broken earring,,,,,
e949ec7e4b6e2e2d6d5c,can,Bird feeder,,,,,
5f765adafb1f956fbe10,fork,Guitar pick,,,,,
656af70c6c0dc5f4a09b,book,Weight for a door,,,,,
c2fcccbd777d448deeb7,paperclip,DIY wind chime component,,,,,
0ce6a9b5211d733ba1d6,towel,Pet blanket,,,,,
bca14d1e26fee22b964f,can,Cord wrap,,,,,
2fb6dc0abe0ec4f79065,towel,Absorbing excess paint,,,,,
acbd6197385c71628706,can,Desk organizer,,,,,
337bebd9bd728e761639,paperclip,Cord organizer,,,,,
b9e356c75bb8fca0566c,towel,Cleaning windows,,,,,
67c0e6023bb8d341e1fa,paperclip,Eraser holder,,,,,
e19c80a4b725964244a4,book,Paperweight,,,,,
f28a7ad268de216ef9a5,book,Gift for a book lover,,,,,
c393e7485d7cc13f3dc9,paperclip,Temporary fix for broken eyeglasses,,,,,
0077f9418dd3023c298a,fork,Picture frame,,,,,
93072845b331af93e4e2,towel,Plant covering during frost,,,,,
94fb27128ebbb6169f67,fork,Bookmark,,,,,
86ac5a1862501c205cd1,towel,Dusting furniture and blinds,,,,,
b1e9600d59b0ddda000f,book,Painting palette,,,,,
290e41bea6b707a1ff4c,book,Book as a desk organizer,,,,,
f345f086f33d2677fe2e,fork,Chisel,,,,,
07c1f10b34f1b82d7695,towel,Cleaning surfaces.,,,,,
1780d2c5f10280327bb1,towel,Wiping down surfaces,,,,,
a0ee665a70c0c405bc77,book,Journal,,,,,
a8155579335ec6f5236e,book,Protective cover for a vase or other object,,,,,
c3de0ee52114585d9ce2,can,Marble run,,,,,
179d110a30588c034395,paperclip,Emergency bookmark for a book with no page numbers,,,,,
e3c00fa720add88f3c07,paperclip,Temporary fix for a broken zipper,,,,,
3dfded56079a498fb144,fork,Tool for removing hair from soap,,,,,
168190c5e882000e2936,fork,Tweezers for small objects,,,,,
1efc672519f8326c211c,paperclip,Bookmark,,,,,
97f37086e4667a60334a,can,Craft stick holder,,,,,
f026b5156f95f472091f,fork,Mini trellis,,,,,
51a72d225b8c6f03c07e,towel,Cleaning tool for delicate surfaces,,,,,
b8a8c53878d03b7ed239,paperclip,DIY picture frame,,,,,
359c19de91dfc8dae1cc,can,DIY photo display,,,,,
01b285d33b64d5b1d68b,paperclip,Zipper pull,,,,,
8117e752f9a5854d570d,book,Bookend,,,,,
f055db9c77a2bc311537,paperclip,Cord management for headphones,,,,,
1c3bfeb56c5f30bf0d81,towel,Picnic blanket,,,,,
43ac55805e5a10863fb1,paperclip,Cord organizer,,,,,
e38dc874e01dff77ad70,paperclip,Bag clip,,,,,
b91949da87c767f9d6e2,paperclip,Temporary repair for a torn page,,,,,
38d8615ada8699c8b6c5,fork,DIY bird feeder,,,,,
09193861c6a5e0b08c6a,book,Desk organizer,,,,,
91ee63c0851630899caa,paperclip,Mini bookmark for a page with a specific note,,,,,
b047703ad2bbbc557674,paperclip,Marble or bead holder,,,,,
7a0950666ddf30736ee2,can,Planter,,,,,
024a337a0cc511b52560,can,Birdhouse,,,,,
3191e2fe04832114edb0,towel,Dusting surfaces,,,,,
3b8f0f8b0e33f8d4f5ad,can,Wind chime,,,,,
e19428ce85be77bdeecf,book,Paperweight,,,,,
a8d7a656310a6a2ff167,paperclip,Temporary fix for a broken chain,,,,,
31b01578523ffa8e01d8,towel,Painting smock,,,,,
ca1d829a0df77fc432b1,book,Record weight,,,,,
409267971eb0c5648eaa,book,Plant press,,,,,
d640771f4681e4a373a4,fork,Picture holder,,,,,
48ba7844ae05e540bf34,paperclip,Jewelry making component,,,,,
d22be7f07da5d327a677,book,Paperweight,,,,,
69975b1af8cd4b84231a,paperclip,Cord organizer,,,,,
af53cec5718019caef6c,book,Wall decoration,,,,,
4f8f1047ffda16c0e48d,can,Desk organizer,,,,,
067225b0d650e8568af1,towel,Plant tie,,,,,
12de16aa50f67e5eb5cb,towel,Drying delicate items,,,,,
cb0331e0448dc1eb8fd8,paperclip,Page turner for books,,,,,
1f542cf9a50766a5ab35,towel,Gift wrapping material,,,,,
06927fbcecd420a86508,paperclip,Cord organizer,,,,,
54a539bdbce080e7fb55,can,DIY lantern,,,,,
150d928f16810d3bdf4e,towel,Wiping down tools,,,,,
82240339043c3aaedcca,can,Candle holder,,,,,
47364f27d282983479d6,book,Photo album,,,,,
84c7987fb21374c638b7,towel,Tablecloth for outdoor gatherings,,,,,
f4e9946df12c35225a5c,can,Bird feeder,,,,,
d2c4f95bd3081bef9bf5,book,Paper storage,,,,,
6ffe66a4ef944d9e3d1c,paperclip,DIY bookmark,,,,,
54efe0355ebd1f567653,book,DIY craft supply,,,,,
c781d015193f10cb76ce,can,DIY photo display,,,,,
44224e3cd8f18f074ec0,paperclip,Cord organizer,,,,,
66c5691631c21034c8ee,book,Paperweight,,,,,
fd05d5eba7ce64e00e58,can,Cord wrap,,,,,
b17dc5c9e10142db6a03,book,Art supply,,,,,
f7869c576f23af7a1baf,paperclip,Bag clip,,,,,
17c73304426be6545108,book,Fire starter,,,,,
a6afceab6985b23c706b,paperclip,Hair accessory,,,,,
4e3a7b43912d695eeba2,paperclip,Photo display,,,,,
98f018be1ca89daa3fa2,book,Photo album,,,,,
e8b39524563f258974b6,paperclip,Cord wrap,,,,,
e2ab4d34e24647caffab,fork,Bookmark,,,,,
3a9c79d85b3a39411c45,paperclip,DIY wind chime,,,,,
d41124c07d145e818a41,can,Magazine rack,,,,,
eb2db19f4f8aa4392986,book,Bookend,,,,,
53696bc99559258a79cb,fork,Wind chime,,,,,
bf4117f2cb078df35000,book,Gift wrap,,,,,
758b4cfee83f62a40347,paperclip,Cord organizer,,,,,
605bc75d3d56ab8627ee,towel,Cleaning windows,,,,,
ed6595380a8d59ffffc4,paperclip,Bookmark,,,,,
f13241b42d20071ee005,book,Planter,,,,,
81bfee0f4a9b7a5e163a,fork,Pencil holder,,,,,
058e4589411eb14cefb6,can,Mini ladder,,,,,
72b78d7bb0a717eeb834,book,Book as a bookmark holder,,,,,
07b83396a42b8a0d09e9,can,Bird feeder,,,,,
5dad1637de6d532f8496,fork,Paperweight,,,,,
ff580bea112cb146ec18,fork,Wind chime component,,,,,
0d64731083a96f419963,can,Paint stirrer,,,,,
8fc959a5dc518dd88c25,book,Trivet,,,,,
35499b5e12d2d2643d2a,fork,Sculpture piece,,,,,
77cd519553952b9d4309,paperclip,Picture frame holder,,,,,
644280e3ad024a491df9,towel,Emergency blanket,,,,,
39d883f8cfc12a665046,fork,Wind chime component.,,,,,
afdef77ab3026d549a05,can,Plant label,,,,,
be0845edf6db6ddd4609,book,Coaster,,,,,
485c7a8c90f7b3bc8a80,towel,Cleaning up spills,,,,,
7f60f6cbbabd6965660b,can,Pencil holder,,,,,
f6e850ba6b76a96f94a2,fork,Sculpture or craft project base,,,,,
cc633da920db09c75a0d,book,Wind chime component,,,,,
224bdac09863772325f1,towel,Drying dishes,,,,,
74d976b9d3a3df5e4255,book,Photo display,,,,,
99d3a936e0c1b07b8d4b,can,Candle holder,,,,,
048a7fb415cc47c9a4cc,fork,Plant label,,,,,
a33cb14d70eaa44e09e1,book,Coaster,,,,,
2a14db8c2981831107db,towel,Insulate a camera lens,,,,,
913c4e962f2715cb854c,towel,Cleaning mirrors,,,,,
b70252967ee023e9ee49,book,Paperweight,,,,,
b76ea486ea2b697de937,paperclip,Zipper pull,,,,,
4bcfbe8c7687372a7ad1,book,Picture frame backing,,,,,
4cc1d585fc72f770d404,towel,Polishing jewelry,,,,,
1ab31a1e7dbc6c86d970,can,Friction material,,,,,
85cc946d64426e4cdb0e,towel,Pet drying,,,,,
3720ef42afc89a221f4f,fork,Photo display,,,,,
328dc679090923023861,towel,Insulation in small gaps,,,,,
3671ae03d30713a3c21e,fork,DIY tool holder,,,,,
2e5810105f58b37f1e3c,paperclip,Craft project base,,,,,
6d0b70fb4d6b840043cf,fork,Jewelry display,,,,,
c3767ceebb90fd0cf768,towel,Cleaning pet hair from clothing,,,,,
ec69100b29a7e99251f3,towel,Storing small items,,,,,
018d2a7032fd6ef7816f,can,Mail sorter,,,,,
0e262204dd189f31ace0,can,Photo display,,,,,
6c57812d0403aafe1d53,towel,Polishing mirrors and glass,,,,,
790ac7b71f0b9fa094a2,fork,Candle holder,,,,,
f26804ab55ffec8ab49b,paperclip,Emergency paperweight,,,,,
7cf7a11e04fc07c875b5,paperclip,Pencil topper,,,,,
13051fe90a40f8062654,paperclip,Zipper pull,,,,,
eb2a5cb349423f92aa05,can,Bird feeder,,,,,
d30c8c6c02329a833fe1,paperclip,DIY photo display,,,,,
0b04f549228bc83424bd,towel,Drying dishes,,,,,
96033b3776f758e9617b,book,Trivet,,,,,
d1bf3a2e35617d600950,paperclip,Plant marker,,,,,
c2a331609ed6d1c90acd,book,Cake stand or pedestal,,,,,
7f56074337b8b35bbcf4,paperclip,Macrame material.,,,,,
8baedbae97ac30e3f953,can,Wind chime part,,,,,
5c088bbcd6c6c25d3e25,book,Journal,,,,,
2f303d1fd05e7ded0a5b,towel,Crafting material,,,,,
4bb3472c3d363b56dd85,book,Coaster,,,,,
6d22911b8b29d0f2b0d1,fork,Plant label,,,,,
1dd2cba3d915d3129c8f,paperclip,Wind chime,,,,,
af697682a04b858e847d,towel,Craft project base,,,,,
96edabd412d865194a57,paperclip,Bookmarking pages in a notebook,,,,,
57603912cb82eb0f45e6,towel,Photography diffuser,,,,,
40d591df27b02660d86e,book,DIY craft material,,,,,
ae2b1cf49dbe5c38bcfb,towel,Beach bag stuffing,,,,,
6a69345df97f1c14035a,towel,Storing small items,,,,,
5e96112a5bec45a27fe6,towel,Cleaning spills,,,,,
75a0a2ff23654a6c7c43,book,Book as a decorative centerpiece,,,,,
0407132106110d730a7b,paperclip,Plant marker,,,,,
db6fa8a6bcb1591bd349,fork,DIY tool holder,,,,,
7480bcdba16aefaa8319,book,Base for a centerpiece,,,,,
4e4950f04c4fe2f18a07,book,Prop in a play or film,,,,,
69905e1f0527a942637f,book,Prop for a photo shoot,,,,,
7f86da04c9234f0b2830,towel,Cleaning spills and messes on floors,,,,,
ba60174db9ff88348e05,can,Plant label,,,,,
8e70793611c8460efe68,towel,For drying fragile items,,,,,
fd57417c6f818b537f4c,can,Wind chime,,,,,
cae574fe5b989b618129,fork,Candle holder,,,,,
1e7c265ffe7bb87982b7,book,Sound barrier,,,,,
725cd9e62d49f1a8519c,towel,As a picnic blanket,,,,,
9f27aadeec644632bcae,towel,Tablecloth,,,,,
fb77059f9848212aee4c,towel,Buffing leather surfaces,,,,,
463b296038a5d7a40bd6,book,Sound dampener,,,,,
413d090206b3b5af149f,book,Shelf divider,,,,,
46a1bab289af0226eb45,fork,Picture frame,,,,,
a173466edcfbe18b04d6,fork,Science experiment tool,,,,,
15af8e516b55af0083c5,paperclip,Craft project component,,,,,
108215cb7d02072511d6,towel,Travel blanket,,,,,
a2c2e95276ed4059d96e,towel,Polishing silverware,,,,,
68f90efd8e9d026c1423,towel,Emergency blanket,,,,,
176ce1cc45fec180d668,paperclip,DIY photo display,,,,,
6368fb191b8e4da40c80,fork,Bookmark,,,,,
747cc72637b352113a48,towel,Cleaning delicate surfaces,,,,,
ca041a23a8b26758ef6c,paperclip,Crafting material for jewelry,,,,,
6674194bd619ac9c865a,towel,Gift wrapping material,,,,,
01a77176968f538b7787,towel,Sling for injuries,,,,,
769aa0cb167801f259e2,paperclip,Temporary fix for a broken zipper.,,,,,
76e30f66b9f254d6202f,book,Gift for a new baby,,,,,
31b8d65bd98ecd5fc9c7,fork,Zipper pull,,,,,
3175eadcbe5a6a46c279,paperclip,Temporary fix for a zipper,,,,,
599ae57f7778fb742018,book,Doorstop for a heavy curtain,,,,,
3e13dfe9a6aaab8ef458,towel,Removing lint,,,,,
cc39b86c3706ae878697,towel,Polishing metal objects,,,,,
9d6846436c3d8f62a799,fork,Pencil holder,,,,,
ef8550899842068c9751,fork,Plant marker,,,,,
0e17ed1ff9219eb4254c,book,Bookend,,,,,
744dd83dcc72932cf988,paperclip,Photo display stake,,,,,
07a1121d68aeccb954cf,paperclip,Crafting material,,,,,
96da0aae880810e40a3e,can,Door decoration,,,,,
efa39fff97b1f15f99cf,towel,Wipe down surfaces.,,,,,
8f4ae2d9e871269485ac,book,Fire starter,,,,,
56b01ae07b86f188c855,paperclip,Eyeglass cord holder,,,,,
5b17e4ff4abb2aaa7dc5,can,Small container for holding beads,,,,,
9cde87766f1a8dbe8207,fork,Plant label,,,,,
3b9216f85468bca77b96,book,Doorstop,,,,,
c61ab83454d25091fc1a,book,Paperweight,,,,,
531a61fdf6b0654b3d0a,fork,Small tray,,,,,
2cb4fecc068a487c8041,paperclip,Cord management for headphones,,,,,
9cdfbf841e365f1843c8,paperclip,Mini bookmark for small books,,,,,
533a4f043cb8749e8608,fork,DIY jewelry,,,,,
182910d57547424fc81a,book,Bookmark,,,,,
c1b2c36e75562f887a94,towel,Drying dishes,,,,,
f812cf7c93ee4631ac00,towel,Dusting surfaces,,,,,
668397932c70d5ec2fcb,book,Gift for a host,,,,,
3ac2a145d5459d8a637c,paperclip,Book bookmark,,,,,
4c4d4b3a00a7733e4ba5,book,Mulch,,,,,
fa5b41d0eb88132c3a0e,fork,Paperweight,,,,,
859947fc9ed88c86c6a8,paperclip,Picture frame hangar,,,,,
1b44943a6ece1b6b6ca9,can,Paint stirrer,,,,,
632cc82bd5c9dce326be,can,DIY photo display,,,,,
dc7a3b62816b4c272e3c,book,Trivet,,,,,
3eaeb77fa974c59b215c,book,Decorative item,,,,,
3be7041881b28806161b,towel,Emergency blanket,,,,,
b0f6ecfb6a4404d246a1,fork,Pencil holder.,,,,,
3f1cbae1a2c190ffa901,book,Bookend,,,,,
c707b3a2d7fad5843aa5,towel,Cleaning delicate glassware,,,,,
c5797fedf4f8327fee4e,fork,Bookmark,,,,,
066040a64255b45c439b,paperclip,Cable tie,,,,,
97bf5cea4857e29e7e2b,book,Bookmark,,,,,
b14a923d486d7146fdf2,can,Picture frame hanger,,,,,
4aa8bac1937fba219189,fork,DIY picture hanger,,,,,
d104fd88b36998697060,towel,Cleaning makeup brushes,,,,,
9fd71077eddd1349a134,book,Weight,,,,,
49b2686cc5b8ff99cd22,paperclip,Painting palette separator,,,,,
eb91158fdb469bebc8b4,towel,DIY craft material,,,,,
d069689acd26a7a5b058,can,Seed starter,,,,,
654c37dafcdcc052c53e,towel,Photography background,,,,,
2af62b2a2634b1a375e4,book,Book as a plant press,,,,,
af8a841eb5d9083396e6,towel,Polishing metal objects,,,,,
d4b14b1bab63cfe87865,paperclip,Bookmarks,,,,,
955fdb36ba7576b6029c,fork,Desk organizer,,,,,
6c419d145a80605311bb,can,DIY photo display,,,,,
ea5a3c8befb4f99da497,paperclip,Cord organizer,,,,,
c52852282ae9415314f3,book,Wall art,,,,,
680a17e31dcc1bce78a2,towel,Dusting electronics,,,,,
4e8855b36dbee633f39b,can,Zipper pull,,,,,
3607783bfb5f4190f341,can,Mail organizer,,,,,
66dd3acda38079315554,paperclip,Cord organizer,,,,,
fcb94da4562c585a7c0d,towel,Applying paint or varnish,,,,,
585e795748ff5e936f06,book,Kindling,,,,,
73da678984944d827a79,book,Bookmark,,,,,
ccdf73e9fb38dafdbed9,towel,Dusting cloth,,,,,
40824fa31337bd27b35c,towel,Drying flowers,,,,,
16085172b11f47dc0b71,towel,Drying plants,,,,,
caf53875072f8637e630,towel,Dusting cloth.,,,,,
10b733762702a3a2b493,fork,Bookmark,,,,,
3b3ea3c92d64e7f9f549,can,Photo display,,,,,
18cbd23188963c37abd3,fork,Sculpting tool for modeling clay,,,,,
0a3c85d030ff4a407e8b,fork,Wind chime component,,,,,
765f18484d1a15d465a0,can,Planter for small plants,,,,,
c6b06815f4a533601315,paperclip,Macrame project material,,,,,
75d0f36f1e4f2401b0db,book,Gift wrapping,,,,,
5cf92f9e9f163c4a0199,book,Desk organizer.,,,,,
0830b95cbec5698bbdc4,fork,Paint stirrer,,,,,
b130edaf1dda9403b016,book,Paperweight,,,,,
ce9f58ceb8a560c6ca61,fork,Picture frame stand,,,,,
ca262895c24eff51c2c2,paperclip,Plant marker,,,,,
65e51f4d1539d1c70391,fork,Mini garden marker,,,,,
2681b7b379a457524cb2,book,Coaster,,,,,
8973f38cfaf998811374,fork,Plant label,,,,,
a95e4438fcc21ffd65c9,fork,Paperweight,,,,,
8d0a10de7a549820c04f,can,Photo display,,,,,
50372ffc60e9f48b9b1d,towel,Wiping down tools,,,,,
2f380a339cd6a58423ed,book,Decorative item,,,,,
c94a9536a953e4d667f2,towel,Dusting furniture.,,,,,
8b3e865bdd7976fdacc6,book,Storage container,,,,,
60ea1d0aecd63447c8d5,towel,Stage curtain in a small theater,,,,,
607c1f8985769bcc0227,fork,Jewelry organizer,,,,,
b49d6f08c28da704fc57,fork,Paint stirrer,,,,,
a16fc8e03b1b6b1f78d2,can,Chisel,,,,,
c12836097c8897ce0a23,can,Plant marker,,,,,
bb83c63ee3ec4556fd38,towel,Lining a birdcage,,,,,
46db88a244ce593e90a0,book,Wall decoration,,,,,
1afd930e011744819a57,fork,Emergency screwdriver,,,,,
a6a01d61841909f39784,fork,Photo display,,,,,
65c894eb362ecd804439,book,Desk organizer,,,,,
ccbc63f6772cc0841454,can,Wind chime,,,,,
9131a995defbc2e8b28c,fork,DIY jewelry making tool,,,,,
714762456b9f11c240ea,can,Plant label,,,,,
220ecd562cf124bc83bb,fork,Zipper pull,,,,,
77381c6a850cde0ae3c9,towel,Creating a DIY photo prop,,,,,
aa915fd012a97185f3ce,can,Mail sorter,,,,,
ef9524f30e24fc9eb354,can,Drum mallet,,,,,
83f700e0c423720c50cd,fork,Herb marker,,,,,
3875ac8afc6fbfff3106,can,Geometric art,,,,,
daa76ead2b20f310feca,can,Coat rack,,,,,
aa0c87014151f5e16a64,book,Photo display,,,,,
4277bf0a7c711125b8df,fork,Picture frame,,,,,
db4c903f7f4db81d6b1b,towel,Photography backdrop,,,,,
c92b154cfda45919477e,paperclip,Cord organizer,,,,,
3640f2f70fff6c879ab1,can,Mini greenhouse,,,,,
a26bb3012188d423cedb,towel,Cleaning golf clubs,,,,,
6f610ad0e28d119ade6d,fork,Jewelry organizer,,,,,
1f26426b5654c93dfd7f,fork,Pencil holder.,,,,,
7caf3edc9a909bd182a4,book,Crafts or art project material,,,,,
511a336ab1973b375722,towel,Cleaning delicate electronics,,,,,
f873cd0077e1c454ae05,towel,First aid wrapping,,,,,
d95cda2db628f5d687d6,book,Plant press,,,,,
6849cca9d68c0e908a8a,paperclip,Miniature sculpture base,,,,,
de6b982cd84c665ebc2e,fork,Measuring stick,,,,,
d820b3882b987368303e,book,Bookend,,,,,
697a2a7bb52306756191,towel,Wiping down surfaces,,,,,
7263f807dde074abdf79,fork,Bookmark,,,,,
0a01d79af9bbaa5f8f0e,book,Desk organizer,,,,,
1f938c8e0318b49bbefb,can,Paint stirrer,,,,,
f52a349d399e917d5cc5,fork,Craft project base,,,,,
8a3ecba7011a19a13885,paperclip,Plant label,,,,,
c17a614205f27d720284,can,Pencil topper,,,,,
320eaf0fccf07343e29f,book,Book as a desk organizer,,,,,
d1f4a87807574f093881,paperclip,Temporary fix for a broken zipper,,,,,
288e9268d88c77f1aadd,paperclip,Temporary fix for a broken zipper,,,,,
69930f77039ef8b776c4,towel,Drying artwork,,,,,
6ab22f4c7449189a1af3,book,Bookmark,,,,,
2b8b1e49fe0696ca9fb4,book,Paperweight,,,,,
6101d0260b0c0711fe07,paperclip,Miniature roof for a dollhouse,,,,,
5a500695075223524c9e,book,Base for a DIY planter,,,,,
76cc2a6c87dab455de56,paperclip,Cable tie,,,,,
c8fa86011429eddc3500,fork,Paperweight,,,,,
b7bdc75ed86ce1e5ecc0,can,Coat rack,,,,,
460265210d7a84c8ca46,can,Plant marker,,,,,
2f7450bdc09e1bf6c8e8,fork,Plant label,,,,,
4d15afdab44b03fa72f3,paperclip,Plant marker,,,,,
21d53b9f5206f34810b0,can,Pencil holder,,,,,
5882b8e05b64369d8699,book,Prop for photography,,,,,
9a3a638a2814052c7d0e,can,Painting palette,,,,,
580a248f2e80eeda2437,towel,Removing lint from clothing,,,,,
87a640f50b03429202ff,book,Desk organizer,,,,,
31d06c184bda36e043f0,paperclip,DIY wind chime,,,,,
52bcd87b373cb6200c4b,towel,Drop cloth,,,,,
17ded4efbef948e7ac91,can,Drums for kids' musical instrument,,,,,
cac709121896cc11ca5b,fork,Measuring tool,,,,,
6c5992257c3cbe715565,book,Weighted object for exercise,,,,,
33140d1406429c7263b5,paperclip,Emergency belt repair,,,,,
1c655194aa338bc08b57,fork,Picture frame stand,,,,,
b51f837c9b3dc30bb443,can,DIY photo display,,,,,
86448835a3e1f8a80a16,can,Planter,,,,,
2d938af7288dc09cebc0,towel,Drying tools and equipment,,,,,
9e481fa1f7278867278b,can,Marble run for cats,,,,,
6e6f4674fe7649af036e,can,Pencil holder,,,,,
f9c66855b9aa6382b663,fork,Measuring stick,,,,,
5b7f681712a9775db01c,fork,Candle holder,,,,,
882743e4735e0d10a93d,paperclip,Bookmark,,,,,
1f45f552e2b8fd59c0e3,paperclip,Picture hanger,,,,,
d5d9ad47a4ece7e4494d,book,Paperweight,,,,,
800bbe207d116a8911aa,fork,Stabilizer for delicate items,,,,,
8658f48210a46d36dc73,fork,Plant marker,,,,,
c4e026d518401a038007,paperclip,DIY photo display,,,,,
ef2691bd1f8cadc385ae,can,Bathtub caddy,,,,,
699952278e8e6eae3cad,fork,Sculpture material,,,,,
8aa349c66bc2dc7f5d8d,fork,Picture frame,,,,,
ca59427a8d9138a66af2,fork,Scraper,,,,,
add502275bde805a996d,can,Plant label,,,,,
f26fdb7e41ea1784016e,fork,Wind chime component,,,,,
35f515e32f7435d764be,paperclip,Small item holder on a bulletin board,,,,,
ba928d538dd023614b92,fork,Sculpture base,,,,,
fc1af873713a6a4a0ad9,book,Prop for photography,,,,,
e6501eb57b43c9b614b2,towel,Polishing metal surfaces,,,,,
3be5b84a5437ef0ed72c,paperclip,DIY wind chime component,,,,,
9346d0e2da0f30eaaec4,paperclip,Emergency cord,,,,,
eaf123e9715149a92116,fork,Desk organizer,,,,,
9995d57a28f506e5858b,paperclip,Plant marker,,,,,
619c4ae9bed89ebb882d,fork,Guitar pick,,,,,
20f52a38ecec44324700,book,Gift for a book exchange,,,,,
f24a714b703b95ded5a8,can,DIY wind chaper,,,,,
58479f411e084ddec66e,towel,Cleaning spills,,,,,
58cd8da9672b851c4527,paperclip,Jewelry making,,,,,
bc492f539cf273969850,can,Desk organizer,,,,,
2d19927ddf5aba194c65,book,Paperweight,,,,,
61ce32e04d8d1842af9d,towel,Protecting furniture from spills,,,,,
b722b57666cafc73ebba,towel,Oil absorbent,,,,,
40fe9248395fc45cc3a2,can,Wind chime,,,,,
9669b53c576fd03039d1,towel,DIY puppet stage,,,,,
0c253f1328c9cda3899d,book,Art palette,,,,,
ecfe82154a8d7203de17,can,Scented potpourri holder,,,,,
a2f64a42a1636ab3d929,fork,Magazine rack,,,,,
e9624cd4fbdb0296669d,book,Bookmark,,,,,
7ca60b22f954012f681d,can,DIY photo display,,,,,
d9f69cbdc53a5ecaea1e,paperclip,Temporary fix for a broken zipper,,,,,
a3f0d9d714f6772a1bc8,paperclip,Zipper pull on a jacket,,,,,
c6d2c50289d84576bcb4,paperclip,Mini bookmark,,,,,
6a5ffb62e03562e7c8ed,fork,DIY photo display.,,,,,
53d2ee357e3e288deebe,book,Bookend,,,,,
2d520a7b0647a07d13e2,fork,DIY coat rack,,,,,
de8a4fa0d3d984b4b003,paperclip,Plant marker,,,,,
c13dbe155150f34a8b39,book,Weight for a door,,,,,
89276372a521a590c083,fork,Tent stake,,,,,
f41c1b284340e3c3304a,fork,Pencil holder,,,,,
a711fdc67de28de09245,can,Paintbrush cleaner,,,,,
f141b7166508787edb56,book,Decorative centerpiece,,,,,
2e42420630dd219b8079,book,Paperweight,,,,,
6a308d34760c5fb97765,can,Desk weight,,,,,
ac8eb8f1e99645f20830,book,Gift box insert,,,,,
dc317397e90102f5311d,towel,Applying stickers,,,,,
f656e92ce324e49e17a4,paperclip,Macrame pattern holder,,,,,
f41b8ffee61451545263,towel,Cleaning mirrors and glass,,,,,
9cb1a97f8737895db670,paperclip,Wind chime component,,,,,
bb07ca65f4f5654ceff5,paperclip,Temporary fix for a broken zipper,,,,,
05dafe9f816ab1af8100,towel,Dusting blinds,,,,,
2e4afc3f059b10e7ae3a,fork,Drumming tool,,,,,
b722d320b26de78f4ed7,book,DIY craft project base,,,,,
fa4cbaec82f568defee4,paperclip,Mini bookmark for small books,,,,,
beafa86483ee9007364e,book,Book as a prop for a theatrical or film set,,,,,
683d8c1371a14ff23ccc,can,Paperweight,,,,,
73ae320301cdaa5b153b,fork,Page turner,,,,,
d4e48ecaf21dbb437962,book,Decorative item for a room,,,,,
a01cca2bc655f83f83c8,fork,Paperweight,,,,,
80743ad70cfd77b24ba2,book,Coaster,,,,,
03f750830b6f799ec108,towel,Pet drying tool,,,,,
d37c26933373b8b3eab0,towel,Polishing metal,,,,,
3735f4295aa3c5834aa5,fork,DIY fishing hook,,,,,
423d0dc5c401e7447efa,book,Bookmark,,,,,
496daf569214dbece1c1,paperclip,Temporary fix for a broken zipper,,,,,
f122d5156adc852ae585,book,Coaster,,,,,
7f83784013bfee237bb8,fork,Plant label,,,,,
900bf4505ad633ba4f2c,can,DIY photo display,,,,,
5a4069030269b02a5360,paperclip,Emergency fix for a broken chain,,,,,
c6d8c1cfc39253ac96ad,fork,DIY tool,,,,,
0af048371375dfd05c7e,book,Kindling,,,,,
daf4dcb69e2b29fbee95,paperclip,Photo display aid,,,,,
38c5d0f9d40d7aa03e46,paperclip,Emergency hook,,,,,
0309e4cd00fd9383b4d0,can,Room divider,,,,,
5fd5c53e98abd776102a,paperclip,Temporary repair for a broken binding,,,,,
df76bd257e1335c2e6e2,paperclip,Temporary fix for a broken zipper,,,,,
90eff19242a665ecb0a4,book,Gift wrap,,,,,
65b49b4e4f4c56ca19d0,can,DIY picture frame,,,,,
71957a65c82b4a9498d8,paperclip,Cord wrap for headphones,,,,,
e768a90e2f0a4376a04f,paperclip,DIY wind chime,,,,,
9a1760828a895614dca9,can,Paint stirrer,,,,,
727c2e9fa803f861dbb4,paperclip,Emergency phone stand,,,,,
fafdec24e62b17e08bf6,paperclip,DIY photo display,,,,,
ad0a2cd619d8279c96a0,can,Pencil holder,,,,,
f0fadc46a22648cacb51,paperclip,Painting tool,,,,,
333d94aa534f8348a1b5,paperclip,Plant marker,,,,,
0677201614ac7e1b155f,fork,Wind chime component,,,,,
b8c66480f5e1e608760f,paperclip,Temporary fix for a broken zipper,,,,,
6fc8f03f3220080303df,paperclip,Photograph display,,,,,
ae3a57f13895900d9020,fork,Plant marker in a garden,,,,,
4d6533a78d54464a5be6,towel,Dusting,,,,,
e1cd3b895b449ce4bdd4,can,Wind chime component,,,,,
876f7b903ae999c85700,towel,Polishing jewelry,,,,,
e89145c896f83b5e41c9,can,Painting palette,,,,,
441778e6b54696f0b66e,towel,DIY mask for face painting,,,,,
60612bead53b25b91347,fork,Mask mold,,,,,
34bcd7a60c104e006210,can,Desk organizer,,,,,
f2f677431c75b4054f59,can,Desk organizer,,,,,
b76c04c43b1c227b0944,can,Bookmark,,,,,
0ff169d6a4c9477a8b92,fork,Paperweight,,,,,
75b8756192e36a2c0712,book,Desk organizer,,,,,
611202e78d3429d1ce01,towel,Camping blanket,,,,,
66324b6bbf31700d15f4,fork,DIY craft material,,,,,
1b5a85eedffd90fea3d5,fork,BBQ skewer,,,,,
0871a54056622abfa8f7,book,Decoration,,,,,
db0531d368b4f49808ec,book,Art supply,,,,,
27c8f3e6f239be80d2ac,paperclip,Cable organizer,,,,,
1ad1c0660a6a321b61ec,book,Gift wrap,,,,,
5260409f3af55c007b81,towel,Drool rag for pets,,,,,
ea274e710ba27df99f83,fork,Mini sculpture material,,,,,
379d97cd2de44c3a42c3,book,Book as a scrap paper cache.,,,,,
bd5506388f3e3352cc26,paperclip,Emergency cord,,,,,
0d4cb1e5ed0745910d5c,fork,Plant label,,,,,
70936f10a017b900f4e7,fork,Desk paperweight,,,,,
258b343e11acfdf6844f,can,Candle holder,,,,,
f3163e476b83bdab3ead,towel,Buffing furniture,,,,,
1be23c7dcc2736654f77,towel,Drying dishes,,,,,
1caf9c36669800cf7b53,towel,Wrapping fragile items for shipping,,,,,
0bc16cdfb414b5013afc,towel,Drying delicate items,,,,,
b9fce97882d865f30bb5,can,Plant marker,,,,,
644b800508bb89423f5e,paperclip,Photo display,,,,,
3681de5642d3631a2e28,towel,Applying and removing paint,,,,,
e21057d83f795c6d3996,book,Bookmark,,,,,
708fbdb0ae0b3664d130,fork,Picture hanger,,,,,
b70fb75c4f6f1112c3b1,towel,Padding fragile items,,,,,
fcd627f7cd1c9e261a2a,paperclip,DIY fishing line,,,,,
202346ad4ba9687c8932,fork,Mini sculpture arm,,,,,
23951e76c702e1627a2b,book,Gift wrap weight,,,,,
49021061ef9d2aca4711,fork,Plant label,,,,,
1d0d77766b835d1c053e,book,Plant stand,,,,,
717e74c92ade2746dcf8,book,Prop for photography,,,,,
0ec9d9c924b35094d226,towel,Cleaning doorknobs.,,,,,
e7a3244e45e18f89d21e,towel,Dusting cloth,,,,,
10f8d22e3a0426cbdf59,fork,Wind gauge,,,,,
fdfa088d4a39a7e2fbbc,towel,Wiping down tools,,,,,
6023686fc4441722592d,can,Packing material,,,,,
5899ca1d3ced90669870,fork,Candle holder,,,,,
63e4b442e221ba4993a4,can,DIY photo display,,,,,
a937099f2a539ad9e46c,fork,Plant label,,,,,
0e3c8f8ce7fd24ba79b0,book,Photo prop,,,,,
d3bfc64fc214b9978896,can,Picture frame,,,,,
ac8b04671e5dc8ba6679,towel,Protecting furniture from scratches,,,,,
eceaa210f2e71804a7f8,can,Suet feeder,,,,,
f55373296aecc1405221,paperclip,Temporary fix for a broken drawer,,,,,
891e104a2b6572b0a5bc,towel,Cleaning up spills,,,,,
7ea1f0d336a482b4c707,can,Candle holder,,,,,
924251df2fdf6efd17d4,can,Decorative mobile component,,,,,
3f6ec3aa05a564456dee,book,Gift,,,,,
ebc96f039a182974a27b,paperclip,DIY wind chime,,,,,
f8f569d7594059507688,paperclip,Photo display clip,,,,,
4c8f2ccba8f21dda2517,paperclip,Office desk organizer,,,,,
18f6fac42532a5d3e412,paperclip,Bag seal,,,,,
447290d87972dfb66c1c,can,Marble run,,,,,
db704979950f964c94af,book,Book as a mini storage container,,,,,
6b3aaebe4ce01f4babc7,paperclip,Temporary fix for a broken zipper,,,,,
46a9064f558ca730bce6,fork,Candle holder,,,,,
51671ad4a76b05af707b,fork,DIY tool for crafting,,,,,
91f1c40fa3ebfb880054,paperclip,Temporary fix for a broken zipper,,,,,
8970e83f13ac6398d6e5,can,Decorative centerpiece,,,,,
675e4ce83f25f55614da,book,Bookend.,,,,,
a29b1b826cb09d690e64,fork,DIY picture frame,,,,,
1488d4c5fe735f581ac6,can,Paint stirrer,,,,,
1b093eb6d61ff6cc582b,paperclip,Mail organizer,,,,,
6727c1fb1b49408fd453,fork,Plant label,,,,,
3e2000265289e2f5580e,can,Stamping tool,,,,,
ea7d37b45040a19cf298,paperclip,Photo display,,,,,
cdecc84e3b697989b11c,towel,Dusting furniture,,,,,
5a7f104079b6008e8886,fork,Candle holder,,,,,
22e2bb4087ba857e5e68,can,Mini planter,,,,,
3698d314ff1b08f50899,book,Bookmark,,,,,
6be7b25439e61249aebb,fork,Trash pick-up tool,,,,,
e63269d4a358f76e9017,towel,Creating a photo prop,,,,,
0c1ec83aaeef5d6a37cb,paperclip,Temporary fix for a broken zipper,,,,,
ff47ac7ff1e61550c9fe,paperclip,DIY wind chime,,,,,
e668829b611e48e905fe,book,Picture frame backing,,,,,
c2b98f7258ccf9598a86,fork,Gardening stake,,,,,
2885a4151ec36cb49324,book,Desk organizer for notes,,,,,
01e780b8ba794515ddc1,fork,Art project base,,,,,
c69ca39e524c23f7811c,towel,Dusting furniture,,,,,
21d108ed437c5945eccf,paperclip,Zipper pulls,,,,,
bfde249e01df95abd79a,book,Bookend,,,,,
785ed6c338cd1401706b,can,Bookend,,,,,
7f7d210cda26bafc508a,towel,DIY cleaning rag,,,,,
649609c68f7513e6661d,fork,Sculpture element,,,,,
c812469f62d5b0f99367,towel,Drying dishes,,,,,
ead8303254c8fa9d4835,fork,Drumstick,,,,,
5c126b737bf0d5a0a862,can,Measuring cup,,,,,
d4e65583a7fd5eb60e15,book,Fire starter,,,,,
37ba8ae1df01365ba32a,book,Gift wrapping,,,,,
24c8c1127f8feee2ff5b,paperclip,Craft project material,,,,,
6551a71e532dacf42320,paperclip,Temporary fix for a broken chain,,,,,
1b5946add606ca167f91,towel,Polishing metal surfaces,,,,,
f99d5f316e5f4e553bcf,fork,Leash for small pets,,,,,
19515f201bfd65496b17,fork,Sculpture material,,,,,
e539dceb872b89e15dc4,book,Plant press,,,,,
98b9bfa4a7f843f73c47,book,Book as a photography prop,,,,,
8e3d17213783de413c0c,towel,Dusting furniture,,,,,
e264e58c049eb62aaebe,paperclip,DIY wind chime,,,,,
3a808b56bc6cfc80a19d,fork,Plant stake,,,,,
35ddf57c03c4f9ce1e01,can,Bird feeder,,,,,
07560c41b3da78103c42,book,Bookmark for a recipe,,,,,
09c87517648ad61bf267,towel,Cleaning up spills,,,,,
7a19a0ec4eaf4a374410,can,Paint palette,,,,,
3ade54b04628477c3e93,can,Room divider,,,,,
17dc37778b19446633be,paperclip,Emergency dog leash,,,,,
fcbf0e794e10e1eb0877,fork,Pencil holder,,,,,
626e56a79f603840f832,towel,Impromptu picnic blanket,,,,,
56441ac1ef4e9700a592,can,Plant marker,,,,,
dbd795a9418107062c4f,towel,Removing lint from clothing.,,,,,
020b646fbc11bead792d,towel,Cleaning spills,,,,,
6cd04f2e169fd673f3d9,fork,Photo display,,,,,
552f07bf20951d0bc7d2,towel,Improving grip in wet conditions,,,,,
bd9dd2b47fdbe28c0eeb,towel,Creating a makeshift picnic blanket,,,,,
ff5e065d21fed25e1877,paperclip,Cable tie,,,,,
13d5cf432a2a0ff929af,fork,Bookmark,,,,,
db0ca124d2144d60d2d5,towel,Cleaning mirrors and windows,,,,,
d330bc06c2b1d23ef970,fork,Bookstand,,,,,
e9e43392e6e6be531fd6,can,DIY picture frame,,,,,
fd7f6cab9f2254338f6b,towel,Dusting furniture,,,,,
818b3e3aadb9c8b8aaac,paperclip,Weights for a homemade bird feeder.,,,,,
9d520126d14c47f55941,can,Planter,,,,,
e16f84b60f13d092680f,can,Seed starter,,,,,
edfdacc8da0bfc1e7208,can,Photo display,,,,,
a98f237f81eb08b92ec9,can,DIY picture frame,,,,,
af7e8bab82606d08c099,fork,Mixing pigment for art projects,,,,,
19f50bbe4fa7290ebfc1,fork,Candle holder,,,,,
304e105805f936bf934b,can,Plant label,,,,,
a42d3f8353210d734c89,paperclip,Zipper pull,,,,,
3344808b82a85e05b412,fork,Painting tool,,,,,
6ce7c808470c4f7bb42d,book,Sound absorber,,,,,
687d0b60ca39b479055d,towel,Polishing metal surfaces,,,,,
3a4781b87a7c7ab5c167,towel,Trailing decoration,,,,,
42951935622141de8c69,book,Bookmark,,,,,
85483ae2130f5ac239a5,book,Trivet,,,,,
0d215d52f929694e4a6d,towel,Impromptu drop cloth for painting,,,,,
0d11b8223fd653db8bd7,book,Gift wrap,,,,,
ec4f418b8311b3849fb2,towel,Washcloth,,,,,
96b19342c139b5f442e0,towel,Outdoor movie screen,,,,,
fb2f1a095e4e904f2493,fork,Picture frame,,,,,
f9d7a94491617f1293fc,paperclip,Storage for small electronic cables,,,,,
fae29984f0025c1dd499,fork,Pencil holder,,,,,
e52541ada117ef31e83b,fork,Plant label,,,,,
74bc787a0c08c28c7b4f,paperclip,Plant marker,,,,,
bf024d8d7d3327e6f967,book,Decorative base for a photo frame,,,,,
5f2f586095a6d3a9e401,towel,Polishing jewelry,,,,,
e4085af74003db49b0f8,book,Desk organizer,,,,,
8b93877842444a833b52,book,Paperweight,,,,,
142decee6eb95d8ea380,fork,Wind chime component,,,,,
6ffe48731434b64c0958,can,Desk organizer,,,,,
d3b72540a073b56cf734,fork,Photo display stand,,,,,
440c127def8f93812820,can,Candle holder,,,,,
2eef5d187a53b9d8b3c3,fork,Chalk holder,,,,,
c704b79a002ccc3bd72a,fork,Magazine rack,,,,,
7fc62ed0709fa5d7d23d,towel,Wrapping fragile items for shipping,,,,,
d9c76ee58e0ecb182821,can,DIY wind chime,,,,,
24060bed829f82ac3aee,paperclip,Bag clip,,,,,
b3a7a3f6b198b1e038aa,can,Desk organizer,,,,,
38e0783ff97f88285646,fork,Plant label,,,,,
7345b28988fd3a250a01,can,DIY bookmark,,,,,
6c4b3213c0b648f9d807,paperclip,Plant marker,,,,,
7bb69e2a630c6550310f,paperclip,Wind chime component,,,,,
a3ab07c8de301767a029,book,Desk organizer,,,,,
fe3185bc7d8ae52c260d,paperclip,Picture frame hanging aid,,,,,
902a4a9d6cc0041adb0a,towel,Drying freshly painted walls,,,,,
43e6cfa5d94dafdd3e42,book,Bookmark,,,,,
84de718281b92667a6d5,fork,DIY photo display,,,,,
61e4570a47c2208bc354,towel,Bundling small items,,,,,
c13a960821f8c250438b,towel,Wiping down countertops,,,,,
51ab86a7145c0f335b2c,fork,Plant label,,,,,
282674b0eb377210d3e8,can,Candle holder,,,,,
aadd561e35b02eaac878,towel,Polishing metal or leather,,,,,
1d10c59fdbbf5cedd4ed,fork,Paperweight,,,,,
7a62b0082aec42a3b8d7,paperclip,Bookmark,,,,,
8ea852439e69d6e51c17,towel,Removing lint,,,,,
1b20d718aeea4a6c2e03,fork,Candle holder,,,,,
b3bbaf318fe7acc02ed3,towel,Drop cloth for painting,,,,,
41db8eb40f9fae7060a4,paperclip,Bookmark,,,,,
53f17691fbea12692792,fork,Letter opener,,,,,
7cdf3c070e4f1a281330,towel,Drying dishes,,,,,
f528fca5699b8ae002ec,paperclip,Photo display.,,,,,
2fceb0cc253589cc5eb0,fork,Photo display,,,,,
5351c8c53dad9543ab78,paperclip,Geography map guide,,,,,
dd4b0c4ac498b7a8e503,towel,Wiping down gym equipment,,,,,
74dfe0d7f703a2372ec8,can,Paint stirrer,,,,,
c5d831f6fc2f303a5c4d,paperclip,Mini bookmark,,,,,
9b231dec9963b77661da,towel,Drying wet tools,,,,,
d6631471b8704865678c,paperclip,Earbud holder,,,,,
ee1d1e93a99ee9bab1bd,book,Weapon in a dramatic scene,,,,,
7abb88f183e180207a7b,towel,Sweeping or dusting surfaces,,,,,
fc36b42d283237556e63,towel,Creating a DIY photo display,,,,,
4571d17ea1e2f8f47506,can,Scented potpourri holder,,,,,
b67977aa8b53e132d8b6,fork,Bookend,,,,,
9e8229023877ee3bc242,paperclip,Wind chime component,,,,,
019d50e0d4ff9ba58679,paperclip,DIY picture frame,,,,,
691eb01dde96fd996f88,fork,Emergency hammer,,,,,
f811cea7edc95838805d,can,Wind chime,,,,,
d2e01cab5dba283983fe,fork,Bag zipper pull,,,,,
ceaf8590f457d205babe,towel,Wiping down tools,,,,,
e12c38338000922bcecd,paperclip,Cord organiser,,,,,
fc5564ff5702f682bbc3,can,Magazine rack,,,,,
f6e0ddb062307f60878f,fork,Plant label,,,,,
32ccc574af98cca71ccd,paperclip,Mini bookmark for small books or documents,,,,,
775f79a115a88c86efbe,towel,Painting drop cloth,,,,,
a0fadd11570c66e564ed,book,Insulation material in a DIY project,,,,,
58e6e196a298eaf912fd,book,Paperweight,,,,,
71e6efc54a3495457a0e,can,Art project material,,,,,
62a819adce91ffc07385,can,Wind chime,,,,,
e6d2aacebd5f59def8d5,fork,DIY wind chime,,,,,
6a8986291f533f2fb14c,towel,Dusting furniture,,,,,
a561e6730ed41fd99d5d,towel,Dusting cloth for blinds,,,,,
3dfb7023587c7f220e78,paperclip,Bookmark,,,,,
bb522993c13fddd8c9a7,can,Sifter for dry ingredients,,,,,
8cc47d25022d15bc670b,book,Gift,,,,,
62100f0b8e9c8acac3f8,paperclip,Temporary fix for a broken zipper,,,,,
d165525a23a08e1af4dd,can,Sculpture,,,,,
577e68240ad47d285382,towel,Emergency blanket,,,,,
55435e92efebc7e8eee3,can,Bookmark,,,,,
6be9011c352019b3a857,paperclip,Custom phone stand,,,,,
5f68d914b2e97c582f47,book,Bookend,,,,,
ca14c6d41ed53a5e7b10,can,Plant marker,,,,,
9eddf3e575305c5b2c8c,fork,Garden marker,,,,,
c5c6d0734c7b0c60b738,paperclip,DIY jewelry,,,,,
41a3e9fc600918b3b1ee,book,Decorative item,,,,,
f10f36bc2facea70a672,paperclip,Zipper stopper,,,,,
7fca1eb854804df8f152,fork,Candle holder,,,,,
ab4f4c88ad25c5c95061,book,Bookend,,,,,
4da8d2bf718054ae239e,towel,Polishing metal items,,,,,
e0f1f6c3ac751b6fc064,can,Doll stand,,,,,
0e83dbf538d082413bce,paperclip,Temporary fix for a torn page,,,,,
364fe67eea1844683916,paperclip,Geodesic dome support,,,,,
d6b9c58c18d3d53ed2e8,towel,Drop cloth,,,,,
f0272d366be54de1f667,towel,Dusting cloth,,,,,
a2356aff5a4f669aebce,can,Homemade drum,,,,,
de71af17cdeb401b38ad,can,Decorative centerpiece,,,,,
548c1c50fccb14aabb5e,paperclip,Notebook paper separator,,,,,
2732b61f4af74a96338c,fork,DIY craft material,,,,,
9a58f3cd5cdbc8fa1942,fork,Adze,,,,,
2d7c9772aee8bcdcc598,towel,Cleaning pet areas,,,,,
ee5ef0ea010950cf13f0,can,Herb garden border,,,,,
ed94b81fc08a28d38356,book,Bookmark,,,,,
3b77ba416163259e651b,fork,Craft material for kids,,,,,
b106cf335d1c4e34a398,book,Plant press,,,,,
7e226efb5226694b9ab4,paperclip,Bag clip,,,,,
c471df70b622427699d5,towel,Wiping down electronics,,,,,
a6811c3baaad1773bf7b,book,Bookmark,,,,,
a489690c8b48fff05023,towel,Pet bedding,,,,,
879d3c2763c0e0264a73,fork,Weeding tool,,,,,
aa69f9710ce5cf6ada52,fork,Sculpture component,,,,,
3c2071314a439293e432,paperclip,Cable organizer,,,,,
26b3c9c9ce951a5f1d08,book,Bookshelf filler,,,,,
ffa9737ef5e27e69818f,towel,Pet wipe,,,,,
a73303a8bd9cd4e8bd0b,fork,Letter opener,,,,,
b8239ed4f70e01a7d4fa,towel,As a makeshift picnic blanket,,,,,
2e423ae0c37b5d6321cf,paperclip,Cord management for headphones,,,,,
d315e4a40e095093fb39,can,Doorstop,,,,,
47625e3a7c5b15c0db8a,fork,Pot lid lifter,,,,,
2bd121c3fda4036b4253,towel,Covering a mess,,,,,
2b037680904e179f0dda,can,Garden ornament,,,,,
9a507f8e9e85163d3157,can,Sculpture base,,,,,
db52b9a578b69c068bc6,can,Paint stirrer,,,,,
5caeedb8622bd3c5e3d4,paperclip,Bag clip,,,,,
c72c64823a2cf985b8a2,towel,Insulating layer for cold storage,,,,,
3b6b99a489013c4281bc,book,Desk organizer,,,,,
73ba595cbec45fd3bb2f,towel,Wiping down tools,,,,,
070873e9f0dcbdcc1185,towel,Absorbing oil spills,,,,,
eff3b427d995ddddb1cd,can,Measuring ruler,,,,,
1c7693fca0ffcba772ae,paperclip,Bag clip,,,,,
96acc536e2c1ebaaf57a,towel,Hanging curtains or drapes temporarily,,,,,
5d98fcdc169cdc194fa8,paperclip,Cord organizer,,,,,
4880d0e58eec9d6c77b4,can,Bird feeder,,,,,
8bee03680db52d7d085f,fork,Mini gardening tool,,,,,
4d60c904e529752dfdf5,fork,Bookend,,,,,
91ee7214b22d694c9f1c,book,Keepsake box,,,,,
449222ab4cd1ef082cf7,fork,DIY bird feeder,,,,,
2ed632236b616214cf49,towel,Polishing silverware,,,,,
145ba068689121cb7af9,paperclip,Earphone cord clip,,,,,
b35e78d429e3c349c066,towel,Painting,,,,,
8bd909f109b9ff66c8bd,paperclip,Plant marker,,,,,
2f4aecfea0b33b710c5e,towel,Cleaning windows,,,,,
7ce0ef6c00d2d04bb036,can,Pencil holder,,,,,
ed20a982adb38a70077c,book,Bookmark,,,,,
e792e21c758aac7c6692,fork,Candle holder,,,,,
abe97b509367ccb62548,paperclip,DIY photo display,,,,,
dd4ae138e10de8c49f8f,book,Sound dampener in a room,,,,,
d62fe46b19c633ced5cf,towel,Cleaning car windows,,,,,
8f5df928f4e8e149d5d9,towel,Photo prop for creative shots,,,,,
01be5c16cc48e32efb6c,towel,Pet drying sheet,,,,,
82078268c075212bce1a,towel,Plant wrap,,,,,
d06635c93bb0d744d60b,fork,Pencil holder,,,,,
682c593adafcb88cecca,can,Pencil sharpener,,,,,
5e4aeda967c778c85c8c,can,Mixing stick,,,,,
cf2d3806483a125ad028,book,Decorative item,,,,,
b5f753dc8b50ced6d749,paperclip,DIY zipper pull,,,,,
248ca42ad5b85dc7a0b1,paperclip,Temporary fix for a broken zipper,,,,,
f11956b4a99d3336304a,towel,Drying paintbrushes,,,,,
0c74569caeb05554ac12,paperclip,Mini bookmark clip for reading eBooks,,,,,
7193c3ee1a7856a50a2d,fork,Pencil rest,,,,,
428f0ff9fd0ef86eef4a,towel,Drying artwork,,,,,
4b2300bd7d5878dc03e2,paperclip,Craft project base material,,,,,
0b636e4b8ad0ded6b8ef,towel,Pet drying cloth,,,,,
c70209103b5a642a210e,fork,Candle holder,,,,,
ff367ff71c8376ad221e,fork,Craft stick holder,,,,,
48107fcde95d38a827ec,paperclip,Picture frame hanger,,,,,
2856b29c5ce2ce4c4b17,fork,DIY wind chime,,,,,
a9d93a7a8807bd6c1e3e,paperclip,Wind chime component,,,,,
79006c68790d060b54f6,book,Trivet,,,,,
bec8a087a09b73d5ddc0,paperclip,Geometric shape template,,,,,
a6a4de5c5ad31f2fcfd4,towel,Drying dishes,,,,,
9a886453b79861f98733,paperclip,Desk organizer divider,,,,,
a45f1d729def986d1cd5,can,DIY bird feeder,,,,,
cb2abb9f86e1f6b88ac7,fork,Plant label,,,,,
1efc5a8ee097bc876f9b,paperclip,Temporary fix for a broken zipper,,,,,
fe519ee595e302bb4a6c,paperclip,Book mark,,,,,
1a982b10ba12d16d0050,paperclip,Cord wrap,,,,,
61036d30db69163f8368,can,Plant marker,,,,,
9671c71b846718b2a5f2,book,DIY craft material,,,,,
c2e036d5959d5a4dd113,book,Fire starter,,,,,
8f4777db2e1896e0fdd1,can,Coffee stirrer,,,,,
98a77135c13601d5b3f2,fork,DIY candle holder,,,,,
a8ae2425c055c8fb3334,book,Book as a base for a DIY craft.,,,,,
9dcf444961f6b093aa5d,towel,Wiping down gym equipment,,,,,
c11bf17779272f49976a,book,Scrap paper source,,,,,
ab7307f0cd28b525a7b0,towel,Drying dishes,,,,,
398560114a8983cbbf61,towel,Removing lint from clothing,,,,,
1e3cbf99a4e537f91191,fork,Bookmark,,,,,
1e78dca5665323d3f781,fork,Mixing tool,,,,,
d3ac00b20a23feb6feeb,can,Birdhouse attachment,,,,,
e48cd267ce564e19fb25,paperclip,Bag clip,,,,,
8d31aee95a7f1db6da15,towel,Cleaning windows,,,,,
fefe10087e6e958ae86e,paperclip,Sculpture material,,,,,
5895ceee2cf785fd1716,paperclip,Cord organizer,,,,,
939cba611c1ca522c5e1,paperclip,Zipper stopper,,,,,
05778aeb7d4ed47039f0,can,Coat rack,,,,,
0c82cb1d026e977b94ed,paperclip,Temporary fix for a broken zipper,,,,,
c60f5e2996ab11626e83,book,Insulation in a craft project,,,,,
90a62817ea55ca100bff,fork,Bookmark,,,,,
8f18ac9b701f3f91eab4,paperclip,Plant marker,,,,,
a90b740db7337965cb4e,can,Plant marker,,,,,
44d353c077570400fad3,towel,Protective covering for outdoor furniture,,,,,
b28c813792a07f000212,fork,Sculpture base,,,,,
6b0897b7fb0e84ee1460,paperclip,Temporary repair for a torn page,,,,,
4258edb0a8bd5836b159,can,Macrame project material,,,,,
d4568c38c3c4cca9fbba,can,Bird repellent,,,,,
4bc11fea1be3083f4be5,fork,Photo display,,,,,
648ba8f857c5d74750e9,paperclip,Plant marker,,,,,
fb05085db5803b9317da,fork,Pot lid holder,,,,,
d8536b2481d803cf92e2,fork,Candle holder,,,,,
ae17a4ae1cd3984c5489,fork,Potpourri holder,,,,,
19d13434ed78d9dcd388,can,Art project mold,,,,,
46ca55ee068aa8393e7e,can,Wind chime,,,,,
9d374b2f718370fa459c,fork,Zipper pull,,,,,
dbd5b1271decfeb24317,can,Picture frame,,,,,
84e9f06c53457df3abdb,towel,Drying plants after watering to prevent diseases,,,,,
44d0ecfd6846ad667f03,book,Coaster,,,,,
719057f71f06b4261ab1,book,Desk organizer,,,,,
c80a625f8027bc06a9de,paperclip,Temporary fix for a loose screw,,,,,
9233e46938319964a0b6,towel,Cleaning mirrors and windows,,,,,
ab218508088d758fb152,paperclip,Cord organizer,,,,,
9f686978cf282a9d2594,can,DIY picture frame,,,,,
f86abc55976094df7fe7,can,Pencil holder,,,,,
ee2f1df8362cc0ec7702,book,Gift wrapping material,,,,,
9875a30ccdb2cd5d62df,fork,Building block for a child's playset,,,,,
310891a4233a8f71a7f8,fork,DIY tool,,,,,
822d03b54f3e822b0cbf,book,Trivet,,,,,
be4f4702514fbcef8a87,paperclip,Temporary fix for a broken zipper,,,,,
2481a1f7f6290f2f37de,can,Paint stirrer,,,,,
9f27903d77b478ce04e0,towel,Wiping down exercise equipment.,,,,,
895cbd3598a016ba8445,towel,Drying tools,,,,,
2f8b2ec09c89fe04d84d,can,Birdhouse,,,,,
5f3a2c5574c252d6566f,towel,Remove lint from clothing,,,,,
906cd9676c272fd37d20,towel,Covering furniture during painting,,,,,
384ad05abd21af3eced2,fork,Pencil topper,,,,,
28a3088bb4ac7f5ce7e7,paperclip,Desk organizer for small items,,,,,
c5ab9de5d7a05c242f74,fork,Plant marker,,,,,
227a9164ef52cd73f4f8,can,Plant marker,,,,,
03b2e1e3468b5ec6a741,paperclip,Photo display,,,,,
5ac233fdad6b8fb0bf24,paperclip,Bag clip,,,,,
694780f074c820e21c68,paperclip,Temporary fix for a broken zipper,,,,,
76492aa17b7149e30935,book,Paperweight,,,,,
47a03b953b06f41357f2,towel,Drying wet shoes,,,,,
f4ab739f80b67143f10e,book,Paperweight,,,,,
8b3b1a4ae778be9c1ec9,book,Prop for photography and theater,,,,,
16ba085c355e64d05cc1,book,Photo album,,,,,
09db26334d17c626614a,paperclip,DIY jewelry,,,,,
781ee74689ff90e36755,book,Book as a plant press,,,,,
b3dbd44e3a4372503f0c,fork,Mini trowel,,,,,
19585e00e2c8a0388983,paperclip,Cord organizer,,,,,
9b78a49fe517950c70dc,towel,Cooling the neck for a pet,,,,,
ce4c8f6ba0d1e78601dd,paperclip,Cable management tool,,,,,
0dd6ccea510f38270a82,paperclip,Bookmark,,,,,
d5bea692c16da66a8a13,can,DIY jewelry display,,,,,
9cff8dd7bdf19853389a,paperclip,DIY wind chime component,,,,,
84ece3b7ed3cbed17932,can,Geometric sculpture,,,,,
57dabf70799e3186dcd6,paperclip,Bag clip,,,,,
8c1c993c20b8c6f5e28c,towel,Drying pets,,,,,
7d133eedcba0442e507c,fork,DIY craft tool,,,,,
caf6f9e4c3137f849572,fork,Plant label,,,,,
2b544e61f400a7664d31,towel,Applying and removing face masks,,,,,
cccb425f531a1c485546,can,Pen rest,,,,,
0f6f882db963b2755c2d,can,Picture frame weight,,,,,
8cfb38770c96af88b96f,book,Sound absorber,,,,,
43301e1cdfa7232ef6cd,book,Photo display,,,,,
d47a4ee702ad83a4e871,book,Fire starter,,,,,
b5f938e6e9708b0675bd,fork,Cord organizer,,,,,
a4098fe25471b2b539cd,can,Bird feeder,,,,,
c50ee68d1fbe9cc509ff,can,Scented sachet holder,,,,,
1d8ec04433b285e2df32,fork,Plant label,,,,,
bd4c21b495d471fb4176,can,Potpourri container,,,,,
9bdb2bcd4f1621456f57,paperclip,Emergency bookmark,,,,,
f7e44672ecd91ba394ed,towel,Wiping down tools,,,,,
bdeefc7c8a50a7318d57,paperclip,Temporary cord holder for headphones,,,,,
a8cb66635dcca103901b,book,Paperweight,,,,,
727a32e62d9a8162607a,paperclip,Emergency screw,,,,,
b6248d0ed4b6f2e217f4,towel,Protecting furniture,,,,,
45caa0e269fc31dd0c1a,paperclip,Bag clip,,,,,
a78705f7d711c9398370,paperclip,Bag clip,,,,,
4dea16ee1f6993c3827b,can,Clock decoration,,,,,
26dd22475495ab303754,can,DIY ornament,,,,,
ebaeaf1ccd04b170e2fd,fork,Bookend,,,,,
1eb970bf9042bb4b841a,fork,Plant label,,,,,
b5b24486cf7555652e65,paperclip,Mini bookmark,,,,,
2452de296f5fa8ff43db,can,Bird feeder,,,,,
b50130eaadd35869b279,fork,Measuring guide for small distances,,,,,
4df231caebcc00950706,fork,Paperweight,,,,,
60ed4237dac192be3e99,book,Bookmark,,,,,
f580ffa811a50fa72faf,paperclip,Mini bookmark,,,,,
5d4c12100920cc74b7bc,can,Candle holder,,,,,
6d80bf32b9f4535c532a,book,Coaster,,,,,
582d0b931ecb12af28db,fork,Sculpture base,,,,,
5ac270b2fbe855da0166,book,Book as a smooth surface for a craft project,,,,,
e55201aa1902ce391990,fork,Twig gatherer,,,,,
a9b6737af6d276a88e6b,can,Wind chime,,,,,
61a977898f1ee86ae921,fork,Ink stamp,,,,,
f72c07ebe9e4d7b4bd29,towel,Cleaning spills,,,,,
a603be7f3f78b004cdf1,towel,Clean up spills,,,,,
4fef8a0f92776dcfe2df,towel,Painting smock,,,,,
d23def2e6d1fcd73148d,towel,Dusting sculptures,,,,,
86e1e4a8b39c7ff3411a,paperclip,Cord organizer,,,,,
57912e4011e133425ec6,towel,Dusting blinds,,,,,
31d30e510a16a5d4c5fe,book,Photo display,,,,,
367b8e446b7ebd4e5654,fork,Sculpture material,,,,,
2dfc9186b221ec905b6a,book,Prop for acting or photography,,,,,
c397e8a0ff99954c4c53,paperclip,DIY jewelry making,,,,,
b09c5b44277dda12c039,can,Bookmark,,,,,
c199dd07abf6e0dd1e1a,can,Painting palette,,,,,
22098bfd9cbf416a01fa,can,Bird feeder,,,,,
13daa0b997c22fcc5369,book,Book as a photo display,,,,,
b29a991f8cfe1269611e,fork,Bookmark,,,,,
2119f943600c86c08474,towel,Fire pit spark guard,,,,,
c499947e18d0108bf423,fork,Bookend,,,,,
99eb03d8894e8303aaf3,fork,Picture frame,,,,,
3711a372a3909e378d80,book,Plant stand,,,,,
e82d32b1799cd39562e7,fork,Sculpture,,,,,
bd000e71c689010820a2,book,Place holder,,,,,
581e04e10b0d99d3a4dc,towel,Cleaning spills,,,,,
cd344b13e24575840895,can,DIY picture frame,,,,,
1794c5cf2c5feb244412,paperclip,Tool for removing splinters,,,,,
2d672dd4ec39a7c7779f,book,Desk organizer,,,,,
aa3b426ca269930f0a1e,towel,Supporting a plant stand or pot,,,,,
a9539b0c225bad9dd777,paperclip,Temporary fix for a broken earring,,,,,
1efb06cbd45e1adfc873,can,DIY craft supply,,,,,
eac7cb4a2c08547b0d68,paperclip,Bag clip,,,,,
7a4bec389db4229ce490,book,Paperweight,,,,,
ab0131e100178901e8f4,book,Decorative coaster,,,,,
e71ffde8ec554ca8555f,towel,Polishing metal surfaces,,,,,
b9c3fb6c739615e03cf3,towel,Wrapping delicate items.,,,,,
57cde5768dc2c301c299,can,Mini planter,,,,,
dff4e6cc2121e9936248,book,Wall hanging,,,,,
6fd41d2cdd5fbe4b30b2,paperclip,Temporary fix for a broken zipper,,,,,
22011f585bc5dcadaba1,fork,Candle stick,,,,,
3c17f6929beef37bae72,can,Paint stirrer,,,,,
2f86d3bcfc00187d1cee,towel,Crafting,,,,,
732f92a928bbf66877e9,can,Picture frame holder,,,,,
5124557cc5be141138c9,paperclip,Zipper pull,,,,,
b1f301f6472b9e05d586,paperclip,Emergency cord,,,,,
4224442c7c20e45bff7a,can,Decorative centerpiece,,,,,
774a7504e98c596d8308,book,Trivet,,,,,
3e0d66aab98813471e13,can,DIY clock,,,,,
0b26fbb78042bddae9fe,can,Wind chime,,,,,
2c7b8d7cd88d4b531d9e,can,Measuring cup,,,,,
af0c0292cd3f73db09db,fork,Plant label,,,,,
8614d92d3a51dceeebc0,can,Bird feeder,,,,,
c898ec41f439b0c106f5,book,Paperweight,,,,,
90b9d5411de4f2f5fa30,can,Plant label,,,,,
2e6f50e37eecb8147ed9,paperclip,Cord organizer,,,,,
151355b3626192267c7a,fork,Bookend,,,,,
fcabbf3a50401525f159,book,Coaster,,,,,
1593a6cd583ca6241120,book,Picture frame,,,,,
af022122826fe2c39653,towel,Use as a dusting cloth.,,,,,
32d24441f3a21b425b25,can,Plant marker,,,,,
7f50115498a5ccaba9f1,book,Paperweight,,,,,
859b082e30ba123000e0,can,Pencil holder,,,,,
c18bb8d983efb5b5aaa1,fork,Wind chime,,,,,
85fbdf91ac7d825abd3e,fork,Candle holder,,,,,
d497f882fdb9c0cf06cd,book,Plant press,,,,,
c8efebd20f78c108b20c,book,Sound dampening material,,,,,
9cf915c967271b14d2e7,can,Craft project material,,,,,
4571134c3ef088d77606,fork,Mini scraper for small spaces,,,,,
beacb6ca6af08966d8fc,fork,Desk organizer,,,,,
b1a488365d73dd26fd3a,fork,Plant label,,,,,
346c58c438dc2706e651,can,Photo separator,,,,,
8559d41ea3b326322558,fork,Craft material,,,,,
85653bc4fc667bcbe479,towel,Painting cloth,,,,,
b4e4c56569f73016081e,book,Prop for photography,,,,,
b6c4f7f2ea38f25a4692,fork,Desk organizer,,,,,
a08a43bad618309e08e8,book,Decorative centerpiece,,,,,
157a828b4b5cf49509a5,paperclip,Zipper pull.,,,,,
c1a17126f4cfecbe7705,can,Shelf liner,,,,,
23ab5a92833a555f8aa7,towel,Wrapping gifts,,,,,
a72a23549664c81e4520,fork,Mini planter,,,,,
1323c9ac9df1949f761f,towel,Wiping down kitchen counters,,,,,
75b146d0709479d50f0f,book,Coaster,,,,,
1f76e05ef66d7807d29c,paperclip,Bag clip,,,,,
139951e6bc7f35fc8ba5,fork,Picture frame,,,,,
15880a53cb409725fad1,fork,Bookend.,,,,,
be43d17e19831efa49b4,book,Weight for fishing line,,,,,
2d53ca21d73bb209ff4b,book,Desk organizer,,,,,
44cd4242b920ebd7c7b6,fork,Emergency bookmark,,,,,
9c766c513d9845d1aa8b,towel,Drying dishes,,,,,
3b3aa6dc11260921c91a,fork,DIY craft tool,,,,,
c6f587528c5fac9f3482,book,Coaster,,,,,
ae521ebed0789c3ee128,towel,Insulate windows in cold weather,,,,,
352d9cf3078a17f025e4,book,Bookmark,,,,,
9f93fe24c47010553e77,can,Desk organizer,,,,,
d943d3e6229c9658413f,paperclip,Craft project material,,,,,
d8443ca748a6f07cfa40,can,Plant marker,,,,,
83af352f7d5dc51a758d,paperclip,Temporary fix for a loose screw,,,,,
c5d78b9bb5fbec83bb7a,can,Mini greenhouse,,,,,
98e784a22c7f95f83a6b,book,Weighted exercise tool,,,,,
4c0e1d7e2e20f0d5ffdd,book,Plant press,,,,,
7a8e3d344d3a4841ca65,book,Bookmark,,,,,
256d328dda325bfbc772,can,Bird bath,,,,,
42e85995a41e4ea33599,fork,Pencil holder,,,,,
c636bbf2933a94d730b2,fork,Tensioning tool for wires,,,,,
01e9f13459d2bd9ce3a2,towel,Dusting furniture.,,,,,
0104308cb206cd8a4830,fork,DIY picture frame,,,,,
b4df12ab89df0d1f76f7,towel,Dog drying mat,,,,,
006c58e0f885f8fa3a24,towel,Dusting furniture,,,,,
7e029b14ee90df10c641,towel,Cleaning up spills,,,,,
5293b9ccbe7f50749e94,fork,Ice pick,,,,,
5422774a61bba408a324,paperclip,Small bag clip,,,,,
f286a2d7f2126a4f42ae,paperclip,Temporary fix for a broken zipper,,,,,
72ab0ee95cad71817642,paperclip,Temporary fix for a broken zipper,,,,,
2d95d9152bcef7d06b79,fork,Pencil holder,,,,,
8ecc58f605fb1fa171a8,can,Pencil rest,,,,,
a25313f6478b62987776,book,Shelf filler,,,,,
85da2133dc6648e68aa7,can,Desk organizer,,,,,
39a1d490d9e947173514,towel,Polishing mirrors,,,,,
9daef00f3717e78ec65e,paperclip,Cable organizer,,,,,
b01b8dfc4df2528f9393,paperclip,Cord wrap.,,,,,
2d53fe5cd666542b9f09,paperclip,Mini bookmark for small books like notebooks,,,,,
38c6e28c6d1d2058de22,towel,Polishing metal,,,,,
222981b07d2424ced618,book,Trivet,,,,,
a79bdcded37d006a502c,paperclip,temporary fix for a broken chain,,,,,
694e4a733769bf35c66a,towel,Drying dishes.,,,,,
863db4ab4490a69678a6,can,Wind chime component,,,,,
a00b64d50fe8dd64998a,paperclip,Crafting material,,,,,
df3512043dd4dada0083,towel,Cleaning windows,,,,,
8ea0de539d514736188e,can,Bookend,,,,,
db3749b25111548873ea,towel,Supporting a makeshift table or counter,,,,,
aabe15b35da371daa32a,book,Decoration,,,,,
5acfca95629d8fc40e60,fork,Wind chime.,,,,,
de6f3b6a3571bbb672fd,paperclip,Cable tie,,,,,
58780489b9edc885705f,fork,Candle holder,,,,,
6844ee82d5bbabba1ca5,can,Bookend,,,,,
8a6ccb952a2d78f06603,paperclip,Emergency fishing hook,,,,,
e5510542eaae7e68b436,book,Weight for exercise equipment,,,,,
4813b5d4624aff7caacf,book,Prop for photography,,,,,
d57d3f1c197bbc023057,paperclip,Photo display,,,,,
4059c10da8959810292e,paperclip,Mini bookmark,,,,,
cf281c580357fb9bc28f,towel,Painting,,,,,
b3bb3fcbd2588da14e69,towel,Drying plants,,,,,
04d86f129dc57d908ccf,towel,Cleaning windowsills,,,,,
079ed2a7c7469e618e1b,can,Bird feeder,,,,,
9785afcd856cff55a93c,book,Coaster,,,,,
8b0aa12a66c1875c8706,paperclip,Emergency bookmark,,,,,
2d83660d1af825709929,can,Plant marker,,,,,
e41d07c355ddbad219bd,towel,Pet drying,,,,,
954322d618c76b401173,towel,Drying dishes,,,,,
7bbcd29289717e091227,fork,Mini shelf,,,,,
8b2261476e684780625c,paperclip,Mini plant label,,,,,
1f63964ccfa6b6031f98,can,Photo display,,,,,
601635fc82a4366eb955,fork,Plant marker,,,,,
9ce232ecb72f1d5eec6e,paperclip,Zipper pull,,,,,
df18fd585c7c04c9e6db,fork,Candle holder,,,,,
2a54d09406097f07c495,paperclip,Temporary fix for a broken zipper,,,,,
943edcd4dcfdbc86d18e,fork,Pencil holder,,,,,
0bfd809049c592e2dece,paperclip,Temporary fix for a zipper,,,,,
16def92a97fe275ca0a4,fork,Weeding tool,,,,,
e1f8b0d9845b19860852,book,Decorative item,,,,,
a0433bba225630867b21,fork,Sculpture base,,,,,
6f787d3f4594ceff3879,paperclip,Wind chime component,,,,,
a8d840167c31bbd33079,book,Prop for photography or film,,,,,
ec7353331da7c13e9e23,can,Tiny planter,,,,,
3a6aade50963692292b5,can,Bird feeder,,,,,
07c8e782f208cb8a36e4,fork,Pencil sharpener,,,,,
4588ff9566bb7cad41ac,book,Bookmark,,,,,
ed79b0d91c70909106ec,can,DIY bird feeder,,,,,
e8df1d14d8c1b9d0a94c,can,Scent diffuser,,,,,
df1c0cf11e38ed70cb98,book,Book as a musical instrument,,,,,
b815ed90cecca0ff76a9,towel,Polishing silverware,,,,,
50bc4475cc5db883fd0e,book,Material for crafting.,,,,,
1fb84f5143db4d911f41,towel,DIY photo backdrop,,,,,
f19973f0cb0632cc5a01,book,Item to throw at someone,,,,,
673307cc6d33f8501cd3,book,Gift wrap,,,,,
7a768998b0891bca8ee7,can,Bird feeder,,,,,
e6960b8f71c70e0e0b12,can,Paperweight,,,,,
2824f4abefb2ff5def64,book,Prop,,,,,
f8e5105a8adebf2f92d6,paperclip,DIY jewelry making,,,,,
ec7e3ce742cd0ac392e5,fork,Magazine holder,,,,,
f7368e53981a17975913,fork,Jewelry organizer,,,,,
c5ee0033e90c00e5c9bd,fork,Wind chime,,,,,
dbaf6aff47b8facba059,fork,Letter opener,,,,,
7547d17e6d4818496e03,towel,Drying dishes,,,,,
c48ca1f8b3d16ecb0912,can,Coat rack,,,,,
cdb9e500b950676c4392,can,Mini bird feeder,,,,,
95424a0c45b5a8a6c9fe,paperclip,Zipper pull,,,,,
4c9cfebdfb3ebc035792,can,Picture frame,,,,,
a99fddca3376812e333d,paperclip,Plant marker,,,,,
03d5af44407a6189f0be,book,Bookmark,,,,,
99efc7913dedddc38bd5,fork,Plant label,,,,,
97a02752bd406cf92a87,can,Mini picture frame,,,,,
52b7bb32c56add1245e6,can,Pencil holder,,,,,
ceec98d1b8f655f40afa,fork,Geometric art piece,,,,,
43a28e4d61f7a535a9e1,can,Pencil holder,,,,,
61f83d2baaa9cb1b6809,towel,Weighted lap pad.,,,,,
6dd960392c5d0f762826,book,Weight for a bird feeder,,,,,
200450b9580debb5589c,fork,Plant label,,,,,
f329df582b14b4c04011,book,Candle holder,,,,,
11a9bca40f0330ec9c68,book,Decorative item.,,,,,
8529cefbb28484bbf3bc,book,Prop for dramatic reading,,,,,
b210243306d439c9a06e,towel,Use as a drop cloth,,,,,
3597aa2a05faae783ac1,towel,Wiping down tools,,,,,
250c0b508c180a61f0ce,fork,Sculpture material,,,,,
c119f401d026ee2a22bb,paperclip,Jewelry organizer,,,,,
e07220064203e4209d40,book,Trivet,,,,,
4de0f7ca3e473c3c7377,book,Paperweight,,,,,
c4aeeaedadc3093e2202,towel,Protecting furniture from dust when moving,,,,,
a1a084f1a2f0ae86f016,can,Pencil holder,,,,,
5f491f699f70f39f3bb0,book,Decorative accent,,,,,
e237bcc91b378eacc7ae,can,Plant marker,,,,,
80093ec7b42ffcedba7e,fork,Temporary anchor,,,,,
58f925b8fa38bbd3dbbd,book,Music sheet stand,,,,,
2e7a60d1dde5742197fd,book,Bookmark storage container,,,,,
93e917138a795497bce4,towel,Creating a DIY photo backdrop,,,,,
4d0317f367c178ca5cd0,fork,Plant label,,,,,
89da58a7c1f689ba7141,paperclip,DIY photo display,,,,,
a99d0ae3bf583509142f,towel,Painting drop cloth,,,,,
00436c55f7daa86fb079,can,Hot pad,,,,,
680dc849fcb899610a69,towel,Dry paint from brushes,,,,,
3c07416a08d18c09523f,paperclip,Temporary fix for a broken zipper,,,,,
7ec4e6245676169e2332,fork,Emergency screwdriver,,,,,
f7b4d79c767419ef2256,book,Coaster,,,,,
dbc0a8c3e1099cf0ef98,fork,Picture frame,,,,,
689846b3ffb2851d959c,paperclip,Emergency ID holder,,,,,
5d145d94d9304bc7a430,paperclip,Plant marker,,,,,
6cc5f5bf13a4c7799d97,can,Schematic organizer,,,,,
ed355f49728f2db5c0d4,paperclip,Wind chime,,,,,
d07c57b160d371f85a4f,can,Pencil holder,,,,,
8445b03a608a813956ac,can,Sculpture base,,,,,
c25ae2083536d707c1a1,fork,Staking for small plants,,,,,
da7623a3379aa209ad89,towel,Gym workout accessory,,,,,
6a8c8c31b97d0e67b47f,paperclip,DIY photo display,,,,,
b022a128b13bd3f4832a,can,Plant marker,,,,,
83a4741b2dc5b28ee0c2,towel,Wiping laboratory equipment.,,,,,
b2e70ff5266be4b6710b,fork,Seed starter,,,,,
70bf8c63d1eb0a8df655,towel,Drying pets,,,,,
8b48d9455878f3888c99,paperclip,Plant marker,,,,,
d1018ace6006454c350a,paperclip,DIY jewelry,,,,,
d6581680caed5a51beb1,can,Birdhouse,,,,,
003e446c818d5d66c62a,book,Sketchbook,,,,,
d71c4132f04dfd3ffcaf,can,Mini planter,,,,,
73032953bb0b5204b815,can,Candle holder,,,,,
d10e31329c0f0bc66174,fork,Pencil holder,,,,,
ed73996eb1ade6802f08,paperclip,Zipper pull.,,,,,
a7422e82a806f8e4f1f0,paperclip,Zipper pull,,,,,
8a29e158611ed841c0a9,towel,Dusting furniture or blinds,,,,,
81faeff77bc36eea58f0,paperclip,Plant marker,,,,,
d28cf01752b309cff4f2,book,Decorative item,,,,,
a0cf9674264c00d6285c,towel,Wiping down exercise equipment,,,,,
10ffbec49d823425abf7,book,Support for a plant pot,,,,,
fa31ed4408828b2db9ea,can,Homemade camera tripod,,,,,
ddcfd3f4ea1231d5df9f,paperclip,Temporary fix for a broken zipper,,,,,
fe4b63ab92f4e344a923,can,DIY photo display,,,,,
2a04e7df187f28cc94df,paperclip,Sculpture material,,,,,
20975bde063328caf339,fork,Keychain,,,,,
1086db683e57cb2b0724,can,Wall hanging,,,,,
699921a42b4734dab310,can,Bookmark,,,,,
d6dfb6d4c50e24139df2,can,Windscreen wiper,,,,,
132d6f77281e0b300c69,towel,Impromptu picnic mat,,,,,
c188f728835dec59d783,paperclip,Crafting material,,,,,
ed9d897c1b6685e43c19,can,Wind chime part,,,,,
aba266f97e06455427e4,book,Coaster,,,,,
a9b7bdf51f2268373e5f,paperclip,Hanger for keys.,,,,,
ae32f80cca08d36e8c93,paperclip,Picture frame,,,,,
1c35bd8ec2af94eb8cb1,book,Scrap paper,,,,,
79295d84ab48a9b574fb,can,Wind chime component,,,,,
87de9bb92854b59d26c3,can,Weighing anchor,,,,,
0cbd70af1484cf8baa45,fork,Pencil holder,,,,,
39806ad6012985285953,towel,Photo prop,,,,,
1ebc2a22348d3691b91d,towel,Cleaning mirrors,,,,,
0e4f31411c299d34e987,book,Desk organizer,,,,,
3659b54fe1906ef4f05b,book,Paperweight,,,,,
8c05a4ea693fda275225,towel,Emergency blanket,,,,,
99ece630d78c05e4aeb4,book,Decorative item,,,,,
109695c7d4470a61759b,book,Paperweight,,,,,
a49779b7cd6f09aca8fb,fork,Keychain,,,,,
c6bb27673bde22b3e3bf,towel,Dusting baseboards,,,,,
8690338d25475e5b276d,can,Small drum for kids,,,,,
fcf2948810c165daa227,paperclip,Temporary fix for a loose screw,,,,,
48160f40b16c830736f2,paperclip,Wind chime component,,,,,
2a1e6e550284089b7dde,fork,Picture frame standoff,,,,,
fd7a56051264c34ef826,fork,Coat hook,,,,,
09ef6c9906cc0c78d299,can,DIY bird perch,,,,,
c9ca719aafe3ba956df4,can,Planter,,,,,
792fd296f7ccc5ae56c3,paperclip,Cable management tool,,,,,
273b602529f0314c28b6,fork,Pencil holder,,,,,
6896042e87f971754fce,can,Cord organizer,,,,,
abe790cfb7284a43500b,can,Plant marker,,,,,
237d23e5fbf5cc905966,fork,Painting tool,,,,,
232ee5a631157f680d21,towel,Drying plants after watering,,,,,
8692a47acbc98877b88a,towel,Creating a DIY cooling pack.,,,,,
f2753c938928e454a4bc,paperclip,Temporary fix for a broken zipper,,,,,
a29514596eb8c38a4e23,towel,Drying plants,,,,,
6744303e531fd842d414,towel,Cleaning surfaces,,,,,
45bfe811056ef1e665d2,paperclip,Weight for small items,,,,,
0e5fccbf347d8e4bdf4b,towel,Gym bag accessory,,,,,
b04d4297327b4669c709,towel,Cleaning doorknobs.,,,,,
7e50eb8f454f89650777,towel,Dusting delicate surfaces,,,,,
2031651607b9d8e67201,fork,DIY toolset component,,,,,
313651d9a5d39e250361,book,Plant marker,,,,,
cd5f9506c98560000fce,towel,Crafting surface protector,,,,,
4695f942af0f7b321601,paperclip,Bookmarks,,,,,
b9277eef32626258fea2,paperclip,Cord organizer,,,,,
1a4f0d7b68753e900613,can,Drawer divider,,,,,
f5d88fbef09b39db1139,towel,Wrapping fragile items for shipping,,,,,
ba1c23298df34e6074a6,paperclip,Mini kite attachment,,,,,
0462723a0ce17d1ba878,can,Drumstick,,,,,
0b7528dc32682c4a53fd,paperclip,Mini magnet,,,,,
a1e0bcdb9e0f060c90d6,towel,Painting baseboards,,,,,
261d36d9e233e9dc22c6,paperclip,DIY photo display,,,,,
d8b7dbd52d2a1a376061,can,Cord wrap,,,,,
6aa40842bd37e40f614e,fork,Plant label,,,,,
a8843ca5b86de9d6e8a8,paperclip,DIY jewelry,,,,,
420ecdd92dc6a3dc63a9,can,Candle holder,,,,,
0bd27626d7e41b20026b,paperclip,Zipper pull,,,,,
7d446af61e41487528a0,paperclip,Bookmark,,,,,
7b20112a2e0f923a2b4b,can,Jewelry holder,,,,,
57b10d30dab6d8118533,book,Coaster,,,,,
e2c612f9320ee0fc9356,can,Small tray,,,,,
e86dab8b63897a2203b7,book,Desk organizer for office supplies,,,,,
97cdde34a0443310e2a4,fork,Chisel,,,,,
2b3572ade90eb6978150,paperclip,Temporary fix for a broken drawer,,,,,
9d67c196197556176193,paperclip,Temporary repair for a torn page,,,,,
0350044e4f22e29df14e,towel,Drying wet items,,,,,
f5c6999188588328befc,towel,Drying tools.,,,,,
a6445bc36d706a9fb583,can,Craft material,,,,,
d1814184d13151ca92e4,book,Decorative item,,,,,
57f77060ed15898af772,towel,Drying dishes,,,,,
bb7df51afb563f186a86,book,Fire starter,,,,,
2da324a6eb6b0c12bf5b,book,Sound dampener in a room,,,,,
1f347a097ec521087104,paperclip,Cord organizer,,,,,
78216b7c9d2341d8702a,book,Decorative item,,,,,
66214bdda72a8a636aed,fork,DIY picture frame,,,,,
d592426ecad517b1118b,can,Bookmark,,,,,
d4c173557509d032ea06,book,Paperweight,,,,,
ba77738afcc042dca285,can,Sculpture,,,,,
205b62f3b4db053f34c6,paperclip,Mini bookmark,,,,,
0a8c1cfc70fc97c8e676,fork,Plant label,,,,,
9c88af65241be8ba8216,book,Plant press,,,,,
43caec3e8ff4373137a6,can,Bird scare device,,,,,
68d637385b6f5994c9db,can,Wedding decoration,,,,,
133a87fe626473808b3c,paperclip,Cord organizer,,,,,
755beac71959f802c3f7,book,Prop for photography,,,,,
63dcad579b9c98490ea7,fork,Plant label,,,,,
f2f8880ee312dda5e0c8,towel,Cleaning delicate surfaces,,,,,
03ebd2d1ea476d9a8026,fork,DIY snow fence,,,,,
aa0f5f1f6a1fdd5cc330,book,Decoration,,,,,
5a0cd265e7b7c3814fe7,paperclip,Mini bookmark,,,,,
db67caa010824b934aa0,towel,Emergency blanket,,,,,
3ca155c8ccb9d5322525,fork,Photo display,,,,,
5b0239bddcf39f3f0693,fork,Plant label,,,,,
5fc14411dd01336126b6,book,Bookend,,,,,
7b63a842e635d12719df,book,Gift Wrap,,,,,
c0facbd19b72c4074f66,book,Paperweight,,,,,
4c283d086ebb861d4fbb,towel,Wiping down surfaces.,,,,,
0edb8eed1b624e8b1ef5,can,Paint stirrer,,,,,
ec6ce39940852e35f892,towel,Creating a makeshift picnic blanket,,,,,
c8c18c9c45c0c6092dfa,book,Trivet,,,,,
941489d8fd92c8223a55,towel,Insulating a package,,,,,
4b779f4851cdabd683a9,towel,Polishing cloth,,,,,
ea96aa169dc145d5e8b0,paperclip,Zipper pull,,,,,
f06acfc0e3aa5483992d,fork,Bookmark,,,,,
48ab2220e75b77dbeefd,can,Watering can for small plants,,,,,
31eb8338e4369da42bfc,can,Paint stirrer,,,,,
eb38aadc7a8b75e1e63c,paperclip,DIY jewelry making,,,,,
84b0507de01bc229a78d,paperclip,Wind chime component,,,,,
3607fdd84993160960d5,towel,Drop cloth,,,,,
95c171581ea400d065b2,towel,Drop cloth for painting,,,,,
477d728249b3a9b25f19,book,Bookmark,,,,,
89043a32925f5f8330b7,towel,Dusting surfaces,,,,,
cca476a5c0662ac3f909,towel,Insulating electrical cords,,,,,
9d993211513618da4929,fork,Emergency self-defense tool,,,,,
c50fe22a1362c32af99d,can,Herb planter,,,,,
df5717e16160ddd7f98c,can,Pencil sharpener base,,,,,
2beba444c2d4b416a7df,fork,Paperweight,,,,,
8fd8e4be36cc09b0c74a,can,Wind chime,,,,,
784fd825fe6d706fc061,paperclip,Zipper pull,,,,,
b3572c563a61eb35b007,fork,DIY craft tool,,,,,
81309aafdfba0d3da56a,can,Zipper pull,,,,,
451df97c58a3591c3256,towel,Wiping down countertops.,,,,,
09f5c5b9592d8e6e2a08,book,Paperweight,,,,,
e2d1d3086ef932232733,can,Desk organizer,,,,,
36dac97e38b215e6038f,book,Bookend,,,,,
397aac424a9d0cdc8a6c,can,Mini garden border,,,,,
966cb1564a0c99d1c893,can,Painting tool,,,,,
d469df667cf9375e84f2,can,Plant label,,,,,
f60bf2eaac9f59c6fa57,book,Paperweight for a heavy drawer,,,,,
66c791f7dfdd8e177805,book,Coaster,,,,,
2c52495b80cc59cdb9c7,book,Gift wrap,,,,,
1a3bfde2323d24ab1192,book,Decorative item,,,,,
1933dd5cbb31148d2d99,can,Plant marker,,,,,
8d6bd00387b6fadadf27,can,Birdhouse,,,,,
0641ec3726e013916ece,paperclip,Pencil holder,,,,,
e7fa1dc495a1e8a3ec1f,book,Plant press,,,,,
758fe8077b21c19f34d0,fork,Sculpture material,,,,,
63f98c4d618cd6daf488,can,Spatula,,,,,
e4ca9c9cdd8a40e31888,towel,Cleaning baseboards,,,,,
90eeb2cdfb0eb5a11f03,paperclip,Temporary fix for a broken zipper,,,,,
72eda19562f4bdc7b37f,book,Room divider,,,,,
5887d0dd71afcc942179,book,Decorative item,,,,,
ec503b3ae58c12f6004d,can,Planter,,,,,
6ec41097a84bd71b43ad,paperclip,Plant marker,,,,,
73c524f2b0cd0cb53691,book,Book as a decorative centerpiece,,,,,
a568580d45fbc96a3cf2,towel,Emergency signal,,,,,
a17b51bb0552289e94bf,fork,Sculpture base,,,,,
2dbca685b8d84089e9a6,towel,Cleaning windows.,,,,,
671847ec2d03a381d360,book,Desk organizer,,,,,
a0fc53939bc90548ec3e,fork,Bookmark,,,,,
64f7c434b47fb884369a,paperclip,Bookmark,,,,,
f67c96c36f97ec5391cf,towel,Cleaning cloth for windows.,,,,,
8dfb28a1b3756eb189b6,book,Place setting,,,,,
dd9cdd60e4e2d0c4a85a,towel,Remove lint,,,,,
64cebdffbeaa917c3e97,fork,Photo display,,,,,
c6307b5a9267c2c1e0d7,can,Wind chime,,,,,
5a937ce3f1024e7c951f,can,Bookend,,,,,
04ed56d33f20702b16fe,towel,Buffer for heavy machinery cleaning,,,,,
426ffc62169cf5e9a4bb,fork,Bookmark,,,,,
ec4b0f3c2726e8ae1807,towel,Pet drying aid,,,,,
f504f48bff01f57ee706,paperclip,Bookmark,,,,,
8410a96bcb1ff756f1da,fork,Spice rack,,,,,
2527370c38f95684d645,can,Bookmark,,,,,
decd069ef9dd9aa3b365,towel,Drying flowers,,,,,
a24eb33900a615548751,can,Ice scraper,,,,,
669cb4ecc9eb2eada580,towel,Dusting furniture,,,,,
da401a749292559cb17b,paperclip,Emergency fishing hook,,,,,
1d6f7357f64401fc60b8,paperclip,DIY jewelry,,,,,
7bfd9fcf607d63e59ac7,fork,Bookstand,,,,,
acfd1c91edb436374ca6,can,Picture frame,,,,,
3f44701edfc8ff09b197,fork,Plant label,,,,,
a18158e64ad05c4e4880,can,Desk organizer,,,,,
11bd66c46d07fb576d03,fork,Geometric art piece,,,,,
05ab75236c8bec596cd0,book,Desk organizer,,,,,
2081cacf58440cad827d,book,Gift wrapping material,,,,,
47de5f23a1f4930d924a,fork,Wall decoration,,,,,
4b255926fa86553a98b1,paperclip,Bag clip,,,,,
7c3c35a48a2cb3408f90,book,Decorative item,,,,,
79d5d72136ccf272b8dd,paperclip,Pencil holder,,,,,
5ebea09715bc1f4a8b2a,book,Decorative item,,,,,
136c9bdd0704d26ae1ae,can,Birdhouse,,,,,
2a111494ec2cb4c1f40f,can,Paint palette,,,,,
135c433b689d41ea6d3f,towel,Decorative table runner,,,,,
1e8fb5055b84731b1d8b,paperclip,Sculpture material,,,,,
3604dd1ca57741512258,paperclip,Picture frame clip,,,,,
6f0f37b386ffe5b007c5,can,Picture frame stand,,,,,
3c8491f8b93b89b8679d,book,Photo display,,,,,
cf86e1364d9ccaa59ce4,can,Paint palette,,,,,
17edf382346ecd258608,towel,Wiping down equipment,,,,,
aee6d81183d19be2019b,towel,Eyeglass cleaning,,,,,
ad49195e19cc03ce5f2f,towel,Dusting blinds,,,,,
9626678632a888322e93,book,Journal cover,,,,,
a922ba3960b1b200c55f,towel,Drying dishes,,,,,
121c683f5621887346b7,towel,Polishing metal,,,,,
99d90019128fd26d5035,fork,Pottery modeling tool,,,,,
0c5bd0a476cd2ad07714,book,Paperweight,,,,,
6a7a4c4503a1be66e341,towel,Cleaning makeup brushes,,,,,
620bf9b7ae261838c1fd,book,Bookmark,,,,,
117280104bafb71e259d,book,Book as a headboard base,,,,,
09c6ff5ff491c3b93e12,paperclip,Earphone clip.,,,,,
e8c6de30501a14c7ed13,fork,DIY wind chime,,,,,
a29464c2a9e99ede069f,towel,Photo prop,,,,,
56087346866f56956134,fork,Paperweight,,,,,
200ff1d06dc9ab10941b,towel,Cleaning windows,,,,,
fb1974d50e18315a55df,paperclip,Bookmark with a reminder,,,,,
4cfd69962ff41f19bafa,can,Coat hanger,,,,,
87659aa3d59773954bf2,paperclip,Display for small items,,,,,
2c205f5022115be2d0f3,paperclip,Bag clip,,,,,
078ea7b69fead42a51af,book,Bookshelf divider,,,,,
7c27ddbcacdfcfd23776,towel,Impromptu picnic tablecloth,,,,,
b0f728c7ab7c9a579a0e,book,Paperweight,,,,,
21ed0f78c0e2e73932d2,book,Desk organizer,,,,,
965994c831783e8040ad,book,Gift box,,,,,
d5d64b550f6e29b70d72,fork,Wind chime,,,,,
1293d3cb6cb23518f976,can,Photo display,,,,,
91a8b5039d348e67155d,can,Craft stick stick-on holder,,,,,
488cbd1fd6a5f4ef9135,paperclip,Photo display,,,,,
911c6c34a6d8bde09a27,book,Bookmark,,,,,
925cbdcc8597d424203c,paperclip,Plant marker,,,,,
1a19d7671aca39651f01,book,Trivet,,,,,
a6d9aefd7a2cf5e7eb4d,can,Macrame project,,,,,
11b28aa8dec6c7dfc7e6,book,Book as a weight for exercising,,,,,
a83720a9f1f4fb8fa02e,fork,Paperweight,,,,,
f354cfd614e0d7ea9bd4,paperclip,Cable organizer,,,,,
074cb02e9c3ad4b9a1f8,paperclip,Craft material for jewelry making,,,,,
2194f6f576b0c522964e,paperclip,Emergency sewing needle,,,,,
022587e3a6a4658f1b54,fork,DIY photo display,,,,,
6153018c32105ebeaf2f,fork,Small hammer,,,,,
4064fe76d722af19ac65,book,Paperweight,,,,,
7d00dfff5330adf8e0a3,fork,Craft project base,,,,,
5c6c6ffa763cbbc2a143,can,Bookend,,,,,
87a5637f28c307baa42c,can,Plant marker,,,,,
71dd1039165df3c6fc82,can,Funnel for small objects,,,,,
f0c5148462b89b5c0c30,can,Drop cloth,,,,,
ac77f8012a14dd050cbe,book,Coaster,,,,,
e759628110366b9f3986,paperclip,Create a DIY photo frame,,,,,
6b5101815fc3e0765bdf,book,Picture frame,,,,,
442345d98bf6a81cd473,paperclip,Cable organizer,,,,,
93c5b1d34d0d365a5247,paperclip,Bag clip,,,,,
6d7e8ebde7918bbdc110,can,Desk separator,,,,,
fd554a94aacf4118c959,book,Gift tag,,,,,
0564c37f1fd9e37253a3,book,Paperweight,,,,,
614b865b1886207102ce,paperclip,Cord organizer,,,,,
8b992b16c3fb668e971c,book,Fire starter (shredded pages),,,,,
fb5a5a3d8ab5298311b0,fork,Bookmark,,,,,
71319705e0283065ff1a,towel,Polishing metal surfaces,,,,,
ccaed7c8b2b502b042d3,book,Gift for a reader,,,,,
4ea63a93bd80d06faba9,can,DIY photo frame,,,,,
2a9c90283c179e0fdd66,book,Bookmark,,,,,
2e2dd9511905a9f5b24c,fork,Pencil holder,,,,,
66d7036a21add0619309,fork,Paperweight,,,,,
c826bbc83b4cae17dbe4,fork,Leash for small pets,,,,,
dde75459bfc528dbf5bb,paperclip,Emergency fix for broken zipper,,,,,
be549e0865ef371b3fec,paperclip,Wind chime component,,,,,
7b6c1863cfac62a32ad4,book,Gift wrap,,,,,
15ffc7b66ea6fef16ff4,book,Paperweight,,,,,
b671bee7d1869008e421,can,Plant marker,,,,,
db665108904802e68587,book,Coaster,,,,,
8ef62744da80a7591a80,book,Painting palette.,,,,,
e1a997622a6274c5ac00,paperclip,DIY craft material,,,,,
79701d12a1723eab5882,book,Scrap material for crafting,,,,,
0c6200b9b2450278e723,can,Candle holder,,,,,
f738e9d92c1eeee1d87a,fork,Paperweight,,,,,
01d717f85842f5c0652b,paperclip,Plant marker,,,,,
08699038d8b5d7f36d38,fork,Paperweight,,,,,
ee1c0b0445c78592cb12,can,Plant marker,,,,,
7a7b3a8b9adf54ea0d64,towel,Polishing cloth,,,,,
382a18868b39c494c14e,towel,Drying dishes.,,,,,
90f3c18ed85754a091a7,can,Packing material,,,,,
8bdccef370f110586b43,book,Bookmark,,,,,
b3cb4c64ec6b6fcae17e,book,Prop for a photography shoot,,,,,
00e461e8b5e44d4caa30,can,Pencil holder,,,,,
3f077288e49887207168,book,Paperweight,,,,,
93956f837eeec79cd3fa,paperclip,Photo display,,,,,
d3dfcf61e27f2287cfb1,fork,Pencil holder,,,,,
d9ae55ea359a4d58acb0,towel,Drying off pets.,,,,,
263fd06eba4d04bfaa76,book,Photo display,,,,,
4183dcb9ecbf8be5dc3c,book,Paper mache material,,,,,
30e2c6ed912b1000287e,book,Wall art,,,,,
58ec8891d39870183e7f,towel,First aid wipe,,,,,
3ddc139df6a02c1cc2bb,fork,Bag clip,,,,,
c189e730ba49c4a7a33b,book,Bookmark,,,,,
08ca85b1aa207bd6e187,paperclip,Mini plant marker.,,,,,
84da766dec36c36b0db9,paperclip,Tool to hold a small object in place,,,,,
50e1fd233cf7ca42c0c6,towel,Cleaning up spills,,,,,
4fd161163a8edb9492ef,paperclip,Cord organizer,,,,,
5a97acf7b993936a8d6e,fork,Sculpture material,,,,,
ece4964bd4b8e081835a,can,Spatula.,,,,,
585d41379a70b8969df4,book,Coaster,,,,,
35c9ef7ceea3da91c9e7,fork,DIY wind chime,,,,,
ab5e757dcbc1c6d970f6,can,Birdhouse,,,,,
2f0d3e372216f9d7b21d,towel,Clean delicate jewelry,,,,,
83a5c9e287623b3871ca,towel,Use as a drop cloth in a painting or craft project.,,,,,
47839e1dcac5472be86f,paperclip,Temporary fix for a broken zipper,,,,,
84d163d686e4c7cae597,paperclip,Plant marker,,,,,
d721d24f8ff648358b8b,book,Sound dampener,,,,,
be474f4546632bcbb886,paperclip,Emergency fishing hook,,,,,
14e1f6f3ae87aa81858d,book,Photo prop,,,,,
de3e126da2c80b465299,towel,Drying delicate items,,,,,
5149d82a7210eed4edb3,fork,Picture frame,,,,,
98d7a10a34d57081b3d6,paperclip,Mini plant label,,,,,
06f5f711ef68895e1ac6,can,Zipper pull,,,,,
ea1499c463cfa54bce92,towel,Emergency blanket,,,,,
c8b61fab0b5a25ec76e8,can,Wind chime,,,,,
1ed3efad9de8a765e660,fork,Plant label,,,,,
89b79471d37f30a8920b,book,Paperweight,,,,,
96c96de64c8be41ae9df,can,Zipper pull,,,,,
79b8cda2bed9c8050bc4,towel,Removing lint,,,,,
771241948e4e3ec94d98,fork,Gate prop,,,,,
4a53f5e2577cd8f88556,can,Measuring tape holder,,,,,
1e633a03a15cd1e11235,towel,Wiping down gym equipment,,,,,
cebdedbe340a78f14452,can,Screen cleaner,,,,,
1f853aed0264087c9c1f,towel,Wiping down tools and equipment,,,,,
5e66273b1078c6fa3db7,paperclip,DIY picture frame,,,,,
48e7d66c33fb36bfbe15,can,Bird feeder,,,,,
9eae06bf4a0d3650807f,towel,Sweeping floors,,,,,
b46b5d475f9b3b9e6508,can,Wind chime material,,,,,
2d3358b15dde0fe0ddab,fork,Plant marker,,,,,
e8288634c793b0bb76c6,towel,Cleaning dust from electronics,,,,,
701821c28d528a8c4ac7,fork,Paperweight,,,,,
01c6512f189c1772cdbf,towel,Dusting furniture,,,,,
28259c0370b2ae95bfa3,paperclip,Cord organizer,,,,,
4a3d959fac6e18b3c0d1,towel,Pet drying,,,,,
6b3eb70e4b73d27d3e40,towel,DIY project backing,,,,,
573bf437d0793ae738da,book,Desk organizer,,,,,
cf9484d378c25e445a9c,can,Mixing rod,,,,,
6f3a119f98d926861b60,fork,DIY photo display,,,,,
d3e2cf6a2cc2cd687336,paperclip,DIY photo display,,,,,
5e504631cddb931bc629,fork,Mixing stick,,,,,
f377077a6bffe048cf34,paperclip,Hair clip,,,,,
797c47cc3cf040a45356,book,Fire starter,,,,,
83db41e2abc2706578ea,can,Desk organizer,,,,,
9de72b33cb5af0e708c0,fork,Wind chime component,,,,,
967c438962a3acfbf289,can,Science experiment tool,,,,,
bb621f647cfcf48df78e,towel,Protecting furniture from spills,,,,,
10d3e77deed78664172c,towel,Wiping down surfaces,,,,,
308b2d1e3d501922be3b,can,Drum mallet,,,,,
b053e6b66d82d7926f9e,can,Bird feeder,,,,,
16fef23b4cffe2ce27e4,paperclip,Zipper pull,,,,,
056b529745d1e4433c81,paperclip,Craft supply for kids,,,,,
36a33d1e70c7151b6405,towel,Protect furniture from paint spills,,,,,
d4fc9f7859f3dad5bca3,fork,Measuring stick,,,,,
78dca10e8aff8348b5fb,fork,Wind chime component,,,,,
33bb50c24dd12292943a,can,Plant marker,,,,,
261559e75dc1ec1202b4,towel,Wrap fragile items for shipping,,,,,
b36bf0a3a6d07ceaf298,fork,Bookmark.,,,,,
840ee069282549d02cfe,can,Cat toy,,,,,
0f678abd3f4c1798e3bc,fork,Picture frame,,,,,
c96d058635b41606dd57,can,DIY photo display,,,,,
ee44f1e866caf4a86e80,can,Wind chime,,,,,
22d1fe4706d21366b8c0,fork,Mini shovel,,,,,
98f2860b6873cac5c9f6,towel,Throwing as a beach ball,,,,,
60521b23bf8ac88d8c23,fork,Plant label,,,,,
30b92647b2d91199cd59,paperclip,Emergency phone stand,,,,,
2a7b4b0281f11bbc4711,fork,Paint stirrer,,,,,
6ddd3f21de69fdbeed62,book,Kindling,,,,,
a54dab1153a9f3ab6e89,paperclip,Temporary fix for a broken zipper,,,,,
9264c3813099e2469e76,paperclip,Weight for small objects,,,,,
5a9d3327b14cb4b00a06,book,Gift,,,,,
92a3863ee52ffa36f499,towel,Dusting surfaces,,,,,
bf33c618fe772e71b9c2,paperclip,Emergency fix for a broken zipper,,,,,
244e11feb2676e7628db,towel,Drying a window to remove condensation,,,,,
7a82ab504d1581e1da06,can,Gardening tool rest,,,,,
3ac6912fc1ad3e4f5333,can,DIY picture frame,,,,,
7d49848d6030c720a8cf,fork,Bookmark,,,,,
e520bda0212862085eef,can,Desk weight,,,,,
11a393406aecf0cab293,can,Candle holder,,,,,
a1e727dd1705ebd319d0,can,Bookend,,,,,
2f085e176f5ba1ffc414,paperclip,Emergency fix for a broken chain,,,,,
e21f1687afc532b7732d,book,Painting palette,,,,,
d7e97ce14a58f3cb18ea,paperclip,Mini plant label,,,,,
ea1efae78d6d9f8d9051,can,Planter,,,,,
d5ea6bdb98abc7f3a6da,fork,Plant label,,,,,
2ab4dff5666fe81dcab4,paperclip,Cord organizer,,,,,
1fc9f3ccb350040db849,book,Bookend for bookshelves,,,,,
c292e0b38f91d0891980,can,Drumstick,,,,,
ce598796670a0c372f87,fork,Mini greenhouse,,,,,
6bfa35f70ee1cc2f654c,can,DIY bird feeder,,,,,
58292509680342e8310b,can,Wedge,,,,,
4ade72962cf657d7dcae,can,Picture frame,,,,,
3ef963b5d54ae1047e39,paperclip,DIY photo display,,,,,
b03a11ddd3318ff77119,fork,Magazine rack,,,,,
8adf84ad6d29211ab7b0,can,Bird feeder,,,,,
3d83d1b3c45ee353ff37,book,Book as a bookmark holder.,,,,,
30212ca8ce6d4b7d3708,fork,Sculpture material,,,,,
af40b6bb3bae76e6ebcb,paperclip,Cord organizer,,,,,
11e26783455299ad6bea,towel,Wiping down gym equipment after a workout,,,,,
471cd1de9ef7666461e5,book,Fire starter,,,,,
b38940f30542b9bae313,can,Bookend,,,,,
bf3115d54d9ec6dd88d8,fork,Bookmark,,,,,
bf410bc0802d0005a622,paperclip,Temporary fix for a broken chain,,,,,
d92f2f2e9081d49f9a30,paperclip,Zipper pull,,,,,
bc7b676fe20b81723d1c,towel,In crafting as a base for collages,,,,,
ec94f368b8972aba1ae5,paperclip,Temporary fix for broken zipper,,,,,
792a4f1356e31cec3230,book,Decorative wall hanging,,,,,
28c335450621e7aa1d94,can,Painting palette,,,,,
71d276ef2493e02ecaed,paperclip,Photo display,,,,,
b9296c9933d15ea9cb7a,can,Candle holder,,,,,
2117144c237f97ac10a8,paperclip,DIY photo display,,,,,
f78f224a7cf1f6207337,paperclip,Bookmark,,,,,
a2887098bba80d0922eb,fork,Sculpture material,,,,,
552f47a2596cef2c6a35,book,Plant holder,,,,,
5e5cd3cbd8d853e75064,paperclip,Plant label,,,,,
4bc3937bcbf6fa839d73,fork,Pencil holder,,,,,
18a3f92cbc71a75438d4,towel,Dusting furniture,,,,,
9d906be3f6b31955c53a,paperclip,Cord organizer,,,,,
fdcc9b32e0c9557a825a,can,Sock holder.,,,,,
9f86fbb7840fb035a5a1,book,Gift for decoration,,,,,
bc3106ff5d9a4b2e327d,towel,Cleaning car surfaces,,,,,
a86c62218282525decdb,fork,DIY craft tool,,,,,
de6f106895727651a803,towel,DIY painting drop cloth,,,,,
637b713feaa6a3d396cc,fork,Mini hammer,,,,,
f284f054ca6c5d3561fa,fork,Paperweight,,,,,
406a91ff3d0b4939d532,can,Paint palette,,,,,
188833da665c5f7c80ed,book,Gift box,,,,,
436325727452f5162c90,fork,DIY wind chime,,,,,
9913a3dc957f6e0a2164,paperclip,Musical shaker instrument,,,,,
7450aaff1323cfa9d24e,towel,Smoothing out wrinkles in fabric,,,,,
f4756e56f8c052ab7df9,towel,Wrapping fragile items,,,,,
921f5c1c5c63b8d8cc16,paperclip,Crafting material,,,,,
182f0ee2193de6fc80bc,book,Prop for photo shoots,,,,,
8f885beaa0b86498c25b,can,Seed starter,,,,,
232928e90d39710bbb08,paperclip,DIY craft project material,,,,,
2fbfc4e2abe024126746,book,Photo Display,,,,,
dab597a773dfc51bbbdd,book,Desk organizer,,,,,
4e4edeba8e0e373bb085,can,Filing organizer,,,,,
cb450376809f5b40644c,can,Mini bird feeder,,,,,
e3fc98ca0974cfb97222,paperclip,Cord organizer,,,,,
ca099bc15ef8be716779,towel,DIY photo studio diffuser,,,,,
51bfabc484d2b7466fbc,fork,Craft project base,,,,,
b797634482b8d405eb1e,book,Decorative item,,,,,
0a83e5f484eaafce41d0,book,Weight for a birdcage,,,,,
30647466b97ec825a7a0,book,Photo display,,,,,
67b58f2c007b1436850c,towel,Drying paintbrushes,,,,,
b91b5aafb30e51e40445,fork,DIY wind chime,,,,,
82b7254d865ab16a2d0e,fork,Photo display,,,,,
6b23d3603e43510114b5,can,Windscreen scraper,,,,,
3699c1ec85f59891fefa,paperclip,Geometric art piece,,,,,
e869730f9d6dfea98f4d,towel,Sweeping stairs,,,,,
10e72a98ec2c2599f978,can,Spatula,,,,,
4339793932de0da203d6,fork,Mini sculpture base,,,,,
2a94b27c2a6e9a6fe668,fork,Plant marker,,,,,
bc78cc1afcd39f67f6cd,book,Sculpture material,,,,,
769c04c2e38d8ab3c575,paperclip,Temporary fix for a broken zipper,,,,,
fc1c82be04d63b6ba163,towel,Dusting furniture,,,,,
0f71e3fd830ea7f5de2a,book,Scrapbook base,,,,,
3ad43453c57e4797971e,towel,Creating DIY crafts (such as decoupage),,,,,
aef5d4a6c90ec7d3be65,paperclip,Cord organizer,,,,,
aaee8893d1aed978f714,fork,Desk organizer,,,,,
cdd652fd5d4feec33c78,fork,Pencil holder,,,,,
55fc769be29dc44643bc,can,Small tray for beads or buttons,,,,,
f7ea48596ddb44009852,towel,Create a makeshift cape,,,,,
9e8e6e43a491d3a6a7d8,book,Fire starter,,,,,
dc8c8720f1743312195b,paperclip,Mini bookmark,,,,,
1a2285f20f0bf9eb5339,fork,Bookmark,,,,,
66c1bc2cf2047a04f837,can,Small vase,,,,,
4955655cc13d32a7d038,can,Stepping stone,,,,,
8bef99faf770f27558b7,towel,Pet bed or blanket,,,,,
7d39c526595be14405f6,paperclip,Wind chime component,,,,,
486def12e83167e2b982,can,Plant label,,,,,
cb9c5f38a7263e210a5c,paperclip,Geometric art piece,,,,,
32eda70ff01270bb3f6d,can,Suet feeder,,,,,
ebc26bae37267cf8204e,can,Candle holder,,,,,
903cb712e9dc5659c96f,can,Picture frame,,,,,
993454417393f50d3d42,can,Candle holder,,,,,
3d6dfcb9345530f467e3,paperclip,Sculpture material,,,,,
361dbc7121c8fd8a3534,fork,DIY picture frame,,,,,
9cb42a69430204356025,fork,Paperweight,,,,,
cf09a63ff838b6fb838c,towel,Cleaning delicate surfaces,,,,,
ca2975c0d3bdeee00c6e,fork,Cable management tool,,,,,
13e733cc58bf9a1214f1,fork,Painting tool,,,,,
7a37f60a7c7a3f5f389e,can,Zipper pull,,,,,
f9c7be03483e12b32e5e,book,Book as a makeshift impromptu footrest,,,,,
94cc5d8eddd88020b20b,fork,DIY guitar slide,,,,,
5d0d8fd887b7dcbf509b,paperclip,Bookmark,,,,,
feb3fb39f2db3cd73af9,can,Base for a lamp,,,,,
d212fec3df48e25444cf,towel,Gym mat,,,,,
1d8e81962bee2cfec399,fork,Paperweight,,,,,
2529972d4c41a71c0047,towel,Protecting furniture from spills,,,,,
7a8ac1703be21dedfb19,can,Mail organizer,,,,,
439f1b7a021930d735c6,paperclip,Clip for hanging items,,,,,
3df9cf357efe2f9d403e,book,Bookmark,,,,,
902b5b7f5ce65ab3e34a,towel,Apply paint,,,,,
52a66a0d36fe9a0b4ff3,towel,Drying delicate items like jewelry,,,,,
e437ec1fc7afb2dc496f,fork,Plant label,,,,,
90ebb90d65ff0e927208,towel,Polishing metal objects,,,,,
a41201699373157afc6a,towel,Wiping down tools,,,,,
1a40175619e8efa9ed8c,towel,DIY puppet theater backdrop,,,,,
186167ca9fd01264aa86,book,Decorative centerpiece,,,,,
49427bb77df93bc3a1ec,book,Block for building a fort,,,,,
bdffdaa10b61973fa537,fork,Pencil holder,,,,,
baf58339d4e0630c3f12,can,Plant label,,,,,
11b8e23df7ec619dffe4,fork,Mask or costume accessory,,,,,
b0cb674a4e27f254ba58,can,Bookend,,,,,
27272b2d02a920f0a30c,book,Desk organizer,,,,,
d1452ddd9689b3c8fd50,book,Gift for a bookmark,,,,,
7985c598f3f59042beef,can,Wind chime,,,,,
2df45ae90d8bc6db3cce,can,Twig for a craft project,,,,,
2df953c79510368822b9,can,Level,,,,,
590fd9d2588a706253ef,book,Bookmark.,,,,,
e07af1562f167467a7ff,towel,Cleaning windows,,,,,
a295abbc0a03fccd2890,can,Indoor herb garden,,,,,
4931b88bc5acb07e9df2,book,Paper mache material,,,,,
78f83fcda817ffbe1eb5,paperclip,Emergency zipper pull,,,,,
8bd9bdbf158cf7c5dfb6,can,Coat hanger,,,,,
a582aec88508c2262664,fork,DIY photo display,,,,,
2c1a5ee6cca70b364202,can,Photo display,,,,,
630a475f16fb84b6abe1,fork,Bookmark,,,,,
abc515af3b7219546fda,paperclip,DIY photo display,,,,,
0388edd2500f104d88d3,book,Trivet for hot pans,,,,,
5d120d603c7637930c70,towel,Polishing cloth for metal,,,,,
56ce5a2b98865677094a,fork,Plant label,,,,,
dfcc1e26a25d8355f53a,can,Cord management,,,,,
c9b0eba7c0405d29e1a6,towel,DIY painting rag,,,,,
d60e199849e1fabe58dd,towel,Polishing metal,,,,,
b5d0c0870d7d0debe1a6,towel,Polishing metal surfaces.,,,,,
258bc4a0a8da9746daee,fork,Desk organizer,,,,,
eb97cb045f806d2fc795,can,Plant marker in a garden,,,,,
a52c58742125fb7a8760,towel,Protecting furniture from spills,,,,,
0718f971d1d61d1d2ebb,paperclip,Plant marker,,,,,
4c322a314b45e954995a,towel,Cleaning up spills in the garage,,,,,
d6a6df6927f1a67c5783,book,Desk organizer,,,,,
79d5d7941f8b14cb97ae,fork,Sculpture material,,,,,
ce18b256263ecc0719ae,can,DIY project base,,,,,
9250d770948f52f21f08,paperclip,Plant marker,,,,,
cbc3adb019f3ee6a59b6,book,Decorative wall hanging,,,,,
e3218e44e04a59cbf18b,book,Bookmark,,,,,
1fd35581e7e00d5d165e,fork,DIY wind chime,,,,,
5da495e14a8ff4afa409,fork,Outdoor sculpture base,,,,,
b79ba492832ea732c2cc,book,Sound dampener,,,,,
836a7f272a88060dd7d3,paperclip,Cord organizer,,,,,
6551081fccc26557c137,can,Magazine rack,,,,,
018fbe7c588315eff814,paperclip,Mini bookmark for a pile of papers,,,,,
bd340dd116c3fe593c86,book,Desk organizer,,,,,
8fcb4a9d00d2d45856e1,can,Display stand,,,,,
fd625f324a259ee5d058,paperclip,Pencil or pen holder,,,,,
5d51a246c8b9d6148f43,fork,Sculpture tool,,,,,
6a632497aa8de54265e8,towel,Dusting surfaces,,,,,
43b048c57e4bcfb7c0da,book,Fire starter,,,,,
d0b3bfc3250d944b7f3e,paperclip,Bag clip,,,,,
82b3679da42bebc97bd2,fork,Plant label,,,,,
5e43b8c96f05cf42e27f,towel,Pet blanket,,,,,
2680aff3efac62e68793,towel,Dusting furniture and blinds,,,,,
0b862137e4606a09c298,can,DIY bird feeders,,,,,
34afe71dd226eb7aafb9,fork,Plant label,,,,,
10b30ffe5937064cf26a,fork,Plant label,,,,,
f47587aa0decf9588be7,fork,Pot lid lifter,,,,,
247d422580cbb14150ae,towel,Pet drying,,,,,
ed490c2d885bd2f128b8,towel,Crafting material,,,,,
fe9ab0fbe1689ac5084d,can,DIY photo display,,,,,
37f99502f272914bed73,towel,Cleaning delicate surfaces,,,,,
ade033b2616153ddcc03,book,Bookmark,,,,,
1bdb18b5e0d829a3df93,paperclip,DIY craft material,,,,,
43165035877e66d8b4bb,paperclip,Emergency repair for a broken wire,,,,,
bdca314c38c964730cc5,towel,Wiping down gym equipment,,,,,
ebc4526bf2d96dba18bd,can,Measuring tool,,,,,
bfbce482ca83c6647e92,fork,Photo display,,,,,
2d40047febc054821d4c,can,Plant marker,,,,,
c225664d26b982b1f26e,towel,Polish metal,,,,,
fddc154cb2c407f55e0b,book,Coaster,,,,,
24be5aa1ed213433cc64,book,Fire starter,,,,,
0953e5edd130f4791036,book,Animal toy,,,,,
ed8e8939fbfffc2e506d,paperclip,Temporary fix for broken earring,,,,,
f858393d8cc233f85980,can,Picture display,,,,,
793c31f198a6bbff484d,can,Wind chime,,,,,
d3a7f4193f3e45f329c1,can,Herb marker,,,,,
eeb9c09a65916d304846,fork,Craft project base,,,,,
68538f4ae60325dcd1b8,book,Photo display,,,,,
f8a3f36c7182b58518ff,paperclip,Zipper pull,,,,,
a3a64f5d5dbf5ec36861,book,Decorative object,,,,,
7dc705431555c59e0a4a,fork,Magazine stand,,,,,
81891f2e4ae5bedd3501,paperclip,DIY wind chime,,,,,
d8f95641d1f34bc808e1,paperclip,Zipper pull,,,,,
fc60c7c9ed6d6d215bb8,book,Bookmark,,,,,
d1131078a126fe9e6a6d,fork,Bookmark,,,,,
bf4a18d2945463b0ff8f,book,Coaster,,,,,
00b4889c4d836af38a1f,paperclip,Emergency cord,,,,,
afef19022775ebc62fdb,fork,Picture frame,,,,,
b4b455bb52912a60c01b,towel,Covering a cold window for insulation,,,,,
e32753a17716f48cc3b9,can,DIY picture frame,,,,,
f04f52f4466682067535,paperclip,Geometric shape in a craft project,,,,,
8a0f879f73fec6b6cca1,towel,Dust furniture,,,,,
eed494547d36416b93af,towel,Cleaning pet areas,,,,,
1ce944ac8bf36c85ab59,fork,Picture frame stand,,,,,
326ed7e6425499d6d2d2,book,Paperweight,,,,,
d8c086786fa3e5abaf69,fork,Pincushion,,,,,
4fdb959100073f54ffe8,book,Picture frame,,,,,
f08dc8f57e88e517ecf5,fork,Plant label,,,,,
6c906977472ad6882ce1,book,Headboard,,,,,
7167e1306c29f3a22bc4,book,Weight for a model train or miniature scene,,,,,
9edbb71eef5255c78270,book,Desk organizer,,,,,
1d1994b40da10fc17d30,fork,Paperweight,,,,,
aa49c724257d3a0cc6b8,can,Painting palette,,,,,
e393ca8601e8c7b892d8,towel,Removing scuff marks,,,,,
3f0545984d2ad7f22d4e,towel,Absorbing spills on floors and carpets,,,,,
2e27906ea877d73142f2,fork,Plant marker,,,,,
73b8ea36551ad8e28fef,fork,Nail holder,,,,,
3726bcd86e86b00734d2,fork,Paperweight,,,,,
cab28fe15315d0f72b86,towel,Cleaning up spills,,,,,
0aac67bb8b7f6b2231f7,book,Bookends,,,,,
62cd562d3a5a16c24006,book,Coaster,,,,,
bdb99fdd2194c0eb9615,towel,Drool cloth for teething babies,,,,,
81eb918c315f3f919d57,towel,Pet bed,,,,,
800438587e5d1d22166a,towel,Wiping down car dashboards,,,,,
04ab9d9759ae1b67b2ef,paperclip,Emergency hook,,,,,
d63c3f9904ae33384d63,can,Wind chime part,,,,,
818c600a2a994017000f,towel,Cleaning mirrors,,,,,
769b3282dca7f138fe0a,can,Candle holder,,,,,
1a39e712d5b156fd778b,paperclip,Plant marker,,,,,
8b65bdcc7bca973ca16c,fork,Mini sculpture base,,,,,
bb3cba6b621eab826c09,book,Photo prop,,,,,
47a4e368493d9fd1f957,book,Insulation for a vase,,,,,
4d7ba0c6ba8fcf09ec0d,can,Scent diffuser,,,,,
f21d1604c2a62d0033ed,fork,Emergency screwdriver,,,,,
3960b1af10cee0662400,book,Desk organizer,,,,,
d4e4f5e34765e75d617b,book,Weight for exercise,,,,,
285f104d60c3cb958fe8,fork,Picture hanger,,,,,
9e6c37c81718f63f70fe,towel,Absorb spills in a lab,,,,,
5ee2b6e688f4a7b30ee3,book,Way to create a makeshift bookmark with a ribbon or placeholder,,,,,
505953e3cfb0fae7462c,book,Weight for a bird's swing,,,,,
438adf1b778d94bd24da,book,Bookend,,,,,
9324e1ae3e09c57710c6,can,Paint stirrer,,,,,
e246c63b4c3ef45e3bc3,can,Soap dispenser,,,,,
470ea4d4aaea98c20969,book,Bookmark,,,,,
d1a1689df9b2feaf9aae,towel,Protecting furniture from pets,,,,,
ab39583deeb4e3869f9a,book,Bookmark storage,,,,,
2fd817b161d8b5fab56e,towel,Drop cloth,,,,,
fe2e7fb8aa7f924d1a4d,can,Bag clip,,,,,
2aa898eb2ec4c95283d8,book,Fire starter,,,,,
fc46aeb5715e55efb5a2,can,Wind chime component,,,,,
552fb15b0998f566cd07,towel,Polishing metal.,,,,,
f5e27d6e3ea84cffc524,towel,Tablecloth.,,,,,
619753d2d8e569a80bd0,fork,Wind chime component,,,,,
05b5bc495aaaa2452387,towel,Cleaning delicate jewelry,,,,,
3db24d8325d929c52f16,fork,Potpourri holder,,,,,
a5f658bf5d56dba3fffb,towel,Cleaning windows,,,,,
f29cc273d866419bc18a,towel,Drying paintbrushes,,,,,
c88fa64bd8f29c2a5f97,paperclip,Emergency cord,,,,,
ef3be509bfe506d6cb46,can,Decorative wall hanging,,,,,
db0c42cec81f0ac3fdd6,towel,Picnic mat,,,,,
697d2f501d86cb14b7f9,fork,Desk organizer,,,,,
845387c6c83a8f54448d,book,Decorative item,,,,,
84cfe98e1f26ef97098e,can,Coat hanger,,,,,
3649d200951b790e67b2,paperclip,Emergency cord,,,,,
2c22515feed3edd4092c,towel,Photo prop,,,,,
603848b142a7bf64fefd,paperclip,DIY wind chime.,,,,,
1edcd37c9b2e1bc57809,can,DIY photo display,,,,,
c6d8c8ace20f74e6785f,towel,Supporting a broken item for repair,,,,,
6d2b54b8f6b38e32bcfe,paperclip,Plant label,,,,,
f1b2289ee3159958e855,towel,Painting small areas,,,,,
ffb287976c13a7ab6429,book,Keepsake box,,,,,
06bc08e31da094198c86,can,Plant marker,,,,,
4600fdcec91da214639f,towel,First aid absorbent for spills,,,,,
8dbccf90a513d92daffb,can,Painting tool,,,,,
7312bfabda3c94fc1cd3,towel,Crafting material for children,,,,,
4f907f42bb833cc6d293,paperclip,Temporary fix for a broken zipper,,,,,
35c47d8da96d7c831333,fork,Desk organizer,,,,,
9b0b67ca7082e2332671,paperclip,Plant marker,,,,,
89dca8bcb290f6c9a3f5,paperclip,Paper weight,,,,,
cb959d57f7546aa2991f,paperclip,Mini photo display,,,,,
54605fd89e11c683da38,can,Herb drying rack,,,,,
b292adda3ed4defa1c24,towel,Making a napkin ring,,,,,
51fa97665eac1cfd48ee,towel,Insulation material,,,,,
64beb9ddda38f574f6a9,paperclip,Plant marker,,,,,
4c1478744bf446b5ed9f,can,Stopper for a small container,,,,,
2deaf2c5dc3d10228ff6,paperclip,Temporary fix for a loose screw,,,,,
56e3e8319e7cf862f071,paperclip,Bookmark,,,,,
2331cb40422036c789c4,can,Wind chime,,,,,
2fd1ad2a12123978ead9,can,Kindling for the fire,,,,,
eebf742daca041c71821,fork,Picture frame,,,,,
aae5f67e20a6617591ef,can,Wind chime,,,,,
86df01e294df1dc2d8c2,towel,Removing stickers,,,,,
5774fa12263e4adde6d3,can,Coaster,,,,,
c042815af3e4bdf866a7,towel,Cleaning pets,,,,,
41679e4be39b9f7f5128,paperclip,DIY photo display,,,,,
f745874049e5f51b97ce,towel,Camping ground cloth,,,,,
5afa18354f6cdf00d472,can,Plant marker,,,,,
dbc806f27ccf405e8615,book,Plant marker,,,,,
7396eeed1f2b1e237bd5,towel,Wiping down tools,,,,,
158d3fdb9c080a977b28,towel,Drop cloth,,,,,
9a9799747f899eb82093,can,Cake stand,,,,,
37114c0b20ccd9969ff6,fork,Bookend,,,,,
43a6939bf349658fb89c,book,Paperweight,,,,,
9e485ff0887156ba8c61,can,Memo holder,,,,,
4b3bcdfb20571ff570c7,towel,Plant tie or stake holder,,,,,
c240d48227f6693508e0,can,Plant marker,,,,,
6415083d2ceaece10524,can,Candle holder,,,,,
b1a8fa4bbab73cb2af0c,fork,Small container for beads or other small items,,,,,
edd5fcd11776256d13b5,can,Plant marker,,,,,
c89612dbab8caf5c2609,paperclip,DIY photo display,,,,,
4c07afe18d13d8f43f64,can,Paint stirrer,,,,,
f9170eda40c6529d917a,book,Weight,,,,,
488f8cca8ad1a32a8dbc,paperclip,Cord organizer,,,,,
60b24ff4fc518a0b420e,book,Weight for closing a window,,,,,
75d93e65f7212bd4b958,paperclip,Plant marker,,,,,
b8c0dc07544a6b8962d7,towel,Quilting and sewing,,,,,
38b63ecc8fd43614af5e,book,Bookmark,,,,,
cee1e5634d21e186421e,paperclip,Emergency bookmark for a phone or book,,,,,
9d583a6b76d588b86473,towel,Drying delicate items,,,,,
8ec04d8f46875019e236,fork,Mini scraper,,,,,
a621807bbbeb77669a4c,fork,Small tray for keys,,,,,
7767f176d3bf80ef246f,fork,DIY craft tool,,,,,
d3d2662773cc2a33b748,book,Decorative centerpiece,,,,,
d8121027647f11c06c1b,can,Plant label,,,,,
4252fac9b9efe4d112ae,book,Emergency flat surface,,,,,
b3c13bf270aa464474af,book,Planter,,,,,
f124aa4e1781f16c8c0b,paperclip,Geometric art,,,,,
da1f696310320123ff65,fork,Doorstop,,,,,
4f78e8afec42901b1af0,towel,Dry glassware.,,,,,
e870bb2cf7df65b94654,fork,DIY photo display,,,,,
ddaa0eacb4b02930c5d7,can,Measuring cup,,,,,
58ad815233a497d94223,towel,Dusting surfaces,,,,,
3b624512fdd2bf0bbcd4,fork,Wind chime,,,,,
67d36a5f9554c8f36d31,fork,Drumstick,,,,,
ad71e0010abc3010737d,paperclip,Plant marker,,,,,
c62c711caff71fdb9466,can,Plant label,,,,,
a7217796dfa2edaa5c60,book,Gift for a bookmark,,,,,
7fe857cff75096ebf532,paperclip,Emergency bookmark for a page,,,,,
582243302339d69d097b,paperclip,Weights for a homemade antenna,,,,,
557571f171fa43fc2cc2,can,Birdhouse,,,,,
cfe8292ebc5ec7c760c1,can,Desk organizer,,,,,
eb0767f3b11ca793894a,fork,Macrame cord organizer,,,,,
b160fc6cc20b4108d258,can,Birdhouse,,,,,
b0b2ed38526e3441da49,paperclip,Cable organizer,,,,,
11728a291290fe4e0dd7,fork,Bookmark,,,,,
a689190dbeabe6fc4025,towel,Dusting furniture,,,,,
d3fa80b2c64883f22025,fork,DIY photo holder,,,,,
28fa48d5e0c55aa5217e,paperclip,DIY photo display,,,,,
d9f4824f0321e316adbc,fork,DIY picture frame,,,,,
74381871768693737cb8,paperclip,Photo display,,,,,
64cb206cb27fdf6416f4,towel,Cleaning musical instruments,,,,,
9213f6a71dd4807e8710,paperclip,Plant marker,,,,,
cb1e53a053ba9e6dda4a,book,Decorative item,,,,,
7a77fbe5139836a1d134,paperclip,Temporary fix for a broken earring,,,,,
2bb01b2f3d6d1fed4fb7,book,Wall art,,,,,
d5d0df5b676cc5565044,can,Bookmark,,,,,
00d26122bea315234f1d,can,Bird bath,,,,,
02f67b80291603430903,towel,Tablecloth,,,,,
43bf46bae354a37c2648,paperclip,Small bag tie,,,,,
5d2606a5561655d38b21,fork,Candle holder,,,,,
5e570eb4ad3addbf9799,towel,Dusting cloth,,,,,
22fe4cf1c7cc1638c9f3,can,Scent diffuser,,,,,
cdb60c821bab5de06db9,book,Prop for photography or film,,,,,
c2e0b9af8a9d35718794,book,Coaster,,,,,
e51d491427c90bdc0fd5,fork,DIY craft tool,,,,,
f7c4d9b9dd3ac7e6d4a8,book,Plant press,,,,,
28c2e2999ab7c1715639,paperclip,Mini bookmark with a flag,,,,,
cabe1a4f8eb2e5d714bf,book,Paperweight,,,,,
cdefcc7524ef52fa1670,can,Paperweight,,,,,
ebd919461bd93710310e,book,Plant marker,,,,,
673891107499a75d49a1,book,DIY crafting material,,,,,
4c6a194645ea51d2277c,book,Bookend,,,,,
d9383d1ddc044f847137,paperclip,Bookmark for a page with a specific note,,,,,
0fbc6ac554b33bad6455,towel,Polishing metal items,,,,,
c25f14c887bccc7e2935,paperclip,Desk organizer for small items,,,,,
fb913575a64981b21af8,book,Photo display,,,,,
0776d6602aa71206ad28,paperclip,DIY bookmark,,,,,
401b1495dcda576eb258,can,Picture frame,,,,,
cc47834fcba78f8f1e04,fork,Bookend,,,,,
0cf4b4009925a13e7210,paperclip,Cord organizer,,,,,
bc242de05890386269c1,book,Craft material,,,,,
297a484f4da2e7ff746b,can,Geometric art piece,,,,,
e419b3685c90c597d748,fork,Bookmark,,,,,
2aa677e7da8bc4b1af31,can,Shelf,,,,,
9c597be7417206d4c1a2,can,Coat rack,,,,,
c4f54a43be79b2934e40,paperclip,temporary fix for a broken chain,,,,,
8fb2c522560bf66fae43,book,Coaster,,,,,
6b6ebbf1dc4d9ad38c48,book,Coaster,,,,,
98bed1f2a5e1dc5df781,towel,Applying paint or stain,,,,,
5e81dba9e98728fa2194,can,Cable tie,,,,,
36864cc3b887e273ba17,can,Paperweight,,,,,
c1bbeb3f16a9ea380fa8,towel,Dusting cloth,,,,,
e97119c5feac262caba7,fork,Zipper pull,,,,,
e06937c7aaa959ee43f0,book,Decorative item,,,,,
c8191503c845b2767ecc,book,Paperweight,,,,,
125c6f20f64aa24e9852,paperclip,Cord organizer,,,,,
bbb1b0a543dbca7a6eab,paperclip,Plant labels,,,,,
cc09734ebbac832eeba6,towel,Wiping down surfaces in the garage,,,,,
1a5dc6caaca79b38b79b,fork,Wind chime component,,,,,
c60860b5a85746be04db,can,Photo display,,,,,
b39b2a1d359a7499d43c,fork,Bookmark,,,,,
1a3e3a5b7f0671dcbbba,towel,Dusting surfaces,,,,,
a83226ce2a4d34cdfbfa,towel,Pet grooming tool,,,,,
f6b36e9c6c84553c400e,book,Book as a plant marker,,,,,
34c4af8ade6a9d05f29c,can,Wind chime,,,,,
4a935d09b54440989473,paperclip,Zipper pull,,,,,
6b3d072f6ae593783349,can,Mini herb planter,,,,,
4cc7b830776e548d0668,fork,Wind chime component,,,,,
da7a8d27c5b250b56d3c,book,Headboard,,,,,
65bb8e066489359b1edc,towel,Dusting small crevices,,,,,
d67480170236c7845684,fork,Paperweight,,,,,
ea756fcebb731239213f,towel,Wiping down tools,,,,,
948709262f23c6b3bd4e,book,Fire starter.,,,,,
99a233aa8acff7bc3083,towel,Muscle recovery tool,,,,,
673bad9b58137e2eeb06,book,Wall art,,,,,
8f467eb0fdd5d7ee2801,book,Bookshelf divider,,,,,
570ff058ce5ed62befb4,fork,Pencil topper,,,,,
19a0e9d286f43a66c3cf,towel,Dusting figurines,,,,,
3b1360ae94bf59a11099,book,Coaster,,,,,
2e3ff429dccc8369b294,fork,Wind chime decoration,,,,,
5f3cb9087d24b2ed5065,can,Trellis for climbing plants,,,,,
8e6d6c53e36ad9ebd3d8,towel,Sweeping stairs,,,,,
90c23c65f07e887d258f,can,Wind chime,,,,,
2fdfcb8f11287decf37e,can,Cat toy,,,,,
d47e64cbd7e92a7a0230,towel,Drool cloths for babies,,,,,
b4a5b1106a208d77134c,towel,Dusting electronics,,,,,
59fb95836d36e1ab4685,towel,Creating a mess-free workspace for painting,,,,,
e1580dfceefd53c47b7a,can,Potpourri holder,,,,,
6dfdca98149bd35ffaf4,can,Paint stirrer,,,,,
4260148180e995e47fef,paperclip,Cord organizer,,,,,
31387749afc07a7d27fc,fork,Plant label,,,,,
adfa5e196fe369d64399,book,Coaster,,,,,
fe5f35a671891eacbe30,paperclip,Plant marker,,,,,
95f17f037775aeb57056,book,Picture frame,,,,,
30ea4ff0a1c7f74f3d43,paperclip,Photo display,,,,,
79809d529c8c27b08965,book,Bookmark,,,,,
c095182cb1e253fed7d9,towel,Photo prop,,,,,
f483367b023be1947357,book,Gift for a bookmark enthusiast,,,,,
659b26db41050dcab1b4,fork,DIY craft material,,,,,
cd3ac7e8bf6e480a68b2,fork,Photo prop,,,,,
323d3b827fa3e39a99b4,book,Plant press,,,,,
3d85fd03f395800b860b,book,Bookend,,,,,
7cc2ec2c07fe96c1d85a,book,Book as a planter for small plants,,,,,
76d18343064812083a6f,can,Wind chime component,,,,,
3d02fe091d06347cad40,can,Musical instrument shaker,,,,,
32a0c04c6bef36d87f24,can,Candle holder,,,,,
80521c76885606a16c18,paperclip,Bookmark,,,,,
b5efd54f7e911ab7bb97,fork,Seed starter,,,,,
68ceb8f6c6b7ca8ef526,paperclip,Create a DIY photo frame,,,,,
59df06bfb02aa3af2762,paperclip,Ornament hanger,,,,,
6de3a6a1ef7d5f618282,paperclip,Emergency battery terminal connector,,,,,
912aa5d8d757d449473d,fork,Wind chime,,,,,
24eef4f4ea1e9be77eef,paperclip,DIY photo display,,,,,
7e2d87a142b624056367,fork,Pencil holder,,,,,
ff868d72ccc40d29e358,towel,Dusting furniture,,,,,
b233d14170c72d09fb31,book,Photo prop,,,,,
490842488732e8337038,can,Pencil holder,,,,,
857899231eb196687c2a,fork,Stand for small objects,,,,,
02ac5cca65fec3825c28,can,Wind chime,,,,,
ca7d9a7a67517fed2986,can,Pot scraper,,,,,
b7dd61e64025df43e7c3,book,Desk organizer,,,,,
64c5b605f46383be13f9,book,Gift for a friend.,,,,,
4491f7cdc6d5b511862c,paperclip,Temporary holder for small items,,,,,
abd424a6b77cb0a0c0f4,book,Gift box,,,,,
09ca3048ffe89a9ac86e,book,Photo display,,,,,
2b81a6ed10743617e975,book,Coaster for hot beverages,,,,,
e973c7e2f183763ded70,fork,Bookmark,,,,,
feef7e372d99323e9efd,book,Desk paperweight,,,,,
5d49f833845a215ca0ae,fork,Plant label,,,,,
e25251e793aafbc24d09,book,Stand for a display case,,,,,
dd5d2b3ef57e27239c87,paperclip,Emergency hair tie,,,,,
31c7cd92830e5be18be5,book,Gift wrapping material,,,,,
8a287797fb8ca6ccc71e,paperclip,Photograph display,,,,,
629275950383ada87acd,can,Pencil holder,,,,,
b8dfcc5894ebd778ba9b,paperclip,Wind chime maker,,,,,
19e53300229ea86e07b6,towel,Protect furniture from spills or dust.,,,,,
470d697f3067fb53e39a,paperclip,Photo display,,,,,
3d79f106f98b60094997,paperclip,Zipper pull,,,,,
98b24165261d0617327c,book,Bookmark,,,,,
d23e3ac447c1b6cb7503,paperclip,Cord wrap,,,,,
740ddf56f1cfc8e9d70f,fork,Sock straightener,,,,,
62335b7c17a2a7f65f71,towel,Creating a makeshift drop cloth,,,,,
5f7b409fec891d29c3ee,fork,Sculpture material,,,,,
39297b0be06eec72fc54,paperclip,Plant marker,,,,,
01394fcdfd4b499b2a57,book,Gift for a new home,,,,,
3cd5e0c94115e70dcc34,paperclip,Stopgap for a broken zipper,,,,,
dfffaf642d988a256f22,can,Spice rack,,,,,
51ee209bb0e394552c41,book,Prop for photography,,,,,
b8a2d60bf4dc4e826367,fork,DIY wind chime,,,,,
d4f4f341e03d7ed30316,fork,Plant label,,,,,
9db86d7d9b2e72145d1b,paperclip,Plant marker,,,,,
da15b15ffe1099da04dc,book,Prop for a photo shoot,,,,,
046293111b080aaa2669,book,Desk organizer,,,,,
226e32e61612af7fb28b,can,Sifter,,,,,
13100343a50a6b454ef9,can,Soap dispenser,,,,,
b668b006d0b660a2474a,fork,Wall decoration,,,,,
ba4885f1faf3693d5c91,can,Wind chime,,,,,
7fdc2839c5dcc92f3755,can,Wind chime,,,,,
72730413c49f4720e53f,towel,Cleaning up spills,,,,,
bcd12ab2d95fb33c79da,towel,Baby wipe,,,,,
f0b2ef7424cd839b7489,book,Coaster,,,,,
7a46e236916f4272386c,book,Paperweight,,,,,
c7f61cd4ee1db8ccd6e2,fork,Wind chime component,,,,,
0190bde086b452d5521d,can,Pencil holder,,,,,
bedc80af94a82f146649,fork,Wind chime material,,,,,
7427903e5dad3ed8355f,towel,Wiping down gym equipment,,,,,
72bb18be8d8b06f116a6,towel,Dusting furniture and decorations,,,,,
4cf4ef07cf7e0610cedb,fork,Plant label,,,,,
ead5529432ca360e11e0,can,Bird feeder,,,,,
33ead238799edf859ed7,towel,Creating a homemade insecticidal spray.,,,,,
6e6ae0fc2fc0cf5e947e,book,Decorative item,,,,,
85bf6d5040a54b9b1c0f,towel,Dusting furniture,,,,,
3b149e190952616fbe9f,fork,Photo display,,,,,
9b48ee858621fc30346b,fork,Bird feeder pole,,,,,
546972d80f86b84c8378,towel,Dusting electronics,,,,,
f7f986553454f871b875,can,Wind chime,,,,,
176d7a875bdd0c79cdee,book,Paperweight,,,,,
72b29f935a9124c8bbf0,paperclip,Book bookmark,,,,,
81b9a7a46031a6d4ab1a,paperclip,DIY photo display,,,,,
e196876fd18cfeec0c3d,paperclip,Macrame material,,,,,
f7eee918b1880c7928b1,book,Gift,,,,,
ea49aca201505ad204a9,book,Fire starter,,,,,
2a6ae218130e61319dc6,book,Bookmark,,,,,
c2db7be299eb0acdc2f9,fork,Wind chime component,,,,,
735f1caf2b75b7b0c674,towel,Cleaning between keys on a keyboard,,,,,
6723a25baf2fdffa109a,towel,Cleaning spills on a carpet,,,,,
408cc5b13faffd1df8c4,paperclip,Cable tie,,,,,
7fefae304ab96ece5276,fork,DIY bookmark ring,,,,,
2ebc31d8303110221665,can,Plant mark,,,,,
541e52692fcc36a48c5e,can,Candle holder,,,,,
8eee48b2204f9ac06aef,paperclip,Emergency hair tie,,,,,
d164c313d22dd0e77701,towel,Cleaning cloth,,,,,
b72c25c53e51c8e71c7d,towel,Gift wrapping material,,,,,
5a4b95813870d416dcf9,fork,Puppet stick,,,,,
e98ed8b8ad1721804966,paperclip,Marker clip,,,,,
36ed7280063e2423c311,paperclip,Bag clip,,,,,
bdd85d3c71095beca046,fork,Pot scraper,,,,,
424ef1b6b47f87257d2e,towel,Cleaning spills,,,,,
866497fd2e38b76b70dd,can,DIY wind chime,,,,,
6bf2d137f903290b1478,towel,Creating a DIY photo backdrop,,,,,
0b62981e27d0d28f81c5,can,Mini level.,,,,,
c1e82a0251bdd383e01c,fork,Sculpture material,,,,,
92f8a79e91bab9ffd3e1,fork,Temporary fix for a broken zipper,,,,,
6e56e7bd5da54133c77d,towel,Craft project material for collage,,,,,
dd6f4f3e6fb964e783a9,paperclip,Mini picture frame,,,,,
ddc0480a92789c8f6246,fork,Drumming tool,,,,,
3877b4405d17e786c02d,book,Paperweight,,,,,
180c074ea9dac774c560,can,Planter,,,,,
9399bb51f048d04366ca,fork,Bookstand,,,,,
e74070f17a90a94bbd8c,paperclip,Cable management tool,,,,,
ef30b47f75a1dbd0b62d,towel,Dusting surfaces,,,,,
2f4c5567a51a20bbcc65,fork,Temporary fix for a broken zither string,,,,,
f9761127ce2d111fd2a4,paperclip,Cable tie,,,,,
c993b285b95ea207eee5,book,Gift wrapping,,,,,
f09a0360c4691ad0264b,paperclip,Holding cables in place,,,,,
f0e50375e713ca674204,paperclip,Pencil topper,,,,,
b4fc3cd2889d15daa4ed,can,Shelf divider,,,,,
0bee5c84571798153252,can,Desk organizer,,,,,
05c11a6f4bd541502323,paperclip,DIY jewelry,,,,,
c172a2c593cf4665116f,book,Gift,,,,,
caf40e16f13f15a2a233,can,Cord organizer,,,,,
8f8412a062a90d98bd71,towel,Protect surfaces from dust,,,,,
57346d7b1e6e6ee5d097,can,Mixing tool,,,,,
a3051961e5d411c5529b,paperclip,Temporary fix for a broken garage door,,,,,
4619ad570aa981483e2f,book,Coffee table bookend,,,,,
dad4ae02331f308965b6,towel,Polishing metal surfaces,,,,,
8c887d35e3587f9be7a5,book,Book as a pencil holder,,,,,
361c3c9b75375fe64ae1,can,Candle holder,,,,,
8e7f98923a1fc67f091d,paperclip,Book page marker,,,,,
62df3e6ade9b8bfe5d06,can,Bookmark,,,,,
dc979f6e1ca26e78a88d,towel,Cleaning spills,,,,,
83961d7cf194c0323673,paperclip,Cord organizer,,,,,
6dc4cd517f5927ee41e4,can,Mini planter,,,,,
246da5a87e8d4995e57a,towel,Impromptu drop cloth,,,,,
d2d09f8c648e0df68538,fork,Photo display,,,,,
f3567ab5974cec965a7c,can,Craft supply organizer,,,,,
2f8e9fbc65d9baa88d18,fork,DIY wind chime component,,,,,
0170733d5923aea6adba,book,Bookend,,,,,
25d7fb3cb788bc42e1f1,book,Book as a impromptu impromptu music stand,,,,,
6bdd06d0a5ef1c5739ae,towel,Cleaning windows,,,,,
89e9c9241a3fa2ec47a3,can,Wind shield wiper substitute,,,,,
5e69a1d772adab36558d,fork,Sculpture material,,,,,
8a34ffcc5ea26c4836cf,can,Planter,,,,,
a6806026357128ce4d9c,fork,Painting tool,,,,,
f96dda79270415a13074,can,Pest deterrent,,,,,
f522a70869ed961bc9a1,book,Bookmark,,,,,
20d08c54865e17d22d90,can,Desk organizer,,,,,
080b9326c305bffed48c,book,Stage prop,,,,,
0149177ecc1cf3474efa,paperclip,Plant marker,,,,,
2d4e07c8b23237539042,can,Plant marker,,,,,
a8c9086c8ea8c02c4b73,book,Decorative item,,,,,
7b89b5083fc165d7e18c,book,Paperweight,,,,,
b8e4a022a5dac9aebc4c,book,Fire starter,,,,,
d02a48780ef5d772c680,can,Herb marker,,,,,
2fe6b52351943ccc6ed0,fork,Plant marker,,,,,
4dc2ffcd103071a34b18,paperclip,Plant label,,,,,
67928ab1368bb3c58eac,fork,Mini shelf,,,,,
6a97346383697ce0f78a,book,Weight for a DIY craft,,,,,
4fb6d7ad66407804f5b9,book,Protective cover for electronics,,,,,
07bdd3efe7a541183eff,can,Spice container,,,,,
4b59069a6d2606d4182c,book,DIY bookmark,,,,,
5a30369972e0096d7922,paperclip,Plant marker,,,,,
c222a6c50da5faeb114a,paperclip,Temporary fix for a broken zipper,,,,,
64028bdea6ad75c8f21b,towel,Photography background,,,,,
cc11812caa6c5795f544,towel,Cleaning makeup brushes,,,,,
57c6e683990a691399bd,can,DIY craft material,,,,,
8c875f3df69f22fa4a15,paperclip,Picture frame hanger,,,,,
2dc57b4cb7a90699b47f,paperclip,Picture frame hanger,,,,,
c7352912074bdeb7849d,fork,Mini hammer for small tasks,,,,,
41149118f47cd8132b77,towel,Drying delicate items,,,,,
416d2487577171759635,paperclip,Zipper pull,,,,,
54c7687c790d698ed823,book,Bookend,,,,,
f1b7b6433638362656b4,book,Trivet,,,,,
a6534c5c27658399b4a7,fork,Coat rack,,,,,
2f29d99b51f7cc4c3e27,towel,Dusting cloth,,,,,
7d66dbd9dcbb41a66e10,paperclip,Bookmark,,,,,
5d2d4035e86ce83dc7ec,paperclip,DIY wind chime component,,,,,
5badad4e1b64b73cc2f2,towel,Wiping down electronics.,,,,,
8ec2fa89c91c88862ae5,towel,Sunshade for outdoor events,,,,,
ebc7d1784d7b989b23ec,can,Desk organizer,,,,,
d1dae630796735d56873,paperclip,Emergency binder clip,,,,,
3088eac6c99ee43cb474,book,Insulation material,,,,,
a3da0a087463c76416f9,can,DIY picture frame,,,,,
7b2852e3cbecab1c53b7,towel,Pet bed lining,,,,,
044c424309b83866de8e,paperclip,Plant label,,,,,
dd834f7918e52205de2c,paperclip,DIY photo display,,,,,
ed9a37310d35d83ec088,fork,DIY craft material,,,,,
307476ed2a1177e04c25,paperclip,Snares for small pests,,,,,
88542bb967cf199bd344,fork,Pencil holder,,,,,
8f45cd3bdf6ac101b8c2,paperclip,Cable organizer,,,,,
364e736df53488a66440,fork,Sculpture material,,,,,
6d50b475c37ac9f18b3d,towel,Drop cloth,,,,,
3cbcd35db7168e0b21ec,towel,First aid dressing,,,,,
9c46383fe04e75fc7527,can,Painting tool,,,,,
1eb4ba19c089571df464,book,Plant marker,,,,,
b835320f7bdd8ea8aca8,fork,Sculpture base,,,,,
1a73c6943dbe9a6052bc,towel,Waterproofing canoes and boats,,,,,
532bec62c2cdf4dfa206,towel,As a picnic blanket,,,,,
7c07b8f0834a54c63623,paperclip,Temporary fix for a broken zipper,,,,,
07146502dcce50c7b791,can,Plant marker,,,,,
55b8973dffd1507ce785,towel,Cleaning up spills.,,,,,
d3106697e99d7e2f4e03,book,Bookmark,,,,,
103196728a8f755b1dc5,book,Desk organizer,,,,,
8fe0ddb3d6945b1315cf,towel,Pet bed,,,,,
17fe5d3fca6b63002d34,can,Planter,,,,,
502b97173741e8a06f16,book,Desk organizer,,,,,
7aff548a42dcc4ca6244,fork,Desk organizer,,,,,
2019ffa2e0356b4c93ce,paperclip,DIY picture frame,,,,,
7bc8660a82e4d2ca8631,fork,Paperweight,,,,,
7c9aa7b70b0111448c7d,can,Candle holder,,,,,
30f79cacc97af617d8d0,towel,Painting cleanups,,,,,
f828415d66904260444a,fork,Wind chime,,,,,
c8c46132a9fed1388bfc,book,Paperweight,,,,,
8e7e078e306d47783ae5,fork,Tweezers for small objects,,,,,
42fdbf04b6efc7a08a81,can,Plant marker,,,,,
4f5267e3ae8fcee768ec,book,Plant press,,,,,
426138236f929aa9f6f8,fork,Plant label,,,,,
83a7536e8469c8d85766,can,Plant marker,,,,,
b9c6c19211a3c7548e31,towel,Dusting surfaces,,,,,
91bb47da404af2bda04b,towel,Protecting furniture from water marks,,,,,
bb8e88438fb2fe21662e,paperclip,DIY jewelry,,,,,
833601e4a5cdd8388635,can,Drainage material,,,,,
b50f7f4a61d5ffbd643c,fork,Gardening label,,,,,
d8ba867e695b18a818f5,book,Decorative item,,,,,
72588d258e328ffb0d82,can,Candle holder,,,,,
5561b19d5ea221d94806,fork,Pencil rest,,,,,
cee1befb93017f0cfae0,can,Space-saving shelf,,,,,
cc636422b593963605c5,book,Bag filler,,,,,
7a6e3b3d38da571206d1,fork,Jewelry organizer,,,,,
58de8e9e823e3bbfc242,book,Coaster,,,,,
c74e0d3f30493dcdfccf,fork,Plant marker,,,,,
5d2114ae63a03e97d017,paperclip,Desk tidy for loose items,,,,,
74f31c2dc739d6a09bb8,towel,Drying tools,,,,,
ed73d5a04466b0b50c67,towel,Pet bed.,,,,,
2e1c1c489409bf47998f,paperclip,Cord organizer,,,,,
1fc97b7d38bb4c184c71,fork,Mini bird feeder,,,,,
8f884f461c323462aa99,can,Photo display,,,,,
c8227caa3a3445a9ffd9,paperclip,Keychain,,,,,
15731d82367fcee01603,can,Wind chime component,,,,,
108952e78bc6c16c16c5,paperclip,Temporary repair for a broken zipper,,,,,
ef1d2882153458b717ab,can,Scent diffuser,,,,,
d58f02cda931359211c2,book,Bookend,,,,,
f2da7f47bd53a98c4f92,paperclip,Temporary fix for a broken chain,,,,,
b153049837b149be3e88,fork,Pencil holder,,,,,
e6e6db7c27e0d55c2fbd,paperclip,Plant label,,,,,
600e90b69d9de3ee859f,towel,Painting cloth,,,,,
4e7c8577f38a5d685f1e,book,Picture frame,,,,,
fcb591c0895d672bae62,can,Coat rack,,,,,
c3ee44c3b89643cdb095,towel,Polishing metal objects,,,,,
947a30a06aee4651ac6e,paperclip,Cable management tool,,,,,
f0e2db95d95b3a2fcdf4,paperclip,Temporary fix for a broken zipper,,,,,
64862c7ff994bd48a3ef,book,Coaster,,,,,
9cea23317ec7a0b5e5a9,paperclip,Bookmark,,,,,
788210445e6e2527883e,paperclip,Bookmark,,,,,
78c9c2496d93d4bffd13,book,Picture frame backing,,,,,
9bb46ee2d4ec2a0be12b,can,Marble run,,,,,
baf7220dab17ba69fddf,book,Wall decoration,,,,,
fb040e322d7517906560,paperclip,DIY photo display,,,,,
4716ba7578bf3c015fa8,paperclip,Emergency tool for fixing a broken earring,,,,,
a4b13072d0fe8d272ac4,towel,Cleaning pet areas,,,,,
ac44cc54008df6ccc720,towel,Insulating electrical cords,,,,,
f6a5920b03f6db050a0f,towel,DIY photo backdrop,,,,,
cd3a2305fd717775efbf,towel,Absorbing oil spills in the garage,,,,,
21561aeba29b0e12c80d,can,Pencil holder,,,,,
72832b4b1e85d5425339,fork,Mini shovel,,,,,
01dc05c8638201b91cc1,can,Coin bank,,,,,
e2f4f990b7896b9a2803,paperclip,Bookmark,,,,,
3ddc3b549005e685a735,fork,Sculpture material.,,,,,
210687cccb0e12f328c2,towel,Cleaning spills,,,,,
2c8ed492aa3e9e90e899,book,Prop for photography,,,,,
db1254cc8d1e6508bdd8,book,Photo display,,,,,
9a63db082d37e9612c9b,fork,Candle holder,,,,,
5c071c6e51d2a37c7090,book,Fire starter.,,,,,
5ae20a607a4769cbf263,fork,Pencil holder,,,,,
48bbc50d62d35a7f081e,paperclip,DIY zipper pull,,,,,
9985e6a17a45673de82a,towel,Cleaning shoes,,,,,
1985ba82a280eb8d2c49,paperclip,Emergency bookmark,,,,,
3536c07d7fd81c3ec523,fork,Craft project base,,,,,
045f3497fb982e4cc501,can,Desk paperweight,,,,,
5c99fd1acb30ca40d569,fork,Pencils rest,,,,,
a294304cfbee8fcc611f,book,Coaster,,,,,
3477c12ea69c19cfda13,towel,Crafting material for DIY projects,,,,,
86ed9ee938978d963217,can,Picture frame hanger,,,,,
7e5bac9a631ebdf5b6d2,can,Craft project base,,,,,
9893005497fea0272f78,paperclip,Cord organizer,,,,,
174777afb717cd146b75,paperclip,Emergency cord,,,,,
11837685b84fe3f47550,book,Prop for photography,,,,,
ee25b86c429f8f36dc3c,book,Desk organizer,,,,,
2eccf93c5b250f2fe596,towel,Emergency blanket,,,,,
c30aab6b15eb839ec8fe,book,Paperweight,,,,,
caa223ab861e76291aa9,fork,Sculpture material,,,,,
cd013278d2818bfbe5f2,fork,Wind chime part,,,,,
34147dcfcf16da86421b,book,Place mat,,,,,
6267fc4725db87d9145a,fork,Bookmark,,,,,
44d681cf4658a51f4cc4,book,Insulator for a hot object,,,,,
388e66b9364eb5327a78,book,Bookmark,,,,,
adcff9268eb2014ee6bf,fork,Twig holder for a bird feeder,,,,,
49c4891b0a6d52c6c3cd,paperclip,Plant label,,,,,
00f21b9555b815017739,fork,Bookmark,,,,,
b96d350afcc680eef85c,towel,Dusting cloth,,,,,
2ccfca13f9db4184888b,book,Paperweight,,,,,
0107565180925df2c637,can,Paintbrush holder,,,,,
7a17be05bdaf70383811,paperclip,DIY photo frame,,,,,
e4c96a0bb44332830b8f,towel,Painting tool,,,,,
75b72a4335c4d43f8233,towel,Storing small items,,,,,
0fb0d07af4dcbce1f248,can,Plant marker,,,,,
f648921e91e6e2f3e94a,fork,Paperweight,,,,,
2e90c3a48f22cb263218,paperclip,Mini photo frame,,,,,
36377f85d8e1bf97b859,fork,Plant label,,,,,
7f624be177ae9b0555fe,paperclip,Plant marker,,,,,
4e93ba1f9f14610d124f,towel,Drying artwork,,,,,
d5a8b017c3b2564b49e1,paperclip,Mini bookmark,,,,,
56a1e39c3d49b22c94f0,book,Bookmark,,,,,
9e0352447a1882fa4e5e,towel,Dusting furniture,,,,,
779abbfbed96fc582c0b,can,Bookend,,,,,
7c11aba550e03c0dc4af,paperclip,DIY photo display,,,,,
01f9d93e2ee8e2a0dd97,fork,Wind chime component,,,,,
e6964bd9e9c87e3aa5c4,paperclip,Temporary fix for broken zipper,,,,,
7fd4d084ce6ea31e7997,paperclip,Zipper pull,,,,,
88a6afeb17e0f517cd72,can,Cord organizer,,,,,
4285f7f336512cae6121,can,Desk organizer,,,,,
7c08457559de211df860,paperclip,Paintbrush cleaner,,,,,
847c3a9dca7a42cd9961,can,Bookend,,,,,
9ec3759e043d2f9dc2a0,paperclip,Zipper pull,,,,,
961720a74fdb36073700,fork,Sculpture material,,,,,
743b315538c389e4ab93,book,Paperweight,,,,,
d0e16847a2800ec7b862,book,Desk organizer,,,,,
99908df5243d4225514d,book,Paperweight,,,,,
b0d4281232a31cef63bc,paperclip,Geometric art tool,,,,,
176d7b9d57382f4e3ee2,can,Music shaker,,,,,
91d694a92dd7bbc456c4,fork,Plant label,,,,,
39bb2751462d718cd0ca,fork,Picture frame stand,,,,,
78d5744d35181f82c1ef,towel,Grooming tool for horses,,,,,
c4b645804c0cb88bc444,can,Wind chime,,,,,
d60d1112e51b776da981,paperclip,Robot arm component,,,,,
a70e70ad286814914e75,towel,Changing oil filters.,,,,,
cba0ab3f5f8038cc9925,book,History keeper,,,,,
96a494f3e9ff20863ae3,can,Birdhouse support,,,,,
78b8a73567be9d3fd652,can,Marble run,,,,,
2963ada078845faf3259,fork,Bird feeder,,,,,
83bd7c465418ea26316f,can,Bird bath,,,,,
54616978a3c8f73055ff,towel,Cover electrical outlets,,,,,
2b8588e1c1c81efe014f,towel,Lining a package,,,,,
ed22d152f6a934a28d27,fork,DIY project base,,,,,
583bd64425077e169dd6,book,Candle holder,,,,,
9fc88f0cf8f2eb40a811,towel,Absorbing oil spills,,,,,
2c739d1a84ffae4c6cab,book,Plant marker,,,,,
a1c3ac9b4fbd89f68301,towel,Drywall repair,,,,,
623e9183821332cfd97e,book,Mirror backing,,,,,
f517757d819b4972082d,can,Birdhouse,,,,,
130c4f3714b550d2a5e4,paperclip,Bookmark,,,,,
9d5d6d14d76ff5859caf,fork,Plant label,,,,,
014188c46efbca96de99,book,Decorative wall hanging,,,,,
d102c29371af0ad7239c,can,Paint stirrer,,,,,
f1eada7f043458d9d77e,book,Trivet,,,,,
04c9179bfa9c78c8afb0,can,Pencil holder,,,,,
651409455a4865960b2d,towel,Emergency blanket,,,,,
7dab6f1fe16fd8f67964,book,Bookmark,,,,,
51646365db5212b41629,fork,Bookmark,,,,,
2ffd64cc93c8cb941201,book,Paperweight.,,,,,
d91c6c9c0500b3a562d2,fork,Coat hook,,,,,
d20bbfc323d4dc01acc0,book,Coaster,,,,,
aae5b1f529b3767c250f,can,Plant label,,,,,
e7382d6a7039aa0a7974,book,Prop in a theatrical or film production,,,,,
9c7b985cf7d36b849bad,towel,Clean windows,,,,,
e9d6ac5031adaa7fe304,can,Wind chime material,,,,,
0a6e4bc7b1918b869de9,can,Scent diffuser,,,,,
8265a849b90acc9fe0c9,paperclip,Emergency dog leash,,,,,
aebe0e382ee1064c3a26,can,Mini planter,,,,,
4b3027f6a987dc622875,can,Sculpture base,,,,,
d91c0527e1922d035631,fork,Sculpture material,,,,,
a7599890f13ed6963398,book,Placemat,,,,,
3e393ea94af4e5db33cd,can,DIY decoration,,,,,
f322dda46da690829bd7,fork,Plant label,,,,,
e3a390a3d0b50682e269,towel,Cleaning picture frames.,,,,,
157a851897f566c7bd82,book,Prop for photography,,,,,
410f979a131f38f5b89a,can,DIY wind chime,,,,,
37c95695ad6de4fb069a,book,Prop for photography,,,,,
48f5eb09bc15bef90ae5,towel,Drying dishes,,,,,
704b563f06574ce291d7,fork,Magazine rack,,,,,
4824af17eb3d57d8c417,towel,Insulating electrical cords,,,,,
95228313b809d09876ee,can,Herb garden,,,,,
c4007a7761a37c33beca,can,Plant label,,,,,
262b0f800f95ea00a89d,book,Prop for a theatrical or film production,,,,,
5dd0c967f1e827551e57,towel,Cleaning arts and crafts supplies,,,,,
d27cff5715c560d859c8,paperclip,Craft supply for kids,,,,,
e540df0d2490add7ee6f,can,Plant marker,,,,,
b7fab91d963fcf1bf60f,paperclip,Desk organizer for small items.,,,,,
d111ab43d1c55933bad0,towel,Dusting and cleaning delicate electronics,,,,,
21149ca49dd523323db5,can,Craft material,,,,,
8160f4d3e87e74373f0b,paperclip,Plant marker,,,,,
53380e6d456a367682aa,paperclip,Pencil topper,,,,,
8ff5f9936c9d0a98e743,paperclip,DIY zipper pull,,,,,
22c82a5c93b59f0d29a0,paperclip,Wind chime component,,,,,
1558e561b26c9188f90d,paperclip,Plant marker,,,,,
0b0040657c8bedca2e37,book,Desk organizer,,,,,
502464abaf1f5b4c648e,towel,Polishing metal and other objects,,,,,
10d26e0d86d41e6b727f,can,Waterproof container,,,,,
bd9410e1fe389eee3057,book,Trivets,,,,,
8f517a29ecea8a5716ac,paperclip,Plant label,,,,,
f4c7564c579be5f1d72b,towel,Dusting furniture,,,,,
ccd1249c1c6f447cc61c,towel,DIY drum head,,,,,
3baa3d1ff3f819fbc2a8,towel,Protecting furniture,,,,,
3b17eb7b836599c17038,book,Packaging material,,,,,
198325ce65fe0ae01b8a,can,Measuring stick,,,,,
8659f34207bee71a6a98,towel,Outdoor picnic tablecloth,,,,,
34dda30192f9694d1eb1,paperclip,DIY ornament,,,,,
91cbe7f9fbe9f1d56acf,paperclip,Mini wind chime,,,,,
cb8121853f0934e09f71,paperclip,Mini bookmark,,,,,
ecf8d41be45967d72bb8,fork,Wind chime component,,,,,
d9e2acc8ff6845ca9e2f,can,Geometric sculpture,,,,,
6c329a0a5068256486c2,paperclip,DIY jewelry,,,,,
c5690aeb23fe5e1a2495,book,Coaster,,,,,
70fe9f1713fbb464bf7b,can,Photo display,,,,,
5b33a7128ac54d215a6e,towel,Cleaning rags,,,,,
f625ff1eb1e488d41a03,paperclip,Geometric art piece,,,,,
e02025f2b29dfe88105d,towel,Dusting furniture,,,,,
6c41e5d440aac3d943ef,towel,Wiping down surfaces,,,,,
a87e44b5592b44755fcf,book,Bookend,,,,,
88e9f22adff528ce89bc,paperclip,Hair tie,,,,,
4b57e81aab8b34b10e84,towel,Camping ground cover,,,,,
e83042531804c4373942,paperclip,Bookmark,,,,,
b1ae2dc778c6efd5c4b2,book,Desk organizer,,,,,
98892c3a75849c9c7683,book,Coaster,,,,,
b6dba7861dd92888d60e,towel,Art project material,,,,,
3f22b802c6f6e6551885,can,Measuring cup,,,,,
c20d4c49af3a1b8359ed,paperclip,Temporary fix for a broken zipper,,,,,
2ddccc98bb3fe0e312b8,paperclip,DIY picture frame,,,,,
c78d5cf9dc44d1ce462e,paperclip,Temporary fix for a broken zipper,,,,,
d3334d629a6af55dc9e0,can,Soap dish,,,,,
e2032061ac1bfd649158,towel,Cleaning windows,,,,,
e3c6247c4e7c227803c7,fork,Paperweight,,,,,
2badc1bd3f37a71449ce,paperclip,Cord organizer,,,,,
d4a7056a52856f027e33,fork,Cord organizer,,,,,
8c6a493b90b74046543b,book,Photo display,,,,,
ed76ffdb7c929329b7a4,book,Plant marker,,,,,
a2cc90b72bea082bf5d5,paperclip,Cable management tool,,,,,
1911520e56e679f932c5,paperclip,Geometric art,,,,,
a2588800f5694d4e3da3,can,Candle holder,,,,,
6918406f2f4001fb361c,paperclip,Desk organizer for small items,,,,,
216eb3f6026472346567,paperclip,Wind chime component,,,,,
4eb00e531c0b29821809,towel,Dusting furniture,,,,,
3c43b0c80cac81e462e6,fork,Picture frame hanger,,,,,
d92ec1371e3442d246e0,paperclip,Temporary fix for a loose screw,,,,,
8269e3d231cbc3194d3a,paperclip,Bookmark,,,,,
de8cd25abafe29608606,book,Coaster,,,,,
dd819d9ef548058eec07,fork,Bookmark,,,,,
9b52b4e11d380e476e7b,towel,Stuffing pillows,,,,,
e786b807070849978c93,paperclip,Wind chime maker,,,,,
c4e3712844061b37a754,can,Birdhouse,,,,,
39c277c72f2f2035c1ee,can,Desk organizer,,,,,
0d7382d5b10a52853b2f,can,Desk organizer,,,,,
f26d876446a44a56de32,can,Cord wrap,,,,,
addb5c6eb4be97f05a73,towel,Cleaning a motorcycle seat.,,,,,
362c09749e12c3088a6a,fork,Photo display,,,,,
ad755833b4b5782fdbcf,paperclip,Bookmark,,,,,
ca99f06e8f7b4ce08478,paperclip,Hanging a small item from a hook,,,,,
07ca2936facd6751e30f,book,Decoupage material,,,,,
152370211f3e7327d300,fork,Sculpture material,,,,,
614f48baaa98cb4243c1,fork,Measuring tool,,,,,
04696f1ab253ccf0d88a,towel,Wiping down kitchen counters.,,,,,
34281e6e47eda69f3676,can,Paint stirrer,,,,,
b063746763378c87ce63,can,Fishing weight,,,,,
c8d687c330b1d6a00e7f,paperclip,Bag clip.,,,,,
1d33661d3ab1b1bec98d,fork,Photo display,,,,,
068e36443eff9b927e8c,towel,Wiping up pet messes.,,,,,
fc554a6ce1c9689d79ef,book,Plant press,,,,,
30b2464e34b70ea1ce9a,paperclip,Mini photo display,,,,,
1bf968203a771f520c17,book,Pencil rest,,,,,
45265a2965b0bdd0140a,can,Wind chime component,,,,,
ffe7f91dfc9348de8729,towel,Drop cloth,,,,,
07a79f4ffc5c60115093,paperclip,Phone stand,,,,,
e64369ff7af961a82e01,towel,Wiping sweat during exercise,,,,,
e51e0dea84b1ecb9b047,can,Spice container,,,,,
1599db6fd94a7928674b,can,Seed starter,,,,,
e300081220542660a5a3,fork,Chisel,,,,,
47522be610f6bbd09b02,towel,Cleaning windows,,,,,
f92c1fc786cb3bdca4b0,fork,Pencil holder,,,,,
112a6a2b9c17ad92bbba,can,Painting palette,,,,,
34df404e6938373e2854,towel,Crafting material for paper mache,,,,,
3de229e325c3d17068f0,towel,Cold compress,,,,,
00b1402f8c9304b75750,paperclip,Picture hanger,,,,,
9c5e82d6371708e2621f,paperclip,DIY jewelry,,,,,
b867b51591ec679947ae,fork,Picture frame easel,,,,,
2a0f95e64a4894369945,can,Decoration,,,,,
911ad7ae6ced9cd2aab5,book,Desk organizer,,,,,
eda855487197e268fb52,can,Plant marker,,,,,
fdafe72331ed69ff006f,towel,Painting tool,,,,,
3d11b9cbd3ef24fa99b8,can,Zipper pull,,,,,
b729e7deca7006692532,towel,Cleaning windows,,,,,
41446d5195ac02e658e9,fork,Chisel,,,,,
dcc3fd5aaf903c70a97a,can,Picture frame,,,,,
1cd3c26dfe6fc806c473,book,Photo display,,,,,
3327df2c1a8a4c3f8e90,paperclip,Crafting tool,,,,,
003bf37cf5cf2319639c,fork,Seed starter,,,,,
3ac2c30be3588c60dbee,book,Gift box,,,,,
8e7eb1623b8e68629447,towel,Turf cover,,,,,
07232dfd6226521932e0,towel,Travel blanket,,,,,
407895c5cc152ea0f1bd,towel,Drying dishes,,,,,
9f90e0b53e8edffcb846,fork,Pot lid holder,,,,,
c2639e84d452161119cc,can,Wind chime,,,,,
3f8aff55aa2eb51d4f86,fork,Shelf divider,,,,,
ebd3eb5ae6d121ae2e78,towel,Covering a dirty floor,,,,,
cff0b3cbfc956365ddd3,book,Trivet,,,,,
04802c96e5d118e2b030,fork,Candle holder,,,,,
bd1bac6a090cfbd2e3c5,paperclip,Zipper pull,,,,,
6990ce2f7b6a4d1c34f4,book,Bookmark,,,,,
4d2bb18f77ecf1d5c484,fork,Photo display,,,,,
cff41154e37e2c2659a0,can,Wind chime,,,,,
9b7868c34b4cf3ee70ea,fork,Emergency splint,,,,,
9b778f436499aefac488,paperclip,Bookmark,,,,,
d335b983dafc6e60d35c,fork,Coat hanger,,,,,
9db94810a98a3712a9b4,paperclip,Cord organizer,,,,,
9071de3408aa0581817f,towel,Crafting material,,,,,
d40a274d61b84066cca9,book,Bookmark,,,,,
839aae6d792b52b095b7,can,Geometric sculpture base,,,,,
d92945d855d7db0b1c84,can,Paint stirrer,,,,,
434078aba0eaaa67dda0,can,Painting palette,,,,,
816950a7061529842cc7,towel,Create a makeshift dust mask.,,,,,
adaa5757016b5ef3b885,can,DIY picture frame,,,,,
b49b415b9c3dc5b863ee,towel,Dusting surfaces,,,,,
e145ff3d8cc8e351bbd5,paperclip,Picture frame,,,,,
53148e7190b311920aac,can,Geometric sculpture,,,,,
ef017c28e2997b174e8b,fork,Pencil holder,,,,,
8ffaf97ca0048942025f,towel,Yoga block substitute,,,,,
ba7b5f3ff1eeaee797e8,can,Craft stick holder,,,,,
699aadfbf5da1bb30805,paperclip,DIY wind chime,,,,,
31f21c54b6e6c441f2d6,paperclip,Temporary repair for torn pages,,,,,
42c974c29a8b0b6f6bb4,towel,Wiping down kitchen counters,,,,,
daa03dfd104d68ca1aca,fork,Paperweight,,,,,
968d2a1869cb903d4d6a,fork,Seed starter,,,,,
62bb152e0dc3f176dc5f,paperclip,Keychain,,,,,
d488aead807030c8862b,book,Desk organizer,,,,,
3b9dde129a6c06e26283,book,Coaster,,,,,
a850415c83270f6f9321,book,Prop for photography,,,,,
9d58193aa640f480bd89,book,Coaster,,,,,
e5810320b62803006819,fork,Measuring stick,,,,,
30ddfb1c790dd1be72d3,fork,Plant label,,,,,
9adc7f7446edc48f456e,book,Recipe book,,,,,
65d8cd790baddb105dbc,fork,Spice rack,,,,,
54273ea0447ca34070ec,fork,Bookmark,,,,,
9a856ba8ac5b8908da10,can,DIY picture frame,,,,,
73557c00a0292e6cf762,book,Bookmark,,,,,
8701f621d74526195114,book,Coaster,,,,,
63a4c8b7c451fccc420d,paperclip,Cord organizer.,,,,,
86a421af7b444d7f1990,towel,Face mask in a survival situation,,,,,
5a8d96f9860383549b25,towel,Painting medium for crafts,,,,,
452e68f7f1d438d2bd2b,fork,Magazine rack,,,,,
0b6509e2bb7b0320c70b,paperclip,DIY wind chime component,,,,,
bf00f515806013f18b8c,fork,Seed starter,,,,,
ab3395f444e1a010de4f,can,Wind chime component,,,,,
05147ea6cde94a610a69,book,Mosaic material,,,,,
28c1ea47bf7e4383d6bc,can,Wind chime component,,,,,
9a8411c00b2ec504a94d,paperclip,DIY zipper pull,,,,,
9d5ba4744adf13e3e647,paperclip,Plant marker,,,,,
5b7de8971f4fe1acc010,paperclip,Temporary fix for a broken chain,,,,,
fab1684354cf383fff02,fork,Plant label,,,,,
26323501f99ae18e0531,can,Desk organizer,,,,,
3bf7488097d0b37188a5,book,Wall art,,,,,
a7f2fa4897623f95a015,fork,Wall hook,,,,,
fd9503ca59c06dc4bcca,paperclip,Plant marker,,,,,
fea726ab7780570cd964,towel,Emergency blanket,,,,,
0a87f1b8e3506c25554a,fork,Picture frame,,,,,
55ea11a06b81ab6f8830,fork,Wind chime component,,,,,
caa6d8efe99b51402aad,paperclip,DIY picture frame,,,,,
2d255028da73d799df4c,can,Base for terrarium,,,,,
454def9c1f19ffce90cf,paperclip,Plant marker,,,,,
15202b666fb8b0f9be0e,can,Bird feeder,,,,,
e0d232ac8951a5593cab,paperclip,Jewelry holder,,,,,
1c6207e2ca41a822c1af,fork,Magazine rack,,,,,
d771f68d3fe6fa09fc62,can,Plant label,,,,,
49331e50db11ed696d4c,fork,DIY tool,,,,,
cb34f1ad3971fbe7bda8,fork,Plant marker,,,,,
3975161024e1d87bd0ca,fork,DIY craft material,,,,,
7751dc0b503e238c7d75,book,Desk organizer,,,,,
c15aa5d618ac30e7cd6d,can,Painting palette,,,,,
762485202e602f84dae1,book,Coaster,,,,,
26fb9906b70ddbab4cc0,can,Desk organizer,,,,,
7d67b320ec9923c22d90,can,Drum,,,,,
39e1b680a7fd64e06b80,fork,DIY painting tool,,,,,
8d9f58c4dc7a8457e289,can,Scent diffuser,,,,,
208e31eedc317a839667,can,Bird feeder,,,,,
c7f713c60f6222584cf7,paperclip,Mini sculpture material,,,,,
bd4d71b26cff32eb8231,towel,Protecting a surface from paint splatters,,,,,
44887a50f9e631e7eebd,can,Candle holder,,,,,
cca27997bf5c9232fff4,book,Prop,,,,,
e0f11a22c3ed53e2edec,can,Decorative centerpiece,,,,,
c829fe6ba5e441b1990c,fork,Pencil holder,,,,,
7d8ade4d5add7c86694d,can,Potpourri holder,,,,,
47e027e1eae12d3b5b86,book,Book as a bird perches,,,,,
915e8c0735948281aa95,towel,Absorbing oil spills,,,,,
29fd618fddae22dee697,fork,Wall anchor,,,,,
5e30318cba6870723889,book,Desk organizer,,,,,
3ef0daf0b4384db1ebc4,fork,Chandelier decoration,,,,,
18f037cf7a40ad3fefbb,book,Paperweight,,,,,
eedb5b2a69803da6403a,fork,Plant label,,,,,
f986c6c78e17f57cad30,paperclip,Keychain,,,,,
137f4782f9ce99b95a70,towel,Cleaning makeup brushes,,,,,
5105105a74db52708c63,can,Seed starter,,,,,
94de678e1bc8f1f276f3,fork,Bookend,,,,,
8b2ea8da711972c2b11b,book,Coaster,,,,,
9db3d4afb1bc927cf697,can,Bird feeder pole,,,,,
6337191157a7f5e036af,paperclip,Temporary prop for a photo shoot,,,,,
ffcf891669d6ff8779fd,fork,Plant label,,,,,
1a42d0b74e55c3808d6c,paperclip,Magnifying glass holder,,,,,
efce77fd190f827a2d41,book,Gift wrapping,,,,,
7fdae61c9633621609ec,towel,Photo prop,,,,,
93476f1f28c5823ae385,book,Sound absorber,,,,,
229617156faf20df2a19,towel,Wiping down surfaces,,,,,
e3fa4bebd9c414b27488,can,Pencil holder,,,,,
d6a8308dcea8bd684419,paperclip,Cord organizer,,,,,
bd45b71f0e254647f9b1,book,Bookmark holder,,,,,
ab10b860b17467fb2394,towel,Drying tools,,,,,
ade8d5bdf420523dac55,book,Base for a makeshift desk.,,,,,
0590ab2ec30271e6169a,paperclip,Emergency bookmark,,,,,
39be035f137eb099641a,towel,Removing lint from clothing,,,,,
b90dffd1b3c1908b992f,fork,Coat rack hook,,,,,
ca36900f873667ca5cac,book,Desk organizer,,,,,
d924bafd421734146e49,towel,Creating a makeshift picnic blanket,,,,,
14532869f30b9652d007,book,Weighted object for exercising,,,,,
cceb93328084f3fcfee3,towel,Polishing metal or leather,,,,,
472ba3338776cfc512f6,fork,DIY bookmark,,,,,
e94f22a7deb677ee98f2,book,Paperweight,,,,,
b6b51252b6e696320693,fork,Zipper pull,,,,,
c80d0d3637f2ac6008de,towel,Decorative wall hanging.,,,,,
77a6269b26b29a841e66,can,Plant marker.,,,,,
d5caafe4d1afd69a3b7e,fork,Bookend,,,,,
d4dc0138414e40990091,towel,Removing stickers.,,,,,
ca62079e72191438b652,paperclip,Cable organizer,,,,,
6f797fc6e1b5a965a0be,can,Craft project base,,,,,
1669316922b79ac36794,towel,Cleaning furniture,,,,,
39f672c6af837dcdc0ac,towel,Dusting blinds,,,,,
d9dfd5296b0c7c35aa64,can,Candle holder,,,,,
02f0e90ea3c4230bec31,fork,Picture frame,,,,,
9ef217f75f54b62be91b,book,Desk organizer,,,,,
11c82e0685dd1e92e1c1,book,Gift wrap,,,,,
50fa911808ef257a2bf4,paperclip,Small object weight,,,,,
7c5be5c9f2b7ce543312,paperclip,Bookmark.,,,,,
654b1b7fd9d0d973a2d7,fork,Sculpture material,,,,,
ecc8e0e931b22c5f621c,fork,Gardening tool,,,,,
42624f74e2d7a87f694e,paperclip,Plant marker,,,,,
e89f6a190709e064f888,towel,Support fragile items,,,,,
a5ba6b35106adc0687f3,towel,Dry paintbrushes,,,,,
e28a11a090f1a1c1add2,paperclip,DIY wind chime,,,,,
999cff202c74d4dd287d,paperclip,Bookmark,,,,,
e41ae54cf0a7eb396c9e,fork,DIY bookmark,,,,,
45d9797aae31d969fb1e,fork,Bookmark,,,,,
1d90a11997c08730f9fa,paperclip,Temporary fix for a broken umbrella,,,,,
bb7f73b3857525b966bb,paperclip,Cord organizer,,,,,
9fb42069ee62c58f017e,towel,Dusting surfaces,,,,,
29085169734d2f80036b,paperclip,Miniature sculpture base,,,,,
934488411fc18f9a56ec,can,Wind chime,,,,,
29ffb003382e11631822,can,Desk organizer,,,,,
0e4f8b5ddd9d9d6c38ce,book,Paper mache material,,,,,
336cdfd33f87d5070715,towel,Making a homemade terrarium,,,,,
e2e54a8d68cdee982648,can,Scraper,,,,,
9720823ee288094c9f04,book,Coaster,,,,,
17b0ac271098054faf7d,fork,Measuring tool,,,,,
1af7552e72a85cefba8c,towel,Drying wet paint,,,,,
dcd2d7c19067b49c1191,towel,Making a homemade puppet stage,,,,,
1aa3f2d557f1465cd4c7,towel,Cleaning garage floors,,,,,
95ae09a07b730005b4ac,towel,Polishing metal,,,,,
34d4e13e8d2a11a61c41,fork,Tool for scoring drywall,,,,,
c519f9af30601f782dd0,can,Macrame project base,,,,,
0ae8dfa6d9122ec2a1e5,book,Plant marker,,,,,
03d7556983f5a307ae96,fork,DIY craft material,,,,,
889e8812834f94da9448,fork,Sculpture,,,,,
7db523adecf93268b8e7,towel,Cleaning up spills,,,,,
2fb6d7c9ebba84545858,book,Decorative item,,,,,
1be7ceaf89b066776d27,paperclip,Wind chime component,,,,,
a318fad4554ca65e7e5a,paperclip,Bag clip,,,,,
5e4fb2416d7ac7ebb629,paperclip,Plant marker,,,,,
483a7e4af0cf55503753,paperclip,Geometric art piece,,,,,
1cd64fcb3041645e81fa,book,Desk organizer for notes,,,,,
cf34cf9b02adc5e0448f,fork,DIY xylophone bar,,,,,
4dccdf01dd2198396bcc,paperclip,Plant marker,,,,,
86de583cf4598773c76f,paperclip,Bag clip,,,,,
35eead21723bb1421ae7,towel,Cleaning tools in the garage,,,,,
a7f63b8407480997010a,towel,Polishing metal objects,,,,,
c486f8d07c7afe037fc4,can,Mini fence post,,,,,
02b3e7ca382cb855932b,paperclip,Temporary fix for a broken chain,,,,,
6fb5622c10ce8ac4aee6,towel,Cleaning windows,,,,,
caac09a310c74fae0cc9,can,Artistic sculpture,,,,,
5d574e25e5624d60b3d2,book,Photo album base,,,,,
e42e4a636b2257d2fd47,towel,Creating a DIY face mask,,,,,
7e7b1edc2c3d053eb26c,paperclip,Temporary fix for a broken zipper,,,,,
042e02474bb0dcf0b741,book,Bookend,,,,,
3c943d48872e7fccf2ac,fork,Wind chime,,,,,
10181ab04ddbf6ddcd2e,book,Fire starter,,,,,
3591b4a67eb6f7cbd915,fork,Pencil holder,,,,,
ae96df6130cdf660dd9c,fork,Picture frame hanger,,,,,
c1ccc200a3a9e7430810,towel,Wiping down equipment,,,,,
5b3611fbfa3bc903022a,can,Bookend,,,,,
472d964e1fb8fa6afa17,book,Paperweight for cords,,,,,
094bb2a92b382951ff7d,paperclip,Emergency clothespin,,,,,
5d0ecbf69e6de89f5316,towel,Wiping down tools.,,,,,
b29e744d798d03620028,can,Wind chime component,,,,,
0ea9e6ed014f2f3cab7b,towel,Wiping down surfaces,,,,,
aa90ce07648e721783cd,can,Coasters,,,,,
60b327b3a419b912edc7,book,Bookmark,,,,,
aeffcf20dc1cb8a55074,can,Candle holder,,,,,
6fb76da9838aeb2cb300,can,Wind chime component,,,,,
160dee9a9de656e96efc,paperclip,DIY wind chime,,,,,
4f0938f6dd8a37cdf2ca,towel,Polishing car wheels,,,,,
4a16e70f3fad8811d1f3,paperclip,Weights for a homemade curtain,,,,,
94297ebf1d61fd52ed71,can,Garden label,,,,,
56745133fd68d871a48b,book,Desk Organizer,,,,,
154e9a201f469134dfbb,paperclip,Wind chime component,,,,,
c5c3525c723f42f0a448,fork,Building model component,,,,,
6d2bb70fbce1c9b511af,paperclip,Temporary fix for a broken bike chain,,,,,
f9ae96adcee7ff409500,fork,Paint stirrer,,,,,
822def0f629fe597dd3f,towel,Cleaning mirrors,,,,,
ec7ccd28acfe9bdde0f4,book,Picture frame,,,,,
eb925fc2f6cb95d372c2,paperclip,Zipper stopper,,,,,
f0c66f479e8be7dcb033,can,Plant marker,,,,,
4d850debbce406bc7043,can,Paint palette,,,,,
c31bf6172a2106d43602,can,Trivet,,,,,
e155cdf667d3464d43a5,paperclip,Mini plant stake,,,,,
e82947263fa977b44040,can,Paint palette,,,,,
56fa41679dee1e8528b8,fork,Measuring stick for small spaces,,,,,
639327d5e0b3243ed04a,can,Coaster,,,,,
77ebb012f93bcd3affb3,towel,Emergency warmth during a power outage,,,,,
dc43f94c088cb2a287af,book,DIY craft material,,,,,
832cf533364cd2515f86,can,Wind chime,,,,,
7847a2d2421a9e5d19d9,towel,Sweater or blanket for an injured pet,,,,,
c8f4be672c8de9cc55a7,book,Coaster,,,,,
0455f4d590a555c42636,can,Wind chime,,,,,
150e6220f9b89b79c14a,towel,Cleaning rags,,,,,
f7cb2496f2e035f82588,can,Small tray,,,,,
2c0e5ae178e8fcde9e1c,book,Art supply,,,,,
d879103be7e7c1201165,can,Bird feeder,,,,,
c3113ac780e30d3b5374,paperclip,Emergency repair for a broken earring,,,,,
ed1684273d6b4d6e9010,fork,Geometric puzzle piece,,,,,
2029893239184f07bfba,fork,Candle holder,,,,,
edaefab952d71012ec5e,can,Plant marker,,,,,
2054534a28fbbabdfd18,towel,Creating a face mask,,,,,
2804b76411a3532b25ea,fork,Comb for pet grooming,,,,,
0fdcddcc58e9fba137b6,can,Wind chime,,,,,
0deecee153647e0817f2,paperclip,Mini bookmark,,,,,
7e9dad690e642d6da4bc,fork,Plant label.,,,,,
456df99680bb46fd1d45,paperclip,Plant marker,,,,,
16621c75bd9cf3bdf3a8,fork,Candle holder,,,,,
df51aff248606424de18,fork,Mini shovel,,,,,
c16221767bd0dce269f4,book,Desk organizer,,,,,
00794e133ee57243f3bf,fork,Sculpture element,,,,,
a599cedd756ba83eb8bb,paperclip,Emergency fix for a broken earring,,,,,
a07221399d244880d550,paperclip,Wire wrapping aid,,,,,
cc2825215f0467e1106c,fork,Mini planter,,,,,
154cdba05dd9e8b01d4f,can,Pencil holder,,,,,
308997f6eb9f6ac890db,fork,Paperweight,,,,,
26b7a0dab556e4c2cfe5,fork,Gardening tool holder,,,,,
efe63f0691ba402a96c9,paperclip,Mini bookmark,,,,,
52787b972f59e0c223c1,fork,Magazine rack,,,,,
a83fd902bcddcbc85d0b,book,Desk organizer,,,,,
7c77b28c09f0112b35e7,fork,Photo prop,,,,,
c24c183593c932707aea,paperclip,Temporary fix for a broken zipper,,,,,
ce0cc2684931994a484c,paperclip,Retainer for a broken button,,,,,
0a1ae18e9f5f989bedd4,can,Packing material,,,,,
7f0bc49432726eb31e72,fork,Bookmark,,,,,
be0ecf98d563db7d920e,towel,Wiping sweat from exercise equipment,,,,,
e948226bb2b0ba12d72d,fork,DIY wind chime material,,,,,
e7cab3fa806908119202,paperclip,Picture frame hanger,,,,,
4ea555c3b2cca2e7db3b,fork,Sculpture material,,,,,
a41f9ef6eb03319ad992,paperclip,DIY wind chime,,,,,
c8c9dc39e7cf5de7f706,book,Photo album,,,,,
f2567d20758d6d6f3752,fork,DIY jewelry,,,,,
cdf7c17998143450b502,book,Doorstop,,,,,
b529212daaf0ba0501fc,fork,Cord organizer,,,,,
cd15aa3989d7cc489568,towel,Protecting furniture from spills,,,,,
dd3e710e10a22933c1ce,towel,Cleaning windows,,,,,
6e527a7a5c2ed0dd6746,paperclip,Temporary fix for a broken zipper,,,,,
cb2dfb4d4dfe1ea72762,can,DIY lantern,,,,,
78794dd428209d7e447e,towel,Cleaning cloth for electronics,,,,,
e2598d8e862916afe302,book,Scrapbook,,,,,
9c1135ef8672dcb3a781,can,Wind chime,,,,,
ba8afc3ccd296197bb01,fork,Measuring tool,,,,,
6dcd9fcd5d55dfbd1e64,towel,Painting smock,,,,,
debc32235c683dea955b,fork,Emergency tool,,,,,
20019e02237f683fa1f4,can,Ice scraper,,,,,
ff3dd21fd8ef2e7dc090,fork,DIY craft material,,,,,
b5de0700de10515e7b40,paperclip,Cord organizer,,,,,
2506f515743a16a5ae1b,fork,Desk organizer,,,,,
c4beb106a7c0a5fe4c29,towel,Polishing jewelry,,,,,
fd7ed96fa1262955eeef,towel,Polish mirrors,,,,,
2df7e7815652cc9a0a46,can,Bird feeder,,,,,
68c4b5ef97468e5b87ee,can,Candle holder,,,,,
1862e259331a04ef68db,fork,Sculpture material,,,,,
cfc0efd08a30ea4d96a5,fork,Sculpture material,,,,,
2dab84cb2bd2e4e06446,paperclip,DIY photo display,,,,,
115c4cc51ff202bd4800,towel,Cleaning up spills,,,,,
4aba3d6c472f2c46e6d2,paperclip,Zipper pull,,,,,
985ae4829413470f04e3,towel,Drop cloth for painting small items,,,,,
a196446fd41935558356,towel,Cleaning makeup brushes,,,,,
fe398488d7a13514a3ba,can,Scoop,,,,,
207faaf5bfcea35958b5,book,Book light,,,,,
a8e8dea5ca53c10c2c93,towel,Wiping down exercise equipment,,,,,
c6cd6f39b181d21f38dc,paperclip,Plant marker,,,,,
3f0a5eef4e6b1874bb81,can,Decorative centerpiece,,,,,
bc37fe17ebcd82a3c782,book,Desk organizer,,,,,
6edde582daea9030dd60,book,Leveling tool for a small shelf,,,,,
f531093e7aabf77afec1,towel,Plant wrap for young seedlings,,,,,
17beb13743fac542976e,towel,Making homemade crafts,,,,,
9edb037dc847a344468f,fork,Painting palette,,,,,
47a5d37697a3dba08441,can,Suet holder for birds,,,,,
5f74fb170868d5017450,book,Coaster,,,,,
e66a82278da2f74a07fb,book,Coaster for cups and glasses,,,,,
ce2b6506dc3270102ca6,book,Weight,,,,,
ceb7e3db8cbca0584227,book,Fire starter,,,,,
f1b3a7063505402d8707,can,DIY photo display,,,,,
0a14629e23c95ee88c8b,book,Decorative item,,,,,
88df8957af1a37680e11,can,Partition,,,,,
388457f68d930614cd59,fork,Geometric pattern maker,,,,,
764fc7c87ff4258a0621,book,Plant press,,,,,
02442aafd57953bb7278,fork,Photo prop,,,,,
6fa4cd4088936802dc0e,fork,Gardening marker,,,,,
3674a87463c75024e977,towel,Dusting blinds.,,,,,
50d504b103ee988e874c,paperclip,Mask filter holder,,,,,
abeb86a47f7684080cae,paperclip,Wind chime attachment,,,,,
c2358084b9d81f4e5f79,towel,Polishing cloth,,,,,
d35d75b4385cec09a24d,paperclip,Mini sculpture material,,,,,
9a98e0b1d51a255e68b7,towel,Cleaning mirrors,,,,,
f97e20279fa758ff1012,paperclip,DIY craft material,,,,,
389dacb412ca1cd90ff4,can,DIY picture frame,,,,,
3861b982fa98c8102880,can,DIY photo display,,,,,
53a6facf26742238d56e,towel,Cleaning car mirrors.,,,,,
6c2287beb69cf53d0576,fork,Precision tool for jewelry making,,,,,
a3141c8beda628c21ca0,can,Wind chime component,,,,,
272ce11a91dca7c34d3b,book,Decorative centerpiece,,,,,
bf15c003e2a1056bd513,fork,Cord organizer,,,,,
f9d83405ba21b75e416a,fork,Picture frame,,,,,
0e0fcb9fdeaeac78ad46,can,Plant marker,,,,,
baa639eaffa0d29e987a,paperclip,Plant marker,,,,,
32546a97478c176571b5,fork,Plant label,,,,,
8bdd56a7b8b241773cee,paperclip,Plant marker,,,,,
2bfa9d48af5ef99f2080,book,Decorative item,,,,,
02c3a63b74ff9329bad5,can,Geometric art piece,,,,,
c1414c9459fc57dbfb12,can,Pencil topper,,,,,
cda424194d732c3cc8c4,book,Weight for a birdcage,,,,,
98a928fde928cde8d88a,fork,Small paintbrush,,,,,
b7142e4bf1d2d8a50d63,towel,Dusting blinds,,,,,
cb2e3233371b050dcc69,fork,Photo display,,,,,
ea19b936fcd505df5ce6,paperclip,Wind chime material,,,,,
900c4e233001254c2a83,book,Gift for a book lover,,,,,
6cb39fa5f498cf458e02,can,Ice pack,,,,,
4ff22ea110daee38c90e,towel,Painting drop cloth,,,,,
144f2e92cabfbcf99c67,fork,Candle holder,,,,,
691ce2335daa1f24295b,fork,Craft material for kids,,,,,
12dc09596373f094d595,towel,Photography prop,,,,,
a2202dc70329f58844d1,paperclip,Bookmark ring,,,,,
f0a5413c6abf6a9915de,towel,Impromptu dance floor,,,,,
ea1394086503fceafc11,fork,Paperweight,,,,,
fa1769877f5f8260b7e5,book,Paperweight,,,,,
9d6fa09df36d262377e4,fork,Candle holder,,,,,
1cdbeda9c49660692ef7,towel,Removing stickers,,,,,
c2b678418f6fc4dabad5,towel,Dusting surfaces,,,,,
1b22b77d801087166c9d,towel,Wiping down musical instruments,,,,,
682ad14ba76a4ef0e706,towel,Tablecloth,,,,,
7337ea34356954a59742,can,Bird repellent,,,,,
724282ef737c624cbf93,can,Photo display,,,,,
de80dde8ed43662033fa,can,Craft stick.,,,,,
d543d1d585dd1ff68aa8,book,Wall art frame,,,,,
2d899513355e87898ec2,towel,Cleaning delicate surfaces,,,,,
57998a1fea585536f228,book,Gift Wrap,,,,,
217efc64f923b7756758,towel,Creating a makeshift drop cloth,,,,,
0a41c212048bd8a66743,towel,Dusting cloth,,,,,
2543f3c955e83df702d7,fork,Pencil sharpener,,,,,
eb486690c92191e3cc7b,fork,Chicken feeder,,,,,
9724be24d7b24994f854,fork,Wind chime,,,,,
3d376057e7164349f846,can,Mini tray,,,,,
e26c7d248ee1cecdc3e7,can,Paint palette,,,,,
32e2fcc8de8b9164f129,towel,Dusting electronics and keyboards,,,,,
608f7b5f06df134ba4c2,towel,Cleaning delicate surfaces,,,,,
5bb05499b5468e03c3af,fork,Plant label,,,,,
96e16405b6f1f2c32ae8,towel,Wiping down surfaces in a gym,,,,,
eb3bdc5baf26aa2a5e63,towel,Painting canvas,,,,,
d1fb2b7a8c7957dba307,can,Music instrument (shaker),,,,,
f16b097a0cb19c646173,fork,Plant label,,,,,
6069fdbf7e52668b1997,paperclip,DIY craft project base,,,,,
d26e5c45745b610bc4e0,fork,Mini plant marker,,,,,
206fb2a4e720e84566d1,towel,Dusting surfaces,,,,,
0ca272a9e2617c71f2d7,paperclip,Cable management tool,,,,,
5bc21d03e7af837dfcf1,fork,Candle holder,,,,,
c995dad3bde687f8a3dc,towel,Drying off a pet,,,,,
b10d026eafa106d75428,can,Bookmark,,,,,
d0b832fd4c22df3a0d2b,can,DIY craft project,,,,,
f881b7fc832f2f7e4c4d,towel,Wiping down surfaces,,,,,
016862952e4c38326a11,fork,Wind chime component,,,,,
b47f30f50023e83aa66e,book,Desk organizer,,,,,
f9503f8f78d59a345f83,fork,Measuring tool for small spaces,,,,,
a0e072435c86c137e1e5,towel,Dusting polish for furniture,,,,,
706772f2f6e072ce78af,towel,Protecting floors from spills,,,,,
aa29823e710c3bf72f4f,towel,Create a makeshift puppet cloth,,,,,
d260d5aa7fe3accc671f,can,DIY bookmark,,,,,
e162c8774cab5f76195a,towel,Tablecloth,,,,,
eef7276a8bc8e8628af3,can,Bookend,,,,,
1eb03e7df0dd8071ece3,can,Piggy bank,,,,,
3dc62df2982381013581,fork,Pencil holder,,,,,
5c6bb3c297f44cd18753,book,Desk organizer,,,,,
29b314a191654f043601,can,Marble run component,,,,,
5461f64620da3231b6bf,towel,Covering electrical outlets.,,,,,
bdb756e992682d609613,book,Paperweight,,,,,
cc269f8f681fd0cb1be0,paperclip,Bookmark,,,,,
804a46f3995175346ee3,book,Prop for photography,,,,,
594865e9be8f822cf216,towel,Emergency blanket,,,,,
ed92626f0dec417a2fd2,book,Book as a gift box,,,,,
559235eca3a36ec61972,towel,Wiping down countertops,,,,,
c13420f82be26650c375,paperclip,Emergency cord organizer,,,,,
eec162e7232a03789db7,can,Painting tool,,,,,
6a532ad05e12e0626c44,book,Coaster,,,,,
1c80145aa449fef648a5,book,Coaster,,,,,
fde9b35f904804c97232,can,Bird feeder,,,,,
6326e42b95cf3a58a075,can,Science project tool,,,,,
f8400325cdcc7c9e6c90,fork,Shelf divider,,,,,
0e641c4d4ad74e8c5cb4,can,Paint tray,,,,,
3bfaf244130f6222d48b,can,Painting base,,,,,
d48b7564f8140473fc7f,book,Gift,,,,,
4d6c153aa7dc5d18f68d,fork,DIY wind chime,,,,,
10a2169b9cc89822f87d,fork,DIY wind chime,,,,,
c6190379888773b2bfb6,book,Plant marker,,,,,
2cc24a80f257735c6347,can,Key holder,,,,,
b446b89d11f2c1445e9b,can,Cord wrap,,,,,
f0cf67f9e754f4fbef48,fork,Paint stirrer,,,,,
61a466dc70d83718196e,fork,Cord organizer,,,,,
0abe68b4249445ad68c0,can,Birdhouse,,,,,
e3a08f92441997486b15,can,Plant marker,,,,,
80cb8afe4a5da3518dc0,book,Gift for book lovers,,,,,
ffdbd3cc6e15f9ac9484,book,Gift for a host,,,,,
d817b6d360061bdfb7bb,paperclip,Emergency repair for a torn page,,,,,
3db7de3f8cbef0c22eaf,can,Sensory toy for kids,,,,,
001f129f3fa510bbb1ee,can,Bookend,,,,,
71262a69def1d34dbe93,can,DIY decoration,,,,,
d82f42e630c28dd5496d,book,Sound dampener,,,,,
2c72e4e0b4ca3d3087e1,can,Paint stirrer,,,,,
8dbce1637dced40f347a,fork,Plant label,,,,,
76126c00efe4295d646c,can,DIY photo display,,,,,
8794e416693a28ec9cdf,can,DIY lantern,,,,,
731b00d8e3d3103bf60c,fork,Pencil holder,,,,,
2ac51610034eb6f3b006,paperclip,Cord organizer,,,,,
17d94d71314b8be4fc9e,towel,Dusting furniture and decorations,,,,,
c89e296292676200cb46,towel,Create a makeshift dust mask,,,,,
1dffa856e5e76517c87c,towel,Applying perfume,,,,,
437b33a552dba62546af,towel,Protecting furniture from spills,,,,,
d64923784b3108b1f617,book,Gift Wrap,,,,,
efd5cd1f78a8b1be3c3c,fork,Plant marker,,,,,
ebd4cc2ec0f37741fed4,book,Paperweight,,,,,
0a618f29e959b93595f3,book,Decorative item,,,,,
7400f76bcf2ebf406996,book,Coaster,,,,,
44cca8f2ecfecfc79382,paperclip,Craft project material.,,,,,
4efead3709898bf0ec40,can,Mini planter,,,,,
df4878db067f128ff81e,can,Plant marker,,,,,
7916b72815ed7c8d98f0,book,Bird's nest material,,,,,
1e4232d4027aa7739883,fork,Paint stirrer,,,,,
97785ba071addfe2f83c,book,Desk organizer,,,,,
35159d65f74836cdef11,book,Kindling,,,,,
3462ca0560641672d995,fork,Candle holder,,,,,
256305da6eb2042bdf7d,book,Paperweight,,,,,
ce62153f4cab38fa4569,book,Gift for a pet,,,,,
ea33f062f7bb3271ab8d,towel,Dusting cloth for furniture,,,,,
7ad13e87590d15d1228f,fork,Paperweight,,,,,
55a05d674bbe6c7a87f7,can,Potpourri holder,,,,,
b2ced8389bcff9282ad3,fork,Tweezers substitute,,,,,
7fbac887e4034d5ecb5c,book,Fire starter,,,,,
595d4566f9cd63e9fa71,towel,Drying paintbrushes,,,,,
eb2ea40e1c3791c9b2d2,can,Miniature garden,,,,,
2c7f5f8ad9cd01f213fd,paperclip,Picture hanger,,,,,
0e85e9e90443dbf2cb10,paperclip,DIY photo display,,,,,
5dcd9b3dc87ada23dbbc,paperclip,DIY photo display.,,,,,
00251ad6b5f86680b545,fork,"Desk toy (e.g., a spinning fork)",,,,,
517cba55e42efb079b3d,fork,Desk organizer,,,,,
0d83d860817f878d8fc2,fork,Adhesive for small items,,,,,
d657662f0b3ee365823a,book,Gift for a book lover,,,,,
c89ea6dc98127a328245,book,Coaster,,,,,
c56b4e5a3558d8f109a2,book,Gift for teachers,,,,,
cd5e7b5d0b65fb7f03e9,fork,Bookmark,,,,,
2d398e892b59329de4d9,fork,Cord organizer,,,,,
86b63064917ef441c154,towel,Wiping down countertops,,,,,
51b1528c4b9bba67eb5c,paperclip,Wind chime component,,,,,
e417937dfc2f69121ed4,towel,Wiping down tools,,,,,
661d8480e93d1a448bb5,book,Book as a wall hanging,,,,,
0f63a5b830c999f29829,can,DIY photo display,,,,,
bec4ab29a7f4f62db6e0,fork,Picture frame,,,,,
ea4325d3f1cb84c2b2ba,paperclip,Cord organizer,,,,,
407b28b0fca5d3dfec77,towel,Cleaning mirrors,,,,,
ea02a7b83776af9c4e4c,towel,Drying delicate items,,,,,
840bbe7f4d5abeb24be7,book,Coaster,,,,,
9b17c2a06023cbd82097,paperclip,Photo frame clip,,,,,
643d1f67062d5260dea3,fork,Pottery stamp,,,,,
d792e59f25183b9a2fcb,towel,Wrapping a fragile item,,,,,
a8b1d5f53b98d266bc22,book,Decorative item to prevent dust buildup on a shelf,,,,,
c6fd6f2c2c77d870859a,towel,Polishing jewelry,,,,,
bd15aad5379da8392550,paperclip,DIY wind chime,,,,,
83b787a81b3b375d495b,book,Coaster,,,,,
0383f1935f3301c7b87f,towel,Eyeglass cleaning,,,,,
35bcbf30740878497197,book,Paperweight,,,,,
862730bfd7cbfc778974,paperclip,Wind chime component,,,,,
75e2e02d537c94c52cdc,fork,Mini rake,,,,,
8bf147b8e0776fd6f9da,book,Vase,,,,,
ef1b751896e1baf38981,can,Candle holder,,,,,
d421af3ec72ca45edf1c,can,Louver,,,,,
1beb1df3e9dac05c5c17,can,Bookmark,,,,,
04eb8b75a8ad08390fc2,can,Plant marker,,,,,
cc655c9772e34cf2a64a,can,Potpourri container,,,,,
1272049a5d1cfc655b32,paperclip,Cord organizer,,,,,
572967ffe221ee7cc982,towel,Cleaning up spills,,,,,
fba90b9a980711dbbaef,paperclip,Cord organizer,,,,,
e7e5e3d929f9c7146495,book,Desk organizer,,,,,
cb45de8eeeba17e3e79c,towel,Polishing metal,,,,,
3d85ba2752477fe99463,fork,Mini shovel,,,,,
e0bf999fe3db9e736b38,paperclip,Crafting material,,,,,
d6b01c1edb9874a1437b,fork,Paint stirrer,,,,,
288529906cb596186fab,paperclip,Displaying multiple items,,,,,
ec355677788837126171,book,Photo display,,,,,
9dd7e18977eb377dc04a,book,Prop for a photo shoot.,,,,,
733042d1600143a52edc,book,DIY Craft Project Material,,,,,
c71cee441f7b7142921f,towel,Emergency blanket,,,,,
87058e9c42b7bb6fd7d6,book,Sound dampener in a recording studio,,,,,
a66adc5d36fc2459a981,can,Paperweight,,,,,
d4b2f889bf6aeba73905,fork,Pencil holder,,,,,
6d9e8b97daa8eb42326d,towel,Polishing metal or jewelry,,,,,
c9eeffeb2465fd41a0e1,can,Candle holder,,,,,
d2512983124b4930cafd,can,Candle holder,,,,,
1675d99e39d3d3513af0,paperclip,Plant marker,,,,,
5815fc716fdc1b644c89,paperclip,Geometric drawing tool,,,,,
a0e6b091a6bdf58e75e4,paperclip,Pencil or pen holder,,,,,
b776cd71e949eaec292c,book,Bookend,,,,,
a70b6343abab13d9cb60,book,Desk organizer,,,,,
d88a87d47d9b9e4ebf67,towel,Cleaning spills and stains,,,,,
0c8a7d9e67dbb0d8edc3,paperclip,Emergency repair for a broken chain,,,,,
ba9c51c8c1866e0c47ce,towel,Lifting heavy objects,,,,,
55accda24e7c12ea77f7,fork,Jewelry making tool,,,,,
88a724bc49df54903b52,towel,Lining a makeshift tablecloth.,,,,,
7289e41b93cd10a193d6,paperclip,Zipper pull,,,,,
fea6264f6e9bec71f5e6,book,Book as a paperweight,,,,,
89efcdf8b43341016a29,book,Decorative item,,,,,
02135454948f9d58e226,book,Scrapbook,,,,,
ee9f01ef8984fb1a563c,paperclip,Plant marker,,,,,
70b42502b8b46521c7f6,fork,Drawer divider,,,,,
eb92e21030de10e2b43f,can,Painting tool,,,,,
2314195e3c1dc943b5cd,fork,Candle holder,,,,,
07c3f21d2c5cebb9a343,can,Plant marker,,,,,
f69bfc3d3f4db7fedd7f,paperclip,Pottery wheel tool,,,,,
52582cc37a5a3858fa5e,fork,Customized bookmark,,,,,
e0233d4c9fc571e94858,fork,Photo prop,,,,,
694468a68268c5cc0bb0,towel,Dropping or storing small items,,,,,
7600c0e2e00fcc8d6b2a,book,Paperweight,,,,,
4e3d6d428bfad4579205,paperclip,Tape measure marker,,,,,
8e7dbb3fca2760c22b75,paperclip,Mini photo display,,,,,
fb3645522f93efd95b25,can,Bookmark,,,,,
36ccfcc993e602f34797,can,Plant label,,,,,
4408b86e2fc58b7334a7,paperclip,Cable organizer,,,,,
6391695cf90cf83990fc,paperclip,Craft project material,,,,,
5e7db5f572292596cc36,fork,Cord organizer,,,,,
c584df2be88a1f381b2e,towel,Cleaning mirrors.,,,,,
35d1e1cd84bbcc8cbf20,can,Cord organizer,,,,,
e0f4c22479f87593efd0,book,Marker for a shelf,,,,,
fbe32d39a24bad0c95c8,book,Coasters,,,,,
b50352cd65c7ca289812,can,Paperweight,,,,,
3ef7ba42031af7c60816,paperclip,Cord wrap,,,,,
68f68dae4668e189b7c4,fork,Pencil holder,,,,,
dc1a4a10a8dd4d03cf0f,fork,Herb marker,,,,,
421f56f674fd21468ca1,towel,Cleaning up pet accidents,,,,,
2ea04e4321d814fcdbea,book,Coaster,,,,,
73d9c61a0bd516bd7a0d,book,Paperweight,,,,,
e415f3d2ea054949da03,towel,Clean up spills,,,,,
f732f8e5317aebc3b267,fork,Bookend,,,,,
de61e56ab940741ddbe3,can,Plant marker,,,,,
bdce4d2b339a3685a516,book,Prop for a play or film,,,,,
2f1ff0acd75835014fff,fork,Plant label,,,,,
93e9e4677945af758417,can,Pencil holder,,,,,
cbe5f67d44941292e64b,can,Potpourri holder,,,,,
deb3d66b642d341aa82f,towel,Gift wrapping material,,,,,
39fe5b81c8567b65b281,towel,Protecting furniture from water,,,,,
89eab9c8b4bf3a93d683,towel,Absorbing oil spills,,,,,
10fb04d4f4621de4f154,book,Gift box filler,,,,,
9d2d466cc87008ab6daa,towel,Cleaning windows,,,,,
1e87b0d1bbd87aa61ff1,towel,Removing stubborn stickers,,,,,
27bc66cb64c13f0932e8,towel,Cleaning windows.,,,,,
f4666452475fef0ac668,paperclip,Sock clip,,,,,
fbe1d77bb7a16fe7802f,book,Book as a keyboard rest,,,,,
6da1a839475b8ed36fa5,paperclip,Cord organizer,,,,,
f5bbc7ac9d64b916da3a,paperclip,Zipper pull,,,,,
a1345c07adea2a08fb0b,towel,Cleaning windows,,,,,
0e388acc338a569e2cbe,fork,Plant label,,,,,
e1d509cee6ce2ad54686,paperclip,DIY photo display,,,,,
07fcfb14ac7716a3e65b,towel,Pet hair removal,,,,,
6463889bc34b89601c62,can,DIY craft material,,,,,
6b79551fbe7784ca862f,book,Decorative Centerpiece,,,,,
4164f25798d910ac7799,fork,DIY handle for a craft project,,,,,
4aca0465f0e3083e8c3d,fork,Sculpture material,,,,,
f40cea5149db86ecb646,book,Photo display,,,,,
fa1def75bf19680723a3,can,Bird feeder,,,,,
7627d1c334320c0d6a0d,towel,First aid dressing for minor cuts,,,,,
744e9b0082a2abf99d26,towel,Removing stickers,,,,,
493c87ef2e132c5b98bb,can,Gardening label,,,,,
e777699563001aeb0477,can,DIY wind chime,,,,,
7977b93f91ef3abbebe6,paperclip,Bag seal,,,,,
c33a0cb148583da7e511,fork,Plant label,,,,,
a8a51b7b55f4ec09d7d6,book,Bookmark,,,,,
3c182103ff1f7977c0fd,can,Plant marker,,,,,
e9285a8b24736c8be4f0,can,Candle holder,,,,,
218eef7956ff9ddb8d1a,towel,Cleaning windows,,,,,
5064558f2ca9724ed01b,paperclip,Plant marker,,,,,
61960fc7a23b302f68e1,towel,Tablecloth,,,,,
9d130b4d8b0d05320250,book,Decorative centerpiece,,,,,
9a11e5abfd2d489a6309,towel,Dusting furniture,,,,,
2ded158a1d3c1686856c,paperclip,Earbud cord wrap,,,,,
7707d036d14e91baa37e,book,Bookmark,,,,,
d77ffe3c630e04a37844,paperclip,Emergency fix for a broken chain,,,,,
9b1c3bd1ee4ef647dc0e,book,Prop for a photo shoot,,,,,
e28185bb6acc97ea79ce,paperclip,Mini bookmark,,,,,
1ec9424706806d34c5a7,fork,Plant label,,,,,
cba5da6b9298cae0715c,book,Desk organizer,,,,,
f5894b37171c689fcd9d,book,Paperweight,,,,,
682dfc986616e7d52b29,towel,Drying pets after a bath,,,,,
01d9e188546ddf29a613,fork,Weights for a homemade exercise set,,,,,
cbec4dd5ba418a46efe0,book,Nightstand storage,,,,,
cd5dbef0be70673bcfa5,paperclip,Wind chime component,,,,,
3a86807cd7bf242a9e1b,fork,Wind chime component,,,,,
eb083e3e7ebb0a1bbb53,towel,Cleaning spills,,,,,
22a8a039cdde77f3af39,can,Paint tray,,,,,
97ec4d3a254499d956e5,can,Wind chime component,,,,,
1fb6067df07c339a3c8d,towel,Polishing jewelry,,,,,
568c91edfe0fc556b4ef,book,Desk organizer,,,,,
d8eb6832dbe71046e974,book,Wall hanging,,,,,
a1b79f11ebc3ee5a8b2f,can,Bag tie.,,,,,
ff7010032823c30188f9,paperclip,Temporary fix for a broken zipper,,,,,
e7e84c13b467d53960d6,paperclip,DIY photo display,,,,,
427c1d86ab851eed0f1d,can,Mini garden edging,,,,,
1e6b5fe0d09dd2db185e,fork,DIY bird feeder,,,,,
5232a59aa385b99ec868,paperclip,Temporary holder for small items,,,,,
36645f9688918808703d,towel,Drying wet paintbrushes,,,,,
54f11a7d2b8bd22e74ce,can,DIY picture frame,,,,,
ad1bde442dd12bd18495,book,Desk organizer,,,,,
8f0a8997a7f268379525,fork,Plant label,,,,,
ca196e849a02cb0a7d3c,fork,Bookmark,,,,,
ce8f755d4ea4fd91cfc7,towel,Dusting surfaces,,,,,
1a16b1371f7de8926ba3,paperclip,Bookmark,,,,,
b97936b7bd5ab77c4e28,towel,Throwing as a beach ball,,,,,
53ebfeef04851bad2051,towel,Polishing metal,,,,,
5142b1180ffb4f9bb7dd,paperclip,Craft project material,,,,,
3df068ba79e685891140,fork,Plant label,,,,,
a416c8c4b7f9d4b2cb8e,towel,Improvised picnic blanket,,,,,
8d47b0009b974ab9f40f,towel,Dusting furniture,,,,,
e661f574c5900602d1db,can,Photo display,,,,,
b604bc77fd2bd764eec6,paperclip,Plant marker,,,,,
6643ce8c7963dd762772,paperclip,Jewelry organizer,,,,,
83191a578637163d87b4,towel,Polishing metal,,,,,
e9a124b21c841f3ad474,paperclip,Temporary fix for a broken zipper,,,,,
2f5e4aa6cbbb42d5d695,paperclip,Bookmark,,,,,
91bbac8cacb0ee2bd7da,fork,Decorative paperweight,,,,,
769093f376bec066426d,can,Bookend,,,,,
2b7bedb8d20664afe959,can,Candle holder,,,,,
f52cd8b92cd9b88c4336,fork,Picture frame holder,,,,,
2b37bef1c713bdfa7b07,towel,Dusting blinds.,,,,,
d592a0230b56e67f73dd,towel,Cleaning mirrors,,,,,
406773b21708866cd29c,towel,Painting palette cover,,,,,
f4ca801eac819d179b89,fork,DIY scraper,,,,,
d648c6913e0633393a0c,book,Desk organizer,,,,,
c68f2d5602044fbd67bd,paperclip,DIY photo frame.,,,,,
438d0ed18e5d400eec45,book,Paperweight,,,,,
455f7af4798abce0f566,towel,Painting drop cloth.,,,,,
9c0a3c90dcfc97f12c1c,paperclip,Bookmark,,,,,
e1333e203512a8f95c79,can,Coat rack,,,,,
a4274760cbd81a5969d4,towel,Wrapping fragile items for shipping,,,,,
171864af4224a6f010e0,paperclip,Plant marker,,,,,
6538a0f65dcf5bdf8d42,paperclip,Zipper pull,,,,,
dd86f687b724fe456710,paperclip,Plant marker,,,,,
975dde8f8f61e6480449,can,Weights for a homemade pulley system.,,,,,
47bb94294b343ff91893,towel,Wiping down tools.,,,,,
2ccbed402f4d8f5b3b2c,fork,Measuring stick,,,,,
65a14baa0bddc2765a4e,paperclip,Plant marker,,,,,
6e6ac7931f372cc6f984,fork,Paint stirrer,,,,,
daebd2480fe178ab4dea,paperclip,Emergency bookmark,,,,,
0a66df1a5d272766e669,can,Paint stirrer,,,,,
c4e9f585688eb31cfaac,towel,Pet drying cloth,,,,,
24764c57dcfb73ca42f4,fork,Cocktail stirrer,,,,,
0157b2e1be8f1951b73e,towel,Removing lint from clothing,,,,,
a0054b88c23e7e59944c,paperclip,DIY photo display,,,,,
d7ef5d4bbc0bf9fbb749,paperclip,Plant marker,,,,,
ca61ffbca016d8934e7e,towel,Protecting surfaces from dust,,,,,
1edf5dfd8dbcbd394272,can,Shelf organizer,,,,,
79a32e16b7557e8a32e8,paperclip,Photo display,,,,,
976d0f3d945e9cba9a36,can,Sock weight,,,,,
72c0d2d1794bbd9a080e,fork,Craft stick for kids,,,,,
90711dea25ee4ef28dc0,book,Trivet,,,,,
295d5f8c8165f62e3fe6,towel,Beach umbrella stand,,,,,
73fae757609e5bc66d33,can,Paint palette,,,,,
c8b00d0991f103d3f92f,towel,Painting drop cloth,,,,,
922f46fccb101913cf76,towel,Laying down a protective layer for painting,,,,,
6596a644c9b6d154ce52,fork,Paperweight,,,,,
a8e67dc44425e230fa61,book,Trivet,,,,,
2a619815c62d7c87a431,towel,Drying artwork,,,,,
092113714786bc5e9829,towel,Cleaning polishing jewelry,,,,,
19af9473e62bb0b38b62,can,DIY photo frame,,,,,
76688510527013ac12f9,can,DIY craft supply,,,,,
13e2eabd3616957c6599,book,Plant holder,,,,,
f009e9cc176943be23c7,fork,Desk divider,,,,,
41b027dfb48897585d88,fork,Pencil holder,,,,,
b09bca0dbe7fca32b7f3,paperclip,Cord organizer,,,,,
5a12cc138780493ed879,fork,Cable organizer,,,,,
e919ccd5c22facd75a5e,can,Bird feeder pole,,,,,
f714c69a827ad5b3ab05,fork,Ice pick,,,,,
973c8de1bf53a2a4a4d9,paperclip,Bookmark,,,,,
de2ba3829f5e07ec5e4b,book,Decorative item,,,,,
2c4531f9e347416fa0be,towel,Wiping down tools,,,,,
ee3b8b9a825eba0f8673,can,Paint stirrer,,,,,
bec7652e7d664d7b24c8,paperclip,Hair tie,,,,,
7999410162dbfae1075e,book,Paperweight for a heavy drawer,,,,,
70953aa7232df4409e55,fork,Decorative item,,,,,
cc0da0962096c45825d1,towel,Removing lint,,,,,
d0e429f18297e417d256,fork,Craft stick holder,,,,,
b79695d14c6cb5757fea,book,Shelf filler,,,,,
f0fe656b5f7858cb5932,book,End table top,,,,,
046443886620c02d9292,book,Paperweight,,,,,
d0db2e7e2327b1660f82,fork,Mixing tool,,,,,
c40e23e9432ec62a9ee5,paperclip,Plant marker,,,,,
9eb85a0b8eeee6186f34,towel,Removing lint from clothes,,,,,
be0a29171071bc97f04f,towel,Drop cloth for painting,,,,,
f35d9edee8572a5bb40c,towel,Drying paintings,,,,,
eb3a82f277719ceb3055,can,Wind chime,,,,,
8b8a182c1cd6117d4744,towel,Removing lint from clothing,,,,,
3dc3d5215f9ff6e11feb,paperclip,Temporary fix for a broken zipper,,,,,
e88aa8f3159a919f0095,can,Gardening tool holder,,,,,
0d998ace2bf3f857f729,towel,Cleaning up spills,,,,,
5af1f222fd8194448e53,towel,Polishing metal,,,,,
bb16dad9d1d407e226c2,towel,Removing dust from electronics,,,,,
6240c8aca442fb8f86c5,towel,As a drop cloth for painting,,,,,
4d0e36f597ab8d55524f,can,Birdhouse,,,,,
f96358e20a1921fa32d0,paperclip,DIY jewelry,,,,,
a957999f31af1e85bc2b,paperclip,Plant marker,,,,,
1213faf583b293c1161a,can,Potpourri holder,,,,,
40f6726a60f38734a4b8,paperclip,Cord organizer,,,,,
60f2bd8f1a3d59cc4f84,paperclip,Cord organizer,,,,,
eaca434c748f47ae7170,book,Decorative centerpiece,,,,,
32ec4864a51df924cdb0,paperclip,Plant marker,,,,,
cb37e80fe61a62229b84,book,Book as a DIY photo album,,,,,
240c498a554911d64ba8,can,Wind chime material,,,,,
b966c8739c34959d0f72,paperclip,Cable tie,,,,,
96cea9ddde7ba4cdc574,paperclip,Temporary fix for a broken earring,,,,,
7bed3f49dabbd81360f5,fork,Cord organizer,,,,,
d36bae91f16aa5a57e6d,paperclip,Bookmark,,,,,
d7c2e941fbbf71533376,can,Planter,,,,,
90e821d34ebbc9d1f467,can,Craft material,,,,,
4e0b2aee0492a694ff0e,towel,Drying a newborn baby's face (aside from the primary use),,,,,
6c76d064c309c981e124,can,Herb planter,,,,,
9cec3e489e0cdc6859eb,can,Wind chime,,,,,
4a32ba1cd5d4b855bbbb,fork,DIY tool,,,,,
d4ef404972b3244094ce,can,Sculpture base,,,,,
607edd7c0fa04792e2eb,paperclip,Label maker tool,,,,,
5218cb114cf36abe05a3,fork,Wind chime,,,,,
41affac822e407b3001d,can,Eraser for pencil marks,,,,,
0a58d4d61047d346a837,fork,Plant label,,,,,
d7d0dec44a25360ac563,paperclip,Temporary fix for a broken earring,,,,,
983ab95924214b2cf3b7,towel,Dusting surfaces,,,,,
557ac99eb6824d5cc910,can,Spice rack,,,,,
597683e813c08966c1c8,towel,Painting drop cloth,,,,,
d0168fbfe61118b2eec3,towel,Cleaning delicate electronics,,,,,
d6bb565f34eb57c4ddec,towel,Cleaning mirrors and windows,,,,,
fa382ff16eea6e632303,paperclip,DIY jewelry,,,,,
c4ce91317df9f7ee58fb,paperclip,Earbud clip,,,,,
9bbb1572fd847b0d24f7,towel,Cleaning cloth for dusting,,,,,
371f4ef35cebbfc1eb34,can,Bookmark,,,,,
2d6b4a461e353f74168c,towel,Absorbing oil leaks,,,,,
8c7401d3d15dd1b3f168,towel,Cleaning mirrors.,,,,,
f750cf890f97f70948a9,book,Art project base,,,,,
17a9b5a48065899922ff,paperclip,Photo display,,,,,
870a0699d64c70a8faa6,paperclip,Musical instrument,,,,,
083879ea53baee6d32a3,paperclip,Photo display,,,,,
1ae435abd529ace5ceb2,towel,Polishing silverware,,,,,
fbb0c50ef7f6fee83919,book,Bookend,,,,,
eb1129eed8c6a55a33de,paperclip,Mini bookmark for phone notes,,,,,
c7bd8508b58864df5376,can,Birdhouse,,,,,
9b1b327b94bc63c9b416,can,DIY picture frame,,,,,
ef9d616c8268f6e91ade,paperclip,DIY craft supply,,,,,
c3dd416713a2a905318c,paperclip,Temporary fix for a broken zipper,,,,,
652cd705b83b87ae2eae,can,Picture frame,,,,,
b024f80f7a6549db5144,paperclip,Plant marker,,,,,
bf866b4179aa08b60ed2,paperclip,DIY jewelry making,,,,,
59fabcf86bf73595ccaa,paperclip,Plant marker,,,,,
9cecbe0365d2a29fcc34,fork,Musical shaker instrument,,,,,
fed1612e4c0c6130b046,paperclip,Craft project material,,,,,
d43eb4580ac24116400a,can,Musical instrument shaker,,,,,
fd4c257f726b25e26e5c,book,Desk organizer,,,,,
543ca4c88225d2fa4cdd,towel,Cleaning musical instruments,,,,,
98bb3713214d9e32b203,towel,Drying tools in the garage,,,,,
6efc41ec093e8fd8f6b7,towel,Pet drying after a bath,,,,,
b6e537e5d23fab7a9b64,fork,Cooking utensil rest,,,,,
54cc985401f8ca7f50f1,fork,Bookmark,,,,,
58e1a0c7291b6e04608f,towel,Wiping down tools,,,,,
2271e5ce89f03288fa11,fork,Cord organizer,,,,,
0a4d669f8858362ed9ab,towel,Dusting furniture,,,,,
167262a0c35b964b1df0,can,Desk organizer,,,,,
7ac390b26fc7f6da3c5b,book,Gift wrap,,,,,
3db77d4fb91e9837df48,paperclip,Hair tie,,,,,
eae0493319ded70889b1,book,Desk organizer,,,,,
f7b85ee027befe065b7e,book,Emergency fire starter,,,,,
1c471a06024b7164968d,can,DIY ornament,,,,,
de783f1edada1527068d,book,Desk organizer,,,,,
adc657b6727946180cac,paperclip,Temporary fix for a broken zipper,,,,,
3f7fc7ef1487e5fb0fba,paperclip,Temporary fix for a broken shoelace,,,,,
e65aa9c85a3fd855a783,paperclip,Cable organizer,,,,,
d8906c62ccf44953c26f,paperclip,Paperweight,,,,,
2ab88578c0b91493aaea,towel,Cleaning polishing surfaces,,,,,
a4b65b790e0ec5e55bd4,book,Plant press,,,,,
7ac1998cfd0144fbe367,book,Sanding block for small projects,,,,,
e9cd031b5b888a712b8b,fork,Desk organizer,,,,,
196160914f5813c1338a,fork,Plant marker,,,,,
450a38b4cf1d889156aa,can,Decoration,,,,,
aa0a29a3e6aad46b6bf3,paperclip,Plant marker,,,,,
3c26f91b9f6daab11ad4,can,Plant marker,,,,,
20eb0b006bf5670bd4ee,paperclip,Temporary fix for a broken zipper,,,,,
211f3d04813143215ebf,fork,Emergency tool for opening stuck car doors,,,,,
6d145113aa72ab91c118,towel,Cleaning delicate items,,,,,
7733e7796a2d37911208,can,Pencil holder,,,,,
eb1dfbfe300f72bccd97,paperclip,Cord wrap,,,,,
47e0979bfccb40862ab7,can,Wind chime material,,,,,
19564c9cf8abe8c4e6d5,fork,Paperweight,,,,,
38ee875e908a5769b918,book,Drawer dividers,,,,,
a60ce48197ed17504fa7,towel,Sound dampening material,,,,,
37d84b79bd7f85edc613,paperclip,Book mark,,,,,
377ad439e9d33c0253dc,paperclip,Geometric art piece,,,,,
70fd0fd9ce69c75f8ef2,fork,Bookend,,,,,
7a9080babcf1e960fcf1,can,Planter,,,,,
2b6e5f520280d8803b1a,paperclip,DIY photo display,,,,,
dd3edc1bbb65b0bb72b6,towel,Cleaning spills,,,,,
4972ce88a8f80ae2001d,towel,Protect surfaces from spills,,,,,
8c4bba1a093db0e0c587,book,Coaster,,,,,
701635b357d70043257b,towel,Emergency warmth blanket,,,,,
73ef9c800770f0b1a7e5,paperclip,DIY jewelry,,,,,
af48c36a7b269934a8c6,paperclip,Cable tie,,,,,
19497483d60e0c12f085,paperclip,Jewelry organizer,,,,,
fc1722412cb266ab7c31,book,Storage for small items.,,,,,
3b5bd301825e0ab90ee0,book,DIY craft material,,,,,
7f3b39e488c19c0e33ef,book,Bookend,,,,,
fb8f9a397cb7d3d41403,book,Book as a backing for a picture frame,,,,,
86137845ba2c9be6ce9f,paperclip,Marker holder,,,,,
c2c5917865fadbd2c5a1,book,Prop for photography,,,,,
b6bdf58abb973039a6fd,fork,Bookend,,,,,
5091e4b897ed2b7c64ac,fork,Candle holder,,,,,
e6c0bdbcf8c8e9e2996b,can,Photo display,,,,,
cdfa5301eee80db804a8,towel,Wiping down surfaces in a science experiment,,,,,
8e446df33e6fc6952720,book,Desk organizer for small items,,,,,
038d3bdf1c20eac4ad7c,paperclip,DIY picture frame,,,,,
3660444deb0b3df1ddea,can,DIY photo display,,,,,
d2ec533f1c9ee3585f87,towel,Absorbing oil leaks,,,,,
55bb41fb9aa03e72e371,paperclip,Picture hanger,,,,,
19d7240ecc5b1537bad8,towel,Aiding in crafting and painting,,,,,
02cd3eb7f60e6c4e2781,towel,Cleaning mirrors,,,,,
5083eb8f2a02a54b0fd9,book,Art project base,,,,,
569de009d1919e3a6289,can,Painting palette,,,,,
be5c711d435421ebaae4,paperclip,Cord organizer,,,,,
04dd02e28757b0c03b48,can,Marble run piece,,,,,
e4b981231976f25e6264,fork,DIY photo display,,,,,
db2c2b797d4161f3d9d1,towel,Sweeper for delicate surfaces,,,,,
1718924a6da005ccfb2d,towel,Dusting surfaces,,,,,
3f92968e27e7731b1552,paperclip,Plant marker,,,,,
28ab17364d02549ebe79,towel,Absorb spills on electronics,,,,,
ce538bc8199dd62052f5,towel,Dusting cloth,,,,,
0113ada735a4ca961717,paperclip,Magnet holder,,,,,
058b31e0d9c0a835e222,towel,As a dusting cloth for delicate surfaces,,,,,
d2630bf2884f831b049d,book,Bookmark,,,,,
d0cacf270ab2a63e0498,fork,Plant label,,,,,
e380f7a12819b3f24024,can,Bird deterrent,,,,,
6767617ee33262326799,can,Mini ruler,,,,,
b933acf87371f00ca8e8,fork,Mini gardening tool,,,,,
40d303909f70a808d315,towel,Drying pets,,,,,
f2a09cec2852d9cc9d6d,towel,Polishing jewelry,,,,,
aa859248cc626d2288f0,fork,Candle holder,,,,,
6806f053edc5d0abe6e0,fork,Sculpture material,,,,,
e731c2e3c043d043d93a,towel,Painting drop cloths,,,,,
f84e22ea6ecddb5c29f4,fork,Plant label,,,,,
87d52cb063271a0146db,fork,Sculpture material,,,,,
be19c64463a18620a4cc,towel,Protecting furniture from spills,,,,,
f419326b64648f5c78d7,towel,Wiping down a shelf.,,,,,
c7561cd86abe0512deda,paperclip,Zipper pull,,,,,
94ff2075014b803ec831,paperclip,Mini bookmark clip,,,,,
fb34667f021504a47f44,towel,Absorbing oil spills,,,,,
1647cf4520cc5b758c98,book,Coaster,,,,,
08893a5ec75e2baa0033,fork,Pencil holder,,,,,
948fb9adc4f6cb21c03d,book,Trivet,,,,,
eae2727a72bde7de9b43,can,Pencil holder,,,,,
c4377f627999702a20fe,book,Gift for a book club,,,,,
4c4f7840457ceac8553c,book,Material for crafting and DIY projects,,,,,
e0853aa7b0b0ad71698e,towel,Removing lint,,,,,
f0fc740b388ed39b6376,can,Painting palette,,,,,
e77f1d8fa5ac5ee77353,towel,Painting tool,,,,,
a2c0d7ce6184182493ce,can,Desk organizer,,,,,
05dfa01e36db90acd703,can,Wind chime,,,,,
fdc44c0a458d1a6a9fde,towel,Storing small items,,,,,
87f8dcd7643c7908f7af,book,Book as a desk organizer,,,,,
ee5b1de757327a9a18f9,towel,Cleaning blinds,,,,,
15395e8a8cf04e577659,book,Material for craft projects,,,,,
e5d4b2adc0b0e7673ce6,can,Drumming practice surface,,,,,
cbb67b879362657df8f5,fork,Picture frame hanger,,,,,
b427d0b7a13b2d9cc8f2,paperclip,Geodesic dome pattern maker,,,,,
c707cec9feee78e304c8,book,Coaster.,,,,,
d82901883b4ea1aa920d,fork,Spice rack,,,,,
4173c21b0db379fdc47c,book,Desk organizer,,,,,
9ffb46e82db89f5f7b28,towel,Cleaning rags,,,,,
58c1f28dcb5834454148,towel,Insulating a cold window at night,,,,,
b8a4ec9d5e98e63c44a5,can,Picture frame stand,,,,,
95345e173d86bab34402,book,Plant press,,,,,
85418faa6ddbd29f29c7,book,Decorative item,,,,,
031fd60b0a1c89649f91,towel,Creating a makeshift rope,,,,,
132d830e8b2c3ceb4c3e,can,Pest deterrent,,,,,
cd0069c8cf25f8390782,fork,Prop for a craft project,,,,,
5ce5790b18de8ed23a36,book,Sound barrier,,,,,
16be72b834422f7420db,fork,Mini shovel for small gardens,,,,,
bda7157cd1bf7901b6a9,towel,Removing lint,,,,,
87d387bcc06bfa72d9be,fork,Photo prop,,,,,
def980ac941ab7083ae3,towel,Drop cloth,,,,,
9c6cef191d63536a358f,paperclip,Mini screwdriver,,,,,
2581a93060a1b20b1bf3,book,Paperweight,,,,,
fe9cff2c0fd90d1d55ce,can,Hinge pin,,,,,
8f3e963736f972500fd2,fork,Self-defense tool,,,,,
19701142b69d5bbdf9ba,fork,Pencil holder,,,,,
917cea751e5523df8a2f,can,Decorative centerpiece,,,,,
49682d77e1988cd98596,book,Art project base,,,,,
d9be8bab078f0d87f421,towel,Dusting surfaces.,,,,,
add130ab06dda38ed911,can,Fire starter,,,,,
f3aa8c235fcf64378dfd,fork,DIY craft material,,,,,
994929641592c849dc5a,book,Decorative item,,,,,
26626a7e88280f0f249b,can,Mini greenhouse,,,,,
fcb37ea63b49177e90bc,book,Place card,,,,,
e10ce0c6b3c50a835bc2,paperclip,Cord organizer,,,,,
1adde086d2bd8eb83c70,can,Keychain,,,,,
75ee4235a604146c45c6,book,Decorative wall hanging,,,,,
aef56ba09e154fba27f6,paperclip,Emergency ID holder,,,,,
fbcc0d1e18499fe06713,paperclip,Paintbrush cleaner,,,,,
095c492427db190f80df,towel,Dusting furniture,,,,,
62edd79d90c7d930650b,towel,Dust furniture.,,,,,
b5915374a0c5d6cd08ab,can,Musical instrument shaker,,,,,
d5c906d19a482fac7dd7,paperclip,Temporary fix for a broken zipper,,,,,
265f749e7f5529e627d4,paperclip,Emergency cord tie,,,,,
9a444b9ea036b1c4f94f,book,Decorative item,,,,,
8bc879aa381ca5b17da1,fork,Bookmark,,,,,
f9166ac775739ed6cb45,towel,Crafting material for DIY projects,,,,,
ffd4beb758ff2a423050,fork,Plant label,,,,,
b75b3a10bf4e658feebf,book,Doorstop,,,,,
0e286a4029743ec5d211,fork,Seed starter,,,,,
77c2c6f55dbe6ffd1ca6,towel,Laying down a drop cloth,,,,,
96e5376f8c4dc379a4e3,fork,Plant label,,,,,
ead26ba7cfd5bcf58db4,fork,DIY bird feeder,,,,,
3f56520316f060c38f9c,towel,Removing price tags,,,,,
ad403928d8d1a085d7ef,towel,Wiping down surfaces in the garage.,,,,,
2fb4737872fddf717c21,towel,Cleaning delicate surfaces,,,,,
06a59f6ca9c0e12af0db,paperclip,Photo display,,,,,
7d0264e3fa9125714791,paperclip,Wind chime component,,,,,
67360dfb9cd488e93bfa,towel,Sweeping small areas,,,,,
8d9ad1de9b074cc2b6f7,paperclip,Cord organizer,,,,,
45a7fa4a453023a9d6c3,paperclip,DIY craft material,,,,,
2ca4b86a167708958fcd,fork,Craft mold,,,,,
83530f94ce5c8014cfb1,can,Bird feeder,,,,,
0ab85ec3449cdfccaea1,can,Sculpture,,,,,
b320d676e6760ed7fd3e,book,Desk organizer for pens and pencils,,,,,
86bef557a369f041804b,towel,Dusting furniture,,,,,
4bce45026ade40fa6b21,fork,Candle holder,,,,,
25a2f90b0cb510029346,paperclip,Temporary fix for broken zipper,,,,,
001c877c26ec6d8865fd,fork,Pencil holder,,,,,
7910dd45a81481b3dfad,fork,Page turner for books,,,,,
7d8ad9af34930dad1a99,book,Base for a DIY craft project,,,,,
de3d05e96894950bed5b,book,Weight for exercise equipment,,,,,
b0d9784db1835a4b19ee,paperclip,Cable organizer,,,,,
06f42dbd16d6f1fc1cbe,can,Jelly mold,,,,,
2326b2a7809a8b9bf7c5,fork,DIY wind chime,,,,,
576d7a7e728cfb9cf2e1,paperclip,DIY bookmark,,,,,
3f6009db81578909e0ea,can,Mini vase for small flowers,,,,,
1ecc42759e9a8736972e,paperclip,Zipper pull,,,,,
35af281bf02871ada808,towel,Insulating a window,,,,,
8ac170fef379f95c4ccc,paperclip,DIY jewelry,,,,,
c78464890316186964c3,can,Drum or shaker instrument,,,,,
3e11c1c98af2c721e039,paperclip,Plant marker,,,,,
861defeed3598d6092a8,fork,Paperweight.,,,,,
d7d5f147df1c26504b94,towel,Dusting surfaces,,,,,
ed01f67949b9d2ea512b,paperclip,Plant marker,,,,,
7beb5aa534a105e55a92,book,Paperweight,,,,,
75c0c4692b2ef0f46781,fork,Pencil holder,,,,,
3fda995fc42c17ce8911,towel,Dusting electronics,,,,,
fe28b2774c96179d0f34,book,Prop for a photography shoot,,,,,
178fe5a158647a025bda,fork,Guitar pick,,,,,
5b900046ba0e41855d28,paperclip,Temporary fix for a loose key,,,,,
8d5896d73539485fbfb8,book,Gift for a book lover with a personal message,,,,,
84742edb4817af934ad2,towel,Polishing metal surfaces,,,,,
67b18859d1eb973c37ed,book,Decorative item,,,,,
b3098515f24d3aadf689,can,Bookend,,,,,
a407cc686ef8781ad985,fork,Bookmark,,,,,
233ca96b7c24c1d6842d,paperclip,Temporary fix for a broken zipper,,,,,
498d8d129a3e235108ab,fork,DIY picture frame,,,,,
37c7de9a17ff1248feca,paperclip,DIY photo display,,,,,
e8819da0c47480ecefca,can,Mail organizer,,,,,
03dc55ed0deab9626dbe,fork,Comb for detangling pet fur,,,,,
e3c7c2eab822761bafc4,towel,Clean up spills,,,,,
152d08204ee65a029844,book,Fire starter,,,,,
5f96a0a931ed380a78a8,can,Geometric art piece,,,,,
8bceab4264d2c8f1f0e5,paperclip,DIY photo display,,,,,
4568882c72c0f525dbd4,towel,Removing lint,,,,,
6bc63a748d5c2daad870,paperclip,Mini bookmark,,,,,
a6699e016b76ef24cd5e,towel,Cover furniture for painting,,,,,
d90a0e34fc107e0b77bc,can,Craft material for making ornaments,,,,,
6dd56c55fe394dc2f56c,fork,Jewelry display stand.,,,,,
02a311e5f64ed3e109f7,paperclip,Emergency fishhook substitute,,,,,
5912390e4dfdf413e004,paperclip,Mini bookmark for a bookstand,,,,,
50e6b4fba40ca0333efb,towel,Cleaning cloth for surfaces,,,,,
4771822120fb08e34681,book,Paperweight for cords,,,,,
af9454ac337cb23de1db,can,Desk organizer for pens,,,,,
f653f3426bce4414ed0c,book,Photo display,,,,,
b8ff6b490cde3194eafc,book,Paperweight,,,,,
3b73ad3cbcf48eacfb05,fork,Pencil holder,,,,,
78410f5c816ae452a0d5,towel,Dusting surfaces,,,,,
e00bf4ebb4f1152ce931,book,Wind chime component,,,,,
57a447364ca0e11b1c5d,book,Bookmark,,,,,
2fe459dcf63ae7aa2c1b,fork,Page turner for books,,,,,
1763896ff0766e25d235,fork,Magazine rack,,,,,
b7155bf8cb2fa3bc909f,towel,Absorb oil spills,,,,,
f158b35d588ab54348dc,fork,DIY bookmark,,,,,
ba100a6655fe1ec79454,can,Wind chime component,,,,,
8e924a6eff3a2578319c,towel,Clean jewelry,,,,,
81878da6247e745c5b26,can,Spice organizer,,,,,
40073dcad9a3d875ec2b,paperclip,Bag clip,,,,,
b9a794c44aba99215dde,book,Weights for craft projects.,,,,,
34cebcc3480a2e39982c,fork,Bookmark,,,,,
18ca050f639da50e5478,book,Wall decoration,,,,,
1b765fdcdebdc99efb9c,fork,Desk organizer,,,,,
618f5763849440cf436a,fork,Kindling holder,,,,,
2b26d0a8c175af9c831d,book,Coaster,,,,,
bded6b7913ff750a40fa,towel,Dusting furniture,,,,,
1421a3fe68d03da6cfdf,can,Accent in a vase,,,,,
7a9b1f7c018c78232c49,fork,Paint stirrer,,,,,
8c5cee1ddd278b7f6f79,can,DIY craft material,,,,,
70b6bb063a038fcfc670,fork,Plant label,,,,,
abfa364d3de51a02e725,fork,Decorative element in a mason jar centerpiece,,,,,
11bc2146d1bf4f768f2a,can,Candle holder,,,,,
2fc290db92ccfc80bf8d,paperclip,Temporary fix for a torn page,,,,,
aca220c1208233536cf8,book,Desk organizer,,,,,
7d897b9a1270a706b6f3,book,Paperweight,,,,,
8a8217ac892bbc90fa0d,paperclip,DIY photo display.,,,,,
253702da32280464c989,paperclip,Temporary fix for a broken zipper,,,,,
122bbf4a5b00e07ecfe8,can,Drumming practice aid,,,,,
b587dc2a41920c232464,can,Plant marker,,,,,
19989ee5b294eec238d3,fork,Mini shovel,,,,,
95c27d7a108cfa7c5495,paperclip,Plant marker,,,,,
f357e415d778b44df00f,towel,Drying plants,,,,,
20d1df0fa09707c418c1,paperclip,Cord organizer,,,,,
7f8777857aac006cb7f3,towel,Photo retouching tool,,,,,
e437968fefec51098283,can,Paint palette,,,,,
da0d0f515350a03bebf4,can,Candle holder,,,,,
7c2e2360357613268167,fork,Mini shovel,,,,,
78f81cf3bb81196da790,paperclip,Mini bookmark for inside a book,,,,,
54ac9f9e39fc134778f5,can,DIY picture frame,,,,,
a539f73c2da23a98a5d9,fork,Plant label,,,,,
61a8e43fe72bb24eef95,book,Bookend,,,,,
85a1ad48c49e5312cc1a,book,Photo album,,,,,
f7169688d53cf48dbbf4,fork,DIY photo display,,,,,
66bc53d486aaf5eae158,paperclip,Cable organizer,,,,,
9b7b131005a157373de1,paperclip,Pencil topper,,,,,
27f8ca7dbced74f4afd6,fork,Seed starter,,,,,
8aad02736d19a7018969,fork,Photo display,,,,,
d25e80f11bb12ce80806,can,Desk organizer,,,,,
49750a9936cd16549e14,book,Gift wrap,,,,,
c08f5568129c16be7953,can,Planter,,,,,
26a9b13cfe69ae9281c4,can,Bird feeder,,,,,
e72be2f1d14990b2ff6e,book,Decorative centerpiece,,,,,
84ac79b66f1b99820201,paperclip,Cord organizer,,,,,
b7042fd8175a5ba54d5d,can,Impromptu microphone,,,,,
d02cc95394dbb9ec1870,book,Bookmark for a bookmark,,,,,
b4246ab48f89e1610cbd,paperclip,DIY craft material,,,,,
8a4287cd4e0f94e234dd,book,Photo display,,,,,
ac7c8764114e5eb0925d,book,Coaster,,,,,
bb43819f775567be24ce,can,DIY craft material,,,,,
b1a1d405565310bc5079,can,Bird feeder,,,,,
c4384c430aa3a9e1c029,towel,Wiping down exercise equipment,,,,,
6c1f87be6de7ca7255af,fork,Desk organizer,,,,,
65ad030e1fd8e9c0b8ba,can,Paintbrush,,,,,
f61f1932d5897a212c3c,book,Coffee table centerpiece,,,,,
4edff6f5e5bb19fbc419,paperclip,Material for making a bird feeder,,,,,
6a31e120f5364af32946,book,Paperweight,,,,,
88e17919230301e43237,book,Fire starter,,,,,
8b249056cb73ba8998b9,paperclip,Bag clip,,,,,
6189f899d8a11494c033,can,Desk organizer,,,,,
dc80ff3d862593009e08,book,Fire starter,,,,,
64da5d1c5a51f7a6380f,fork,DIY photo display,,,,,
a5ad3a630c65a77d971b,fork,Plant marker,,,,,
075952e03488b07584bf,paperclip,Bookmark,,,,,
1aa93257c077d190b99f,paperclip,Emergency fix for a broken earring,,,,,
5da54d56925fb830b092,can,Hot pad,,,,,
9a376f9c1f32d564b4d2,fork,DIY photo display,,,,,
be9c2e968f4db3bd1527,fork,Pencil holder,,,,,
db69b145510293b55050,towel,Create a DIY photo backdrop,,,,,
32697bbd7bb1a398b1ee,book,Desk organizer,,,,,
19d49a99ada30ef4600a,towel,Drying paintbrushes,,,,,
5347a50b5a57f995b688,paperclip,Temporary fix for a broken earring,,,,,
d9c407a6352305ae1b57,paperclip,Cable organizer,,,,,
7db671845201a7f4ca06,can,Wind chime,,,,,
c2e0e53a1ca28a3c6ff5,fork,Mini sculpture base,,,,,
8650b603e933c44b5d82,towel,Cleaning windows,,,,,
c3c8408d0fe48c1e8299,towel,Wiping down tools and equipment,,,,,
5ec51e948e6e2d4f560e,fork,Jewelry organizer,,,,,
46b83896ae2a983b2212,fork,Sculpture base,,,,,
ee203adf8eb5d9808231,can,Pencil topper,,,,,
5ff8cd52f709a63ef9bb,fork,Paint stirrer,,,,,
922f5409ce1903a5658a,fork,Decorative centerpiece,,,,,
23e5d4523bac9f6f8a91,book,Coaster,,,,,
6bdc7658b5ce776c0cc4,can,Picture frame stand,,,,,
6fbc7e7f4407f5e09009,can,Scoop,,,,,
fb60cb3d2c0673aa43d9,book,Paperweight,,,,,
fe6250ab4f9100777865,can,Herb planter,,,,,
f7a894dfe7a7219ebfc3,paperclip,Temporary fix for a broken zipper,,,,,
f5f9ff5be011ce1316a0,can,Picture frame hanger,,,,,
2df40556227c8821c7a4,book,Bookend for a shelf,,,,,
e4008af77abb522043a0,can,Painting base,,,,,
b08a4c46d017ca63f48e,book,Gift wrapping decoration,,,,,
b4e5a981757a7ea39d45,book,Art project material,,,,,
d00e635ce1a7bbae031b,paperclip,Cable tie,,,,,
2a598572a79e232ff067,paperclip,Bookmark,,,,,
92fa273a920b3fc078dc,fork,Sculpture material,,,,,
07292939fae268df4e95,can,Bird feeder,,,,,
72412385f5fc5cc99287,book,Seed starter,,,,,
01b4115b73a105fd28fc,fork,Pencil holder,,,,,
617c510d8e6966c4ea98,fork,Plant label,,,,,
37d3e8eac78e530b5e24,book,Plant press,,,,,
81394b34d9bf6ff257c2,paperclip,Plant marker,,,,,
7fa37fc116d9bc676643,fork,Craft project base,,,,,
f647033753cdcd46f17a,can,Drum shaker,,,,,
d1df53e4b8e177efb182,can,DIY craft supply,,,,,
9e6d42feb0abb58c542a,can,Plant marker,,,,,
2369cd3955cfd66e850d,paperclip,Bag clip,,,,,
e86b90058c62875d161d,paperclip,Geometric shape in craft projects,,,,,
c75a8c7caa9201a3746f,paperclip,Temporary bookmark,,,,,
fb6e397cbe3dd370c483,book,Desk Organizer,,,,,
f323f3842dc684ed8b0e,paperclip,Emergency repair for a broken chain,,,,,
89226d024c48f2ef5a3d,paperclip,Bag clip,,,,,
0e1b72cf6792b2d984a7,paperclip,Wind chime attachment,,,,,
b4cf672e16c56d5fc432,towel,Bear bag (hiking),,,,,
a01207679df84c30175f,paperclip,DIY photo display,,,,,
0c2879dba71a03c7077d,paperclip,Cable organizer.,,,,,
8dfbf4ee7666f13cf73c,can,Wind chime,,,,,
0ee80a1284d03b923ad1,paperclip,Picture hanger,,,,,
5b30a54b17ac4fcad61e,towel,Drying artwork,,,,,
8b9bd905b9340e9bbb48,fork,Desk organizer,,,,,
df3006881d42eb97bd2c,fork,Sculpture material,,,,,
f30f1672bddaac607e3a,can,Plant marker,,,,,
0709711738a20065f496,fork,Mini bird feeder,,,,,
a7d52d060417f8dd03f7,fork,Pencil holder,,,,,
c05c6cf8371a9970dda2,can,Herb marker,,,,,
0bfd349a5b8d33964323,fork,DIY jewelry stand,,,,,
aee7883d6863cd9a54aa,fork,Emergency screwdriver,,,,,
34664925501a07368e7d,fork,Plant label,,,,,
ba28a6dd4b41342d5aa8,fork,Pencil holder,,,,,
804db403a626f3b681b7,paperclip,DIY picture hanger,,,,,
982c4112cfdaa0cc22eb,fork,Page turner,,,,,
959964550f0d162e13ab,towel,Wrapping fragile items for shipping.,,,,,
e733d88e1161e42dc457,book,Decorative centerpiece,,,,,
06810b355958f90f0aa6,fork,Seed starter for small plants,,,,,
86e73993c118a2da39c8,fork,Mini planter,,,,,
d56cd22c3cae9355cb3d,paperclip,Bag clip,,,,,
3cb3943a8449a58e1a19,fork,Plant label,,,,,
8e0edb4b39dc585f9b8f,paperclip,Sculpture material,,,,,
213449377044c9fa93e8,fork,Measuring stick,,,,,
807e0132904a12f352b8,towel,Cleaning spills,,,,,
32da4f3464c615640d06,fork,Modelling tool,,,,,
e79801f9894a071298c3,fork,Measuring guide,,,,,
f02b05fb4ca79b190e1c,fork,Pencil holder,,,,,
3f309de8307fa77d9c7c,book,Desk organiser,,,,,
cd8ae8dc33092dfd6d73,towel,Wiping down tools,,,,,
b448cb034b893a756b18,book,Storage for small items,,,,,
6e7b7aa93285773f72a5,fork,Mini shovel,,,,,
e92fb6cc57e5d07ff118,can,Windscreen wiper for small boat motors,,,,,
d9bfee84636352db0522,can,Clock decoration,,,,,
e307094f9e47a0a5a100,can,Paint stirrer,,,,,
269df6d0917f6f98bc33,towel,Cleaning makeup brushes,,,,,
42ed54966cf9ec9f107d,can,Bird feeder,,,,,
7d27f59663149d53562f,book,Desk organizer,,,,,
302b9b1102452c80e325,paperclip,Emergency ID holder,,,,,
d604438bacc9e5ec8083,paperclip,Button,,,,,
414a376e4a2b59170a25,can,Seed starter,,,,,
7c825a1221d1e6a467b5,fork,DIY wind chime,,,,,
1003b168efefe0e9c88d,book,Gift,,,,,
324cf92632c183325808,paperclip,Jewelry organizer,,,,,
7b0097fd0800a948d326,towel,Cooling a baby's forehead,,,,,
0b91f063ad7fc7a20d9e,towel,Covering a cold compress,,,,,
2067fc252dcd16c25eec,towel,Cleaning windows,,,,,
c7944bf5bbbf5678ff84,book,Diversion for a pet,,,,,
40bd5827ac5bfee06ab0,fork,Pencil holder,,,,,
1b41c77da9aea4e7f4b7,fork,Sculpting tool,,,,,
97094ff95ecac7567532,paperclip,Temporary repair for a torn page,,,,,
9d0a79acf21400b1d33b,towel,Polishing metal,,,,,
2f0ac54fcf9f0a2e298a,paperclip,Emergency bookmark,,,,,
70d4bb44aed0f9a25675,book,Fire starter,,,,,
fe53825df363c87c0092,can,Wind chime,,,,,
4590f4ccce193a01bb33,can,Pencil holder,,,,,
9b66fdada1b2825e68a6,towel,Cleaning mirrors,,,,,
6a51b7b71b4f69636f19,paperclip,Wind chime component,,,,,
ca4d510f17f462ba10c5,book,Desk organizer.,,,,,
add581e97d1a7b16526d,paperclip,Bookmark separator,,,,,
2fa550d703e26223fe37,book,Paperweight,,,,,
8d3d7090878451601fe8,book,Insulation material,,,,,
573c775aa3e802b5a129,fork,Measuring device,,,,,
037306519597af8cae70,fork,Prying tool,,,,,
793f3929e7243839d2ee,towel,Polishing cloth,,,,,
c04a8d4bd64111c3893f,book,Coaster,,,,,
bb5eeca4aec8bae8ef67,paperclip,Emergency bookmark,,,,,
b086915ef1fa6cf2cb23,can,Bird feeder,,,,,
872e5e97236de2890560,towel,Dusting electronics,,,,,
73f667507335e1769a1a,can,Birdhouse,,,,,
6e0ae8cf65f54aea5794,can,Pencil holder,,,,,
3bae11d16aca33e079ec,can,Magazine rack,,,,,
785bb14deed585411f42,can,Indoor herb planter,,,,,
2a5d5496f5b54d55cb44,fork,Paperweight,,,,,
736d467d765c5c1d78a1,paperclip,Mini bookmark,,,,,
73ec5e5eb7e0ea51795e,fork,Photo display,,,,,
76e2f4e61b592150b7c2,towel,Cleaning up spills,,,,,
27a17974694e129d4632,towel,Baby wipe,,,,,
26776af99c88397f8366,can,Birdhouse decoration,,,,,
7601f3d73ff91bdc0eeb,fork,Sculpture base,,,,,
45abab86278baa338675,paperclip,Geometric sculpture material,,,,,
ef43a16405c11cc94053,towel,Cleaning spills,,,,,
9d111d23b956d948bfcf,fork,Craft stick holder,,,,,
e15fe1475f79c326183d,can,Pencil holder,,,,,
d040ab17a98aff269058,fork,Bookmark,,,,,
0ecaaaaa9f805a55cd5d,fork,Sculpture tool,,,,,
b85860e4034dab6135ef,towel,Cleaning jewelry,,,,,
46bab9153bd99c6967c2,book,Paperweight,,,,,
a2121aa9cd14a7f2914d,paperclip,Plant marker,,,,,
6308b5e6359fa3417c9d,paperclip,Cord organizer,,,,,
6bdb039efb5a0d83c1ca,book,Desk organizer,,,,,
b6099485953d2bc8bc4e,paperclip,Plant marker,,,,,
33b4d8a4404cecfa7650,fork,Measuring stick,,,,,
2cb080a9bbba933e210c,book,Book as a coaster,,,,,
ad6fc8e6a3e51f41d718,book,Bookend,,,,,
58a4b7033841a596c45a,fork,Bookend,,,,,
b503bbd807a18f7d0c52,can,Wind chime material,,,,,
6603f0b84f26dbb04313,paperclip,Plant marker,,,,,
f6052d6a4d6100a947e4,fork,Candle holder,,,,,
2aabb113870f086f9294,fork,Bookmark,,,,,
f3a14b68b197e19a3039,fork,Wind chime component,,,,,
a79318a17f0d0fece67f,towel,Wiping down tools,,,,,
ef114572d3731fa12f0d,can,Paintbrush cleaner,,,,,
d71fa6ad3132e5d152e5,towel,Polish leather shoes,,,,,
7661bd3661884f6d6448,can,Wind chime,,,,,
a0d568888047b3e32e40,towel,DIY craft project material,,,,,
492e74192c29cfa57908,paperclip,Pencil holder,,,,,
eb2c390c511f7535da4b,towel,Painting a large surface,,,,,
78a6be50a33311177e09,paperclip,DIY picture frame hanger,,,,,
019834a8b61525443c87,paperclip,Wind chime maker,,,,,
bf92397c20025186f984,fork,Herb marker,,,,,
4204a9cea4eedec25c54,fork,Zipper pull,,,,,
4cdd18076ab8681612e0,book,Decorative sculpture,,,,,
95cf56e48a9216b07940,book,Bookmark,,,,,
530d683c1cf46c2968e4,book,Bookmark,,,,,
cc2caf43a801c2db78d9,can,Marble run component,,,,,
e33dba3e8950c59bfcd5,fork,Magazine stand,,,,,
b8781639f83fca40e1dc,towel,Wiping down surfaces in a garage,,,,,
c4e8468f79e2fce1a102,can,Geometric puzzle piece,,,,,
c687fefebe95cf1a8623,fork,Plant marker,,,,,
6e042dea74fe6154db63,fork,Craft project material,,,,,
d8543597b2f4f4fa51b0,can,DIY photo frame,,,,,
93c282168cf6c21a25c6,book,Paper mache material,,,,,
49e0d81f447b1354c7c4,towel,Removing pet hair,,,,,
99f0b2bb2f713ae9313f,book,Photo display,,,,,
ea3fb9a25b49ba2d8d93,fork,Homemade drumming instrument,,,,,
6eb849db87b492037be5,book,Emergency Fire Starter,,,,,
42a628f82e87fd3b8ed8,paperclip,Holding multiple cables together,,,,,
50160c07456bb0027857,fork,Plant marker,,,,,
e584f087df51cdde7296,can,Desk organizer,,,,,
6d3ddfa2ecd6c539fabd,paperclip,Plant label,,,,,
2dece06a2d75c43f1fc1,paperclip,DIY wind chime component,,,,,
24df242db8dc3a29bb77,book,Paperweight,,,,,
f8dc2270a4fa63a04c8d,can,Cord organizer,,,,,
8aeb40e68c3e04e357c5,fork,Zipper pull,,,,,
d2fa0664534099f1661f,fork,Wedge for opening packages,,,,,
b3908f22df19b5119cba,towel,Cleaning windows,,,,,
02c0e24b33aba55f79bf,towel,Create a makeshift cape,,,,,
56166802938eed4ac287,can,Desk organizer,,,,,
098f2abed618c59cc6cd,fork,Candle holder,,,,,
38523bbf4899f70e709c,can,Seed starter,,,,,
ed3b75bfeae34fad6b87,book,Paperweight,,,,,
722bef33b995bbe399ff,fork,Sculpture material,,,,,
7f01692caa513bc15e67,book,Gift,,,,,
76abd6be05bc0d513811,paperclip,Jewelry making,,,,,
2fcfa05ec3b6b509e9f1,can,DIY photo display,,,,,
fe4e2324b065b2d751f5,can,Cord organizer,,,,,
a331e6f21e63381d81ad,can,Plant label,,,,,
5884c3030f46c752f03f,paperclip,Wind chime attachment,,,,,
8c0fba1aad5f5b4d6db6,can,Windscreen wiper,,,,,
5f0a78ef1439e6362455,fork,DIY coat rack,,,,,
8ab7b2cad2c27924e185,paperclip,Emergency repair for a broken chain,,,,,
0b1ea9f9f8d164859b43,towel,Polishing metal surfaces,,,,,
21da7f1ead46948fc920,book,Desk organizer,,,,,
1a0be6dd46cbd35415f6,towel,DIY project material,,,,,
23960bb13ad0cf5e0b26,book,Photo display,,,,,
f064ea73b989efb56c62,paperclip,Temporary fix for a broken zipper,,,,,
ac705448977ccec59083,paperclip,Rack for small items,,,,,
1c019cdd407980fe982b,towel,Polishing cloth,,,,,
f6215527a86f5b6425c2,fork,Pencil holder,,,,,
977314bfd28c8fa77851,book,Coaster,,,,,
78ca3082ccdd52a8cb39,towel,Cleaning polishing rags,,,,,
d1a71ed683b7c3f545db,book,Coaster,,,,,
bad9b9eb8e44198264bf,fork,Candle holder,,,,,
832f56d2d2781b8348df,towel,Wiping down tools,,,,,
5a1d0e6911fe8ea46aae,paperclip,DIY zipper pull,,,,,
f79b454b184d8f0f998f,fork,Jewelry organizer,,,,,
b93eda189b7e8da916c0,fork,Plant label,,,,,
e3f66bcbf3d9cd1f7147,paperclip,Bookmark,,,,,
b5c48c271c8786551599,towel,Dusting electronics.,,,,,
0fe69b60cc117d3c44ef,can,Cord organizer,,,,,
16f3d28977e9374edb87,fork,Weeding tool,,,,,
97e0b634f746431fcf82,paperclip,Temporary fix for a broken zipper,,,,,
dc6fcda728294dd51e0e,book,Book as a paperweight,,,,,
95806d7a4a747d550111,fork,Plant label,,,,,
126c67acfa9a4d149eb7,fork,Painting tool,,,,,
a93b39b76dce3c40c077,paperclip,Bookmark,,,,,
b2ae1b0efbb7dc38728a,paperclip,DIY craft material,,,,,
3dcb75fb119581d26c73,book,Paperweight,,,,,
53395f5bb28bec0b5328,paperclip,Temporary fix for broken zipper,,,,,
032447898502fb688afb,paperclip,Cord management for headphones,,,,,
b2e4fd33a8a233cdb157,fork,Drum mallet,,,,,
7ab3511a13eb5373c404,paperclip,Temporary repair for a broken zipper,,,,,
f03aa3788bac401bc106,paperclip,Temporary fix for a loose screw,,,,,
45980b1e6eabc62770ae,book,Decorative item,,,,,
5f3f646addf6dde9a0c6,can,Marker for measuring ingredients,,,,,
5697e8cb9fe637c653bb,paperclip,Temporary fix for a broken zipper,,,,,
83cd985cfbc7e25c3afb,can,Measuring cup,,,,,
2520dd5413170b7c1d01,fork,Plant label,,,,,
9cc747747afca6fa7d80,book,Plant marker,,,,,
a9ff061083cc62e58a33,paperclip,Magnet holder,,,,,
d3ad485617e7983bcdb3,paperclip,Mini bookmark flag,,,,,
467f8c831f5ad452a0d8,towel,DIY painting smock,,,,,
8036f9131f957ad59660,paperclip,Photo display,,,,,
3011b8bf53df04ea6928,paperclip,Geometric art,,,,,
0777c879cf72fd35a6cf,book,Sound dampener,,,,,
3736d6bcc8e68c2b1910,can,Plant label,,,,,
514bb10138be21dbbd9a,can,DIY picture frame,,,,,
a32a786c8b820702417d,fork,Plant label,,,,,
fdcf44fa16700eb83f13,paperclip,Plant marker,,,,,
cc39fb4d011b024dd982,towel,Polishing jewelry,,,,,
d5d1c6ad3bacc5c898fe,paperclip,Bookmark,,,,,
c99aa81a399329cfa9ee,fork,Measuring guide,,,,,
0ebac64b1c6bc7d7eeca,towel,Cooling device for electronics,,,,,
a59b1507d738b1e295bf,fork,Cord organizer,,,,,
6db8e3fd9b8279e8b5ac,towel,Cleaning up spills,,,,,
357c40f9a1432ad08cb5,fork,Pencil holder,,,,,
317c6c6f89b76e0714b8,book,Bookmark for a different book,,,,,
fb2967814c8bc84ded09,paperclip,DIY photo display,,,,,
74c7ca0e20accaba1a78,fork,Bookend,,,,,
ca6d6ecc42e07484d673,towel,Making a homemade dog coat,,,,,
b1ee858f77625b66aead,can,Geometric art piece,,,,,
9e80b78b66628cecd910,fork,Spice container,,,,,
f27744e42fa3bfd5c922,towel,Wiping down surfaces,,,,,
cf0658b29fb0a532a251,paperclip,Cord organizer,,,,,
d9616cf233bbc57874bd,towel,Wrap fragile items during shipping,,,,,
064970c13d30048b0660,fork,Pencil holder,,,,,
ba5dc5dfacb6541caf92,towel,DIY photo studio background,,,,,
2e1bcd38f8a4ab357837,fork,Bookmark,,,,,
61c85cde05154cb030e0,can,Mini plant press,,,,,
da379d438efa979a812d,book,Greeting card,,,,,
e7db19677e0871d8d1f7,book,Plant press,,,,,
9ae6b93129bc9f738ef0,fork,Candle holder,,,,,
9b8217dbd93829ada06e,towel,Polishing metal surfaces,,,,,
ea3dba2297db3d760017,paperclip,Temporary fix for a broken zipper.,,,,,
cff1650fdad7a87c263c,fork,DIY tool for repairing items,,,,,
1af76a319d6f05a0eab4,book,Decorative item in a room,,,,,
850bc65b44782bd6f168,paperclip,Mini bookmark,,,,,
2a9574891b49050ffb42,book,Picture frame,,,,,
bfe1133437fa1a913e73,paperclip,Temporary fix for a broken zipper,,,,,
374d7f4acbd7e0a48f55,book,Coaster,,,,,
00a911d314f262bd3c89,can,Mini garden container,,,,,
1b87b0041d3c9f34613b,towel,Lifting heavy objects,,,,,
e5e2cad8899246e5be0e,book,Decorative item,,,,,
7a99e963e70e36217555,fork,Mini picture frame,,,,,
f948bf74da9aeb41371f,fork,Zipper pull,,,,,
05c68d3a6ece73213dfc,book,Wall art,,,,,
809ee1a925ed15223c28,towel,Camera lens cleaning cloth,,,,,
aa02919778522194f47a,can,Cord organizer,,,,,
128579327be158990741,can,Mini planter,,,,,
7cd4444a9bb20581ee09,paperclip,Temporary fix for a broken zipper,,,,,
97530eb01031c3276195,can,Weights for fishing line,,,,,
41acac0e8b163706bd15,book,Trivet,,,,,
bd6d4d9f7923527d404c,fork,Label holder,,,,,
6fdb87abea111145b2d7,paperclip,Cable organizer,,,,,
321de599da910f7f81e2,fork,Picture frame stand,,,,,
52e699374359bc8c20d5,paperclip,Photo display clip,,,,,
51c6663d3fa2a6afcbf8,paperclip,Bag clip,,,,,
90e9802101c6fe6b5803,book,Desk organizer,,,,,
c61c0baa4fe2bfdd043a,paperclip,Temporary fix for a broken zipper,,,,,
258097a46a2f5fe25c35,fork,Wind chime component,,,,,
de2353fd16d6c4d756e5,fork,Desk organizer,,,,,
3a6e04a679e37c032fb2,towel,Dropping dry clothes on it,,,,,
c0f8fe5489fc47d46463,fork,Pointed tool,,,,,
f675ab1efc42144ada05,fork,Pointed scraper,,,,,
a7a7a5d505f679032d8b,fork,Candle holder,,,,,
97f047e37c422e1e31c1,paperclip,Cable tie,,,,,
e760604271fc41eefc48,paperclip,Cord organizer,,,,,
bed9347294ff17a0414a,fork,Bookmark,,,,,
1222a42e265595573b11,towel,Emergency dust cover,,,,,
161d6c7cc4457b8e6c13,towel,Cleaning spills,,,,,
e8df256a6631df4f5789,towel,Protect furniture from spills,,,,,
36016de9889d952beed8,paperclip,DIY jewelry,,,,,
b32ef16d2f0cf1c2042c,towel,Drying dishes,,,,,
ea7cb5226f05ad0137f2,fork,Sculpture material,,,,,
5f308c34a2b7bd1afb3d,book,Musical instrument (e.g. guitar slide),,,,,
81ae8f65668a92c25891,fork,Plant label,,,,,
d15605f652fa66e72e22,paperclip,Mini plant marker,,,,,
835f853870d5db574c15,fork,Candle holder,,,,,
39d64753576e98db39c2,paperclip,Mini bookmark,,,,,
321d20b92fccfd6107c9,can,Button for a craft project,,,,,
fceee73b47c4767844a7,towel,DIY craft material,,,,,
6f5263c10bef8eee28de,book,Gift box,,,,,
e6904418587458451624,can,Pencil holder,,,,,
c5887ab523a90636527d,towel,Drying artwork after cleaning,,,,,
0f49506865c3cde8a4a5,towel,As a picnic blanket,,,,,
0a4bc6bf52bd7da0a5fe,paperclip,Zipper pull,,,,,
70530c8b951cda55cef0,fork,Plant marker,,,,,
1319473bef1e4d61877a,towel,Use as an emergency blanket.,,,,,
9d374b496322b738b9b3,towel,First aid wipe,,,,,
c7265749b72f0508ba3d,book,DIY craft material,,,,,
b781a5b7096977a2b2fe,can,Pencil topper,,,,,
b5bd23f158c258306105,book,Kindling,,,,,
2e8e535c798b1303cc99,fork,Pencil holder,,,,,
f18b4fbfe5c6d56e4acc,book,Plant press,,,,,
76c089596fdd378b4ca9,can,Plant marker,,,,,
249a78524c72aa1844fd,towel,Turf drying after rain,,,,,
92bde786241f700ba97f,towel,Using as a photo backdrop,,,,,
c76f5cb6a633f5a032ff,fork,Plant label,,,,,
9500d3990b3a8deaef83,fork,Emergency lever,,,,,
442c9e3652d0422515ac,towel,Smoothing out wrinkles in clothing,,,,,
bd3956e7124fa60d6f24,book,Insulation.,,,,,
b21d748e5ec14b0f6386,towel,Crafting material for DIY projects,,,,,
d2a52d894ee627ef5f53,fork,Sculpture material,,,,,
19c294c4b00399c61b8f,fork,Wind chime component,,,,,
ac4ea168ad8754df16d4,book,Table runner,,,,,
6da43428d27eabe5137a,can,Mini trellis,,,,,
9f979292e6c76cf2497d,can,Secret storage box,,,,,
ac13a7a08a18dbfd58ef,book,Bookend,,,,,
212341a596cd63e0df39,book,Bookend,,,,,
0da9e3767a5ff19f5ccb,book,Paper mache material,,,,,
2e280572d3d28881e44c,can,Funnel,,,,,
5d2ecbd667edbd34c93e,paperclip,Mini bookmark,,,,,
b6e609c3351fe47320b5,book,Decorative item,,,,,
40c112062675d6c37584,book,Paperweight,,,,,
87cdaa90bbf5ab3ab8f2,towel,Remove lint,,,,,
69f4869026da562085a1,paperclip,Zipper pull,,,,,
63f778e722355c3239d1,towel,Cleaning up spills,,,,,
303795f33ae70818f6a5,can,DIY photo display,,,,,
0d7eb28005a86bd3ef23,fork,Paperweight,,,,,
c9457603c682ac201b5b,fork,Pencil holder,,,,,
1b90597cf34e3d381c65,fork,Plant label,,,,,
4a429c4001d9e1ece564,book,Gift token,,,,,
36e258dead2fc3f6c4df,can,Storage container,,,,,
fb7c4596c5e74afb222c,book,DIY craft material,,,,,
457ad24fa9bd9da7387c,book,Paperweight,,,,,
b98966ee6d4c6b6d2a60,paperclip,Temporary fix for a broken earbuds,,,,,
ec769daea8acc670c10d,paperclip,Zipper pull,,,,,
5b303af585a0c7602bfa,book,Paper mache material,,,,,
0fb3c6492b5b0fd42c4e,paperclip,Bookmark,,,,,
307045616748656249f8,book,Gift for a reader,,,,,
bb9ee72fa6f70b36519e,can,Candle holder,,,,,
09ded5668d35cacd982e,towel,Wiping down a door handle.,,,,,
ad103c40b5609de23d40,can,Mini garden container,,,,,
cb3c34150cf3e31cd46c,towel,Dry glassware after washing,,,,,
a3f425c96ada10538cab,fork,Small scraper,,,,,
15781f52a5cee93b1b31,can,Plant label,,,,,
514076d532b941776ba5,fork,Seed starter,,,,,
4f91dd395bc1481deefe,book,Book as a decorative centerpiece,,,,,
bcc23e0ce6d404db98a4,fork,Crafting tool,,,,,
583ba9576bacafef665f,can,Wind chime,,,,,
3b601c3adad16f21a4d5,paperclip,Macrame material,,,,,
7eb5ef3933eaa1bfea9b,can,Bookmark,,,,,
14ae3f9fa506dee571b0,fork,Pencil holder,,,,,
490f7272aa745a248369,paperclip,Cord organizer,,,,,
cb1ab6b1fb94937d39cd,paperclip,Cord organizer,,,,,
12d8d8e12ebcb7375e02,fork,Tweezers for small tasks,,,,,
ca95f18eeb53f114ff24,fork,Pencil holder,,,,,
0e0219cf5f64dd527f3f,can,Plant label,,,,,
ca6112e5741ef4a88eab,fork,Picture frame,,,,,
47b5f45ce2be3b677943,towel,Cleaning mirrors,,,,,
866b8c457ed79411655e,towel,Polishing silverware,,,,,
2c6805e96b3525c382ef,paperclip,Pencil topper,,,,,
aa0605765d9c62c4cdc8,book,Bookmark,,,,,
4579a97b68880a85db4a,book,Fire starter,,,,,
008a802e0fd8ec97b6c5,fork,DIY photo display,,,,,
845484db316890f60826,can,Base for terrarium,,,,,
712e3cf2b1eed0ad928e,towel,Impromptu picnic blanket,,,,,
a6f92bb068ae4ca459d3,paperclip,Temporary fix for a broken button,,,,,
89a6a650f1e95065916e,towel,Pet drying mat,,,,,
5f86912336c37cbfb78a,can,Herb marker,,,,,
7c377df572f2c47426cb,paperclip,Temporary prop for photography,,,,,
6a2d074c780966ca5e35,can,Paperweight,,,,,
4070e0253c6e23ab51f5,paperclip,Emergency wire substitute,,,,,
95a4ae00bf17094df975,can,Plant marker,,,,,
4b114861766780428cf0,towel,Signaling for help,,,,,
cdd221963ac21b433a94,can,Plant marker,,,,,
94eb3ec1035b7307684b,fork,Pencil holder,,,,,
cf587cc7e18dca62d692,paperclip,Sculpture material,,,,,
82d5c03bac35d868defe,book,Journal,,,,,
061085827cd6745a1cd8,towel,Making pet beds,,,,,
f4607ba52d29430bf841,book,Gift for a housewarming,,,,,
8212308d449aee5f55bb,towel,Dance practice prop,,,,,
07b75a5984cf289a65a6,fork,DIY wind chime,,,,,
32c1d3f92b54b7dd3357,paperclip,Bird feeder part,,,,,
f8a8413d035c96f43809,fork,Sculpture material,,,,,
be39832d1272a271ad5e,can,Curtain weight,,,,,
b19827335bc92bc85b5a,fork,Potpourri holder,,,,,
37390bc44d0e7f9fa9a3,can,Wind chime,,,,,
7f344353040323905f0d,fork,Pencil topper,,,,,
0e90e595f56f362f7f59,book,Book as a paperclip holder.,,,,,
52550236d679a6785ca7,can,Emergency lever,,,,,
3351df8900fb46e338ee,book,Bookends,,,,,
cf20e98288e14ae99eba,fork,Plant label,,,,,
ed758a6a81056bca129d,fork,Pencil holder,,,,,
ed3067dac83a839d96c9,paperclip,DIY picture hanger,,,,,
9da89b1f8a98c7d170e2,book,Jewelry box,,,,,
c4620964eff2109d25ae,paperclip,Cord organizer,,,,,
07ea4ec2fbe5677f4b76,towel,Wiping down surfaces,,,,,
f1e79831b8e0b916fc0a,paperclip,Wind chime component,,,,,
53f862584c71ce37cf7d,fork,Macrame project,,,,,
208f101845aff5244f34,fork,Jewelry organizer,,,,,
c1c9cb91793ef978609a,book,Fire starter,,,,,
de35d03113ac944805d0,paperclip,Plant marker,,,,,
fb4ff34e43a7c3b43e4c,towel,First aid for burns,,,,,
d27341bce33d5ac780ce,paperclip,Mini bookmark,,,,,
3597096c0e435fc1246d,can,Bird perch,,,,,
79d2c24547c48cc0a66f,paperclip,Bookmark,,,,,
9dc80e3dfa6c43378fca,fork,Painting tool,,,,,
2f17de9b58c8324be85b,can,Wind chime,,,,,
eef63c38bf6081fd1d53,fork,Painting tool,,,,,
f90c3919a54e2631217b,paperclip,Zipper pull,,,,,
706c5f528f3037f7fe0f,paperclip,Plant marker,,,,,
74fdf8214eb7cbb032da,book,Desk organizer,,,,,
c581df4f0b411c20f809,towel,Cleaning up spills,,,,,
a985379aac469047b126,paperclip,Emergency repair for a broken chain,,,,,
4909ddf43bf11ee87284,book,Sculpture material,,,,,
894f46d99a9ec248d834,can,Seed starter,,,,,
52ad0c9d06ae1e9f3dad,book,Paperweight,,,,,
4bc9c2a788c0e24f077e,towel,Polishing metal,,,,,
82670b9f9064bd9e4d33,can,DIY jewelry finding,,,,,
c014f518278eb28ddd29,can,Wind chime,,,,,
80a5ee46d974a9821a51,can,Plant marker,,,,,
42b1b5a49a43859581e6,towel,Dusting furniture,,,,,
e5684e2e0f5e41ee62d4,fork,Pencil holder,,,,,
4a2a680f22369f52dcf2,towel,As a drop cloth for painting,,,,,
16d912c43fd961e30e72,book,Fire starter,,,,,
e61b76f0a788b939a408,fork,Paperweight,,,,,
067dcc907360227acc23,fork,Peg for hanging,,,,,
0263fadeffb47ae14c98,towel,Polishing metal,,,,,
afa7980e83444f3f8125,paperclip,Temporary fix for a broken zipper,,,,,
61e5ea40f0c49dd91fe7,towel,Polishing metal doorknobs,,,,,
500cc121785283a45aa1,fork,Plant label,,,,,
ce3760e13623e95cb1bd,can,Mini planter,,,,,
0d2aab8fbba8cf009dd7,fork,Plant label,,,,,
7a13d89b1beeceacc042,can,DIY photo display,,,,,
e6cf1c62fcaf944b5fcd,fork,Chalk or crayon holder for kids,,,,,
4000599568933ee159fd,fork,Photography prop,,,,,
5c991a6b4d1bcaa3cb2d,can,Plant marker,,,,,
b77a12ddf81b30204601,fork,Letter opener,,,,,
37d6af82ca4db1767486,can,Bookend,,,,,
b7a34712886bbc412769,towel,Creating a unique collage or decoupage project,,,,,
418a949774b7ab1c3012,towel,Cleaning jewelry,,,,,
6f56211eff358238d042,paperclip,Cable management tool,,,,,
b3300e870e1815ef4db1,paperclip,DIY jewelry,,,,,
c14de3c5e56dbda873f6,can,Paperweight,,,,,
b65cb0801cd4d2ace20a,towel,Dusting cloth,,,,,
790067d56f889c511f8f,towel,Wiping down equipment,,,,,
36e722eafe4f1e46dde0,can,DIY picture frame,,,,,
6bbfd0d4d4f4c581dd99,book,Gift wrap box,,,,,
c7b1aff0230ac1fb9144,paperclip,DIY picture frame,,,,,
8c4e07e46dc811d44a1d,book,Prop in performances,,,,,
382eec2a63e470ef45b7,book,Weight for a downed bike wheel,,,,,
18bd511ebcb7609564b5,paperclip,Photo display.,,,,,
6b22205256384c3b6ff8,book,Place card,,,,,
764d27f5a7b1bb95dc08,can,Paint stirrer,,,,,
7ff82d60fae36df5ed29,book,Plant marker,,,,,
19f96bcaa5868b9a2a2b,book,Weight for a birdcage door,,,,,
99a50a7e07c1b8f8f75b,fork,Cord organizer,,,,,
45d79f4d9031ba680eaf,book,Desk organizer,,,,,
deae9d5dfc0c8c45302e,towel,Wiping down tools,,,,,
1407535b4a90992266f5,book,Gift for a book lover,,,,,
6681b8b02f8c2e5cf8de,paperclip,Temporary fix for a broken zipper,,,,,
2b1d4c3853e0dd5251d2,paperclip,Painting tool,,,,,
e635bde54a9fcd47cfe6,book,Photo display,,,,,
23068a02397dfcf4ed82,paperclip,Mini magnet,,,,,
32fdc9e4716f1616b6ec,towel,Makeup remover,,,,,
9811a29acd78d8684cfc,fork,Nail to hang pictures.,,,,,
50df6b840616944a8f1a,towel,Absorbing spills in the garage or workshop,,,,,
18f84ecb6fb9995bfad3,book,Shelf divider,,,,,
a4aa50595284b94ae810,can,Candle holder,,,,,
7205fb0e6dcb41dc6fe9,can,Plant marker,,,,,
72fea6314613d1a056dd,towel,Dusting furniture,,,,,
0fdd78b59db065a5717d,towel,Dusting cloth,,,,,
11a3c447714ba86578f3,paperclip,DIY photo display.,,,,,
51a0350c97cdb2e341a1,book,Sound absorber,,,,,
76f6d39ff860a4095d4a,paperclip,Pencil holder,,,,,
36847f785b5134d5c569,book,Coaster,,,,,
41fa57e757c45b1584e0,book,Coaster,,,,,
19d20fd9ecd07ed40413,paperclip,Plant marker,,,,,
c35640dbe9b6030bb417,towel,Dusting blinds,,,,,
3415fbe2a36c6e057a2c,can,Candle holder,,,,,
e9ecf5a695dd993a3673,book,Bookmark,,,,,
83a7511bc1d113aaf4b1,paperclip,Mini sculpture base,,,,,
e35da2b0475ede47e203,paperclip,Bookmark,,,,,
01e02f54cea6b8b9846f,can,Bookend,,,,,
9aa5d8139cb4455a3d00,can,Photo display,,,,,
b316cc949bfb35ab7a23,paperclip,Cord organizer,,,,,
37f8aed75294d8542bd1,fork,Plant label,,,,,
a7d380f77d25fb9d3d62,paperclip,Crafting material,,,,,
004c86fc513824804a8b,book,Paperweight,,,,,
1db0fc120d11aa046964,fork,DIY wind chime,,,,,
c394132d3716d0371a9f,book,Plant press,,,,,
635196e08f1ffd99ab89,fork,Sculpture,,,,,
e6c19f9ba0b07043c2bf,fork,Measuring stick for small objects,,,,,
5c868fda062d0e075a83,fork,Pencil holder,,,,,
77438480ec2a9c76e323,book,Paperweight,,,,,
b8376aaf0b5c125f4bf8,book,Decorative item,,,,,
0f270f03e09460071532,towel,Absorbing oil spills,,,,,
322c2b66496bd6cedc51,can,Planter,,,,,
fc5350838b28a5179416,paperclip,Making a simple photo display,,,,,
e3d19279972b5acc2f94,can,DIY wind chaper,,,,,
6fae1bd08d5cf7c54362,fork,Picture frame holder,,,,,
d64a9c4fccf460f29fb6,can,Bookmark,,,,,
1ca86c5c5c8d465daffb,book,Bookmark,,,,,
ad3e9cad709799e56e88,fork,Bookend,,,,,
5d9729622b458c363a25,can,Wind chime,,,,,
770f348905ee94f31e79,towel,Cleaning windows,,,,,
b0eff3e0ce85bf14acce,can,Plant marker,,,,,
a8084cab53f6832a1e17,paperclip,Paperweight.,,,,,
5768ac9906adfc1b72f9,towel,Beach bag filler,,,,,
9274e25bd19b608bd96a,paperclip,temporary fix for a broken chain,,,,,
12216199b5b26448982b,towel,Polishing shoes,,,,,
e91a262b4e3b7fa60af3,fork,Drawer divider,,,,,
ddb33ca817f569463aa9,towel,Staging a craft project.,,,,,
2796ffebb07a039158f4,can,Mini sled,,,,,
defaead75fae092e4655,towel,Clean jewelry,,,,,
facfb4261fb736bdafd4,paperclip,Cord organizer,,,,,
7d471eb9739acf9aad64,book,Trivet,,,,,
a1c55dc098a92de953e1,fork,DIY photo display,,,,,
03b9ed7fdf01e4c0f9f4,towel,Polishing a mirror.,,,,,
9094bc8e3690f2e05bf4,towel,Create a DIY photo prop.,,,,,
58ae6299437be04b8a6d,book,Gift wrapping material,,,,,
fd6bff24cc3b3dd153a0,book,Scrapbook base,,,,,
3c08098875d1eb8931b7,can,Painting palette,,,,,
9cf42ce98069c01d13b6,towel,Dusting surfaces,,,,,
b3df616b42dbfa2d8694,book,Bookshelf divider,,,,,
0bfa9e0c8b2b2be10a45,fork,Potpourri holder,,,,,
960f352d2140e5cdc950,book,Trivet,,,,,
63176d4a80b2af657ef8,book,Planter,,,,,
eb2d33d800ef97af5f12,can,Bookmark weight,,,,,
f8de2245290e6adf455b,book,Weighted exercise tool,,,,,
34581d644e5b74cd1d54,fork,Cord organizer,,,,,
51a149b52cd25b999f6e,paperclip,Temporary fix for a broken chain,,,,,
fd1bcbe755d4b7159329,paperclip,Adhesive tab on a document.,,,,,
7beaa0ad4c6908cd75b9,fork,Pencil holder,,,,,
b10956056fa28e4442a1,book,Bookmark for keys,,,,,
c41d4028ff09c2d47870,towel,Cleaning glass,,,,,
1d5ed83fa69d8def84b1,paperclip,Bookmark,,,,,
e675584705e3349381ba,fork,Plant label,,,,,
cc9359abbfe521d7aceb,book,Desk organizer,,,,,
4d6549c7142eda4fedb6,towel,Cleaning windows,,,,,
b35deef7fb79860ceb8b,can,Drumming practice pad,,,,,
24d247d623a9ffe84874,towel,Drying paintbrushes,,,,,
7c8aef6f125ffc63f06a,fork,Pencil holder,,,,,
43975eb86be9b02618de,fork,Geometric art piece,,,,,
d1c4cd8d1b08fc68acbd,can,Desk organizer,,,,,
7e29b9286223920d45a5,paperclip,Cord organizer,,,,,
7bab25ae5d0bd6991d3d,paperclip,Plant marker,,,,,
584fe89b2bb6709eabcf,paperclip,Temporary repair for a torn page,,,,,
855d9dfe2d7d6ad153bb,can,Picture frame standoff,,,,,
6aade57a0f24792fc8a6,can,Decorative centerpiece,,,,,
c2c974a1dd7c65978368,book,Coaster,,,,,
b4921d3f4e4880878b5d,fork,Candle holder,,,,,
64fbef1582d4eafd54e9,can,Doorstop,,,,,
119310f0b1bc5bf6f0d8,fork,Seed starter,,,,,
7634c9f53e83b57b0fb4,towel,Gym wipe,,,,,
ecb400aac3fb21bebe6a,can,Pencil holder,,,,,
d04398a218a9d20dfebe,towel,Cleaning car windows,,,,,
3a57643f909c35ad88af,towel,Applying polish to shoes,,,,,
2c536a07aa561efd20ec,fork,Small container for beads or other small items,,,,,
bb594e89c85abd4ff9bd,book,Desk organizer,,,,,
c6f3652a64de4ca2a545,fork,Wind chime component,,,,,
eaecced02e241a673a31,paperclip,Pencil holder,,,,,
d5406ceb1491f5d58db1,book,Bookend,,,,,
4c5a3be0960d2cc24f61,towel,Dust furniture,,,,,
e64146e906fdf7a66cb1,towel,Plant propagation medium,,,,,
1b513410e749a129e72c,book,Desk organizer,,,,,
94b4721e19eaff3975f0,can,Material for mosaic art,,,,,
50d2c6c8ee8580288c37,paperclip,Jewelry organizer,,,,,
f910d4adabd24df726b1,paperclip,Plant marker,,,,,
b5ad5c27fb0d762b85b3,fork,Wind chime,,,,,
425ba2e7cfc90b408472,can,Desk weight,,,,,
a0de4c55009b43a2e757,can,Stamping tool,,,,,
af1b460a952dc951eba7,fork,Craft stick holder,,,,,
3ab0cfe9476b4d81ce3e,towel,Dusting furniture,,,,,
e1a280c1b49b027a3eb9,can,Zipper pull,,,,,
1117aeb8735f0fe9fb28,paperclip,Mini screwdriver rest,,,,,
3f66426c2573b6167f3b,towel,Dusting mitt for delicate surfaces,,,,,
9e0e3deef2e2db185c2a,towel,Impromptu dance floor,,,,,
1bce353a08041a535db9,book,Gift wrapping material,,,,,
54ce10f735ef07045d93,can,Craft material,,,,,
e0389eabfa96c162e9bd,towel,Pet drying mat,,,,,
b21a92adddceffa29044,can,Wind chime decoration,,,,,
667538533518cd6039ce,towel,Removing lint,,,,,
6ee5bfe6622062385ec7,fork,Measuring tool for small objects,,,,,
f96d620d8430e577ae59,towel,Wiping down kitchen counters,,,,,
c61cc5db71f70513a72c,towel,Drop cloth,,,,,
a100fe0d94b6cd196c06,book,Coaster,,,,,
b1ff8f93e96a55d0f09c,paperclip,Mini bookmark for a page with a specific note,,,,,
671c8071b310c1c8b4f0,towel,Dusting furniture.,,,,,
ccf8b87d1bc1ae81e177,towel,Painting surface protector,,,,,
41c6fcbd896922eaff04,paperclip,Bookmark,,,,,
8c30cbad7cc55ffcd2a4,book,Reading Light Stand,,,,,
5c63d9057ce163a6f772,towel,Polishing jewelry,,,,,
49c8f514771810bbde12,paperclip,Cord organizer,,,,,
729fe6260da1cb16c7a7,fork,Pencil holder,,,,,
8a986d24ab3a9f2ecb1f,fork,Pencil holder,,,,,
eeb49aabf239588a0627,paperclip,DIY photo display,,,,,
baee85ebc1b3103a32e2,book,Sound barrier,,,,,
78fa5073e00cc5813c60,fork,Drumming tool,,,,,
e001a8f7b223e4bebe7e,paperclip,Temporary fix for a broken earring,,,,,
c2b914cd40082e0480b5,fork,Tool for mixing small amounts of paint,,,,,
fea8840cc77a961340d2,book,Gift decoration,,,,,
7eca92cfe506ae04872a,towel,Tablecloth.,,,,,
752af170560e1bec98c4,can,Plant marker,,,,,
91bd9f951d5e00a50a2b,towel,Polishing shoes,,,,,
919e374b3e72a2598a38,can,Wind chime,,,,,
c847140e65c4b9cf4369,can,Geometric pattern maker,,,,,
310c7e6db038928e794c,towel,Polishing cloth,,,,,
965f0b92c5e481230daf,book,Photo prop,,,,,
1d222ba6badabe7e1114,towel,Drying tools,,,,,
7029e1e5cec33a29a1e9,towel,Sweeping small areas,,,,,
156d948c5bc741ee9ac5,book,Gift wrap,,,,,
7c50f4edc8ad459921c5,paperclip,Temporary fix for a broken zipper,,,,,
474c5d3eda227a3885eb,towel,Serving as a drop cloth,,,,,
0408d7fb52ac9d08b211,towel,Craft project material,,,,,
f297f22ca761b5584bc0,book,Coaster,,,,,
3823033b5160f8d9e847,fork,DIY craft material,,,,,
f50c07b00b9763261d36,paperclip,Craft supply organizer,,,,,
7cd96f0a467c52f028b6,book,Surface for a reading tray,,,,,
cd99555cd39b57b19905,book,Desk organizer,,,,,
c4ef083df41891b11b36,paperclip,Bookmark,,,,,
e8c0d20440b6b7b95d63,paperclip,Temporary fix for a broken zipper,,,,,
c1b140dd7d9a96cf439e,book,Art project base,,,,,
c07bf548cf044723139a,fork,Drumstick,,,,,
e7a6b173674f859d0c64,paperclip,Temporary fix for a broken zipper,,,,,
7df41f2e8da6cef6ad76,can,Magazine rack,,,,,
3eca1b864e9e3f8d1dc1,towel,Cleaning mirrors and glass,,,,,
558f880fcb705525241b,towel,Pet drying mat,,,,,
867295874a362449e04b,paperclip,Temporary fix for a broken zipper,,,,,
c413cd16c32d039a70a2,fork,Tool for removing splinters,,,,,
22fdbc01840d15a4dcff,paperclip,Geometric art piece,,,,,
013bbb1b2297a3a81f53,book,Gift wrapping,,,,,
22690fdd9f234362adcb,book,Desk organizer,,,,,
bf05a2c0e3edd5d83925,can,Louver,,,,,
2eb823a728e2adbd4300,book,Plant press,,,,,
445bfcf82abb16f88079,fork,Wind chime component,,,,,
57c8a022bc6ba08cf7dc,towel,Picnic blanket,,,,,
41028a6d606b1d50b19c,can,Macrame project base,,,,,
4f95c0e1527aae947097,fork,Plant marker,,,,,
3548a2f5ad6b06c3beee,paperclip,Picture frame hanger,,,,,
2106bef4a070a27cb39f,can,Painting palette,,,,,
77cac4bfe6ee7c6f30bd,towel,Dropping as a signal,,,,,
0ce36912b9ca39eb0d26,towel,Protecting furniture from scratches,,,,,
c29c82e85a066f28ef4c,paperclip,Cable tie,,,,,
65cf1843f7dbd806efe9,towel,Dusting cloth,,,,,
0bc46ef665426de6321b,paperclip,Wind chime component,,,,,
c83aca6f199e80c79975,paperclip,Puppet stick,,,,,
590ad68885834a2065ab,book,Note-taking template,,,,,
3c9ca560aed4c31f2680,paperclip,Emergency fix for a broken earring,,,,,
9407d3d577485cc6dfee,fork,Mini planter,,,,,
ac61a61a96b2a0ad40b1,towel,Sock protector,,,,,
f7e7d1966cb4296796bc,paperclip,Temporary fix for a broken zipper,,,,,
1496e95e94f8a9da1f04,paperclip,Craft project material,,,,,
975c3ad5d7a4a4630d0b,book,Wedge,,,,,
f738e7d38b04867326c4,book,Coasters,,,,,
4a5f8a62cf6009b29cb5,paperclip,Pencil topper,,,,,
ebf40244648953ea4343,fork,Mini gardening tool,,,,,
15ce699c246a60227689,can,DIY bird feeder,,,,,
20bae335f61c77ebcaf3,can,DIY craft material,,,,,
18d36aadcb53fb9705c9,towel,Drop cloth,,,,,
b039b136e2cf5694f307,paperclip,Cord organizer,,,,,
2f3e6c47cdc28f58942e,fork,Magazine rack,,,,,
569b6b67b093039646c5,fork,Page turner for books,,,,,
b460cb04e653a042df8b,fork,Mixing small batches of concrete,,,,,
9ca659892196015feebc,book,Decorative centerpiece,,,,,
1d5dfa086f55579ed9de,can,Soap dispenser,,,,,
e5f7b5500a84b091ede8,paperclip,Cord organizer,,,,,
daf39ce9357c55426d55,fork,Prop for photography,,,,,
c3d462113bf094cbdb06,fork,Plant label,,,,,
83587f4e3a460cec532d,book,Prop for a photo shoot,,,,,
c7c8e0d7d50ca815938e,paperclip,Mini sculpture material,,,,,
d1c59d71935815dbf57a,fork,Mini trowel,,,,,
725b465e5a4e146b392a,can,Plant marker,,,,,
e98f72d86e1ff110f204,towel,Protecting furniture from paint splatters,,,,,
80075606bf3e0c92aa96,book,Decorative item,,,,,
6b2273921ee68f40309d,book,Prop for photography or theater,,,,,
21ff056b9d348060107c,book,DIY craft material,,,,,
77506886dfcd115c33f3,can,DIY craft material,,,,,
acf29c9480abff524906,book,Weight for a picture frame,,,,,
438b2ad08485d3bd17e8,can,Wind chime,,,,,
526b6101a7ce29dcf261,fork,Paint stirrer,,,,,
71497435a4eee34a00ee,towel,Hair styling prop,,,,,
746dde4a9cd5ae586250,towel,As a cleaning cloth for musical instruments.,,,,,
a75189295b51d2a0f1fc,towel,Cleaning delicate surfaces such as mirrors or glass tables,,,,,
c6bcd42a4605a4260682,fork,Macrame project material,,,,,
c31217e1f15dc5f9f5cc,towel,Creating a DIY puppet,,,,,
038410a5f9c8bc8cb493,towel,Drying dishes,,,,,
ae976406cf5b2d0e3255,towel,Smoke screen for photography experiments,,,,,
29071ff0c1b8cbb320ff,can,Fireplace sparkler holder,,,,,
8dc59f7e682cbcaf72d2,can,Wind chime,,,,,
0b9f8c7a8b7591902488,paperclip,Wind chime component,,,,,
129e26faa004478c68dc,paperclip,Zipper pull,,,,,
f35e577575ba43c46621,towel,Creating a DIY photo backdrop,,,,,
77cefedfac8ab0ac46ee,fork,Paint stirrer,,,,,
dfce6be03ceae80d2ea8,book,Prop,,,,,
7edb0baf1700e4101250,can,Photo display,,,,,
54eee6c317b715cb1684,book,Plant press,,,,,
d24a85935a6e62a679f1,fork,Musical instrument part,,,,,
6bac5640b7ccfec61d1f,paperclip,Zipper pull,,,,,
865c848cf7892f0e5832,towel,Drying artwork,,,,,
8e6b116ca2291f11116d,book,Paperweight,,,,,
a6f3f17383c24754bea3,paperclip,Temporary fix for a broken zipper,,,,,
ecd0aac4dbb879441d5b,book,Coaster,,,,,
0ed3c9e35bfaae04f0dc,book,Wall art,,,,,
01c767dfa4ad6af88cae,book,Gift for a Bookworm,,,,,
d594fa82ed8339c74744,book,Decorative item,,,,,
46a618c33917e464f099,paperclip,Jewelry holder,,,,,
5d14f97b13d6ad874717,towel,Creating a DIY photo studio backdrop,,,,,
6033548f84d03194816d,paperclip,Cord wrapper,,,,,
18c4b596b457de04a253,towel,Gardening cloth for delicate plants,,,,,
4ced6ca21c52be22ab65,paperclip,DIY photo display,,,,,
d72e023f59d9e4f76054,can,DIY picture frame,,,,,
17727f19bc0bc6c2acdb,paperclip,Mini bookmark,,,,,
3251deee520c23b0cebd,can,Mini planter,,,,,
9b0d09d5b15f05ecc854,can,Sculpture,,,,,
de11ff50e92694d9b905,towel,Tablecloth,,,,,
af1762f7dcaa665c8e9f,paperclip,Cord organizer,,,,,
2f8cb385569a61c66c92,can,Side table for a small space,,,,,
26d0631c76be8b424bda,towel,Covering furniture,,,,,
deb84fa398d920e4aab5,can,Candle holder,,,,,
f8cc2bb8ec2ae753a60d,towel,Curtain or room divider,,,,,
129a70a8d8181b15a512,towel,Dusting ceiling fan blades,,,,,
6a9e074600459c5fb093,can,Suet feeder,,,,,
fb53234d543187ac6601,book,Gift wrapping paper,,,,,
09fd2b6f5dc5dc243647,book,Crafting material,,,,,
8a40ec37399f5f323996,towel,Cleaning tools,,,,,
9ffa82db97bbdfede6e1,can,DIY potpourri holder,,,,,
9096d7fc8a3140403ba8,can,Bird feeder,,,,,
873c8be45876401a37c5,book,Sound dampener in a room,,,,,
7d659d0052a9b971e15e,fork,Pencil holder,,,,,
0e5f4f51a85f90459003,book,Fire starter,,,,,
22b8b0d9588954d7c9bf,book,Weight for a picture frame,,,,,
c5aad5ca467275ff7613,towel,Painting drop cloth,,,,,
ae10a909f0a8db6ab1c1,towel,Polishing cloth for jewelry,,,,,
f2846dc291e81ac48c6e,can,Spatula,,,,,
991e5f42d1c309634173,towel,Tablecloth,,,,,
78e65144ee78ecdfb367,can,Photo display,,,,,
7877e50198f426bd00ff,book,Journal,,,,,
bc9a3eb6c49d9da81569,paperclip,DIY photo display,,,,,
bc736ba586581705c517,book,Desk organizer,,,,,
e9ee9ef796d2db83b000,towel,Creating a DIY craft project frame,,,,,
ac84ecc1cadf29f8da68,book,Bookend,,,,,
848c90ee31bb4f2722e0,can,Planter,,,,,
3e7b0bc2e3ac2d0a9eeb,book,Paperweight,,,,,
8b5f0ff351b0533d53bd,can,Wind chime,,,,,
91aaa9ede4a1fcd33746,paperclip,Emergency fix for a broken zipper,,,,,
4c7958cd3f046e3123db,can,Herb planter,,,,,
24fbd43a82aa7a3dfe07,paperclip,Holding cables together,,,,,
85b8b353b51b734c579f,towel,Polishing metal,,,,,
c653ea777cf2b1f06870,can,Plant marker,,,,,
a0b1891faead035fbc2e,fork,Emergency screwdriver,,,,,
e25dc4432142a04bc364,paperclip,Temporary fix for a broken zipper,,,,,
90fb36cf4c01d6df95cb,book,Packaging material,,,,,
72076562173c2d4d555e,book,Note-taking reference,,,,,
906de243759adb7aecdc,fork,Cable tie,,,,,
db366ac13c79d3e9c67b,can,Gardening tool rest,,,,,
a2b30b46675cd0a0b738,fork,Photo display,,,,,
0a437c0ba85ddb3b3df8,fork,Magazine rack,,,,,
77f603a2c47ac92aaac2,fork,Pot scrubber,,,,,
007b2933db9447b948e2,towel,Dance partner for beach volleyball,,,,,
09ff61ed5ff316a86947,towel,Absorbing oil leaks,,,,,
597268036b5ede9d1538,paperclip,Bookmark,,,,,
94e72d230a306fcefa75,book,Desk organizer,,,,,
acabac81f81dd805dc12,book,Magazine rack,,,,,
babc968a05a17fc6bb8a,towel,Wrapping fragile items for shipping,,,,,
5ba1534da2cfb8a95086,book,Packaging material,,,,,
8b5181cd242bbb1a9a9a,fork,Dog pick,,,,,
ac06c0319d48ffc90a5c,fork,Wind chime attachment,,,,,
445e95db386e487f49b6,paperclip,Plant label,,,,,
7dd151b7e47f9331b8e5,can,Mini planter,,,,,
e6724f96b27de1b34b8b,can,Paperweight,,,,,
a3d40e9b841b87e65c05,towel,Polishing metal.,,,,,
8927375a4226f08345e5,fork,Sculpture material,,,,,
139f8b64e6518e8e58e2,can,Measuring tool,,,,,
5902bacd53203c6b3526,can,Birdhouse,,,,,
4569cc3a532512f2f5cd,can,Bird repellent,,,,,
fc36dae9628fc284538d,can,Bird feeder,,,,,
735ed9ccd4bae4ab4166,book,Gift,,,,,
ce8f18d708e203b7b344,book,Plant press,,,,,
9c7a89f682dd76b84e6d,book,Prop for photography,,,,,
448206039fb3a08653ab,book,Paperweight,,,,,
04c2015bdd5a23706ac3,towel,Dusting cloth for blinds and fans,,,,,
8d439e307ee37b9ef062,towel,Painting surface protection,,,,,
7840709962957f756c0e,paperclip,Magnet holder,,,,,
b43bbefd9c18730bc552,can,Gardening tool rest,,,,,
45dabb6234ca7c81f4f2,fork,Pencil holder,,,,,
e954d11551c252ea162e,towel,Painting smock,,,,,
9f84a0df53a008efc436,fork,Paints stirring tool,,,,,
93221cdd3a0cb1a44943,paperclip,Mini bookmark chain,,,,,
d71b6743ab9beaaeabc3,can,Shelf divider,,,,,
3a367d3a48f502a141bc,can,Cord organizer,,,,,
9a4141528e4a2cec04de,fork,Measuring guide,,,,,
6175601a0c734c2e97dc,paperclip,Picture frame,,,,,
2145b29775b36e77b26f,can,Hinge pin,,,,,
b7017d607aff15fc1293,can,Pencil holder,,,,,
fbccdcc0666c022fcc77,book,Desk organizer,,,,,
70347717f6451f075fe0,fork,Wind chime,,,,,
058b51fc41ce0fc08bf2,paperclip,Bag clip,,,,,
5b6a4c665abe2d785f81,can,DIY trellis,,,,,
4228fa0889b4a2ac95cd,can,Paint stirrer,,,,,
f9762fca632b239b9e04,book,Bookend,,,,,
40f8d11bd493b98646db,towel,Clean delicate surfaces,,,,,
dcd8316b741abc939cd8,paperclip,DIY wind chime,,,,,
cee6e9559c192c945ea4,can,Coat rack hanger,,,,,
eef425c2e587caa00c3b,can,Mini garden feature,,,,,
8f6e2d9b1862044035d5,book,Book as a bookmark holder,,,,,
269d40eafa104af95f99,towel,Painting smock,,,,,
74d945c6c87e924c3623,towel,Wiping down tools after use,,,,,
2b72f3cd948b6aeabe3f,book,Picture frame,,,,,
f1a6a97f4180a5eb7a13,can,Driftwood decoration,,,,,
fb84298ef141f61c3fa2,book,Jewelry box,,,,,
633332ca060b1b259eb8,book,Decorative wall hanging,,,,,
c76af52c41c84bf86c67,fork,DIY picture frame,,,,,
69648a4af42129dfa55c,can,Plant label,,,,,
606ad1883f13483cd527,paperclip,Mail folder divider,,,,,
aab225154ee5d7264cc3,book,Paperweight,,,,,
69f9143cae79e0ffc6c7,can,Bird feeder,,,,,
d0882b07c635b9e1eeeb,paperclip,Weights for small objects,,,,,
51996e6714504b32dd51,can,Paintbrush,,,,,
56a4e17b2bb477613f2c,can,Photo display,,,,,
8b8a42c7a85f84f4ef77,book,Recipe book,,,,,
e0bbe9f19339ddababfd,fork,Bookend,,,,,
9f46a73da8757573f098,towel,Drop cloth for painting,,,,,
f95330737cecc6cbee6a,can,DIY lantern,,,,,
da58b39561dbadb03328,towel,Cleaning greasy tools,,,,,
7d35cb115e02a6797158,can,Herb planter,,,,,
949e8232040ce49b1d7e,can,Measuring tape,,,,,
a195332bdba6d76e76a9,fork,Marker stand,,,,,
437bf69abad4a8141108,fork,Bookend,,,,,
ed8f0d50d203315f4588,can,Picture frame,,,,,
03bea2ba32ee70909ee5,paperclip,Bookmark,,,,,
378274c0bf064dc70a22,can,Bookend,,,,,
2624eeaac4ffa91aa648,fork,Desk organizer,,,,,
3bd406de35f4f94fa7c4,towel,Cleaning windows,,,,,
abc297f27c9a0bceaf33,can,Game piece,,,,,
5bc74becad5146685060,book,Weight for a drapery rod,,,,,
7940a99937c5dec18934,book,Gift for a new home,,,,,
fc4ff2a88fd8d99b31e6,can,Herb planter,,,,,
61dd8505d59968a935e7,fork,Pencil holder,,,,,
ba2c7fe1256160427981,towel,Wiping down tools and equipment,,,,,
1f75cf54ff9b5747bbe6,fork,Pencil holder,,,,,
9e96a0047b5e3f234ee0,paperclip,Zipper pull,,,,,
1c5de40445b04ac24f2b,can,Cord organizer,,,,,
14d00e9a40f9c2e64344,book,Paperweight,,,,,
863e394f8c3fecbc8c3b,can,Candle holder,,,,,
63ae7afb5b7d2ad7e906,can,Pencil rest,,,,,
3cd55dff707eb5d3e4b0,book,Art project material,,,,,
fe595bfde2927962a5f1,can,Zipper pull,,,,,
5e1838c0ad3fbe172e2c,towel,Painting canvas drop cloth,,,,,
cb1a0dda5b9d74430fe6,can,Picture frame,,,,,
1b6148de9a22316c28a4,towel,Wiping down bicycles,,,,,
2fb1dcdacfdc4adf76c5,can,Paperweight,,,,,
4aead4154703d2f141a7,paperclip,Temporary fix for a broken zipper,,,,,
7e75b0251b20c90c7065,book,Coaster,,,,,
9273ad3a7b85c3388f88,towel,Absorbing oil leaks,,,,,
f4160e7996a573727dda,towel,Dusting furniture,,,,,
2140fa43b9ea1e6690d5,fork,Plant label,,,,,
60c7c61849aa18b287e4,book,Paper Mache Material,,,,,
2d19323850ee46dc9eec,fork,Measuring stick,,,,,
548a4c5dce3f225f7bbc,towel,Sweeping floors,,,,,
1980842d5d23a87ca4a5,book,Paperweight,,,,,
fe4dde13e4d7f62f2690,towel,First aid dressing,,,,,
5cd4f9618421ea9a3019,book,Desk organizer,,,,,
f06bfec6edb46b02b083,can,Desk organizer,,,,,
a90454e31d7da757326b,paperclip,DIY craft material,,,,,
de6625c2158a02c9b75c,can,Bird nesting material,,,,,
7c008e86b0a76c5943f8,book,Decorative object,,,,,
05fbde79354b420a4832,book,Gift for decoration,,,,,
183d2b24beb8babf9e66,paperclip,Temporary fix for a broken zipper,,,,,
684569cdeb5066077223,paperclip,Geometric art,,,,,
f59c622124087a54f10d,towel,Cleaning mirrors,,,,,
54fd09287b9b2286e579,book,Gift for a new home,,,,,
ad4fc9c9c4a9a9c081ad,book,Decorative item,,,,,
c84ef983bd8c47dda6dd,paperclip,Cable tie,,,,,
fcd41f49432932d44f16,paperclip,Temporary fix for a broken zipper,,,,,
fb0761e583085d854fcb,towel,Absorbing oil spills,,,,,
aad81f47c8853cc1e2cc,paperclip,DIY picture frame,,,,,
2753fcde6b5403ac9613,fork,Small sculpture material,,,,,
34d3bbb7f1ce9e370a00,towel,Sweeping stairs.,,,,,
e75bb229e792403fc9f3,paperclip,Cord organizer,,,,,
97737089ad446ce9d71e,paperclip,Zipper pull,,,,,
1eef18df8a8c88ac501e,book,Doorstop,,,,,
cbfcb6281b3ddd076a4a,paperclip,Cord organizer,,,,,
dcdc8b7204a58f3f8ba2,fork,DIY tool,,,,,
99b1d26f8e57124def57,book,Coaster,,,,,
7ec32a4a81f2d7179775,book,Paperweight,,,,,
2ad1ff5293c0ec68f590,fork,Sculpture material,,,,,
2f87a67b4a6626d2c697,towel,Remove lint from clothing.,,,,,
24522d66c447834f665c,can,Potpourri holder,,,,,
730a28b31ebcb4ae5f8b,paperclip,DIY jewelry,,,,,
0c10deec70e5e004f254,towel,Cleaning spills,,,,,
164ea94e5495faec4306,can,DIY picture frame,,,,,
2907487c8eed5cb775d9,towel,Cleaning between keyboard keys,,,,,
ed16dbed7d8995566b77,towel,Wiping down tools.,,,,,
20a50f325be0812f83d7,towel,Insulation material,,,,,
8c80769ce4a70e7305d4,fork,Candle holder,,,,,
8dfb905960ef678afccf,paperclip,Plant label,,,,,
65e0587ef3683c7d3187,paperclip,DIY jewelry,,,,,
928f87d7e467fa3b11ea,paperclip,Cord organizer,,,,,
83df2f5f5a4b299a828f,can,Cord wrap,,,,,
1ef73f33f4f4f405449e,can,DIY photo display,,,,,
23a8d6402c6d06583082,fork,Bookmark,,,,,
5d8dcf6cba6c3a2efc03,fork,Plant label,,,,,
baeb94c2cf941cb87f0b,can,Mail organizer,,,,,
9518a72792704bb119cb,book,Coaster,,,,,
d6c20649e99ebce27663,book,Paperweight,,,,,
b5318c37c2b0f39e259a,towel,Polishing jewelry and other small items,,,,,
55af4efa48cfc27c71b1,paperclip,Zipper pull,,,,,
87cc66621c896884c7fe,fork,Plant label,,,,,
d00a2a9eca69c3f9dd42,paperclip,Wind chime component,,,,,
3969616f3e76fa1eb371,can,Bookend,,,,,
7e178b03b6f814e5c64c,paperclip,Bookmark,,,,,
4cfd0035f6e67b65321f,paperclip,Bookmark,,,,,
85de2287639e0bd3fca6,can,Paint stirrer,,,,,
2b1e183aa87c6e6ed0c4,book,Decoupage material,,,,,
469fe1ed21b5b11ef492,towel,Removing lint from clothing,,,,,
b3bbc5e4f383985ad00a,towel,Polish metal,,,,,
bf45dbca96c36f52da7e,towel,Dusting,,,,,
987263ed7e34a56ea3f4,book,Trivet,,,,,
d6a0b8a1f6360e6b2226,towel,Cleaning up spills.,,,,,
166c0e7a0456c49d5118,towel,Removing lint from clothing,,,,,
0bbbbda6090928b10ebc,towel,Polishing cloth,,,,,
35a6e60d385abe9c0255,book,Desk organizer,,,,,
189b88b5077a16f3283d,can,Temporary fix for a broken ruler,,,,,
1938189117fb599afdae,paperclip,Plant marker,,,,,
9eb35337d92d2fa71ad2,paperclip,Cord organizer,,,,,
fb129059fe20195c01e7,paperclip,Bag clip,,,,,
90c16c2b13261d6c3823,fork,Plant label,,,,,
768d31682d362f39034c,fork,Measuring stick,,,,,
5a342530b51822a9ded9,towel,Cleaning tools,,,,,
e50d0c5f2de8761545ae,can,Herb garden,,,,,
d7c30fcda11c9594cd6e,fork,DIY photo display,,,,,
a87155712836937a5b47,paperclip,Bookmark ring,,,,,
edb8479a51817f354f95,towel,Polishing jewelry,,,,,
36bfa98740f849584b44,paperclip,Page weight in a strong wind,,,,,
55a59c1f495971e2d53b,paperclip,Wind chime material,,,,,
60800863868fc9f28130,book,Paper mache material,,,,,
55f023f6b4efb1a2450f,book,Decorative centerpiece,,,,,
93a270a4f19c57f98118,book,Gift box,,,,,
eb61c72a94ed08f58c9d,book,Sound absorption,,,,,
443d921318be11ad02be,book,Sculpture base,,,,,
447b1206bb251153e3bb,towel,Polishing furniture,,,,,
ac1c29bfe135821ed6d3,fork,Photo display,,,,,
df35dad1dc1eaf758518,book,Planter,,,,,
9da32d90659c12a30e62,fork,Plant label,,,,,
8d82fc89e8d7c56cd603,towel,Covering items during painting,,,,,
f9720b637325e703bb09,towel,Protecting floors from spills,,,,,
f2ca23b0a921991e152f,book,Decorative centerpiece,,,,,
609341f2daa326173db0,paperclip,Crafting material for beads and jewelry,,,,,
87c8b06377865fd609fc,paperclip,Temporary fix for a broken zipper,,,,,
32023564921fc7bdf744,book,Fire starter,,,,,
906b6f5630428a6d3c1e,book,Fire starter,,,,,
84ef1bd19c0b4ed88289,can,Seed starter,,,,,
453ff1ca2b9c5c351c3e,towel,Remove scuff marks,,,,,
8eb8c6d220cda0c2af4d,can,Zipper pull,,,,,
cdce93b22716cc50d114,book,Paperweight,,,,,
0db1dec390786334e54c,can,Seed starter,,,,,
f6d70b8011aa1632b535,paperclip,Bag clip,,,,,
13152fa4005fff6a8ee0,paperclip,Jewelry organizer,,,,,
55b6118be328f3d80e99,book,Weight for yoga or exercise,,,,,
8dfe575e32c2ffc8d2bc,towel,Polishing jewelry,,,,,
f450fafe5fe1aa665aa3,fork,Pencil holder,,,,,
dd745fe98a34268ef314,book,Gift wrapping,,,,,
c13eb760d4e2cfc282b0,paperclip,Zipper pull,,,,,
566a1bc4e5e6b394d269,paperclip,Temporary fix for a loose screw,,,,,
9f1a5153093b1e35c7be,can,Herb planter,,,,,
e103cf61086c759d2650,can,Wind chime,,,,,
4648b6ff335e2a8e3e28,can,Crafting tool holder,,,,,
235b8344a53fd298a1db,book,Coaster,,,,,
f2a78e3b9b6fe64ac31d,paperclip,Geometric pattern maker in painting,,,,,
9ae89654380894de5d3b,can,Seed starter,,,,,
dd6d47abc0fde41a28bf,fork,Pencil holder,,,,,
fa7f9475b1c9266d6112,towel,Picnic blanket,,,,,
03f33d1916010ac029cf,book,Coaster,,,,,
e25ceb7c169d2c53e833,book,Desk organizer,,,,,
7359108be20aca84096b,towel,Stemming dropped wine bottles,,,,,
f730a96a4727d0ca84ba,can,Pencil holder,,,,,
cd27a7e8f8c919e5d57c,fork,Picture hanger,,,,,
ef4459067c92fe56c5be,paperclip,Mini bookmark,,,,,
6e96bb7137c41f69b83a,can,Bird feeder,,,,,
6f236f92d2bbda193c7b,towel,Dusting blinds,,,,,
ca9a81077fa0d6fdf0eb,paperclip,Zipper pull,,,,,
7f46d438ccbdc015d986,paperclip,Cord organizer,,,,,
0373d80ebcabaf38c3ab,fork,Measuring tool,,,,,
e67d9a2bc6b747e701ad,can,Pencil holder,,,,,
9b03089c6134ef6817d4,can,Planter,,,,,
7fa0671dcd043afedd66,fork,DIY photo display,,,,,
06b52239568501ed5daf,can,Pencil holder,,,,,
6ce1fba27548fc83c0a8,book,Decorative item,,,,,
9b439f1068509237bae0,fork,DIY picture frame,,,,,
f6dc980b00807ddfe5b5,towel,Cleaning between keyboard keys,,,,,
cd0c09b2828bc7192555,towel,Absorbing excess moisture from plants,,,,,
2d48fb6783e438cc3964,can,DIY bird feeder,,,,,
19ac18ea1b1912aa851f,book,Stopper for a small hole in a wall,,,,,
ce8ef08471db4dc936b1,paperclip,Cord organizer,,,,,
6f9dbe470e90a39c238b,book,Plant press,,,,,
82b0e6f50af0249a0aa3,can,DIY craft material,,,,,
e77b2772df8eab5b875c,can,Bird feeder,,,,,
496b883f92fa7921702a,fork,Birdhouse component,,,,,
c5c9afa102b8bd4a4dab,paperclip,Zipper pull,,,,,
46d2960b35cd5fe383f2,book,Decorative item,,,,,
7491eb0d8e901659be44,fork,Wind chime component,,,,,
b02c3f56bcf06b7cedb3,book,Bookmark rest,,,,,
193e6a199a78e4bf673e,towel,Impromptu tablecloth,,,,,
339926894ebce4427798,can,Art project material,,,,,
73d548ea51a1c598e592,fork,Plant label,,,,,
3162068e5e0cc80c051d,paperclip,Temporary fix for a broken zipper,,,,,
d553d28e730d09caa8ad,fork,Inventive plant marker,,,,,
719467cd38afd891c3d9,can,Scented potpourri holder,,,,,
a6b9208fc8ee42f558e4,can,Wind chime,,,,,
a17c1a7af38c466d5a9f,paperclip,Zipper pull,,,,,
7b9d4114a598dabca0a5,paperclip,DIY photo display,,,,,
e8e8d6f9a361800e24cb,can,Bird feeder,,,,,
edb166dee38529f3ad17,can,Desk organizer,,,,,
34d47e0281a3bc1189e0,can,Candle holder,,,,,
db0166ec0b8ebfb8f5ce,fork,Paperweight,,,,,
d476f25f67f22adc03fd,book,Desk organizer,,,,,
45bc86c09f660b2eda05,book,Weight for a curtain or blind,,,,,
23d7b12214401d65c15a,paperclip,Temporary fix for a broken zipper,,,,,
82d7b0a29ca5a659048e,towel,Polishing metal surfaces,,,,,
f5c32c5f81c88b4721d6,towel,Outdoor picnic or camping table runner,,,,,
642db94044040edbbfcc,book,Paperweight,,,,,
a40298a9e77b92eaff9e,book,Book as a bookmark case,,,,,
5c06f68ac5ae6899bfdc,can,Wind chime,,,,,
283b1bc8199fd2a405f6,paperclip,Temporary fix for a broken zipper,,,,,
f9bd066519657dca849b,towel,Wrapping fragile items,,,,,
47c1ee90215b42c8385b,towel,Impromptu picnic mat,,,,,
fbf71afcf0ffcbcac7a2,paperclip,Plant marker,,,,,
7ceeb468e328fbcc94da,paperclip,Cord organizer,,,,,
91a5d38d01d63b60317c,fork,DIY wind chime material,,,,,
e4dc5708c6edcfacedad,towel,As a drop cloth for painting,,,,,
010206f8821472545f8d,fork,Pencil holder,,,,,
65a79cf8a2fb2e769a34,book,Fire starter,,,,,
a83caecf329417ea1d0f,towel,Cleaning pet areas,,,,,
11a49029cf402ce6e50b,can,Suet feeder for birds,,,,,
1b9db981a08db3c8a324,fork,Picture frame easel,,,,,
8e933bd447aa552ee792,fork,Small sculpture material,,,,,
1621b4776609384110af,fork,Mini garden marker,,,,,
12d3b1e624196846efae,paperclip,DIY wind chime component,,,,,
47df7994551877df5788,towel,Making pet beds,,,,,
5446c3bdee519cb34946,book,Doorstop,,,,,
ae45069541fc4d972cf0,can,DIY craft material,,,,,
5861110cf23ecdc156fc,towel,Drop cloth,,,,,
f3df7cf7525ac695feca,fork,Desk organizer,,,,,
e6a2ded71c789d4086c2,can,Candle holder,,,,,
77d120e9a9413de241f1,paperclip,Photo display,,,,,
b1213bcc2c643f91edc3,book,Bookend,,,,,
1feaa73bddcd37d469cc,book,Weight,,,,,
0ab839017ed850d1d739,towel,Picnic blanket,,,,,
db1949b973377fa466e6,fork,Key holder,,,,,
1901fa6b2e84b7315dd3,towel,Cleaning delicate jewelry,,,,,
cd79135f70307a9a9e4b,fork,Peg to hang items,,,,,
fe37632ea8093e1b36a4,book,Paperweight,,,,,
62a90436e0d6d14edac0,can,Mini shovel,,,,,
624d4f3d2afc9afd28be,fork,Picture frame,,,,,
4dada8291e101b8c1118,can,Bird feeder,,,,,
7234fba20a1c7b97c181,book,Photo display,,,,,
8f2d22e7b6decb533a3e,paperclip,Photo display,,,,,
4456c5a9f3c0c13c9fd5,paperclip,Jewelry organizer,,,,,
9b9ea86ea36fa62fc634,can,Candle holder,,,,,
41e7b418779400bb962e,paperclip,Plant marker,,,,,
a2e3ef9c3677d4ad6933,paperclip,Bag seal,,,,,
c623369b1af7b49060fd,towel,Hot pad,,,,,
e505f37dce36742f52e5,paperclip,Hold a circuit board component in place,,,,,
02d6f32f0f4192f55977,fork,Bookmark,,,,,
40dbc85bd809f3dbdc67,can,Mini lantern,,,,,
4423c7711cb2a73546e0,fork,Bookmark,,,,,
2668e94407d625390708,fork,Picture frame stand,,,,,
0c392ccaebfb52a22c85,paperclip,Cord organizer,,,,,
4fc8dc5ca9878eb92702,towel,Photo prop,,,,,
fb0b2c9641286e5eace9,fork,Sculpture material,,,,,
ef9010160945bab296af,fork,Measuring stick,,,,,
d91598e714ad2ad8c06a,book,Gift box,,,,,
1250e0cc3184317ac9c6,fork,Herb marker,,,,,
8769e110efd971821cdc,can,Candle holder,,,,,
753b8ea173db98fd05e4,fork,Photo display,,,,,
4be4a016b7c7d5f6164a,book,Book as a gift for a book exchange,,,,,
c66016ab72d50ad4f474,towel,Creating a mini-greenhouse for starting seeds,,,,,
1bab954847dfe9de011d,book,Photo display,,,,,
d863213b10b5117a0242,book,Prop for photography,,,,,
f2dba8bd7fa74f6710da,paperclip,Temporary fix for a broken zipper,,,,,
0d0a02ea49dea02161d6,can,Picture frame weight,,,,,
3ca150c4cfb810cbb5d0,fork,Paperweight,,,,,
274a6b365bb0fef6f8a0,paperclip,Tension gauge for tight spaces,,,,,
739336198ee6371174ff,fork,Plant label,,,,,
8123160e7b5bef9e8c7b,can,Cord organizer,,,,,
6601c55e808f97c3679d,can,Wind chime,,,,,
907acc46b95facfb7576,can,DIY bird feeder component,,,,,
633dc75f1b0a16f2243c,towel,Polishing jewelry,,,,,
501035b7cfeaaf046190,paperclip,Plant marker,,,,,
8ab147a082897af4ff9d,book,Fire starter,,,,,
22d482d73856a521d656,book,Coaster,,,,,
21041f871ef961faf3d1,paperclip,Mini bookmark,,,,,
a714477066b41b132262,towel,Drying pets,,,,,
e5272c38a5cd57aae634,paperclip,DIY craft supply,,,,,
a3b8703b247133ee0b1b,fork,Seed starter,,,,,
e6cd1ed089c4df82b427,paperclip,Bag clip,,,,,
d0bb7334674ec60986f9,paperclip,Bookmark,,,,,
cd9d3de1d24582609410,can,Potpourri holder,,,,,
c7af6539511681864695,towel,Wiping down garage floors,,,,,
e68085856cad665df4b6,can,DIY picture frame,,,,,
5cbd0a87e954c107f88b,towel,Wiping down surfaces after painting,,,,,
0ccecb007f310ff65755,towel,Dance rehearsal prop,,,,,
56ab89df92493022c50a,can,Potpourri container,,,,,
7f990ea18f352591e595,book,Fire starter,,,,,
a79bc8751b7334e17f5b,fork,Plant label,,,,,
b793e9b1bc4be6752466,paperclip,Puppet limbs,,,,,
528d854dd79f3eead3ff,paperclip,DIY jewelry,,,,,
10bd8c809308a7d14eee,fork,Shelf divider.,,,,,
302e9e5621caaa146287,book,Fire starter,,,,,
1a33f475219bae117856,paperclip,Picture frame hanger,,,,,
368c3b3e275008009365,fork,Pencil or pen holder,,,,,
f69a2b7e632ab85d62ca,towel,Handkerchief,,,,,
e7df8da89e2077fc5be4,fork,Plant label.,,,,,
4bebbb0c9c6dfa3ba5e2,paperclip,Temporary fix for a torn page,,,,,
861248140cfd2e5a47ca,towel,Drying delicate items,,,,,
fc9e896421654116db60,fork,Paperweight,,,,,
52f38ed18f1fa89ba763,towel,Emergency blanket,,,,,
e842830d1cfc4e321206,fork,Measuring stick,,,,,
7245b9293b0451ec7dec,book,Sound absorber,,,,,
77b9c5d53775f54bbcf2,book,Prop for photography,,,,,
1d1967d5e30fe98f24af,towel,Polishing silverware,,,,,
62051d1dea45cf5482ed,towel,Photography reflector,,,,,
2ace69c8f9829e136aa2,fork,Pencil holder,,,,,
2946cacb27197e2bc716,book,Packaging material,,,,,
f0204e75179232e37e99,fork,DIY photo display,,,,,
737992914d5bb9f2f121,can,Pencil holder,,,,,
ffbdca0a06e8fd0742d1,book,Gift item,,,,,
f5ac5851faf723a2d541,fork,Measuring stick,,,,,
af27e9e2bbf2173f2ad4,book,Fire starter,,,,,
0ac058491ef662d8afba,fork,Photo display,,,,,
237130043a5d5c4b702d,towel,Drying paintbrushes.,,,,,
a75465d05545686ec885,fork,Wind chime component,,,,,
abf22935a8273c85bc75,can,Drumming tool,,,,,
4945a5ca09eecf751bc5,fork,Puppet arm,,,,,
f2fb8550e88b4ea300ff,towel,Cleaning delicate surfaces,,,,,
d72e8011e8f60ac87337,towel,Wiping down equipment,,,,,
830babd885af37ff741f,fork,Paperweight,,,,,
56c6b8ca31e1fb92c4d9,towel,Polishing jewelry,,,,,
0d97f19f492d1a76f0d6,book,Plant press,,,,,
0307ed20dd21b317d71e,can,Paint tray,,,,,
1e14e2f4b21e9112c016,can,Photo display,,,,,
8e248a63163cc7266624,book,Gift,,,,,
aeb1e3f0accb3e120549,towel,Absorbing excess oil.,,,,,
75767bd8542335ada35a,towel,Cleaning a mirror,,,,,
89b7a8d2f62e6ddcfdb8,can,Craft project base,,,,,
ba6eb29b3e940f19c45c,can,Craft paint palette,,,,,
59b4257c9e88dbeb7493,fork,Pencil holder,,,,,
15006331f0ce197be60b,fork,Bookmark,,,,,
25afa5e6d892610bfb08,towel,Polishing jewelry,,,,,
db3fb0c9bc0e624ca77d,can,DIY photo display,,,,,
818ce4eba5951627a3c1,paperclip,DIY jewelry component,,,,,
66be2ddfa3890df87f1d,book,Gift wrapping,,,,,
e537a0f2187a25a51e97,fork,Pencil holder,,,,,
1a831f541012227de17e,can,Photo display,,,,,
481175fa3d687710e046,book,Desk organizer,,,,,
910c100ccd74e160eada,paperclip,Bookmark,,,,,
df3e9a1f82b1cd5f47e5,paperclip,Zipper pull,,,,,
beacb6c19fec50cb4c04,towel,Dusting surfaces in hard-to-reach areas,,,,,
05f15398f03510f0842c,towel,Dusting cloth,,,,,
8af1396d1590e24119ce,paperclip,Plant marker,,,,,
9a2667071ca2783b29c9,paperclip,Fishing hook,,,,,
c897f72fdf9f6754a60c,paperclip,Bag clip,,,,,
ef531c1b2053ba68b56b,can,Painting tool,,,,,
34655b1d71fdbf2c4628,towel,Drying car tires after washing,,,,,
5fb98ee11c84118d2835,paperclip,Wind chime component,,,,,
e00fccc6746408ef726b,fork,Paint stirrer,,,,,
a491f5556d75371ccce4,book,Desk organizer,,,,,
d02453592650351ba619,can,Small tray for beads,,,,,
9347d92ac056e4135b91,fork,Wind chime component,,,,,
192c5bdb796e54a13566,fork,Mini bird feeder,,,,,
fcca7bec11888bbdf666,paperclip,Wind chime component,,,,,
6f0a7fc52cea0b9e729f,book,Decorative item.,,,,,
79ac1b07a39fddbf388d,can,Lid for a container,,,,,
650248e300523a494f51,paperclip,Temporary bookmark,,,,,
3e65d6f57c42f32e18d6,book,Paperweight,,,,,
cbb7351d5e70f6b055f0,book,Weight for exercise,,,,,
c573d6cdab6469c3b901,fork,Mini hammer,,,,,
0ead5c5081e0bbb40202,fork,Mini shovel for small plants,,,,,
ede557570e70fe5bdce2,towel,Applying paint or stain,,,,,
cd511317238384056823,can,Paint stirrer,,,,,
18eeb07f6fe4547621ce,fork,Picture frame,,,,,
27eaf30cac10172178ca,book,Paperweight,,,,,
8a980fad2d78fc01a334,can,Mail holder,,,,,
fce33a15d9fba41d83a8,towel,Polishing metal objects,,,,,
2a9e87e52aed3466fd93,paperclip,Plant marker,,,,,
65e97b41b27ae0fb3668,fork,Painting tool,,,,,
9dae24159d55dc982a28,towel,Painting tool,,,,,
9e5e5b68e370c89f2f33,can,Wedge for opening packages.,,,,,
1587e49d68f12834835f,fork,Candle holder.,,,,,
06ebad41f582fa0ed7af,can,Bookmark,,,,,
d1c03727d3a4ab8f9f60,book,Bookend,,,,,
5a880f036538ad2466ba,towel,Wiping down surfaces,,,,,
fa12d2cdc561f97f30e1,can,Wind chime,,,,,
5ceccabf25d490217fe0,can,Drumstick,,,,,
5379fb585decf61dc3a3,can,Wind chime component,,,,,
c81b765b6ef698c4c3bb,paperclip,Pencil holder,,,,,
e1b73e3ea3e0c5055038,fork,Cord organizer,,,,,
74d2e1dd68227306d3b5,book,Weight to hold down a tarp or a large piece of fabric,,,,,
20ce306c4db631fa3a0e,fork,DIY bird perches,,,,,
4f14188695ffca65e314,paperclip,Cable tie,,,,,
8313097901e45b3286ed,book,Book as a music stand,,,,,
10a07a259e74e8adf867,can,Adhesive spreader,,,,,
189950b366e612e6664c,can,Outdoor lantern,,,,,
c9d017332185d1760708,paperclip,Bathroom item holder,,,,,
dcf7969677f4b05bb202,book,Decorative item,,,,,
db1d5914b49fe91817cd,paperclip,Temporary fix for a broken zipper,,,,,
fef3818b407867dda7c6,can,Bird feeder pole,,,,,
f3c2880775d68b9e1c5c,book,Modeling material,,,,,
2f3e25403e92298711d5,book,Fire starter,,,,,
cd180c90ea23b96c2050,paperclip,Holder for small items,,,,,
f95ba068ee28a702d2d3,can,Funnel,,,,,
cf7fca50bcee7ef000be,towel,Polishing metal surfaces,,,,,
0f70707a23700aa31cff,book,Doorstop,,,,,
8654f52e4f726a254924,can,Pet toy,,,,,
d12ce16df433891590f7,fork,Potting tool,,,,,
21db916619624759f316,fork,Pencil holder,,,,,
2c18478d36d3858371ba,paperclip,Mini bookmark light,,,,,
81eafc5b7947ae8aefcd,towel,Dance floor cover,,,,,
aee02116471eb651dc06,paperclip,Temporary repair for a torn page,,,,,
cabdbf181336025722c2,can,DIY wind chime,,,,,
87c270d9add8ae7e822c,can,Herb planter,,,,,
58d87de48de1d298fbd3,can,Masking tape holder,,,,,
86ef6fb54eff9a135d78,paperclip,Mini screwdriver rest,,,,,
cf1cd0412f5382eb263a,towel,Securely hold a plant in place,,,,,
97397cf1be3c2392d3b8,can,Craft material,,,,,
fa3b7c21eeabfa04a024,towel,Cleaning mirrors,,,,,
1d86c8c4b1899269fc0a,towel,Polishing metal,,,,,
d76cf9f1ae33cf657e33,towel,Applying paint,,,,,
29186f803d445c013735,towel,Cleaning tools,,,,,
eff40813bd89fa7850d2,can,Bookend,,,,,
adcd2a6c389ae8a4d1a1,book,Painting palette,,,,,
d143397e461440b60a01,paperclip,DIY photo display,,,,,
15508f5a4a41c3cec042,paperclip,Bag tie,,,,,
78dd629312b4218675a9,can,Emergency whistle holder,,,,,
23f7b81845bc9b605044,can,Wind chime,,,,,
962994b8ba7bfede5ca3,towel,Cleaning car interiors,,,,,
b6797c762f7db9ba3de8,fork,Wedge for opening packages,,,,,
19a25851b0ae1c417cb9,towel,Protecting furniture from spills,,,,,
9d630ab76f2a263f3aff,towel,Quilting material,,,,,
c2aed06601ab4d778cc0,book,Desk organizer,,,,,
c8d3636b29be898ac7d9,paperclip,Emergency cord repair,,,,,
0b9a4cd8891507528fed,fork,Plant label,,,,,
39ae1baac651eb03df4a,book,Bookend,,,,,
2540c9d3f2ed54fd3005,towel,Drying pets,,,,,
fbe9df9dae04220f2ccf,towel,Polishing jewelry,,,,,
3dfc0694e45b15fe9723,towel,Cleaning windows,,,,,
0a5129b57c8cf9aedbe2,paperclip,DIY jewelry,,,,,
18a9b2b84983da09d70b,fork,Desk organizer,,,,,
7fe5504a66acb9661250,towel,Polishing cloth for jewelry,,,,,
f208c68a19f63e32aa44,book,Bookmark,,,,,
7a0581c69f76165e811c,fork,DIY craft tool,,,,,
e772fdd5b8cab43e5f40,book,Sound barrier,,,,,
fc620ee45628e5f5a32c,can,Bird feeder,,,,,
c1e1cca0badae7669d60,towel,DIY drop cloth,,,,,
f68adc17dc69eec81d05,book,Plant marker,,,,,
31c710c73d0f863c046c,fork,Photo prop,,,,,
e5c5aed3471ad0537da2,book,Diary,,,,,
710d39cb3b07cf1416cf,can,Photo display,,,,,
dec2efe11f14574b359d,book,Paperweight,,,,,
a160c1f80c3fa132a2b0,book,Coaster,,,,,
de92db724fad127b880b,fork,Plant label,,,,,
f6cb83dad4ff25a2def3,can,Painting Smock,,,,,
35c48b9cc8893cf0a3f4,book,Decorative item,,,,,
ed68f7cc8dc43c2e959c,paperclip,Emergency repair for a broken button,,,,,
b7f5669e05b60b645c69,fork,Chalk holder,,,,,
492288e3600643f5f808,fork,Candle holder,,,,,
a5d094a8c6f0da1d6e14,paperclip,DIY jewelry,,,,,
14f5aee8d38180df9865,towel,Apply glue to fabric or other materials.,,,,,
b1b715d39d51fdcf059c,fork,Sculpture material,,,,,
2793e12bd6f22d70a084,paperclip,Plant marker,,,,,
048cba58d9609f4787a9,book,Gift wrap,,,,,
8dfdfafdb9e161d455ac,book,Paperweight,,,,,
ef25c21cf08f4077e252,can,Birdhouse,,,,,
986596f6ae6b8825298b,book,Prop for photography,,,,,
7b2f04157281d2efa188,can,Candle holder,,,,,
b164ea83a17e3afb1746,book,Book as a desk organizer.,,,,,
ea90f293a789cd851f9e,paperclip,Bookmark,,,,,
22fa91352f25cab6bfff,paperclip,Plant marker,,,,,
6f4d2e2a35253ebbae74,fork,Cocktail stirrer,,,,,
8aef9a9bca3b2346892a,paperclip,Temporary fix for a broken chain,,,,,
aeb1ae59d5c5a1f60789,can,Pencil holder,,,,,
146d5cfa0630510cd2e3,book,Bookend,,,,,
1a4de50082e111fed730,book,Desk organizer for pens,,,,,
146b14a0732c16d9ed4a,towel,Creating a temporary fix for a broken strap,,,,,
047057e88d0eecf8e6e1,towel,Cooling down skin in hot environments,,,,,
500a1cb318664f6c185e,towel,Absorbing spills,,,,,
caa9d39e2671f0f67c3e,can,Firewood holder,,,,,
94be74ef41fdf937273f,towel,Use as a drop cloth,,,,,
8820f506ff9b579ea01f,fork,Plant label,,,,,
447ee57cfb491618551e,can,Birdhouse decoration,,,,,
7ca2ab7b915389f5879d,towel,Cleaning up spills,,,,,
60e11c55687d7dc8e6d5,paperclip,Cord organizer.,,,,,
965bfd5e6f840665f6d8,book,Bookend,,,,,
5d67b533cd5bcd0fd115,paperclip,Mini bookmark,,,,,
99da86e8966d43cfb78d,towel,Drying tools in a workshop.,,,,,
d30c4df9d57adb83cad6,fork,Pencil sharpener,,,,,
dba8e30d5c6ddfeccd26,towel,Gift wrapping,,,,,
45693382773563ccf73d,fork,Sculpting tool,,,,,
4a5a9d97481e711a965f,book,Coasters,,,,,
102840e216d4814e4304,book,Paperweight,,,,,
1f4628f8ad48419172f4,paperclip,Cable tie,,,,,
464132ad6236d4f6a4d4,can,Seed starter,,,,,
4916e93bc1e62b1419c9,can,Geometric art piece,,,,,
4bb95e1b4a742f828f6d,can,Decorative accent,,,,,
19a616934e87be267080,fork,DIY wind chime,,,,,
0a2b0f0876398f46d6e4,paperclip,Cable organizer,,,,,
0cdc69bb778b2c197f3c,can,Weights for a homemade desk organizer,,,,,
b0607c1f2e5bb970e6be,book,Prop for photography,,,,,
4ee2e1685627c6c9e26f,fork,Mini drum,,,,,
45aeb35a925107ade99b,towel,Carrying small items,,,,,
fc0ce1de43631201aa02,paperclip,Emergency bookmark,,,,,
d16a26ca085e42234106,towel,Drop cloth for small projects,,,,,
7ce1a0bff1bfbf0a0e8b,book,Desk organizer,,,,,
4d8d793508e30a327ae6,paperclip,Bag clip,,,,,
3bc34b99cc41f3ed2375,can,Bookmark,,,,,
f79302ade1ecf04e3b80,paperclip,Temporary fix for broken zippers,,,,,
e70df321099107c10364,paperclip,DIY photo frame,,,,,
1e181d5e9f067c5725dd,can,Mixing tool,,,,,
1346c3a014755ee1d98a,towel,Drying delicate artwork,,,,,
bcc52bfdf7924eb2d8dc,can,Stepping stone base,,,,,
48fab6fa2dcc1d7b242d,towel,Drying dishes,,,,,
f26643b2b8fff5bec242,book,Plant stand,,,,,
be36355bca379ec54d6e,paperclip,Pencil holder,,,,,
cf3d119df086db1f1067,towel,Polishing jewelry,,,,,
5a63366b5c34a7871906,can,Gift box,,,,,
df55a017c22636268d3e,paperclip,Bookmark,,,,,
57dfe177a59dd9631073,paperclip,Temporary fix for a broken button,,,,,
0a9556fdd7248edef767,fork,Measuring tool,,,,,
78f54fdd31f41cfacfe9,towel,Cleaning car windows,,,,,
c75abab96c47047ffca2,book,Plant press,,,,,
1b0ee3c4852c052ee9a0,paperclip,Sculpture material,,,,,
4cdfcd602c532262f33b,can,Wind chime material,,,,,
8ec1b733f097d101b640,paperclip,Emergency cord organizer,,,,,
e56fd5d3bbf15ce4f320,towel,Protecting furniture from spills,,,,,
9a31f6cf2ff7e8b01cdb,book,Coasters,,,,,
b73e1fc3ac4ba3bd8741,paperclip,Mini easel for small art pieces,,,,,
5db28689e3b65611867f,can,Paintbrush cleaner,,,,,
4b99b05709a073f0103f,book,Table centerpiece,,,,,
1a02e4e7d75e6e3d8ba7,paperclip,Cable tie,,,,,
dc0ca20e1f82500a856f,paperclip,Bookmark,,,,,
c7acdd0c96a14a608827,towel,Wipe down musical instruments,,,,,
11a9f8fcc9d7b8b3a54d,paperclip,Temporary fix for a broken zipper,,,,,
acdba96ffe2127dc029e,paperclip,Cable tie,,,,,
aca66e972eab0fce3330,book,Desk organizer,,,,,
7d7e8238bea846281204,can,Plant label,,,,,
520662e4b7856a1222a0,towel,Polish mirrors,,,,,
d641129fc656203d365e,fork,Herb marker,,,,,
46991ce159562f6d48f6,fork,Coat rack,,,,,
5d93f947ce4712295c1f,can,Wind catching decoration,,,,,
b55800f5b4f586cf4dc3,can,Seed planter,,,,,
8cea087174225e8bf8b4,can,Garden border,,,,,
d7318ce32cab2e089f6d,book,Coaster,,,,,
8ef684f0e9bf1a6f4b48,book,Paperweight,,,,,
5daa4224690b2fa86a95,fork,Jewelry organizer,,,,,
7c72ab916badd16aa74d,can,DIY clock,,,,,
4c1a58624047922713bf,can,Candle holder,,,,,
b205728fcfd829daffb3,fork,Keyboard rest,,,,,
958d6fb59959e335e0b5,book,Science experiment materials,,,,,
6e40561941de8fa7ddd4,paperclip,Plant marker,,,,,
95b0ee69a1283c6b1919,can,Desk organizer,,,,,
4082a203d128eb178def,towel,Cleaning electronics,,,,,
38466033f3da15c71e18,paperclip,Mini bookmark,,,,,
8c606e2f5e6b984c2f92,paperclip,Emergency cord,,,,,
843af2eaa7047b1c646f,fork,Pencil holder,,,,,
3f87b0ec7bf38135909c,can,Small vase,,,,,
568e92738d916ff23b00,book,Coaster,,,,,
3235d9c10851e2df7bf2,fork,Plant label,,,,,
aec6257cdda4486145bb,fork,Candle holder,,,,,
64e3640885c66cdfc414,paperclip,Temporary fix for a broken zipper.,,,,,
e347024cc25394a139aa,towel,Wiping hands in a public restroom,,,,,
b3f243188992a5ae9b18,towel,Cleaning spills,,,,,
4e4c52fd295597acb4c8,can,Bird bath,,,,,
a79270cca3e36851c8d8,fork,Wind chime component,,,,,
2b50629667f0c9b8c1b3,fork,Spud for digging,,,,,
e5b7b8644dca5305d96b,can,Bookmark,,,,,
eeeaf65d7832496bb6ac,book,Doorstop,,,,,
5731c8f789b4af7b71dc,paperclip,Temporary fix for a broken zipper,,,,,
934b1ca786a7af085f40,book,Photo prop,,,,,
f139b5959d5a9f86aaa5,fork,Candle holder,,,,,
8401c27070b84f26d5eb,towel,Hot pad,,,,,
9f65c74d1b537881c069,paperclip,Bike light holder,,,,,
d95a331092caa017a393,towel,DIY photo background,,,,,
f9ecb4324845ce4a7f86,paperclip,DIY jewelry,,,,,
06bfb2487ca93afca76d,fork,Bookmark,,,,,
7c5710e70d2ee62f4909,towel,Creating a macrame plant hanger,,,,,
f3c8363f9733385177d6,towel,Drying flowers,,,,,
c9dc94ca662776bd18bc,book,Paperweight,,,,,
87e4ed3640b1bc94d02f,book,Decorative item,,,,,
bafdc5c49040a4d1fc5a,book,Desk organizer,,,,,
e9a15960ffa202edb52e,fork,Bookend,,,,,
fae3a3f2f7b2e806762f,paperclip,Temporary fix for a broken zipper,,,,,
c447eeed71dced2ba07a,can,Rule,,,,,
041e95802ec354a01124,paperclip,Cord organizer,,,,,
64671026f7f442cd50cc,book,Book as a memory box,,,,,
e81bcba4eb9a37bcb5cb,paperclip,Zipper pull,,,,,
67295b71df267707ae6c,can,Spice container,,,,,
43bc3cc6b99f53236f9e,can,Wind chime,,,,,
5d0494c40233e1557271,towel,Drying flowers,,,,,
1c8810e110dcb7ff925d,book,Book as a prop for photography,,,,,
a2f6ef708ae49405b19b,towel,Absorbing excess oil from equipment,,,,,
3af89685a274a94ba43d,fork,Plant label,,,,,
198fe8e69f78d0c22ee8,book,Book as a paperweight.,,,,,
27f377e21ca8bc6db843,book,Plant press for delicate flowers,,,,,
4db655eefcd978a32fc4,can,Candle holder,,,,,
79101aa8675313f4bd36,can,Mini vase,,,,,
df5555656f3f12a4a89e,towel,Removing sticker residue,,,,,
8f750e1de9aa95f629f6,can,Bird feeder,,,,,
5bddd9d9ceca1a129cf6,can,Geometric sculpture,,,,,
d193e6e35389db450d6e,can,Sock holder,,,,,
21d20a1fdb78e1d93b34,paperclip,Pencil topper,,,,,
cbfe07330ac9e2cc3bb4,towel,Sweeping up dust,,,,,
438652405f03187a9ade,book,Plant stand,,,,,
03c085a64ce3ed3f5afe,paperclip,Phone stand,,,,,
abe70479b521ea2b609a,book,Desk organizer,,,,,
85e9075423d74171e63b,fork,Picture frame,,,,,
af294b127749371db214,towel,Improvised tourniquet,,,,,
955a88f07d6f0d73ce03,towel,Painting drop cloth.,,,,,
955fe336e2cc0494baf8,paperclip,Wind chime attachment,,,,,
fb98535e0f7bdc389b7e,fork,Candle holder,,,,,
f263ecdb6badda6c6fa2,fork,DIY craft material,,,,,
e2a8239a54caea86af88,fork,Sculpture material,,,,,
b701e0295aee43a0cbcb,fork,Pencil holder,,,,,
26f8d2e566ce28800b6c,towel,Dropping wet clothes on it,,,,,
2e9c268baab24661c725,towel,Drying dishes,,,,,
09e7d2f45ae792ef4008,towel,Drying plant leaves,,,,,
9453bc0fcf56154614ca,towel,Gym workout sweat towel,,,,,
384a8e033aa6f16f4f6e,can,Paint stirrer,,,,,
b2e727b0db859e5816cc,fork,Wind chime,,,,,
27050883d0a4c4cb2a79,paperclip,DIY photo holder,,,,,
cff87833186592b26207,fork,Bookend.,,,,,
44773a371bfe1262dbfb,paperclip,Crafting supply holder,,,,,
48542d38a7dfa9e11dd5,paperclip,Marble or bead game marker,,,,,
73fa8f20117a1b63db5e,book,Gift wrap,,,,,
cd64cf821b37d10ff838,paperclip,Zipper pull,,,,,
e8419f80f6bbf9de2d71,paperclip,Emergency fishing hook,,,,,
4548c28a64f648786476,can,Paint tray,,,,,
9955bc3c3d7ec2742ed9,book,Desk organizer,,,,,
d5747cce115b014b3690,fork,Paint stirrer,,,,,
d16a1971e62a66a65ec8,can,DIY craft supply,,,,,
099aa722a3679f16af2d,paperclip,Zipper pull,,,,,
fb512bd0179c68218a75,can,Garden label,,,,,
f533f8c8609922c7b7ae,fork,Paperweight,,,,,
d757f0aac2708728714b,towel,Cleaning up spills,,,,,
96ec60687c7169ea19ed,paperclip,Cord organizer,,,,,
4c65cfc4a5c5c1010ba1,fork,DIY photo display,,,,,
4e21b4d44a8c7294de29,paperclip,Cord organizer,,,,,
3e1631bfce07fe233437,towel,Outdoor tablecloth,,,,,
45edae682ea10821c8e1,paperclip,Geometric pattern maker for art,,,,,
1c42f416b887084b2162,fork,Paperweight,,,,,
5ad0b0f307d48b1a92c0,paperclip,Decorative earring,,,,,
e0edec9578387f8df87b,paperclip,Cord organizer,,,,,
457038f748cfe29806c4,towel,Painting tool,,,,,
32626ed283e6d49a1dac,book,Bookend,,,,,
43b6d3870219c242c43f,fork,Plant label,,,,,
60d560047849d3a8da4f,towel,Polishing metal,,,,,
9c144e585022781bb8ed,book,Sanding or polishing surface,,,,,
03387b0974f6cdeedcaa,paperclip,Plant marker,,,,,
fede96d2e0aaf2305934,towel,Drying delicate items,,,,,
2ae273b1ed5957484cc8,book,Calendar,,,,,
1e48f88a775474b7591d,book,Gift for a bookmark enthusiast,,,,,
844440dc2fd9aea38a9c,towel,Cleaning surfaces.,,,,,
d57c5b48baf7ef4bcb41,can,DIY photo holder,,,,,
12645a8aa20048904272,fork,Craft stick,,,,,
5590a5fdbe244d81f154,paperclip,Bag clip,,,,,
097c848201875521350c,can,Scraper,,,,,
2ba4e60c763cf372bf22,towel,Drying plants,,,,,
6047cc5a8ba0134c313a,fork,Wind chime component,,,,,
cc19c4071b5babb72ad6,book,Coaster,,,,,
3039a3dfbb60b90f748f,book,Desk organizer,,,,,
768a7f394d3d2b449209,paperclip,Cord wrap,,,,,
be47d78f91360af3048a,towel,Polishing metal surfaces.,,,,,
ddde8029d283d3be0866,towel,Drying laundry lines,,,,,
ffe9493125386b3a8e22,towel,Cleaning spills,,,,,
5db8a629ec2aab8c2987,book,Coaster,,,,,
53e8cc20333d2304edcf,paperclip,DIY photo display,,,,,
4f54c93c9596b6ae271a,book,Decorative item,,,,,
cb184e97ef8a4ea3105f,can,Mini sculpture base,,,,,
fb831eadfc235e2c0188,fork,Plant label,,,,,
d567f17e05e7ecf8d683,book,Gift for a reader,,,,,
213e82061462521cb801,towel,Secure a bundle of items,,,,,
8ab769dcb8a7a88c4d5d,can,Bag clip,,,,,
48453d5f8cbcfd67e917,paperclip,Wind chime component,,,,,
bc98e47f1461831f489a,book,Sound dampener,,,,,
0cea9085b8693fc8e4f9,book,Scrapbook,,,,,
89e1682c459e639ada0b,book,Desk organizer,,,,,
c20bb373ec618332b37d,fork,Prop for photography,,,,,
28d19b0f6150b0e9bbd0,can,Plant marker,,,,,
a3796b956dbe59d68640,book,Coaster,,,,,
c90d5fa6ccddd19d2bd7,paperclip,Emergency repair for a broken earbud,,,,,
be8b9a08b0453e434008,can,Paintbrush holder,,,,,
901453cb41e220d1a37e,can,Drumming tool,,,,,
8c104c660977143fe31c,book,Weight for a model plane,,,,,
e004aa6799571d6ece1a,paperclip,Stop for a pen or pencil,,,,,
98a45c093173b83fafe7,can,Bird feeder stand,,,,,
fac83bbf783a448a1718,fork,Bookmark,,,,,
026319be32f633d527fc,paperclip,Desk tidy,,,,,
8580f0a5114dccee4299,towel,Polishing metal objects,,,,,
28c0949575d6672fa3be,towel,Dust furniture,,,,,
df8511b42523f49f4e02,can,Bookend,,,,,
7ef149a7b2386b975ca4,book,Coaster holder,,,,,
b553c044dc6afd5837b3,can,Gift container,,,,,
b395c641d14743f97dfa,book,Fire starter,,,,,
400c6c94efe43bce60a6,fork,mini shovel for small plants,,,,,
931cd06ab121008eabdd,book,Doorstop,,,,,
1071b8caf35298ff747a,paperclip,Bag clip,,,,,
cb59186efe5a5263b8c7,paperclip,Emergency screwdriver,,,,,
503281756b44f0d4b6ac,towel,Wiping down counters,,,,,
9700c2d835f0fbf864f3,fork,Candle holder,,,,,
7d72c8e0e221dc46d571,towel,Protecting furniture from spills,,,,,
5b6449231347d921a1bc,book,Gift wrapping decoration,,,,,
679f742586b933dd7e93,book,Coaster,,,,,
3e0e6f9654892ae0a88f,book,Step stool,,,,,
81ae6b56e0761e99f652,book,Bookmark,,,,,
3c3d4311ccc463bd0aec,book,Bag filler,,,,,
5d3e8f2d6c7a9e79f473,towel,Drying dishes,,,,,
df2beca5bf2f350ee3aa,fork,Pencil holder,,,,,
1405d2a9e886d0124e44,can,Ornament base,,,,,
736f8512727eaaec4864,fork,Magazine rack.,,,,,
30ca8f48f4196405133c,fork,Desk organizer,,,,,
95947579cf08d2df3dfa,paperclip,Temporary fix for a broken zipper,,,,,
48d66abf4d43b4b4e13a,can,Wind chime,,,,,
94f182087fc2ce4a17db,towel,Polishing jewelry,,,,,
e578f32860ac6bd9e07e,can,Gardening tool rest,,,,,
cc4e5df895a2457e673b,paperclip,Mini bookmark for small books or notepads,,,,,
76af06a4680ab5632452,towel,Cleaning tools,,,,,
28163f122d402065c757,towel,Painting with,,,,,
48d915d3b6c8ff51483d,towel,Wiping down tools,,,,,
b44dd7f63d071c6ccb70,book,Decorative wall hanging,,,,,
96ba87d26fe066d08d86,paperclip,Temporary fix for a broken earbuds,,,,,
7399966b264d0e307417,can,Birdhouse,,,,,
746e872d4c961fad7094,towel,Wiping down surfaces,,,,,
58197db1c524adfa55a7,can,Potpourri container,,,,,
5c646b330432a276cf89,book,Paperweight,,,,,
c1a1f77e5319af3523f5,towel,Polishing jewelry,,,,,
8fa264642eed32596ac2,paperclip,DIY picture frame hanger,,,,,
bc3f09680e2410261d5d,paperclip,Cord organizer,,,,,
88f10eb36a7e16076e8b,paperclip,Plant marker,,,,,
233f3d4da2d0e4458ca2,paperclip,DIY plant marker,,,,,
f8fe0654dab6c0eb757f,towel,Cleaning jewelry,,,,,
267e8edeb252f9e0d814,fork,Twig holder,,,,,
3d5e7a2faeb8e3c9eb8a,book,Bookend,,,,,
ba69d46bebd483afb57b,can,Mini planter,,,,,
15f9cd571e444a2e3f31,towel,Painting medium,,,,,
5d38867f22a90234af5d,towel,Outdoor ground cover,,,,,
3c43f3b51f8df18e9a61,towel,Picnic blanket,,,,,
95ac233be8d01070492e,towel,Scented sachet.,,,,,
14364da02cdd34b4e68e,fork,Plant label,,,,,
9295de3e957e17b96115,can,Plant marker,,,,,
ee19b203509c250ddad2,towel,Protect furniture from spills,,,,,
c0af0e3516e24280ec8c,paperclip,Jewelry making component,,,,,
67d4476d4e2e7e0e2797,towel,Drying delicate artwork,,,,,
01bff40dfcb232d4ced9,towel,Dusting surfaces,,,,,
ae18247daa0cf9db6280,towel,Wiping down surfaces,,,,,
487e772413de8569f17c,book,Packaging material,,,,,
de006f3e20d84717ed8f,can,Plant label,,,,,
ba34c62cb89edc8536d7,paperclip,Temporary fix for a loose screw,,,,,
788054550fd41f5c0719,towel,Cleaning tools,,,,,
e95ccec85938600fe38b,fork,Measuring tool,,,,,
93e78cfc5ad0e62b8165,book,Decorative item,,,,,
ece595d4ec00db48a7c2,towel,Making a DIY photo frame,,,,,
2ab41d994fdc9aafa35a,book,Desk organizer,,,,,
cbd6ce6a3d0a85154eb5,can,Scent diffuser,,,,,
3f1be8104501bb1d1ff7,towel,Emergency signal,,,,,
be2a7e5c93e58586ea05,book,Gift for a book lover,,,,,
c0aa026188211f33335d,book,Bookmark,,,,,
a22ddfee46fc4d51f6fc,book,Book as a bookmark for a bookmark,,,,,
4bdf4954827b413289f6,paperclip,DIY jewelry component,,,,,
cf3ad19a45077354121a,book,Decorative wall hanging,,,,,
1a52e43c6f5644506af5,fork,Craft project base,,,,,
53849a5e80344d0add58,paperclip,Temporary fix for a broken zipper,,,,,
e3764128ae33186888d2,paperclip,DIY photo display,,,,,
c9b5166d9c3ac8542006,can,Picture frame,,,,,
9bef5a780b2ad9e74da7,can,DIY photo display,,,,,
42d7e2e7c762ddfc7a84,fork,Wind chime.,,,,,
257d12f1fd2c448cdc33,towel,Wiping away sweat,,,,,
800d65164c9ae321c5e4,book,Decorative item in a room,,,,,
3f0ea1b0ad371850c0b6,can,Candle holder,,,,,
fac56d9281d964c3ec13,towel,Wiping down surfaces,,,,,
1fb8ddc9646d409ea068,paperclip,Bookmark.,,,,,
a8f0f3f538cdf46fda58,can,Scented potpourri holder,,,,,
598612c81f4193077deb,towel,Cleaning up spills,,,,,
dae556e4082223d1a3c7,fork,Photo display,,,,,
724a62d01a61693f278a,towel,Dusting furniture,,,,,
4167e618d65bba970a79,book,Coaster,,,,,
60b6c0a85543317f8e65,can,Dusting tool,,,,,
5dcca0af045c856f3168,towel,Curtain,,,,,
dcee3336f50485086324,fork,Sculpture base,,,,,
be3a1f24c1c9d614fe90,paperclip,Wind chime component,,,,,
8c708c934dd56dcc6c20,can,Desk organizer,,,,,
184021aca958d1e394b8,book,DIY craft material,,,,,
2caf763fd63904a31b30,can,Planter,,,,,
ba270765f5e0ca8d0310,paperclip,Temporary fix for a broken zipper,,,,,
eb0142cd0a905279eaa8,can,Herb planter,,,,,
616db653db7818ee33c9,paperclip,Wind chime component,,,,,
3221f99e8c5cbc894f04,can,Bookend,,,,,
7ff1ee0103f465b90131,fork,photo display,,,,,
8f97138d62678b6db20f,book,Bookend,,,,,
769b049bf4f1b9f03245,paperclip,Picture frame hanger,,,,,
1afd7a554e7182acf743,towel,Craft project material,,,,,
ca8675e4422860355118,fork,Plant label,,,,,
c3495183b46b946ac22d,can,Bookmark,,,,,
0e22a4ec62d499e7c5fd,can,Picture holder,,,,,
df9d4f4649a67cd74c22,book,Weight for a doorstop,,,,,
12b1398b3a0f15777a3c,fork,Hair pick,,,,,
d4808feb7b57e29cecd0,book,Desk organizer,,,,,
20c5e2253b21cf9c9b52,towel,DIY painting smock,,,,,
55d3cdecd8513b5cc0af,fork,DIY picture frame.,,,,,
23a7bbcac8f356cb2e2a,can,Desk divider,,,,,
4154be49a7dda035f90d,book,Weighted object for exercise,,,,,
d093472eff1f37778e04,towel,First-aid dressing,,,,,
668a00ad4f95ad20f0a7,paperclip,Plant marker,,,,,
48b6f87260f7dbe9e720,book,Decorative item,,,,,
c9cc8ed9529ebe8558b6,can,Cocktail stirrer,,,,,
418db7451ff1bbc9b945,paperclip,Cable tie,,,,,
ffd67e5f4480f8241650,book,Coaster,,,,,
555f641c276da6b556a5,can,Dramatic centerpiece,,,,,
4dfc166a485a1d7cb23e,towel,Impromptu blanket,,,,,
ebe4b259976dd6b757a3,can,Pencil holder,,,,,
aa29dbcfe6a9873b61f4,towel,Dusting furniture,,,,,
1e569b537924a84869c3,book,Plant stand,,,,,
826fe937f05de137f10f,fork,Shelf divider,,,,,
b1a87b2f2a0390504967,can,Candle holder,,,,,
740c3dbbec7185ee069d,towel,Drying dishes,,,,,
5207b70ea4bd286432d5,fork,Plant label,,,,,
37c7f53ff116c506db83,book,Gift for a charity auction,,,,,
ded75a382b7900caec06,can,Wind chime,,,,,
ee11dc322a2222c062d1,fork,DIY model base,,,,,
17ba4d2b518881cae7fd,fork,Mini skateboard ramp,,,,,
253deeadb5eb2675b1f4,can,Spice container,,,,,
f8a4ccd36229cafad2db,book,Coaster,,,,,
152ada4648eac4c78cec,book,Wall decoration,,,,,
5f1a138e3a1b1dba7fc4,towel,Cleaning rags,,,,,
db967af58e48d5ef9e04,can,Paint palette,,,,,
c33ce4b1048fe3b48892,book,Insulation for a small space.,,,,,
87322695ec7a59a81b13,paperclip,Mini ruler,,,,,
c777763b7947641d33c8,book,Bookend,,,,,
d192f78b09ab0ed45e6a,fork,DIY wind chime,,,,,
61832430242af3f28afc,towel,Insulate cold windows,,,,,
976f3ab2e657759db702,book,Bookmark,,,,,
b57caf112ce4e63314f9,towel,Drying pets,,,,,
d2dbbc0c365c52ad1806,paperclip,Plant marker,,,,,
baa411ba122492e69ad7,book,Paperweight,,,,,
f685b89c0d8bbd0e2391,can,Fire starter,,,,,
a3eacbd46208084c2441,book,Paperweight,,,,,
17fe1c87fe37ba051ed3,fork,Desk organizer,,,,,
685331f08a167afd061c,paperclip,Plant marker,,,,,
4efc82a69ee472dab9e7,towel,Emergency blanket for outdoor activities,,,,,
b6424165106d02f9ff46,towel,Dusting furniture,,,,,
46c8d0a356e9104fec6e,can,Paint stirrer,,,,,
6b1712880336d6541e3a,towel,Wiping down pets,,,,,
91dde07e0d0d0abc94c3,towel,Covering electrical outlets,,,,,
5b3b6ded3b52bf9b2321,can,Planter for small plants,,,,,
9e25f6990d64c73888c6,paperclip,Bookmark,,,,,
f17f492126211e2350e2,towel,Wrapping fragile items,,,,,
d9285a2b650402aabb55,paperclip,Emergency fix for a broken chain,,,,,
d2eb4dd376c4de0294dd,book,Fire starter,,,,,
2ee6bac64cb0b5c15eb6,book,Paperweight,,,,,
46c40b6b2a4b7cb8d3e1,book,Paperweight,,,,,
c9208a79c12515a4623a,fork,Craft material for kids,,,,,
485618acaf0719df2708,book,Fire Starter (in a survival situation),,,,,
11ceef7606af599fb489,paperclip,DIY jewelry,,,,,
6ff65b2c749867fe6a3c,book,Plant press,,,,,
97b191ab79d95f62f170,paperclip,Desk organizer,,,,,
0ba73b46837b92c85381,book,Coffee table bookend,,,,,
f87d931a759fb3df0154,towel,Drying jewelry,,,,,
f8017cbcbd775d229faa,can,Measuring stick,,,,,
d0d27efe90ef0dbffaff,book,Desk organizer,,,,,
a0da7cd1047f60f67bc5,can,Plant marker,,,,,
c18dc9d413e1aedded03,towel,Wiping down surfaces,,,,,
30255cd2168846d53fa5,can,Paintbrush cleaner,,,,,
d42b852cdbd9d71e1da5,book,Coasters,,,,,
425fd204f6632391c7e0,fork,Desk toy,,,,,
2e78964016e60a37c532,fork,Bookmark,,,,,
78fe8a27c3ea4d2cc728,towel,Creating a DIY photo backdrop,,,,,
a11dc5adcd4f70b1c80c,fork,Coat rack,,,,,
08df69b5229099e341be,towel,Cleaning mirrors,,,,,
0cb264439466b8d8f6b0,fork,Emergency tool,,,,,
03e60851a07ed576c91e,towel,Wiping down surfaces in a garage,,,,,
3a0827968884daf2ff0c,fork,Paperweight,,,,,
7dfeb3dcc4ace13ee05f,fork,Mini picture frame,,,,,
30ebd759bfea2ee816ee,book,Fire starter,,,,,
a0ecefb918d29b67bf32,paperclip,Pencil holder,,,,,
093606b0e68f84c3daf3,book,Prop for a photo shoot,,,,,
5a4417c8fe59e6731da1,can,Wind chime material,,,,,
cc33c0c82afd5aa75eb4,book,"Book as a musical instrument (e.g., a makeshift drum)",,,,,
dcb7c0412c4559b2353c,can,Photo display,,,,,
f3b69127e6816b780656,can,Pencil holder,,,,,
2ede16f80eb0a693c825,towel,Pet bed lining,,,,,
9c96fda3f1549f33078a,paperclip,Painting tool holder,,,,,
198235620820da8c4147,can,Desk organizer,,,,,
3c66e51b690c75b891b8,book,Bookmark,,,,,
6ba5d9948123ab0e2ac9,can,Candle holder,,,,,
b3284e2c7645ca1ee025,towel,Dusting furniture,,,,,
559c126f5660a7d22224,towel,Dusting.,,,,,
5c500b32316e3f803ca3,towel,Protect furniture from spills,,,,,
b0ce02c39cabedb9defe,can,DIY potpourri,,,,,
5bbe70b2f2f932c99cd5,fork,DIY craft material,,,,,
e10c07077acb43d8b596,paperclip,Bag clip,,,,,
3746a226794137aba019,fork,Bookmark,,,,,
702af97a223376a421d5,can,Button substitute,,,,,
b3248b2c791124863f89,towel,Camping ground cloth,,,,,
3eeb7593259413568c52,towel,Wiping down musical instruments,,,,,
708c2d567f108d8879a6,book,Decorative item,,,,,
517cda091ca5678702d6,towel,Wiping down gym equipment,,,,,
65e4993cddf54c72bc5d,book,Coaster,,,,,
c8d1be83019842f8eb87,can,Craft Project Material,,,,,
5678a1b87a8ad7f421aa,fork,Bookmark,,,,,
97726cbb9f9b2cc79ec5,fork,Wind chime component.,,,,,
c0372b007ed6c2d90287,can,Fire starter,,,,,
0955a978ad140103c118,fork,Pencil holder,,,,,
f05a3b5da7b89cb2ea5c,towel,Dusting surfaces,,,,,
02898c480e40afab3499,paperclip,Creating a makeshift hook,,,,,
46150906fabd9012f9ca,book,Gift wrap.,,,,,
3d1284c7479a335728f5,can,Herb planter,,,,,
c34255d38b189f486a7b,book,Gift for a reader,,,,,
fceb08d5ec7de7a9807f,towel,Absorbing oil spills,,,,,
f73f15382c641677b776,fork,Tweaking small electronics,,,,,
bb58a5d5b43eb1cb5580,paperclip,Temporary leash for small pets,,,,,
41311d9a7fef3447afc2,paperclip,Bookmark,,,,,
323483909e35d615ace2,paperclip,Plant marker,,,,,
a7b0e1242e1b032ab2fa,can,Bird feeder,,,,,
da10696fbfd24716fb3f,towel,Protecting furniture from wet spills,,,,,
ba742e0cd7d43aa4067a,book,Prop for photography,,,,,
7ba71d2b477ee095b50d,can,Pencil holder,,,,,
2bf3cd45728a647562a3,book,Gift wrapping material,,,,,
5e5f4c0b8d1fc2934fd9,paperclip,Bookmarks,,,,,
9b4774ef42efbc928640,paperclip,Plant marker,,,,,
7f719b984fda388da52e,fork,Mini vase,,,,,
4142f42a21b55580571a,can,DIY photo display,,,,,
efb9a1ef8fd8ee3e5170,book,Bookmark,,,,,
4aa6244fbe4f058ab13a,paperclip,Mini bookmark,,,,,
c9e28589d3b155819051,can,DIY photo display,,,,,
f69a52c17a8e18f50440,can,Herb planter,,,,,
65cd9ac4119096bcc9c2,towel,Cleaning rag,,,,,
4eaf7546fccfef6053ca,paperclip,Cable tie,,,,,
e5c7eef6d02d285a1a35,fork,Spreading glue,,,,,
e6a62bc884f742aac634,book,Gift wrap,,,,,
7e33bb10be1cc0e802bb,paperclip,Temporary fix for a broken zipper,,,,,
a9005b20d00f04f7944a,book,Paper mache base,,,,,
86f09b12384a01db4f71,towel,Creating a DIY photo filter,,,,,
ae33b5d41da42c61fcaa,can,Plant marker,,,,,
e16b019fa056eefd4ac5,towel,Insulating delicate items during travel,,,,,
f6524061f43d86a3a70d,book,Desk organizer,,,,,
cbcfaaa7b2ce53cc7938,book,Trivet,,,,,
b87279eb01b88deee08e,towel,Dusting blinds,,,,,
006389419d08bc72ae39,paperclip,As a makeshift bookmark clip for thicker books,,,,,
4f659116c6ddcdc7db3b,can,Paint stirrer,,,,,
33909442c187be3acf2a,towel,Dusting furniture,,,,,
671595d98adb3330fcf8,paperclip,Paintbrush holder,,,,,
311a0619638d4db6a87f,paperclip,Mini level.,,,,,
760e02948f2c2222dba8,book,Desk organizer,,,,,
9470ef47a648017dbf67,fork,Pencil holder,,,,,
dbffa0d6fc83a4c1b9d2,can,Wind chime component,,,,,
53b7d88d2d21d6710cc5,paperclip,Sculpture material,,,,,
2e5c6771f12d57133d20,can,Plant marker,,,,,
a71933936ea38277e73f,towel,Polishing car trim,,,,,
5b7eeabace52a06b379e,paperclip,Zipper pull,,,,,
627e38badd11c3f45618,towel,Polishing jewelry,,,,,
4956e22320ab7258ae44,book,Wall decoration,,,,,
2da1b923813cede79563,towel,Cleaning up spills.,,,,,
002d6f1d30dc53283932,book,Gift wrapping material,,,,,
899ab2a8668ab3bc50f1,can,Bird feeder,,,,,
02d07157c5c6763019f2,towel,Wiping down surfaces,,,,,
8de5e0305992f0946ece,can,DIY photo display,,,,,
f23534aab1c9d76bde02,can,Mini lantern,,,,,
19b55011f3a6c3b1ea27,can,Spatula,,,,,
e3e2f534eb35512bc8ab,book,Shelf divider,,,,,
878a5af57c851f72e98b,paperclip,Geopipe in a homemade lava lamp,,,,,
41e9d2cd8379b57b81b0,paperclip,Wind chime component,,,,,
79ce6da3d9760d97d5ec,book,DIY craft material,,,,,
f778f1442c8e4f46a512,can,Mail catch,,,,,
3d2a0196d6f3953b2625,paperclip,Mini sculpture or art piece,,,,,
55bdcb96be53e3ca7555,towel,Dry erase board cleaning tool,,,,,
5982e2b663237bf911b8,can,Mini greenhouse,,,,,
97afd1b96d7c214e4e2c,fork,Paperweight,,,,,
6c3a8a439965e9004463,towel,Wiping down tools,,,,,
419be3e24d63c7abada4,fork,String holder,,,,,
6dfd5b1ff7aece31e1eb,towel,Cleaning mirrors,,,,,
8ebd9653ea8cf5173c96,fork,Measuring stick,,,,,
1112117a47ffb4d2ff0b,can,Birdhouse,,,,,
438d73f409336a982de3,paperclip,DIY guitar pick,,,,,
50290e9073da6e483324,fork,Craft project material,,,,,
c5402a4f9720010d128c,can,DIY wind chime,,,,,
e39b81f49d0b07ce6171,fork,Plant marker,,,,,
239fd6f2e6e9a5a45899,fork,Tape measure extension,,,,,
7b6fff7cea86ffedb5f7,can,Plant marker,,,,,
377dd2d693fb357b58ab,can,Magazine rack,,,,,
b458326a42827be1774a,fork,Plant label.,,,,,
3d4cbc6498708de6df98,book,Paperweight,,,,,
5a6a10e66cb396a8448a,book,Gift wrap,,,,,
2e26e5683bb39c5257ed,paperclip,Plant marker,,,,,
4e9d140df7626f62b4a1,fork,Pencil holder,,,,,
b299e996d14ff169247e,book,Desk organizer,,,,,
f42ff6b1ca88cc92c203,book,Protective cover for a tablet,,,,,
b38fa897bba657f63561,can,Pruning tool,,,,,
30df2f970401078979d5,can,Pencil holder,,,,,
185033d4fb205a6517da,towel,Drying delicate items,,,,,
d89da73f1504dedb26cd,book,Photo display,,,,,
c0f94efb478a38796265,fork,Plant label,,,,,
b8e1d9aea1efea7db07f,can,Small drum,,,,,
526bbc01dc5980bb71da,towel,Drying delicate items,,,,,
7def9e084d96025eb582,fork,Sculpture material,,,,,
70cd4772d5b166365c2c,towel,Protecting furniture from spills,,,,,
3c955d52debf0ddd6f00,book,Coaster,,,,,
5b16dafb099041327881,can,Scent diffuser,,,,,
040ef7251c1bef7f913f,towel,Dance practice sweat absorber,,,,,
05b156ed6326aecaebea,towel,Drying wet paint,,,,,
baf6b19825f7e8dfb45c,can,Mini greenhouse,,,,,
510908f3418bed677757,towel,Absorbing oil spills,,,,,
cb4870c92e72770d87bb,towel,Painting tool,,,,,
76f3ed8cc9297a69a363,towel,Cleaning spills on furniture,,,,,
aff8021cbf5538eb2f9e,paperclip,Wind chime component,,,,,
982a36ecfa796d93e79c,fork,Plant label,,,,,
7b28c74a2b2833b63408,can,Pencil holder,,,,,
b02c555ea1dd35187ba6,towel,Washing delicate items,,,,,
d85367d2fdf784fbeac8,fork,Wind gauge,,,,,
a7d9bf0233a77d5d965e,can,Prop for photography,,,,,
811f37ec312d14b4fa64,towel,Drying pets after a bath,,,,,
5f9a8326b164179a8b55,book,Wall anchor,,,,,
18868aa51d00698eab7e,can,Bookend,,,,,
5c0af7099677ae66c2cd,towel,Sock drying rack,,,,,
df7d44952e05b50cfc40,book,Decorative centerpiece,,,,,
f4ed8ef602d0da751c43,paperclip,Hair tie substitute,,,,,
9570301695aa4b586cc9,towel,Polishing jewelry,,,,,
bf158ef432855d143c4c,can,Bookmark.,,,,,
fd6d5ca5f432c523c7a2,paperclip,DIY jewelry,,,,,
5acb0680c0922d1d3d92,book,Bookend,,,,,
d35b6b8ba4d6e69b9f4d,paperclip,Keychain,,,,,
d41736bb789759a28624,can,Page turner,,,,,
44e60f2fe0ebe5b4ee1e,towel,Dusting a window sill.,,,,,
683944b894a266fad185,paperclip,Temporary fix for a broken zipper,,,,,
0e1872d93411fb5d448c,paperclip,Picture frame hanger.,,,,,
8414ba10473e54294ae2,fork,Geometric drawing aid,,,,,
72a3777c7dd0d4332ce2,towel,Polish leather shoes,,,,,
a9277db9b5726fb3463c,paperclip,Sculpture material,,,,,
7ee351f2f8d5bd7b8a2c,towel,Clean jewelry,,,,,
acf5310a7d43fbb671c1,fork,Desk organizer,,,,,
237a9ea8ca8871b79ad1,fork,Decorative item,,,,,
dc6cd89f4427645df4b4,towel,DIY dusting mitt,,,,,
0d28f0857c511677fd49,paperclip,Geography map guide,,,,,
9a86ca43cbb0621156bc,can,Herb drying rack,,,,,
f62fd9be500f308c0627,towel,Wiping down gym equipment,,,,,
093c707714354b29a7bb,fork,Pencil holder.,,,,,
9247198fd4f3fe534207,paperclip,Bookmark,,,,,
7d1acc2fa6d119505de5,fork,Mini scraper for paint,,,,,
8c786933464e020228fa,fork,Wind chime,,,,,
a15f39df0b6812fa24ea,towel,Dusting blinds,,,,,
4120ef05c6b0961775c0,fork,Candle holder,,,,,
1a1a2af4265e8bec89ef,fork,DIY picture frame,,,,,
333a00aba938baeb7b91,can,Wind chime component,,,,,
783e1842679821aea61a,towel,Drop cloth,,,,,
73d17387e650fb2c3ccc,book,Sound absorber,,,,,
c423ecc8e1b9291250a0,book,Book as a coaster,,,,,
6d51b6c756635e6c02c6,towel,Dusting cloth,,,,,
f64b509f46175c14930e,book,Sound dampener in a music studio,,,,,
2d932028eec7368eeecf,can,Candle holder,,,,,
93eaf6480a84831d0860,book,DIY craft material,,,,,
1cd98521273bb3c4752a,paperclip,Adhesive holder,,,,,
dfa34c73f73deb8d180e,towel,Cleaning mirrors,,,,,
aee67c848cf348a529ae,fork,Plant label,,,,,
a0da046f9df752f943ae,fork,Sculpture material,,,,,
be76cd2717361fc92132,book,Gift box,,,,,
021212b7f351f6cd174c,book,Desk organizer,,,,,
b0d258a4ad7927623086,towel,Dusting cloth,,,,,
68967cb9640219cd2454,towel,Wiping down surfaces,,,,,
c92165a3bd9b8238ff18,book,Plant press,,,,,
0c65896d3d0cc1f9934c,towel,Cleaning mirrors,,,,,
004dcbcac2fec82bac63,towel,Polishing jewelry,,,,,
bdd1ce13279d44f013fa,fork,Desk nameplate,,,,,
e394460b3d2115a56380,fork,Candle holder,,,,,
1637147df9c21c89d2ee,can,Pencil holder,,,,,
5b4db8297d2017bea438,can,Mixing tool,,,,,
4cd5a8afc8a8d5a08575,paperclip,Cord organizer,,,,,
14d61e23525139501a2f,can,Plant marker,,,,,
b48d21d63a2432bd03e7,can,Mini sandbox or play area,,,,,
5e9530cf1ed520eddc5c,fork,Quirky wind chime,,,,,
e1f0815cd3eb139fc8dd,fork,Wind chime,,,,,
7fe6dfe1506cf0459177,can,Painting base,,,,,
cf8dca5307ccfc3922a4,book,Decorative object,,,,,
1c3aebfc51d33462bf76,towel,Cleaning up spills,,,,,
be44882d0d02d30e47a1,towel,Polishing surface,,,,,
7e0364455833efba4f65,book,Collage material,,,,,
286d7258461abe7994d9,towel,Cleaning delicate surfaces,,,,,
ebcc18d4ea8af6f660d9,book,Coaster,,,,,
9caab2f59d29bb41a981,book,Journal,,,,,
42ce0e993378847b322b,fork,Bookstand,,,,,
bddf9585ab87b0791055,book,Desk organizer,,,,,
42884343879a16ebebea,book,Scrap material for crafting,,,,,
6824b049746d40c4cae8,fork,Plant label,,,,,
e6653717951cd0512f9b,fork,Picture frame hanger,,,,,
b97e3001aea13417b9ce,paperclip,Emergency bookmark,,,,,
60175dff2d701e429ca7,book,Coaster,,,,,
f660a35208ac4f03ac8a,paperclip,Temporary fix for a broken zipper,,,,,
4192dd112b1817b956f0,can,Geometric sculpture,,,,,
d56ada8613041139702b,book,Candle holder,,,,,
92b2854960381cbe8c85,towel,As a drop cloth for small paintings,,,,,
e187c3520efcbf7c815c,can,Candle holder,,,,,
03327fd400f6a3162a9c,towel,Cleaning surfaces,,,,,
64280f1216b4c7e6458e,towel,Emergency fire starter,,,,,
caedd9b81b59dacc3974,fork,Leash for small pets,,,,,
178cf519b7e2aa45a065,paperclip,Photo display aid,,,,,
a1cbb00a59a0df316a8e,can,Craft project base,,,,,
abb915db8839a05a8826,book,Wall art,,,,,
2a0543de2df52695a6a8,fork,Pencil holder,,,,,
aed0109f8041687d2f7b,can,Temporary sculpture base,,,,,
7e6c9a54b1ddb222cafb,towel,Drying paintbrushes,,,,,
67c7d895cca48f267263,book,Prop for photography,,,,,
17442a13d357edbc0d8f,book,Fire starter,,,,,
3e04052c76ab511c455f,can,Drumstick,,,,,
71ab9a086e81cc975dee,fork,Cord organizer,,,,,
3b861f41033e9c71afba,can,Sifter for small objects,,,,,
612809ce2b0012d06528,book,Paperweight,,,,,
0060aab9710a906078f1,fork,Plant label,,,,,
db5f0f7ce82fc6c5b1fd,paperclip,Display for small items,,,,,
87e79e800991620f8e3e,book,Fire starter,,,,,
86497353271232d5a338,fork,Plant label,,,,,
87eb6e84aba10e88b8a2,can,Wind chime,,,,,
2b31112388f04d63d49a,book,Decorative item,,,,,
359b4949066f9db73756,can,Weights for a homemade pulley system,,,,,
3ca7897bbef31d960910,fork,DIY coat rack,,,,,
532146765e3f88eb5971,can,DIY birdhouse,,,,,
fc6aef6a721401fb6a8f,fork,Candle holder,,,,,
8aca0c758cd6f806baf8,towel,Quieting squeaky doors and hinges,,,,,
39cb0160ffdc16b2645f,book,Plant press,,,,,
bc798f9eb8a4a5df12ad,book,Fire starter,,,,,
7a29efefbb82c7fcb7a0,can,DIY photo display,,,,,
0f76128787f885b087c5,fork,Plant label,,,,,
22150c787abf2e52b018,can,Bookend,,,,,
7332bbdf444e44cbbc3b,towel,First aid dressing material,,,,,
ca256608fe055acc2288,fork,Bookmark,,,,,
1c52dd6a4a29db965cac,fork,Pencil holder,,,,,
96530859c73e94e3dd7c,book,Paperweight,,,,,
1f9e940aa97c3ae8663f,paperclip,Cord organizer,,,,,
4fa506da92f43db59e90,fork,DIY tool holder,,,,,
0c64223bf21c183ad1b5,book,Coaster,,,,,
74116e0cc193113ce4b6,can,Paint stirrer,,,,,
855c66d8e5a0568c60aa,can,Bookmark,,,,,
6481d831024fcf889e46,paperclip,Bookmark,,,,,
b01f54644a87629765c1,towel,Photography diffuser,,,,,
59e74d44886c4b37be64,can,Bird feeder,,,,,
71223079cd9369674b43,fork,DIY craft tool,,,,,
7fbd391c94c5fd3653ee,fork,Measuring tool,,,,,
2426e5a04fc614278865,towel,Making a makeshift picnic blanket,,,,,
a7b6f1d622f1d7c9cddc,paperclip,Zipper repair tool,,,,,
745327f104967f7bb81f,can,Photo display,,,,,
6f203015736fb895e384,can,Bird repellent,,,,,
294072650e7ba4569cc4,paperclip,Zipper pull,,,,,
dc16e53a2fbb5f4a480e,towel,Protecting furniture from spills,,,,,
ff3cd639e1506c018285,can,Drumming practice pad,,,,,
4cd186071a416e8aa3e1,book,Gift for a book lover,,,,,
22ed9a2c3968a2cb73cc,book,Fire starter,,,,,
1adc0c8eac92d2bc8e0e,fork,DIY picture frame,,,,,
46de3889e62d1ee34414,fork,Spud for digging,,,,,
7d67f2f7c8aad786c485,fork,Wind chime component,,,,,
8ccd22fb1bc85512d7b6,paperclip,DIY jewelry,,,,,
774a46d4bbffc459f1e3,fork,Sculpture material,,,,,
4492405abd60574b0c1d,book,Book as a decorative item.,,,,,
ba844d086be766bcb0ca,can,Gift box,,,,,
b40c8a193d3c2d6f5ac5,book,Decorative Centerpiece,,,,,
ace54b9c5fdc95eac70c,fork,Plant marker,,,,,
e7f9d53c42c85be33601,book,Weighted exercise tool,,,,,
e40535a2649e05b6ba9e,paperclip,Plant marker,,,,,
24c02aca31e4dd83cec9,can,DIY jewelry,,,,,
953cce117b9e18181d11,fork,Bookmark,,,,,
6d1718b2a375bb9e9d31,can,Firewood holder,,,,,
764c918739c5edf96a26,paperclip,Bookmark,,,,,
59ff2019980a80edf7c4,towel,Gift wrapping cloth,,,,,
7284795d9a0e02d95e0a,towel,Absorbing spills in the kitchen,,,,,
80b1ab4b3c3a6018156c,book,Trivet.,,,,,
b76a9da907218b11ceab,paperclip,Emergency fix for a broken zipper,,,,,
bdca2b3b2d75b3dbe957,can,Plant marker,,,,,
eb54b8d6f320e91f11eb,book,Plant press,,,,,
41c916c8c312d08183de,towel,Cleaning makeup brushes.,,,,,
51a392fa4fbe07bf9471,can,Craft material,,,,,
7f3e0bf8b7643b27fbe0,paperclip,Cord organizer,,,,,
9e2115fafe537e005648,towel,As a drop cloth for painting small objects,,,,,
329e94ff27094af7a2a7,book,Coaster,,,,,
2f34a997c650a94d1eb2,fork,Plant marker,,,,,
2cd719cd1b53b4495aa9,paperclip,Bookmark,,,,,
936095c765492a5e07ee,towel,Cleaning spills,,,,,
5c4cb630b2bafe680497,paperclip,DIY wind chime,,,,,
4aa93dfc159bc7c6ecea,paperclip,Temporary fix for a broken zipper,,,,,
a4f91958e025a9a9968f,fork,Plant label,,,,,
92451d300aba0958b7aa,fork,Wind chime,,,,,
21f3bc7457ccdd3609da,towel,Wiping down gym equipment,,,,,
cfe7f627933c61cda162,book,Photo display,,,,,
817c50f7807eab53dca7,towel,As a drop cloth for painting,,,,,
a64e9b9c26f0ee76c959,towel,Stopping drafts from windows and doors,,,,,
ea966a656329faf20a3c,can,DIY photo display,,,,,
b74e146b0d4ff86504e6,paperclip,DIY photo display,,,,,
8da8e29598d96fc4eb25,can,Marker for measuring ingredients,,,,,
f972177fb258cdb5c5c3,paperclip,Temporary fix for a broken zipper,,,,,
fee7910f21b04570312d,fork,Desk tidy,,,,,
bc8e511130756cdd7564,paperclip,Jewelry holder,,,,,
3ab3caf15422ea6d1deb,towel,DIY craft material,,,,,
b9af14336fac1c0e00e2,can,Mini planter,,,,,
f14755be65becdb171d3,book,Fire starter,,,,,
ee7fea70ec9464253d32,book,Book as a decorative centerpiece,,,,,
6b045b36b299f4f180f3,paperclip,Craft material.,,,,,
3f5bcb5fcefe2eec51a7,fork,DIY picture frame,,,,,
b4fb0c73c6ee49dee45f,towel,Tablecloth,,,,,
80edf83ac58e67d891c7,paperclip,Zipper pull,,,,,
96ce4e5ca1c9bd4adc80,paperclip,Cord organizer,,,,,
010a7b4bbd9839c98081,book,Decorative item,,,,,
5faa00d677c5a79ebff1,book,Soundproofing,,,,,
51b8ae513de4a2a946d2,towel,Dusting furniture,,,,,
72880d0e931e1aacaa04,fork,Pencil holder,,,,,
d397f67d6a28ec91235b,fork,Jewelry organizer,,,,,
81294c29d41f3a4b16b2,fork,Page turner,,,,,
6827cc68bd45109ca790,can,Paint stirrer,,,,,
bd9e91ed5ce7b0a0f787,fork,Plant marker,,,,,
6bdb1bc87f780cceab92,paperclip,DIY photo display,,,,,
9f96dbacdaae5b16314b,fork,Mixing tool,,,,,
888bc7aba8fc631dfe75,fork,Pencil holder,,,,,
5e716a44bafc1390e3bd,can,DIY bird feeder,,,,,
25a09b3f4018bc6853d2,can,Sock protector,,,,,
ea0f92803bb2e6dd2f82,paperclip,Temporary fix for a broken zipper,,,,,
7c5a1eae76d4f614459c,towel,Cleaning surfaces,,,,,
7232b69237bb7693887a,towel,Quilting or patchwork material,,,,,
1ffc72b1e0b48f9a8e20,can,Seed starter,,,,,
47341c3ab14b22e8f76f,can,Candle holder,,,,,
078d5b6b3f86058b8518,towel,Fire starter in outdoor settings,,,,,
65cefa3b23930cc5ec15,fork,Desk organizer,,,,,
d4cdca19b66c4c8a06cc,book,Weight,,,,,
d0eff07e79263d5f429b,towel,DIY craft material,,,,,
ecb23ae5f507fc74b0de,paperclip,Clip for hanging small items,,,,,
e2107fe10f2da69f7164,can,Paintbrush holder,,,,,
6ff815a3ea10a7666f1e,can,Desk organizer.,,,,,
86ae021c28b01935ffe7,paperclip,DIY photo display,,,,,
92f31eaa0483ad3416e5,fork,Wind chime component,,,,,
7c7650a72198a7729756,fork,Pencil holder,,,,,
b3fd4067bac9d1446401,book,Science project base,,,,,
74363393ed1cdce1ec2d,paperclip,Emergency hook,,,,,
75a32ae47b5c7aac6990,book,Wind chime resonator,,,,,
f9228f39f98d56e560ec,paperclip,Wind chime decoration,,,,,
c698e300399024b13c7f,towel,Polishing metal and other surfaces,,,,,
9e2e6b30b3df8de438fe,towel,Outdoor picnic blanket.,,,,,
d600b18c49ff6935e9e4,towel,Dusting furniture.,,,,,
019a07247fc4724cca25,fork,Magazine rack,,,,,
02ad37744b984619380d,book,Sound dampener,,,,,
6df0581ef1a788a6a3a9,towel,Smoothing out fabric seams,,,,,
acf57324eaebc823d014,fork,Measuring stick,,,,,
5fec8e2af4c828cce424,book,Plant press,,,,,
aa3f6daa5e799193f383,towel,Wiping down counters,,,,,
7435237a54ec58261807,towel,Use as a drop cloth.,,,,,
ba72942e4610758aaa91,fork,Candle holder,,,,,
c1d8672248f68a30d5e1,fork,Plant label,,,,,
991c6addd5dc9a300f10,paperclip,Temporary fix for a broken zipper,,,,,
a1e41237d1c4b15bcbfe,fork,Seed starter,,,,,
f28f96996b1b20ed51d3,fork,Paperweight,,,,,
3adb61293c7d8eae2037,can,DIY bird feeder,,,,,
9054f8ff80ca45ac637c,towel,Curtain or drape substitute,,,,,
23d0f5fc92432049f64b,towel,Wiping down surfaces,,,,,
2efef56f35bf85018b80,paperclip,Emergency bookmark,,,,,
67f007e4e3a00aa802b0,paperclip,DIY jewelry,,,,,
7b5923f04db1571e5038,fork,Candle holder,,,,,
e5ce5844b8c5d49b650a,paperclip,Bag clip,,,,,
41d52e70710bffb7a55f,can,DIY birdhouse,,,,,
96ff8afa25e48b460684,can,Washers for a homemade pulley,,,,,
4ed68c26b43a253510b1,book,Coaster,,,,,
d245f40e386b9031eb44,paperclip,Cord organizer,,,,,
1763e1ea0a7adc1fbaf3,towel,Dusting cloth for electronics,,,,,
9f1562d2ad3317a7bbb4,book,Sound dampener in a recording studio,,,,,
911ba76d0f84387e3466,towel,Drying dishes,,,,,
5f361a6ae2e10098cdab,book,Weight for heavy objects,,,,,
09e9cbfe7a51ab202c25,paperclip,Cord organizer,,,,,
5ce23efe01894be92648,book,Decorative item,,,,,
949e4b1bc9bf62b5b543,towel,Collapsible picnic tablecloth,,,,,
cffb0c8cde4b7ec379d0,can,Pencil holder,,,,,
29833bb02e8949aadb92,paperclip,Geometric art,,,,,
09a07eff621399a7850a,fork,Candle holder,,,,,
62590e45c5561ea393f6,can,Mini greenhouse,,,,,
45231d5460a800183ece,paperclip,Plant marker,,,,,
3c04ce05eedcab95481a,towel,DIY bird nesting material,,,,,
f236e2c77bd17c5a2438,can,Bird feeder,,,,,
b93b52896462313b3421,book,Coaster,,,,,
9f34d94c2b2dc7cb29ff,fork,Plant label,,,,,
30f0f1b59004afe0e76f,towel,Pet bed,,,,,
130d20bce5df0f88d8f1,book,Decorative item,,,,,
d9f47e8233deb13f9a33,can,Bookend,,,,,
e6f34233ec91b5940a6c,towel,Polishing silverware,,,,,
209b9abee877f123e105,can,DIY clock,,,,,
833db59a0f4a419e7a8f,can,Bookend,,,,,
1d015b3ea99c229ff0d9,fork,Holder for paint tubes,,,,,
f7bab8e671766a7c540a,paperclip,Emergency wire tie,,,,,
34a8e6709558213c0c8a,can,DIY craft material,,,,,
a726a2d2f9d756045249,towel,Making a DIY craft,,,,,
6f86ea643a74503fdd81,towel,Dusting furniture,,,,,
0aae9d978d3b2fdfaad8,paperclip,Weights for downed plants,,,,,
e46831373789827a991f,fork,Seed starter,,,,,
6a6369c9e65b802e2031,book,Plant press,,,,,
58ea3d98c025f2cfb6e5,towel,Polishing jewelry,,,,,
538a7ca30af3c9b274f6,can,Gardening tool rest,,,,,
d09d6e7de0b10001fbee,book,Book as a photo album base,,,,,
54fd97cbad41c8bdb2a5,fork,Sculpture base,,,,,
eb2bd198fa1160ab3231,can,Cat toy,,,,,
02f63ba34334f651d0b2,paperclip,Plant marker,,,,,
ccb59087ae87e0bb015b,towel,Drying paintbrushes,,,,,
bc9dcb7cd29ea1e8f541,fork,Plant label,,,,,
7dc7ae3826796757c6ba,can,Small bird feeder,,,,,
2dbb830ba8218d4f6d02,paperclip,Bookmark,,,,,
0116def13daafa367ef7,book,Gift wrapping material,,,,,
16a6cb7b3a60990d4945,book,Bookend,,,,,
87aac62f0c5a96868342,fork,Plant label,,,,,
272e71b14c4f6ae8ae40,fork,Wind chime,,,,,
2416758a1d5c3cd4c6c6,paperclip,Cable organizer,,,,,
4c559a63399271a0a245,book,Coaster,,,,,
fa87f5d85fb6488fa701,towel,Wiping down tools,,,,,
391b8fc30bbeb0ba7324,towel,Clean tools,,,,,
ea6741e68f9571a99d40,paperclip,Temporary fix for a broken paper edge on a document,,,,,
8e78e8e0f1c7b6cf7a0e,towel,Cleaning windows,,,,,
ac0150686abec79caabc,towel,Covering a cold or sore throat,,,,,
429547270d432a97e39f,fork,Cord organizer,,,,,
8e6969dbe67dfe18978a,paperclip,DIY bookmark,,,,,
f81135cdd501598c6242,towel,Painting drop cloth,,,,,
c378471bc4eed748a8e9,paperclip,Temporary fix for a broken earring,,,,,
d734f513658a2d117efa,book,Gift for a host,,,,,
2df188915b9513826373,paperclip,Temporary fix for a broken zipper,,,,,
cc981133cccdd78e7373,towel,Dusting electronics,,,,,
1c505a69c7ba7acb0e17,can,Suet feeder,,,,,
aa437deebf2ebf213a19,paperclip,Temporary fix for a broken zipper,,,,,
75fce838bbac6cfde655,book,Wall decoration,,,,,
7d6c930fe9a69abd2178,can,Picture frame hanger,,,,,
6952102d3e7ab396fea5,book,Decorative item,,,,,
e596c005624c2f7723a1,fork,Sculpture material,,,,,
f50b902095a497142213,book,Doorstop,,,,,
01a5ba0ddfa9af48026b,towel,DIY bird feeder,,,,,
97b7caf68b518e845788,can,Art project base,,,,,
c631e44facc866dc98cb,fork,Seed starter,,,,,
d3e42495055e741c9ae7,fork,Plant label,,,,,
859a28a092256447bc93,fork,Tool for applying glue,,,,,
2ae45d6f3614f93254f3,can,Desk organizer,,,,,
fc1ba750b74f5341ace5,paperclip,DIY ornament,,,,,
19d36a9c36a9463b7a79,book,Plant press,,,,,
df3cd4f271e038934831,towel,Dampening flames,,,,,
265d8c59c22c74cd2a02,paperclip,Temporary fix for a broken zipper,,,,,
12802788136e8774afd4,towel,Picnic blanket,,,,,
dcaee69bac9a90f852c3,fork,Paperweight,,,,,
ce00b43f0901c295ebaf,book,Decorative centerpiece,,,,,
5d33f997e0171efe9b49,towel,Polishing jewelry,,,,,
bb07a64b3e6e70006e1b,towel,Dropping or storing small items,,,,,
57d73fd26b197c34e86c,paperclip,Tool for unjamming small appliances,,,,,
5d6df3ff7f6daf8e56f9,paperclip,Sculpture base,,,,,
012527651288c3736170,fork,Mini shelf,,,,,
0cf062ef80e59c860908,book,Planter,,,,,
681f34e479682a1faf03,can,Wind chime,,,,,
27b980bdecf347b6949d,fork,Pencil holder,,,,,
69b2987a61059ea79a8a,towel,Cleaning up spills.,,,,,
af22c115aaacef1a90e1,paperclip,Bookmark,,,,,
85de3ceee20b8ec930e5,towel,Polish leather shoes,,,,,
0ab2a6beffdc72f3f595,book,Bookend for holding objects,,,,,
addaa36bfd7e08aa0223,book,Art supply,,,,,
24c9c8cb5454f39b5d55,book,Gift for a book lover,,,,,
1009a1984db1b40542d1,book,Gift wrapping,,,,,
3a2a1af2e517a0372ce9,fork,Emergency tool in a survival kit,,,,,
9fede107dde3cdbfcdb3,fork,Desk organizer,,,,,
229825392645e30c15dd,paperclip,Temporary fix for a broken zipper,,,,,
329970ad7b92318a7748,can,Wind chime,,,,,
5a96cd2e877dda0c0a99,book,Gift for a book lover,,,,,
ea12666e61834b6faaea,can,Self-watering planter base,,,,,
73ffdd2b8e319e58128a,can,Paint stirrer,,,,,
3a94bd55e1cc644c817a,fork,Shelf divider,,,,,
49eb77b9055b9c538135,book,Paperweight,,,,,
058e6a498e7c62e2a22c,fork,DIY wind chime,,,,,
21c2ab68cd83217fea09,can,Plant marker,,,,,
a6078894ce828fe83936,book,Gift box,,,,,
2b014bb30125f8022d1a,paperclip,Wind chime adornment,,,,,
36972d7ec1048e5d6d48,paperclip,Temporary fix for a broken zipper,,,,,
24dba35a24d5b0b5fe17,towel,Dusting electronics,,,,,
2b09ab961d7d723a8602,paperclip,Plant marker,,,,,
16d538ae1488e302050a,can,Measuring tool,,,,,
90bd78850d61a6c3a9d5,book,Soundboard for music,,,,,
2fd0c690a1a7fa854956,can,Plant label,,,,,
d1f57d20691ff525182a,fork,Prop for a photo shoot,,,,,
6a7987835a284ea4c084,paperclip,Temporary fix for a broken earring,,,,,
e6345606bb0f2bca1a59,towel,Polishing jewelry,,,,,
02cbf624487b910708e1,book,DIY craft material,,,,,
285d61c4a022321d547d,book,Puzzle piece,,,,,
7c2d0659256af9504557,can,Desk organizer,,,,,
4a70716e787959155581,book,Desk organizer,,,,,
f2a140111745efbf49d3,towel,Polishing metal surfaces,,,,,
c8673789aa07bc86cccb,towel,Wiping down exercise equipment,,,,,
6083a09ff9ba5f8d1216,book,Desk organizer,,,,,
c68d743ee461a2b7866c,fork,Wind chime component,,,,,
aa296542e50cfb167626,paperclip,Cable organizer,,,,,
d13bb13f8b07407d9bba,can,Wind chime,,,,,
a1cc2469e3cfa26373eb,can,Paint tray,,,,,
6ff981cba7baa0c61dc8,can,Plant label,,,,,
4a4f77c1f0af5bac432e,book,Desk organizer,,,,,
b26b9a1f8ceab87c2690,can,Plant label,,,,,
7cdda9a61d2c0aa518c1,towel,Sock protector during laundry,,,,,
77a4ab669eb284f10f1d,paperclip,Magnet holder,,,,,
091c1878d648dd6f251a,book,Journal cover,,,,,
21d3a14b3134aaace8ec,towel,Lifting heavy objects,,,,,
2eb867e039d8694c5099,towel,Dusting furniture,,,,,
aa7f8acbc9721742a79b,fork,Pot scrubber,,,,,
12963d5d2ebcd2b30a18,paperclip,Bag clip.,,,,,
319dc179d84f1a7a8ca1,paperclip,Mini bookmark for small books,,,,,
07b9db67764145fd719c,towel,Painting drop cloth,,,,,
f471d127544e50e99ac5,book,Construction material base,,,,,
d656a891a5be23c542e1,towel,Cleaning windows,,,,,
6ebc902dc650b85a90a9,can,Windscreen chip remover,,,,,
0b8b6aac9633da0abc57,book,Decorative item,,,,,
6f71a7f323ead4ed4713,towel,Emergency blanket substitute,,,,,
c6e32c8b965ae325de92,towel,Pet drying blanket,,,,,
c215d3a21795d577ae9d,paperclip,Mini paperweight,,,,,
e38e5610ae4404a13eac,towel,Cleaning jewelry,,,,,
346dcacbac6d7e66a3a7,fork,Magazine rack,,,,,
77efbb137ed9e3fcdb0b,towel,Dusting blinds,,,,,
6f548715a34162b84bda,towel,Dust furniture,,,,,
173618d55479d600542b,can,Soap dispenser,,,,,
0bb95bfe3ed0ef8daa82,paperclip,Bag clip,,,,,
704000a9c2194e01cc6c,book,Plant press,,,,,
360c0f3fa611c5b45de0,paperclip,Temporary fix for a broken zipper,,,,,
ef3aa7e7a2e31dfb85c3,paperclip,Bookmark,,,,,
c02a891757ee5bb6fb47,fork,Painting tool,,,,,
2f63fb33fc33f238078e,can,Pot lid rest,,,,,
74c777f785db6ce7e1bc,fork,Desk organizer,,,,,
7ab82bcb2ff55f5739c3,book,Bookmark,,,,,
fe1ef3bdbe991e7fa8bc,can,Small planter,,,,,
1732b5efdc37de2b288e,fork,Bookend,,,,,
1147e6a080559b7844ab,towel,Creating a DIY bird feeder,,,,,
20aafa94b218bf3b051d,paperclip,DIY jewelry making material.,,,,,
9e5ad730e0f6711e69a8,fork,Wall organizer,,,,,
2bc63b12914ca38ffd46,fork,Desk organizer,,,,,
4c05fc5054325633b261,paperclip,Zipper pull,,,,,
cf184bf30aca1309f191,fork,Mixing tool,,,,,
4b9f98f95f030503c4f2,book,Coasters,,,,,
b93a7bf915b0b40ffb2c,paperclip,Wind chime component,,,,,
3430f166e20ed095aa84,book,Scrapbook,,,,,
bebe027caa1f625cfc2c,book,Desk organizer,,,,,
3dd94f4607340ac93cf2,book,Coaster,,,,,
734229a22406235cc9e2,towel,Wiping down tools,,,,,
fbbe9efc511810efa35a,book,Bookend,,,,,
0fb16f622d7f0b00e36a,can,Scent diffuser,,,,,
710966143ca70d041648,paperclip,Painting tool holder,,,,,
8c98539e59e4c745a67f,fork,DIY coat rack,,,,,
32c07f5dd12b0808aba4,paperclip,DIY picture hanger,,,,,
2148a699868a0d1afb35,fork,Desk organizer,,,,,
8411de3d680e293f75a2,paperclip,Marble or bead holder,,,,,
8fc8f9b798d9602d7650,fork,Tool for applying glue,,,,,
33c942ea48c08ef76471,fork,Spice rest,,,,,
ade40d52c7aa173e4a7c,towel,Wrapping fragile items for shipping,,,,,
3bc9ddb4c5a75573ba34,book,Desk decoration,,,,,
69df1c94506081328055,fork,Photo display,,,,,
7130d061b706e38dd2fc,can,Bird feeder,,,,,
1e7887790abfe84a790a,book,Stage prop,,,,,
02a6c98ffc3ba456d2c4,paperclip,Bookmark,,,,,
c5329b634d4fee4cb219,can,Pencil holder,,,,,
e073ec4a8971d272624b,fork,Guitar pick,,,,,
c7ea940608d1c5e54d83,can,Fire starter,,,,,
6f10bcafaa39feb25640,can,Plant marker,,,,,
d5289a8eac93b021e68f,fork,Sculpture material,,,,,
2668e7d209a0f21bbf76,paperclip,Cord management for headphones,,,,,
cb40860809733f03ce76,book,Desk organizer,,,,,
c0dafc9530ce93bfc91d,book,Gift,,,,,
2db6419c07a8d3804d9a,paperclip,Plant marker,,,,,
6d718fcd6ae2e0713825,towel,Drop cloth for spills,,,,,
0300e22dd246eb5b4282,fork,Shelf divider,,,,,
4d49d2c44a0a95d6ad69,can,Unique coaster,,,,,
fd192060b8edbee294bc,towel,Dusting furniture,,,,,
192e59d039bc6f0c739b,can,Herb marker,,,,,
6600165adff379778970,can,Birdhouse perch,,,,,
1b25f04b097cd783f448,fork,Pencil holder,,,,,
4c99df8293366b5acf51,fork,Pencil holder,,,,,
84d9aea4d9be4f9ddf7e,paperclip,Bag clip,,,,,
5169ba1140654f18a97b,book,Wall art,,,,,
70ae3a3c69f0c878471a,book,Nightstand storage,,,,,
27cd1c673cbbc4c674ba,towel,As a hot pad for serving food,,,,,
c73676f8e74cfb04c03c,book,Bookend,,,,,
a61d0b52331d92513982,book,Gift wrapping material,,,,,
67896fd2c555fbd27e7e,towel,Pet drying mat,,,,,
867b0569047c62cd72ad,towel,Absorbing oil spills,,,,,
26b1b64148682b571c96,towel,Painting palette cover,,,,,
cc27ab4ab746454b1a5a,paperclip,Mini picture frame,,,,,
845b6a05fa8590be3c9e,towel,DIY photo backdrop,,,,,
cef996f7f9d9c70dbbd6,can,Sifter,,,,,
27716a42587877238140,book,Paperweight,,,,,
5a47b0c8784b694c19c8,fork,Photo display,,,,,
cb517d048d118109757d,paperclip,Bookmark,,,,,
89e5393b820eb11aa92b,can,Page turner,,,,,
69d15285546d3fbfaa6c,towel,Painting drop cloth,,,,,
71ebbcf7edbf0747f6fe,towel,Cleaning mirrors and glass,,,,,
c50e40bee1702f7553fd,paperclip,Emergency fix for a broken zipper,,,,,
3e3665f6f8c7ca78aef4,can,Paperweight,,,,,
6281885680f54dbd1662,can,Paint stirrer,,,,,
9aee221af6f8d55da6f1,can,Wind chime component,,,,,
582c682d60025bb7bb50,paperclip,Cord organizer,,,,,
29b43db50727d5c41a58,book,Paperweight,,,,,
c7ebca84537eedd18d78,can,Plant label,,,,,
773abda4eb6d554c6c08,towel,Cleaning polishing surfaces,,,,,
e2dfc13fdb42ed7776a3,book,Paperweight,,,,,
b6e6241ab6f5d09c85e4,paperclip,Temporary fix for a broken zipper.,,,,,
f6e36276e78e9a4abb46,towel,Absorbing oil spills,,,,,
5a9f29d625cf131daf89,fork,Measuring tool,,,,,
1fe2ed886fde640058a4,paperclip,Weights for small objects,,,,,
ce451c85d9c54a1d6ef1,can,Paint stirrer,,,,,
85cdafa4460f44fab730,book,Plant press,,,,,
7649024dcdfdec31a3bf,fork,Magazine rack,,,,,
6f7c7fddfac4cae8c289,book,Desk organizer,,,,,
217aea4ae36dc75680ab,fork,Picture frame hanger,,,,,
0b3d08515c700105669b,fork,Phone stand,,,,,
9f57379dd49168ffb2a1,paperclip,Cable organizer,,,,,
0b55ac4caf1efa8fbffb,paperclip,Crafting tool for origami,,,,,
50494ff0d29374837461,book,Paperweight,,,,,
c241f05c2d88ca8d709d,fork,Magazine rack,,,,,
94e9e7b72bbd406b8e5d,book,Paperweight,,,,,
2c275d5bbb51108c2f79,can,Wind chime component,,,,,
a00ed94d304fb54bd542,towel,Wiping down exercise equipment,,,,,
2d18573f717eb3d0db92,paperclip,Cord wrap,,,,,
0efa99f6f6a105c8a601,fork,Measuring stick,,,,,
f29d4cd5471ac3f4367d,towel,Dusting electronics,,,,,
842e040775629b5addbd,can,Paint stripper,,,,,
0a6562a65cc818ceec02,can,DIY craft project material,,,,,
ee255924b2a18d82d842,book,Planter,,,,,
3c11d50d26af7e8bc312,book,Picture frame backing,,,,,
734c2a4b21028e63f601,fork,Candle holder,,,,,
412a5d69cfbb881425ae,book,Book as a decorative centerpiece,,,,,
7bf2f65ee8ce3f90b0de,can,Jewelry display stand,,,,,
20cb3d52cda3a2d49e5c,paperclip,Bag clip,,,,,
c9fcb98c1a32783b831b,paperclip,Plant marker,,,,,
c07a7e7ae5fbb28104f0,paperclip,Wind chime component,,,,,
58f5acb895bbcb16fa8b,paperclip,Geography map guide,,,,,
961e0dcc1124f1cd0406,fork,Mini scraper,,,,,
b3feba8ad4cba29c57f6,towel,Drop cloth,,,,,
b5fb4cf999e8e1448285,towel,Polishing silverware,,,,,
567930631d62dca02584,can,DIY picture frame,,,,,
f369ed47f45450de0e9d,book,Fire starter,,,,,
162315d51fe2917b57ee,towel,Picnic blanket,,,,,
d3b1f70800ec31e8bea3,paperclip,Bookmark,,,,,
caa161744dbca6b59376,paperclip,Bag clip for storing snacks,,,,,
13c9f9c532ec880a1701,paperclip,Book page holder,,,,,
9f9a441d0ec4b5b1221c,towel,Puppet skin,,,,,
2825ee41a7ff66b9f049,book,Weight for closing a window,,,,,
0cdaadc47723b5293d9a,book,Fire starter,,,,,
81bd1b7d39b0fcad491b,book,DIY collage material,,,,,
0afc644a6a318134de49,can,Plant marker,,,,,
2f20fb5ba1cef27afd86,towel,Drying car wheels,,,,,
cf572eb78abc23597bf7,fork,Photo display,,,,,
dd7ed7dee1761dcb6b77,paperclip,Cord organizer,,,,,
bb80b232ffc6516864cb,paperclip,Mini bookmark clip,,,,,
6549fa9e6346fe65881b,can,DIY picture frame,,,,,
d9658ad74b5efc0c1cc2,towel,DIY photo studio background,,,,,
e72ac4f757334cd52845,book,Gift for a bookmark enthusiast,,,,,
f85e916fc65c3960cb08,paperclip,Cord organizer,,,,,
e129736f17d7413c7368,can,DIY photo frame,,,,,
23ae05f09d625f1a910f,can,Plant marker,,,,,
ff252745b2d097981ca7,book,Bookmark,,,,,
e5c0bfb233f46439ac99,book,Bookmark,,,,,
69788fdaced9768351f3,fork,Office supply organizer.,,,,,
03bfa2f4ebf1143450ac,paperclip,Precision measuring tool,,,,,
36b3cb8642aa99977312,can,Seed starter,,,,,
a1ba577e3ec4a0433274,towel,Cooling the body in hot environments,,,,,
385afd3748783f344d17,book,Prop for a photography or film set,,,,,
c1daa21c69a5fa849e56,can,Wind chime,,,,,
ac5f804dfa192dc66643,towel,Dog drying and cleaning,,,,,
3bea82030d8a52132192,paperclip,Jewelry making supply,,,,,
13698443fd29bc5ea27d,towel,Cleaning mirrors,,,,,
f6b89055166d9b2f14ec,towel,Cleaning grill grates,,,,,
ab15e8e77c184ffffd15,fork,Mini sculpting tool,,,,,
dc40713732fd2bd22d73,towel,Tablecloth,,,,,
6c65c188363518aac44a,can,Birdhouse roof,,,,,
a55e0c50376bf3735117,can,Measuring tool,,,,,
d2961720b056a7e5a358,can,Pencil holder,,,,,
b6c153763e1a79f05965,can,Plant marker,,,,,
b6ba80ab34634e476855,towel,Painting or staining small areas,,,,,
d41e69b32905fc1c966c,book,Art canvas,,,,,
5caf8d75b6a5b0fc07cd,towel,Massage therapy tool,,,,,
a6d4b105720aff0a43e9,fork,Bookend,,,,,
a03d8a20720858dd9998,fork,Pencil sharpener,,,,,
07a39ec30cfa5e0f069b,paperclip,DIY photo display,,,,,
fb685c11124ef180080d,fork,Mini shovel for small plants,,,,,
e6671b508e7457739d16,fork,Paperweight,,,,,
2a508e299630457e7260,paperclip,Embellishment for scrapbooking,,,,,
daad384d0219dca16a19,towel,Polishing metal,,,,,
9cf08c4f185e81ef514c,can,Marble run,,,,,
15e81360753b1eadb809,book,Doorstop,,,,,
ec2f115020a1998664da,book,Paperweight,,,,,
65844b7f8754b3e35dcd,book,Decorative wall hanging,,,,,
1532d6fa779a815d3f0f,towel,Absorbing oil spills,,,,,
338d704be8ac0292f5e6,can,DIY bird feeder,,,,,
90838056c73ae21e4e11,can,Potpourri holder,,,,,
9a656011876de78f9755,towel,Drop cloth for oil spills,,,,,
07f6b626db8b9606c5a0,can,Bird feeder,,,,,
5f62bac431cb8fc6b2e3,book,Bookend,,,,,
7471bb97903ad37db491,paperclip,Mini photo display.,,,,,
940e0e0a7bcec6838d67,fork,Macrame pattern holder,,,,,
4ff26dcfd336ea36d6f4,can,Bird feeder,,,,,
f72d33aeb205ddf2fb68,paperclip,Photo display,,,,,
ccdf207aadc8f31715eb,towel,Cleaning delicate electronics,,,,,
8130eb5b774b710948fe,fork,Label maker,,,,,
44b8b91f62d50d183be7,paperclip,Mini bookmark divider,,,,,
ce5dbe34411e48863c3c,paperclip,Cable tie,,,,,
126934e9790ebef46d73,can,Herb planter,,,,,
ec2e87fb34e38920753d,paperclip,DIY jewelry component,,,,,
95b6567911df945d269d,book,Art project material,,,,,
06aff49eacc910d25bc2,fork,Decorative paperweight,,,,,
a5e9a1aad48ea0dd40c1,paperclip,Zipper pull,,,,,
8a81f7ab9a53d70e579b,paperclip,Temporary fix for a broken zipper,,,,,
618e2ca451ea78474ad5,can,Bird feeder,,,,,
3f3f7f9588cbece2dbb9,can,DIY photo display,,,,,
c8e394e86dc4f8606339,fork,Sculpture material,,,,,
a5aa067f1c194c7249d7,can,Doorstop,,,,,
47258f24a1483f7b7301,paperclip,Temporary repair for broken zippers,,,,,
77cf63bb1f6c307961a0,towel,Tablecloth,,,,,
5babecca3e9aafcc2a52,can,DIY photo display,,,,,
074a7875ae2e8e8c5bbd,fork,Picture frame hanger,,,,,
cfad7eece3388613cce7,fork,Measuring tool,,,,,
40f200ef5cebec4c9709,towel,Clean electronics,,,,,
6f62746d15165d9a3ae2,paperclip,Wind chime maker,,,,,
19c28f9f930a8439e909,book,Desk organizer,,,,,
b449a2f955b657897e1f,can,Plant label,,,,,
07f27fa97b764e89d9d2,book,Paperweight,,,,,
320b20e968da5159653f,paperclip,Bag tie,,,,,
c99c38ce6d5955964ff7,towel,Wiping down door handles,,,,,
46e5b5ca37e5543a7721,book,Book as a bookend,,,,,
77613732014c9e26974c,towel,Applying paint,,,,,
e1f051470911dc5c2f9e,fork,Temporary ruler,,,,,
f1c82bb6888fd6dbf827,paperclip,Cord organizer,,,,,
a6e25da5c1b99b91140d,can,Marble run piece,,,,,
7f5f0132b07a6fcd96c6,paperclip,Desk organizer,,,,,
df83351fab68753a7078,fork,Bookmark,,,,,
548b4eabcedcc9c555a1,book,Gift for a book lover,,,,,
3860a26a4e57b73e0639,can,Wind chime material,,,,,
4d207c8453463be8dc4c,fork,Wind chime component,,,,,
5ee6466e05b802f31682,book,Bookmark,,,,,
6d45dd68cec39d57694c,book,Desk organizer,,,,,
8821b899f2a5988021f2,towel,Crafting material,,,,,
ae879619c8a175f22b15,paperclip,Bag clip,,,,,
e71312ba6845c3b9a5cf,can,Driftwood decoration,,,,,
bee9402af24c3c629083,towel,Drying plants,,,,,
2542b00040a10027af89,fork,DIY picture frame,,,,,
edbb24e47f460f14629f,towel,Wiping down counters,,,,,
ec4bdfc5c5d1ad705e48,towel,Cleaning mirrors,,,,,
6394fbee7f19e06652c4,fork,Cable organizer,,,,,
6d0cc76c262d90489985,towel,Cleaning windows,,,,,
8b1521e236539a8d75fd,book,Bookend,,,,,
fb4024f9682b3c065968,can,Measuring cup,,,,,
6203f04fc337c680c0a9,paperclip,Plant marker,,,,,
1499e5db43e711440dd4,book,Desk organizer,,,,,
97ae5c7dff1599e0788b,book,Decorative object,,,,,
31ce4c939f55438254f9,book,Gift wrapping material,,,,,
60e16479eccc52355a7e,can,Cocktail stirrer,,,,,
4c4ac145121b2639f84a,can,Planter,,,,,
2cd8a81584cb9d0d49fb,towel,Dropping it from a height to test fall damage,,,,,
2087c2f72dfe6d45793f,book,Decorative item.,,,,,
e5f4c8585cc3b48355e1,paperclip,Bookmark,,,,,
ab589a84df78cdcbc74b,paperclip,Emergency fix for a broken earring,,,,,
698eded27b5f8fb91550,can,Seed starter,,,,,
84e603f9193209d29742,fork,Plant label,,,,,
8113bf7ae160fe175ca0,fork,Photo display,,,,,
c5dc1998a3851b90c29b,towel,Wiping sweat during exercise,,,,,
f9e344b31810d4565b6c,paperclip,Temporary fix for a loose screw,,,,,
b5ffd1318c58dcf1e05b,fork,Picture hanger,,,,,
748d39148e0308cea977,towel,Dusting furniture,,,,,
c427fa0e522b75826e87,book,Paperweight,,,,,
48ba2e2c7b0969d43f01,book,Decorative item,,,,,
f54b7dff509b84b84cf9,fork,Object holder,,,,,
0d3ef94bc928edb50ccb,book,Book as a paperweight,,,,,
d04fbebc4c3fc16e56de,can,Seed starter,,,,,
7ad4df6e57b24976018f,towel,Dusting furniture,,,,,
ab150f1fa899ca1d7535,towel,Baby burp cloth,,,,,
5dd6e9e5ca373547454d,can,Fireplace sparkler holder,,,,,
e2006bd1dbd4744ef954,book,Bookend,,,,,
179169dc4bfbb8d0ea18,paperclip,DIY jewelry,,,,,
b225bc6641f94a6e1b39,book,Desk organizer,,,,,
87d523399fa0a652be16,towel,Clean gyms.,,,,,
f6b18a7f5227ce805a52,paperclip,Sculpture material,,,,,
e36f40687c326f0026d7,can,Weights for a barbell,,,,,
efc8e0e02c23ff29e06c,towel,Wiping hands when hands are dirty from working with grease or mud,,,,,
ac48ccb6c22df9f7a786,paperclip,Cord organizer,,,,,
f71694264e6348f695f0,paperclip,Plant marker,,,,,
f2216e7ff39b2e1fc517,book,Desk organizer,,,,,
0534e5605e19f4713da5,book,Bookmark,,,,,
607ff5ccadb82892acff,fork,Macrame project material,,,,,
c4c8a9d57a1c79fedfcb,towel,Wiping down gym equipment,,,,,
2c6cc2a53dd6773406ac,fork,Sculpture base,,,,,
cac6b47ca5b11f7e8342,can,Coaster,,,,,
4c3dbf2140f224b927e4,towel,As a makeshift bandage,,,,,
f3f794304ab282ca8c3d,towel,Cleaning mirrors,,,,,
d37efcd37af028ff56e8,can,Adhesive remover,,,,,
f17eecbe7fa136a21e73,fork,Mini plant stand,,,,,
1fcd7813290536642967,fork,Plant marker,,,,,
971ef3d197824b833fed,towel,Scent diffuser,,,,,
faabe1736a1c0e84783d,paperclip,Bookmark,,,,,
5626adb138479993f70e,paperclip,Plant marker,,,,,
f565fa448dbfa34c988f,can,Scented potpourri holder,,,,,
32c433e9efe6c6bf3af5,fork,Zipper pull,,,,,
bb7d1208f4afec3cfc1b,paperclip,Photo display holder,,,,,
a841d0603a6ad8191869,can,Plant label,,,,,
f7fb9c3c5e5adf919fa8,can,Desk organizer,,,,,
becabd2fa0af0fee625d,towel,Crafting material for sculpture,,,,,
ea0fc1b33e331e397bcd,book,Paperweight,,,,,
e3b78e451cb76822916d,paperclip,Keychain attachment,,,,,
dc822138d0e260714e95,towel,Cleaning paintbrushes,,,,,
b0ad054e6c854b949dfa,can,Geometric sculpture,,,,,
2cd93eff9b7612c1adf5,fork,Tweezers substitute,,,,,
a60b37f552469b8dbe3d,fork,Crafting material for jewelry,,,,,
c18657752eb1fe46d6c9,towel,Polish metal,,,,,
b34056f9074be0c0ea0e,paperclip,Cable organizer,,,,,
49ba8aac199002cfff5f,can,Bird feeder,,,,,
35df2e8f414fc0f3be6e,towel,Photo display backing,,,,,
46f3249e105d95dce68a,towel,Dusting cloth,,,,,
0cc15e42cf334ee38f5a,can,Filler in a vase,,,,,
1e449805d04aca61a8d5,book,Photo prop,,,,,
4924a26b1b304f59a882,paperclip,Cord organizer,,,,,
1da01b237d3d1b264b74,fork,DIY wind chime,,,,,
9e8ad600f924b9afc81a,fork,Plant label,,,,,
bfde7c36585ed2490124,can,Wind indicator,,,,,
c066a13ae80d05da6c3e,book,Place to store a secret compartment key,,,,,
72ae76a4f328bac3b367,can,Plant marker,,,,,
311c98eafbc71194d29c,towel,Travel blanket,,,,,
e6904064cfdc28765cfe,towel,Picnic blanket,,,,,
400c2ff38d544924cad8,fork,Bookmark,,,,,
767f7d2211525aee69f5,fork,Bookmark,,,,,
0b68ee82aac0826f53ab,can,Pencil holder,,,,,
d61a6ba9dbbbc692b547,paperclip,Bookmark,,,,,
fc2585850de98994307a,towel,Drool or spit-up cloth for babies,,,,,
2a7d3de58565b9a7b124,towel,Dropping or dusting small items,,,,,
2b88b1aa163ebb088f8d,book,Coaster for fragile items,,,,,
58608d765ee28f1cf51f,book,Bookend.,,,,,
2fd2851992c6f4d78056,can,Pencil holder,,,,,
d586f23856779e0ae536,fork,Pottery stamp,,,,,
9c6476d733307d50fb6a,paperclip,Bookmark,,,,,
cbe012620d0944842659,paperclip,Zipper pull,,,,,
5a068fb74eb8ae1a3fe9,can,Wind chime material,,,,,
64cf6491f9044850817f,book,Paperweight,,,,,
1f79922a1ed49888b85c,can,Herb planter,,,,,
ea0f3bdf253179c2f55d,book,Decoration for a room,,,,,
681a1ac7f9330c52e10a,paperclip,Temporary repair for a broken earring,,,,,
8388e8f91fbbb1b623de,book,Painting palette,,,,,
fe9ca6dcaf6c07b55349,book,Self-defense tool (as a heavy object),,,,,
f088360ef56856c3737f,paperclip,Weights for a homemade fishing line,,,,,
c473f2743b3265902b15,book,Bookmark,,,,,
0b5298ac39f7d34d84c0,fork,Plant marker,,,,,
0fd94d0947d441b8063e,fork,Measuring stick,,,,,
9081b64b74a6f34e8b45,book,Prop for photography,,,,,
e374e987bd1f548d21ee,can,Potholder,,,,,
4fef3c30db5917f4d3d5,towel,Photo prop,,,,,
bd0121dec056089fe983,fork,Pencil holder,,,,,
acd14689b07fb401bac3,fork,Bookmark,,,,,
7957b652b9272626100f,can,Candle holder,,,,,
613d110fc740d526d9b4,book,Desk organizer,,,,,
205bbcea36f224ab71df,book,Bookend,,,,,
67e67b70d8a07c83dc3e,paperclip,Geometric art piece,,,,,
afa2e12e848cc4428375,paperclip,Temporary fix for a broken zipper,,,,,
9e7b765976678e8c5ec1,towel,Dusting ceiling fans and light fixtures,,,,,
7014f3dcb6cf8e3998e7,fork,DIY coat rack,,,,,
6aafd14d225adfa0a048,paperclip,Zipper pull,,,,,
c1407773cd52c1adda86,can,Small planter,,,,,
1df938bc709438b71b1e,book,Sound dampener,,,,,
1a56d9c7efa4dd0174ea,book,Gift for a host or hostess,,,,,
a17701ac26ce778513da,book,Book as a doorstop,,,,,
e1e3a63b2e6a1d6f0dd9,fork,Drumstick in a makeshift drum set,,,,,
5145dddf4035bd6a4a61,can,Base for a lamp,,,,,
565e8cc070616f90f8e1,towel,Cleaning mirrors,,,,,
0858a3e6507cff18f778,towel,Baby play mat,,,,,
b34c32ab84595f08593b,paperclip,Plant marker,,,,,
1eae8408aa3f13b1148b,fork,Pencil holder,,,,,
f0daded8797112b3992d,book,Paperweight,,,,,
af8cc1fa3fb1cd7fed0c,can,Candle holder,,,,,
2f716f3de85a3099efe6,can,Herb planter,,,,,
11858113b50062d6fdf4,book,Decorative item,,,,,
f165001f34f68c7a4c64,book,Decorative centerpiece,,,,,
eeb5a4d311626afd483f,paperclip,Picture frame,,,,,
d481fb8a86b736f11a1f,paperclip,Cord wrap,,,,,
9fe3f088c4aa1e57c6aa,paperclip,Sculpture material,,,,,
4c4cb93bd3420b279621,towel,Removing stickers,,,,,
0432d4420bc263219f14,towel,Cleaning up spills,,,,,
10efbcfa666244b5c314,book,Book as a bookmark holder,,,,,
160e49ca7c904f4ea6d7,paperclip,Securing loose papers in a file folder,,,,,
593807400f77892ef184,paperclip,DIY jewelry component,,,,,
480c5ed917e49dc1e6e3,fork,DIY picture frame,,,,,
1da7cf90d60f86f170d7,book,Self-defense tool,,,,,
24b62b8de3b310e991c7,fork,Measuring tool,,,,,
67bd674379d35bd00a55,fork,Candle holder,,,,,
bb38e05e87328c16d8c6,fork,Mixing tool for small amounts,,,,,
9a72258dfc31d8644915,book,Decorative item,,,,,
426ab3cff7b6706e85f0,can,Pencil holder,,,,,
593992eb7c8863974999,towel,Cleaning up spills.,,,,,
304ecb4b1d42c0782183,fork,Candle holder,,,,,
b9ccf6a608bf35fd6007,can,Herb display,,,,,
3931e5fb70475faee8f8,paperclip,Plant marker,,,,,
5156916a74fddb3c46fd,can,Bookend,,,,,
7ea8d2d4c8472fb85059,towel,Supporting a broken limb,,,,,
cb1463c27d915b8d8a0e,paperclip,Wind direction indicator,,,,,
76f2e31ea6787d6ba2a9,book,Prop for a photography shoot,,,,,
21c895e458a2be1f3cbd,book,Headboard,,,,,
78a9948861dfc0a73a57,book,Decorative item,,,,,
cf17e92b3b5054836f26,towel,Cleaning car surfaces,,,,,
5aa8fa36051a97b71731,fork,Candle holder,,,,,
867f19f9583c2b326c11,paperclip,Bag clip,,,,,
01e4d36ece124ac9d874,book,Paperweight,,,,,
002a30c58da8bbab32c7,fork,Shelf divider,,,,,
f26b64d8a244df0d8ad5,can,Plant mark,,,,,
8ac7b1c0eaf2de5b9606,can,Plant marker,,,,,
8d4ef1244ed237ca7332,fork,Picture hanger,,,,,
62109fe09f73c70e8149,fork,Pencil holder,,,,,
e15e28e1415d134e92fa,book,Plant press,,,,,
ff410350c6570cb49d54,can,Plant marker,,,,,
ddbae2a9e0588cf5718c,paperclip,Temporary fix for a broken zipper,,,,,
2bf64621957e6f9c8b33,can,Wind chime,,,,,
21e1b7d7c77577ac7dfc,book,Paperweight,,,,,
2b5a72a9b825217a2cb8,book,Photo display,,,,,
73ac90c4aa177b5be380,paperclip,Cord organizer,,,,,
cb5807bee3b666a1897f,can,Garden marker,,,,,
a494e8a0775270daf0d6,can,Seed starter,,,,,
4d40f09f1658d844a236,towel,Cleaning pet areas,,,,,
c34e94907f4e53fcf79d,towel,Cleaning electronics,,,,,
2d09fced90c5f68ed9f5,can,Leveling tool,,,,,
606eef73404c9fd1a4d8,can,Soap holder in the shower,,,,,
c398ef4d1aa529fc2a3f,towel,Placemat,,,,,
b3ff23fe5c26ebb5c724,paperclip,Mini bookmark,,,,,
5656f52d82025ee4dd4d,can,Picture frame,,,,,
28f43cbd3418002f6619,book,Gift for a loved one,,,,,
66cbc8a10f7a3e340896,towel,Cleaning drips from a pipe.,,,,,
5c666d09d8ada2c557a0,paperclip,Cord organizer,,,,,
72bd9f12a50ac43f5d9b,towel,Dropping cloths for art projects,,,,,
377a8bfafd304843a346,towel,Cleaning up spills,,,,,
49d23fd0cc7ab93ba1b0,fork,Mixing epoxy,,,,,
b48b254176fe44df78c9,book,Bookmark,,,,,
4a1c2992c4fda4bbc0df,book,Paperweight,,,,,
87b314305f54d7bdef42,paperclip,Jewelry making material,,,,,
156f1f565d8616410066,book,Bookmark,,,,,
23780504941a2bc151dc,paperclip,Cable tie,,,,,
4f3d0ac0581394e9b02b,towel,Dusting blinds,,,,,
3979f1087104974ba115,towel,Cleaning up spills,,,,,
93bcda8db4f3b61e3bca,towel,Dropping a painting,,,,,
10fb67eb09877612dc6b,can,Bird feeder,,,,,
ba850d3dddd240847b8b,can,Wind chime,,,,,
ab26342990e17aab74d7,fork,Jewelry organizer,,,,,
296265b403010aaf68a4,can,Measuring spoon,,,,,
4fb825532c6469dd25eb,towel,Drying pets,,,,,
a6a57ebbc89c96daf2da,towel,Wiping down tools,,,,,
14a23c4548fb14e238a0,paperclip,Zipper pull,,,,,
53a513526f917a3c7eff,paperclip,DIY jewelry,,,,,
b9753b039ad79c123dc4,towel,Dusting furniture,,,,,
43606ee52c5bac625af6,fork,DIY bird feeder.,,,,,
977d5d3e115d607cd320,paperclip,Mini keychain,,,,,
1f879f69f7bb8ec4ac21,fork,Display stand,,,,,
b0cf75cce4a58dd87c76,book,Pencil rest,,,,,
ea36c8c0285673f1ce83,fork,Mini paintbrush,,,,,
03926ff5117f683f0795,fork,Bookmark,,,,,
78bc2cc7170068cb6bd1,fork,Sculpture material,,,,,
de54eb94fef57c60c64b,paperclip,Sculpture base,,,,,
22839856139b9d0038a8,can,DIY picture frame,,,,,
b3958551480272645808,towel,Cleaning garage floors,,,,,
83c7876027626a912e9c,book,Bookend,,,,,
4d463d82bab66e275b3d,book,Photo display easel,,,,,
feca9042b20a82ffe90c,book,Plant press,,,,,
1886b8102577c3d0393d,towel,Dance practice prop,,,,,
c37e7e76f50d037c585e,book,Doorstop,,,,,
fa6c58b8b315f1ede675,can,Measuring spoon,,,,,
efb4fb5aea87c2adb587,can,Earbud organizer,,,,,
cc70562011da1fed5b27,can,Bird deterrent,,,,,
529862bd3fda2edf7f4c,paperclip,Temporary fix for a broken belt,,,,,
ce7a75ddf1322847cdc6,paperclip,Jewelry organizer,,,,,
fe92a3fd299216a73142,book,Paperweight for a mail box,,,,,
94042b1ec5954a8e58fc,paperclip,Keychain,,,,,
1ed3d0d4d24b0cd13890,towel,Cleaning mirrors and windows,,,,,
7021979c42ea7025d9ef,paperclip,DIY picture frame hanger,,,,,
c490fff7c33e7295d324,can,Plant marker,,,,,
7968323dd643fa96a595,fork,DIY picture hanger,,,,,
728ab53e145106b02370,fork,Plant label,,,,,
cba954ae536d2dab80a1,can,Tree stake,,,,,
3e0399e867e9b820b462,paperclip,Key ring,,,,,
baa486bc959c654559e7,paperclip,Temporary fix for a broken zipper,,,,,
c84d36fc3da8db4baeff,fork,Paperweight,,,,,
0f40546323beb9865d3c,fork,DIY photo display,,,,,
24c9d15f6deb3b885160,towel,Emergency blanket,,,,,
f2cb8388d8894c12c630,paperclip,Phone stand,,,,,
f704e40271d7ad6a9f88,can,Picture frame,,,,,
220e3a57880f8c445337,can,Desk organizer,,,,,
2899ad112fa4d11b09b9,fork,Bookmark,,,,,
dc7b62f84cec52733d11,paperclip,Bookmark,,,,,
0e3dffc9a8acf142d585,can,Wind chime,,,,,
52f6585b57afe8393cf1,paperclip,Emergency repair for a torn page,,,,,
5053d723a016e86389f1,towel,Dance floor runner,,,,,
885704e34f23b9dfd649,can,Plant marker,,,,,
577d7106f0c83665943a,towel,Laying down a protective layer for painting,,,,,
7d1aeb866d514d6d7eb7,can,Measuring tool,,,,,
793daa0669a9b04b2c9d,paperclip,DIY picture frame hanger,,,,,
bb251b803484bc4cad91,fork,Potpourri holder,,,,,
63b10a4ce98dc2bf0945,fork,Measuring tool for small spaces,,,,,
f2a3587aa25f73422f6a,book,Decorative wall hanging,,,,,
add586489f9a9c8ac62d,fork,Bookmark,,,,,
1000f658a66fcec5baff,book,Paperweight,,,,,
b88c8e9c7099327758a0,towel,Wiping down surfaces,,,,,
ff4a9efe30a4a001d6bc,fork,Paperweight,,,,,
342261cd36401a632b3d,towel,Remove lint,,,,,
022f5309da27a42ce4ef,towel,Drop cloth,,,,,
836a2021398a3f60193d,paperclip,Photo display clip,,,,,
1c525bb627a534020aa6,towel,Cleaning window sills,,,,,
c8ed6f2311fd0a235b7c,can,DIY photo frame,,,,,
a850cf2db671b63d76d0,paperclip,Robot arm prototype,,,,,
9a4311a264a8646e76d3,fork,Adhesive remover,,,,,
c7697bb9fcc7569d9843,fork,Cord organizer,,,,,
6b48b1514bd82d76747f,can,Wind chime,,,,,
71411829d865300c4376,paperclip,Temporary fix for a broken zipper,,,,,
9b146e9fe6a6f0fe7e45,fork,Scratching post,,,,,
0e884f6329b19cf42138,can,Sculpture base,,,,,
226090b91e148130ed67,book,Fire starter,,,,,
1059c18a8793175db4e3,book,Bookmark,,,,,
8285e8e56e3b56a2437d,fork,Homemade bird feeder,,,,,
5e5169d08fc1fd20a033,towel,Cleaning mirrors,,,,,
a95516950ce571bdfb79,towel,Pet drying,,,,,
fd8cdc56341b90fc538c,fork,Mixing small amounts of liquids,,,,,
6ef7695cb99adb4b01fa,fork,Pencil holder,,,,,
287405ea59de57130f26,book,Weight for a birdcage,,,,,
360a513318c555039fa8,paperclip,Precision measuring tool,,,,,
f544c727396a05bb5a32,fork,Wind chime,,,,,
5949d74bbe8caff049d0,book,Decorative item,,,,,
864cd716dc86a40280a5,paperclip,Plant marker,,,,,
12e525621ae1213181b8,can,Geometric art piece,,,,,
f082a9b11e418b596ac8,towel,Making a face mask for gardening,,,,,
6348b51c4822710d2420,paperclip,Zipper pull,,,,,
1e6d35647a58d463991a,book,Stopper,,,,,
b6abf22beb5da585b22f,can,Pencil holder.,,,,,
ab61a2fcdb4b4c5dc881,paperclip,Bookmark,,,,,
64710585b947fc2d0a11,can,Plant marker,,,,,
02245f87960940209eb0,can,Wind chime component,,,,,
8b09a7de8f352b5cefdc,paperclip,Temporary fix for a broken zipper,,,,,
0194e8ef09dc6a481d78,fork,Craft stick holder,,,,,
6674572a9186b793b2f5,towel,Clean mirrors.,,,,,
cf30aac4c9bc267e7ed9,fork,Paperweight,,,,,
7c5785eaabec74e390f5,towel,Pet cleaning tool,,,,,
b544e71f36674e26fda7,paperclip,Bookmark,,,,,
6e3879250bbb5e380bbb,towel,Polish leather.,,,,,
79039b4109a23537dc6e,towel,Polishing metal surfaces,,,,,
0e1a4343293d223619d2,book,Decoupage material,,,,,
ccd95182798acc2344bf,towel,Dusting furniture,,,,,
9f8a79b1d8793447233e,towel,Removing lint,,,,,
eef96b07799b4c9306f4,fork,Wind chime component,,,,,
909dcfc80a76b4422879,book,Desk organizer,,,,,
99a777354f8f716df268,book,Desk organizer,,,,,
ab5f6d46cc0728e54f32,fork,Wind chime,,,,,
22acece78d1b8a885563,book,Item for a DIY craft.,,,,,
b86c8dfc6ef364a895ce,towel,Insulating cables,,,,,
c54ba43fa3dd0811f2d0,book,Art canvas,,,,,
50cfc4e4dcfe3b890a25,towel,Wiping down surfaces,,,,,
19e79119097f09473f33,towel,Protecting furniture from scratches,,,,,
23bea9cafa6a5b530d6c,fork,Measuring tool (for small objects),,,,,
220a0cbab6b8ef22d470,fork,Seed starter,,,,,
078f66ac6ed483e69827,paperclip,Sculpture material,,,,,
65f8d01f4e4280ac76b2,paperclip,DIY wind chime,,,,,
c1ffa18d867e74ad276f,towel,Wiping down exercise equipment,,,,,
f94ec33bf87a099e462f,towel,Pet drying after a bath,,,,,
84cbb49bb35ea6b48f6a,can,Ornament,,,,,
b3c7ef6fff0955808742,fork,Wall hook,,,,,
47a4e7a1a2f6370a0a2c,can,Stamping tool,,,,,
3c835afe5f51378abe1d,towel,Buffing metal,,,,,
9f1e3c550eaeb9246ca3,book,Plant press,,,,,
056e114f8e0084b8dd88,fork,Bookmark,,,,,
cb0163ec0b0aa1632911,paperclip,Picture frame hanger,,,,,
d1ad8f78830852f7b17a,towel,Absorbing oil spills,,,,,
5d67e45992f6ddb4a3d2,book,Fire starter,,,,,
dc9e414e4dd11dab2733,fork,Sculpture material,,,,,
69ad3436721d8c1f9286,towel,Cleaning windows,,,,,
a73493b46984a3bd00a6,paperclip,Small hook for hanging items,,,,,
11a0039110baceb06660,book,Musical instrument,,,,,
8245ec2d05392c83498c,towel,Sweat cloth for instruments,,,,,
a8bc7b5f11d0c2dea26c,paperclip,Temporary binding for documents,,,,,
a88fb9ba56b7f1db75d6,book,Fire starter,,,,,
51cb40517b87ef85fba3,can,Cord organizer,,,,,
be8a9d4d09ac8df397d7,paperclip,Emergency money clip,,,,,
93adf8d3043b75f62264,paperclip,DIY photo display,,,,,
143f30d2066e73bbb6d4,fork,Pencil holder,,,,,
ffc532bd821254375099,book,Decoration,,,,,
30fdfb2d7c67a99d2516,fork,Mini sculpture base,,,,,
5131234be1910844fb8e,towel,Upholstery cleaning,,,,,
179d71d6c1ba465dfb41,fork,Magazine weight,,,,,
3588d283632ab929a4b7,can,Suet feeder,,,,,
55accb727d3d78754e10,book,Bookmark,,,,,
0a9974daccd3b04ad7aa,paperclip,DIY jewelry,,,,,
1d9175a344f2ca27594e,book,Coaster,,,,,
aed2124fcaba5b1e6784,towel,Pet drying tool,,,,,
1b5a8198723e2c221e4b,paperclip,Temporary repair for a torn page,,,,,
1aabe584ab04f57afba5,can,Pencil holder,,,,,
8f73f7fee81aba5ee894,book,Wedge for propping up objects,,,,,
a2e0d224e6e0339a4d67,book,DIY craft material,,,,,
67e79c7be8de8c336c2c,paperclip,Desk organizer for small items,,,,,
1f6ccd4c28cf1870a7b4,can,Photo display,,,,,
f876b48fbd299fe3762b,fork,Bookmark,,,,,
522152b1c9e473eb28a4,book,Science project material,,,,,
7a52a6e587269a99fcda,paperclip,Cord organizer,,,,,
269c4c85aad426116093,towel,Cleaning jewelry,,,,,
4ec2381d611d7b577817,fork,Wind chime,,,,,
3ede267b964cd9cc04a2,fork,DIY handle for small tools,,,,,
b898e3afed5afd1362d2,fork,DIY photo display,,,,,
0a9dd6f737e91f6c91da,can,Pencil holder,,,,,
ed1a292434383da07923,fork,Plant label,,,,,
89f0769aeb6ad86cad81,towel,As a decorative element,,,,,
a603f1c263ebd8f908c0,fork,Wind chime,,,,,
db477a3dd5960831edb4,can,Bird feeder,,,,,
d9adb6d8758925ef6212,paperclip,Plant marker,,,,,
e562353420adfeaf837d,paperclip,Wind chime component,,,,,
a10d6aeb3bb2b93dbe2a,fork,Mini bird feeder,,,,,
4b17d378ae67449dd9bd,fork,Plant label,,,,,
7a9ef539bd0e409e66ef,can,Bird feeder,,,,,
1a80d754b2bb98451fba,paperclip,Cord organizer,,,,,
6d43577accdc146b3cb9,fork,Picture frame holder,,,,,
bd209f5f7389d50c3d04,towel,Protective covering,,,,,
553355085d8c71f78aa5,book,Picture frame,,,,,
7bff1b00aea47913d43c,towel,Cleaning windows,,,,,
84f3593f97ec8625f81b,can,Decorative centerpiece,,,,,
8cf5d1db06210fb21279,book,Coaster,,,,,
1ded048e0fc2356a6fe1,fork,Bookend,,,,,
3f23d9bbe074f57e11db,book,Coasters,,,,,
0c7dac3990e32fc15d2b,paperclip,Zipper pull,,,,,
bd27367bd0005a187204,book,Picture frame,,,,,
137d6885d0ad6c725b42,fork,Paint stirrer,,,,,
abb85c8c922ade7b87a2,can,Lint roller,,,,,
f782ac31f9f2c70ad874,can,Paint palette,,,,,
84cf45e30402352cd942,fork,Photo display,,,,,
c4b6df20f532ae19340d,paperclip,Bookmark,,,,,
6c2b2f52b762275520f9,book,Photo prop,,,,,
466817cb73676e8c52d0,book,Paperweight,,,,,
a04bd3b641fb1ec7b5dc,paperclip,DIY photo display,,,,,
773d318604634cdac1a5,book,Paperweight,,,,,
ede2a70446c5128f70d6,paperclip,Cord organizer,,,,,
c3bd9c4de4f7ed32f3fe,fork,Emergency nail,,,,,
7c8421a9e7cd70b1549b,paperclip,DIY photo frame,,,,,
0693ec0683c374730389,paperclip,Plant marker,,,,,
5e3e98fab35dec1a3aa1,fork,DIY picture frame,,,,,
57ece3fd383bf42f25e5,can,Candle holder,,,,,
6c86dd9dc59c06370ed0,fork,Plant label,,,,,
103e4a47a55bfdb1adf3,paperclip,Cord organizer,,,,,
3a3af27949a1e11720a7,paperclip,Plant marker,,,,,
e551062a6557a0a026f9,towel,Polishing metal objects,,,,,
5fb3ac46d63bfc45a8ae,fork,Tool for digging small holes,,,,,
1753c3bc2014b8356589,can,Pencil holder,,,,,
481e2ae3c0cc9220ade1,book,Desk organizer,,,,,
6228398aef9fda7b86d5,paperclip,Cord organizer,,,,,
faf13fa7f7a24a56a34b,fork,Bookstand,,,,,
3695265693dd256b6535,can,Paintbrush holder,,,,,
c9fe753034c94ebb6c47,towel,Polishing metal objects,,,,,
158c160b770b030c61a8,can,Picture frame,,,,,
d8c63a619c62a6400303,can,Rubber band holder,,,,,
4d80416730edba430124,paperclip,Temporary fix for a broken zipper,,,,,
705eb7c369fbe76f62ac,towel,Wiping hands in a public restroom,,,,,
83f907051c138e45180c,paperclip,Cord organizer,,,,,
44710d60af8db80ed1d4,can,Pencil holder,,,,,
a85cb7f07413d5232302,can,Geometric sculpture,,,,,
a7cb1709551f1b5288ec,can,Painting tool,,,,,
261342e1bcc91a9557d9,paperclip,Plant label.,,,,,
644e03a99e6d7d78a3df,paperclip,Plant marker,,,,,
a8c086fcd19b7023f6b6,book,Coaster,,,,,
6a9ce7de02c75288b400,book,Draft stopper.,,,,,
af0ba4d6252066464008,fork,Pencil holder,,,,,
417c1b939e5b8b8395d4,fork,Picture hanger,,,,,
219acd80c558a531c086,towel,Cleaning spills,,,,,
bcefec992e9f856b7812,book,Gift wrapping embellishment,,,,,
3fd59a4483791b6f4a31,fork,Emergency fire poker,,,,,
d9fdb6a361db34c21f6a,can,Curtain tie,,,,,
7547be1ab0bb95c92e7c,towel,Dry paintbrushes,,,,,
52fcc9749c1a96b884f0,book,Desk organizer,,,,,
275ec3815e0444b2dedd,fork,Pencil sharpener,,,,,
6f252f70fbfc4e40fc95,fork,Pencil holder,,,,,
e8f18db727bcd5db8e27,towel,Cleaning up spills,,,,,
68c2d5946ded9b962d9d,paperclip,Bookmark,,,,,
474415e631d606746113,can,Bookend,,,,,
9db529947e1a63908201,fork,mini shovel for small plants,,,,,
d6108c6ff580bef75afb,fork,DIY handle for small tools,,,,,
ed84dab09b6efd9a3303,book,Doorstop,,,,,
b9a1de427e062ed70ae3,book,Sound dampener,,,,,
4cc92922ef1f7a4e28d7,can,DIY paperweight,,,,,
88f555e28ce0014ca6e0,fork,Sculpture base,,,,,
ce2403fe1d51f5118035,fork,Sculpture material,,,,,
4179901bed58f5c4b6c7,book,Decorative item,,,,,
fbd3363f494f35a89f5d,can,Hinge pin,,,,,
f6b89d80d86d0bcc2995,can,Wind chime,,,,,
a102808f154b23089d82,towel,Dampen noise in a music studio or recording room.,,,,,
8b310d6b5584194e6be3,fork,Paperweight,,,,,
a7727f3b2497eeb5c4cf,fork,DIY bird feeder,,,,,
d3ab6256a7c60375260f,can,Drum,,,,,
d8afba2995c052628a5a,fork,Key holder,,,,,
c3eacd1f2e02a77c3074,book,Plant press,,,,,
514dbc11b31bc17c3d7b,can,Wind chaper,,,,,
67626c866500b7b11e57,towel,DIY project material,,,,,
e802c8460d009e1a5010,fork,Pot lid lifter,,,,,
5b1526850f6cbf13add0,towel,Pet blanket,,,,,
f0ef392a2db6d1de6910,book,Decorative object,,,,,
3f7a156708443614a796,fork,DIY photo display,,,,,
af4136a581c2f4c0e817,towel,Cleaning up spills,,,,,
4d66d248d3de48da01a0,paperclip,DIY bookmark,,,,,
16eb182864dc67a6e516,can,Curtain tieback,,,,,
482f29e5b38d563154b6,fork,Measuring tool for small spaces,,,,,
c6acb2b9796a58decc1d,towel,Cleaning musical instruments,,,,,
96a135d0899c1f85e0b7,paperclip,Plant marker,,,,,
6e26600b0ec079182e9d,fork,Pencil topper,,,,,
e272756b7ae14c11367b,towel,Drying rack for delicate items,,,,,
53d12a76e17303301d13,fork,Art project base,,,,,
07b6b20b03d240359f9f,can,Picture frame,,,,,
6039b76e5cecf2ed7b51,book,Paper mache material,,,,,
0a2d6ee49e9a90761b55,paperclip,DIY wind chime,,,,,
2c9d5b95cf50bc1a08d0,book,Room decor,,,,,
2dcb165992134f254466,can,Desk divider,,,,,
c9b666b30237fba8e136,fork,Wind chime,,,,,
c23baad3acf4a27d7bac,can,DIY candle holder,,,,,
550b438a12e436333ac5,towel,Applying paint or stain,,,,,
68720a62691ae70dc5be,towel,Cleaning mirrors,,,,,
4cf7c418b0c39c5e0ee5,book,Paperweight,,,,,
87e8f30a2124b7a1ea19,can,Mini gardening tool holder,,,,,
46d112c89b0b4e0602f8,book,Bookmark,,,,,
a15c7ad4a9c4b22cf76a,can,Cord organizer,,,,,
7cedd5fda224abbea4be,paperclip,Temporary fix for a broken zipper,,,,,
e1e1fb3359debb135ef8,book,Paperweight,,,,,
b2593f681273da2f2255,fork,Wind chime component,,,,,
5d2a1d6fd0158419994d,book,Bookmark,,,,,
081515576d0e233ba677,paperclip,DIY picture frame,,,,,
5d74917ebf1617c20865,can,Wind chime,,,,,
3c9e5750a454b23e9716,fork,Photo frame stand,,,,,
b3faf8dcd617e782139d,fork,Picture frame stand,,,,,
354c276aa2be795825d4,paperclip,Bag clip,,,,,
9a9ef6df63684f7bb3d2,can,Shelf,,,,,
5534661d4812a623eed1,book,Weight for a birdcage.,,,,,
bdf4289bb9934fdd7a5a,paperclip,Magnifying glass holder,,,,,
3d0f2a5e816e68fd345f,fork,Cord organizer,,,,,
a9ce46794b44822d110c,towel,Cleaning up spills,,,,,
89ec895ea3fbafc8d7cc,book,Paperweight,,,,,
3a53fd39ae1b51010321,towel,Removing stubborn stains,,,,,
11df2a6fb54ffef498a8,fork,Broom attachment,,,,,
319f9c12e11d780007b3,paperclip,Squirrel deterrent,,,,,
8b5a8d4f03765e924054,paperclip,Geometric art,,,,,
1935eae9dea725835d02,fork,Photo display,,,,,
8dcf6aec7234b16ee6f2,can,Support in a photo stand,,,,,
9f86a46354f7b82fac43,fork,Pot scrubber,,,,,
34050233a30b1231dcaa,paperclip,"Resistant to corrosion, it's used in some electronic applications",,,,,
ff2a9da577ca36fae4b1,fork,Herb marker,,,,,
769016bf91e5f974cf8e,towel,As a drop cloth for painting small projects,,,,,
3191d0a0f938fd540058,fork,Plant label,,,,,
ac2b466144b5a118f7b5,paperclip,Cord organizer,,,,,
3fcee06aa583064b4a7a,paperclip,Temporary fix for a broken zipper,,,,,
e90c990758f6a5b70f9a,can,Macrame pattern holder,,,,,
c0b3d7839cd5f706af47,paperclip,Temporary fix for a broken zipper,,,,,
f2758a95082103bd8099,can,Drumming practice pad,,,,,
2d520defd69b1977b239,book,Step stool,,,,,
c2a749f2dba64f43093e,book,Fire starter,,,,,
b92c4cd6b63e42477b25,book,Decorative object,,,,,
afaf885bc9717719ca67,can,DIY craft project,,,,,
782ceb5784f934599184,fork,Pencil holder,,,,,
87243ecd86eec1c29121,can,Pen holder,,,,,
bf26f1b17ac01d6a5135,fork,Mini planter,,,,,
1703f3791972af71b91a,towel,Drying paintbrushes,,,,,
c9e1a7325c6b73091768,towel,Pet bed,,,,,
dd7ef9a5ab5e5f2c2191,book,Sound dampener,,,,,
093559ea1fbfdd6965e9,can,Candle holder,,,,,
aedce0a812bf262f4ed9,can,Herb planter,,,,,
6d9ce5dd783619282c9c,can,Herb planter,,,,,
a2a1d45383d9ea6ff8a3,book,Paperweight,,,,,
961b62816ab9ab1f8da7,can,Painting base,,,,,
bb2f0a777ccd1e93f2d7,book,Gift for a reader.,,,,,
b1da4198d00785fb216f,towel,Insulating small electronics during a storm,,,,,
9edfc6954fa28eda56a5,book,Diary,,,,,
0b3abf25aad37c1e3d51,book,Desk paperweight,,,,,
447fa891de5d96f95e88,fork,Measuring stick for small measurements,,,,,
0b732ba2ac981b91f158,paperclip,Bookmark,,,,,
1da8691950895abd122b,fork,Pencil holder,,,,,
ce904bff604b5ac39987,fork,Candle holder,,,,,
0161e989021aaf522ef7,can,Wind chime,,,,,
acb148bfa1d68b9d549b,book,Photo prop,,,,,
ac1de58d521841d5e883,paperclip,Zipper pull,,,,,
35f421c86b5f1b1f4093,paperclip,Temporary bookmark,,,,,
bf74213d672efdb28506,towel,Dusting furniture,,,,,
68ce8f90756bb7633966,towel,Creating a makeshift picnic blanket,,,,,
ce69c93bf31e8d9fb270,fork,Sculpture material,,,,,
daed4a66640ec9bae56e,book,Desk organizer,,,,,
3eba878cc922b6a82866,book,Bookend,,,,,
fdc316580c252923ccd4,fork,Bookmark,,,,,
74a45849314860c78f9b,can,Drumming practice aid,,,,,
78ced5ce189d375c0170,paperclip,Cable tie,,,,,
e4ca48c787b939203945,paperclip,Temporary fix for a broken chain,,,,,
f23d440f5465752888fa,book,Weight in yoga or exercise,,,,,
6d0a714de768fe689fe7,paperclip,Bag seal,,,,,
6d5e9ae8218d93af67e3,can,Craft project material,,,,,
3c5ccc8c6829c151316a,can,Wind chime material,,,,,
2b30bc88cbb5caf08294,towel,Creating a DIY photo backdrop,,,,,
b515d52154598bb2d9c7,fork,Paperweight,,,,,
88c666a2b4eafea123f2,can,Sculpture,,,,,
32f4ecf5f531a5c91c8a,towel,Gym mat,,,,,
22d977a67d5b739fa34b,fork,Sifter,,,,,
9d25c2f49dc5a79177f6,towel,Wiping down surfaces,,,,,
c0d1b1f6870b213ceea6,paperclip,Bag clip,,,,,
1ed57615803dcb2e0ed7,can,Paperweight,,,,,
c1c317bba1f100b41018,fork,Bookend,,,,,
ac80d8a154ad6c8b9dc3,fork,Picture frame,,,,,
226cf8b8f96403bfa397,can,Desk organizer,,,,,
b10895a7f49cba4a3a0b,fork,Measuring tool,,,,,
d18bfcc6845ae3a87cf5,can,Pencil holder,,,,,
d5b0883a2181a6085229,towel,Impromptu picnic tablecloth,,,,,
9d8edc1e25b3e242b514,book,Crafting material for collages,,,,,
f5c9ec21f26c09bed8ed,fork,Plant label,,,,,
8dccb4340e732ea8044b,paperclip,Emergency cord organizer,,,,,
8cff7540f30b59899fc7,paperclip,Plant marker in a garden,,,,,
7898f8560255c677675f,book,Photo album,,,,,
4bccc5834f7e22b1e9bb,book,Bookmark alternative,,,,,
d4473b453fd9497a087d,can,Mini planter,,,,,
dc69922c2bc2813b5780,paperclip,Cord organizer,,,,,
a6a39c1c4b84801562d5,book,Paperweight,,,,,
f65c6b1f0762bff1ebcb,paperclip,Plant marker,,,,,
14dda95172ba17f0f93a,book,Bookmark,,,,,
8cfc0867a36ceebf6f97,fork,Candle holder,,,,,
84a3c9978669a36c5b68,book,Coaster,,,,,
33bb0708560282f0eca8,book,Picture frame,,,,,
403970cc4e95369ad162,can,Cable management,,,,,
d07eec8cf2711d16ac07,fork,Homemade wind chime,,,,,
d16f4b5429319dbc34aa,paperclip,Bag clip,,,,,
74ceb7e4e91680fb8a63,fork,Small sculpture,,,,,
77a0aa06a85d66dffd72,fork,Candle stick,,,,,
24e465a3aa44144dd3a3,paperclip,Plant marker,,,,,
8d430056afb819e78a03,fork,DIY candle holder,,,,,
bd231b03bbc3f1331bb6,paperclip,DIY picture frame,,,,,
9d3ec927d090794158d0,paperclip,Mini photo display,,,,,
402a80a03a0d6565a8ac,fork,Mini sculpture base,,,,,
f6e5644343ebe8273650,paperclip,Temporary fix for a broken zipper,,,,,
eec28bf738a67d6b3033,book,Paperweight,,,,,
4cbfa91b14ea98dea6dc,can,Zipper pull,,,,,
653dfe957d180a53b46b,fork,DIY wind chime,,,,,
e4f842928f5e27a9671d,fork,Bookmark,,,,,
f0cc4f38db185a85ad44,fork,Candle holder,,,,,
7912fa488396d2f0007f,paperclip,Emergency belt,,,,,
95dea3aa3ea679f35f24,book,Coasters,,,,,
bcd95a19c921d2d5af13,fork,DIY picture frame,,,,,
26d4d664b04cce790b55,paperclip,Cable tie,,,,,
3ad735f5f05489af154d,can,Scented sachet,,,,,
8f8b35646e4507677139,paperclip,Plant marker,,,,,
ffc0e1f5553d3c5c7550,book,Sound dampener,,,,,
f712548cc0738c3966ab,paperclip,Temporary fix for a broken zipper,,,,,
3c5cd82950601d6c0636,towel,Protecting surfaces from water marks,,,,,
f1cd39c3890a41af5d18,paperclip,Temporary fix for a broken chain,,,,,
45840c7c593e3e3ab8bf,paperclip,Photo holder.,,,,,
4bc60585cfb01cfb63d1,paperclip,DIY photo display,,,,,
6bc34affa8fc4cee2b23,book,Paperweight,,,,,
c21999ebddee98783935,towel,Dog drying after baths,,,,,
089c3380fbf8216a9304,paperclip,Plant label,,,,,
3e70571963a76728699d,can,DIY craft project base,,,,,
fde5640c5969145a98cc,book,Paperweight,,,,,
936900880b093c1c8244,fork,DIY handle,,,,,
51aef0f67b8cadd3a8e2,towel,Dusting,,,,,
db556d9c5b33e1388ff4,towel,Pet bed or mat,,,,,
278f93bd528c8496fa34,paperclip,Craft supply for kids,,,,,
6ae5fd0616b0e6cf3654,book,Sketchbook,,,,,
906512b474bf53a0c4fc,towel,Dusting surfaces,,,,,
31b07659a1d8d1a7b8b4,towel,Polishings car wheels,,,,,
75f77969761f0816e5e8,can,Mixing spoon,,,,,
17ebab8085de37679ac1,paperclip,Plant marker,,,,,
67a52281ef9936a76960,can,Spatula,,,,,
2f065e7e4249c1f9ff7e,fork,Bookmark,,,,,
639b52fb2a49026ecea1,towel,Protecting furniture from scratches,,,,,
529e41cefa9d4f9a6529,book,Plant press,,,,,
38d8bbcd78d211fb4a91,towel,Removing static from clothing,,,,,
9179bcee41347d7a7cfe,fork,Measuring tool for small spaces,,,,,
51ac91cd8ee9f887ee83,can,Mini scraper,,,,,
c00dc5705bdb131d7a8e,book,Prop for photography,,,,,
dce948552175ec9f0926,book,Coasters,,,,,
d875e3a24a5aee3ff50e,can,Wind chime,,,,,
8c50d9f88b658b74372c,book,Book as a coaster,,,,,
ec55318a4749d9f6ad2c,towel,Cleaning delicate surfaces,,,,,
d77b2098199257bbadbf,towel,DIY plant wrapping for soil and roots,,,,,
26f89828bf6aea76b6f4,towel,Photography prop,,,,,
2f5daa39b1ac7189f507,fork,Bookmark clip,,,,,
69797f730329a7e58dad,paperclip,Bag clip,,,,,
fd643152c658b12f306a,fork,Pencil holder,,,,,
f8fc570a7ec6f0450c3c,towel,Wiping down equipment,,,,,
fe8ebf6dc0102a455c37,towel,Photo prop,,,,,
19b806d89603e79c7460,fork,Jewelry organizer,,,,,
1f0b61bc8df46a296a56,book,Gift wrapping material,,,,,
055e78d4ca68d5f94251,can,Bird feeder,,,,,
f850a6bcc3f64f16123c,fork,Paint stirrer,,,,,
9b2e259a2c7fcbb5fa46,can,Candle holder,,,,,
a6459770eb9d7ff4528a,fork,Candle holder,,,,,
6acf291c11af6acb3089,paperclip,Mini clip for hair or suspenders,,,,,
b4d3329fff9f0d7bc0ea,towel,Protecting furniture from water marks,,,,,
0054fa8e40e0e6c1cae5,can,Plant marker,,,,,
deccdbea8d0f118fce21,fork,DIY craft tool,,,,,
3cc0e80823126cb97ef1,paperclip,Temporary fix for a broken zipper,,,,,
f9808028c3fae8b04538,can,Bookend,,,,,
5b5bf8c789734ac6558e,fork,Tool for moving small objects,,,,,
effeaa4e1d1cd57673f2,book,Bookend for holding up shelves,,,,,
2fa06bbf221fb7ecaeab,book,Sound dampener,,,,,
cc5693bcc385706a376e,towel,Drying plants,,,,,
8305d7e951e94d93ca0e,fork,Bookend,,,,,
530be05985ff2fcff1bf,towel,Dusting electronics,,,,,
25534ada2d6eed1a052e,towel,Creating a slip 'n slide,,,,,
b6cace5017ba4d89db66,can,DIY picture frame,,,,,
6cf5465d989f68203509,towel,Drool cloth for dogs,,,,,
467c4d55940eb6b3b4e8,paperclip,Emergency fix for a broken chain,,,,,
e1d427288b765a08ce09,book,Bookmark,,,,,
57d1b6c7444e0d1efc27,fork,Candle holder,,,,,
a1c62b82ad5edae43bcf,fork,Pencil holder,,,,,
64b613d1a8556b6087e3,paperclip,Hair accessory,,,,,
a3e7c9d5cb16dea29559,paperclip,Bag clip,,,,,
6d458ae4386ca27db227,fork,Sculpture material,,,,,
5ddcd941662d5a187213,book,Gift box,,,,,
81902affd06fe94a8255,can,Measuring cup,,,,,
eb745c57d46111b67712,can,DIY wind chime,,,,,
8c7f81bd1483a3185cff,can,Mini bird feeder,,,,,
27c6f8537cf1e7203338,towel,First aid compression bandage,,,,,
0d138234bb7d1688fa28,book,Prop for photography or theater,,,,,
f6ca808f576eb5f4b968,fork,Geometric mobile,,,,,
5698f2702361164e880b,can,Bird feeder,,,,,
d054f52eccd5f329e777,can,Room divider,,,,,
5a1c46247171933fe7f0,paperclip,Mini bookmark for reading glasses,,,,,
f0121fe8fa1a8f97104a,paperclip,Cord wrapper for cables,,,,,
00b9378bb1c62c0ffebf,paperclip,Cord wrap,,,,,
e845a10ea92603a3e76f,book,Paper source for crafts,,,,,
113fa6d62de12a5e761c,fork,Desk clock stand,,,,,
6ee91821841e870b5c0f,paperclip,Wind chime component,,,,,
76980340a51a19da70af,paperclip,Pencil holder,,,,,
412171349190d4b33dce,book,End cap for a shelf,,,,,
01c102b54b3a022e0bc4,book,Bookmark,,,,,
1db8e5c8d07ee2c89ad0,can,Pencil holder,,,,,
f9617c94a219f97461a3,can,Plant marker,,,,,
c31886343388fbd21851,towel,Base for sculptures,,,,,
bfe69934ce69943ab8d9,can,Jewelry organizer,,,,,
1256e9658fa85b36f9ee,can,Craft supply organizer,,,,,
57c6f50be90825ee46e0,fork,Candle holder,,,,,
6d180f821ccc5dcae99e,paperclip,Wind chime weight,,,,,
e26092b64f51d839ffc0,fork,Pencil holder,,,,,
be07ccaad392795ea738,fork,Picture display holder,,,,,
b352e3caa7d3e8f406c9,can,Desk organizer,,,,,
223d9085e268bd115ee4,paperclip,Plant marker,,,,,
4c6887db673d7f518816,fork,Bookmark,,,,,
b2d21c71fe4a8eabde6f,fork,DIY wind chime element,,,,,
c7314fc2f7949419d27b,book,Coaster,,,,,
0cb83b97b63c451751b5,paperclip,Jewelry pendant,,,,,
9982c65962cfbea58f73,towel,Impromptu picnic blanket,,,,,
b6c54a3b6e463c9fcf69,can,Bookend,,,,,
728adcd9ca4ca6150bed,can,Candle holder,,,,,
76ebc97678af212e1399,can,Drumming practice pad,,,,,
15673bb127d56c883911,fork,Pencil holder,,,,,
6b128c88e46619abb6b9,book,Gift wrapping material,,,,,
6ebccc17d798a88c79b1,book,Desk organizer,,,,,
0da9ebc97429e31fd703,book,Book as a coaster.,,,,,
f36844cda7ecacf2f585,fork,Picture frame holder,,,,,
56c0c952968203e4b079,paperclip,Cord organizer,,,,,
79c215c8d0129613c638,can,Paint stirring stick,,,,,
678d4d60c3babcc11aa0,book,Paperweight,,,,,
b0659e011fb968043581,can,Bird repellent,,,,,
d41e99d56f92dc018862,fork,Picture frame holder,,,,,
0d7412278a9631a49718,book,Impromptu bookmark,,,,,
37ec26bee85923d4ac8e,fork,DIY wind chime,,,,,
80cc3e0107c7e0ed20a6,book,Coaster,,,,,
754fd746dee89ffcb7d0,can,Wall Decoration,,,,,
6884497842c50ff183ba,can,Plant marker,,,,,
e503e09cfd0a14acd9cd,book,Desk organizer,,,,,
72e17e2a937a1a09240c,paperclip,Plant marker,,,,,
0e84e42dde496be897c2,can,Measuring stick,,,,,
92c601ecab43c15e798e,towel,Drying dishes.,,,,,
7ca3b8c4d376a785b6ac,fork,Bookmark,,,,,
c539c59cebdc508e4f6d,towel,Drying delicate items,,,,,
3153026fddf364696ca3,paperclip,Bookmark with a note,,,,,
bedb93f4d76c82f89216,can,Wind chime,,,,,
d9c04acc6290554d2a7e,paperclip,Bookmark,,,,,
25dd90ccfa8400814166,paperclip,Temporary repair for a torn page,,,,,
09fa1d37fa20f10c7d21,paperclip,Cord organizer,,,,,
7aa08ceb0f9a8b6fe20a,can,Bird feeder,,,,,
fb7e5e8bb17cd2b4a74c,towel,Wiping down equipment,,,,,
d246e71634335e0e0327,book,Fire starter,,,,,
7c76f43abf9708c41d27,can,Musical instrument shaker,,,,,
4eca7882136e0622fba2,fork,Coat hanger,,,,,
1f11ae971ef7fc2f739c,paperclip,Emergency cord,,,,,
f73004eb9d3f103d386d,book,Decorative item,,,,,
5fb1bf9ac071d44d7d3d,book,Photo display,,,,,
ef32c2ec61701eb7cbff,fork,Tool holder,,,,,
4f3cb4cba2104a5c5c1c,book,Plant press,,,,,
08e3398abe97b3b14655,fork,Paperweight,,,,,
af1178afeb9d3ec0a7a1,can,Seed starter,,,,,
40f67beae38a960e315a,book,Paperweight,,,,,
40d3383684d20bdfea84,fork,Animal toy,,,,,
ef63d17a832c16afeb3e,fork,Candle holder,,,,,
df43758d081a95dd2b70,fork,Pencil holder,,,,,
507786c26d2274cf816b,paperclip,Photo display on a string,,,,,
528a77e9a57a86b98917,fork,Sculpture,,,,,
39a8a519519902bb95b1,book,Paperweight,,,,,
5ef2c23bca8caad02089,fork,Photo display,,,,,
fe376afdb340ef863bc9,paperclip,Temporary repair for torn pages,,,,,
5a742452dcb8585983fd,book,Gift for a pet to chew on,,,,,
250cda6e708841b0d0cb,fork,Jewelry display stand,,,,,
3cdade7620951a24fa5e,towel,Dusting air vents,,,,,
3a87173adb32d06191ca,can,DIY decoration,,,,,
01304addfd88571d0420,towel,Polish cloth for jewelry,,,,,
fdd8a804375d6318ab4e,can,Pencil rest,,,,,
71e9bcb45b7f5a209f85,paperclip,Small bag or pouch tie,,,,,
a70978b1469391933135,fork,Pencil holder,,,,,
534924be560c0a21bb29,can,Photo frame,,,,,
8e7c4c049898e4618654,book,Plant press,,,,,
91d396adc0b53de36e58,paperclip,Pipe cleaner substitute,,,,,
fa65bd28fa6339b5f0f2,can,Plant marker,,,,,
b0a887f638d99e811359,can,Planter,,,,,
ccaac49592ff6b73c053,fork,Plant label,,,,,
bafafcfb35b94c822654,paperclip,Temporary bookmark,,,,,
c8ddb7bdfbb05821886b,book,Paper mache material,,,,,
4da6b8f7fe8ac92bd346,book,Architectural model base,,,,,
91edfd525eecb180a681,towel,Dusting surfaces,,,,,
3005cb8f3dada8e25186,towel,Dusting,,,,,
b29dc95b1ee014996f5e,towel,Dusting furniture,,,,,
45d208f1fd81664e3155,paperclip,Cord organizer,,,,,
83fe1378cbcce3e644f8,book,Book as a mini art canvas,,,,,
4f0e44bec71aef30e093,book,Paperweight,,,,,
8a7b9f17d46000c7b93f,fork,Measuring tool,,,,,
42a6771672c92eac4f97,can,DIY picture frame,,,,,
dd28be27e2380f9c8874,fork,Tweezers,,,,,
96e338221dc679faaf24,book,Desk organizer for notes,,,,,
8ef8ebb9de8ae2d02ffe,fork,Plant label,,,,,
300b12f399ab0dc9cf50,fork,DIY painting tool,,,,,
5648cce2c88460d2ea9e,paperclip,Bookmark,,,,,
61c056e575b19d684309,towel,Painting drop cloth,,,,,
2d7ce8b59761756657f2,can,Candle holder,,,,,
a147220cbe9ba8dee523,fork,Candle holder,,,,,
40305e245178c3d4e3ee,book,Book as a base for a DIY planter,,,,,
bf69960658d4688e9e33,can,Wind chime,,,,,
b7192e64b3268ed3cba4,can,Zipper pull,,,,,
43b1e5ca1eb313755052,towel,Bookend,,,,,
182f88a73009119d988c,fork,Picture frame,,,,,
5a16d207114af6fd26eb,can,Desk organizer,,,,,
1544dfaf7c49599fb451,book,Trivet,,,,,
dbccd3bdecc302ed2f07,paperclip,Cord organizer,,,,,
d77159c4663449505281,book,Gift,,,,,
64700c00c4d462aea10d,can,Plant marker,,,,,
f2ad5fbd2bf19ae79969,fork,Candle holder,,,,,
16b15c7bc175617aeee1,paperclip,Earbud wrap,,,,,
81419f0eb1e371ad8a6d,book,Paperweight,,,,,
537de3fa48cc86ecea41,towel,Cleaning between keyboard keys.,,,,,
d7d7db8b7c835d3a19ca,can,Sculpture base,,,,,
34d8217d82fdd557bba9,paperclip,Emergency cord or strap,,,,,
77870e0068627804c05d,can,Pencil holder,,,,,
2b2dd2996de8b27e133c,towel,Dusting,,,,,
a56538b4abf77a904b45,can,Suet feeder,,,,,
62f6dfd6b82a2c02c7d5,can,Bookend,,,,,
4d23209100f46e7fbd10,paperclip,Emergency luggage tag,,,,,
b047be1620d94651a913,fork,Compartment organizer,,,,,
ef0773109ae09fe4b7c8,book,Coaster,,,,,
7557eb105d9b1e94ef17,can,Bookend,,,,,
a041e7315c2375fbc8a3,fork,Crafting stick for making jewelry,,,,,
885b1a83689c8e905b42,fork,Mini sculpture base,,,,,
4f2e190bc13f3e786221,fork,DIY photo display,,,,,
976792a95bc357569641,book,Paperweight,,,,,
c43e15f32c5383d67ab5,paperclip,Cord organizer,,,,,
0b4fcddd17eea463da97,towel,Protecting furniture from scratches.,,,,,
8cc98a404db7f5f0eae6,paperclip,Plant marker,,,,,
debbe86b8c8d3337db65,paperclip,Bag clip,,,,,
ac26f23b7d2662582606,towel,Dusting furniture,,,,,
9bcab38bfdcbb5630c00,can,Bookend,,,,,
ab5a86d0088e17c12bbe,paperclip,Temporary fix for a broken zipper.,,,,,
c572b5dab29cd3252152,can,Picture frame,,,,,
b20ac0f877eb3aa6fe39,fork,Photo display,,,,,
22e1fb31a27dcf894c91,book,Painting palette,,,,,
741734cdb3d92dc085b7,book,Prop for photography,,,,,
4e792a40d888c5c348cb,fork,Candle holder,,,,,
145434bcd6f96e772a0b,fork,Chisel handle,,,,,
11dc632093d7445e538d,towel,Pet drying tool,,,,,
2bac9448813bb1d471d0,towel,Wrapping gifts or small packages,,,,,
008f14b9406715e44084,can,Wind chime component,,,,,
fc1f4157ca0beba3349d,paperclip,DIY photo holder,,,,,
b16fc6a00de418468b96,paperclip,Picture frame clip,,,,,
1667a30ca29fe7bfbb82,fork,Chisel handle extension,,,,,
6f0c9fae06ad65965617,towel,Camping groundsheet,,,,,
9bafab17e99fc1b9040d,paperclip,Plant marker,,,,,
32d9cb586afe53a28f27,fork,Tent stake,,,,,
5da4baa0a8776314d4de,book,Weight for a birdcage,,,,,
34c4d08d624a43e799dd,fork,Mini drum,,,,,
9b154c810b72216ff79c,book,Decorative object,,,,,
688899ae4ed9a36286ac,paperclip,Craft supply for kids,,,,,
c66059864c5c15e1cf5b,fork,Paperweight.,,,,,
11fbdf407386fc7ca76c,can,Paint stirring stick,,,,,
69d7cf71c6dfe8ad106c,towel,Dusting surfaces,,,,,
54efcd61477f8232ae14,fork,Desk organizer,,,,,
51f4b63eb088b054162e,paperclip,DIY ornament,,,,,
06f2e7ce1cd46913e4a3,towel,Polishing mirrors and glass,,,,,
df83fd6f1fbec0d19b5d,fork,Candle holder,,,,,
6c5fd7925d6dcddafe8e,can,Zipper pull,,,,,
a01d084645869e3b9963,can,Mini planter,,,,,
91bc7a8e7c7213df0c9f,book,Paper mache material,,,,,
72c7c7e854d961f003de,book,Prop for a play or film,,,,,
aa0215d3838aa46acd65,towel,Polishing metal,,,,,
2941fe5e03977f4c86ec,fork,Wind chime,,,,,
76111746d93e22048ec0,paperclip,DIY photo display,,,,,
211c61aa05a6b57ce251,can,Bird feeder base,,,,,
d4eece89a4c7b2b65a98,fork,Wall anchor,,,,,
e41c4166cb69fb0060e5,towel,Dance rehearsal sweat absorber,,,,,
903cdb047f3b8957dc8c,towel,Dusting surfaces,,,,,
ae6760aac3bcee925add,can,Fire starter,,,,,
84f597278936da8bd2ae,fork,Paint stirrer,,,,,
72fcce400b01395a3184,towel,Cleaning spills,,,,,
473aea7a3be04f16a054,book,Plant press,,,,,
7e0033ef64b1070d5052,paperclip,Zipper pull,,,,,
7dac212ea0e89d30409b,towel,Pet bed,,,,,
76ce97c1554de62bc23f,can,Musical shaker instrument,,,,,
f892af9cbb0131d3be9b,paperclip,Cord organizer,,,,,
9b29dc04a60b113a6bad,fork,Measuring device,,,,,
d476a62140c40d81b537,towel,Protecting furniture from scratches,,,,,
923d0e64f29e7d4c13cf,paperclip,Temporary fix for a broken zipper,,,,,
d3c4dac990d2d4a0cbc9,paperclip,DIY photo display,,,,,
9503818781c623e56afb,book,Decorative centerpiece,,,,,
45829eb7efb396d3c4e4,paperclip,Cord organizer,,,,,
4eb73c4a75f477a47967,paperclip,Emergency screw holder,,,,,
ba3d944a0d714e9078c4,towel,Wiping down surfaces,,,,,
2150091b6ea1f1c3dfb8,paperclip,Picture frame hanger,,,,,
6bea517a53ba367e6b06,towel,Cleaning windows,,,,,
ac148718c4477082748f,book,Decorative item,,,,,
430758c83210672feaaa,fork,Desk organizer,,,,,
e366b1f0246903921066,towel,Photography background,,,,,
77f368b9c10f4ddd8dc0,book,Book as a cover for a scrapbook,,,,,
7841bf5990b10717cec0,towel,Wiping down tools,,,,,
798bf2ab7d32304a7106,book,Coaster,,,,,
a12898a5c4385033cd51,fork,Bookstand,,,,,
1aaeb2217e271a131d55,book,Desk organizer,,,,,
ec500affe7232301d6a0,fork,Plant label,,,,,
ab359035db110aef3d7b,towel,Removing stickers.,,,,,
c63ec17f670f1bb33c3a,towel,Cleaning windows,,,,,
2c75c0b3e06b73a1bd8a,towel,Cleaning a mirror,,,,,
594795e3b4f81c42128f,can,DIY picture frame,,,,,
1a0f73cd9d9395b0bf32,towel,First aid dressing for minor wounds,,,,,
35dc56a1993a89ba1647,can,Pencil holder,,,,,
0d5ea5aec776303f0aa9,fork,Plant label,,,,,
2ebcea563230b85ecc01,fork,Bookend,,,,,
be719fc0ee02ff747bdd,can,Paint tray liner,,,,,
22d1923ffad51a16c31e,book,Decorative object.,,,,,
655772b2014158094d29,paperclip,Temporary fix for a broken zipper,,,,,
981ad08f49cddb17a074,book,Gift for a child,,,,,
8553b9908ef1434256d9,book,Fire starter,,,,,
f850294bf50ef52b19ff,book,Coaster,,,,,
8fb07c35e1369f0c82e0,paperclip,Plant marker,,,,,
59015b1c916cfdf9880d,towel,Polishing jewelry,,,,,
352950d11ee6abe0cf17,fork,Picture frame stand,,,,,
b56084e61d0bfd7603fa,paperclip,Pencil topper,,,,,
b43c5c0b33b7869a2855,towel,Dusting furniture,,,,,
3655ce265ed8a6c11b77,fork,Sculpture material,,,,,
d731a3885d4429c8aada,can,DIY picture frame,,,,,
f21d4e8a73e4a2298710,book,Craft material,,,,,
d6e70dd1fbac7405f64c,can,Wind chime,,,,,
c62d4e12b8ac982f73d3,fork,DIY gardening tool,,,,,
317119ccb767318ea7e9,fork,Bookend,,,,,
537eb407511db4cb843f,book,Paperweight,,,,,
c668df0f2d173cb25f02,paperclip,Emergency fix for a broken belt,,,,,
f98cf779546e994fbb92,towel,Crafting material for collages,,,,,
2d1fd58cfc45f9156790,paperclip,Eyeglass repair,,,,,
eff839ac175dde8e58ff,book,Decorative centerpiece,,,,,
932c9f8a9fba210cee4a,towel,Making a bird's nest for a pet,,,,,
e5aa2796c18e5db584e1,book,Book as a plant press,,,,,
afdbe0f6634802af6f02,can,Paperweight,,,,,
2774ee1450671c79e11b,fork,Plant label,,,,,
f6eacf3ac9358ef32dbb,paperclip,Zipper pull,,,,,
9ff853b257dc847056a5,can,Fireplace sparkler holder,,,,,
750ff97cbd981fd3deb5,paperclip,Small hook for hanging items,,,,,
85b126c09ed28a12e93d,fork,Photo display,,,,,
784e8d907f7da6a2f0a7,fork,Plant label,,,,,
307cc7e773f6c80e0b42,fork,Craft tool,,,,,
c412a9233bf45476a44c,towel,Wrapping fragile items for moving,,,,,
2e275c26d668772ccd5d,fork,Plant label,,,,,
789a2f873e5a4ef104b6,fork,Picture frame stand,,,,,
44ed90acfb48d62a6a52,can,Bird repellent,,,,,
43612125726f65401c4f,can,Pet bed,,,,,
460962d862043019f2cb,can,Paint stirrer,,,,,
32745335c79b8797efbe,towel,Buffing out scratches,,,,,
0d16242d22818d497a83,can,Bird feeder,,,,,
bc227e1bde080b40d35d,can,Plant marker,,,,,
d3fb88be26aa204c6a33,book,Plant press,,,,,
32ad1195d665a0fbcaea,paperclip,Geometric art piece,,,,,
78d21a7784338792a25c,can,Spatula,,,,,
414c5f6c04fff2aec211,book,Bookmark,,,,,
f544e7996d2a7255ccba,book,Gift for a host,,,,,
29617cc1c0d26983b814,book,Scrap paper,,,,,
468ffc88f23dad808ef4,towel,Absorbing oil spills,,,,,
0149658fc9fedfb397ea,paperclip,DIY zipper pull,,,,,
47b51e786162e25b9589,fork,Wind chime component,,,,,
de1aa3ea32156e715dee,can,Craft project base,,,,,
d25eb8ef8cf68a3bc85e,book,Bookend,,,,,
cc0f292c07cde03d68bc,can,Paint palette,,,,,
d329c0df827b214838ac,towel,Cleaning cloth for windows,,,,,
d80e01c1082ad0c11e04,towel,Drying plants,,,,,
fce131ab453b59124e26,towel,Photo prop,,,,,
f60d70bf267c1111a4c1,book,Gift wrapping material,,,,,
b93c4bd4ead872515f30,towel,Polish jewelry,,,,,
faeae20f6e54ed3700c8,can,DIY photo frame,,,,,
1b9399e20cb57dbb31b1,can,Seed starter,,,,,
b6d1d40bd7b48d2d5ad8,paperclip,Photo display holder,,,,,
37814e5ee145682846ef,towel,Wipe for wiping spills,,,,,
a420988213f1ed238f29,can,Pencil holder,,,,,
210c8505ebe0f52ca59d,can,Bookmark,,,,,
982a379df3d0aeb915e7,book,Desk organizer,,,,,
eb9948ba7e1322b96478,book,Desk organizer.,,,,,
4b0fd763c227278b2297,fork,Candle holder,,,,,
443648f5f4ff6844f566,towel,Painting drop cloth,,,,,
97b27ab06cc97033e370,book,Magazine rack,,,,,
14b12c2ccaec2108e6dc,towel,Handing hot pans,,,,,
6ba4797cac40cb6a3bb0,book,Gift wrapping paper decorative element,,,,,
f218966f309679d48039,towel,Securing a load in a vehicle,,,,,
96a0902f726ebff8c14c,fork,DIY fishing hook,,,,,
a11829f995ae2becd9e9,paperclip,Bookmark,,,,,
60053b4ad37b609a05e3,book,Paper holder,,,,,
be54d5fa2d77808d69be,fork,Wind chime component,,,,,
79e8dbf4c59314b99cae,fork,Herb marker,,,,,
15085055fe1746b8e9e2,book,Coaster,,,,,
1a4207a8062296163d1e,can,Wind chime,,,,,
5ab68575b81dd7b35ce8,can,Guitar slide,,,,,
85296798944c683e1473,towel,Plant water reservoir,,,,,
f53b51c081e93f3c228c,book,Wall hanging,,,,,
ee001cf8adb26115b1bc,book,Gift wrapping material.,,,,,
8632930fc13c32d26a04,fork,Mini planter,,,,,
c52219b7d651aff2b796,fork,Potpourri holder,,,,,
5154e70a7c248d4d607a,can,Vase,,,,,
ea0bcccf43d9b4851dcd,paperclip,Geometric pattern maker,,,,,
663a9aa777f56ade1ae4,can,Paint palette,,,,,
4c10ea0340b35afb7822,paperclip,DIY photo frame,,,,,
96af5c40e7e118ed4674,book,Prop for a photo shoot,,,,,
fa6317db9449d290ef30,can,DIY picture frame,,,,,
35833f8053ef2b9c70d8,paperclip,Zipper pull,,,,,
1a072041bb31d467e569,paperclip,Photo display,,,,,
1f93f684cd416efa7ac1,can,Wind chime,,,,,
0fc1e0233983dc7420ed,can,Mini greenhouse,,,,,
2a0cc74899d8feee85ed,paperclip,DIY jewelry component,,,,,
592c7d1495efb8ff3315,book,Gift for a host,,,,,
f8f75f028d41caf86965,fork,Paperweight,,,,,
fb6933a1a9c34c1191f1,fork,Measuring stick,,,,,
7ebc80ee8a52ccd26ed1,paperclip,DIY jewelry,,,,,
0b6914d0b52a3c74957a,paperclip,Emergency hook,,,,,
8506c49f19f3ebeeb51a,can,Sifter for flour,,,,,
12a42a593794fd0b67c8,towel,Photo prop,,,,,
e15752c5bf5b7fa45694,can,DIY picture frame,,,,,
2a35d785a24373e32927,paperclip,Bag clip,,,,,
f3a99c6abbcc8353675b,paperclip,Photo display,,,,,
d9bb662140070c881d77,can,Plant marker,,,,,
fd3cf96fde32163d8e33,fork,Photo display,,,,,
5cc6921a0c74918b312e,fork,Candle holder,,,,,
a8970098529b4bdf1ea0,fork,DIY wind chime,,,,,
129febe261160223d75e,book,Decorative item,,,,,
419405f087788b6cac8d,paperclip,Geode holder,,,,,
35b1ab5f11aac36f719f,towel,DIY photo backdrop,,,,,
95294c7b892a82ecc92c,towel,Dusting electronics,,,,,
aae9c998741bbaec8e66,can,Potpourri holder,,,,,
3d4a3a3db0ad52c0efad,can,Pot lid rest,,,,,
a60e6ab5d15a44cdd881,towel,Cleaning windows,,,,,
00bec7ead4c115753166,paperclip,Plant marker,,,,,
af216afebe2e74b41c9d,book,Placecard holder,,,,,
e55cedfcbf581fc52a9b,fork,Pencil holder,,,,,
1b643ce2f2ef69efb367,towel,Drying flowers,,,,,
bc06e387af3351b68adc,fork,Key holder,,,,,
5b90879e4d8ec7201694,book,Journal,,,,,
5c0edff9c29b9f7b8135,book,Emergency phone directory,,,,,
4ecba0f50d7d4d313609,towel,As a drop cloth for small projects,,,,,
bf8a97cc8d6a42421525,book,Coaster,,,,,
c31ab8fb1422ccfb13a1,book,Photo prop,,,,,
ee005537830e85b80d8a,fork,Decorative centerpiece,,,,,
af36a8cdd90c84357469,towel,Removing lint from clothing,,,,,
97661d4425ee6d497eba,can,DIY bird feeder,,,,,
e3090d5eec3f39088791,can,Wind chime material,,,,,
53b7d4ddaaddaeddfe7c,paperclip,Temporary fix for a broken broom,,,,,
ac4d3399a3f6a6792235,fork,DIY photo display,,,,,
b3c81567fb6c6e29be1c,towel,Cleaning up spills,,,,,
ca01617f6e470e74fc73,towel,Polishing jewelry,,,,,
8cf13725e54b2e18911f,can,Windscreen chip remover,,,,,
594f00967281ad0211f0,can,Herb planter,,,,,
39ce70af5dfab4309236,towel,Polishing metal surfaces,,,,,
7fb4d4c7d30c0bdd81d0,towel,Dusting figurines,,,,,
6479aefce43372f3dbb2,can,Bird feeder,,,,,
000127ec44a823afeb7f,book,Desk organizer,,,,,
1ac33262b48f3b2d2601,towel,Wiping down tools,,,,,
7ed2f001372eb2f41259,can,Bird feeder,,,,,
53dae946763b6cd2918d,fork,Paperweight,,,,,
64efacffab620c67d6fd,towel,Cleaning windows,,,,,
2ff0acf858595fb87633,fork,Pencil holder,,,,,
ac736f7d1e9a8f0ca08b,book,Gift for a coworker,,,,,
82e385fc3b231936b015,paperclip,Emergency luggage tag,,,,,
6d0add0e5e96f71c8ab6,fork,Photo display,,,,,
90dbcbbb898a266d9eae,fork,Sculpture base,,,,,
2fe7108ebd188422a441,fork,Letter opener,,,,,
2938538bc30818cdfd13,paperclip,Cord wrap,,,,,
52b86d0ed8d208134216,book,Weighted object for sensory play,,,,,
5872e659f3355ad7babd,towel,Cleaning spills,,,,,
c6659a56cdc4f3d37f6f,towel,Cleaning a keyboard.,,,,,
e449f6c80ff3a1893b15,book,Picture frame backing,,,,,
82be8be2aa680e8de05a,fork,Picture frame,,,,,
d7694594c71860acfa79,book,Decorative item,,,,,
a61041521eba48804212,paperclip,Pencil holder,,,,,
cbc444d838775e64ca78,can,Candle holder,,,,,
fdd893bccdc9521dd7f2,towel,Picnic mat,,,,,
0639415eb550611682ab,can,Squeegee,,,,,
27f3ee501a59ec6c9a80,fork,Measuring device,,,,,
8fbad65404fbda4b3a8c,fork,Pencil holder,,,,,
2a9646bf778aeba634f0,towel,Use as a cold compress,,,,,
206312654b381533b63b,book,Sound barrier,,,,,
f1738f30542294b77db9,fork,Photo display,,,,,
c9cb025bb3c2d0115899,paperclip,Bookmark,,,,,
d94595962d93e3259e44,towel,Dusting furniture,,,,,
3b9d7bd74a297d55fc1b,book,End table centerpiece,,,,,
ca6a148163f871803b41,can,Candle holder,,,,,
9587904efaf0fc49e807,towel,Wiping down kitchen counters,,,,,
9ff1508aa0c1085cf692,fork,Measuring stick,,,,,
45d3f3404297aa74a1a2,book,Place card holder,,,,,
5ed02e4f777663e66283,book,Decorative item.,,,,,
f53c998eda6361e8067b,can,Fire starter,,,,,
06efdad58775a12962b7,fork,Mini shovel,,,,,
6af5acc5dee44cdf0ecb,can,Drumming instrument,,,,,
62d3dd7633100fc16474,towel,Drying delicate artwork,,,,,
cab03f4675147429f0de,paperclip,Holding together a torn page,,,,,
56537fc3cfacb1417f3b,book,Coaster,,,,,
7ac0164173cb4add88f8,paperclip,Bookmark,,,,,
5b1663ed2d892edc952b,fork,Plant label,,,,,
4c66426f3cf170cf9e30,paperclip,Crafting shape for a collage,,,,,
984986cce53f9c98db6a,can,Candle holder,,,,,
9b354ab8766412840e33,book,Plant Marker,,,,,
67a3461a77b50b839244,book,Desk organizer for office supplies,,,,,
d5d06cb4b873516e862b,book,Plant press,,,,,
954a902d1a10a41b1748,can,Plant label,,,,,
12ae6028852735da041d,fork,Paint stirrer,,,,,
336acc7cfd3d3e2e809b,towel,Cleaning windows,,,,,
a990b340cd05248691a8,towel,Dusting furniture,,,,,
5ce4d30d659635a3730e,fork,Plant label,,,,,
80475318be88ae1ebb97,towel,Cleaning car wheels,,,,,
d9287bde154a0a4032d4,towel,Dusting cloth,,,,,
1f4f9b7c2646d22ab027,fork,Bookmark,,,,,
bbbc86cfaaf43dd57aa1,paperclip,Photo display clip,,,,,
6de2dba645c0625051e8,towel,Cooling down a forehead,,,,,
31cfc8fc21e8b1a2380b,fork,Pot lid rest,,,,,
1ac76bbbbe69cb25d343,paperclip,Plant marker,,,,,
a9caf734f9ef958a4801,towel,Cleaning spills,,,,,
46c26334e52b71eb9e63,fork,Letter opener,,,,,
f3b6bda0bfd53174a5a7,can,Planter for small plants or herbs,,,,,
2ae873e8da10efd63272,paperclip,Emergency tool for opening packages,,,,,
c4f77ed4f31c29a36f90,book,Sound dampener,,,,,
2ef5255b737260302053,towel,Cleaning spills,,,,,
fc38a408a8e373f483e8,fork,Magazine weight,,,,,
6cdcd5d2dae7fcb207eb,fork,Plant label,,,,,
8b1eeaf61c12cf150fb1,can,Fire starter,,,,,
21d7100fd65bf42023f8,paperclip,Mini bookmark,,,,,
06b4c13e0f0b8d14a1d7,fork,Seed starter,,,,,
c53267542d7ff5b8bb2a,fork,Candle holder,,,,,
7d81a1f2732a0b389513,fork,Plant label,,,,,
6b95144454ad93b12d94,towel,Emergency blanket,,,,,
1f4a7a2afd5f10d8e208,paperclip,Plant marker.,,,,,
5ac2df39fb66f7cbdeef,can,Birdhouse,,,,,
580758b04896b3f83f91,fork,Plant label,,,,,
b1184bb8d29ca805c5ea,fork,Emergency doorstop,,,,,
88089c8f72131867ed58,fork,DIY craft tool,,,,,
ab743eb2a2e6725c9437,can,Mini greenhouse,,,,,
eb8f6f2076b298cbf0ef,fork,DIY bird feeder,,,,,
de37122dbd059879e245,fork,Photo display,,,,,
1479089e20d5ed3b8d83,can,DIY photo display,,,,,
bcbc989b4daafa5904da,can,Birdhouse,,,,,
787cefa6b3268b9f927e,can,Wind chime,,,,,
a19d09e51b2edcffdace,fork,Pencil holder,,,,,
cf459faed2e8578206e4,towel,DIY photo backdrop,,,,,
2c973640b0fd871f779c,towel,Dusting baseboards,,,,,
6abb93eeffb8df7152a4,fork,Paperweight,,,,,
94381f9041b9f687ccc0,fork,Desk organizer,,,,,
576e17e3111dfc88ab70,towel,Dusting electronics,,,,,
a856ca8bf9f25db8a5e8,towel,Cleaning jewelry,,,,,
87a79ec4617b6e869777,towel,Drying paintbrushes,,,,,
28d6c59d175e733d4044,can,Soap dispenser,,,,,
6f980653257ad2531007,towel,Cleaning windows,,,,,
65163f633f7fcf099ac9,book,Desk organizer,,,,,
60eabfd3bf185c13361c,book,Bookmark,,,,,
179f2124f0eb0e44bb88,can,Self-watering plant display,,,,,
b34efc11812ae453b939,can,Chopstick substitute,,,,,
a0650363b04f83ba80ef,fork,Craft project base,,,,,
aed08bc404ba32295b18,paperclip,Zipper pull,,,,,
b937b91f40292caa36f9,towel,Baby wipe alternative,,,,,
7447be1427533a977c22,book,Fire starter,,,,,
4bbe108a2464583a5885,fork,DIY craft material,,,,,
56c5c7d7d3c9265e932d,fork,Potpourri stick,,,,,
4bc85e2623cef615234a,book,Bookend,,,,,
58b84cf0110ae2bab909,fork,DIY wind chime,,,,,
5cafea3f2f5d292a348a,paperclip,Bag clip,,,,,
2ba169bb3fb5625698f3,paperclip,Secure a loose thread on a garment,,,,,
431d25e5af3668c7afa9,can,DIY photo display,,,,,
8df055b01aa3338d5fb9,book,Prop for photography,,,,,
7e96e1ad5c9362ebfd90,paperclip,Emergency bookmark,,,,,
ec5e019fa3df0ae67bbd,paperclip,Plant marker,,,,,
a6e9f421e970c75b0990,can,Science experiment container,,,,,
fcd583754c1dc644bf47,book,Photo display,,,,,
0b8d7833381094f6a8ae,book,Sound dampener in a music studio,,,,,
2ab9d8ee67d723ccffa2,towel,Line a birdcage for easy cleaning,,,,,
d7a9e7fbb5b52dac6c3c,towel,Pet drying,,,,,
ba71463cf041909c5e8e,book,Stage prop,,,,,
dcac33af5e5fd36c19d4,can,Paint scraper,,,,,
66f13fd65e89ea925e84,can,Coaster,,,,,
db97bfaabe6436d5bd20,paperclip,Cord organizer,,,,,
a0973fc6cdda5f00c920,paperclip,Zipper pull,,,,,
c14faa941957850391e3,paperclip,Cord wrap,,,,,
b5087fa39253217513d1,book,Block for a DIY craft,,,,,
03aa7ef335c801d808b3,book,Fire starter,,,,,
6e14d512a2e18ac46f2d,can,DIY Wind Chime,,,,,
88fa47d791d875c7db0f,fork,Plant label,,,,,
57aa4f20f07659864fe8,book,Decorative item,,,,,
19c5456347b54689ecb4,paperclip,Cable tie,,,,,
929e21560e744a723253,can,Bookmark,,,,,
deb0c785f88e39d768e6,towel,Removing scratches from CDs,,,,,
2eb07a7b2e1d5b87fe18,book,Paperweight,,,,,
08b8e4cc851446fba41d,paperclip,Bag clip for storing snacks,,,,,
611c9cffd835c168b181,fork,Candle holder,,,,,
6820b4620f25c5e8c080,book,Desk organizer,,,,,
806b87aad0a67eac6451,book,Crafting Material,,,,,
f575418819c66719cedb,fork,Plant label,,,,,
06ea2a219aadb3cce2b1,can,Spatula,,,,,
8f43f677ff6e0fadf10a,book,Paperweight,,,,,
b0746aa750a323545ce3,can,Bird feeder,,,,,
cac33aa5a13ebced2895,book,Gift wrapping item,,,,,
065e264b194ffab3f24d,can,Wall decoration,,,,,
b28f1578543621794133,book,Trivet,,,,,
97aad00af78c35eddb37,paperclip,Cable organizer,,,,,
98db2a11bfaba156f8c6,can,Paint stirrer.,,,,,
51c361407e9baf32b756,paperclip,Temporary fix for a broken zipper,,,,,
4f9dfa6e21ced2088ddb,paperclip,Plant marker,,,,,
d5a49d71a51ccf568ec7,paperclip,Cord organizer,,,,,
c44152f0ec9870f905d1,towel,Making a homemade curtain,,,,,
3c9edca414eacb23e2b9,can,Sculpture,,,,,
ee34ac8e4b835451c394,paperclip,Painting tool,,,,,
fd5a5e7763b7b91d18c4,fork,Bookmark,,,,,
e370b797c1e3e13232a0,paperclip,Mini plant marker,,,,,
768bbf494529f7c61ee5,paperclip,Temporary fix for a broken zipper,,,,,
5ed48268ad0bede852cd,towel,Cleaning dust and dirt from surfaces,,,,,
50f7d4890e955d6ef287,towel,Polishing jewelry,,,,,
14e4e6eaa8516879025e,can,Bookend,,,,,
db735be53492177a0815,towel,Emergency signal,,,,,
b4717797c1ab1d8ec671,towel,Painting drop cloth,,,,,
e927680498715e1d7b1e,fork,Plant label,,,,,
ed40f15b3b5055230bd7,towel,Cleaning dog paws,,,,,
ed367ca3cec0b4a5b85d,towel,Wiping down surfaces,,,,,
e712ada33f462ac57a23,book,Desk organizer,,,,,
99e92052b911638f4616,fork,Paperweight,,,,,
79258f3f9c9fc6d32556,fork,Mini paintbrush,,,,,
c58acba19e7107a0df16,towel,Polishing metal surfaces,,,,,
88ea4d9df11f428e3e54,book,Desk calendar stand,,,,,
4118a6f55eee84a3d170,paperclip,Cord organizer,,,,,
1a0980efb11e9b411115,can,Wind chaperone for plants,,,,,
803750aa24214d605247,book,Bookmark,,,,,
b6b3add7b0d190c93cf6,book,Emergency fire starter,,,,,
3e2501744eae1eb82935,book,Desk organizer,,,,,
eb82542d9805e1fecf9f,book,Paperweight,,,,,
c8796af0506cd7a3372a,paperclip,Plant label,,,,,
5be24f075c0c2c769f15,book,Gift token,,,,,
e8bde57aae9820142231,towel,Absorbing oil leaks,,,,,
72713b7fdab73b83e410,can,Bookmark,,,,,
72e52760808edd2c8b9a,book,Diversion for a pet,,,,,
0a666bcb3922c36c6178,fork,Sculpture base,,,,,
0509f4e022b0cf602f1e,paperclip,Temporary fix for a broken zipper,,,,,
780c70cbd8d9ffaad832,book,Sound-absorbing material,,,,,
863a2001abab13b542ee,towel,Picnic tablecloth,,,,,
209c807c4fe215fdbf09,paperclip,Temporary fix for a broken zipper,,,,,
14a5788ce130eedd63f9,fork,Emergency splint,,,,,
0903cfe5314207aa4da6,paperclip,Cord organizer,,,,,
dc2b7a205dbb13e5943a,can,Paperweight,,,,,
34aab8a7dc0e50cf61c3,can,Bookmark,,,,,
2d6e9f9315182b07bcf2,towel,Drop cloth,,,,,
0145aec7c0cd19a9fa7f,towel,Drying wet surfaces,,,,,
85b76b2aefa1e1c3d7bc,towel,Dusting surfaces,,,,,
1545b52ce16c627efbd0,towel,As a makeshift dusting mitt,,,,,
e96cbc054d898bb92308,paperclip,Bookmark,,,,,
0d712b6b7863b20f7099,paperclip,Temporary fix for a broken zipper,,,,,
d4535d187244834adb50,paperclip,Emergency bookmark for a recipe,,,,,
dab8d3e772f94410938d,fork,Photo display,,,,,
c118035a48e888f58cca,towel,Drying dishes,,,,,
4b374c9b0fee24c7ff55,paperclip,Emergency cord,,,,,
5c330a7f1aef23b8675b,towel,Polishing cloth for surfaces,,,,,
c03dd018786bd3a433e6,paperclip,Temporary fix for a broken zipper,,,,,
49f190af2b1cfeec9090,can,Bookmark,,,,,
08b6efd6cc1c77291972,book,Desk organizer,,,,,
adc0e99c859a5c158369,towel,Removing lint from clothing,,,,,
099c937a25989ca30644,fork,Wind chime component,,,,,
224309e685448bed8d94,can,Bookmark,,,,,
7603c621d1649e749801,paperclip,Craft project material,,,,,
970f61fe252a7e9bc2ae,fork,Paperweight.,,,,,
6fa32e266140c21b93f3,towel,Wiping down dusty surfaces,,,,,
65a807aa4ef01813472c,towel,Plant wrap,,,,,
f8640fa045a3c8f21179,towel,Quilting material.,,,,,
a5337dd4dafc042bb863,paperclip,Sculpture material,,,,,
615ec1769f01f37cf817,towel,Polishing silverware.,,,,,
e6a9fed35bd60784c291,can,DIY wind chime,,,,,
fa2f4b50324c097bce5d,fork,Bookmark,,,,,
b71e76b468113e883913,fork,Bird feeder decoration,,,,,
3f78536690e9a4d2c55e,towel,Wiping down tools,,,,,
ba0684e695d8a3af3e49,paperclip,Desk organizer,,,,,
f80612295aeb26981c44,paperclip,Temporary fix for a broken zipper,,,,,
907ac004249ef67837a7,paperclip,Jewelry making,,,,,
f821870c109940b4fab2,paperclip,Temporary fix for a broken zipper,,,,,
26d3bb5e6ff23f19d54a,can,Seed starter,,,,,
9eb017d8b61767958530,book,Bookend.,,,,,
d9280b5aa86b1b7ac0ad,can,DIY photo display,,,,,
e4bfa14b00210b110181,can,Herb marker,,,,,
243dad7324db1d2a77a9,fork,Prop for a craft project,,,,,
031962951cfa3b4f11c0,book,Plant press to flatten flowers and leaves,,,,,
ad0dd4b6eaf0ade7fa90,book,Decorative centerpiece,,,,,
4fe6b132ff658d756bea,towel,Beach bag filler,,,,,
374141a66f87efc58038,fork,Emergency screwdriver,,,,,
36cd70732da94a1c6bba,towel,Pet bed or blanket,,,,,
18dfdd9e089d4f3aab40,towel,Polishing metal surfaces,,,,,
8625cc96332ecbc9a697,fork,Photo display,,,,,
6576c5eefe32f43e5626,towel,Creating DIY crafts,,,,,
c13b67e5124819f5e66e,can,Watering can for small plants,,,,,
65a9f8047bf6e7044ee9,fork,Photo display,,,,,
79448cfb7207a912c09e,towel,Newspaper substitute.,,,,,
40ba606ab4a2982317e4,towel,Wiping down exercise equipment,,,,,
211a0f205237ee745c50,towel,Covering fragile items during moving,,,,,
9a564ac0e123f494a612,book,Coaster,,,,,
aad7633b4b0d46d3d072,paperclip,DIY jewelry,,,,,
f098e330ceb0cec21998,towel,Painting tool for artists,,,,,
43bb6fe88b9569cda8b7,towel,Drop cloth for painting,,,,,
5b85918415403348bcad,towel,Cleaning windows,,,,,
11322b2feac33264f457,book,Desk organizer,,,,,
dbc06b74245162a6e6ab,fork,Plant label,,,,,
8d8675a7919ea37eece9,towel,Cleaning spills,,,,,
95a40192b98789e68839,fork,Pencil holder,,,,,
934e2db7051f408fccb8,book,Plant press,,,,,
9b9807f1ec0ae9fc7a12,book,Photo display,,,,,
7a47add0cb375caa90e8,fork,Wind chime,,,,,
c6fd000a12756aff5059,book,Bookmark,,,,,
83d550d18f20f4bb568f,can,Photo display,,,,,
bb511f999c2478e7d304,paperclip,Wind chime decoration,,,,,
e77ab5fe89df55f9e3df,fork,Mini sculpting tool,,,,,
edc4788de9c09c37f7fa,towel,Photo prop,,,,,
bdc1a004d9ccaef38b26,towel,Drop cloth for messy art projects,,,,,
8b7aa56ed46320e97193,book,Decorative item,,,,,
1daa4ba7d9208db7acdb,fork,Bookmark,,,,,
1e42f9945fee36befcca,fork,DIY wind chime,,,,,
f9a58fa4622be6e4a8ab,can,Bird feeder,,,,,
81449ce79c7840fb2275,towel,Drying flowers,,,,,
316c88d4a4fd106f56d8,book,Prop for photography or theater,,,,,
a08168fae6c1063520b1,fork,Sculpture material,,,,,
0aa36243da5d51caa226,can,Plant label,,,,,
cc4a5c13b65052fc4454,fork,Craft project base,,,,,
4da661c258983f94accc,book,Paperweight,,,,,
10431173a3c0ed89db97,book,Plant press,,,,,
feced5891c67c0a5ba27,fork,Herb marker,,,,,
e405318f54c410d21c8e,paperclip,DIY jewelry,,,,,
6f32f7d0c75ab66fecfa,paperclip,Cable tie,,,,,
b4dd78121b934bf61a33,can,Craft project base for a mobile,,,,,
ea0a9a304c2eccdbf691,towel,DIY painting surface,,,,,
a453588dfa72c0ff57d5,can,Wind chime component,,,,,
b2f78a55c2e67c1a045d,fork,Bag clip,,,,,
73c183cb6955db540235,towel,Polishing metal surfaces,,,,,
c89eef163bc2cc33fb60,fork,Wind chime component,,,,,
baa46a05735f57f1b07a,paperclip,Keychain,,,,,
26860fc0888531b2a0f8,fork,DIY photo frame,,,,,
6bf27dec8085aa3a1b41,book,Book as a paperweight,,,,,
91a9bed6efa710d6f1e7,paperclip,Cord organizer,,,,,
d616ce497e0f2cd7c79b,towel,Wiping down gym equipment,,,,,
51eefa6a3b2b18529723,can,DIY fishing lure,,,,,
6e9f68af6a4ec92c47cb,can,Bird bath,,,,,
36af9fea7d704505675a,can,Plant label,,,,,
383bc2ff5cc583dd3aa4,paperclip,Bookmark,,,,,
76a77c0df66a3c230a27,towel,Removing lint from clothing,,,,,
2d180d1c76a417629a1d,can,Desk organizer,,,,,
87b4dcf8cff8f81c5bf7,paperclip,Plant marker,,,,,
d1de28fb1c00278dff7c,book,Decorative centerpiece,,,,,
7caff15e5877d09d0836,paperclip,DIY picture frame hanger,,,,,
bef4abba27697ace0eee,book,Coaster,,,,,
81e8e6efa442eefd5366,towel,Cleaning mirrors,,,,,
2a6116aab17c6ac99c87,can,DIY bird bath,,,,,
fbaf1c1b7df2c44cebf6,fork,Sculpture piece,,,,,
43421028fee6c66ba70f,towel,Picnic blanket,,,,,
c2d94a2b5a004d6458e2,paperclip,Emergency paper weight,,,,,
5aff40df0844d0328867,fork,Pencil holder,,,,,
85ee3d6e5ebd127bf8e4,towel,Baby wipe alternative,,,,,
491ed2fd925818e9268f,can,Cocktail stirrer,,,,,
178692834ae5bae47e3f,towel,Emergency water filter cloth,,,,,
1c18e6487d1be46a7c3b,towel,Padding fragile items for shipping,,,,,
9d88161b25cf2869ed3a,book,Desk organizer,,,,,
ff6859cacf89554fa925,can,Plant label,,,,,
e413a0a753854358f69a,book,Bookmark,,,,,
c24cea02b8874e7cdbd4,book,Paperweight,,,,,
99753ffbe297095d7139,towel,Cleaning rags.,,,,,
0c65470365ba15cc209c,book,Decoration,,,,,
f91b0dec5df49bd83100,fork,Pencil holder,,,,,
9c55280801716459ec1c,towel,As a drop cloth,,,,,
a1ec36158926c3e24cc2,towel,Insulating electrical cords,,,,,
879188a5d48861004784,can,Bird feeder,,,,,
5fead3ddd00155d3d7bd,fork,Mini sculpture base,,,,,
8a7053e0b381ee36bd38,paperclip,DIY jewelry,,,,,
834b75af39ce5abd78ec,paperclip,Bookmark,,,,,
f556e63a5ca7dcfbd664,towel,Dusting furniture.,,,,,
bf17f1d93d2f0332f475,book,Picture frame backing,,,,,
f7903e2916adb6da2530,book,Self-defense tool,,,,,
59b1bd50d6ad1566e65e,towel,Cleaning up spills and messes,,,,,
253d0b4a0bc43b2643f6,can,Fire starter,,,,,
40f2ab3ae0a315fc44df,book,Bookend,,,,,
666739b29e9fc72d5b16,can,DIY photo frame,,,,,
cbff6baf64f101dd0df6,paperclip,Hair tie,,,,,
9cd3b4048f6a2534ccb3,can,Painting tool,,,,,
68c92e202e07cda735f4,towel,Dusting furniture,,,,,
382fdb8dc6ac6ac0f8ef,paperclip,Bookmark,,,,,
ef6eb1ba6d74a134ca8a,book,Desk decoration,,,,,
54f2e46335d7b9ebb54a,paperclip,Emergency dog leash,,,,,
9029578499fb8e7add57,book,Gift to a coworker,,,,,
f6e662c281b2f003bf28,fork,Bookmark,,,,,
9c9865cfdd9d5a2a6948,towel,Cleaning up spills,,,,,
6929e3c6dadfa8bb6600,can,Desk organizer,,,,,
fa3ef6ba387fb6d78924,paperclip,Mini hook for hanging objects,,,,,
86117a4b5189bd5f4d11,paperclip,Temporary fix for a broken zipper,,,,,
d304d5e20781e0a648c3,paperclip,Temporary fix for a broken zipper,,,,,
1585233f2c9c36c9f7a9,towel,Cleaning windows,,,,,
90c9e52c2b0d7e1b5e6f,fork,Bookend,,,,,
b29163ebd1fd91e2411f,fork,DIY wind chime,,,,,
2393d932401170710f43,book,Guitar rest,,,,,
5b48dabfda18dbc21838,fork,Mini gardening tool,,,,,
6b62b7114a5eab6bc9b6,fork,Plant marker,,,,,
ece1ddbc1a314bf792ca,fork,Stand for a small vase,,,,,
ce2f843fa73d52eaadc8,can,Picture frame,,,,,
36d27cb3f1604c991e55,towel,Cleaning mirrors,,,,,
f16f636b3627a620ab08,book,Coaster,,,,,
4cd54c19f6b3ffc82785,fork,Macrame project,,,,,
c1d900e71df24cbcaf99,fork,Mini planter,,,,,
226aea0d3e04e0e9ec24,fork,Tap for tapping small objects,,,,,
6bc46cdb36245e29494c,towel,Dusting cloth,,,,,
deeafa84c3f92d309871,towel,Absorbing oil and grease,,,,,
2f0a2bd60d40f6e1bd22,towel,Cleaning spills,,,,,
87a9cdf9a51d98f829b5,towel,Decorating as wall hanging,,,,,
c07f9209ec9aecd177cd,paperclip,Cord wrapper,,,,,
4ddd02e76ecd90b0e063,fork,Sculpture material,,,,,
a94e103039b72418c8a9,book,Photo display,,,,,
e783def93c948cd8f997,fork,Geometric art piece,,,,,
887ec5a2b119fa35155f,paperclip,Cable organizer,,,,,
f2c8fc8113d74c6d1623,towel,Gift wrapping,,,,,
88e0e4701bbcae7096b5,book,Trivet,,,,,
d6d4217de03d2ef3761a,paperclip,Bag clip,,,,,
5751ec33d5dfe17d886a,book,Wall decoration,,,,,
2dfe877f4cdb47e1d6b8,towel,Clean windows,,,,,
2075bccdd5ae5a5693cf,fork,Seed starter,,,,,
c7840f197ad35e30557e,can,Soap dispenser,,,,,
10e97ccf5207f2a953d6,towel,DIY photo backdrop,,,,,
272b11d7ecd002be7f8a,towel,Painting smock,,,,,
2e1291863b37ed5e9106,paperclip,Temporary fix for a broken zipper,,,,,
9df887a206914072c72b,towel,Cleaning windows.,,,,,
4c371798a67f6ac01872,book,Sound damping material,,,,,
394312223caa65c11c33,paperclip,Zipper pull,,,,,
5ece9b240ec4e98bddb0,can,Marker for measuring ingredients,,,,,
5d9516447f354d5f405d,towel,Cleaning up spills,,,,,
39cb89dcaa93fd0ec5b6,paperclip,Temporary fix for a broken zipper,,,,,
5e2c86273f23267d378b,book,Bookend,,,,,
ef0231d2d039aeb1770d,can,Centerpiece,,,,,
9fbab6d23159e6499db8,fork,Chisel,,,,,
62ee736c59f265e319c5,towel,Dusting surfaces,,,,,
212456acf8cede8645f0,fork,Plant label,,,,,
2f0e1bc37a42315ee49d,towel,Drop cloth,,,,,
44d3c7e567eb973a663a,paperclip,Emergency lash repair,,,,,
6bb54b4644a7cc7865e6,book,Photo display,,,,,
1a2cdbf78a72d4ed3887,book,Paperweight,,,,,
0b16041601dbdffe2441,fork,Sculpture material,,,,,
f3369a8287996fea3ce7,paperclip,Temporary fix for a broken zipper,,,,,
37fbe041d1f417249702,book,Insulation in a DIY project,,,,,
464dfd118e765845b623,towel,Painting palette cover,,,,,
93f083ede5877a749efd,book,Bookend,,,,,
917e5ca6b656fcb7016b,can,Drumming tool,,,,,
fb2798865a201ff9385a,can,Cord organizer,,,,,
889dabea834b5233dd87,can,Pencil holder,,,,,
93edeef9428ae235e54c,can,Picture frame,,,,,
d8ae2ea3c76a6501c122,book,Draft shield,,,,,
143e96b2663f26956d79,book,Gift for a friend,,,,,
e731d48a4db60e47b85b,book,Plant marker,,,,,
215ee854e2d52fc045ac,paperclip,Label maker,,,,,
fcd1a6ea74e66bf947cb,fork,Geodesic dome frame,,,,,
f96f4b88849566a6bf9b,towel,DIY photo studio backdrop,,,,,
f04cf7245c6b9cbe1f9d,fork,Plant label,,,,,
504c45878ff85ff36964,fork,Measuring tool,,,,,
935ce1511d39c61f5a34,book,Sanding or polishing surface,,,,,
5ff14eb2a0f3d376d414,fork,Craft project base,,,,,
7989929983b78bb3dfe5,towel,Dusting surfaces,,,,,
23dc53c5cda6008f2eb3,book,Decorative item,,,,,
dff5ee8d534289feb657,fork,Desk organizer,,,,,
1a5d3da83f7cad2cabfd,paperclip,Cord organizer,,,,,
9cac57023b501c2d9c4c,book,Desk organizer,,,,,
3a946e19a1c97319321e,fork,DIY photo display,,,,,
3da0756c5032706ea8b5,towel,Cleaning computer keyboards,,,,,
678bc5b1a050f6c11f8f,can,Paint palette,,,,,
56e7d4a2b5471b061929,towel,Impromptu picnic blanket,,,,,
15752e9c02d51d3082ba,towel,Painting,,,,,
38ed760c136cade71eb9,fork,Plant label,,,,,
707095d1f0040c3f8b1b,book,Bookend,,,,,
f753502cc4b2ca6b8ce7,paperclip,Emergency dog leash,,,,,
dd1c618727501d4c6121,can,Bird feeder,,,,,
1ed88c6210095487e2d2,paperclip,Pencil holder,,,,,
1271a2003b43d5d45387,towel,Cleaning spills and wiping down surfaces,,,,,
95b1ee8013ec5b18041e,can,Plant label,,,,,
d883ca5ff505da559b62,can,Decorative centerpiece,,,,,
0dcc7f98c041583cfa21,can,Fire starter,,,,,
05958b14d5213f480a09,towel,Wiping down tools,,,,,
298d7122c31ae0564fec,can,Plant marker,,,,,
41976a977cf4e3375726,towel,Camping groundsheet,,,,,
27fca365baaf8fcf4017,paperclip,Temporary fix for a broken zipper,,,,,
599b18925ca072fff055,fork,Tie or cord organizer,,,,,
99ae6699f7cd66fab358,paperclip,Paperweight,,,,,
3611402ced58a2347e99,can,Bird feeder,,,,,
f0f67c2dd24e99e77da9,towel,Polishing jewelry,,,,,
f2bc7f08fff099d1d7ee,towel,Polishing metal,,,,,
769cc395316c7a90098a,book,Book as a gift box for small items,,,,,
9b624759d1ddec130ba6,paperclip,Cord organizer,,,,,
ac7d2f52b9c748ec988e,can,Scraper in the garden,,,,,
46ad70c860b91edaa5c8,towel,Painting cloth,,,,,
f04e9aef2a981ff34092,can,Drumstick,,,,,
960b1f054617141ffad6,towel,Creating a fort or playhouse,,,,,
f7dd700ee1dec17b2059,towel,For cleaning windows,,,,,
01707fa68fb3a7a9c612,can,Plant label,,,,,
41df388b5ed148689ae4,can,DIY craft material,,,,,
ed313b6af0f3358fe133,towel,Emergency blanket,,,,,
a2b6c031f72cde74f7eb,book,Journal,,,,,
8eb44afc613d638f96b6,towel,Dusting surfaces,,,,,
99cf978ce6d055c516b7,towel,DIY photo prop,,,,,
24af39c54ea20fddaf27,paperclip,Cable organizer,,,,,
98b27df71864d56f58de,book,Mulch for potted plants,,,,,
ab3e51cbfa77d9288504,can,Bird feeder,,,,,
a35cf1af73c81299f9d9,towel,Removing stickers,,,,,
81626c9806e3b252bdf9,paperclip,Plant label,,,,,
c0a1023a31de0ed28922,can,Hammer head,,,,,
90186ce1366e5aae5dec,book,Bookend,,,,,
0b4cf08f02cc47d1a7f6,book,Paperweight,,,,,
5ed6c609ed69a6f248dd,towel,Dusting surfaces,,,,,
e9db521e19787e81617c,towel,Tablecloth cover for messy crafts,,,,,
4441b53e4b3a9ef21f81,book,Decorative item,,,,,
c6b3ddfc4be5e69860a9,can,Mini planter,,,,,
91586dcc9f6b1369b108,book,Gift for decoration,,,,,
9f0b5912d876dfcde270,book,Book as a desk organizer,,,,,
b16224838f91fc6ecd6c,book,Plant marker,,,,,
480c1a1c4b409c273392,paperclip,Plant marker,,,,,
21eaab901e4dfd799c75,paperclip,Cord organizer,,,,,
8989d5eb0b68ed131f9c,fork,Plant label,,,,,
95ed5ea76ff77a4bab80,fork,Plant label,,,,,
75b495fed515d92fa531,towel,Photo prop,,,,,
dae5e434e6dc5bd43e9e,paperclip,Zipper pull,,,,,
7a52330ed3896fa4e680,book,Bookmark,,,,,
ef1bd9f721457ecf3625,paperclip,Temporary fix for a broken zipper,,,,,
0ba1afa340bd8c0986da,towel,Cleaning up spills,,,,,
5443330e856e874e16c9,fork,Plant label,,,,,
b43df52c7a6ad8313349,paperclip,Cable organizer,,,,,
79791a5385ba9c9b26bf,fork,Drapery tie,,,,,
37edd96c53ea921cf562,fork,Sculpture material,,,,,
9a523adf53d9083435c9,paperclip,Emergency repair for a torn page,,,,,
b6103c23f266ca47cdee,can,Plant marker,,,,,
91e559b05f89400baea2,paperclip,Crafting material,,,,,
820c08c3f13d9fc34e6a,fork,Plant label,,,,,
55941a5d2bcac61dd988,book,Decorative item,,,,,
1ccb7ff92bc0e887c846,can,Wind chime,,,,,
6f42ac9f089da38cccaf,fork,DIY craft material,,,,,
fb8adac25b9e6a5f4565,book,Gift wrapping material,,,,,
cf2bd8522bcf2cb310dd,towel,Drying delicate items,,,,,
1ed15b4469c4d97226b4,towel,Wiping down surfaces.,,,,,
0e3a90812d870b2f8b96,fork,Bookmark,,,,,
1fb566c0a084300d98dc,fork,Sculpture material,,,,,
af1d81aa5d5721a6a556,towel,Creating a DIY photo backdrop.,,,,,
9fd8f9766cefc9da22a6,paperclip,Craft project component,,,,,
3f51dd9e1c92fc74e145,fork,Plant label,,,,,
db9d6f0467b7c0d90fe7,can,DIY picture frame,,,,,
a25d4435c72c6ef843ac,towel,Protecting furniture from dust,,,,,
9853a1ba3a182cebe5f7,fork,Small painting palette,,,,,
a364b9a0703e871701a1,towel,Wiping down surfaces.,,,,,
0a72fb2939b65410625f,paperclip,Bookmark,,,,,
82c0d8a50ddf8cf03914,can,Magazine rack,,,,,
1d0ba53f868b39d8d0f9,towel,Dusting furniture,,,,,
6312c653bf2ab716f34a,paperclip,Jewelry display stand,,,,,
4862cf95be7ee92a1b87,fork,Desk organizer,,,,,
970fd7953066a22f03ca,can,Scent diffuser,,,,,
4de492dc3bdffc53d219,can,Bird feeder,,,,,
bf18195ed4a58f6abf24,can,Mini planter,,,,,
1344291b744cd6e46471,paperclip,Geometric art template,,,,,
9482563dc0cfff21dafa,book,Desk organizer,,,,,
9aad7fb684fd1fe0be1a,can,Desk weight,,,,,
c677864821027125c2b5,towel,Polishing jewelry and other small items,,,,,
c8b512e867dffcfcfdc2,book,Coaster,,,,,
7d8ab8e38c140edd6aab,fork,Mini hammer,,,,,
8872a9fc4842b62cd5f9,can,Bird feeder,,,,,
d7cad75b2b074c1df764,can,Pencil holder,,,,,
8a02f346177ac6cb27df,can,Plant marker,,,,,
398b94f6cef117727325,book,Decorative accent in a room,,,,,
4fbbb3f1018e255ad02a,fork,Small sculpture,,,,,
ea6829d72223feb22b69,fork,Paint scraper,,,,,
e87340051c0e44946b30,towel,Clean surfaces,,,,,
f450ab969dc9ac8c2ca8,paperclip,Page holder for recipes,,,,,
0fec869ebcd1fb527f33,towel,Drying paintbrushes,,,,,
497e6f66cfdac73d5d62,book,Weighted exercise tool,,,,,
ffd391364c3bb82fda30,book,Bookmark,,,,,
6d87bb2dc7b143a675dc,can,Bookend,,,,,
256cf0b215d254082acd,fork,Candle holder,,,,,
2fc98e11c6b708a773ef,fork,Decorative item in a still life drawing,,,,,
adacac4aafc52b37514f,towel,Cleaning up spills,,,,,
72f6da63c7d8e449776c,paperclip,DIY picture frame,,,,,
9393154f3804b0bd287a,paperclip,Bag clip.,,,,,
ca5cf3bf1e9611dc751c,book,Picture frame,,,,,
3fe48cc5bd58e89f56e3,book,Gift for a book lover,,,,,
4333d46bea6f4be31f9c,book,Plant press,,,,,
ce6ad64589c099797340,paperclip,Craft supply holder,,,,,
c1b499355d06d1e42b14,can,Wind chime,,,,,
bedbb626e7d560a85083,paperclip,DIY photo display,,,,,
963805b6127abf3603eb,fork,Candle holder.,,,,,
989d4b1fb41bae74be90,fork,Sculpture material,,,,,
7827066c2bd736c844a0,book,Coaster,,,,,
8413f761ce8d66584073,towel,DIY project covering material.,,,,,
9c334ab3ce795f2ad547,book,Art canvas,,,,,
edc55521b23dee5f8e65,book,Fire starter,,,,,
51a0d5070bdc2bcc5e3e,book,Decorative item,,,,,
b5402d556fd8e471e41f,towel,Polishing cloth.,,,,,
70ddaf5b629a17f00b62,towel,Cleaning mirrors,,,,,
b7f34ddd415144ff3f75,book,Trivet,,,,,
4a4ed0963aad3bdfbae6,paperclip,DIY wind chime component,,,,,
87b3d3cf80c63f238b2d,paperclip,Temporary repair for broken zippers,,,,,
82fdd759c12268c08e8b,paperclip,Bookmarks,,,,,
b2bc0f517d09099b59db,can,Candle holder,,,,,
107f060780334963723c,book,Plant stand,,,,,
727bcfa54634c08ef843,fork,Decorative item,,,,,
4d84fbd4f68940180187,can,Desk organizer,,,,,
2db6a481e887347ae28e,fork,DIY wind chime,,,,,
a1e9f67ac8996e4980a7,book,Music book stand for sheet music,,,,,
fab86d24b4406e8a1bea,towel,Dusting furniture,,,,,
c35717b6916061576453,towel,Dusting furniture,,,,,
78f2ee5cea99de374dc8,can,Wind catching decoration,,,,,
c611a2dd71e532de9caf,fork,Adhesive remover,,,,,
7d1af6b363f2967fb56f,paperclip,Bag clip,,,,,
2f42e58e3dc80ca0ffb1,towel,Dropping load or ballast in sailing,,,,,
c85a21deac7812c70d5c,fork,Tent stake,,,,,
974eb18c5f20970d50b2,book,Paperweight,,,,,
be1278d758a9a7b0b3a3,towel,Wiping down tools,,,,,
702b82507b5edef8a72e,paperclip,Temporary fix for a broken zipper,,,,,
9514726be9ec1f478112,can,Bird feeder,,,,,
4a555f5be9ed76fb41b2,book,Picture frame,,,,,
57d744d7cd751b6822fe,book,Paperweight,,,,,
e3d3ad1455f16f02d579,towel,Pet bed,,,,,
95815b97b0d9a41847a9,can,Paint stirrer,,,,,
d882d793a146fc3ae44f,paperclip,Wind chime accessory,,,,,
dac5dfe20683624501c1,fork,Temporary fix for a broken zipper,,,,,
eb9b24a296504bf2aee4,paperclip,Craft supply organizer,,,,,
40d24ea1ed169cc152fc,fork,Plant label,,,,,
8cc0ce057891df6afb99,fork,Sculpting tool,,,,,
c1f01b4e9f3b929ff9ae,towel,Emergency blanket,,,,,
4acc8a8af3148f0098b9,fork,Candle holder,,,,,
5ee15e712db61c0aade8,book,Gift box,,,,,
d3c8721943502fb54c78,book,Gift for decoration,,,,,
e46f688e6e9867eed22f,fork,Pencil holder,,,,,
f4ebd0682af377e6ff2a,fork,Paperweight,,,,,
1ada37d54cee7f17548d,towel,Dusting ceiling fan blades,,,,,
28056ba5469684777b4b,paperclip,Cord organizer,,,,,
0e85374b8152e4e4f164,fork,Wind chime component,,,,,
6c53b0616b60b621046d,book,Plant press,,,,,
f67fb528d2d881900f8d,book,Paperweight,,,,,
37592b3c433a92dcfa99,towel,Dusting blinds,,,,,
278cfef9940fe9966401,book,Seed starter,,,,,
a46543d414f714b10b99,book,Desk organizer,,,,,
286f760ca0cd3fcdff53,fork,Paperweight,,,,,
f676b439517039649e7c,fork,Plant label,,,,,
e5b79ab6b1fdc978f7a7,paperclip,Wind chime decoration,,,,,
1c988ecbc15dd40eef71,fork,Sculpture material,,,,,
f705e54eb7f2e756c13e,towel,Car drying cloth,,,,,
4168137080b19286022e,book,Desk paperweight,,,,,
a6d91079123499551115,towel,Pet drying aid,,,,,
e3fb230e94e044f2c97d,fork,Chisel,,,,,
44e7c465e645c3b90811,towel,DIY photo studio backdrop,,,,,
8290bf9298b733412494,towel,Polishing metal surfaces,,,,,
ffc53ac9de0a32c729d1,towel,Remove lint,,,,,
30ce2819bf97d7e3ac59,fork,Sculpture material,,,,,
c38de3652e98affc1a4d,can,Bird feeder,,,,,
d32d90d45633f5654e1b,fork,Temporary fix for a broken pencil,,,,,
e68693231ff5e8396c09,can,Plant marker,,,,,
0db9f35bff218d70a555,can,Pet toy,,,,,
dd73bf4751171158cebf,book,Gift wrapping paper,,,,,
1987a432b26842d1664c,paperclip,Temporary fix for a broken zipper,,,,,
fdbcebdfa1e8605ddbb7,towel,Wiping down surfaces,,,,,
75d3753e0d9e86891ca9,fork,Pencil holder,,,,,
cbf72fb2a8aa9bb74b9c,book,Bookmark,,,,,
532ccfca45c997baf9d4,book,Paperweight,,,,,
96e525839b87f455cf68,can,DIY picture frame,,,,,
bf8826a397370634bb28,fork,Bookmark,,,,,
afb2f7353dc537be9a48,fork,Plant label,,,,,
ec80ac06b3bc2321c2cc,book,Fire starter,,,,,
ab88e82a0f49e38c9b65,can,Bird perches,,,,,
ad43d40a32594eeb0da6,book,Trivet,,,,,
b2a119101315334075a9,can,Birdhouse decoration,,,,,
f7b425364725b70e89e3,towel,Picnic mat,,,,,
eb7755905f47d6cbf4b6,fork,Mini vase,,,,,
05ccb874b73ea6a24096,towel,Dusting blinds,,,,,
11ed855fba5e57659a9d,towel,Protect electronics during travel,,,,,
2dca6a8e6ab34f9ac857,paperclip,Pencil topper,,,,,
287a0fee613b91993c86,book,Desk organizer,,,,,
10421cb4f3e4201e199c,book,Scrapbook filler,,,,,
a2ccd1d0d0bffec3361c,can,Paint brush,,,,,
1ca9df7118c7d89df42c,can,Prop for photography,,,,,
333940b5a5d6dfb1150f,can,Wind chime component,,,,,
6dd94e2c4a14bcfd0b9a,paperclip,Photo display aid,,,,,
746ce5912b18788cc318,fork,Gardening tool holder,,,,,
5cc6f4f098ee853a3425,book,Sound dampener,,,,,
1b06935a08de66f077aa,can,Seed starter,,,,,
ca67c8333a5881dbd3f4,fork,Candle holder,,,,,
40a95a8f0f3bad41025a,towel,Polishing metal,,,,,
2d91a4561e0e09fc441e,fork,Bookmark,,,,,
4e9743740636d0739295,can,Plant marker,,,,,
d5304629438c30e78a10,book,Sound absorber,,,,,
ce7004f90c45b96094ef,can,Picture frame,,,,,
d4e9b88e6d7512ca6f82,book,Gift box,,,,,
164475767fbddf5c5ff1,can,Wind chime,,,,,
36f15222d18c0682d476,fork,Sculpture material,,,,,
fed952c56d426912d5d0,paperclip,Geometric art piece,,,,,
e6a616860a95763d3648,towel,Dusting electronics,,,,,
00c0d7dbe0e87a50ed9d,towel,Picnic blanket,,,,,
8782e694a26f9c379781,fork,Sculpture material,,,,,
9e760fe1601a591e6ed0,paperclip,Plant marker,,,,,
9649ec5a617091c6275e,can,Pencil holder,,,,,
07e8900d76a5599a04ad,paperclip,Miniature easel,,,,,
50e1ab3c845d327a3d28,fork,Wind chime component,,,,,
a0dc7977f6b4a7e91559,towel,Cleaning up spills,,,,,
002b96b25708ab242289,fork,Bookmark,,,,,
fa773c313f28c2aa96f6,towel,Dusting cloth,,,,,
7567d1f687ad04e3a70a,towel,Wrapping delicate items,,,,,
f6ab832b6a717bb08020,can,Bookmark,,,,,
9dad6366549387d2f9d4,fork,Bookmark,,,,,
81fd00e1ba82575ca316,can,Plant marker,,,,,
bc8c981726ad90b2b396,towel,Cleaning the garage floor,,,,,
03cdabdba0896ec7111d,paperclip,Emergency screw,,,,,
030218df084d55c33ddd,can,DIY snow shovel,,,,,
459871d83966c53e229c,can,Planter,,,,,
55f24b48a4b8815eb5af,can,Spice measurer,,,,,
9547a8b334de81a6bb64,fork,Bookend,,,,,
61e24901005a90b16a43,can,Craft stick holder,,,,,
db906b4e7a4c3be93a51,can,Cat toy,,,,,
4e047b40f8fab9099d77,towel,Cleaning cloth,,,,,
e9f922f5132ddb26e4ce,book,Picture frame backing,,,,,
8a097a1e502e9eaa0465,towel,Wiping down gym equipment,,,,,
8476d4485b973e8adec8,can,Desk organizer,,,,,
aa6721f907ef89eb2dcb,fork,Small hammer,,,,,
7971fd05ef00a472a19f,fork,Candle holder,,,,,
5ace9262aaf7b9070576,towel,Photography prop,,,,,
cb4612dd198dede29619,towel,Cleaning dust and dirt from surfaces,,,,,
b37d43156b429a2018b2,paperclip,Plant label,,,,,
3f7d4155122d3be876ff,fork,Zipper pull,,,,,
b80927cf1015bdb2a4b6,towel,Cleaning spills,,,,,
4dcdd4222747a59d1fb0,fork,Picture frame hanger,,,,,
5060c977e365932a73bf,towel,Drying plants,,,,,
82d0625ef3a1a5b5b2d7,fork,Cord organizer,,,,,
62531357093194847faf,book,Desk organizer,,,,,
7c2f2aacfa246d900c45,paperclip,Weights for a homemade bird feeder,,,,,
b347737950ea50ea10f2,paperclip,DIY wind chime component,,,,,
2d688c19f142ec169dc7,paperclip,Make a homemade bookmark,,,,,
5cd6ca0825d9ee72bde6,book,Prop for photography,,,,,
b36661e3dc38f59073c3,towel,Removing lint,,,,,
d1431a631c24098af7b3,can,Curtain tie,,,,,
ddd02596af69ab385ba7,book,DIY craft material,,,,,
d6873d76d16238e8e41c,paperclip,Wind chime component,,,,,
0641de089d438edc7048,book,Weight in exercise,,,,,
f73daf71fd6dcf68e78d,towel,Polishing jewelry,,,,,
724851dcb2ca9cbe8198,can,Bookmark,,,,,
29d365d2b64a41e59811,towel,Cleaning mirrors,,,,,
5ca47f63680f8789baea,fork,Mini shovel,,,,,
9a070b16645eef4b9ae2,fork,Desk tidy,,,,,
3ed3fcb6b4b75418d56b,can,Bird feeder,,,,,
d247974e48699bf34786,paperclip,Bookmark,,,,,
d1532293126234e24fa2,towel,Cleaning mirrors,,,,,
babccb74af7f0faa2fbe,book,Wall hanging,,,,,
2f7b3de0b9f66b5900bc,paperclip,Wind chime component,,,,,
1563ae6788ae945a7f88,book,Place card holder,,,,,
66965ba576e525fcc406,book,Book as a gift for a bookshelf,,,,,
534b75319dfcb25b98b9,paperclip,DIY picture frame hanger,,,,,
610cde8aba2de41d9304,paperclip,Picture frame holder,,,,,
260d0b16f02b6b50effa,paperclip,Plant marker,,,,,
023767d094e28d206579,fork,Plant label,,,,,
ca263f9ac68cf64aea66,fork,Pencil holder,,,,,
06772b669c8e8d7916b6,can,Plant marker,,,,,
072cc84a300d3959168d,towel,Creating a DIY photo studio background,,,,,
ba8da1bc83debd8036a2,book,Photo prop,,,,,
a84c338b18e392018117,fork,Windshield ice scraper,,,,,
efa3f631b3e605d84078,towel,Travel packing aid,,,,,
416496547176375fd138,towel,DIY paper mache material,,,,,
5f34fcbc565f50dcc717,can,Pencil topper,,,,,
974588fbe7c1a2c4ae1b,book,Insert in a wall-mounted storage unit,,,,,
2e316421ebf6610d4d55,towel,Dusting delicate electronics,,,,,
cc23d6ac4e6a065b5ae8,towel,Cleaning up spills.,,,,,
bae64fed44a79ec59033,towel,Dusting surfaces,,,,,
d9d5d308f8662022232c,fork,DIY wind chime component,,,,,
4d2c164410ac06eaa8c6,fork,Cord management tool,,,,,
157cd9464be83612ebd1,towel,Absorbing spills in the kitchen,,,,,
6df698cb68a0bdefb547,can,Mini bird feeder,,,,,
dd6378af13102d2bd12e,paperclip,Temporary fix for a broken zipper,,,,,
c25edb1832831318df84,can,Desk organizer,,,,,
2e6025e530a9387048d0,towel,Cleaning car wheels,,,,,
226199f7d22f1a4f31fe,can,DIY picture frame,,,,,
0c56a1de3cfd30c64261,paperclip,Cord organizer,,,,,
7d78a5121b7f602e0980,towel,Cleaning windows,,,,,
57b2efc9c8bacb125152,book,Desk organizer,,,,,
4e7ccbff57fc659f75a8,towel,Wiping down electronics,,,,,
ff9549f416638be6b08a,towel,Removing lint,,,,,
5eb39d8020e98395f910,can,Shelf divider,,,,,
08c47273351f1a76cad2,towel,Posing prop for photography,,,,,
1ee98f11f7fa5d0578a1,can,Prop for a photography set,,,,,
148176d9c7ccb8ac105e,fork,Candle holder,,,,,
d7a54a2608d86c32b42d,towel,Drying delicate items,,,,,
88d9abd498aa13580955,fork,Sculpture base,,,,,
926b5ab0c759e0ea0866,can,Bird feeder perch,,,,,
7464c18855d44af3dbf7,fork,Mini sculpture base,,,,,
a0ba3c43f9909e189ac7,paperclip,Book bookmark,,,,,
7775399fceadf0c93717,fork,Pencil holder,,,,,
7ed2eb76c93f1b463760,fork,Plant marker,,,,,
b64ba7af0ddadba00e33,towel,Polishing metal,,,,,
01e88b248f9cae705037,towel,Dusting furniture,,,,,
0e33569ad62f4a35f76b,can,Candle holder,,,,,
f40f436ab4a2a5099a10,paperclip,DIY wind chime,,,,,
a0d614a7eda5ddd74452,book,Weight for closing curtains,,,,,
c3dda0ee91c30f13bcfe,fork,Tie or belt clip,,,,,
317208ab0e96f30abd2f,book,Paperweight,,,,,
e38b289c6b167b51c247,fork,Bookend,,,,,
8508f41ff82a7801d41b,paperclip,Stop for a pin or needle,,,,,
6ba38e68eda5d9512ec8,towel,Drying plants,,,,,
d7fdbb5b6c11424d44fe,can,Plant label,,,,,
e4012afb1b5d3b0de2d5,can,Birdhouse,,,,,
fd051cab9467873ba4f4,fork,Pencil holder,,,,,
86d6deb799e353dbc33b,towel,Sweeping small areas,,,,,
664f15776bfd55d51287,fork,Potpourri holder,,,,,
2b2aa4bb757577a9740b,fork,Tweezers for small tasks,,,,,
5616915fe7be2760e29d,can,Marble or ball runner,,,,,
fccdcb476b90317eca1e,fork,Wind chime,,,,,
9f1fc531c15f27548458,paperclip,Cord organizer,,,,,
d9b50168220c92f899a2,book,Insulation in a cold frame.,,,,,
3d07b7bdabf5978dfe0b,can,Coat rack,,,,,
370585781a4bb36787c0,fork,DIY craft tool,,,,,
777852477494a25bfee3,towel,Wiping down pets,,,,,
4753b7f2cf02e0f0799f,paperclip,Wind chime addition,,,,,
f7202c1e656873713a80,towel,Cleaning eyeglasses,,,,,
5a40963b9b3fdca048ca,can,DIY lantern,,,,,
6a8e8175ce71c7298f8d,can,Plant marker,,,,,
8df102846e115113bc3b,fork,Photo display,,,,,
bd9593c1e0af74108e44,book,Doorstop,,,,,
ad9f729ca3f56248be66,can,Plant marker,,,,,
3d61624e026499c0d0c2,paperclip,Cord organizer,,,,,
5f5c82cdc9bd4123bba2,paperclip,Pencil topper,,,,,
9dfbca30818e7437446d,paperclip,Emergency belt,,,,,
8180736fd73016929a6e,book,Protective cover for electronics,,,,,
f133e4dab048d0c85bba,fork,Pencil holder,,,,,
729ac925523cdc04600f,book,Collage base,,,,,
2d4b2410b1b38418e7f9,paperclip,Emergency bookmark,,,,,
8d2ba9dfec33ef34617a,fork,DIY craft material,,,,,
468dec4eb1149157b039,book,Paperweight,,,,,
30500dbbe6e6fe424f44,towel,Baby play mat,,,,,
6e48884f725b79b76d9d,paperclip,Bag clip,,,,,
a025a8bf2f22b7dab1ef,book,Desk organizer for office supplies,,,,,
e14adf7b236394d850fc,book,Fire starter,,,,,
d3e267267f1597b29ff0,book,Trivet,,,,,
b2236a9fc56e9d3ad6f5,book,Photo prop,,,,,
1801dd3920ee120b2fdd,can,Scent diffuser,,,,,
be24f8560b99601e64e5,book,Decorative item,,,,,
8a8f1f222fca092f9d25,paperclip,Picture frame clip,,,,,
43ad3f8cdba327ff8a1d,book,Plant marker,,,,,
e8713fbffae8c674d20f,fork,Storage for small items,,,,,
010d444c90b510c1b741,can,Desk organizer,,,,,
3b5a616f2d912cd2a0b0,fork,Emergency scraper,,,,,
f2130f6627fee2f6f59d,fork,Plant label,,,,,
b028ceaa6bf1d05f6d68,fork,Marking lines,,,,,
3bd537eacd90c823c9c0,book,Gift wrap,,,,,
f7da6ba0ec4a0916e52d,towel,Polishing car wheels,,,,,
b1db587ead4c59f1414c,paperclip,Geometric art piece,,,,,
c34a41acbd0cf18d8aeb,book,Bookend,,,,,
456b4da7307b304a5fa7,paperclip,Emergency repair for a broken wire,,,,,
5dbf9100a338466e010c,book,Sketchbook,,,,,
660ff4b1721b5ffe304d,fork,Page turner,,,,,
6cd7001ec43e8e2f6dd1,paperclip,DIY craft material,,,,,
3c9ff77ee996c277477f,book,Desk organizer,,,,,
9344a74657ce10e54d52,towel,Blotting grease stains,,,,,
60b1f266b677025d967c,paperclip,Picture frame hanger,,,,,
d790464f417c21a8d3b3,book,Fire starter,,,,,
b9505f1c76cd11a76f4b,book,Decorative centerpiece,,,,,
fe133421077cd4dde8a5,fork,Picture frame stand,,,,,
50bbe9099bd1c1496fee,towel,Absorbing oil spills,,,,,
b12542711f20232a9bb2,can,Plant marker,,,,,
491f7af1e27995556a29,book,Desk organizer for office supplies,,,,,
10d7115a2715302dded1,paperclip,Dangling decorations,,,,,
602f2b516a9411ed5e17,book,Desk organizer,,,,,
c694de98e3abde824756,book,Desk organizer,,,,,
5b18f032e45c821c1d3d,fork,Spice container,,,,,
c2095ee1a31b0f996caf,towel,Emergency blanket for a vehicle,,,,,
4d6c62a22cc389624662,book,Shelf divider,,,,,
074e6e9007899befd1ea,can,Bookend,,,,,
24f0926762afe7929964,can,Mini bird feeder,,,,,
27dce87db341c9ffedab,towel,Emergency blanket in survival kits,,,,,
d5d6052d8f2078e01a3a,fork,Measuring stick,,,,,
b9bd3e4594d17b924818,can,Picture frame,,,,,
0d87a06ca09d8f1142e9,paperclip,Wind chime component,,,,,
ef3568e652903b439fb2,can,Plant label,,,,,
d841763d69fff1d66506,fork,Pencil holder,,,,,
e9a659bf174d86abd8f9,paperclip,Cord organizer,,,,,
3074fe84d84bbb49fe2e,paperclip,Zipper pull,,,,,
0a0462897482903dcd82,fork,Mini toolbox organizer,,,,,
a04adca7964442acc85d,towel,Dusting furniture,,,,,
99b29ce7d35213832187,paperclip,Temporary fix for a broken zipper,,,,,
b195fd8e92eab8b61d02,book,Book as a makeshift plate.,,,,,
cf536922b281128766c2,book,Prop for a costume,,,,,
761fe2f43ceefa6fb472,book,Trivet,,,,,
a3f5ba9f36a78668b6f3,can,Plant marker,,,,,
a69e2cae6e0986a71a84,paperclip,Mail folder divider,,,,,
bb50f7d1cac9a0afff32,towel,Camping mat,,,,,
1c633a45e4956f87c9e1,book,Decorative item,,,,,
2ec629e5e0b3fd00df35,book,Coaster,,,,,
a9965019d5b0097b5e2f,book,Wall art,,,,,
f33ec54f2d39e0faab65,book,Bookmark,,,,,
b32bed97f798541676dd,fork,Wall decoration,,,,,
a34fd4839b66cf1b271b,book,Bookmark,,,,,
6b807bf53914522d6296,towel,Windscreen for camping or outdoor cooking,,,,,
1d980aa384e3bf76e19f,book,Book as a paperweight,,,,,
0b9130fc75f8715fd625,book,Desk organizer,,,,,
5ac4bf93e5e16d52be3d,paperclip,DIY jewelry,,,,,
bbd8872bf91f58cd2b9c,paperclip,Temporary repair for torn pages,,,,,
4fbdafac45dc8dec6d6f,paperclip,Bag tie,,,,,
7fd898c8c01653f45dfe,fork,Wind chime component,,,,,
77bc64dcb17dc0ab6d45,can,Candle holder,,,,,
c19bf053ffed4b69e406,can,Wind chime component,,,,,
f5efb675fe2b12fbeaf4,book,Decorative item,,,,,
babc1767fe7dc48f24b8,book,Painting palette,,,,,
7d5275ff07a36e138f05,book,Planter,,,,,
400aef086d21bbd5b882,can,Mini greenhouse,,,,,
132c52b330af10347315,can,Mini greenhouse,,,,,
301da515cce632d8bdd9,paperclip,DIY picture frame hanger,,,,,
be55b36379be9c86fb2d,towel,Dusting furniture,,,,,
958de6460ed17136e048,towel,Dusting hard-to-reach areas,,,,,
d1a875308eec56ec0f23,paperclip,Plant marker,,,,,
5aa4f276a68b697ce148,can,Bookend,,,,,
ae9d2c35432a00606d58,paperclip,Temporary fix for a broken hinge,,,,,
58a1efa36e356aa6bd54,can,Spatula for scraping,,,,,
5b2adc19b096700b4369,fork,Plant label,,,,,
ba6187de3fab89633a99,towel,Impromptu table runner,,,,,
f27b2bf0fbb1d9702c4f,book,Collage material,,,,,
0108a7f91f0e118e883e,book,Gift decoration,,,,,
25d49aac93db631e983a,paperclip,Temporary repair for a torn page,,,,,
a7363d57050ffa1d4f79,book,Wall decoration,,,,,
9b652d099b43866690d9,can,DIY bird feeder,,,,,
e1937f7f3847ac483164,towel,Drop cloth,,,,,
cde7a305974903a2b900,can,Snow globe base,,,,,
7b6181179fa2af391f60,can,Plant holder,,,,,
4a92ef61bfc4f977713b,can,Bathroom scrubber,,,,,
85806f338c3c019f63f7,fork,DIY coat rack,,,,,
453f51d52ae6676bde73,paperclip,Photo display,,,,,
53fb15ad3ff7799569b6,fork,Bookmark,,,,,
2a41af5e03ce4ae5da0b,fork,Sculpture material,,,,,
0e528416c3b9663a8b80,fork,Sculpture material,,,,,
cdfd6608891d3aa73dfc,towel,Photo prop,,,,,
98185e3d9015da35d5ab,book,Candle holder,,,,,
7af4f16d04f96f327569,fork,Sculpture material,,,,,
3fa9ca49e8cde7ecb849,paperclip,Bookmark,,,,,
33a449447947955e5512,can,Basin for small plants,,,,,
3538d2c1419d8e535788,towel,Polishing metal,,,,,
d3412eb51f5d754abab3,can,Pencil holder,,,,,
2a27ac25fd07a194137c,book,Fire starter,,,,,
a29dfbf11f4317714a0a,paperclip,DIY phone stand,,,,,
54eb669b85fe58267147,can,Erosion control,,,,,
444d29b125035f8cc4d8,towel,Drying laundry before folding,,,,,
208a90a1f337083f0faf,fork,Mini scraper for small paint jobs,,,,,
e19549a6baf11f27f1d6,book,Music instrument ( kalimba),,,,,
b49e6375c6f3ecf29421,paperclip,Mini picture frame,,,,,
38407df20f18dc291121,fork,Sculpture or art material,,,,,
bade6667710c577fb4c2,fork,Holder for small items,,,,,
41e682226c0c68766cd0,paperclip,Crafting material,,,,,
454478623ac77481649a,book,Prop for a photography shoot,,,,,
130b1f8a4848afbfe989,fork,Candle holder,,,,,
f13d0a1f2678aba4ab61,book,Wall hanging,,,,,
b70c066b9397359c163d,fork,Small tool for woodworking,,,,,
4ebd51e9b3a7b0108930,towel,Drying tools in a workshop,,,,,
b624e50fcb86b565465f,paperclip,Plant marker,,,,,
cee1d6321deaef8100af,towel,Polish metal.,,,,,
93ab3b716e18ba54fdbf,fork,Mini sculpture base,,,,,
83dfc275f3d00f405529,paperclip,Cable organizer,,,,,
85f55cc9ba96e1cdd428,can,Measuring stick,,,,,
8d2f372a6c5d28117b54,fork,Spice storage,,,,,
45c6fc60f170ecc22981,can,Desk organizer,,,,,
fb5aa3d2358908d9e604,book,Weighted object for exercise,,,,,
9690232cf2f5c4686fa4,fork,DIY zipper pull,,,,,
4a74b6a935a7e505748e,fork,Photo display,,,,,
e70f7a480512b69e0cdc,can,Desk organizer,,,,,
7ad9e7c714e2c0d9a112,book,Gift wrap,,,,,
040333355f30914d16d1,paperclip,Emergency bookmark,,,,,
453c7ab0ab45194ccee8,towel,Polishing jewelry,,,,,
7156d0fee2921f8ad34f,book,Coaster,,,,,
634781b1d36c00410cd3,towel,Wiping down exercise equipment,,,,,
eb522dfd0af82a929cf6,book,Paperweight,,,,,
46b73610ccbd8aa33c10,paperclip,Macrame material,,,,,
86467b4a985f13a4e4ed,fork,Pencil holder,,,,,
fb0217c5f226badccfb2,paperclip,Crafting material for jewelry,,,,,
e9ce09f0e871a5a70a8d,book,Sound dampener,,,,,
6adbbb188666fadc0082,book,Paperweight,,,,,
3afa6f837a69b7804b41,towel,Dusting figurines.,,,,,
ea96fc66971a17bd7765,can,Plant marker,,,,,
5a7610dd9de2c250b8cf,fork,Photo display,,,,,
f912fced09bbbdde60be,towel,Insulate fragile items,,,,,
e3bc976aac0995b0cf86,can,Measuring cup,,,,,
86e0e39261cf3ab2b476,can,Spatula for scraping old adhesive,,,,,
d7020c09d756d24201db,fork,Geometric puzzle piece,,,,,
faa019c8d7cf45f51ee1,fork,DIY photo display,,,,,
5a715aa32052a2ef648c,fork,Key holder,,,,,
a117d204f1dad249fc36,can,Pencil holder,,,,,
43f986df47899d9cf219,towel,Lifting small objects,,,,,
3c330edcc4c6a18ff774,fork,Picture frame,,,,,
d8c1e37a42a931c56297,can,Paint holder,,,,,
57a3b0e8f77284aa1127,can,Bookend,,,,,
2a588cfcc1692d91157d,paperclip,DIY photo display,,,,,
e246475e1ca7d9f8c7ff,can,Plant label,,,,,
7839edd3643c9ccb41d7,paperclip,Mini sculpture base,,,,,
bdeb841e18b92f47f0be,fork,DIY wind chime,,,,,
5b5f047e6eb785a9f600,fork,Paperweight,,,,,
3ddb1a6d642d4f311d17,can,Bird feeder,,,,,
f0a6fa975c2f3c1103db,fork,Small item storage,,,,,
fbf37b592623b9c69792,book,Craft material,,,,,
86f9417796ae64fc2cd5,fork,Plant label,,,,,
a9b8d961680cd5c199dc,paperclip,Plant marker,,,,,
a5a5ddc79fbdf36f0f1a,fork,Picture frame,,,,,
65e8bbc63af2431bfd85,towel,Cleaning up spills,,,,,
b974703df44ad2bb4290,can,Plant marker,,,,,
d743175c0e4eea46640a,paperclip,DIY ornament,,,,,
e6371fdf02bc4930e5a4,book,Nightstand storage,,,,,
8c3a1f9be6fd08400eed,can,Candle holder,,,,,
cc486c891cb2bab9b9d9,paperclip,Geodesic dome pattern maker,,,,,
71226da445e421380abc,fork,Plant label,,,,,
52569a96cc076a2329c1,towel,Removing label residue,,,,,
3c927fafcebf842f57ea,can,Bird feeder,,,,,
59465377e7e1f1f1aaba,can,Decoration for outdoor events,,,,,
67424b66e06f13c0153e,book,Coaster,,,,,
368932e8bf6912d2456d,towel,Sweeping up dust,,,,,
c46ff4e9944588f7541e,can,Paintbrush,,,,,
f766c987b569dc108a1d,book,Decorative centerpiece,,,,,
1a7363ac26457bab87e9,can,Bird feeder,,,,,
70d69f819ea9c3191991,fork,Bookmark,,,,,
fb82d8c4731ea3fe52ab,fork,Pencil holder,,,,,
e00f0119bd9f6608884e,towel,Cleaning rag,,,,,
c33ad918e0d1537b5265,fork,Bookmark,,,,,
be0730746af9ef85419f,paperclip,Temporary fix for a broken zipper,,,,,
1ebd4c0692bfb9244577,paperclip,Cord organizer,,,,,
6efbe066d5e5f41095b6,fork,DIY wind chime,,,,,
daa3b613ec697095fb6b,fork,Pencil holder,,,,,
9356bb278f5314928bea,towel,Cleaning pet areas,,,,,
89982504bb2918e408a3,paperclip,DIY photo display,,,,,
717258cc90a1b62e9e49,book,Photo album,,,,,
36b06287968b39efdc04,can,Herb planter,,,,,
e57cdf5f019c71d6a724,fork,DIY craft tool,,,,,
b3d5989e3d3fde013b34,book,Desk organizer,,,,,
8b5b57c1e4c881657d57,can,Gift wrap weight,,,,,
7086569f0bd738d0c221,paperclip,Plant marker,,,,,
9d812d731a18f9e7c7e0,paperclip,Cord organizer,,,,,
5210935e974a4056e271,towel,Dusting surfaces,,,,,
16062f023c8499f59df9,can,Cord organizer,,,,,
72d1da9c7975724d88e3,can,Cord organizer,,,,,
f1439532c17bbab852e3,fork,Plant label,,,,,
7614be594851816b2945,can,Shelf divider,,,,,
d87454329b2e9d64c170,book,Decorative wall hanging,,,,,
46db4faba90199c8bdf2,towel,Cleaning spills,,,,,
5d61fca28f5807c1818f,towel,Cleaning delicate surfaces,,,,,
79170ba72d967af79b5e,book,Plant press,,,,,
7aedfdab02ccaedad3b2,can,DIY picture frame,,,,,
a3eafb84a03aa03d0007,towel,Cleaning up spills,,,,,
3cd9594e07ea411371f8,towel,Wiping down tools,,,,,
e81ed30e40eae0733287,book,Gift wrap decoration,,,,,
07ae29fa78bb25b1b8e8,towel,Carrying small items,,,,,
f84fedd52570284011da,book,Sound dampener,,,,,
c9c19ca0c2033c423871,towel,Dusting surfaces,,,,,
25b7e309f44d18957cbd,towel,Car seat protector,,,,,
fcaf5fc240d336d4cbab,towel,Cleaning musical instruments,,,,,
735ab6bcb6f709dadb60,towel,Clean tools.,,,,,
c06cd3c591c7f6505595,can,DIY picture frame,,,,,
ed043c4b266500f2f1f1,paperclip,Emergency bookmark for a page in a book,,,,,
fb5b4299ee39786e1e03,book,Fire starter,,,,,
ebb329221fc0b63af989,fork,Plant marker,,,,,
bc45499f1c26e769bc0c,paperclip,Picture frame hanger,,,,,
669f42e7a05b151bb14d,towel,Removing lint and pet hair,,,,,
0846dacb779f25d2cd1a,towel,Remove lint.,,,,,
c70b434332b7288e5ecc,paperclip,Zipper pull,,,,,
519dabe1ddd5bfe1cb38,towel,Plant stem support,,,,,
8b4a816e60f71d3bbe27,fork,Wind chime,,,,,
8148b07b30b21771ee62,fork,DIY wind chime,,,,,
df1c046d156ed73f10d3,paperclip,Wind chime component,,,,,
464172ba0c108df43381,can,Drumming instrument,,,,,
3caef4b3bf2490ed6c68,towel,Tablecloth,,,,,
6964c114a20943a69cec,book,Weight for a bird's swing,,,,,
988bdbe2a37de111301f,book,Paperweight,,,,,
acc247dd72fcbd1952fc,towel,Create a makeshift drop cloth,,,,,
47af8441669dca68c929,towel,Polishing jewelry,,,,,
85e2ee4c5fb05c136e92,paperclip,Plant marker,,,,,
507a3df5e31aa9b0f886,can,Bird perch,,,,,
0e72f3e86ec7825cc61a,can,DIY photo display,,,,,
00699572533d0b5ff187,towel,Polishing metal objects,,,,,
935d138afff42c11fd8c,paperclip,Cord tamer,,,,,
4bbbdd1265230d0e9c10,book,Desk organizer,,,,,
05915bf2515614aad148,can,Bird feeder,,,,,
14211228028b933c913e,can,Mini picture frame,,,,,
88e6557cc4dd45f814fe,can,Wall decoration,,,,,
7e5acc07e4307fe00538,towel,As a makeshift curtain for a makeshift room,,,,,
cfa46258946be9c77b2e,book,Plant press,,,,,
2993b23c0417e3d9db22,towel,Dusting and cleaning delicate electronics,,,,,
847e297d2fd08f37052d,book,Bookend,,,,,
a12dcdf8d56c4f5a5247,paperclip,Cord organizer,,,,,
560f71ee18b89d962130,can,Coat rack,,,,,
6b5bb46fef7a8089b2be,towel,Cleaning mirrors,,,,,
b52df36fef5d876c0c13,towel,Cleaning spills,,,,,
3d48cbec89932b8cddc1,towel,Cleaning windows,,,,,
2bcedbdadc1ed7276661,can,Wind chaper,,,,,
a80d5e5abd3713985756,towel,Drop cloth for painting,,,,,
733f5d10ccc2de6a33f2,book,Bookmark,,,,,
46116f0e16fc5077dae7,fork,Pencil holder,,,,,
675628ce64d00e1af12d,paperclip,Mini bookmark,,,,,
8823a3ebb4c8105bcc1f,fork,Pencil holder,,,,,
f359e7d5fcf79dfd5306,paperclip,Mini sculpture base,,,,,
b66588e4e7ea67dc0d87,paperclip,DIY photo display,,,,,
18199484a4a2f484eb35,paperclip,Plant marker,,,,,
535d636c9e53f0b12f08,book,Desk organizer,,,,,
709af165841c735a2656,fork,Bird deterrent,,,,,
2f8489f71c9c1b3a6cc9,fork,Paperweight,,,,,
00210ef3799e98b95de4,paperclip,Quirky bookmark with a charm,,,,,
adf5f5fbf31d05a12fb2,fork,Plant label,,,,,
9be676556e6524833b12,book,Coaster,,,,,
46317b99a4b75dc41b79,fork,Plant label,,,,,
99ea1c11a504d57db1fc,book,Paperweight,,,,,
153e84d097c752280912,book,Decorative item,,,,,
57aec24e18079c32acbd,towel,Making homemade playdough,,,,,
8ffdc3684767d4a78377,towel,Gym workout cloth,,,,,
63688d18f3977eee763e,can,DIY photo display,,,,,
26ad2e8fe3d9269a9a4b,can,Seed starter,,,,,
e288123119632dbceb00,can,Photo display,,,,,
b01078f737c7f806aa50,book,Wall hanging,,,,,
e46d15ce2c2fc1a80f3a,paperclip,Cord organizer,,,,,
94083a92d5464331bf83,can,Fire starter,,,,,
0798a7abdba2f9afdf2e,can,Sensory toy,,,,,
136f161d076c25336b79,paperclip,Picture frame hanger,,,,,
9716df904285bb265470,towel,Picnic blanket lining,,,,,
ec9492298d552cc6e027,paperclip,Cable tie,,,,,
1ef0f243efedc89ef43e,towel,Drying wet paintbrushes,,,,,
2f8309f58cf9034ec3fd,towel,Fire starter in outdoor settings,,,,,
f06f0862ef15024f9eb0,book,Prop for a photography shoot,,,,,
53bb29432f162e19f4a1,paperclip,Mini bookmark,,,,,
93ae8de2cf63680cb965,towel,Drying delicate items,,,,,
0bafe56962923fb338ac,towel,Cleaning glass surfaces,,,,,
1d3d20128dbcc8274da3,book,Gift for a charity auction,,,,,
d1ecf812c9e6c565c415,paperclip,Temporary fix for a broken zipper,,,,,
8a8823a0481088468b95,towel,Polishing metal,,,,,
8f0a8abdbe3491c13136,fork,Plant marker,,,,,
d690b6f7d80c9ebf6f85,paperclip,Curtain tie,,,,,
91a2bdb6b602b0be1e88,towel,As a picnic blanket,,,,,
6aefdf960ae298262978,fork,Pot lid lifter,,,,,
e1ddf930178c9da0c88f,fork,Wind chime,,,,,
25ae6b5046c32d089101,book,Paperweight.,,,,,
ef25240502aa8ceeb94a,fork,Candle holder,,,,,
220330a4732f5f8fe4ed,book,Painting canvas,,,,,
b432dcbdf72a711796d3,paperclip,Bookmarks,,,,,
885150963648cf12b68e,towel,Emergency blanket,,,,,
fdad7ce8190399a04ff9,fork,DIY craft material,,,,,
0997fb1f57f2cf04cede,paperclip,Cord organizer,,,,,
b0c7ccbe5f8c8b89c9a1,paperclip,Cable tie,,,,,
762ba7c6b271b8822acf,can,Bird repellent,,,,,
73c1d754e9ff76facc94,towel,Cleaning car exteriors,,,,,
bce94f09d3952100b4f1,book,Art supply,,,,,
f1f86997c3a37b5a5b5b,can,Bookend,,,,,
6ce872cafc6f1e906503,fork,Cord organizer,,,,,
2ed830cc452b4191fd79,fork,Measuring tool,,,,,
bd82926f451af85aef42,book,Book as a storage container,,,,,
049a2c2f5f3eecc338ed,paperclip,Temporary fix for a broken zipper,,,,,
aafb2cd972827c78b3d2,can,Self-watering plant display,,,,,
7b43743454db7d5b006a,fork,Pencil holder,,,,,
61ca6d101b271122ce6d,fork,Bookmark,,,,,
6ac7177478cb5b055b9f,fork,Mini sculpture base,,,,,
ce31ad45aa50ba2df643,can,Planter for small herbs,,,,,
ff122450448e8ad109a9,towel,DIY photo frame backing.,,,,,
7e5131cf3842745f5fd4,book,Packing material,,,,,
f2e9e22114c01faaef74,towel,Removing stubborn stickers.,,,,,
e8486ff84b7bd733aa3d,fork,Bookmark,,,,,
96ff3ae723b3569fdea8,can,Birdhouse,,,,,
0486a2822a6722eec22c,book,Journal for notes,,,,,
a1de72e951928987e23a,towel,Weighted blanket for sensory therapy,,,,,
e2c373a383c294616177,can,Cable management tool,,,,,
c2e6ed06fdf39696e4ec,can,Plant label,,,,,
fba9fd0de295a8a269a3,towel,Removing stickers,,,,,
60054980f67f70c4282a,book,Coaster,,,,,
654dc44248524d64e34f,can,Pencil holder,,,,,
fd365dbf1c8b0f7e5e7a,fork,Paint stirrer,,,,,
b84b65697cbf3cf4aca2,paperclip,Desk tidy for loose items,,,,,
b63533ee223a694515ad,paperclip,Picture frame clip,,,,,
4ff5c4f445a4d180d8bc,book,Journal,,,,,
2fc39b81b08b5a7a0971,fork,Pencil holder,,,,,
07dd941b4a8285893682,can,Planter,,,,,
67fdafbb96aeaaf89527,paperclip,Phone stand,,,,,
632287db2cd68e1a370b,can,Wind chime,,,,,
fd8cf685326c7cf10ac6,towel,Drape over curtains for a block-out.,,,,,
a6bb5d29f92274c688e9,can,Jewelry organizer,,,,,
fb166621d159e382e334,book,Book as a desk organizer,,,,,
8e2f39b83e6469c3624e,can,Outdoor sculpture,,,,,
6acac2d7a1d2f1251c8d,can,Plant marker,,,,,
d926860b3f198cf63910,book,Bookend,,,,,
97c7e952cb148cf52772,paperclip,Photo display clip,,,,,
b5c081351b45e92dd1d8,can,Desk organizer,,,,,
c962213804d24f70c203,can,Ice pack,,,,,
f5b4214f255fc7466073,paperclip,Cable tie,,,,,
16960e188b3f543c6cb5,towel,Crafting material for making doll clothes,,,,,
e8505724ffcf13335240,book,Decorative item,,,,,
f6addcaf71b7a08f2bea,fork,DIY wind chime,,,,,
c5fb69f83eb117906945,towel,Dusting ceiling fans,,,,,
d04a026c544dbad828e0,can,Bookend,,,,,
cfb989ebfc68d2bf3bc8,fork,Desk organizer,,,,,
9e5e9ae2047902f9a918,paperclip,Zipper pull,,,,,
bb6b90eab6dd6f168598,fork,Candle holder,,,,,
340f5f27736a3d8c2821,fork,Spice rack,,,,,
6434546819371e0179f1,fork,Decorative sculpture,,,,,
77ce30737263f3a5c0aa,towel,Creating a DIY photo backdrop,,,,,
0e40e3db82b2cc654e10,paperclip,Mini bookmark,,,,,
af1cb3fd6d55e7625e49,can,Emergency lever for a makeshift door,,,,,
bc1cf849123a7d4819a8,towel,Absorbing oil spills,,,,,
315bc7a86c939511c1fd,paperclip,Mini sculpture base,,,,,
56ab29bc430e5c525e18,can,DIY picture frame,,,,,
ce1c84968882deba18c8,can,Potpourri container,,,,,
1c9da5781df60b98aa36,fork,Wind chime,,,,,
0532c473a74f495f91a6,fork,Bookmark,,,,,
0efc5d8a3588a217e461,fork,Pencil or pen holder,,,,,
7effea1e26760b60fbc7,book,DIY craft project material,,,,,
94a60185ceb550e5e9de,fork,Pot lid rest,,,,,
d77a1a46fb4b5e682b17,book,Desk organizer,,,,,
5a0b8bed188e6f2c0a12,can,Wind chime,,,,,
b821ccb64c9101a3021a,can,Craft project base,,,,,
1a82e8014e7e9da4f2b9,fork,Desk organizer,,,,,
46cad326d4878fc7fd32,book,Bookend,,,,,
81eeaa9b240452608737,book,Coasters,,,,,
877131cdec23c2c6bf65,can,Seed starter,,,,,
7a4f1698e432f4b05dcf,can,DIY photo display,,,,,
c9451895db192226e291,paperclip,Plant marker,,,,,
9ef5356c65a3f84aef49,can,Pencil holder,,,,,
6cb41179c9a3983a3abc,paperclip,Cord wrap,,,,,
03e392018769b997ebd8,book,Coaster,,,,,
a0fd93cecc8c95bc184a,fork,Plant label,,,,,
637f9f929bebb75b4ad5,can,DIY bird feeder,,,,,
c0f7c661e7d34ebdc35f,fork,DIY wind chime,,,,,
2a8a79d7961608ad2d98,can,Birdhouse,,,,,
47ea0071d6e5a9a49e73,book,Book as a makeshift bookmark,,,,,
dc25ff8c33b86c0153f2,book,Gift item,,,,,
470144e00e1e5753164a,fork,DIY wind chime,,,,,
2bf28e8be069ae558b6d,fork,Pencil holder,,,,,
3343581b7e11f1474f5d,towel,Wiping down surfaces,,,,,
51ae51c80191f3abe4ad,towel,Cleaning delicate surfaces such as mirrors or glass tables,,,,,
e52fb8f97246e7cc6301,book,Fire starter,,,,,
710ed7ce53396e8a0def,towel,Wiping down tools,,,,,
1b4c138b582a0a8adf51,towel,Sweating bath mat,,,,,
7cd100d1864d8281064e,book,DIY material,,,,,
9ac2f76f8cfd3829ef16,towel,Wrapping fragile items for shipping,,,,,
14d386c805e8cc7f9dd3,paperclip,Bookmark,,,,,
ad01829d36909e4b22e2,can,Drumming instrument,,,,,
c9df1484332544682731,towel,Wiping down tools,,,,,
b55d3433008b6b5a8da6,towel,Pollen collector,,,,,
8006c95d49c5cb08fe73,book,Decorative centerpiece,,,,,
28049a417523a478a395,fork,Plant marker,,,,,
7ec8773ccb32ff729335,book,Paperweight,,,,,
9a28ee04ec23718a1a9b,paperclip,Temporary fix for a broken zipper,,,,,
e892c4b64e02dfa8fd46,book,Protective cover for a laptop or tablet,,,,,
eefd1e04620b8a2554b2,fork,Drumstick,,,,,
04ab25acd6fe7389512f,can,Bookend,,,,,
d05473eff9e3322f40de,paperclip,DIY wind chime,,,,,
3cf894edc8b048d9a597,paperclip,Bookmark,,,,,
f32d1d3ae4e4a4a927e8,book,Picture frame backing,,,,,
1bc8998f876623153a42,can,Jewelry organizer,,,,,
15b67642db60cf1b3060,can,Plant marker,,,,,
43e2a865d56ba35dfd4c,book,Picture frame backing,,,,,
4ea5036cdeea3b8fcccc,paperclip,Wind chime component,,,,,
4040ca5ad91d64cdf6a1,book,Book as a doorstop.,,,,,
b7628838a6d0225add4b,can,Painting palette,,,,,
97f33f8232b320f209a6,fork,Geological sample holder,,,,,
ab74cf4c1248a74660bc,fork,Candle holder,,,,,
8e5555615438052f0cc1,towel,Insulating cold objects,,,,,
3af32e6180d1d0d19951,paperclip,Bookmark,,,,,
68d0980766e6d3909e67,towel,Camping blanket,,,,,
67d52b250e9b18f5bda1,paperclip,Cord organizer,,,,,
355479f8554649387c88,paperclip,Magnet holder,,,,,
4f135cef0758061faac7,can,Wind chime,,,,,
7d0099c2cc7178def47a,towel,First aid pad,,,,,
868fa0851c09d7e339f8,fork,Chalk holder,,,,,
1055c7253363f376dbc8,book,Book as a photo display stand,,,,,
e0ed22923e0dae0a1467,fork,Scraper,,,,,
8aa0a98d26b5cc0e81d3,can,Mail organizer,,,,,
ad8b7143be5dffc096f7,towel,Blowing out candles,,,,,
938dc0f8626d506f25f1,can,Desk organizer,,,,,
f82080c623c069ea89e8,can,Geometric shape for a collage,,,,,
d6002d11867ef46a9b19,towel,In a first aid kit,,,,,
bf1e4308f48f9e5c8c41,paperclip,Cord organizer,,,,,
6727f569ed4e3980a0eb,fork,Letter opener,,,,,
dd72a4bad7ea37e4cb80,fork,Paperweight,,,,,
d757144e07e623acf445,fork,DIY prop for costumes,,,,,
4406c25e007644f94229,towel,Stage prop or set dressing,,,,,
593b9ec6efb813e6afe4,fork,Plant label,,,,,
5cc95e1fe16811c067a7,towel,Staging material for outdoor movie screens,,,,,
9157048d0de5897eabde,can,Candle stand,,,,,
80b7c58bbc320f2e912b,can,Bookmark,,,,,
10fd99a90e314b3c1b36,can,Sculpture base,,,,,
e435310b2115ac416ca4,fork,Bookmark,,,,,
9f8303c2e8354c1c5999,towel,Pet drying cloth,,,,,
3e80671b82177107ab16,towel,Dusting furniture,,,,,
c8e0b8d77931deefd9a2,towel,Dusting furniture,,,,,
322b250ff80327956ea1,can,Science experiment tool,,,,,
34b59c881b30a80d1dd0,fork,Pencil holder,,,,,
b1f1555e49d9ac64e0af,book,Decorative item,,,,,
5efb45b5dc45ac86cba1,book,Paperweight,,,,,
b84144acecde258970b5,paperclip,Temporary fix for a broken earring,,,,,
a0191eed4eb3e68908c2,fork,Plant label,,,,,
e19548c353ff272e06ed,towel,Protecting artwork,,,,,
c0426e6283c5737b333a,fork,Pencil holder,,,,,
0dd90cada840856eaa7f,can,Bird feeder,,,,,
99dabcb8fc4789bc5b28,towel,Polishing furniture,,,,,
57732620888f7c84365f,paperclip,Plant marker,,,,,
0e9dfc33689a06ca52af,can,Plant marker,,,,,
f425b641cf463a8b6827,can,Mini greenhouse,,,,,
aa5dfe265057838f208e,towel,Improvised bag or pouch,,,,,
6e464426bb07e765952b,can,Desk organizer,,,,,
77205bf1c33dac2ce7e3,paperclip,Mini bookmark clip,,,,,
9d82365d37f104324b64,book,Prop for photography,,,,,
2de3bd833755a4249390,towel,Creating a tie-dye effect on fabrics,,,,,
9d94b172474e1f44da7b,fork,Pencil holder,,,,,
edfe90bf2c073c5a7571,paperclip,Temporary fix for a broken zipper,,,,,
5165017b0245c9721e61,can,Wind chime,,,,,
30aedd4167f8b676af5c,fork,DIY scraper,,,,,
d6769536ccc23fb4b2c3,towel,Camping groundsheet,,,,,
eb4893b0e4b275e3525d,towel,Cleaning delicate surfaces,,,,,
b1bd9f95291bc62e60fb,towel,Polishing metal,,,,,
fece805e5e3f1fb6612c,fork,DIY craft material,,,,,
6cde0761043932bf2c81,book,Coaster,,,,,
381faa2f90334fa56e49,book,Prop for Photography,,,,,
f13ab4baf5e7fa41e4f1,paperclip,Plant marker,,,,,
e3aab8b52a49a3b08f1a,can,Seed starter,,,,,
8bb913d0c23ef5805c5a,paperclip,Temporary fix for a broken zipper,,,,,
b051b52e077e0ac8e781,towel,Dry paintbrushes,,,,,
f137e156e8104a374aec,book,Photo display,,,,,
5cb14d71e7252ca5a0ed,book,Desk organizer,,,,,
f10859b55bac23f29c9b,towel,Cleaning delicate surfaces,,,,,
8e61a149471326f9e25c,can,Bookend,,,,,
5a3036527d7d10374451,book,Bookmark,,,,,
4b6c6cf646801e98472a,towel,Drying plants after watering,,,,,
e0ed17e2b68d84afbc19,can,Plant marker,,,,,
3f3b47803cdd992bad66,towel,Creating a DIY picture frame,,,,,
92a11926b3d220763df9,paperclip,Temporary phone stand,,,,,
fcfe79ed779a9a83c585,can,Bird feeder,,,,,
afef7320b6766596d40e,fork,Mini planter,,,,,
704da8f900552a3c0a47,book,Insulator for storing hot items,,,,,
5fd22e39a1773ba6b6ec,can,Measuring guide for small spaces,,,,,
7666afc65e0de952ec59,paperclip,Weights for small objects,,,,,
de8a36236e2a23ab5a4f,book,Gift wrap,,,,,
6e9b7001bfb91b09fbfa,paperclip,Decorative accent for a picture frame,,,,,
7d9a8b6be7edec465492,towel,Wiping down gym equipment,,,,,
b91d42dff21a11a77c50,book,Decorative item,,,,,
9d05793309aed08b7406,can,DIY light fixture,,,,,
a5a0d2a178814010072d,can,Paint stirrer,,,,,
89b446f624a6a61f86e5,paperclip,Cord organizer,,,,,
36a6302349905c0ffd5c,towel,Polishing shoes,,,,,
9d8e3d3c9c2633899382,paperclip,Emergency phone stand,,,,,
5e20860c4ca7add9fa2a,paperclip,DIY photo display,,,,,
d33fe07fad10ab57632b,paperclip,Cord organizer,,,,,
f19e854b3e721fc27e1d,book,Gift wrapping material,,,,,
2ec237a8a9f385c0521e,paperclip,Picture frame clip,,,,,
62a868511921557b1a1f,paperclip,Cord organizer,,,,,
4056bca08439a0230f17,book,Prop for photography,,,,,
c48fca9880c65f2f795c,book,Prop for theatrical performances,,,,,
14bb9bab50d018d119e2,book,Kindling for fire,,,,,
2921eb157470be793ccc,paperclip,Wind chime component,,,,,
e3262281cf842bff9e05,paperclip,Wind chime,,,,,
f8537b0c854063159daa,can,DIY picture frame,,,,,
6153b0bd6bd781d8dea0,book,Weight,,,,,
b1f4db10b6a67fdb2d30,paperclip,Cord organizer,,,,,
3d4afd5b22b3e55eaa02,towel,Dry paint,,,,,
c3772ca082458ed81442,book,Fire starter,,,,,
5e50886aa4b90a46b55f,towel,Absorb spill stains on carpets,,,,,
1facb1ece6c9d238f424,towel,Cleaning dust from blinds,,,,,
b1e8e89f080cd3e61478,paperclip,Mini photo display,,,,,
7500787b098e160fac15,paperclip,Cord organizer,,,,,
a3b5e43325effaeeeec1,paperclip,Temporary repair for a broken earring,,,,,
ae0a48a08317fc257473,fork,Candle holder,,,,,
befd6310367a666641cc,book,Photo display,,,,,
d13b2cf1275636fd3b5c,paperclip,Wind chime component,,,,,
94f8c4736017f4cdba45,towel,DIY craft material,,,,,
ec65afb5b67e93a65462,fork,DIY craft material,,,,,
04037f457c73c68da0cb,towel,Dusting furniture,,,,,
0d138424222171a3fbda,book,Gift wrap,,,,,
493ade024caf4a98949f,book,Coasters,,,,,
4e1270ad96b4ff2aa2dc,fork,Pencil holder,,,,,
96c6abe1b037a3fdb077,fork,Seed starter,,,,,
7e70e197857199bcc771,paperclip,Temporary fix for a broken chain,,,,,
0c84b87097052f79ee13,book,Weight for a birdcage,,,,,
2f3ccee92d6724e6793e,can,Funnel,,,,,
2fb3fa5764dc78488dec,paperclip,Plant marker,,,,,
7cc493bf54ac49bd277c,book,Decorative item,,,,,
d31e7c812dab4e25187d,can,Small vase,,,,,
a24e9304ce59f7261905,towel,Drying a wet pet,,,,,
e60519d231295f49582b,paperclip,Emergency repair for a broken zipper,,,,,
e9e038f38a04850d625c,fork,Measuring tool,,,,,
a17af44b9ed341243ff3,book,Book as a paperweight,,,,,
63d327ce9d467351ca6a,can,DIY bird feeders,,,,,
d3495abaef24c1162ca0,towel,Pet grooming,,,,,
09e521de24a36e58d797,fork,Plant label,,,,,
e57e80e49baedae6312c,fork,DIY craft tool,,,,,
a5a6cb02da56ee1c7b5b,paperclip,Bag clip,,,,,
6db5258ada9fc5f6334a,paperclip,Small bag clip,,,,,
39b142f91fed9f3e0325,can,Cord management tool,,,,,
fb67ea7b2cafb18a7894,fork,Picture frame hanger,,,,,
beddefe4592a1fcc2bcd,paperclip,Jewelry holder,,,,,
ec6d805d02aee9a57414,towel,Cleaning surfaces,,,,,
4a3a52bb160328f85e1f,book,Bookend,,,,,
bc0e6e49ddd6b9b7ff24,paperclip,Plant label,,,,,
62bbc9b71ce3216723a3,paperclip,Cable organizer,,,,,
99a0de2a0747e4a3fc9b,towel,Drying plants,,,,,
5e8f5ce6503b2deda638,book,Planter for small plants,,,,,
e2eb7a49afd4023d9723,fork,DIY picture frame,,,,,
edccd4421312ede4a3d9,paperclip,Plant label,,,,,
05c35709275bed1177fa,paperclip,Zip tie alternative,,,,,
0c7b93ce48f73ec2fba3,book,Decorative centerpiece,,,,,
ffbbcf9ab994a1a8fd19,can,Scent diffuser,,,,,
eca0a45ec7fbfceccab0,can,Craft project base,,,,,
f196169cbcd820231d46,paperclip,Craft supply holder,,,,,
77d1f2f56d1cff9947c1,fork,Bag clip,,,,,
fb5558ac22ab0950ead7,fork,DIY photo display,,,,,
7d6d7369356f10b9a7b7,fork,Sculpture material,,,,,
7edebebb8207ddbc7791,can,Birdhouse,,,,,
f8e6c9acf6b63f66f6bc,fork,DIY picture frame,,,,,
dbc66a9287b0fa3e44f8,paperclip,Cord organizer,,,,,
e67c72ea06804a447442,can,Photo display clip,,,,,
ec59db895659eba2ef33,fork,Emergency screwdriver,,,,,
aaa81a0893765f81736e,towel,Cleaning mirrors.,,,,,
4c578eab8b0acdff5a33,paperclip,Macrame project material,,,,,
dbf9280899de51d0e257,towel,Picnic blanket replacement,,,,,
fe245911a9dde4a4bb07,can,Pencil holder,,,,,
3c671494207181839cc0,towel,Cleaning spills,,,,,
dfb90ebe6330ed61c0d7,paperclip,Temporary repair for a broken zipper,,,,,
80e6f15b3b9a989426b3,paperclip,Plant marker,,,,,
ef7029263ac744286f52,fork,Candle holder,,,,,
088d77113620e63d0ff4,can,Paperweight,,,,,
21d6858aa914034b2a1d,towel,Dust furniture,,,,,
2426c82616a0583ad6a0,paperclip,Bookmark,,,,,
1815a2b78a229af495ac,book,Bookmark,,,,,
c6945aea5507994e5a30,can,Picture frame weight,,,,,
f8ed4727d4915d1c25b5,book,Backing for a picture frame,,,,,
47162ca632c891875107,can,Candle holder,,,,,
a29bcfb9f3a650b045f7,towel,Insulating small electronics,,,,,
1dc864f2097bbe6e7232,paperclip,Temporary fix for a broken chain,,,,,
8c3aec99c82a297d6533,towel,Removing stickers,,,,,
e0f41ee428d8319c8d51,can,Musical instrument (shaker),,,,,
8f28a8e5643eb3667df0,paperclip,DIY photo display,,,,,
6cee5e00f59b781e6fc2,fork,DIY craft tool,,,,,
bebd6f9f5567e382100a,book,Book as a candle holder,,,,,
e885e6d1f90829e113c7,fork,Pot scraper,,,,,
f94b3de45eb7f3a5b942,fork,Bookmark,,,,,
0e87ab3f5aa047e8a459,towel,Emergency fire tinder,,,,,
a5db389515ef837696be,paperclip,Keychain,,,,,
82ef127d463fff453617,paperclip,Cord organizer,,,,,
8a11787e11532b092dd9,paperclip,Sculpture base,,,,,
5787cd5037ae6f2e5e62,can,Herb planter,,,,,
28877451fe5cc1b313c1,paperclip,Picture clip,,,,,
a2c0c51cc9571752c9ea,towel,Dusting ceiling fans,,,,,
1534be0a335ea7d72f10,fork,Mixing mortar,,,,,
dde5a7ccb8588c189970,fork,Plant marker,,,,,
46ac17185ee4c908d9b4,can,Mini level,,,,,
43c55b2d045bc6a90c50,book,Photo display,,,,,
bfb9a78705f9077cbb71,fork,Plant label,,,,,
f2dd97cf8105fccccde8,fork,Pencil holder,,,,,
e33dd2bde9f62220816b,towel,As a picnic blanket,,,,,
61fd3c6aae74368359d6,paperclip,Emergency bookmark,,,,,
bc2c1f35c368f6ec7ded,fork,Letter opener,,,,,
11eda160be397601ee46,book,Paperweight,,,,,
563f6d8c881c5653dc54,fork,Emergency scraper,,,,,
f75366af7730271f2bd0,book,Bookmark,,,,,
d843799a5ccaa99073ce,fork,Bookmark,,,,,
d7deb4420f7a2bddb113,can,Desk organizer,,,,,
5f81f33b953c5908a3e0,fork,Emergency screwdriver,,,,,
26ff1e4f200f70d19e47,fork,Mini scraper,,,,,
36a78df570f03aa03787,book,Paperweight,,,,,
ed448b37fa2346db1509,book,Vase,,,,,
60bbcba6b15f213604bf,paperclip,Cord organizer,,,,,
6e95cc5bd3f7d8430971,book,Coaster,,,,,
1f028cf36e7d7d9ca4c7,towel,Cleaning car surfaces,,,,,
50d39d585d335306d997,towel,Wiping down tools,,,,,
04c39ee6e43530e88f66,can,Candle holder,,,,,
eff2d35420b71025e382,can,Ice scraper,,,,,
823b069f0404c8810506,can,Plant marker,,,,,
5c5770fa9d138efc0e18,paperclip,Bookmark,,,,,
a24fdd13ed054bef9d94,can,Herb planter,,,,,
1f776f059d414c5a04e2,paperclip,DIY jewelry,,,,,
adca2dec12759167c645,paperclip,Bookmark,,,,,
4d9df2b3cab08061d0fb,can,Planter,,,,,
1caa36beeb3ce72848aa,book,Picture frame backing,,,,,
daf6385b7d62b625989f,towel,Drying flowers,,,,,
6d5ad4070e0b5af69f1d,towel,Wiping down surfaces,,,,,
70871c62296bb2b6dcce,book,Photo display,,,,,
5f65d3c697a66be99a24,paperclip,Plant marker,,,,,
5d4a06ede7d03d424a08,book,Soundproofing material,,,,,
d5b69d83dfbcd2b84637,paperclip,Emergency bookmark clip,,,,,
3c2876b9db2f5a009120,fork,Magazine holder,,,,,
24401ff6fcc4aa23b0a0,book,Coaster,,,,,
b024a8fd27a269368796,book,Paperweight,,,,,
76b67d65b3bd789a3aa1,fork,DIY wind chime,,,,,
71ffd87e79c64de11c12,book,Plant press,,,,,
4628bfa2f2b43d2c716c,paperclip,Plant label,,,,,
b384759bdb0134168bc6,fork,Cord organizer,,,,,
d5e5890bb5cdd9b381e7,fork,DIY handle for small tools,,,,,
1c1ccf9b082e8d46c206,paperclip,DIY photo display,,,,,
b32e6458fa03b5d659ef,can,Bird feeder,,,,,
9ad19f20ac94823f0d07,can,Pencil holder,,,,,
a153e4eed18720bd1eb0,paperclip,Emergency cord or strap,,,,,
104b8e62cbe1ced61c2f,paperclip,Magnet substitute,,,,,
a5459ae522226dd64315,can,Birdhouse,,,,,
636b8321e75c0632a970,can,DIY photo display,,,,,
d724bc92ce4a95464ec1,towel,Picnic blanket,,,,,
32ee4c7b0c5f41683fee,fork,Plant label,,,,,
357ecd6c4f5f18e3f73b,book,Book as a photography prop,,,,,
57413a7c4e51e43e7e97,book,Decorative item,,,,,
6d7ec1e096e585813492,book,Coaster,,,,,
836ca93b71d42e64616d,towel,Polishing metal surfaces,,,,,
5916fcc9bd4f6e4d1000,paperclip,Temporary fix for a broken necklace,,,,,
f7918dac12b0d9a2802a,can,Coat rack hook,,,,,
f980df9db2337cbaf25c,book,Prop for photography,,,,,
92b2199283df896cc2d6,paperclip,Bookmark.,,,,,
d5b44ecdcfd2eb4b7f56,fork,Bookmark,,,,,
a596fc17061aac77c618,towel,Emergency signal flag,,,,,
c4d8e22b9156469fd162,towel,Wiping down surfaces,,,,,
a77a489df886cd3c989c,can,Desk organizer,,,,,
9d6bd8219933520ad511,can,Shelf divider,,,,,
40f4bb5ff59bce32cfcb,can,Plant marker,,,,,
a7a60a1e81d4281a745c,book,Plant press,,,,,
304d16f13ddeff0c4f0a,paperclip,Bookmark,,,,,
ac995e573629e264e118,paperclip,Mini bookmark,,,,,
1ab3e73bc36d1c9bec89,fork,Paperweight,,,,,
80b25922f67263f9dafb,can,Paintbrush holder,,,,,
b13e509ae55493b90c57,book,Paperweight,,,,,
d4f4ea372cd375489809,towel,Camping blanket,,,,,
d1fcd2ab9fc05ece4091,book,Sound dampener,,,,,
f8f5cd20c48b4020702d,paperclip,Mini bookmark for a recipe card,,,,,
c53b14d1052a537cc0fc,paperclip,Temporary repair for a broken zipper,,,,,
dcc5f41b8a7904498845,paperclip,Plant marker,,,,,
b24a02e8a7ee523fa335,towel,Cleaning windows and mirrors,,,,,
2af3e47b01c70193f82f,can,Photo display,,,,,
4bd2db5c6dbaa2f223c6,paperclip,Weights for hanging objects,,,,,
a11adbc9fe4ddd162c9e,towel,Lining a makeshift picnic blanket,,,,,
c3e1d27bbe3b24884469,fork,Picture frame hanger,,,,,
821bcf3c8ac92a97bf79,towel,Drying delicate glassware.,,,,,
05040a110f15d10d643b,fork,Wall anchor,,,,,
e4019c3595ae6525df4a,towel,Sweating buffer,,,,,
b86f4479e875a2a3584e,paperclip,Pencil topper,,,,,
f0dae7ed2740e94d2417,paperclip,Temporary fix for a broken zipper,,,,,
b6c2a39c0b5baa0d9ed5,paperclip,Temporary fix for a broken zipper,,,,,
3ddbc426fcbfb4da2c75,towel,Wrapping fragile items,,,,,
f08012ee4c1c638f292f,paperclip,Temporary fix for a broken zipper,,,,,
2f15beb4bcec7c7d4c87,book,Photo display,,,,,
ea0c6c709b88d44b6ece,can,Wind chime component,,,,,
af91b8080144e5dc6a60,towel,Applying sunscreen,,,,,
4f6507ded08931efe820,paperclip,Cable tie,,,,,
8fdf1e83aaa31210937f,paperclip,Emergency repair for a broken wire,,,,,
a747add36f522bf19775,paperclip,Temporary fix for a broken earring,,,,,
9955bd4c9b9ce5bd4f66,towel,Drying flowers,,,,,
afad21144e35a7927a05,towel,Cleaning spills,,,,,
9bebad3aae33aa56d25b,can,Mini storage container,,,,,
95f6c3995d80c2cc2f63,book,Weighted exercise aid,,,,,
d8a829e9a885fea09420,book,Bookmark,,,,,
8c5037d250a2ba317757,book,Paper mache material,,,,,
99928af0cf5883ee4fd9,book,Coaster to protect surfaces from water marks,,,,,
3cb17c5782846c8ef117,towel,Wiping down gym equipment,,,,,
f1617439e00c3ed5729c,fork,Candle holder,,,,,
4901f52d4937076ce56d,fork,Candle holder,,,,,
a647ae9fb4dc5c850b29,can,Scent holder,,,,,
08f79a3c2903a08fe0b7,can,Paint stirrer,,,,,
c6498049da4a79e6a5f8,can,DIY photo stand,,,,,
8d6ab7233977b8dc5182,paperclip,Bookmark,,,,,
0b89429a4aa35db6c774,fork,DIY candle holder,,,,,
3ba5ec72f6b1149bfb4c,towel,Dropping the temperature in a room by wetting it and placing it in front of a window.,,,,,
8ade421f2d9b00b457a8,towel,Cleanings windows,,,,,
47a603dee296066ed1b4,can,Plant marker,,,,,
1032dbb617258b944445,paperclip,Cord organizer,,,,,
d93cf15a420ac64b1454,paperclip,Angle adjustment for a picture frame.,,,,,
cae20d228a7350c03745,fork,Precision scraper for crafts,,,,,
44763ac6f25e67f50710,can,Candle holder,,,,,
c6968be45edee0ac07fa,towel,Dusting cloth,,,,,
e5d04e25adb1703a3541,book,Decorative item,,,,,
58690de10c6ad6457bf4,book,Bookend,,,,,
9a95cdb90835a03cb6c3,can,Bookend,,,,,
a58a13c5d1764bb63f19,towel,Removing lint,,,,,
87e6be541ad087b5cb28,can,Birdhouse decoration,,,,,
b7e9976a4a08e321d442,towel,Curtain or room divider,,,,,
ab083a20afa80b773cd3,fork,Seed starter,,,,,
31ff0134b0c069effb02,paperclip,Embellishment for cards and scrapbooks,,,,,
8f9d3e656f5d1d2a9ddc,paperclip,Temporary fix for a broken zipper,,,,,
25d5d64d631790ffdebb,book,Paperweight,,,,,
b28b155e3bd7305b7599,fork,Macrame project component,,,,,
4a867407f0ed7926c414,towel,Insulating electrical components,,,,,
9f21a609e77ebde395c7,paperclip,DIY jewelry,,,,,
2725138eea8f5afa5f30,can,Picture frame,,,,,
909198028384345c2649,book,Paperweight,,,,,
4071782ebf4672111937,can,Wind chime material,,,,,
39d218a84792965e8e94,paperclip,Zipper pull,,,,,
cb70f92e11c9ae1f691f,book,Wedge for a stability aid,,,,,
ca47f53cb187ce60c2f6,towel,Pet drying towel,,,,,
e00bc872656a2edf5791,fork,Photo display,,,,,
5dbdd5eb137161b375a1,can,Wind chime,,,,,
b8ac0c7ec76e89b7acda,paperclip,Jewelry making material,,,,,
35fbe7b28456bdd66492,paperclip,DIY wind chime,,,,,
46635a379a89de90ba6d,fork,DIY wind chime component,,,,,
776e3e6f69ff03a2d5cd,fork,Zipper pull,,,,,
87de8397212cd5cfe020,fork,Bookmark,,,,,
5dc70af45a6186b2b90e,book,DIY planter for small plants,,,,,
babd06b2d9c1a0cc90eb,fork,DIY wind chime,,,,,
8806f07f29560774d036,book,Journal for notes,,,,,
236d47e5880f73cae3f7,book,Coaster.,,,,,
91034916ac5135e4d709,book,Bookmark,,,,,
953a535de7c47bfd57fa,fork,Bookmark,,,,,
c1953c13e9aadd092bd9,can,Bird feeder,,,,,
4ae1519c3b2039589f7e,fork,Model building tool,,,,,
9a7361c79837646295a6,towel,Dust furniture.,,,,,
16ba09cfa12d33662b2b,book,Trivet,,,,,
5ce3ff5871b4ef9b397f,book,Door decoration with ribbons,,,,,
57f50b09cbc353cb7482,paperclip,Zipper pull,,,,,
5cf494addfadaf96d9d0,paperclip,Zipper pull,,,,,
122da236d5959d664381,paperclip,Weights for fishing line,,,,,
411c9a4d40afe14ebebd,book,Protective cover for a remote control,,,,,
21cdf2ab165096ac90c1,fork,Pencil holder,,,,,
be32dde9192c6a55a76a,book,Photo prop,,,,,
862f610c1e001b6ac032,fork,Plant label,,,,,
4d04df771806b9dd7054,towel,Cleaning windows,,,,,
166f8ae569bd36099a61,towel,Drying wet pets after a bath,,,,,
f5f3dd03799ecdc6ebec,fork,Painting tool,,,,,
074796fa2318da2a62a0,can,Paint stirrer,,,,,
9d7a09e0399597a54c15,towel,Dusting furniture.,,,,,
3d78878072bb889647bc,can,Wind chime component,,,,,
8bc3e74140c653be082f,book,Gift wrapping material,,,,,
3f262523667fef8164a9,can,Potpourri container,,,,,
192435d650285eb5468f,towel,Removing lint from clothing,,,,,
b75dc09b13c01d585dc8,towel,Impromptu picnic tablecloth,,,,,
16dd196b4f9e160a2db8,fork,Wind chime component,,,,,
253fd3190dbe43ea0cae,fork,DIY craft material,,,,,
6a051e1bc4b4cd0178b1,book,Wall decoration,,,,,
a97635c665419d97e765,towel,Cleaning spills on the floor,,,,,
4a22b81aed2e56324783,book,Fire starter,,,,,
07c7ca01d10245b9aa26,paperclip,Zipper pull,,,,,
040d50f8b1a8e8f59d77,book,Trivet,,,,,
04f553f393a38f30f8a4,book,Bookmark,,,,,
c78331966f6498b2adb4,towel,Cleaning cloth,,,,,
704fa9547ff9eaa86c9f,fork,Plant label,,,,,
c8fde63fd54285bb351f,book,Prop for photography,,,,,
fa6b37cef4a720a9c538,can,Herb drying rack,,,,,
1f46fdeacc676aafd5b5,fork,Measuring stick,,,,,
76c3b434848ec50976ee,paperclip,Emergency bookmark,,,,,
e964e515ecc85e181740,can,Bookmark,,,,,
4d53fdad06c303758a6e,paperclip,Temporary repair for a broken zipper,,,,,
d41e23f314db11c84d70,paperclip,DIY bookmark,,,,,
36efd61b241bd5f75a06,towel,Absorbing spills,,,,,
a9b4ea573c033a8276ec,fork,Craft project material,,,,,
11c8951ba7d0e3c212ab,paperclip,Cord organizer,,,,,
f8c44e49b6dcc49699a7,book,Decorative object,,,,,
5cafb117a8fd7c521454,paperclip,DIY jewelry,,,,,
d0d5d81dd8ab1bc2760a,paperclip,Craft material for jewelry,,,,,
1c390c115fdd1f205029,paperclip,DIY photo display,,,,,
32c2570d1f84d83eb5b3,fork,Geometric art piece,,,,,
f0df9fb1be5368660814,can,Picture frame stand,,,,,
df77754e9bc49d57d898,paperclip,Plant marker,,,,,
3366417b01162c8ae9b2,towel,Use as a drop cloth for small projects,,,,,
c35b08e8274b43751984,fork,Plant label,,,,,
cd0f1c662f44b5f5ce69,paperclip,Cord wrap,,,,,
88813eec753b5a8566ed,can,Cord organizer,,,,,
846af01a02622aedeed2,paperclip,Geometric art tool,,,,,
26ce41cc0d47d931050b,paperclip,Zipper pull,,,,,
cbb1eb9a8de6ae697d3f,paperclip,Plant marker,,,,,
26aec2095672dcb1e78b,towel,Emergency blanket,,,,,
e833e9b00bbf048344d0,book,Plant press,,,,,
f41f44c8eaf0908c02d9,paperclip,Painting palette clip,,,,,
7b3f80cb0e744d90f48e,paperclip,Photo display clip,,,,,
f3baa33ff6ec6adabf8e,paperclip,Cord organizer,,,,,
0bc985b84f3e2f6d92f8,fork,DIY wind chime,,,,,
15321926a87234da4ff9,towel,Drop cloth for painting,,,,,
fc4c8c349bb946a96243,fork,Bookmark,,,,,
8e2dff7370e6276e57c1,book,Gift wrap base,,,,,
aa5027cbdee162d16ff5,paperclip,Plant marker,,,,,
79c9ea019824a8b092b7,fork,Pencil holder,,,,,
9f283841fc3a5e985f6a,fork,Desk organizer,,,,,
b86a82b2c4bab04b6fae,fork,Bookmark,,,,,
d793761fa4fa15cebff2,can,Bookend,,,,,
1de8645b086ad691df42,book,Desk organizer,,,,,
bd6e213c002ae000939d,can,Pencil holder,,,,,
ca2ef192a2b3651503c5,paperclip,Mini bookmark for large binders,,,,,
e1a8e0ecc1006d5464f5,towel,Clean sculptures or other delicate artwork.,,,,,
3255f9e45ec7357da6ab,book,DIY craft material,,,,,
4311cdeefa6487fcf048,paperclip,Emergency fishing hook,,,,,
1a967b3a5eefc89fb0c1,can,Pencil holder,,,,,
04d4ef0bd50647f52c05,can,Zip tie holder,,,,,
5285d8d6391d14a73739,fork,Picture frame hanger,,,,,
a88a29f20d216150f451,can,Mini planter,,,,,
c610c6f600a298a65f99,book,Gift box,,,,,
3a01842e52c95ae8c3aa,towel,Creating a DIY photo backdrop,,,,,
45abb076acd269c73964,can,Pencil holder,,,,,
cac5f6583a84743c346a,towel,Drying artwork,,,,,
d25d3a2454097cecbc31,book,Bookshelf divider,,,,,
feade90977cc0db13a4b,paperclip,Temporary repair for a torn page,,,,,
177d836a2bcdefc65e83,towel,Cleaning spills,,,,,
81959d10b84317e390f2,fork,Plant marker in a garden,,,,,
9f73715efe35586c9543,paperclip,Cord organizer,,,,,
7a4a074b98babdc37760,book,Bookmark,,,,,
46af49b77da9343ba61c,can,Wall decoration,,,,,
e0bc65e8f4cf305d31d3,can,Wall decoration,,,,,
976999c228d3438072de,fork,Candle holder,,,,,
cc781a3cf4dd039a6f02,fork,Chalk holder,,,,,
fc127aa7ef9b23b85813,fork,DIY picture frame,,,,,
58a3b4cfac4d086805da,book,Bookend,,,,,
15ebe819329835e406d0,book,Decorative item,,,,,
3abffbfc99ba1c14761e,towel,Drop cloth,,,,,
c83553c754130657a358,fork,Picture frame,,,,,
d2fcf9d58f1b9c4d9659,paperclip,Pencil topper,,,,,
8e4c2f03de44780ee496,can,Candle holder,,,,,
41d47e863efa1cf39b41,book,Prop for photography,,,,,
9c98bdf8f93330fec2ec,fork,Cord organizer,,,,,
3ce564b2b0c38d0462e0,book,Bookmark,,,,,
1cdcadc13c329d3b2107,paperclip,Cord wrap,,,,,
972b3fa5f4fe2ca82818,paperclip,Emergency phone stand,,,,,
55c18f4569f5c9084fc5,book,Paperweight,,,,,
ff7e7ba4eae3af7ee293,book,Coaster,,,,,
358b9b314ce089c790fc,paperclip,Plant marker,,,,,
aeb8b82b53fbb1102b55,towel,Dusting electronics,,,,,
c08324f865c5e6205747,towel,Heat pack wrap,,,,,
7aa4ff660cf5b199ccf4,fork,Mini scraper,,,,,
008ede944122ff6e0443,book,Decorative item,,,,,
52249eeb97b4d8b95de5,book,Picture frame,,,,,
1030688a2898171f0f4f,fork,Plant marker,,,,,
a11e9030babb243e6586,can,Bird feeder,,,,,
5a60c094ca4fe75fcbbc,can,Ottoman base,,,,,
c90e2d44cdc5835550a9,paperclip,Plant marker,,,,,
dca09eb699afcbafc527,fork,DIY wind chime,,,,,
a27778ee37a11de88f60,towel,Removing lint from clothes,,,,,
59669044f477cc079c8d,can,Candle holder,,,,,
33fea93e9bcd8c0fb0ed,fork,Paperweight,,,,,
5c3904914b46cd4c4613,book,Gift wrapping item,,,,,
605d3ffa44b2629cc9f6,can,Paint stirrer,,,,,
4d40baf7a31ab7183766,book,Musical instrument (e.g. drum),,,,,
822d2c7eb3906ea8db66,towel,Polishing jewelry,,,,,
e588762aa325aafbe5bc,book,Notebook stand,,,,,
165677348fc45633ab68,paperclip,DIY photo display,,,,,
3fcecadd0215cd15b3d3,paperclip,Page turner for books,,,,,
180f7d47f14f2c800cfe,fork,Mini easel,,,,,
902f97304b82c0c79134,can,Geometric sculpture base,,,,,
d60206e93eede062dcc4,paperclip,Temporary fix for a broken zipper,,,,,
cb4a3b94d80e4a7b9206,paperclip,Cord organizer,,,,,
6b4f535817f15c50cf26,can,Fire starter,,,,,
e3f9530fe9b6e2aec71c,towel,Wiping down tools,,,,,
53ff8cd4cd7001d6ce6a,fork,Small tray,,,,,
8964fdde7be350705d83,paperclip,Jewelry hanger,,,,,
98c37f4c7c033f038236,paperclip,Cord organizer,,,,,
4fc548ab61dea3fb00b4,towel,Drying dishes.,,,,,
2b96e4cbdbca7239cc2b,fork,Pot lid rest,,,,,
ad55efb3dad995fec858,towel,Remove lint,,,,,
dae151880176c764c0d4,paperclip,Cord organizer,,,,,
a78d65b468544b957cf9,book,Desk organizer,,,,,
66181300957043d1ceba,fork,Photo prop,,,,,
dfedf648d3ab4be47f34,book,Fire starter ( Kindling),,,,,
93deed51c63f803edf43,book,Gift to a neighbor,,,,,
6ff1d1859c34e4b85df9,can,Bird feeder,,,,,
75f00b51d90329cac009,fork,Geometric sculpture base,,,,,
3df44354b0b3a7e06c3e,towel,Create a DIY photo prop,,,,,
4d9cde48a7db12ff795a,towel,Dusting furniture,,,,,
1cec759b0ee494194708,book,Paperweight,,,,,
d4241ad8221b746c14ed,paperclip,DIY photo display,,,,,
95a8d074c356c953be76,can,Jewelry mold,,,,,
4c9780334fa7187c4a5e,fork,Pencil holder,,,,,
0c80cbd5365c2af3130f,fork,Seed starter,,,,,
0a99fcdefccf9222bee7,can,Bookend,,,,,
04efddc9e2eb708329ba,fork,Desk organizer,,,,,
90d5fdbbfb668ff5a70f,towel,Drying artwork,,,,,
e6954be97abb8fbe4f8a,can,Wind chime component,,,,,
1ea71fd05d1bbdd40cd2,towel,Wiping down surfaces,,,,,
928d4cc02c01d0fb64ee,fork,Sculpture material,,,,,
3b7937109e8d9e505768,book,Decoration,,,,,
24b3561eae62ddf65317,book,Coaster,,,,,
5562534790e60d8be23a,can,Cord management tool,,,,,
dd176f6efa119086ca77,fork,Pencil holder,,,,,
53b25fdfb3bd498ba9a4,towel,Dusting surfaces,,,,,
b327c733a6239156fd28,towel,Polishing metal surfaces,,,,,
47865eeedcca55d711a0,paperclip,DIY picture frame,,,,,
bc4a63078e725bfb5f5c,book,Desk organizer,,,,,
326db90adaa947df9025,paperclip,Plant marker,,,,,
42c6854ac64986dd56db,fork,Plant label,,,,,
26b2d959340775777e81,fork,Pencil holder,,,,,
9d28822494c876e2ccec,paperclip,Plant marker,,,,,
0e99ae252cbfee338fc6,can,Bookend,,,,,
28789e5798daeefc09c5,towel,Protecting furniture from spills,,,,,
ffd57d06cb9aaeee41dd,book,Coaster,,,,,
242b9c0dba53bc98ad37,towel,Creating a DIY photo studio backdrop,,,,,
e268c16e77d6c810e8e7,book,Coaster,,,,,
90d3d9c9d5122db8b196,towel,Cleaning car trim and dashboards,,,,,
6cf98d9dfbadf26753cf,fork,Plant marker,,,,,
8a043e76496be35e36a6,towel,Tablecloth,,,,,
9589d806765f61a05001,paperclip,Small peg for hanging items,,,,,
a6ed32d341c8564090dc,towel,Dusting electronics,,,,,
a238a6212185420e975b,book,Gift,,,,,
430887051f76fe11e07c,can,Coat rack,,,,,
9b003a605c0c86d224f2,towel,Polishing metal surfaces,,,,,
bf7ecc513b75ae0c9f9d,can,Pencil holder,,,,,
633cf3e3755b3dee4153,paperclip,Bag clip,,,,,
0f669f3f1a4c3ed56f69,towel,Cleaning tools,,,,,
490e109eb78d09be2e51,fork,Pencil holder,,,,,
da0d0224c6992af6ec1e,book,Acoustic damper for a guitar amp,,,,,
38c29bcaed58a6c5ad1b,towel,Protective covering,,,,,
fb8e354865a166cd8039,towel,Wiping down surfaces,,,,,
256bb9e0e7a269feb2a7,towel,Polishing tool for metal items,,,,,
c306a671639c1aea74cc,towel,Sweating rag for weightlifting,,,,,
dcae7ca1d9e37a72af5b,fork,Plant label,,,,,
065f4e8b8d70b43d7f07,paperclip,DIY jewelry,,,,,
2f835d30f5079b1d4cfe,can,Soap dispenser,,,,,
f45c6c79a3716163680a,can,DIY picture frame,,,,,
2fa26c31236cc9bd28ac,fork,Mini music shaker,,,,,
8ed0d378a3af831ecc85,paperclip,Mini sculpting tool,,,,,
a2483f0a5a2c0d2f68ed,towel,Creating a makeshift picnic blanket,,,,,
1f35938d17c1131f79ca,book,Paperweight,,,,,
133f85d8597ffa5df8ad,fork,Tweezers substitute,,,,,
e06f10d9a58238431f8f,can,Mini greenhouse,,,,,
573a441e35f2b882e919,paperclip,Cable management tool,,,,,
4b7c2aee3062071b856a,towel,Applying paint or stain,,,,,
4c220ce4a84515feb6dd,can,Drum mallet,,,,,
59465a091edfcba85488,paperclip,Photo display clip,,,,,
e7e5fbb50b6fff312d85,towel,Wiping down electronics,,,,,
7608a5aacec7a778e442,paperclip,DIY photo frame,,,,,
6f47cf74ee597b3a82c5,paperclip,Temporary fix for a broken zipper,,,,,
0f78618937f66417f516,fork,Plant label,,,,,
04dd2254fb558497be01,paperclip,Keychain,,,,,
6bc3711b295c35faf6c1,paperclip,Description label for storage bins,,,,,
3d75001a355bb42fbae8,paperclip,Desk organizer for small items,,,,,
1d83ca1bf22993218f66,fork,Paint scraper,,,,,
f8874609a8df0ace2e57,towel,Polishing cloth.,,,,,
bd3116e621406bb5d71a,fork,DIY bird feeder material,,,,,
688412ac432514b82101,fork,Emergency screwdriver,,,,,
753de3cb3a7be4868ab3,paperclip,Paintbrush cleaner,,,,,
fde6aaedfcc241f03e11,towel,Polishing metal surfaces,,,,,
29956ec647a57e83e83a,paperclip,Plant marker,,,,,
10292b7909d6c53cc904,paperclip,Desk organizer,,,,,
90db3caf5c03d9807154,book,Weight for a bird's swing,,,,,
59629c5a4631e93af123,fork,Wind chime,,,,,
3535c9e5e507e120b812,fork,Candle holder,,,,,
fb7f8675b9660d0e4ee5,paperclip,Temporary fix for a broken zipper,,,,,
66574241c3a2362d4585,book,Photo album,,,,,
c29598811de27332a444,paperclip,Plant marker,,,,,
0f5d4904e443f1b3eaa6,book,Base for a DIY birdhouse,,,,,
92ec0986127fcc39560f,book,Book as a gift for a book exchange,,,,,
cc9c9880b6176e7c1d4e,book,Coaster,,,,,
5645eb50c60ee5240599,paperclip,Photo display,,,,,
a53f4913b66dc859cd44,book,Coaster,,,,,
d4d14b2442cac9805f68,book,Weight in yoga,,,,,
6c33ab6f4c41b5071531,paperclip,Geometric art,,,,,
b045b51ddc028a9ca157,paperclip,Temporary fix for a loose button,,,,,
333dda28fead71d581f7,book,Desk organizer,,,,,
9d7eb119a1d025a7c490,towel,Polishing metal surfaces,,,,,
e15a3349f3409e8941c7,paperclip,DIY photo display,,,,,
f5b4baf21e40b824799b,can,Bookend,,,,,
c34227e12ac55b23412e,towel,Drop cloth for painting small areas,,,,,
3005f1cb05a122e6eed8,fork,Geometric sculpture base,,,,,
697a31859a3ad8bd197b,book,Bookmark,,,,,
61b72378db85985513ec,fork,Picture frame hanger,,,,,
1239acd80a361a3e4826,fork,Measuring stick,,,,,
9e63bfb2cdd4295a2a6c,towel,Cleaning dust and dirt from surfaces,,,,,
8c888f062f5323ddc505,towel,As a drop cloth,,,,,
5adc8b029c1dfba9fba0,book,Bookmark holder,,,,,
4e9bfb01236c20740c37,fork,DIY wind chime material,,,,,
2bccf08fdd0a9f6cd458,towel,Cleaning windows.,,,,,
81d1dc61edba307ebc84,paperclip,Temporary fix for broken earring,,,,,
8baefba154424fda44c3,can,Pencil holder,,,,,
be2431f7b22b4328f53d,fork,DIY picture frame,,,,,
44c9f15ef6d63ff4009f,book,Bookmark,,,,,
8cdc4021a82f8af28f4c,towel,Cleaning up spills.,,,,,
ff192fd6ef27a83d8741,paperclip,Picture frame clip,,,,,
4edebd9d3ee393ef8498,fork,Desk calendar base,,,,,
a84a6d6147955f5cffbc,book,Book as a room divider,,,,,
e6ee121a2a27a9a71cd6,can,Scratch awl,,,,,
513895a94570d4f5f84c,paperclip,Zipper pull,,,,,
655deff1599a6beb278f,book,Paperweight,,,,,
20c2d1edf8915c2beb89,book,Decorative item,,,,,
b306e25bb7f72ce4744a,can,Birdhouse,,,,,
903f0da25ccc661b4237,paperclip,Temporary fix for a broken zipper,,,,,
dca9b7e32cfe28712819,can,DIY photo display,,,,,
e7dbe88cfd4b7d8ecd05,fork,Sculpture material,,,,,
5fdbd20909917e407f3d,can,DIY photo display,,,,,
b7bc21d222835cca5979,towel,Protecting furniture from water damage,,,,,
9b351f6560bdc1b33210,fork,Mini sculpture base,,,,,
53f92d0129cf0a101195,fork,Object holder,,,,,
e4bd4e4f337a71757fee,can,Material separator,,,,,
eaba4bf9fdc48cd7cf3e,fork,Wind chime component,,,,,
41fc3da0cbfb1c8e1531,can,Plant label,,,,,
ef57496384f4e9029584,book,Picture frame stand,,,,,
66f8a9a078f86a75c6e2,can,Measuring cup,,,,,
c1a45dce0cce20a85c1a,can,Wind chime,,,,,
9a48cafa5263d13a75d7,paperclip,Music shaker instrument,,,,,
3cba4e243379885a81db,fork,Candle holder,,,,,
e1d7298d183433207fa4,can,Seed Starter,,,,,
efb639312e541ef28eda,book,Plant Marker,,,,,
dd08b91892a3a9234364,fork,Craft project base,,,,,
9372d441fef42d6b9223,paperclip,Geometric art piece,,,,,
f75c0f83c3279557520f,towel,Protecting furniture from spills,,,,,
f982ec99f34e5d29dc44,book,Coaster,,,,,
d28f9892cd102079d6a4,paperclip,Plant marker,,,,,
26d8ffd548959895fa92,can,Plant marker,,,,,
0c1f0c08159e916fd031,book,Noteboard,,,,,
7873ff09be0810394e45,book,Paperweight,,,,,
6d8652cc08bd14157949,towel,Cleaning tools,,,,,
7c242964d73d540b800e,paperclip,Emergency belt,,,,,
2eccb17c6f75c281b217,book,Sketchbook,,,,,
9407d32e73703b9bcc1c,fork,Drumming instrument,,,,,
c996320911372e6153cc,can,Mail organizer,,,,,
e8798c422029f8eb5fb8,towel,Crafting material,,,,,
7f4fe6c923b1b087d296,fork,Desk organizer,,,,,
0d1ad0fd3328bd93e462,book,Prop for a photo shoot,,,,,
d7dc26df541c7df323f2,can,Zipper pull,,,,,
8a5a9bb82733bd9de831,can,Seed starter,,,,,
a73d2041f0add363b593,can,Desk organizer,,,,,
2f59c7a6849d5e609cf9,fork,DIY wind chime,,,,,
e1476640c05ddab75ca1,paperclip,Emergency fix for a broken zipper,,,,,
f4d67701eb3d649aa3bf,paperclip,Plant label,,,,,
fb47606c7441f95d319a,fork,Dog toy,,,,,
bb40cc0c6d535b113320,towel,Creating DIY photo props,,,,,
b740d9eb796557ccdb9b,can,Paint stirrer,,,,,
723f242f5c20e1fee83e,fork,DIY tool,,,,,
d1aea8113826f865baba,book,Gift for book lovers,,,,,
f1cb8e3b71265d257143,towel,Protect valuables from dust in storage,,,,,
362762f39c19b363f063,paperclip,Bookmark,,,,,
75b896056127cf6a1ef1,towel,Creating a DIY photo studio backdrop,,,,,
0f3733874e082cbb269e,paperclip,Crafting tool,,,,,
ad1570579be758eb83c7,paperclip,Wind chime component,,,,,
9b34a1df60f26008f4b7,paperclip,Pencil topper,,,,,
cb45dcbe612a4418d207,paperclip,Photo display aid,,,,,
f72d45b8f463564709a0,can,Candle holder,,,,,
7634c4f9e9fd9370de56,book,Coaster,,,,,
5732f2c58fdba908bda0,can,Musical instrument (shaker instrument),,,,,
54af5916f734a13491bb,fork,Plant label,,,,,
fe933bbdd132bd9f68da,paperclip,Cord wrap,,,,,
3d935a6efc5996ad7a6f,book,Desk organizer,,,,,
cf6ad51b77905881071e,can,Scent diffuser,,,,,
ea90b9745a83b60262e2,book,Coaster,,,,,
60d7f3c56fc1daee5061,can,Craft supply container,,,,,
b831e889aa617b536511,book,Fire starter,,,,,
664d685d1982032b809c,can,Plant marker,,,,,
9cd6b91cfecf50802ea8,can,Craft stick holder,,,,,
f1a443fe1a8868c6e2c9,can,Small shelf divider,,,,,
8f213cd435520cb6f5ae,paperclip,Emergency belt,,,,,
84e5ee6634bd0e5505b2,can,Cable tie,,,,,
cffd4279813daef7c6bc,paperclip,DIY wind chime component,,,,,
55e66a7c71588e6cca02,book,Coasters,,,,,
9b560123978550d0bc64,paperclip,Wind chime weight,,,,,
ddd844185f8ffc5042c6,can,Sculpture,,,,,
f0ae97beb7956c7ef180,can,Paint tray,,,,,
ab8373b12453398fd4ad,paperclip,Geometric sculpture base,,,,,
e859379604140fb444ae,book,Soundproofing material in a home studio,,,,,
0b1f557fd1bc716ea6a2,towel,Polishing metal or jewelry,,,,,
0b48a0c8578fed208176,paperclip,Emergency hook,,,,,
0f0615f22ab37e7370c9,paperclip,DIY picture frame,,,,,
59272dd59cf0a374e122,fork,Bookmark,,,,,
ea9b39311210fff6dfec,towel,Protecting furniture from spills,,,,,
96493c44232cc802ad90,paperclip,Plant marker,,,,,
1a51e928a2dcc1609522,book,Paperweight,,,,,
18b14ada8e798d288e66,paperclip,DIY picture frame,,,,,
7c98406810947aef151b,can,Picture frame,,,,,
996dd7a4ab55ffdf34c8,towel,Wiping down gym equipment,,,,,
8ed7364a84e83c1eda46,fork,Decorative accent,,,,,
e21c29666bf882c4697c,fork,Mini plant stand,,,,,
383e0ec6222421181a59,book,Coaster,,,,,
c8bfbb57587628f562b9,towel,Absorbing oil spills,,,,,
2e35516f2780b3040790,towel,Cleaning up spills and messes,,,,,
b428671fb112767aa9f9,paperclip,Plant marker,,,,,
47526cf9bbd4a190b616,book,Note pad,,,,,
d1fa534e945b7c1608e2,fork,Paperweight,,,,,
d470d8f4f7259fb4cb92,paperclip,DIY photo display,,,,,
55ca8aa2700cd11456c7,fork,Measuring tool for small spaces,,,,,
e50cc3b0b7e0aa4874be,fork,DIY photo display,,,,,
ca2aa48f99e4105a98db,book,Coaster,,,,,
cf7e6cb6d9812c965587,towel,Create a makeshift blind or curtain,,,,,
f4db397fc2c15c3430a3,towel,Beach bag liner,,,,,
bfdcea48482f2ea0ff09,fork,Pencil sharpener,,,,,
8c09c083d666f08713bc,towel,Polishing mirrors,,,,,
20a21e78ce28ee0ad8cd,paperclip,Keyring,,,,,
ccc2352d2b9cf7fde1d4,fork,Pencil holder,,,,,
cc0df975a62dcf8c809f,towel,Removing lint.,,,,,
cf2d75993d6de9f03709,towel,Protecting artwork,,,,,
5e74eaf3c31440e02e5b,fork,Paperweight,,,,,
df483d1cc5dad9bc1d07,book,Bookend,,,,,
8fa74291303d2fc376de,fork,Mini picture stand,,,,,
e2953b0e4a45db043f11,book,Weight,,,,,
7d6050763224f6468df9,paperclip,Label maker for cables,,,,,
7f6846608ca3aaf46387,fork,Prop for photography,,,,,
ae6db8423f131cc4be7c,towel,Cleaning windows,,,,,
ca4927777f430f95a640,book,Bookend,,,,,
111dacc98fe73150b347,fork,Measuring stick,,,,,
f577af566124f207fd51,paperclip,Plant marker,,,,,
063981199fedf3ad25b7,can,Pencil holder,,,,,
6b0aff044dee985c7a16,book,Paperweight,,,,,
bfc8598f8824652a19e6,towel,Quilting material,,,,,
79412e8b78ad058d1e0d,book,Trivet,,,,,
1bfd61166a110c16509d,fork,Mini shovel for small gardens,,,,,
a0d26faa7144697e5093,can,Wind chime,,,,,
478a9e2b135182bb8926,book,Trivet,,,,,
9e105ba16edda43e61d0,book,Fire starter in a survival kit,,,,,
4aa32a13390475571683,paperclip,Temporary repair for a torn page,,,,,
dfa776bd1a95e2243c16,paperclip,DIY picture frame,,,,,
d81756ca65577686d7d5,book,Desk organizer,,,,,
0e5e922bea70d3f459b4,towel,Drying flowers,,,,,
04075d9eeb4e80ad753c,paperclip,DIY photo display,,,,,
979e074be3cf1022fdec,book,Paperweight,,,,,
c00e8e6c805db5035bad,fork,Emergency bookmark,,,,,
684807b1d44d2fa9a345,book,Insulation in a picture frame,,,,,
d48adc7694cf75c60747,paperclip,Plant marker,,,,,
2437bf749bb3d1f7075b,paperclip,Finger puppet aid,,,,,
0377477c407192abca47,fork,Tool for mixing small amounts of chemicals,,,,,
c494cd54e36dbcf1a90b,fork,Mini planter,,,,,
0a35c36277d354759c9d,fork,Wind chime component,,,,,
eda3b0dcec26faa3d895,can,Knitting needle holder,,,,,
d931f0f440d1d70758da,can,Plant marker,,,,,
130c74dc8596817b9299,paperclip,Weights for a mini wind chime,,,,,
d40ee89f7081d2f82bb7,book,DIY craft material,,,,,
0e60796b22490002a740,paperclip,Cord organizer,,,,,
5b6880e17cde751967c4,fork,Windscreen for microphones,,,,,
01d3778e0cd409ac9968,paperclip,Photo display,,,,,
5bf8af95124ec74daf8e,book,Decoration,,,,,
a3c829ddda4da024f6f9,paperclip,Temporary fix for a broken zipper,,,,,
d1c62dc8004515b918ca,paperclip,Page marker,,,,,
2166b90d85454ac1bb07,fork,Paperweight,,,,,
fa1c23773c5b208f4a3a,paperclip,Geometric art piece,,,,,
ae3962042d7cabdc6e92,paperclip,Bag clip,,,,,
474650a2fdf9fd5a4e01,book,Decorative wall hanging,,,,,
3477f5d502c81e6b0e8a,book,Gift box,,,,,
e487adde9cda39cf69ad,towel,Cleaning between keyboard keys,,,,,
235aa7a4d04337120b2e,paperclip,Earbud cord wrap,,,,,
9d6d367cee87bab8536d,can,Squeegee,,,,,
0805e294d518e298a9d6,paperclip,DIY bird feeder hook,,,,,
c7d53519f0e99a32ff19,can,DIY picture frame,,,,,
39ad1b7d7c5e11f4597f,towel,Wiping down tools,,,,,
fa6f97a2ee1966623922,paperclip,Bag clip,,,,,
23ee632fb937dc68e612,fork,Geometric art piece,,,,,
de4c4d756b829f03d273,towel,Drying dishes,,,,,
1a9546e85c0bb6f76f51,paperclip,DIY jewelry component,,,,,
fd1e69530fd59ed83120,fork,Bookmark,,,,,
31a2856d78ded3eea55c,can,Ornament,,,,,
788601e5794bae6cfd92,paperclip,Temporary repair for a torn page,,,,,
737e51e0db6b9e9a432f,can,Drumming tool,,,,,
5df609efd6ed8a706ca0,can,Mail organizer,,,,,
ef4e4119a5db0b837c77,towel,Drying dishes,,,,,
fb8a358f7ba11e6359e3,can,DIY wind chime,,,,,
c2562103e1c6b8001131,fork,Emergency bookmark,,,,,
fe34d81e46d58760546b,towel,Pet bedding.,,,,,
bcc742af5e743d74e57e,book,Kindling,,,,,
48ab6a3cbf7c9126219a,paperclip,Zipper pull,,,,,
da11a751e54dfb3ff26e,fork,Cord organizer,,,,,
efd0cdd6e0109bbd587c,towel,Protecting tools from rust,,,,,
4e10ff52a0dbd8b4f2ef,book,Desk organizer,,,,,
b518c9d073f823ea1e96,book,Bookmark,,,,,
a79d51ebb9c8c44c54b7,book,College dorm decoration,,,,,
fe904417c92076003340,towel,Polishing silverware,,,,,
8f96c0edcec34eacccd9,paperclip,Mini bookmark,,,,,
fc48af458c8f83330e46,fork,Bookmark,,,,,
12252666e1d1ca8c2999,can,Squirrel feeder,,,,,
59609179d66ff9d91e82,book,Paperweight,,,,,
75db9237e1e05956c86a,paperclip,DIY photo display,,,,,
53ff2c274bd94382d450,fork,Sculpture material,,,,,
d89cae1de45db73e7348,book,Coaster,,,,,
afcd43c127640af034c0,book,Place card holder,,,,,
b99138c1be5fa5dd07db,fork,Zipper pull,,,,,
cc6d96cd409403b927e8,can,Plant marker,,,,,
2ef3171ab27b351c72f0,can,Cord organizer,,,,,
353e2eb50e3ae227c466,paperclip,Emergency cord holder,,,,,
16e638242cd0f3262e2f,paperclip,Mini sculpture base,,,,,
bb0f172a1bf107169b9b,paperclip,DIY photo frame,,,,,
9cde3029f0ebd2c9b102,book,Picture frame,,,,,
a87e36b609121f1a78e5,book,Prop for craft projects,,,,,
af0f79141a9c7fef5b4c,fork,Candle holder,,,,,
4c4570c445e56f7cc892,paperclip,Plant marker,,,,,
27203f157aff7f299ac5,fork,Picture frame hanger,,,,,
f0001e18f2eeec3a9603,fork,Prop in photography,,,,,
ea09e340fd9d5ccf592e,book,Desk organizer,,,,,
de7133b1d6e57e601d06,can,Geometric decoration,,,,,
6039a97f77bbea89357a,can,DIY picture frame,,,,,
ab106f5b28e53c94c09c,can,Bookmark,,,,,
d5d817db9968e4a2f0dc,can,Birdhouse support,,,,,
a8ece5b909c5878a8bfc,can,Wind chime,,,,,
768ba3c19dd98db8827f,paperclip,Picture frame hangar,,,,,
c35f02ce10031194cc00,paperclip,Cord organizer,,,,,
d0c3df84dc0554382c74,towel,Wrapping fragile items for moving,,,,,
c56792e0ec090a8571ec,paperclip,Wind chime component,,,,,
c79f8425525e78ce2f8c,book,Plant press,,,,,
18e6f6a0ad55caeaa825,book,Trivet,,,,,
535bb96536d174a7cf8d,book,Paperweight,,,,,
a0d74defc34e07ac7be5,book,Protective cover for a laptop.,,,,,
0799a6bbf3f89fe2ba76,paperclip,Cord organizer,,,,,
dd7d3c32680b2bf2a800,fork,Photo display stand,,,,,
bfda916f7a05c1befee9,can,DIY wind chime,,,,,
d1444f570ac08d1aa559,paperclip,DIY picture frame,,,,,
a951fcb16307446c2973,paperclip,Bookmarks,,,,,
e49a6c372d22b55f393c,can,Desk organizer,,,,,
64d79256a584c5cd74ae,paperclip,Plant marker,,,,,
8b8766f5ed5445992c52,towel,Creating a tie-dye effect on fabrics,,,,,
8af9644249f7ad536826,towel,Dusting hard-to-reach areas,,,,,
c59d5317e2ad40c5705f,towel,Cleaning electronics,,,,,
46e6e340ff4b2614e532,can,Candle holder,,,,,
584a8e2d0fb758109ae0,fork,Macrame project material,,,,,
3d6823d8dbf923989641,fork,Bookmark,,,,,
67214519574cb0d00e3a,fork,DIY craft project material,,,,,
2cb0dca231e5ea4387e5,book,Leveling tool for small objects,,,,,
1f62abcc9c6aab47a056,fork,Pencil rest,,,,,
2c86d2fb4175d54d7985,fork,Paint stirrer,,,,,
fe8aec68b84b517e7789,book,Fire starter,,,,,
a64ff4d98c76a28018d9,book,Paperweight,,,,,
c075e7c1afba2dfae710,towel,Absorbing oil spills,,,,,
534c639e7001a03a8141,towel,Dry dishes.,,,,,
52c5e15c2f74e0788116,towel,Photography backdrop,,,,,
5f556a8eda93f0aad97b,can,Windscreen chip remover,,,,,
a2033677226328d8b56e,can,Wind chime,,,,,
8241245001693a9c427d,fork,Mini shovel,,,,,
04f10e30c5eb6741a422,towel,Baby burp cloth,,,,,
e95e75b0596fdcbb7bfc,book,Decorative item,,,,,
6d1b896472a368d61693,can,Bird perches,,,,,
13da252bea515cee36c5,paperclip,Photo display aid,,,,,
9ee113d3e0768607abd0,towel,Pet grooming,,,,,
98c94eba8a5c0ec8764b,paperclip,Geologist's sample holder,,,,,
d500bd016f5a251a6f2c,can,Bag clip,,,,,
42648e0192033db8f9fa,towel,Cleaning windows,,,,,
148db9491082dee6f3ed,towel,Removing lint from clothing,,,,,
ba19949d1d4331445189,towel,Protecting furniture during painting,,,,,
a8f59947c50c371636a2,book,Insulator for a cold surface,,,,,
1f0cb3e9435bb84188b9,can,Mini planter for succulents,,,,,
4a7ef70c471048aabab9,book,Patterns for DIY crafts,,,,,
57024a095d20ea57df34,paperclip,Emergency cord,,,,,
6e6bd847b79990950566,towel,Improvising a bandana,,,,,
19bad47309a07ca423e2,towel,Picnic blanket,,,,,
9919bf927314e27d341d,can,Paint palette,,,,,
f1892a0d7fa79ee98711,can,Plant marker,,,,,
7d48564c5568b918b2df,towel,DIY craft material,,,,,
b32b9ace4359a1770c84,fork,Wind chime,,,,,
9965c83d07b85d369d47,can,Cookie cutter,,,,,
b1938d245926de4ce781,fork,Desk organizer.,,,,,
def378d02647969a8595,can,Picture frame,,,,,
4a68c546ee71b8aa8349,book,Fire starter,,,,,
e93649ceee8fd457ed08,can,Drum set,,,,,
28b57b65ae8e010a63c0,fork,Sculpting tool,,,,,
5108aef5dbc51c5efba5,fork,DIY wind chime component,,,,,
de49b2e630a4d44dd798,book,Book as a musical instrument (sci-fi setting),,,,,
4593ab502bb36816172f,can,Picture frame easel,,,,,
300a1b0de87da6b0fd2e,towel,Dusting furniture,,,,,
a7238cc79a01099ec03d,can,Paint stirrer,,,,,
a43680fee24a735aff00,towel,Dusting cloth,,,,,
cfac7f71c5c07a6689ad,towel,Creating a DIY photo studio backdrop,,,,,
c5d6e00603a330946a64,towel,Cleaning up spills.,,,,,
d53a203324ac00e2bd3b,book,Paperweight,,,,,
b35905211f9a8682945e,towel,Wiping sweat,,,,,
b7b1034f3bcdb439bc13,fork,Pipe cleaner or wire straightener,,,,,
781fd87586aaeaaac990,towel,Wiping sweat from exercise equipment,,,,,
9413b55b405ccfa3de01,fork,Display stick,,,,,
5743401b50bba58d6bd4,book,Photo display,,,,,
b5f67974a96dd0fa09a0,fork,Picture hanger,,,,,
d1990f9205ec9eb31b3c,can,Plant marker,,,,,
9188e90ba862c7e39fdf,fork,Coat hanger,,,,,
11cd1761d24974d20ae8,paperclip,Emergency cord,,,,,
d43008e4e2e8c7f0cb52,fork,DIY bird ornament,,,,,
85efa842bfbd8d5af1b2,fork,DIY wind chime,,,,,
af27438b188923d411a8,book,Insulation in a craft project,,,,,
79eb81d01240bed3a95c,book,Coaster,,,,,
c7386f8f25bbd9493558,paperclip,Temporary fix for loose pages,,,,,
23143904c00585d85c89,fork,DIY photo display,,,,,
b4626e824ae5f82a6795,can,Birdhouse,,,,,
7b6e9756ec4cb7a35eba,book,Splash guard,,,,,
2d167c050352f0a0c005,book,Base for a candle,,,,,
09312c0f2cd1bbc39ecf,book,Coaster,,,,,
4d5c7298bebca285136c,fork,DIY photo display,,,,,
83d0d6540ec57a76b55d,towel,Drying paintbrushes,,,,,
8a125bac226ce59de75d,towel,Crafting material for making decorative items,,,,,
25e5b80c5db04a7584c4,book,Coaster,,,,,
e0779df40b8ab7b9abfe,towel,Dusting surfaces,,,,,
c0a8c7d31a964daeca53,fork,DIY photo display,,,,,
eb198b852c4efc2973e0,paperclip,Cable organizer,,,,,
26b2f603403c59b6cd77,fork,Pencil holder,,,,,
bd29e56498594b60d5fb,paperclip,Temporary fix for a broken zipper,,,,,
f6270ac9b40cc572321a,towel,Removing scuff marks,,,,,
a564d9d8965596cbf1ea,paperclip,Crafting material,,,,,
23f382caab3c95625d87,can,Bag clip,,,,,
3f75689bb18d40fc554c,paperclip,Bookmark,,,,,
3af0f6c4f9bbf167c136,book,Coaster,,,,,
9a044dd0db131a7fd792,can,Scraper,,,,,
744fb542ba3c6780fc63,can,Candle holder,,,,,
ff6684470818be851cec,towel,Dusting delicate items,,,,,
1bd84347e8837b6d9d48,towel,Pet bedding,,,,,
0be867a47ebb5a839045,can,Sculpture base,,,,,
5efe1c87108c5aa4fa94,book,Prop for photography,,,,,
f0eb64b087bedb6a7239,towel,Pet drying tool,,,,,
4b39ac6e69e219bcf54b,towel,Insulation in cold weather,,,,,
a8029efe95a3092e016a,book,Place card holder,,,,,
c02e2bb02c8894827b34,fork,Plant label,,,,,
6d08449d8cd69a2dcaf6,paperclip,Mini bookmark with a note,,,,,
646f71430a84d0ccd8ff,book,Bookmark alternative,,,,,
f8b3fb6c6dc28081db24,towel,Cleaning golf clubs,,,,,
68ba54315b6274bf850a,paperclip,Wind chime component,,,,,
54f55726b5a22293a1c5,paperclip,Plant marker,,,,,
373f30264b6043b972b1,fork,Plant marker,,,,,
b7cb55a8d495d30ac44a,book,Gift for a book lover,,,,,
232bf22be1bccf73049c,paperclip,Keychain,,,,,
4af4bc07d423cd288995,can,Geometric decoration,,,,,
0d1f4c8d29b43eb1b221,can,Gardening tool rest,,,,,
575078a164539f5f0c9c,can,Desk organizer,,,,,
b927bf48070167c1723f,book,Bookmark,,,,,
073d663e43945039fdb3,can,Pencil holder,,,,,
7d32ea2fcb2d0adde50e,towel,Tablecloth,,,,,
4bfd4c5732db43085776,paperclip,Headphone cord organizer,,,,,
2d5e8d3c9781399a6fe1,book,Gift for a host,,,,,
36dd5c3e0d2bbc8296e8,fork,Pencil holder,,,,,
ef7e44ba0f5de0221dac,fork,Measuring tool,,,,,
8ad890b7330ff6633dc4,paperclip,Zipper pull,,,,,
f305bcfa8c05bfda96a3,fork,Picture frame stand,,,,,
95d690460c8ab07addcc,fork,Emergency self-defense tool,,,,,
fcb042afd601dc9df70b,book,Photo display,,,,,
894cd596bb20c7ead179,towel,Improvising a drop cloth,,,,,
c0a45c735ca6e916f3e7,can,Photo prop,,,,,
d1e636ac100a9733dcb9,fork,Bookend,,,,,
9bbcdbf0966856ec677a,paperclip,Emergency cord or tow line,,,,,
d0cb51a13343d8888518,towel,Cleaning makeup brushes,,,,,
8793e29d8d117818e4aa,can,Plant marker,,,,,
5888930a36600296a088,can,Plant marker,,,,,
3ee4f0ae72c8c076a97a,book,Paperweight,,,,,
63095e962df6b0fabd6b,fork,Craft tool,,,,,
92aeda811c77de2b8d7b,paperclip,Emergency bookmark,,,,,
7932842d7ebd15deda47,paperclip,Mini bookmark light,,,,,
6d5aa9d1c0ee66974714,towel,Cleaning car surfaces,,,,,
b4eafc06777e1b30a8c2,fork,DIY wind chime,,,,,
67fbff526ae5e79689a7,towel,Wiping down surfaces,,,,,
2aad75e30789c7001b34,paperclip,Zipper pull,,,,,
0fa753e4592e97b4a92b,fork,Mini toolbox organizer,,,,,
55ce68ef369a4e135f61,paperclip,DIY ornament,,,,,
3e08a3907a927271bd4b,fork,Desk organizer,,,,,
93c7995131a13517178b,paperclip,Cord organizer,,,,,
2b1dd0e4a66c3fcbbf83,towel,Polishing metal,,,,,
3870a82e3fdad3e77ede,paperclip,Plant label.,,,,,
7f9a2d72b9eb6b53fdeb,can,Painting smock tie back,,,,,
68a77e7043376573bcf8,paperclip,Plant marker,,,,,
ea9256e3e602a91e89da,book,Paperweight,,,,,
1e1fe484fff37897f67d,towel,As a dusting cloth for delicate electronics,,,,,
ba71daff8f07f3e7eb8b,can,Mixing spoon,,,,,
04129115c40a0a67c28d,book,Weight for hanging curtains,,,,,
f52ce63581ec7973f679,towel,Dusting furniture,,,,,
2277f80209e919eff35f,can,Bird feeder,,,,,
a5814491e48747101d92,paperclip,Photo display,,,,,
fef029ee3e77a71b2637,book,Fire starter,,,,,
3c170d3057ad1784e208,towel,Pet cleaning cloth,,,,,
0a46f4b536cf8e5bf716,paperclip,Wind chime component,,,,,
956bf36e0ca3ff7a1f42,fork,DIY coat rack,,,,,
718009f680e65b9c8a14,towel,Dusting cloth for electronics,,,,,
10f55ced2f343a499b3d,can,Plant marker,,,,,
1832de667d99499f7b76,paperclip,Plant label,,,,,
72bcb69ee6868d07b836,paperclip,Pencil holder,,,,,
0c33dc161989f08e51b2,paperclip,Wind chime component,,,,,
f2b504ceb5ebddc22874,towel,DIY craft material,,,,,
3140614669b1b3a245c5,towel,Lifting small objects.,,,,,
d60158693d04af6e09f9,book,Gift wrapping decoration,,,,,
5195ccddb5269aa17390,fork,Picture hanger,,,,,
654da745df7091276129,towel,Scented drawer filler.,,,,,
c65b79b4272759519ab9,can,Waterproof container,,,,,
84d933abf01218365313,paperclip,Cord organizer,,,,,
f609d27f2520882af925,fork,Chisel handle,,,,,
de3c10cbcafbb11396b7,book,Kindling for fire,,,,,
63656f7d75516facad26,fork,Paperweight,,,,,
eeed523ff3ee095b294b,towel,Dusting furniture,,,,,
14c742d6fd6bcdbed9c6,fork,Emergency screwdriver,,,,,
1ea1658bd13083e757d6,fork,Sculpture material,,,,,
d5f0460eb682bd299267,towel,Cleaning up spills,,,,,
2f4e27c1d4a03e6e1ed3,towel,Emergency blanket in survival situations,,,,,
7f13f2d7a2a1402a070d,towel,Drying plants after watering,,,,,
3c9eef87717726b93117,fork,Measuring spoon substitute,,,,,
ac7327254f8f2aa16408,fork,Pencil holder,,,,,
602c382280980e28ff72,paperclip,Plant marker,,,,,
b7d9e4185a1a672503c8,towel,Wiping down gym equipment,,,,,
d06eac9279c5deb4c0d0,can,DIY bird feeder,,,,,
d4045a2e57d6d9de418b,fork,Measuring stick,,,,,
4725603d4495e87ec909,towel,Polishing metal objects,,,,,
5dfb986d6d0ba933d948,book,Plant press,,,,,
d6c359ff6abc554ea3d1,towel,Painting drop cloth,,,,,
e9a96b522a02275260ac,towel,Clean windows,,,,,
29f28d56052dbe640cb3,can,Desk organizer,,,,,
f95169091b4b20def5a0,can,Scented sachet,,,,,
044f7887a6e0ff1f7d3b,paperclip,DIY jewelry,,,,,
ef66f4209ef179c86fe1,towel,Yoga or exercise mat,,,,,
c3998585d80e2bc81d6a,book,Coaster,,,,,
3d57b029c76c9bd54348,fork,Sculpture material,,,,,
a4be3c2c0c356498ebac,paperclip,DIY jewelry,,,,,
f3fea0165de1bc68603d,fork,DIY picture frame,,,,,
c58ef6b2db6f1661a7c3,towel,Pet bed,,,,,
caa335d74acac626e4cd,towel,Wiping down kitchen counters,,,,,
2063c45bc2e0abf9fb05,paperclip,DIY photo display,,,,,
b2f76a5c05f67e81729f,towel,Painting cloth,,,,,
01e7e9a2d23aaed24bd5,towel,Protecting floors during painting,,,,,
fad643f4b3ff31170e00,paperclip,Plant marker,,,,,
4ddb12ea0c7ac008f2e5,paperclip,Fishing lure,,,,,
bc5d16f2727ff55a704d,towel,Dusting,,,,,
9ed2609ebc4c4ab82f40,can,Doorstop,,,,,
c9a606bcfae6890014d5,paperclip,DIY wind chime component,,,,,
5d14be63db4a83ada170,can,Gift tag holder,,,,,
ca58982127b96540c6c8,book,Paperweight,,,,,
b032d64706f76412eb72,paperclip,Cord organizer.,,,,,
434dee6c93f29c05eaed,book,Gift box,,,,,
c7175c398dbd34928080,book,Paperweight,,,,,
12f6e940d33b99f5b5a2,book,Bookmark,,,,,
41ffa18b467538a5300b,fork,Wind chime material,,,,,
bdb181948661cafa0f30,book,Book as a desk organizer,,,,,
ec1f115c57148f413c94,towel,Cleaning car tires,,,,,
39180f9e2a0542a62969,paperclip,Picture hanger,,,,,
e101d4eeaf0952ddb572,can,Picture frame stand,,,,,
4a34d1b189d8b8c42ae7,fork,Plant label,,,,,
de57330f58220bf689c9,book,Decorative centerpiece,,,,,
6d53eb326d16eeb0d97d,fork,Emergency screwdriver,,,,,
cebb29afe963f9d10c4c,paperclip,Holding together a broken picture frame,,,,,
8dfc4844265cb13d3546,can,Pencil holder,,,,,
3333515434d648a502eb,book,Sound absorber,,,,,
61bca3d1a757044ae07c,can,DIY bird feeder,,,,,
dc44579363dfb42c0888,fork,DIY picture frame,,,,,
9d4c885c4d0097debb27,towel,Wiping down tools,,,,,
7dc39e01ba2dac5c1b96,fork,Decorative wall hanging.,,,,,
7fa00b73cdf59a1e6aab,book,Trivet,,,,,
a106e62255b1b430f1d1,paperclip,Cord organizer,,,,,
81016d6c98b88f975161,paperclip,DIY picture frame hanger,,,,,
294496dae92d7a5feb01,towel,Emergency blanket in a car,,,,,
9e1e0ffdd496bb4ac0aa,fork,Paperweight,,,,,
2187bbaece678589ebdf,fork,Display stand,,,,,
e1a560688b2f344ef1b2,book,Weight for heavy objects,,,,,
2fccc75bf3f422117fa3,towel,Dusting cloth.,,,,,
c1da4026263fa3e4b201,paperclip,Temporary fix for broken zipper,,,,,
a2b147217e6db086fb99,can,Wind chime,,,,,
bb5b58ac20bfd85e9538,book,Wall art,,,,,
20d7da25f708a0987d82,can,Pencil rest,,,,,
54c3ee05084c327c842f,towel,Cleaning up spills.,,,,,
6958ab536794e16bfa79,can,Wind chime,,,,,
6a1306451c2d5ed7f38a,fork,Wind chime material,,,,,
141456d6f060fa0cc59e,paperclip,Emergency bookmark,,,,,
331c3cdd69adab25bf1e,can,Bird feeder,,,,,
4197cc4ab9f4b757835a,book,Bookmark for a different book,,,,,
6bc4960efd2cef8ad8ac,fork,Sculpture material,,,,,
fef677024fa972e24db2,towel,Dusting furniture,,,,,
c9000b82ea67f431d5f6,can,Desk organizer,,,,,
97e0d8d5c55c89a2fd02,towel,Cleaning makeup brushes,,,,,
ae6e910d4a80b2219c9a,towel,Cleaning windows,,,,,
2d65025d9f5ea885117e,fork,DIY craft material,,,,,
c8a2354cef6402b7333f,can,Wind chime,,,,,
ad55a3e2bb85bcce3f30,can,Candle holder,,,,,
35360df367468492d7fd,can,Musical instrument,,,,,
d8d16d219576e0c84e9d,can,Plant marker,,,,,
240db3c2222820bc9a76,paperclip,Plant marker,,,,,
176020670eb48461ee16,can,Timer,,,,,
8cc76aa7e1a327750449,towel,Drying tools,,,,,
5afd07bade6a567e515d,paperclip,Craft holder for small items,,,,,
db42c842529d5570f73c,fork,Pencil holder,,,,,
c19bfdc8b96eeda2053c,book,Backing for a picture frame,,,,,
36ebf11a472a3c854e1b,fork,Measuring spoon substitute,,,,,
c399a5debde74213b5b3,fork,Letter opener,,,,,
fcfdb7bfacd0e48e37e4,fork,Letter opener,,,,,
1c413c78394835c70aa3,towel,Camping ground cloth,,,,,
139baa74ce5dfe59e81c,fork,Temporary cable tie,,,,,
9573109dde92b9cb7f26,fork,Adze,,,,,
60743e0798ee232bda1f,towel,Drying delicate items,,,,,
c923590036a17e06ddd9,book,Painting palette,,,,,
7833ef886501c3a52414,can,Drum,,,,,
e38773622877aee0bee4,paperclip,Cable management tool,,,,,
a28874602c19d1d9ed25,towel,Cleaning jewelry,,,,,
e118bdfe05d40e5746b4,book,Bookend,,,,,
b0543918c8ee05a018b7,can,Craft project base,,,,,
36629f67437bfae82fcb,can,Book prop,,,,,
9cced5224ea889c13279,can,Wind chime,,,,,
9611673d08f909266518,can,Bookend,,,,,
256cca523746d271281f,towel,Creating a DIY apron,,,,,
3bbd20990076bb31438f,towel,Cleaning mirrors,,,,,
1e638fefff54fedd827b,towel,Lying on the beach for a makeshift picnic blanket,,,,,
8cdc9f7ea596ba19cf3d,towel,Outdoor impromptu picnic tablecloth,,,,,
5b5efb17b81d22d154cf,can,Fire starter,,,,,
b5a4157e182540fa6728,paperclip,Emergency fishing hook,,,,,
684cf03d28db7115e680,towel,Removing dust from electronics,,,,,
b2c2a9a8fae063750a6d,paperclip,Mini magnet,,,,,
2eb8cf8ee088cc6aa340,towel,Dog washcloth,,,,,
3c996af2f5688bb0a4dd,towel,Sweeping floors,,,,,
c740eb28b27c4047e638,paperclip,Cable tie,,,,,
735bf47c7c7b922e7284,fork,Potpourri stick,,,,,
bac0e71ea205d119a208,fork,Photo display,,,,,
8e50362b264520f90fde,book,Packing material,,,,,
c960b9a678657e6eda18,towel,Protecting surfaces from spills,,,,,
487740c1b76e0c7aff55,can,Wind chime,,,,,
9837c18ae2f21b10fe7a,can,Plant marker,,,,,
707150efb2dfb4f902a4,book,Journal,,,,,
b53620546b45f1e2305f,paperclip,Plant marker,,,,,
e26c50d483ea186458ec,book,Coaster,,,,,
5fa44e1796f23e9b4406,book,Desk organizer,,,,,
0cd48314f17115c4f55b,can,Cord organizer,,,,,
42c825b0d5ff121869c1,book,Fire starter,,,,,
4fe73abafd058f766be2,fork,Plant marker,,,,,
fd4ae328662a29db675f,paperclip,Bookmark.,,,,,
94e1158fbec898161dc4,fork,Stirring spoon,,,,,
df5ee9cf639cde47297a,fork,Bag tie,,,,,
9c28d561bc513fc27cde,can,Sill support,,,,,
94f53ea1afe0834c54eb,towel,Dusting furniture,,,,,
b996bd9f6b6eb877a425,towel,Polishing car wheels,,,,,
ca56807d99a985516a24,can,Seed starter,,,,,
488cfe9c8b274819e37f,fork,Stage prop for a theatrical performance,,,,,
de49c9cb210037c7705e,can,Wind chime,,,,,
917bedd513fe286d5760,book,Placemat,,,,,
f20fe4e734594dcdf0f3,paperclip,Plant marker in a garden,,,,,
160f85bb0d4fa3dc6cb6,book,DIY craft for children,,,,,
eadafae692174b74dfce,paperclip,Cable organizer,,,,,
4c52dce02cea49d18f66,can,DIY photo frame,,,,,
a5e96bdb145a33e83d2a,can,Natural birdhouse,,,,,
cf21af672f2de4ee252e,towel,Making a drop cloth for painting,,,,,
b7dcaa53fb75ade60527,paperclip,Photo display,,,,,
840ce9503bd555178321,fork,DIY painting tool,,,,,
85a50b9e581147b669ef,fork,Prop for a plant,,,,,
3fff38737f259b8dee63,towel,Absorbing spills on carpets,,,,,
3cc75b3616d7e709c894,towel,Polishing furniture,,,,,
3aa3d8365446bf1105c2,book,Paperweight,,,,,
f6f5b394da3167bc9874,towel,Absorbing oil spills,,,,,
f5e5ad855f1022ff6e8f,can,Wind chime,,,,,
184e00ad895b06785b09,fork,Measuring tool for small spaces,,,,,
ef67a179f236cb561276,towel,Pet bed or blanket,,,,,
88e54120d0973bdd610f,book,Decorative wall hanging,,,,,
ddb857cb82746dcca6c6,fork,Photo stand,,,,,
94ae5c9f898a23412257,can,Spatula,,,,,
bd5af045d8168f7e83bc,towel,Removing stubborn stickers,,,,,
6add53b182a77db28b16,towel,Cleaning mirrors,,,,,
bd24666a22dc14ddf067,paperclip,Curtain tieback,,,,,
2b13b1f740027f08a69f,paperclip,Temporary fix for a broken zipper,,,,,
44c50ff665a81f7da417,fork,Plant label.,,,,,
d55a573e8918802cff0c,book,Fire starter,,,,,
929e68f46540403728e7,fork,Bookend,,,,,
9bbf8410cb37b7f1668d,can,Plant marker,,,,,
ba262a4f20093ebae4ef,towel,Cold compress for minor injuries,,,,,
1bb1aa7829a7bd877183,book,Desk organizer,,,,,
da7ce13c47a72b36337e,book,Wall decoration,,,,,
6ec5b83948e574364733,can,Scented sachet,,,,,
0562cf5c9a74d51193a2,paperclip,Plant marker,,,,,
c3c00981897e4498ef8d,book,Candle holder,,,,,
84a1b9e004dc6f7f37e6,paperclip,Bike accessory holder,,,,,
b80c86d2557f1518d5ee,can,Plant marker,,,,,
6103a81e0c1408f8d01b,fork,Pencil holder,,,,,
a09fab58e8339e1155c5,fork,Potpourri holder,,,,,
f7a4e55f0764835cfb1c,paperclip,Magnet holder,,,,,
5ac6f43b102043428fd9,fork,Plant label,,,,,
ff754062e153437695d3,can,Paper plate stand,,,,,
88fd4e783fff2dd4b659,book,Photo display,,,,,
f9ddd77dd4879dcb5ad6,book,Decorative item,,,,,
b778234b6c486a8ca53f,towel,Cleaning spills,,,,,
c8c3a9ec95b3ce6c66ed,paperclip,Plant marker,,,,,
f3fb0a4569d14141a47b,paperclip,Cord organizer,,,,,
371fa355e5d85a8b7067,fork,Candle holder,,,,,
0309cb85ad58ef556416,towel,Wiping down tools,,,,,
6efea10ce3a04ca36edc,fork,Photo display,,,,,
223cf37a0985bc7ea29f,towel,Wrapping fragile items,,,,,
2241f119bb4bdec56c7d,book,Book as a sculpture material,,,,,
30f2be567a0a1ac45ea3,book,Decorative wall hanging,,,,,
99d2558d3e6d28d7568a,towel,Picnic blanket,,,,,
a89c69b8d64440fe8d8a,can,Bird feeder base,,,,,
b76bb80e78cec062b2c1,book,Bookmark,,,,,
7a1f24378f97fcb53d9c,paperclip,DIY jewelry,,,,,
c3f0ada13a207d9425d3,towel,Polishing metal,,,,,
eae1ba08f0abe565abd3,can,Plant marker,,,,,
8ad58ded17e13e8908ab,towel,Drool cloths for babies,,,,,
bb51608c7472f3abb007,can,Dish drying rack,,,,,
c011e8c022016c900bf1,can,Birdhouse,,,,,
b3de97a1e4cd1196d27f,book,Gift wrapping,,,,,
a4dd428b80bed05c943c,paperclip,Mini clothespin,,,,,
8b920ffd7bce671f96d6,can,Wind chime,,,,,
3b2e780c3e0324ec3ee1,towel,Pet drying,,,,,
42311077a41031f556a5,fork,Measuring stick for small objects,,,,,
cd34e2521c9fe28252e8,can,Robot arm component,,,,,
ec5aafe0658765bcecb5,fork,DIY wind chime,,,,,
5021057273ae89b18766,book,Fire starter,,,,,
71a98c3893507e8815ea,paperclip,Wind chime component,,,,,
fa305d6bfde5cf044b76,fork,Bookmark,,,,,
b40bb7ca8820c1633bfb,towel,Crafting material for paper mache,,,,,
12d10b0d00067c5e85a2,book,Planter,,,,,
acd1c04c47ab46830215,fork,Zipper pull,,,,,
773573182d4f96ff27cf,fork,Plant label,,,,,
e8831d50a30a8a2ecb55,can,Candle holder,,,,,
0e8da79aefd2e31fcf27,paperclip,Bookmark,,,,,
b8fe77621777a3380928,fork,Pencil holder,,,,,
8eeadce4195b975d890a,fork,Bookmark,,,,,
d3d50ef07dc3934b008e,towel,Dusting surfaces,,,,,
92e2d6f332477b06fd3c,paperclip,Plant marker,,,,,
7b1ea761e5b4ebd9a882,book,Photo album,,,,,
191827ea9643ff17fd1b,towel,Removing lint from clothing,,,,,
cd17a2729142721b2455,can,Desk organizer,,,,,
ff545a16dcad9b37326c,book,Photo prop,,,,,
af37e0287ad624db394e,towel,Drying paintbrushes,,,,,
5275ea11fa3612b22c55,fork,Drumstick for homemade instruments,,,,,
025e10356367c7289118,book,Plant marker,,,,,
959af8c62d961ca446a6,fork,Picture frame holder,,,,,
ee2470bd7dbe72b5b653,paperclip,DIY photo frame,,,,,
50e31c4923dc0698b51f,can,Bookmark,,,,,
fe609d58f5005f18a2f2,fork,Bookmark,,,,,
c328d988157d14dd9ae0,book,Desk organizer,,,,,
6bdd52b89093b9e8a815,towel,In crafting as a base for collages,,,,,
02c15e8c3b761195e4fc,fork,Pot lid lifter,,,,,
5b50a4fe9ae151cace3d,towel,Geology sample container for storing small rocks or soil,,,,,
72d90632410688596594,can,Stool leg,,,,,
bd7bef7255799868ed38,paperclip,Bookmark,,,,,
da2aa7b57e7bf442f6af,paperclip,Temporary fix for broken zipper,,,,,
09e027e3780dddc5ca2f,towel,Cleaning spills,,,,,
3a35aee188d59a843437,book,Photo display,,,,,
cf2a526a5d71cec8d59d,fork,DIY photo display,,,,,
653849ab6dda20d77971,paperclip,Temporary fix for a broken zipper,,,,,
4bbfafdaec39b8666a09,book,Art project material,,,,,
aaa5a691eb55ca4fd596,book,Prop for theatrical performances,,,,,
0e1679d68bd7aa2efafb,book,Bookend,,,,,
5043d511f6d100d505e2,paperclip,Emergency paper weight,,,,,
df704424d5a8f6b71cb6,can,Candle holder,,,,,
66371aea9fe1dfd284f5,towel,Dusting cloth,,,,,
86d11f0e074c4526a980,towel,Supporting a broken limb,,,,,
690352191c832b82a091,towel,Creating a DIY dusting cloth.,,,,,
f781b07f1e23ae0f3f59,can,Potpourri container,,,,,
a810bcec80edf37764eb,paperclip,Plant marker,,,,,
3204c14e5f9d2c836778,can,Pencil sharpener,,,,,
735eda7942f60a6bea31,towel,Polishing mirrors,,,,,
cd690d360c361e61a9ea,can,Potpourri container,,,,,
7d1b5f54508983d8f54b,book,Weight in a potpourri jar,,,,,
538adc30a63750dde7f4,fork,Stabilizer for delicate items,,,,,
8c6565a6f22110d22bf9,can,DIY bird feeder base,,,,,
4bd2043df079cd12949d,fork,Picture hook,,,,,
b94ef2e64032e987a423,towel,Cleaning windows,,,,,
30acb0a9e844ffe1f531,towel,Clean car mirrors,,,,,
4dd405ecac4c949c9912,towel,Dusting furniture,,,,,
0c8757a7ae72b8e7e3ca,book,Prop for photography or film,,,,,
6de695d9f4b1cca9adef,paperclip,Mini clothespin,,,,,
deeb18e11edbd4a649cc,book,Menu holder,,,,,
e53a3d919ea3c4d52f2f,can,DIY bird feeder,,,,,
0409d0cc45d920fd067a,can,Paint stirrer,,,,,
e8f364a5bf21d9d824f2,fork,Sculpture material,,,,,
a35bd97a83aa957dc92a,book,Plant press,,,,,
287ebc76296058f06480,towel,Pet bed,,,,,
39e61f03b5ace1a68a5b,book,Sound damping material,,,,,
1ccdc8bf8c08bd8f61b6,towel,Storing small items,,,,,
1f37dff63e0fe241c042,towel,Drying tools,,,,,
8714c4cd3ac9954e5b25,towel,Crafting material,,,,,
70f8be191779b3410ab2,can,Cord organizer,,,,,
baa8c4bbbe3d49b11422,towel,Drying paintbrushes,,,,,
fbb0ad6dd5d7991df031,paperclip,Bag clip,,,,,
aec17408dff4eb2f33dd,can,DIY drum,,,,,
6a231ff489274e59d6e4,paperclip,Bag seal,,,,,
d5eb75e45d9b93f34313,fork,Wall anchor,,,,,
7778baa42cb3ab6d9127,book,Bookmark,,,,,
24f42494c2118f0e2699,book,Planter,,,,,
feb507d5882719d8a7ee,can,Drilling guide,,,,,
dcae8f0424d427828311,fork,Picture frame stand,,,,,
ad7c681499b0b68bbc80,fork,Time-lapse photography prop,,,,,
29c2e25a10a80ae61811,fork,Picture frame,,,,,
a111bc44f6cb5ce143e7,fork,Wind chime,,,,,
4b2a6b83e80f949c0d53,towel,Gym mat for small areas,,,,,
7ff9971e889d0d8ddc50,paperclip,Emergency fix for a broken earring,,,,,
a148ab08c78300056af2,can,Scent holder,,,,,
d4355e5611316a9680cd,paperclip,Temporary fix for a zipper,,,,,
cce6067bd06dbbe7464d,towel,Cleaning spills,,,,,
25304eb6a187bae31e39,can,Small planter,,,,,
bfcf58bd1e1caa402f4e,fork,Plant marker,,,,,
9e20ae20fd6b03e605f5,book,Bookmark,,,,,
afc84a3d146a4068bd9a,can,Seed starter,,,,,
3589d7b5c0b4fb90b582,fork,DIY wind chime,,,,,
5b0e4360e4545a66ec72,paperclip,DIY craft material,,,,,
4256e83de0526e23877e,paperclip,Emergency fix for a broken zipper,,,,,
534dbd1dd479d8e2705a,book,Trivet,,,,,
4cb8a97860f7f105bbe9,book,Bookmark for multiple books,,,,,
6d4abbdb5e20ed86a4b7,can,Pencil topper,,,,,
c2be7765d1bb06883df2,towel,Dusting ceiling fans,,,,,
5117a4120e53b66c44a0,can,Candle holder,,,,,
a24b05ba30d0f6652858,paperclip,Bookmark,,,,,
daf5eccfbe11bf0e33de,towel,Picnic mat,,,,,
0d3af7bc9eefe2f09bac,towel,Photo prop for creative shoots,,,,,
752a91e434be2ac15338,can,Squeegee,,,,,
022f5d1b49046cfc8710,can,Mini scraping tool,,,,,
a3bc8b73cc2d9e742cbe,fork,DIY prop for costumes,,,,,
943c48658e6ec32abb3e,fork,Pencil holder,,,,,
0f0e7594f0caaa8f9c1b,book,Wall hanging,,,,,
e84072fdd84094d6ff40,towel,Wiping sweat during exercise,,,,,
a9158a654c1df9d76a2a,towel,Polishing metal,,,,,
e751c7605825a15b33f3,can,Geophone (kid's instrument),,,,,
809ceb99bdcfd4b5e109,towel,Dusting blinds,,,,,
315e1c5a62541e6f3ac2,can,Bird feeder,,,,,
5843e9b9f9d087dfc151,book,Book as a decorative centerpiece,,,,,
a9984771779f8496f725,fork,Zipper pull,,,,,
eb361276471019e713e6,book,Cookbook stand,,,,,
8560bcc5c299e6de3da9,fork,Plant label,,,,,
803293f90ca70970e98a,book,Weight for a door,,,,,
36dd2858d0f41d9571b3,book,Sound dampener,,,,,
65e69494cb2a27423862,towel,Drying dishes,,,,,
0cfc006222e0b013fc05,can,Desk organizer,,,,,
a4088999f837ce40ffcb,fork,Macrame pattern,,,,,
74fe05f78a24298819dc,can,Plant marker,,,,,
363a080a461a19a0a110,paperclip,Temporary fix for a broken zipper,,,,,
499bf70e1d449caf530f,towel,Wiping down surfaces,,,,,
447fce3b18a5fc8b9849,book,Decorative wall art,,,,,
ab4a12f57c863d507538,paperclip,Temporary fix for a broken earring,,,,,
e5f96d7513acae822d04,paperclip,Plant label,,,,,
87d6b768821dd8f65073,book,Weighted object for exercise,,,,,
4bc581a41bc083f99e46,can,Mini picture frame,,,,,
5ffc72af2577e230eb81,can,Sifter,,,,,
1e91796c62bc6b5efe6d,fork,Mini planter,,,,,
d8db1f5dd9bb421510b5,paperclip,Plant marker,,,,,
f07882350d4748016aa8,towel,Dusting furniture,,,,,
5b13921537addbeaa39c,book,Desk organizer,,,,,
ae24bb11ff28a386724b,can,Room divider,,,,,
9f503dacfd58513e8ecc,paperclip,DIY wind chime component,,,,,
0ccaf3f4512564dab95e,fork,Picture frame,,,,,
f0361b638e7a74052640,book,Coaster,,,,,
3db88e4b59200c542611,fork,Plant label,,,,,
693e678fdf26fd97055b,paperclip,Small object retriever,,,,,
c3c8cce5ba791f203f0c,can,Outdoor sculpture,,,,,
589e507740585d9d3ff6,fork,Picture frame,,,,,
2812142631d13225d191,fork,Bookmark,,,,,
4a1201ec1d6dba35926d,can,Spice rack,,,,,
0231cf81fd4a7d87da5c,can,Seed starter,,,,,
555cf2273d4ce3335c3d,paperclip,Emergency belt,,,,,
0d0d9e02d6ee62408eae,fork,Macrame pattern holder,,,,,
f09bef53906527434852,towel,Polishing jewelry.,,,,,
083185556456368767e9,book,Plant press,,,,,
2e331c9dcf0eae5d48f4,towel,Beach cover-up,,,,,
6424316f1bc7abe9db71,book,Coaster,,,,,
bc7c240e8b674f4a7000,towel,Pet drying cloth,,,,,
3530cfabee001878334a,paperclip,DIY picture frame,,,,,
0c7c5941b7884a73789e,paperclip,Emergency repair for a broken zipper,,,,,
73cb700c31b32fb7b0a9,paperclip,Cord organizer,,,,,
77ac8356e69681b52992,paperclip,Cord organizer,,,,,
4202e15497fe6e7dc9c0,towel,Cleaning windows,,,,,
d89012d6d55c2cf7df5b,can,Plant marker,,,,,
3bbfbaf5e29231b69f82,can,Plant marker,,,,,
339f81da887bc958298f,towel,As a makeshift picnic blanket,,,,,
1dd45c207b11e3d82b07,book,Coaster,,,,,
9c4b50060e5bb5213c24,can,Bookend,,,,,
d019ba12cc70fdbc025f,paperclip,Craft project material,,,,,
be619877517982a81469,fork,Pencil rest,,,,,
ee07acb53be48910b30a,towel,Pet bed,,,,,
e8bf3e8b84b8c4035d61,towel,Applying paint or stain,,,,,
01c6afaf8e062cf2438a,paperclip,Mini bookmark,,,,,
9265f5ba6931d0813af3,can,Plant marker,,,,,
18676ba6370b1d7bfb20,towel,Dusting furniture,,,,,
1787559a9b22fcdf7c97,towel,Drying artwork,,,,,
9f658667b3de374103ce,fork,Plant label,,,,,
89f380ef688db1a9e3b2,book,Book as a bookmark for a recipe,,,,,
f6debacde49b991b936d,can,Photography prop,,,,,
879d9be3f9fc78ab921e,paperclip,Geometric art piece,,,,,
f3845ebc4c65e7c8c85f,fork,DIY picture frame,,,,,
6d4b4a20cd58cb0398d8,paperclip,Temporary fix for a broken zipper,,,,,
5e1af86f092c24f174f1,book,Building material for a fort,,,,,
dd2ed852bd1f5af7c437,book,Decorative item,,,,,
44b65139fc0ccbcc3b29,can,Photography tripod substitute,,,,,
c0952d6c9c59d33cf94f,paperclip,Emergency belt fix,,,,,
dfe145557982110a85f5,book,Paperweight,,,,,
ce577d0785751c0591ea,paperclip,Emergency hook,,,,,
a77cfdf1453465ef5d0b,can,Wind chime,,,,,
5311ca3433f2d036f11e,fork,Tweezers,,,,,
2272f5688ffd727cbc71,paperclip,Temporary fix for a broken chain,,,,,
3b5e52cb353c51f005c7,towel,Wiping down surfaces,,,,,
2c3aec379142c1a466bd,towel,Polishing jewelry,,,,,
a956f0cfd49466f11cb1,can,Pencil rest,,,,,
92668f793c84101a2fb3,paperclip,Bookmark,,,,,
29370a4a5f66790cce33,can,Pencil holder,,,,,
79af37ef70d83dbe4a4a,paperclip,Wind chime component,,,,,
a89aa764291cbd634f20,paperclip,Jewelry fastener,,,,,
2d893fd65cc910b317bc,paperclip,Plant marker,,,,,
b0aeb0189eaff7248649,fork,Art project material,,,,,
a2e3171e6eaf6f2e678e,paperclip,Bookmarks,,,,,
445b3a5e7766cc29cf5c,fork,Pencil holder,,,,,
e6978d2c6d8eadefd8ae,can,Herb planter,,,,,
6048407321f6c2e8f1a6,towel,Tablecloth,,,,,
b41e42ab02c92131c580,can,Birdhouse attachment,,,,,
0bca23a285fb36d9849f,book,Bookmark,,,,,
105df7a902e74755fd12,book,Decorative item,,,,,
3241849923671a418028,towel,Cover for wet furniture,,,,,
3e9309006db9f6efabfd,paperclip,Bookmark,,,,,
89222df2c5d22687d446,book,Photo display,,,,,
45fa32f91450cc878098,can,Herb planter,,,,,
628602caba162dd4bef3,can,Zipper pull,,,,,
a55f454364d61032cf8e,fork,Magazine holder,,,,,
32144f917e8b3630c9a2,book,Decorative object,,,,,
46567fbc584a30ca83db,paperclip,Stop for a pen or pencil,,,,,
1fa03fbb52ccdf7caa09,can,Art project base,,,,,
301944af6f9ec80b43c0,fork,Bag clip,,,,,
d2a7bea765127d683ed6,book,Thickener for a craft project,,,,,
a89d6c215d3d08bf15f7,fork,Sculpture material,,,,,
6a65915eccaac9a54f6f,fork,Cord organizer,,,,,
842f4311756a6bb5d337,towel,Painting tool,,,,,
7f1b5adfc7ff7024a8e5,towel,Polish applicator,,,,,
a9b21d7fedeec4e0b79c,can,Craft project material,,,,,
f12757fd130ebbf7ac5d,can,Plant marker in a garden,,,,,
5bfc8aed8704783ff485,book,Desk organizer,,,,,
c6f68856383a28d12b13,towel,Polishing metal,,,,,
ea7df6ef48524759424a,fork,Pencil holder,,,,,
70ab784c77fbecc93475,towel,Applying or removing stickers,,,,,
7d794900bd6a1f12dddc,fork,Photo display,,,,,
3f125e644981fb6ac9c4,fork,Magazine holder,,,,,
c498fcf62ca16af5ae12,paperclip,Emergency cord organizer,,,,,
b6647001e74cce42aed6,book,Bookend,,,,,
04430a8f15e7cecff78b,towel,Emergency blanket in the wilderness,,,,,
4d8110b4e35a5bd97d2f,book,Coaster,,,,,
0e78636a68b4037ff4d5,fork,DIY wind chime,,,,,
c38f11ae554233836906,paperclip,Wind turbine for a miniature robot,,,,,
2e244bfac389b613d45f,towel,Wiping down surfaces,,,,,
95fb557deac05a5d7466,can,Small container for storing beads,,,,,
ffed8505aaa505a7c00d,book,Desk organizer,,,,,
78ced5d9484f646ff9c8,can,Plant marker,,,,,
56f16ff6fe9e11f0ad82,paperclip,Mini bookmark for a recipe card,,,,,
10c703cca6bd95524ee7,fork,Desk organizer,,,,,
d838a3059f7fb54ecbc4,fork,DIY craft material,,,,,
336c34874cea885db9d9,fork,Measuring tool,,,,,
d63eb5ad7bab4ae2a559,fork,Garden label holder,,,,,
748f7cf371398243cc88,fork,Plant label,,,,,
df718a632a3b795aa07e,paperclip,DIY picture frame,,,,,
88989d8f096aa9bb3e86,can,Bookend,,,,,
ace7c385bd0cb1961289,book,Painting canvas,,,,,
28ed6997cfd4893d6d76,book,Paperweight,,,,,
b5cb26fe7986a2b70a0b,towel,Dusting furniture,,,,,
e679d895a96634fb4475,paperclip,Zipper pull,,,,,
6beff487e98380891c55,book,Plant press,,,,,
2fa65937eeb4cc64f037,towel,Drying a pet.,,,,,
b17859bb466cab2b38d0,book,Paper Mache Material,,,,,
0d4eecc2c0191828afc1,paperclip,Photo display,,,,,
79719027b07bcb59313c,book,Decorative item,,,,,
4b5295c389fc53f9e354,paperclip,Temporary fix for a broken zipper,,,,,
8fb6e3829d43dcdad7ed,towel,Dry paint from brushes,,,,,
556b8979edd87e5513c7,towel,Cleaning dust and dirt from surfaces,,,,,
97dcbf7ad3de32a37ff7,towel,Drying dishes,,,,,
2c55a75fdef27cd0ba9a,paperclip,Wind chime decoration,,,,,
c9adf79f240a2dbed7dc,book,Picture frame,,,,,
e3484b2748c69b47abf9,can,Wind chime,,,,,
c2353bc8a5c371d4a04a,towel,DIY painting smock,,,,,
8dc96983e2d319f6a624,paperclip,Craft material for kids,,,,,
ebef1b186db1622491b1,fork,Cable organizer,,,,,
e242e9aae62328bd46c9,paperclip,Cord organizer,,,,,
177aafbd77ed19adcf1d,can,Zipper pull,,,,,
710a2acb7d14364794a1,book,Desk organizer,,,,,
9e79335a2cdc06104109,book,Fire starter,,,,,
5eb8d4effb07649aa13f,can,Sculpture material,,,,,
dbdbf5b44ddbd115c1d4,fork,Pencil holder,,,,,
41b03efcbbe0957a44cd,paperclip,Photo display,,,,,
c0c31fd41be8548c564c,book,Weight for uneven tables or shelves,,,,,
f98bca167aebc5d5d327,towel,Wiping down tools,,,,,
a89d091bcb9c41e80291,fork,DIY fishing hook,,,,,
10f3473fcb3f4e590614,can,Herb display,,,,,
61de2b2485ab131e9221,paperclip,Photo display,,,,,
6c3e3c41243c96b0a0a3,can,Desk organizer,,,,,
c502060dd14eb5cabaf0,towel,Cleaning golf clubs,,,,,
f4afb47f85b941ac0e16,paperclip,Temporary fix for a broken chain,,,,,
b350560ea04289e58da0,towel,Cleaning musical instruments,,,,,
4c9e6445a4b2d5e4cb43,towel,DIY photo frame,,,,,
996d6b694ec7ac7e67eb,towel,DIY painting surface,,,,,
81a52b1e1550a37cd744,paperclip,Temporary fix for a broken chain,,,,,
7196a6708924ff24f31b,book,Photo prop,,,,,
0a02edebbb7609dfef53,book,Coaster,,,,,
8d8ff256668b74f43224,book,Desk organizer,,,,,
0550d146518ae40eb30a,towel,Stuffing a pillow or dog bed,,,,,
52bccea880ea2cba4058,towel,Crafting material,,,,,
f8697fa461c29658ed9f,can,Potpourri holder,,,,,
dc9ff40a32e3bd0bee70,fork,Art project mold,,,,,
649ebd4fa8674c22c41a,can,Pencil holder,,,,,
9103f3c86c797faf3a81,book,Desk organizer,,,,,
f90fba3841c865c23c19,fork,Sharpener for small objects,,,,,
6c3126c76e5486fca29e,can,Measuring cup,,,,,
7b3e30dee5bdcc7ed969,paperclip,Bag clip,,,,,
af7838e8aac056e89282,fork,Picture frame,,,,,
232293acc4eb3b0cad39,fork,Bookend,,,,,
faa2fc630892465f274f,can,Desk organizer,,,,,
0fa13c7d8fe1796277fb,paperclip,Cord organizer,,,,,
fb462b620e9c298fd22d,towel,Cleaning spills,,,,,
73810a3e23ccd0e3dedc,towel,Making a DIY fire starter.,,,,,
848005532c775c9314a3,book,Bookmark light holder,,,,,
a90f97915a5cc818b5d9,towel,Polishing metal,,,,,
a8f5d8ba4084e84a6591,can,Desk organizer,,,,,
17e245f2b42162fd2086,book,Insulation material,,,,,
5acd39476276b06477c2,paperclip,Custom paperweight,,,,,
9bc8faa3904b0e9b136e,fork,Mini potpourri holder,,,,,
23bef4c24126afd61115,book,Coaster,,,,,
05613bdfbe7aeac1f6f1,can,Picture frame weight,,,,,
bd886438643053065329,fork,Tweezers substitute,,,,,
63b21cb8cc2ddafd59f8,book,Desk weight,,,,,
a76cb95f2fac57edf960,fork,DIY paint scraper,,,,,
7561425b0fa88f72b3e2,can,Drumstick,,,,,
649a5a4c7da953ea8a94,paperclip,Marker holder,,,,,
2f70104fb22888d22450,book,Fire starter,,,,,
85706787893fc8befd0a,fork,Picture frame,,,,,
b5fc72dfce89d05e134f,fork,Lifting small rocks or pebbles,,,,,
ac8506aa6eebafb6fbee,towel,Photo prop,,,,,
84dd420313c12c32db54,fork,Sculpture armature,,,,,
a3bc7675c85a41f0b4f0,book,Coaster,,,,,
633e83489a93608ad850,book,Photo display,,,,,
dd7bd290b5184ca1828b,can,Desk organizer,,,,,
686af11e5f8a4176deb3,fork,Desk organizer,,,,,
cba03bdad46a4027db08,fork,Pencil holder,,,,,
e2734c0ac492b9fbb4c7,towel,Cleaning makeup brushes,,,,,
05b713fd40a2bb43eb90,book,Gift for a reader,,,,,
41b1fb66b07865b73b9a,can,Sifter,,,,,
24c0d34b74b2f407f56d,towel,Insulating electrical cords,,,,,
09b348de2d0d985bf38f,fork,Musical instrument (shaker),,,,,
c1a2547c390a84f6cb59,fork,Coat hook,,,,,
2a2eb2ad35222511f62a,paperclip,Bookmark,,,,,
e8b6bf40ac61b61d6063,can,Wind chime,,,,,
f3dfbb5248578dfa5455,paperclip,Temporary repair for a broken button,,,,,
c96c8371770bff2af923,book,Weight for a door.,,,,,
b70c27d6dd06e0b57033,paperclip,Plant marker,,,,,
ebd7706377ccd8023eb2,can,Picture frame,,,,,
dcc492d3036a69cfddeb,towel,Dusting surfaces,,,,,
1a052486e0d676fa4954,towel,Painting drop cloth,,,,,
7e334f0c1d0fd4dc3854,fork,DIY photo display,,,,,
8b29d694e712a942a854,fork,Key holder,,,,,
718a7ddf494ce625cf07,paperclip,Magnifying glass holder,,,,,
66c90355ae1017c595f5,can,Emergency splint,,,,,
e92efba65291edf70059,paperclip,Plant marker,,,,,
1c7212eafbf33e81325e,towel,Wiping down gym equipment,,,,,
4313716f5b4f45a71383,fork,Pencil holder,,,,,
bd671b7fba7036951286,can,Wind chime component,,,,,
fda38c824761b8fc2a70,towel,Dusting surfaces,,,,,
b64ff095a7c57105922b,can,Small tray,,,,,
313859fab3041484a4e9,can,Candle holder,,,,,
3e329cf4255fa1ff68dd,paperclip,Wind chime component,,,,,
d85c11635b2ecb8ceba8,towel,Dusting blinds.,,,,,
65e27f4b75ab357a846d,book,Sound diffuser,,,,,
dbe7830945932eefec81,can,Pen holder,,,,,
3a769ff82ccdd37acd89,fork,Desk organizer,,,,,
1c8e49c6a9846a73c11e,towel,Camping bed lining,,,,,
20dfe999f4bed7b20dd0,fork,Plant label,,,,,
2cb346310feea4da527d,book,Bookmark,,,,,
7b51b8dc2f1318a5ce68,book,Gift wrap decoration,,,,,
0fb2555854f4772d23a7,paperclip,Page turner for large books,,,,,
9c8e3ce14a8c363d67c1,book,Paperweight,,,,,
723427ac67880ea0e877,paperclip,Cord organizer,,,,,
798bcd2d7a1ccd875bba,paperclip,Cable tie,,,,,
942b58c0d9c0540cbc56,can,Paint stirrer,,,,,
2dfdabf4db0fdb895e7e,paperclip,Keychain charm,,,,,
35d08c0efbd9fa42e73c,book,Coaster for a glass,,,,,
9bdbf553d98115937290,fork,Bookend,,,,,
6464e396c52071ba5730,towel,Polishing mirrors and glass surfaces,,,,,
29d821b32d0c47513b3d,paperclip,Magnet holder,,,,,
72cb3d3a59d54ba635b9,book,Music stand,,,,,
e326114736777041d0a1,towel,Protect surfaces from dust,,,,,
270c9139f229ea027036,paperclip,Plant marker,,,,,
069d42bd2e0a27532550,towel,Clean windows.,,,,,
0919f245c867e78391d9,towel,DIY drop cloth for painting,,,,,
e66dbb55f344e9f3d299,fork,Craft project base,,,,,
9b82f9262c126bbb1e8a,can,Wind chime,,,,,
32865ac70f5ef4df18ac,paperclip,Bag clip,,,,,
321b545b606b9ac0a495,book,Bookmark,,,,,
2abb77c11b2d96317a3c,towel,Emergency blanket in outdoor settings,,,,,
af25fc0e80966925f89d,paperclip,Jewelry organizer,,,,,
9865093174f187f908fa,paperclip,Emergency bookmark for a phone or tablet screen,,,,,
2dc7de87d98e70cca5d6,can,Pencil topper,,,,,
fff17d58e829eccd9eae,book,Desk organizer,,,,,
a167772953b545361d5c,can,Fire starter,,,,,
b1c6f32760e5d40cca08,paperclip,Emergency stitch,,,,,
83261e02c34bdcf80fe4,book,Gift,,,,,
1ba32d2d9a34de5c47e3,towel,Emergency bandage,,,,,
2fabc9813c894bf3a3be,book,Bookmark,,,,,
f89255622f5bb8d2aaf2,paperclip,Mini photo display,,,,,
d3802770f651dbcdc02d,can,Seed starter,,,,,
cbad046b0c6e6691b4fb,can,Plant marker,,,,,
1538260267b9cd547d08,towel,Cleaning makeup brushes,,,,,
51d43787073f0e51f61b,paperclip,Crafting material for jewelry,,,,,
1fcb98e20db8628c9b80,paperclip,Craft project stabilizer,,,,,
a9c6cef4288316673a93,can,Candle holder,,,,,
f13f90e27cbfc8c2cbac,book,Picture frame stand,,,,,
543045f81fd863d40435,towel,Scented sachet for closets,,,,,
0beefce771cc526403f0,can,Candle holder,,,,,
e37e470cfaa6b0d44fd0,fork,Zipper pull,,,,,
d30bbaeca5b36da7c7f9,book,Fire starter,,,,,
31c8a3c4d305d961f226,paperclip,Cord organizer,,,,,
38796e7523ca7f630049,paperclip,Temporary fix for a broken earring,,,,,
1a8d8f125d9e6da92e11,can,Pencil holder,,,,,
236114c3adbbda3ca029,book,Bookmark,,,,,
111c5af31f8af6684db5,can,Coat rack,,,,,
a33b225431cbb24ae0e8,towel,Protecting surfaces from paint spills.,,,,,
782f7bb1d30892866922,book,Fire starter,,,,,
c36de1d0503238ecec12,fork,Zipper pull,,,,,
ded09263d56948538ea7,book,Bookend,,,,,
1cf78951f0b2f66eff02,book,Paperweight,,,,,
762da48491a4e7bc1e97,towel,Cleaning mirrors,,,,,
ccc217c27d02729447cf,can,Bird feeder,,,,,
221325cc953dc30036d5,towel,Clean rags,,,,,
7f0c037db05f054aee80,towel,Drying paintbrushes,,,,,
099ad9a93691c8614b7a,book,Paperweight,,,,,
fc113e2f92d29adaf92e,book,Trivet,,,,,
0ff50baf4066285873e1,towel,Cold compress for injuries,,,,,
9dfeef3badb8c45c5352,paperclip,Plant marker,,,,,
cc08c173d290fa34a0d7,paperclip,Emergency fix for a broken zipper,,,,,
f6fda5531da25fce83a8,can,Paint palette,,,,,
2fa77f571aa3b94ae507,can,Mobile base,,,,,
2127781404801232eddd,fork,Bookmark,,,,,
d2a4b7153e28ff3658a6,can,Seed starter,,,,,
85fa503d138cee69e992,book,Bookend,,,,,
61f003c6300f4cbcda34,paperclip,Pencil holder,,,,,
f318704a9ad7c128d2a9,fork,Musical instrument,,,,,
e9dc1b53463535e6ec9b,can,Candle holder,,,,,
236f0b33a3470ac8cf5e,paperclip,Jewelry organizer,,,,,
d59e107dc3af542a3e0c,fork,Desk organizer,,,,,
5cc0351d0a59ae13f5b0,towel,Polishing car trim,,,,,
da8e3c40d795a8862781,towel,Crafting material,,,,,
14f3c47b665f344ccf95,book,Trivet,,,,,
6cbc3a180298f6615684,paperclip,Temporary fix for a broken zipper,,,,,
d89007374dbc0d413d68,can,Bookmark,,,,,
e99cd204968027406d08,book,Coaster,,,,,
c82813622196328e42dc,can,DIY wind chime,,,,,
5e4e3be8bba0e0bf6e23,paperclip,Cord wrap,,,,,
eb9279693d3f9ab70c8c,can,Magazine rack,,,,,
3d5ecdc445dbd2f93149,paperclip,Bookmark,,,,,
24ba848f1666fe20bc48,paperclip,Photo display,,,,,
98f7cd5ccef77c29d8d7,can,Lid for small container,,,,,
fa6c55c541597531ac83,paperclip,Temporary fix for a loose screw,,,,,
0a2aae6ff2f1ea9be46a,towel,Cleaning mirrors,,,,,
3a3019f43b60f9523fe2,can,Game piece,,,,,
78789b85258e43b4c76d,fork,Coat rack hook.,,,,,
2d8d08e4766c5007ccb1,book,Decorative Centerpiece,,,,,
90870a28d4b3f8dc2997,can,Mini planter,,,,,
48e75a648a9b274a0356,fork,Mini shovel,,,,,
cebb9a31b362828a4049,fork,Decorative centerpiece,,,,,
661a6a520c0b612ce516,towel,Drop cloth for painting.,,,,,
c5530cd65bffdf05b5e6,paperclip,Plant marker,,,,,
6ff9a646a756ab254864,towel,In crafting as a base for collages,,,,,
77b8ef38020a9c284e66,book,Plant press,,,,,
6c966004906d18eccd7a,paperclip,Temporary fix for a broken zipper,,,,,
a35f9bd135e1ab3b49d0,book,Photography prop,,,,,
80a0027c9d17fb357b9d,towel,Cleaning up spills,,,,,
f5d837efdd2d7f253529,paperclip,Plant marker,,,,,
ee25b114ad8ea1096027,towel,Painting drop cloth,,,,,
1debb6c74caa77481de3,book,Bookend,,,,,
3d48dc9b0edc02885b92,paperclip,Zipper pull,,,,,
ed3cada20b839879a0ed,fork,Geodesic dome support,,,,,
69ea4e8e7af36efbe373,paperclip,Holding cables together,,,,,
c7a8230f15ad2f3d5565,fork,Bookend,,,,,
bf384dd99aa784f3b685,fork,Candle holder,,,,,
1a6b5e97676a9c54a48f,paperclip,Plant label,,,,,
25da4fd1bd9d97ecfae5,can,Birdhouse,,,,,
56e1bceb2f8c6bd50247,can,Pencil holder,,,,,
d06c31908f0abe5eef32,can,Photo display,,,,,
301846016a5221b77d3d,paperclip,Cord organizer,,,,,
f3be4a3552b580ffeebd,paperclip,Mini bookmark,,,,,
8d357fa90b59b25de8f3,fork,Pot lid lifter,,,,,
915e620087c3b7af4679,can,Paint stirrer,,,,,
a9b9423f0250a3d88bf9,towel,Cleaning mirrors,,,,,
d59b9a79dd37a10bd1e8,book,Trivet,,,,,
c1bc5f9b2d65c40c2624,can,Herb planter,,,,,
69cdcad9c84143d77004,paperclip,DIY photo display,,,,,
9b492aac25fca3ba3985,towel,Dusting blinds,,,,,
05036f5f3947050a9158,fork,Mini shelving unit,,,,,
ad643a8db6dd073d9c34,paperclip,Plant marker,,,,,
baac2daab979c70e66c6,can,DIY planter,,,,,
654a65e23aeded8cff1e,fork,Sculpting tool,,,,,
cf5bef3252b0568e00ac,fork,Bookend,,,,,
9065a8b8940e243a7ab7,paperclip,Temporary fix for a broken button,,,,,
5878999f145d7ce1685d,book,Kindling for fire,,,,,
765c6b1488411bbebacb,paperclip,Emergency bookmark,,,,,
cae1eb0e48029afc8da9,fork,Candle holder,,,,,
03741be61acda8e2bde1,fork,Picture frame,,,,,
017d999799c1fe3b1c4f,can,Herb planter,,,,,
53ca7bf9ee8d85d20c38,paperclip,Weights for small objects,,,,,
e041eb114d401951bf44,can,Seed starter,,,,,
f7e3259c7ee6da492ca3,towel,Dry painting palettes,,,,,
ea8403cb593ff1dec229,towel,Pet drying,,,,,
e92e1fb07818bdaf4cf2,fork,DIY craft material,,,,,
f7559c5cfd7d936d1a37,book,Packing material,,,,,
854fa79a8691d53255f5,book,Paperweight,,,,,
82c25ba8e08156f0c5ac,book,Plant press,,,,,
80eae0a51b17a7b8c97e,fork,Paint stirrer,,,,,
98f4174bd3aa5e1c9409,towel,Removing sticker residue,,,,,
558736d774da0ff6675d,can,Bookmark,,,,,
99ed45c0f9ac70a66032,book,Paperweight,,,,,
032d8f396589fe641413,paperclip,Mini picture display,,,,,
54780e8ade0e61f6aa87,towel,Cleaning musical instruments,,,,,
babbef88e0225b342770,fork,Mini shovel,,,,,
05e716c3be35f8345a04,towel,Polishing metal,,,,,
52216bb6934bb004972c,paperclip,Temporary fix for a broken zipper,,,,,
9c73199dc4b0dd4c1b8d,towel,Pet bed or blanket,,,,,
54e0daf9772d16c23fab,paperclip,Photo display,,,,,
1d84ba1de2d163b14a7c,book,Gift tag,,,,,
e668a20b580283b859d4,can,Desk calendar,,,,,
e359ffd9ca087ecd4d27,can,Bookmark,,,,,
a76cd09c574663352ccc,towel,Drying flowers,,,,,
b57f1f07d48e5b1f76d4,can,DIY craft material,,,,,
2afbce67eb070c3dbd38,book,Gift,,,,,
63fc6e784fcb505694b6,paperclip,Plant marker,,,,,
1ece38c719334d5c931c,paperclip,Bag clip,,,,,
2e855af20e4109fbded9,fork,Bookmark,,,,,
9688ff3ee3e54f64e725,fork,Pencil holder,,,,,
7a41ada9e5d0624d61a4,can,Desk organizer,,,,,
5633a8238a442c3cc709,book,Paperweight,,,,,
b8d26144fc1578060268,paperclip,DIY ornament,,,,,
34a36c22104de6b699a0,can,Measuring instrument,,,,,
28c731ae24904c751908,can,Bird feeder,,,,,
915160c4238c2ad1fb2e,towel,Cleaning surfaces,,,,,
20614c177df7d5e0df3e,book,Bookmark,,,,,
4e0a207ffe33f3219000,book,Paperweight,,,,,
80f5d995a8e431a50b3d,can,Planter,,,,,
74fcc8a0121cd792c17b,book,Paperweight,,,,,
1e4661b1d82f834ecdcb,fork,Bookmark,,,,,
f18d243b790309bc7eb5,can,Plant label,,,,,
aa57d749542d94c48533,fork,Plant label,,,,,
dc4b2304b40c98c6ebec,paperclip,Plant marker,,,,,
f23dc4c98e3c44a0ba53,paperclip,Temporary fix for a broken zipper,,,,,
c7b62b68fa947c957978,book,Decorative object in a room,,,,,
b3d4ddf49b4e09043d8c,towel,Wiping down tools,,,,,
303624e777ce8799cd7c,paperclip,Plant marker,,,,,
672b43bf39a08e0c51ab,can,Geometric sculpture base,,,,,
640144d06b7374dfea99,fork,DIY photo display,,,,,
05195f94bd38c0fbcd29,fork,Bookend,,,,,
582a65b298368a649474,fork,Pencil holder,,,,,
489310e10bbaccb07d8a,towel,Protecting work surfaces,,,,,
7c940b2ec2bf04c687b5,book,Decorative item,,,,,
2e8e0c3458a3c05fdfa2,towel,Painting tool,,,,,
99d97d4793714c018a8c,paperclip,Pencil holder,,,,,
e88a30f44531c217a59c,paperclip,Picture frame clip,,,,,
fcb2b859555258169d3d,towel,Using as a drop cloth for painting,,,,,
5a82acbf6d29cf3464be,can,Desk weight,,,,,
5b1a2e210dddef79dad0,fork,DIY photo display,,,,,
8a0666d1ff358d1ad348,fork,Magazine rack.,,,,,
32511888d8955ab8e222,book,Photo display,,,,,
c69887a151f5f478f62e,fork,Pencil holder,,,,,
176e41eb930d3f39b9fe,book,Decorative item,,,,,
3ae1d764d1e3866653b4,fork,Picture frame,,,,,
4a30efc853389823c0af,fork,Macrame project material,,,,,
2b2666c8207ce4c11670,can,Plant marker,,,,,
54d85625338059e403cb,paperclip,Mini paperweight,,,,,
4b9570204dd207b55817,paperclip,Wind chime decoration,,,,,
1171937c2400d4cc738a,paperclip,Makeup brush holder,,,,,
e607c6d3a0f4e0ac8987,paperclip,DIY jewelry,,,,,
ba27bb3a1b2c3cf78399,can,Wind chime,,,,,
a633c965e97969999a9b,paperclip,DIY jewelry,,,,,
d98598194dae38be8fc2,can,Craft project base,,,,,
65f4f0dc9b1a7b9edf48,can,Paperweight,,,,,
c3ad77163d343ff4cb51,book,Book as a desk organizer,,,,,
0158688f81475bfb3a50,paperclip,Cord organizer,,,,,
fb7d115d7f5434b28aa5,can,Candle Holder,,,,,
b7bb763566bd240cc934,book,Decorative centerpiece,,,,,
7aa55b348edb52b38ecd,book,Decoupage material,,,,,
4b63ab0bf7fa5f9ea1bc,towel,Cleaning mirrors,,,,,
e2e3adf15aecb9eed0c6,can,Paperweight,,,,,
d5cce49a28bf845e077f,can,Wedging tool,,,,,
5efc6d7b868f32617332,towel,Cleaning the shower door,,,,,
e13612c1e5012641b67c,towel,Protecting furniture from moisture,,,,,
61b1227d066e6177ada8,towel,Making a DIY photo prop,,,,,
5fa415fbffe11ff4096e,book,Gift decoration,,,,,
cbb9fc2d41b396e45c27,paperclip,Dog identification tag,,,,,
5b3b6069b8aa81abf46c,can,Leveling tool,,,,,
1021619e97f88b2e2266,towel,Pet drying sheet,,,,,
41008ea83c76a3657ea9,towel,Polishing cloth for jewelry,,,,,
b73ce027057847d8621f,can,Bookend,,,,,
afc00bf04b62a19fae1e,book,Decorative item,,,,,
7cf31ab0c6f47d330808,towel,Absorbing spills on carpets,,,,,
755dcee2b86838e26788,fork,Pencil holder,,,,,
e40fcda68baca707abcc,paperclip,Clothing clip,,,,,
6648026edc8af74d8dd9,book,Trivet,,,,,
7b9ef5c73aabd4ecd9bb,fork,Pencil holder,,,,,
05aef01c599594d8d924,book,Desk organizer,,,,,
745c42918368158a8c16,book,Wall art,,,,,
4b6f53b718809f5af497,paperclip,DIY photo display,,,,,
62a388c3366f2a69c161,book,Desk organizer,,,,,
7d388a991fbc73adbe40,fork,Measuring stick,,,,,
4aae7e7c8668aa27f64a,fork,Pencil holder,,,,,
6d25f0f303935fecce94,book,Coaster,,,,,
c992640e164e05d1862f,towel,As a barrier for painting doors or walls,,,,,
0887a855ba951ac2c110,paperclip,Temporary fix for a broken zipper,,,,,
8530a31c0f674b803993,book,Block for holding items on a shelf,,,,,
02593e829a1c0c745a85,fork,Plant label,,,,,
d3512d62b07ecfc86070,book,Coaster for drinks,,,,,
d6962979e4b7ce42b25e,towel,Dusting blinds,,,,,
035b51743b4a36a099dc,towel,Wiping down gym equipment,,,,,
80e7bdae460e931bb8c1,book,Bookmark,,,,,
9f7529da687ea19d04bb,fork,Mini drum,,,,,
379ccf14ba630517265c,fork,Paperweight,,,,,
deb7ab364c3d0eb79199,paperclip,Cord organizer,,,,,
cab6450314ea2539ae05,book,Gift wrapping material,,,,,
3e3adf4eb839815ee35c,towel,Cleaning up spills,,,,,
dbbcbb5f7d2608a17823,can,Bird deterrent,,,,,
77d4191765aa33aa0802,paperclip,Photo display,,,,,
331d12e7bf5c50698bb3,can,Plant marker,,,,,
61b02e65d822893485f0,fork,DIY wind chime component,,,,,
a42afabf6a23ef306cd3,can,Bird feeder,,,,,
dc9c7c54d5ecda06f9f7,book,Paperweight,,,,,
1c6923520b2dbbe46c9b,paperclip,Temporary repair for a torn page,,,,,
02600ab9acffcfbd0eb5,fork,Magazine rack,,,,,
447a8c9824d34902705e,towel,Dusting surfaces,,,,,
d36b0e603bd9c862acdd,book,Decorative item,,,,,
19b25bca11146e25e9e9,towel,Protective covering,,,,,
45cb7c0243acbe4b7389,book,Desk organizer,,,,,
eebfe1713a33cba6a584,fork,Sculpture material,,,,,
ff7feff15ec5d775d426,towel,Impromptu blanket,,,,,
37854d42c1de4fd92589,book,Painting surface,,,,,
43fd9c2c3b9b03a7277c,fork,Craft project base,,,,,
a960d3a8a24cfb3c9d1f,towel,Drying tools and equipment,,,,,
2e4e1a17effcf5fa5039,towel,Cleaning up spills,,,,,
32853c4e5e63168bd6cf,towel,Dusting cloth,,,,,
192db6362c172e9fc0f0,can,Plant label,,,,,
ee00c978398cfe326fa7,paperclip,Temporary repair for a torn page,,,,,
fc5804fe19acb8a50726,fork,DIY wind chime,,,,,
8815803042d17c20e027,book,Coaster,,,,,
4237586e70bfbcc941e5,can,Geometric sculpture,,,,,
aad5c987d010e71c1bd0,can,Plant marker,,,,,
c58b504cf158df967d50,towel,Polishing metal,,,,,
f446d5021d37967816a4,book,Picture frame backing,,,,,
dfd1f488153543100df6,can,Wind chime,,,,,
2fed684d7d7b743db49d,book,Coaster,,,,,
3f9fdcedc3fbd1a68a93,towel,Dry paintbrushes,,,,,
f4327492a884c4acf65b,towel,Dusting furniture,,,,,
0753df4fa8e2b81a8cfb,fork,Pencil holder,,,,,
bc55c1aa099ccefb80aa,towel,Protecting surfaces from spills,,,,,
5dca28d483d519dc97a3,book,Coaster,,,,,
1d2d524f197793b1b1a9,can,Seed starter,,,,,
d2882ec696dc4b9fb21a,can,Bookend,,,,,
3bfb22d25fd93fa9a876,paperclip,Emergency hook,,,,,
94730f4b417a17488774,can,DIY jewelry,,,,,
8ae96b8e2e1d8257dbde,paperclip,Temporary fix for a broken zipper,,,,,
038b633575bf2082a4e0,towel,Wiping down gym equipment,,,,,
67da2e2bb804a0cfd477,fork,DIY photo display,,,,,
438f1163300bfb1b15e0,book,Bookend,,,,,
e845715c12957599dbfd,book,Coaster,,,,,
bd4fa17f2760885f5f6b,fork,Temporary anchor,,,,,
93ce24aa7a9097c49de9,towel,Polishing jewelry,,,,,
d5a59f629e3bbb900aa7,book,Fire starter,,,,,
db4d23caa72e174380c3,paperclip,Temporary fix for a broken zipper,,,,,
ae22982ea3805254f407,can,Candle holder,,,,,
15f701eae09c221a785d,can,Bird bath,,,,,
2aa42f11cbaf02e7718a,fork,Pencil holder,,,,,
177c033c2cb7757f62bb,towel,Removing stubborn stickers,,,,,
667445a5876a70d3155b,fork,Small tool holder,,,,,
e59609c6f83baa17df32,towel,Polishing metal,,,,,
2e9482c5f3738c2931ff,paperclip,Cord organizer,,,,,
0a3c6215bf0e753797e0,book,Prop for a photo shoot,,,,,
abc96b0450175f4cfe8b,paperclip,Hair tie substitute,,,,,
da79ab87ac726c2f7cd0,paperclip,Bookmark,,,,,
c4599461c8e721a4050c,book,Gift wrap,,,,,
7e1e5a473950963375f4,can,Keychain,,,,,
7771a136b1c21ac9a631,fork,Plant label,,,,,
aef257c90a8c59e884ab,paperclip,DIY photo display,,,,,
45b089f41013fc6194c2,towel,Wiping down tools,,,,,
acad7e69f79d2b3684ff,paperclip,Cable organizer,,,,,
4ce84d1358361ed58373,fork,Emergency screwdriver,,,,,
c1e003664589650b14c0,book,Photo display,,,,,
7f42165e952bc03b2b37,paperclip,Temporary fix for a broken zipper,,,,,
aa536b6f6b80f1731eeb,paperclip,Plant marker,,,,,
430caf99b95827062e96,fork,Desk organizer,,,,,
79d17dc88e84a533756f,can,Mail sorter,,,,,
2434611eadecb37fbabf,towel,Absorbing oil spills,,,,,
4ed408c7f17456f88e88,fork,Pencil holder,,,,,
80b3c38aecdba35eb6a4,can,Bird feeder,,,,,
373809394c59a9342889,fork,Sculpture material,,,,,
686e476697652ff5e0d6,can,Plant marker,,,,,
b6200482b8a30001b32f,towel,Pollen collector,,,,,
75862424d1ab0049231d,fork,Mini hammer,,,,,
7a15a869c0602ecad4be,paperclip,Temporary fix for a broken earring,,,,,
5d7e6503488752b50684,can,Plant label,,,,,
ded8b6b7dc277141ad6c,towel,Wiping down surfaces in the garage,,,,,
637ed3ef4e4aea2ca7d9,towel,Yoga mat,,,,,
e954ff29f3e1493e5741,towel,Cleaning windows,,,,,
3b5c30d280859903939e,paperclip,Picture frame clip,,,,,
579605fcb929c121176f,can,Candle holder,,,,,
9f9000f54c36e9aa29e1,can,Plant label,,,,,
fc3e4f54178bcd0aefd4,towel,Polishing jewelry,,,,,
2201cc89ceda8d31d96c,can,Bird feeder,,,,,
1f3ae10e1d2158b0ea95,towel,Dusting,,,,,
85df76569311f14a4c92,towel,Cleaning windows,,,,,
ac50055f822bb3e20687,towel,Making a DIY photo frame,,,,,
6814df0d0b1f65e7b0d2,paperclip,Stopgap for a loose screw,,,,,
0e324f547a77d60cd3ec,can,Plant marker,,,,,
342351ccd41ae739e471,paperclip,Mini bookmark with a name tag for a book,,,,,
9fe1dae90b081e04c53e,paperclip,Mini keychain,,,,,
d4dd2e32a645f28ed72f,towel,Wiping down surfaces,,,,,
43c66c3ac8dfa80cf86e,towel,Insulate fragile items during shipping,,,,,
189553de4e5007c93616,paperclip,Craft project material.,,,,,
a0a3fd8d7d5bb3c9c575,book,Weight for a birdcage,,,,,
fe8b03b04a360e8cdc0e,can,Paint palette,,,,,
4a52b78303aaf252fb91,can,Plant marker,,,,,
4580ef7cd5aed5e3be68,towel,Insulation in cold frames,,,,,
dc29cdc7da97b20854c6,towel,Wrapping fragile items,,,,,
2afd9e3a76af32ee4d03,book,DIY craft material,,,,,
31e131ecbc9205f674b5,fork,Plant label,,,,,
57eb9f05379c22a25f77,can,Candle holder,,,,,
4120d89953a338c0b32f,towel,Drying delicate items,,,,,
36010bdc93e33f3115a5,fork,Craft stick holder,,,,,
ca1ef797629d82ceaa4a,paperclip,Mini bookmark,,,,,
7f0655908137220a24df,can,Bookmark,,,,,
74b530499af7e4d4e3f5,towel,Impromptu picnic blanket,,,,,
b6f145030971e8665885,paperclip,Mini bookmark,,,,,
e5908dd43e1c2b6b758e,can,Bookend,,,,,
7fe4d604c74fc5342237,can,Plant marker,,,,,
2f2467fbfc5a0ad477ef,can,Herb planter,,,,,
913110d9c278d8d1ba97,fork,Plant label,,,,,
7c57a3a9aa029e1c77d6,fork,Picture frame,,,,,
3f9e9f2f85f1e2b153af,book,Decoration,,,,,
06cd81e41826c1d6c39a,fork,Sculpture material,,,,,
af6b2d1c231780c7d692,book,Paperweight,,,,,
45118e8be4c3ad662339,paperclip,Making a simple pulley system,,,,,
77d4ea6e4e8179b89577,towel,Drying delicate items,,,,,
c67a30da8d0f3cc6ef25,towel,Dusting furniture,,,,,
55c34fad54ae40446303,can,Pencil sharpener,,,,,
677b91f87b475f31447d,book,Desk organizer,,,,,
ff60d47a5583fa5c82b8,can,Paint stirrer,,,,,
544852cf1f7d9f2fca66,book,Coaster,,,,,
7e9dfcab25542acfdbf1,towel,Cleaning the car interior,,,,,
7a095f51a48a01945bea,paperclip,Temporary fix for a broken zipper,,,,,
a85abd68d2f5a2ff7095,fork,Desk organizer,,,,,
72889ed90e878d4e9ce8,paperclip,Temporary fix for a broken zipper,,,,,
0666a3bf4c02aa8caac3,can,Spatula,,,,,
db68cf5b879461260465,book,Weight for exercise,,,,,
3bdc0e35b9b7402205c4,towel,Cleaning tools,,,,,
733b7a6fbff2ab6372a7,towel,Drying pets,,,,,
bca8711ec052c31d0b77,towel,Crafting material,,,,,
86438d71504af59bf6df,book,Bookmark for a recipe,,,,,
9f08e11bc061ae8a546d,towel,Wiping down surfaces,,,,,
a1fba6e0f1b227975d6d,can,Decorative item,,,,,
61d9a2cd0c60e658561d,paperclip,Cord organizer,,,,,
16d3adf2f16fbcd3477c,book,Weight for a bird's swing,,,,,
04d8d806ecc81df4a838,fork,Seed starter,,,,,
8a9d7af3dfaa33e116e7,can,Plant marker,,,,,
84139c98142f2545e07e,can,Spice holder,,,,,
ab24b6423d80f1ccf237,paperclip,Plant marker,,,,,
2d940c2b53a963206f6b,fork,Measuring stick,,,,,
6ecdb699732c36dc0ec0,towel,Covering furniture during a move,,,,,
a8e8fde76e127b5ba54b,towel,Dusting furniture,,,,,
5d59bdb35194100ba87b,towel,Using as a makeshift rope or cord.,,,,,
a14a52926954ad817ef1,book,Desk organizer,,,,,
8a0371b04f9ebbcde508,fork,Pencil holder,,,,,
30ede6abd7537afd05ac,can,Plant label,,,,,
9c06db8350ad24494a9f,towel,Cleaning dust and dirt from surfaces,,,,,
06ae8414c0c2fb0ca874,can,Painting tool,,,,,
524407e48ae2d5438bb1,fork,Tweezers for small objects,,,,,
ad903d504ce706d5d210,book,Bird repellent,,,,,
e31884dd7276247627e4,paperclip,Temporary fix for a broken zipper,,,,,
031a7e98b222ab4521fc,fork,Bookmark,,,,,
379958fa5666f274ba80,can,Mini greenhouse,,,,,
369b6138645e6b91607e,can,Pencil topper,,,,,
3e7d8c68e443296f7d7e,towel,Insulating a makeshift cold pack,,,,,
c426e8dedd400ff2ae6d,book,Fire starter,,,,,
07b7f8351ba3cbc363c4,paperclip,Bag clip,,,,,
6fd82c1eb402fe7d5bb1,fork,Plant label,,,,,
69609c41d1a4087d5834,paperclip,Cord organizer,,,,,
f3903fe136cb23798bd9,towel,Cleaning car windows,,,,,
4f480d299c76466f3478,paperclip,Plant marker,,,,,
c6fe368a9f6587db0d5b,towel,Wiping down surfaces,,,,,
6aadacb6867ad30c1fab,can,Musical shaker,,,,,
f60a0d5e3633c48dc726,book,Prop for photography,,,,,
8e2ecc24b90fd386cbdc,fork,Chalk holder,,,,,
b244aadf3269ff9a8679,towel,Plant drying medium for macrame projects,,,,,
46503cdc7d571ca865e6,paperclip,Mini bookmark for thick books.,,,,,
1976a7d16662d5c24bf6,book,Desk organizer,,,,,
94acae4aab4b7bdbcb97,towel,Photo studio softbox cover,,,,,
9c4438b30d7e79ee419b,can,Candle holder.,,,,,
2f5f93a42eab6326dbb8,paperclip,Marble run component,,,,,
0a113238d9db76e05e0b,fork,DIY wind chime,,,,,
bca10693a421a6c6743d,fork,Craft material,,,,,
7313364826385c93e206,book,Paperweight,,,,,
fd29aa9253847ca43fa6,fork,Sculpture material,,,,,
ef6dccaf9ae3b603b359,book,Coaster,,,,,
7b2af6edc805505b85d6,can,Sift powder,,,,,
53c575e1ff719a9c9432,towel,As a photo prop,,,,,
911e9fa1056776dafa95,can,Planter,,,,,
53a773482fdc4bcd8b05,fork,Bookend,,,,,
3ee48f37b04501ebbafd,fork,Plant label,,,,,
0ee7d4c20ffab837d95d,can,Pencil holder,,,,,
49d4f0701ed70d5a7a3e,book,Paperweight,,,,,
912a26152a26f27c4316,book,Book as a plant press,,,,,
74f927ed6792734e0b61,towel,Dusting,,,,,
99062523ac184d6d2212,fork,Drumstick,,,,,
c68efd216d18c60dcdc6,can,DIY wind chime component,,,,,
e2e5f946a785f4a90a2d,book,Centerpiece,,,,,
053c8d66e24b0dc7d8d9,fork,Pencil holder,,,,,
74eb5435cb6e4c82f164,book,Fire starter.,,,,,
054c4d1bd69d60a7ed0b,towel,Drying dishes,,,,,
b3f7ac65b7ce9538594b,towel,Wiping pet paws,,,,,
f5e89a3e721d8adbd7d0,book,Art project material,,,,,
54957b2da997e45c6e0f,paperclip,Electrical wire tie,,,,,
f62bd17577cd8ed79661,fork,Pencil holder,,,,,
31599e1a34f9bc9c66fc,book,Sound dampener,,,,,
0f63bc6adaee195137e8,paperclip,DIY photo display holder,,,,,
68d70222bc81ec40302d,fork,Pencil holder,,,,,
5cd350e15b4c097109f2,towel,DIY craft material,,,,,
953b7047d1c96fbfd855,fork,Photo display,,,,,
5a90c657d5c1bdef4cf4,book,Bookmark,,,,,
641696202dc4db9e9ea3,paperclip,Temporary fix for a broken button,,,,,
1529d5cb8cbeff3f5408,paperclip,Craft supply holder,,,,,
1975c81ba34d5ac984a0,book,Coaster,,,,,
459dcc07346e0362ea68,fork,Bookmark,,,,,
c55e637a6fb22d04628d,can,DIY picture frame,,,,,
42209bb5afea8b69049b,fork,Plant label,,,,,
ebe4ca0cf1630198416f,can,Paint stirrer,,,,,
b81f603108ed742568c6,book,Art project base,,,,,
50577078809ee54d9d04,paperclip,Plant label,,,,,
f3fed55c513030949fd6,towel,Wrapping fragile objects,,,,,
2d6495ee041149a759e8,can,DIY photo display stick,,,,,
13dfd9254a6a29c88a95,book,Planter,,,,,
1c45560547d8c4ac56e1,towel,Wiping down equipment,,,,,
b6699cfd6d8d88e3979b,can,Paint stirrer,,,,,
8b52da49988eedb49aeb,can,Bookend,,,,,
804232e2a7f30f8b47af,fork,DIY craft tool,,,,,
bef6dafdc35f393fa06d,paperclip,Retainer for a broken button,,,,,
1d60748fc3f3dbfff32b,can,Scent diffuser,,,,,
37829865a6bf5cc3eea1,paperclip,DIY ornament,,,,,
84bea5d12fedf4499e22,fork,Candle holder,,,,,
aeeac06de57a8128a67a,fork,Painting tool,,,,,
6ca3d32577387526ffe6,book,Weight for doorstops,,,,,
8832551b5aef48b275e0,fork,Chalk holder,,,,,
948c89f23918038a39cc,paperclip,Bookmarks,,,,,
3c7fd33a116dec46a329,fork,Pencil holder,,,,,
cd6e6878131ad53147c4,book,Photo display,,,,,
1101332e8653ee85eb3d,fork,Paperweight,,,,,
df1d1c58b587c05039e5,fork,Picture frame hanger,,,,,
c5e0a71aaf89905aab3c,paperclip,Cord organizer for electronics,,,,,
f955df6a1567e3f95d51,towel,Dusting cloth,,,,,
968f9ee36562d0944015,book,Coat rack,,,,,
9f429be7e5f8f511d3d9,fork,Picture frame hanger,,,,,
3f7fcdc665deaf37154b,towel,Dusting and cleaning delicate electronics,,,,,
0cf379d31aeb9220ed6e,fork,DIY picture frame,,,,,
9e4ca6506cd87482cb74,book,Plant marker,,,,,
4ddb76d39df572f6e6be,can,Wind chime,,,,,
0d1f4774ae36afd22596,fork,Small tool handle,,,,,
5df30987cadd00639850,towel,Polish metal surfaces,,,,,
6177d43162017570f7e8,fork,Wind chime,,,,,
30bf4d7bb86cbabc840e,paperclip,Bookmark,,,,,
a1118db0a9e2f37489ed,fork,Plant marker,,,,,
505a83f59e82d5ec5635,towel,Polishing shoes,,,,,
61cb9004ec97bac8a301,can,Outdoor lantern,,,,,
1473af65ad7c2d6fb62c,can,Bird feeder,,,,,
feaf7a19276e2e833f0a,towel,Cleaning between keyboard keys,,,,,
154785f64f996da7749a,paperclip,Plant marker,,,,,
752cc5f184f7726829af,paperclip,DIY picture frame,,,,,
b997c7ede4f00675dd03,book,Paperweight,,,,,
3b3784ce7e9b995f397c,fork,Plant label,,,,,
dc8aa4fd0c4c94c7ef49,book,Photo display,,,,,
793991a0d87e4e9508d8,towel,Wiping down surfaces in the garage,,,,,
e53b10fc655a0ee95824,towel,Cleaning rags,,,,,
4d49ee368e43a397875e,book,Desk organizer,,,,,
5b2aff9b787b2a50ef74,can,Geometric art piece,,,,,
8cbebde8dc3d8b2e30ca,towel,Cleaning windows,,,,,
0a628cf2062cbcc2985b,book,Bookmark,,,,,
b559c17000a4a22f1596,towel,Photo background,,,,,
3eac556aeb04c54ce439,can,Pencil holder,,,,,
715ba7583847b20d1167,fork,Pot scrubber,,,,,
67a5660d9303e446c87f,fork,Paperweight,,,,,
33f4db962516247aa3d1,can,Decoration for centerpieces,,,,,
e7e210df2179613a80a5,book,Coaster for hot items,,,,,
2f729550722a226eabd8,fork,Herb marker,,,,,
e4b4ba8418b648139803,paperclip,Wind chime component,,,,,
e91606caf597b8487ffa,towel,Wrapping fragile items,,,,,
328fefdea5d4218ad7b7,fork,Mini easel,,,,,
839aa4a692e7741eacea,towel,For creating a makeshift rope or twine,,,,,
d97ea207385f663ad2f1,towel,Dusting,,,,,
e0ddd9ddde1b282d119f,towel,Cleaning up spills,,,,,
7a44a7dcee8589ecc754,paperclip,Wind chime accessory,,,,,
0c0c8da59d1e5cc53f64,fork,DIY photo display,,,,,
079acae2647501af0952,paperclip,Crafting material,,,,,
4bee3eae6d339765ab3d,paperclip,DIY photo display,,,,,
da6c561d6dda220c63fa,towel,Dusting furniture,,,,,
a3db6b5f193161807915,towel,Wipe down surfaces,,,,,
50864cccac5fa41530ad,can,Craft project material,,,,,
fbe5f96195fb567a9fb3,book,Book as a shelf divider,,,,,
7ac1d920736e59d6d9bb,towel,Protecting furniture from spills,,,,,
daca9697ff63bdb8abcf,paperclip,Craft supply for kids,,,,,
c5e1094856c6ca1508a2,book,End table centerpiece,,,,,
8f0b6021f79a365a9344,fork,Pointed tool for crafts,,,,,
c83792b5ecc3d3e0506e,can,Birdhouse,,,,,
a9c994de56fa00cc33c8,can,Craft project base,,,,,
897d9a4f0302aad4451d,paperclip,Temporary repair for a torn page edge,,,,,
652da8aaa44911e0d374,fork,Plant label,,,,,
8d9860951c10d32758a5,paperclip,Plant marker,,,,,
d9153a1a6f0d61dd1423,towel,Drying tools.,,,,,
943799f9ca48b2cc9c5b,towel,Wrapping fragile items for shipping,,,,,
f010055bb44b930e2e17,towel,Drying plants,,,,,
52f77bb66f96c351d21c,paperclip,Hair tie,,,,,
0a6328209974c6160802,paperclip,DIY photo display,,,,,
253f724b00e0004abad8,fork,Wind chime,,,,,
9f9192228e49e7f2a7cc,can,Tool rest,,,,,
19bc5a0a842c83448f41,can,DIY bird feeder,,,,,
ddecc2fc550b42446755,book,Desk organizer,,,,,
2c499195b0ce8918f5a3,can,Plant label,,,,,
dad1801f95b8457e886a,can,DIY bird feeder,,,,,
4e72d9e797c480ff4836,paperclip,Crafting material for jewelry and ornaments,,,,,
933d201b94fd0ad1adfe,fork,Desk organizer,,,,,
54571aac56f7098d30a6,fork,Bookmark,,,,,
332c7b8f70329320fb1a,can,Mini planter,,,,,
682c7ca35f5d9cb0548b,book,Gift for a host,,,,,
a00afe7e9ba92707145b,can,Pencil holder,,,,,
0d852fd00d134715d134,paperclip,DIY photo display,,,,,
b03f5a001e92945ee6da,towel,Drying delicate artwork or photographs,,,,,
c9399e4cb72475d1bc95,towel,As a drop cloth for painting,,,,,
1324771bf1b4e5a7a286,can,DIY photo display,,,,,
fa40e7cc3bd0cd41a048,can,Wind chime,,,,,
914a9569873fc26a0af7,can,Bag tag,,,,,
4945ac7935f48c9e52ad,can,Squirrel deterrent,,,,,
6eb99f27f428a3f50c49,fork,Temporary fix for a loose screw,,,,,
926fda9181687c754fe6,book,Decorative item,,,,,
6c9bd9faacec25711e2e,book,Prop for photography,,,,,
85b2dbc17ca850235952,fork,Bag hook,,,,,
4979e0221c5064bea681,book,Diary,,,,,
a309e50189a2e2b5ad88,paperclip,Wind chime maker,,,,,
78071dd12cb20beb4564,towel,Wiping down gym equipment,,,,,
6866a983dc4d29595439,book,Bookend,,,,,
d972d1b1e67975e953bf,fork,Desk organizer,,,,,
263e4f3627b6303fa541,can,Birdhouse,,,,,
ce870b1ef1d05852a380,towel,Gaiter for hiking or cycling,,,,,
1a769490b4cbf98acecf,paperclip,Cord organizer,,,,,
9c443074d13ac5980c9d,paperclip,Plant marker,,,,,
190fda20a0f98cba60e3,book,Plant press,,,,,
99c9f21cc92731e02a39,paperclip,Temporary fix for a broken earring,,,,,
a4e5849a9dbf57f400c8,book,Journal cover,,,,,
4b1dd8153f0e46eb0211,fork,Bookend,,,,,
ea67f894cc1ccc982330,paperclip,DIY wind chime,,,,,
77423f2bbe9339abd671,fork,DIY picture frame,,,,,
50dd75f6fd6547aa8cfd,towel,Protecting plants from frost,,,,,
f5cb1db3c858e2a5033a,paperclip,Wind chime component,,,,,
d88a22728e6ada46a5d3,paperclip,Emergency fix for a broken earring,,,,,
c7939fdca2dab130916d,fork,Plant label,,,,,
accd17ab4d91b53ea02b,fork,Pencil holder,,,,,
a719da9cec0d1601695e,book,Bookend,,,,,
957b2b9b8d367331bc2e,towel,Picnic blanket,,,,,
5903ed848c0e0359ed8e,towel,Absorbing grease and oil stains,,,,,
2483496bec94a8d7f9dd,paperclip,Plant marker,,,,,
d2f8463e925b72af1001,book,Coaster,,,,,
4fd1cf732d18196c7a26,towel,Dust cover for small furniture,,,,,
43a9a7879f00a7276ddd,towel,Wiping down surfaces,,,,,
87c3824c26285e16ffa3,book,Coaster,,,,,
c48ef2b6cbac00c76e88,book,Trivet,,,,,
a4c1ed3fa1689deb62f6,paperclip,Zipper pull,,,,,
4a641c01aa0980a05f64,book,Plant press,,,,,
6a1dff56c6abafe859d7,towel,In a craft project,,,,,
7094436f1a752b84bb1c,paperclip,Cable organizer,,,,,
efb696228ef5fed4dc86,book,Prop for a photography shoot,,,,,
76a0f2484adcf9bc124d,can,Planter,,,,,
3a9f4d27067f403abba1,paperclip,Bookmark ring,,,,,
a5ac80c44246387325a0,towel,Cleaning tools,,,,,
d67a5646688231a18656,book,Coffee table bookend,,,,,
5e233e787a2cd5aec352,can,Wind chime,,,,,
4e6f2dcbe0e121070136,book,Decorative item,,,,,
d49de51738db7e763d24,can,Bookend,,,,,
a9d726a30005cdc94590,paperclip,Bookmark,,,,,
7c59e537f59aabedd1e9,towel,Removing stubborn stickers,,,,,
6c2d60e0ce454a4fea44,book,Coffee table filler,,,,,
e0cc5225ee42b08d24c1,paperclip,Emergency hook,,,,,
610fadc1f644558c78ef,can,Windshield snow rake,,,,,
dbb5338440a46dc081a9,can,Wind chime,,,,,
88a7089c0dcd84496e16,can,Cake stand,,,,,
2da706cc3931cb4f1118,paperclip,Cord organizer,,,,,
d124679298d7bfcff234,paperclip,Cord organizer,,,,,
5732e1919c2656b7de36,can,Candle holder,,,,,
e52d84c262060b6d54dd,towel,Drying delicate items,,,,,
c557f1df2aa952f5dddb,fork,Paint stirrer,,,,,
bec937a3ad90616f7dd6,fork,Bookend,,,,,
91d9097d120d61aa8340,paperclip,Flag marker,,,,,
7db1ca42104d41dc1365,fork,Plant label,,,,,
602ad1bccaaade7d7295,towel,Cleaning car surfaces,,,,,
b51ad939901e04f9ef13,fork,DIY wind chime,,,,,
63a8f4207a7e16dccbe5,fork,Bookend,,,,,
70d50c29f7060563e773,fork,Plant label,,,,,
aba8363546020acfc8e5,book,Base for a DIY project,,,,,
9602862e0fa8f4592632,fork,Craft stick,,,,,
86db98629d986173bfe6,fork,Jewelry organizer,,,,,
a34eff25f971107ec18b,book,Desk organizer,,,,,
2a33ab5ab7b316acf1b8,fork,Desk organizer.,,,,,
b0a025b212419bdd2bae,fork,Sculpture material,,,,,
d4b8c8a50f9402837c4c,can,Ice scraper,,,,,
b0e4300ab777b4409a3b,book,Desk organizer,,,,,
339a77c98f9ff0a509d5,paperclip,Cable tie,,,,,
9a26a5bf92c3e49e540f,towel,Drying freshly washed dishes,,,,,
37f62a2fd6b16ca9e12f,paperclip,Temporary binding for documents,,,,,
bfb9d25ccf0fec8833f3,towel,Cleaning mirrors,,,,,
bef69a2b1e62cb5804ec,book,Trivet,,,,,
25b757e357e58ebeea72,towel,Craft project material,,,,,
56bef86dfce7c202a1a4,towel,As a drop cloth for painting,,,,,
c913fe456ceef211c6ee,towel,Cleaning mirrors,,,,,
3464f8af15c171fdca24,fork,Object holder,,,,,
6020d0c9374e789be497,towel,Creating a fort or playhouse,,,,,
b15a1cf570de942fa629,can,Wind chime,,,,,
cc1026f92bc129bad5c8,towel,Polishing jewelry,,,,,
59410faf1476f847c2ae,fork,Mini picture frame,,,,,
59a135ae49de8954a048,can,Paint stirring stick,,,,,
a87cac280aab0a73af6c,book,Desk organizer,,,,,
495a033e4e3de8a6e2c4,towel,Protect furniture from spills.,,,,,
1dfa83200c008b188126,fork,Measuring tool,,,,,
d6dd8b6bc735832dc044,can,Candle holder,,,,,
136865e10f5049371a15,paperclip,Impromptu bookmark,,,,,
843fbfab5b973bc22101,fork,Candle holder,,,,,
74ac4d5324d324dbfb66,book,Gift wrap,,,,,
09b8fd47fc03ad09d32f,book,Book as a planter,,,,,
a49903f964c2b94bde96,paperclip,Plant label,,,,,
7cd8af2e925854b06e66,can,Pencil holder,,,,,
132d4ad7ff52623445bd,fork,Plant label,,,,,
9bb81ffa172aaf85a6fe,book,Prop for a photo shoot,,,,,
dc7ce5969a3167d74373,fork,Candle holder,,,,,
55773f40ed2f6cd7609d,fork,Paperweight,,,,,
9fa52bb8e15f0dc64275,paperclip,Magnet holder,,,,,
8394dc7a4bc3092eb074,towel,Cleaning windows,,,,,
7575097b7a49087eefdc,fork,Pencil holder,,,,,
50b60d02029475dcd940,can,Photo display,,,,,
585a4d08ed754a6778c8,book,Desk organizer,,,,,
b136ec451ea884a1d83b,towel,Cleaning windows,,,,,
fc7f8dc56cedc17bba92,paperclip,Bookmark,,,,,
177b4498f1e19bf56182,book,Desk organizer,,,,,
daa2db0ba16b5ea6e7a1,towel,For drying fragile items,,,,,
dc35db5486ef74032d57,book,Wall art,,,,,
85a9c742238e72f7579e,can,Wind chime,,,,,
339265599737bec24dcf,can,Cord management tool,,,,,
4b7be39df8febe7b38ab,fork,Mini plant marker,,,,,
a6b7ab46cee59ab8c63d,book,Paperweight,,,,,
0049fb5628d4f560c7a9,can,Mini planter,,,,,
a7c24bbd0556c6d2bd87,fork,Plant marker,,,,,
a9ee19fd7a33244a1eed,can,Bird repellent,,,,,
2183a4f0b4a5cacbbd1a,can,Bird feeder,,,,,
424b503f0311ad20d006,book,Desk organizer,,,,,
a76b0a201cdb7ca8b621,towel,Painting smock,,,,,
cb4830aaa80c0fe9d3c2,can,Candle holder,,,,,
290ca745d44111a5449c,towel,Wiping down exercise equipment,,,,,
934d3538eb5de6b7d366,paperclip,Zipper pull,,,,,
14b3289c3d1e8ed7ebec,towel,Cleaning delicate surfaces,,,,,
67e0d797b07a7daaabe0,can,Cable tie,,,,,
eec0e86d59dab67a57e3,book,Storage for small items,,,,,
95816c17a2c43a7a8cde,can,Mini squeegee,,,,,
d8c2703a23a40170df3a,towel,Painting surface protector,,,,,
0a4cc88a0b4f2e1655df,towel,Removing lint from clothing,,,,,
288a16a7e48753f18d88,towel,Cleaning rags,,,,,
ff650352c5b072de5386,paperclip,Mini sculpture component,,,,,
5d082eeb48c4e97d727b,towel,Polishing metal,,,,,
d57f264974d2ea0e1ba7,can,Picture frame,,,,,
96da5abf47c55922d7b3,towel,Polishing chrome,,,,,
9f90af7be435c6f97591,towel,Cleaning outdoor furniture,,,,,
703197c15ea0c30f0ce3,book,Journal or sketchbook,,,,,
098c96a2826200492e82,can,Coat rack,,,,,
980d333a269c6b70926e,towel,Insulating small electronics,,,,,
359779eb9d4807fa4492,can,Photo display,,,,,
8703901c6ca1b52863bc,can,Seed starter,,,,,
49393fba14b7bd55ea79,paperclip,Sculpture material,,,,,
8568d6dfb9ae252e5d02,paperclip,Phone stand,,,,,
428c1ffd64336e9a5c77,book,Bookmark,,,,,
855030a940e830021dba,towel,Creating a makeshift rope,,,,,
9c06214991f74955ef5d,can,Room divider,,,,,
f5edd6cd4ce56b546420,paperclip,Bag clip,,,,,
61b2920ec9d98508a956,book,Gift wrapping material,,,,,
5560cfb8a69204007774,towel,For drying fragile items,,,,,
4f6e9034734df7a75ea0,towel,Cleaning windows,,,,,
759b12ef1b307887c632,can,Pencil holder,,,,,
dbb0e1dfb8209bf3fe6f,book,Coaster,,,,,
8cd0caa7826af5a0e67e,paperclip,Zipper pull,,,,,
ff2042cd62e5971826da,paperclip,Temporary fix for a broken zipper,,,,,
c72daab8723f46ea57c2,book,Desk Organizer,,,,,
c44668049a77644c3fbd,paperclip,Cord organizer,,,,,
47d1dd86a3e49824e4df,book,Gift,,,,,
254f2c30a2e0d0e65f43,can,Gift box filler,,,,,
9afc14a2df7de7628db2,book,Paper mache base,,,,,
6cb326fa9606f7021cfc,book,Plant press,,,,,
def903a6f646c43179c1,fork,Pencil holder,,,,,
489a9a1ccffcd3f2da39,fork,Sculpture material.,,,,,
288fff1d7e220cb2b143,towel,Cleaning dirty windows,,,,,
e3d5d89c2b544fa1f77a,can,Paint stirrer,,,,,
449fdd4df5aca72c1ade,towel,Pet drying tool,,,,,
1220ec09df28fe6f145a,towel,Wiping down surfaces,,,,,
8a03f940b82725499b92,book,Doorstop,,,,,
90b095a635600e0bd8a3,fork,Photo display,,,,,
ec5543491192adfdb272,book,Book as a prop for photography,,,,,
6bbd7056d97e2a8eba4d,fork,Jewelry organizer,,,,,
8194e7ce2c5385301fe9,can,Decorative item,,,,,
8b26b23c0e18a9ccb06c,can,Candle holder,,,,,
c2750b376d398bd60ad4,paperclip,Emergency screw driver,,,,,
44277abd879ba0b38933,fork,Photo display,,,,,
78dafcbe24eea526db46,towel,Painting drop cloths,,,,,
2e56879e133ccaac101e,can,Scented diffuser,,,,,
a4688bd83f23a8f47563,fork,Wind chime component,,,,,
f1a676a9906ba33715fa,fork,Candle holder,,,,,
d2eccd516761efc37072,towel,Cleaning mirrors,,,,,
dfa69809974aa28303d7,book,Prop for photography,,,,,
b65c44ab3146f89748d1,towel,Yoga mat,,,,,
af90143f3562fdb1e6e3,fork,DIY photo display,,,,,
5cfc49b57a950ed82f83,can,Pencil holder,,,,,
4c7266e0e357bfdbb247,paperclip,Cord wrap,,,,,
9d8e18d1d5bc44bf134f,towel,Cleaning delicate surfaces,,,,,
0c91f429778188cc36e6,paperclip,Zipper pull,,,,,
b527c64e326d1ca75232,can,Bathtub caddy,,,,,
b2a7ba7fc7188055ecab,towel,Polishing jewelry,,,,,
b9f4033f31a38a7435a2,can,DIY photo display,,,,,
ab799e7e125c8958d7c9,can,Paint palette,,,,,
ba51616ea08674da10ff,paperclip,Cord organizer,,,,,
037357d72e9dd782df27,book,Bookmark,,,,,
b2becf335a05755058b4,can,Bird deterrent,,,,,
d1f26631c1c497366659,paperclip,Cord organizer,,,,,
e9fff4d8c5bdeb614c9e,fork,Plant label,,,,,
83afdc6d81acd6325041,towel,Dust furniture,,,,,
4abaa96c4986bd3f21df,book,DIY birdhouse,,,,,
d99f94daac1ebcdd3b78,can,Craft project material,,,,,
0046704f2d3854c701de,towel,Weights for stretching exercises,,,,,
1469549c50bf253e694e,can,Bookend,,,,,
59d8dd887c027e8ff817,book,Decorative item,,,,,
c36a2af0d4c58380cae2,fork,Plant label,,,,,
d3eaaa6ccd223e326c3d,towel,Craft project material.,,,,,
2a2334e998a68a4aab66,towel,Camping mat,,,,,
db112376e9f39f477760,can,DIY photo display,,,,,
bfb930aaa68c59093940,fork,DIY wind chime,,,,,
ce45d248d68d1662cbd3,fork,DIY wind chime,,,,,
a7ed7652c6bb84077362,paperclip,Temporary fix for a broken zipper,,,,,
6fb6e371cd7e09e04606,paperclip,Plant marker,,,,,
c27009ae546e33a49097,fork,Object holder,,,,,
8e5970758c26af05fae9,paperclip,Cord organizer,,,,,
8e7731c65c5d62a9fe8a,can,Chopstick rest,,,,,
95bfcb51f9dbba617f0d,fork,Temporary bookmark for books,,,,,
2ca1d8ca1126725c1a55,paperclip,DIY wind chime,,,,,
f56e02e884086b057d3d,book,Packaging material,,,,,
1316439f4677368e611c,book,Gift wrap,,,,,
072a76842a131b0a9cd4,fork,Nail puller,,,,,
58d9e44d9ac19c81919f,book,Kindling for fire,,,,,
ca1ea0e5918ef76cd7a8,book,Bookmark,,,,,
0045ebc629a474273a77,towel,Impromptu blanket,,,,,
994a8851387941f4d57e,can,Potpourri container,,,,,
6a5cf9d6112f314a1fdc,towel,Tablecloth,,,,,
22d43a7a48fb076fc9b5,fork,Tweezers,,,,,
3bf55daaa75e4864154b,fork,Mini sculpture base,,,,,
5e3729c93353d8116603,paperclip,Zipper pull,,,,,
145f5101b172e8ea5f4d,fork,Drumstick substitute,,,,,
bc8ceec791f0ddfc4bd9,can,Plant marker,,,,,
3b29558b816fed3f6d62,book,Crafting material,,,,,
6b948ecb32b45520797c,can,Desk organizer,,,,,
57e1f57ca3bd35e056f1,book,Weight for a doorstop,,,,,
5bcd61a325a47dc46631,towel,Cleaning spills and messes on floors,,,,,
4b71c32e2f555fd567c9,can,Marble run component,,,,,
dd8b20a3e63224a50fa4,fork,Pencil holder,,,,,
45655d0c0a7080752ef6,paperclip,Craft material for jewelry making,,,,,
07d0d9bffb569a60c538,towel,Dusting ornaments,,,,,
0d765d51b83be48add4c,fork,Homemade musical instrument component,,,,,
3bf4027052758eba8062,paperclip,Desk organizer,,,,,
04bd39bb6054e244b1d0,towel,Photography backdrop,,,,,
9addb7e35a4bb0652b57,paperclip,DIY wind chime component,,,,,
437123543afeddc6a852,can,Decorative centerpiece,,,,,
7586f39a486208df600a,book,Picture frame backing,,,,,
f3cd4a460809e90b5793,book,Paperweight,,,,,
9bcdf764a5a217de0130,fork,Sculpture material,,,,,
943682aea9a8eb7488b6,can,Mini greenhouse,,,,,
1fefb857159bd42dea43,book,Coaster,,,,,
c02479908d4b93c29eaf,book,Sound absorber,,,,,
5439530e243c679d9dcb,towel,Wiping down kitchen counters,,,,,
cab064432743b8d40091,book,Desk organizer,,,,,
1fa13149ed8414f667f4,paperclip,Plant marker,,,,,
bd47e4d1bcd5c93ada44,fork,Mini drumstick,,,,,
12bf14f1119ae7c2ae92,can,DIY photo display,,,,,
0dce45bfc22ae80d4fad,book,Paperweight,,,,,
213554f43a312e6a872e,paperclip,Plant label,,,,,
cf6507d0701bfd7ea56a,can,Birdhouse,,,,,
bf6007ae9003ec4d3788,book,Weight for a birdcage,,,,,
d0275fba4bc3fd9c5503,can,Wind chime,,,,,
0a5c92bcbb6061fe0bd5,can,Bookend,,,,,
3038200c0543244fd677,book,Art project material,,,,,
10adbb5993d39e713687,fork,Pencil holder,,,,,
173345892df4aa4aa7aa,paperclip,Temporary repair for a torn page,,,,,
fc1e3327161487ca4f5f,towel,Dusting surfaces,,,,,
2fbd3fb7bc674655ee48,paperclip,Cord organizer,,,,,
9200fd302505884a46a6,fork,DIY bird feeder support,,,,,
24252b66aaeb23ea9fa0,can,Wind chime material,,,,,
db11e5fa5ea35ac9daba,paperclip,Plant label.,,,,,
a08f585be725251c40ce,towel,Stage prop for theater,,,,,
69cfe5ec1c66047957a7,fork,Mini shovel,,,,,
efee9f07775b42bd089b,book,Paperweight,,,,,
02aa47e9546b49a5db1d,can,Plant label,,,,,
a5a051360f4aee605ba9,can,Sculpture base,,,,,
3d566e3730e7a2b57d46,fork,Tabletop planter,,,,,
e7d90fc979129ce99527,paperclip,Temporary repair for a broken belt,,,,,
0e8f97bd410151800ed3,can,DIY craft material,,,,,
2638719bf4ab80358c44,fork,Pencil holder,,,,,
a4020896ea62fcad418e,can,Desk organizer,,,,,
c430edb13dcd71d76858,can,Drumming tool,,,,,
9741767687c415363996,can,Macrame project material,,,,,
4c69dd83b7df9c30d16b,book,Prop for photography,,,,,
44e8627763ff74b86e61,paperclip,Cable organizer,,,,,
e19de08e1aea7aa08668,can,Picture frame,,,,,
00c393a5411940285939,paperclip,Zipper pull,,,,,
104ab43a481dc111b536,fork,Decorative item,,,,,
fceeaf32776ed89fec95,towel,Beach mat,,,,,
232166a71850399e4b1e,fork,Photo display prop,,,,,
188d219d77ddf2b46552,can,Mini storage container,,,,,
c6ae1168bbea4080bbb2,fork,Paperweight,,,,,
70603baadc3eaefd3919,fork,Seed starter,,,,,
69c166bea0f7609d9830,can,Bag weight,,,,,
07458ea22fd1ba2d014b,book,Bookmark,,,,,
4094b3859030dd4a1996,can,Pen holder,,,,,
576c02373a25a47435a4,towel,Fire starter,,,,,
df692081d5166e3a3dca,towel,Throwing over a shoulder for added warmth.,,,,,
d9181367522319395dc6,can,Wind chime,,,,,
bb7cf86193da721e2c01,can,Bird feeder,,,,,
15521c56a335c729b69f,book,Recipe book,,,,,
7aa4aff49b75dc9ba511,towel,Cleaning windows,,,,,
1c17258126e57f73a68f,towel,Wiping pet paws.,,,,,
6731c6c3ca4f661839a8,paperclip,Plant marker,,,,,
3c0739abd1f8f16cfe05,fork,Picture frame,,,,,
f800d27350983a7d7639,book,Prop for photography or theater,,,,,
549a667a3742e7e53b4a,fork,Craft project base,,,,,
722700ae5547b3c778bf,towel,Cleaning jewelry,,,,,
3eef05cfe35c41581a4b,paperclip,Bookmarks,,,,,
bff00597e935a14f0d01,can,Cable tie,,,,,
196e1943832860a48b7a,fork,Pencil holder,,,,,
55ce09ab2384a1ba8b7a,towel,Makeup remover,,,,,
6996c755ee076e1cdfe0,paperclip,Bookmark,,,,,
e76c12b356862a4acd81,book,Bookshelf divider,,,,,
7f897add109e15d5a10a,book,Paperweight,,,,,
34409e0ecc3f9b2305cb,can,Pencil holder,,,,,
e64cd3e0b7b7a4619afd,can,Material for potpourri,,,,,
b45a7a6c31b0d8e21733,towel,Polishing cloth for jewelry,,,,,
9e4a21492d62342f2f48,paperclip,Cable tie,,,,,
bf4b224c8ed2a0c4edd6,fork,Plant marker,,,,,
8248dc6c87e6c2005369,paperclip,Cable management tool,,,,,
20d3b30d4d301bc168c5,fork,Pencil holder,,,,,
479fb8e16a913fe6bb15,book,Paperweight,,,,,
1b9468ec03350ffb01a6,paperclip,Wind chime decoration,,,,,
264692765740809cdc06,fork,Paperweight,,,,,
987523dd000f62cab426,towel,Polishing furniture,,,,,
2d2b5bcdf0a80b065e85,paperclip,Mini plant label,,,,,
3242f1724150ee00a8f7,can,Pencil holder,,,,,
4609b28bdaae441f56b8,paperclip,Stop for a pen or pencil,,,,,
e315d0054742ef97f406,fork,Candle holder,,,,,
84901e1dc1678220cfba,can,Sifter,,,,,
98b2006eaf09dd2cb09b,paperclip,DIY craft material,,,,,
68b90ba73675163e39cf,can,Outdoor lantern,,,,,
e10cdfb3019b95557d66,can,Plant marker,,,,,
86d22dd8aa6ec269ddbc,book,Desk organizer,,,,,
a374a20070d41d219dd5,can,DIY photo display,,,,,
f9066d6f596fd0c58f25,fork,Pencil holder,,,,,
9f4cc95ca8ec0850d61f,book,Desk paperweight,,,,,
e66d2e45eddf42616804,towel,Drying paintbrushes.,,,,,
d698031ff42d74fe6988,book,Paperweight,,,,,
b41242475e0cffbee843,towel,Supporting a makeshift table or counter,,,,,
a496ef19534d1fea475a,fork,Plant marker,,,,,
555adfa1f8c4aaa7f106,can,Plant marker,,,,,
b923277dfe9d3e4e0c9c,fork,Paperweight,,,,,
9b17a25e90affb958dae,towel,Removing stubborn stickers,,,,,
4bc8ffe9aad3486dd5a9,book,Weight for a picture frame,,,,,
67e6a50333a3a8987c0c,fork,DIY photo display,,,,,
91e70382ce091c5f10ad,fork,Business card holder,,,,,
68facf6277e035c99d97,fork,Plant label,,,,,
b17940c3e54fa815376f,can,Measuring stick.,,,,,
d381e6a7347d2a9e136f,book,Photo Display,,,,,
ef398a60f3510d5dc349,paperclip,Emergency fix for a broken zipper,,,,,
2bb6d165c0dfd46c6fdb,book,Bookmark,,,,,
7f006a022c0665ce55d7,can,Plant label,,,,,
ced9690b6af6ef27336d,can,Geometric art piece,,,,,
486cace30ee24f60cd62,towel,Cleaning delicate surfaces,,,,,
6513b97f061d272fead6,can,DIY picture frame,,,,,
8e984af1d13b35811916,towel,As a barrier for painting doors or walls,,,,,
201e989873980d265e07,fork,Pencil holder,,,,,
64d9517fe51bb8ba718a,towel,Making a picnic blanket,,,,,
fecb8ae2bf9b05d11718,can,Planter,,,,,
0bb51f30f556b3aadda6,can,DIY photo display,,,,,
ecf66ef023c466d6a6d4,towel,Cleaning windows,,,,,
1da47e4da792882be78d,book,Decorative item,,,,,
3d8b14a1933f9e52b170,fork,Cord organizer,,,,,
ad787b9c913ab5201728,fork,Picture frame spacer,,,,,
37e14d07dd69dd2323da,paperclip,Weights for a homemade bird feeder,,,,,
907e2549cd85059b9608,towel,Emergency blanket,,,,,
c10165b1e2d1d5dcf640,book,Music stand,,,,,
05c93a10eb705b3c464c,paperclip,Photo display,,,,,
7f91ab97ed1356be64ac,fork,Candle holder,,,,,
9e5f267e815d4f397401,paperclip,Mini bookmark,,,,,
8e91e796183ea64e0aba,towel,Lifting heavy items,,,,,
be7d0231f62ac75f909a,can,Clock part,,,,,
a136ff4cc92a1d42ea9f,fork,Desk organizer,,,,,
363c73bffdc4b9cbcaa8,fork,Sculpture material,,,,,
e20d684952b30b144258,fork,Magazine rack,,,,,
dc9aef7bfc035ea36b79,book,Gift for a sentimental occasion,,,,,
07ac965c3578ca2290c2,can,Planter,,,,,
d859535a674cf11c690d,can,Herb garden,,,,,
e2d14e5d928e1421b3ce,paperclip,Wind chime component,,,,,
2d49a603b4d90ab0ceed,paperclip,Emergency fix for a broken zipper,,,,,
3318ef34741f8ac07af2,can,Pencil holder,,,,,
5f4797a6f50a24d5ed05,book,Plant marker,,,,,
e6748b854b1b8a4eba7e,paperclip,Plant marker,,,,,
8c40051a33c13fb90793,book,Bookmark,,,,,
5487de15952c34171062,can,Herb garden,,,,,
c59cec592acbc9e7426e,towel,Cleaning surfaces,,,,,
5598fb27379bbcd4a847,paperclip,Plant label,,,,,
79709dc6b1cc3191fc91,paperclip,Temporary fix for broken zipper,,,,,
243ba12f24a36631d8f4,can,Bookmark,,,,,
20c0f117dcc693bdc784,fork,Meat tenderizer,,,,,
2f4608497384e68e884f,fork,Bookend,,,,,
9a654252fcf00705a4e4,fork,Mini planter,,,,,
bcfd6f61921cb7b9ce29,towel,Polish metal objects,,,,,
cd3364d8618e6f168931,towel,Dusting surfaces,,,,,
21e2e3f2fe45527f0ce4,paperclip,DIY photo display,,,,,
04b1704e28cf886fbc0d,book,Weight for a birdcage,,,,,
b9a21cad54f7f19af421,towel,Pet bedding,,,,,
643efa80aae9b5fdcb47,can,Wall decoration,,,,,
1186d5264ec18cca1d06,paperclip,Geometric art project material,,,,,
69a20437b91b453075f3,fork,Pencil holder,,,,,
35883d9bd2a8c3264f97,paperclip,Sculpture material,,,,,
6d66343d2b297022b1ec,towel,Wiping sweat,,,,,
87cb5e44dc3637bfc709,towel,Photo shoot prop,,,,,
c88b976365a01e4da4cf,can,Birdhouse roof support,,,,,
93195f646cfa42f0316c,paperclip,Zipper pull.,,,,,
6f2c9d6d81f7e6735546,can,Bookend,,,,,
abede82e5c608158d3e2,can,Geometric pattern maker,,,,,
5d8b17048fc6e5ca567d,paperclip,Bag clip,,,,,
00841f50c9df8eea7e9a,fork,Paint scraper,,,,,
c61941d58ea8a5cfe66b,towel,Wiping down electronics,,,,,
8994c49ba58294e8217e,book,Plant press,,,,,
77164c06ef352bed5e00,fork,Nail puller,,,,,
6191859817654480133f,can,Paint stirrer,,,,,
6a830778d5fdd7ce286c,book,Bookmark,,,,,
052f5a2f8401b4eb477f,towel,Drying plants,,,,,
7b51009dffc94c132627,book,Trivet,,,,,
3c223fbdc29d4b035ec4,paperclip,Cord organizer,,,,,
44adec5a52e5ee251011,book,Paperweight,,,,,
19444a4c77f74520a447,book,Book as a plant marker,,,,,
ab48c443406894a2aae7,paperclip,Plant marker,,,,,
dc2f5d1f79d467e43196,can,Macrame project material,,,,,
f17e48c8933d2f9ec270,can,DIY wind chime component,,,,,
78bdb84c29b91c4b8ec8,towel,Removing stickers,,,,,
79fe9ffb0c8a58a7803d,towel,Drying fruits and vegetables,,,,,
c1256b2d49706373c830,can,Soap dish,,,,,
71c0088dcca05e3d7983,towel,Creating a makeshift picnic blanket,,,,,
9a0f785f6c1656a35ea0,fork,DIY wind chime,,,,,
ba6797789c999dadea7c,fork,Sculpture,,,,,
0e2c3ebbeb5c6f8b9d58,paperclip,DIY jewelry,,,,,
caf63462dcb3f02fb0f7,book,Decorative item,,,,,
fb2e22cb5a5453ea4eea,can,Jewelry display,,,,,
31aedda4a78137d19cc3,paperclip,Weights for small objects,,,,,
c96391db80420f7a5966,towel,Cleaning windows,,,,,
390359e64fe558b532a8,towel,Polishing jewelry,,,,,
30117708467750c37b9b,fork,DIY bookmark,,,,,
aeef038d2a90cab5ec59,fork,Mini shovel,,,,,
756a0d7e88ae6604b38e,can,Planter,,,,,
7e412d59191ee0faabcf,paperclip,Cable tie,,,,,
9b8301cba2837891d957,book,Gift wrap decoration,,,,,
2c2087832d647ea8eec2,towel,Cleaning car surfaces,,,,,
b931f1aec13d1e59e493,can,Planter for small plants,,,,,
a9b70d8d439496e0b247,fork,Sculpture material,,,,,
97a81049a8ccce0ae6d2,can,Level indicator,,,,,
21cdc465810eab5d8122,fork,Measuring device,,,,,
3ab5556f4efa9234487d,towel,As a drop cloth,,,,,
e731e399166faea436c7,fork,Tension gauge,,,,,
e9e966777c9385fa9f4e,fork,Craft project base,,,,,
d4013c1aaf4361b47c31,towel,Dusting furniture,,,,,
0de6e1ec07e67978ac56,book,Paperweight,,,,,
f04569094bb0fc6abaa0,towel,Temporary fix for a broken zipper,,,,,
e28494f475586f4f9f2a,paperclip,Mini photo display,,,,,
42fab180a6b813146b41,can,DIY bird feeder,,,,,
22da91ee7ff675b327fc,paperclip,Magnifying glass holder,,,,,
4420288714041126d9ad,towel,Covering a picnic table,,,,,
250bab8d12c205c377e4,fork,Bookend,,,,,
4f9bb29fc85bf7114e03,can,Fire starter,,,,,
1064d76e5c1cad230952,fork,Paperweight,,,,,
0d9eaa82d281923721a8,can,Measuring instrument,,,,,
22b60b5a822cc86ab69f,towel,Wiping down surfaces,,,,,
9e49778f605f3828d9c5,towel,Photography diffuser,,,,,
96748117bac49e576200,fork,Candle holder,,,,,
ca8bf23ea6562e8264d3,paperclip,Emergency rubber band substitute,,,,,
c9b6028700c0db080717,book,Gift wrap,,,,,
a56c415392e3ea82c5de,can,Mini bird feeder,,,,,
590eee3126caeb29d125,book,Desk organizer,,,,,
40f807ba16cd8da12d87,fork,Spreader for spreading fine materials,,,,,
17abbec4a35bae9052a9,can,Photo display,,,,,
77fb223cefedac11e3ac,towel,Cleaning delicate surfaces,,,,,
67fb206fdab1b5921a1f,fork,Bookmark,,,,,
abb6a0125fc5a58171e4,towel,Drying laundry,,,,,
70914101476adca95e18,fork,Pencil holder,,,,,
6116dc651a9465690497,can,Cord organizer,,,,,
d11956c2a404c2bdde4a,fork,Wind chime,,,,,
804a76ed4c9a9da23c6b,paperclip,Zipper pull,,,,,
158b493be9b8eb207346,paperclip,Bag clip,,,,,
331e4732afb31951657d,book,Art canvas,,,,,
24bd117d47b35a3f4966,can,Candle holder,,,,,
4b4e20ecd56de9f1bb57,fork,Pencil holder,,,,,
7ab419fb471259a07ec4,book,Desk organizer,,,,,
686b10d7e93439b62c44,can,Bookend,,,,,
2c0e9276963d077349e8,fork,Decorative vase filler,,,,,
a809ef470cca87d4cb98,towel,Insulating pipes,,,,,
de361f8bf5a528ef8328,paperclip,Bag clip,,,,,
f55c5be61b1b0d87d484,book,Desk organizer,,,,,
2467c0f7368ac791c101,fork,Candle holder,,,,,
c7a0cd663d9ab4eb006c,book,Book as a headrest,,,,,
73ce75c0882d287d7703,fork,Bookmark,,,,,
e22fa4e18e792de428e8,towel,Impromptu picnic blanket,,,,,
ae79de6cb024275e0cc2,towel,Beach umbrella stake,,,,,
916078962266e3b286f2,can,Fireplace sparkler holder,,,,,
16fa582d44cde97d8bc0,can,Plant marker,,,,,
f8688312361663a79fb1,can,Plant label,,,,,
2850cd0ebd42663d04c5,towel,Absorbing oil spills,,,,,
0ae6aa30b7f18324fa6f,towel,Cleaning up spills,,,,,
a27875eda1378bcbae6e,can,Homemade drum,,,,,
ec205eafdae76b5a2901,can,Paint scraper,,,,,
08356f8beb0cb52c37c8,paperclip,Bookmark,,,,,
fa7aedc23d0eef1aa4ac,can,Wind chime component,,,,,
2882ad5c9c61d1361a67,book,Decoration,,,,,
8de41525012f4a1d07ed,book,Gift wrap,,,,,
e977010ae33ccf21674d,paperclip,Pencil topper,,,,,
e7b501ffb49cd8777821,towel,Painting smock,,,,,
344535aa7cb29be3c166,fork,Craft stick holder,,,,,
828ab6145372e554f770,can,Wind chaperone for plants,,,,,
c9bf6211404af3d8a972,fork,Mini plant pot,,,,,
e9bae747c83536444a11,book,Music note stand,,,,,
d7dab73d296e37ca5be2,paperclip,Plant marker,,,,,
55cb784f2b127c4c33d6,fork,Spreader for spreading fine materials,,,,,
8f177e9871b6200bfab8,towel,Protect furniture from spills,,,,,
18f8472377a89398ea29,book,Photo prop,,,,,
401d3bbb943d41b1a470,can,Bookend,,,,,
7ada2c067ed2c93444ec,towel,Absorbing oil spills,,,,,
f006ff02388e987fc59c,towel,DIY photo backdrop,,,,,
b9958828b10092398d53,paperclip,Hook for hanging small items,,,,,
0950183c1ccfef1a38c1,fork,Plant label,,,,,
461be065e2da5c6842ed,can,Herb planter,,,,,
80a6366406bd019c369f,can,Bathtub shelf,,,,,
4535405935d152970e04,fork,Tweezers replacement,,,,,
5c7a677e6362e7ef4371,towel,Dusting blinds,,,,,
f28b6e957698d1bac7ef,fork,Measuring stick,,,,,
2fa16397a44c7056fb8b,fork,Mini shovel for small plants,,,,,
db8e68c2a144b13b0889,paperclip,DIY wind chime,,,,,
51e5ae86eace58e5b662,paperclip,Cord organizer,,,,,
44b107eef52d03966beb,fork,Measuring gauge,,,,,
2bf3e783b3ed4ae2bab3,fork,Cord organizer,,,,,
9f2119e1374a02da4332,paperclip,Cord organizer,,,,,
6faf0e157df386a3826a,towel,Dusting surfaces,,,,,
85d80ba38e73bc347b45,fork,Wind chime component,,,,,
8b3047499e31c90cb0e9,book,Coasters,,,,,
5409d47364ca47d94ffc,paperclip,DIY photo display,,,,,
9143d78b0eded71f25c9,book,Bookmark,,,,,
586714848c8d9485ce1a,book,Desk organizer,,,,,
60fbc0db5930f2cf65ce,book,Bookmark,,,,,
0d826b1d070f837dc098,paperclip,Guide for straightening a wire,,,,,
c9510b6036b9f5d387fd,fork,Crafting tool for paper mache,,,,,
c34ce310dee0bd462cf8,fork,Bookend,,,,,
a8c92aeabcedf9ed8409,fork,Emergency tool,,,,,
0798f0f512b30a1e0bc4,fork,Bookmark,,,,,
499eb35e7a852cea0f99,towel,Polishing metal,,,,,
bd6e5749b6fc5e66328b,towel,Insulating a fragile object,,,,,
cfa38d754c968b7e7d01,paperclip,Temporary fix for a broken zipper,,,,,
aa9e62a73c92e7a25037,towel,Dampen newspaper to prevent ink smudging,,,,,
433b92f6a6c65a05e6f0,fork,Geometric art element,,,,,
abcc966b425b378e8e55,towel,Painting dropcloth,,,,,
79be1a98c9e16d8f95bb,towel,Polishing metal,,,,,
6e5699c2b77befd2b819,book,Fire starter,,,,,
026931b466d92cb60032,paperclip,Masking a screw head for painting,,,,,
0b13f5a9c0c1487471dc,book,Desk organizer,,,,,
f668dc433ba32bf3dd7b,paperclip,Plant label,,,,,
852cf4ac5b20bc88d0cf,paperclip,Temporary bookmark,,,,,
1e4bfbe4ca98eafa465e,fork,Pencil holder,,,,,
9ab56457a8ecb626c8f3,fork,Candle holder,,,,,
24e6be6bfc0a344776f6,can,Self-watering pot,,,,,
092ad9a7b05135950e0d,paperclip,Page holder for recipes,,,,,
49e11345756fff3a7504,paperclip,Zipper pull,,,,,
e2879070061719728c08,can,Cord management tool,,,,,
26d13e44305f6fdd2e58,book,Paperweight,,,,,
54fe2fcd3eadf4e5b7a8,book,Coaster.,,,,,
42efe47f0b6a3ef9b076,book,Desk organizer,,,,,
55c841f7ba0d84586742,book,Wall hanging,,,,,
73f24ae2c55e1056a5f5,fork,Paperweight,,,,,
f11b3883403259374fb0,can,Curtain tieback,,,,,
c1edbb5d433f66ddb32e,towel,Removing stubborn stickers,,,,,
bd94306dd9e38fa31cc5,paperclip,Bag clip,,,,,
bca7b38186977ea8b76b,paperclip,Zipper pull,,,,,
750f0a94bdf7fa5f0f11,book,Bookend,,,,,
4b53afb90dc738e9bb62,towel,Drying plants,,,,,
f5e2fed0f124c3104f43,towel,Polishing metal surfaces,,,,,
49498163e272c6f1537f,book,Wall art,,,,,
89dbcfc2fc01300d971f,fork,Pot lid opener,,,,,
b7c0a767127aabfbf014,towel,Beach blanket,,,,,
2d995f5d4791e66aa38b,towel,Buffing leather,,,,,
4c8a0c27306b3956cd51,towel,Wiping down surfaces,,,,,
41d6167b8e20ffd78be7,can,Plant label,,,,,
ffae8a1454fb0bf046a2,towel,Cleaning up spills and messes,,,,,
8eb75b5041d4e889b75c,paperclip,Temporary fix for a broken zipper,,,,,
ce063e2e7bf61b5a2d84,paperclip,Movie clip for a broken necklace,,,,,
c65123cc99fbcf4bcc12,can,Coat rack,,,,,
7030ab1c9b728f78c5e9,fork,DIY wind chime,,,,,
bdc7b529924288076e74,paperclip,Weight for a small object,,,,,
f8b6bfd194aa197f40bd,book,Prop for a photo shoot,,,,,
0720325d58fa6b4bf13e,can,Picture frame,,,,,
e97fdd56fcdfd93daff3,paperclip,DIY photo display,,,,,
6ed5c64dd1829dd7be4d,book,Candle holder,,,,,
9b500434e707dab00b05,fork,Mini planter,,,,,
cd514ba2a00b6c48c8b9,fork,Emergency bookmark,,,,,
5ad93d28f791f8077d9c,paperclip,Temporary fix for a broken zipper,,,,,
93a545f53b4ca55006ef,towel,Polishing metal surfaces.,,,,,
5b361b4e45eafacf3afb,paperclip,Mini photo display,,,,,
78cae3cb6dfc37eb7331,towel,Wiping down door handles.,,,,,
6e8daf43472530738e8c,can,Geometric sculpture base,,,,,
ec25b81e64255888952b,can,Wind chime,,,,,
71ef282572b11a706d27,towel,Creating a makeshift drop cloth.,,,,,
3bdce994f69a82f8b903,towel,Drool cloth for pets,,,,,
bf679249289f42c626d2,paperclip,DIY craft material,,,,,
627472afca36ac58cffe,towel,Drop cloth,,,,,
ca1ea9fa0886911643d9,towel,Polishing metal objects,,,,,
35142a3a896bb137d615,can,Pencil holder,,,,,
9046a30eddef168893c6,towel,Makeup remover,,,,,
55f050608e208901e472,towel,Drop cloth,,,,,
07443a96272b0e225147,can,Ice scraper,,,,,
ea23cbd51f6ade60e658,can,Potpourri container,,,,,
d24b2ba023a96ced9e4a,can,Jewelry display stand,,,,,
e7760b4999dd41567754,book,Coaster,,,,,
e691257e8211511cd51e,towel,Drop cloth,,,,,
31cdf07f2fa97b8441b2,towel,DIY craft material,,,,,
48254c9db38ac9866d51,paperclip,Geometric art piece,,,,,
fc3bf69a748561017041,towel,Cleaning jewelry,,,,,
7422f97ffa456727afe4,fork,Plant label,,,,,
a86b85803de9dd4466c5,paperclip,Weights for a DIY photo display,,,,,
0e15033156f43416e245,towel,Drying dishes,,,,,
d1e96b236548a08a7db3,paperclip,Plant marker,,,,,
e854b979dd83f730997c,can,Bookend,,,,,
10813a592de551670980,book,Prop for photography,,,,,
f39d4933f031f5308d7e,book,Kindling for a fire,,,,,
83539a87d33332de48d0,fork,Measuring tool,,,,,
036f52d6ce55a0a784e2,fork,Bookend,,,,,
f258729eb9857bb99559,can,Paint palette,,,,,
91666bf78d1867641e6b,can,Plant marker,,,,,
59848726bd8ecf021ab4,book,Gift for a child,,,,,
3d62e2ed05ad545646a1,book,Prop for photography,,,,,
019108c237ec60b19fc9,fork,Pencil holder,,,,,
ba80a513e669c4cd0614,towel,Polish shoes,,,,,
3fd7578db44453ae7c41,fork,Photo display,,,,,
880d7c6cfc63c6a5f79f,can,Desk organizer,,,,,
a82465b3a9c3794df33d,can,Coat hook,,,,,
7346f41745507aeb4640,can,Paint stirrer,,,,,
ea8b51cfd8321ebfb38d,paperclip,DIY jewelry,,,,,
3f231736311739b9fe0b,paperclip,Temporary fix for a broken zipper,,,,,
015c291a4b5b7c08f98b,book,Gift,,,,,
6582e12f6b0d4bbc15e9,towel,Buffing leather,,,,,
b4821c9ed26b0f2c57e8,fork,Potpourri stick,,,,,
079f578735ec0bfcb01a,paperclip,Desk paperweight,,,,,
ea52260106908040ef88,book,Bookend,,,,,
c4b60a0fa26328e46ab7,paperclip,Mini bookmark,,,,,
2ef0f6c26f0bf9097c98,towel,Absorb oil spills,,,,,
592e763087137098b721,book,Plate stand,,,,,
12f66d50ce4167ef2aba,book,Desk organizer,,,,,
77762090d1bf74249218,towel,Smoothing out fabric,,,,,
f9df66cb46727a51e44b,towel,Protecting furniture during painting,,,,,
9250f8ca6f6907dd0c39,paperclip,Picture hanger,,,,,
b781036713990056fdbb,towel,Background for a DIY photo studio,,,,,
9ca97540015eecc81f05,book,Fire starter,,,,,
bb8423d4a324596ce65c,paperclip,Sculpture material,,,,,
6141be349773cbee9355,can,DIY photo display,,,,,
fe0f40a5f0d418e89953,fork,Plant label,,,,,
1961f6a9d891013cfd6f,paperclip,Geometric shape for craft projects,,,,,
638ec8c5f684ac90319e,can,Mini sled,,,,,
346b4b2a822c3bbf6bb7,can,Cord wrap.,,,,,
f15410b86903f1b87427,towel,Cleaning spills,,,,,
3c803247bc12717a532e,fork,DIY wind chime,,,,,
55dd4fb110ed6ce0b0bb,towel,Picnic blanket,,,,,
9c01df4509cff320a6a5,paperclip,Temporary fix for a broken zipper,,,,,
399ef19250bc97956d28,paperclip,Bookmark weight,,,,,
f7814bef8e7dd300b2b9,can,Photo display,,,,,
715178725face165567e,towel,Picnic blanket in a pinch,,,,,
e0747aeba70500ef80d6,book,Weight for yoga or Pilates exercises,,,,,
f41629e27deb3c1ddbc0,book,Decorative item,,,,,
36efb49489bc4aa4f25a,book,Desk organizer,,,,,
46d2ecb6087c655f6470,can,Paint stirrer,,,,,
a5994f64a981c17f65d6,paperclip,Jewelry organizer,,,,,
1c3c135d301befb4c096,paperclip,temporary fix for a broken chain,,,,,
129a3def4ea76a5710d5,towel,Tablecloth for outdoor events,,,,,
defaaf7b21abf8b05398,fork,Photo holder,,,,,
d2a50f886e91fdb640d1,towel,Hanging artwork,,,,,
43676cd8dfb4341fa053,paperclip,Custom jewelry component,,,,,
40f0f46b2b2bc5f4a476,fork,Paperweight,,,,,
fcff33c9fb239536be8b,paperclip,Zipper pull,,,,,
ed70ab024abf5134fcac,book,Coaster,,,,,
c5ec75e82de5a2ea8e01,can,Candle holder,,,,,
4045052c689b6df39fbf,towel,Making a homemade sensory bin for kids,,,,,
e1e6719935049385d93f,fork,Bookmark,,,,,
3775b0de4a29182b4b03,book,Decorative item,,,,,
241fa539d801f3b7d514,paperclip,DIY wind chime,,,,,
c44eaa94aaa597fd9aa3,book,Plant marker,,,,,
496b5e71261758e3ed1f,book,Decorative item,,,,,
7b29347b38e9b493e7e0,towel,Dusting cloth,,,,,
24719706d2d6407e0255,paperclip,Emergency repair for a broken chain,,,,,
a23f355480152d4d78e2,book,Paperweight,,,,,
372e7baf2851b1a836b5,paperclip,Bookmark,,,,,
047193ee71446d5adce6,fork,Drumming instrument,,,,,
15b0e475d7f60c74bfb6,fork,Plant label,,,,,
3ec9e57bbb980ad1ddc4,towel,Polishing jewelry,,,,,
561c1377cb2f96c38ff9,paperclip,Temporary fix for a loose screw,,,,,
0fad4fec1118ffeb4a27,can,Ornaments for a vase,,,,,
d6b469bb15c76cbc1b9b,book,Gift wrap,,,,,
b65b3a655c90883186c6,paperclip,Bookmark,,,,,
74c4925c64fad1d123e1,book,Prop for photography or film,,,,,
d8686d93cd52c9e21ba5,book,Coasters,,,,,
f03e59ddae434632c8f8,fork,Plant marker in a garden,,,,,
0f88bd84baaaed214a7a,can,Picture stand,,,,,
20f4d45c504e2460728d,book,Bookmark,,,,,
11c658529b7102ec4fd2,book,Kindling,,,,,
0247686cae11cfd9697b,can,Mini vase,,,,,
cb302395fb95dc8b8774,book,Diversion for a pet,,,,,
26b36400cc542c94ee37,can,Mini garden marker,,,,,
ece366a4c16369c0edcf,book,Bookmark,,,,,
d433bc02bd95c8e80630,book,Place card holder,,,,,
da0b28307abd7c44bbc8,paperclip,Making a DIY wind chime,,,,,
5f01482612a52546ead3,fork,Plant label,,,,,
8a76fe0ea0fed127cb65,fork,Mini sculpture base,,,,,
7e6e40385cd5a7560ce0,can,DIY birdhouse base,,,,,
b2fff600abe259980c60,towel,Drying dishes,,,,,
78527db6d36c6861520c,can,Bird feeder,,,,,
d7617df735a256595c07,book,Fire starter,,,,,
9211d22934b8468ccb98,can,Sifter,,,,,
0278b3d750e086bd2bcb,book,Bookend,,,,,
a49a7496a3c9a6f2b07e,fork,Wind vane,,,,,
71df849642660368dc03,fork,Bookend,,,,,
926b3070160d2aaf774d,book,Plant marker,,,,,
101f8aefef1c1031da6b,fork,Picture frame,,,,,
dc35d9ec0ac2746223f2,book,Coaster,,,,,
d44ebac80cbb61f89e46,can,DIY bird feeder base,,,,,
f698ddf2a67d8c0d5e27,book,Doorstop,,,,,
8755e236eb0efc234eb0,paperclip,Plant marker,,,,,
2aada258b3e5fe09ccc8,fork,Gardening tool,,,,,
b64473a5402dd3424d01,can,Paint stirrer,,,,,
9d0913820c91855892ae,paperclip,Mini bird feeder,,,,,
6ba7ec348ce73be1fa6a,fork,Geometric art piece,,,,,
46f2b673cb758024d91b,book,Photography prop,,,,,
174bb2036db4934fec5b,towel,Cleaning car wheels.,,,,,
168cbed1cf7e16cec65a,towel,Wiping sweat from equipment,,,,,
d5ae815848f22ecc0d01,fork,DIY wind chime,,,,,
bc6bfa0c224456cf9c74,paperclip,Cord organizers,,,,,
0c6555c185bb3009c78d,book,Coaster for protecting surfaces,,,,,
cd34cc06f9ad20e4a495,towel,Dance partner,,,,,
ab346c4e6aab95ca74c9,can,DIY picture frame,,,,,
84b10eb9fedfb8e21292,towel,Cleaning delicate surfaces like glass or mirrors,,,,,
b7512945d5dd6b4b2d0a,can,Mini planter for herbs,,,,,
067a1a893beecdd57a4d,towel,Polishing metal,,,,,
791baf1ae2c2b6b3a09f,towel,Polishing metal,,,,,
0124f1a3d54ae84999bc,fork,Craft supply organizer,,,,,
e3806d6abb23d9705bd0,book,Drawer organizer,,,,,
1dfa2b2e1b8eda1bc2ca,fork,Plant label,,,,,
a7cd06fd066a6cc55ee2,book,Bookshelf divider,,,,,
9f8ecffd772ab81ef3d5,book,Gift wrapping,,,,,
f711d4ce286f5da49c21,can,Lid for small containers,,,,,
8084c4b637e1a51f22ac,can,Wind chime,,,,,
abfc400e2c72e93075db,fork,Candle holder,,,,,
aff75cc95e1cef6cbf17,book,Desk organizer,,,,,
a33b9669c54ef3b3ec8a,paperclip,Sock holder,,,,,
0a5054f75d6641ab5420,paperclip,Cord organizer,,,,,
c61bb171cce575e26507,can,DIY birdhouse base,,,,,
3b53f073f49c774f893b,fork,Nail holder,,,,,
91f39505d08d91e7a315,paperclip,Bookmark with a clip for holding a place and a note,,,,,
749df9074f70e740bd64,can,Wind chime material,,,,,
953a9a88f00cfcda2a54,fork,Mini hammer,,,,,
8239dc880a882f95ede5,fork,Sculpture material,,,,,
287e5fa0b24225404a8b,fork,Small sculpture,,,,,
f0557f17861c4ce12580,paperclip,Cord organizer,,,,,
b741c201758cfb0068a5,paperclip,Curtain tieback,,,,,
61a7bac9abbf3a4bcee7,book,Planter,,,,,
7b22755343fe6bc04c7f,towel,Dry delicate items after washing,,,,,
aae6b586a5be6274d045,can,Soap dispenser,,,,,
61883ace6f2d3609d06c,paperclip,Temporary repair for a torn page,,,,,
4459f9018a3b01ad31e9,fork,Spice rack,,,,,
a4634b1b44d606b0a36f,can,Wind chime,,,,,
758ea987c4f3cafc62ed,can,Wind chime,,,,,
8228eb1c3fa64afdb202,paperclip,DIY wind chime,,,,,
bf9f963bfac513440960,can,Dividing tool,,,,,
39899a4471fdd0652c78,paperclip,Masking tape holder,,,,,
1f2e2aee19376d73e7ee,book,Bookmark,,,,,
c4ec3681a314c31c7785,fork,Paperweight,,,,,
d8550d6914f5b501df89,can,Decorative centerpiece,,,,,
f369d61711afcdef8dd3,can,DIY craft material,,,,,
9b80ed3b11e2b768d2aa,paperclip,Temporary fix for a broken earring,,,,,
735a020f7280380cc711,can,Scented potpourri base,,,,,
f155ec4995432f0d7eb9,fork,Microphone stand,,,,,
8fea3823e0b5739ffc9e,paperclip,Mini bookmark for a bookstand,,,,,
6fd561df43086ddb32a9,towel,Removing lint from clothing,,,,,
a6050be8063673ed1cf3,book,Bookmark,,,,,
cf2d9cc6692fa39843a7,paperclip,Cable organizer,,,,,
556db4aa26208d67d38a,towel,Wiping down tools,,,,,
ef9cd3e13022c5ecaf02,book,Coaster,,,,,
4794964ed5815e2d3150,paperclip,Bookmark,,,,,
4d4fd84b6472cccb7aff,can,Mini picture frame,,,,,
f5566e99a1443c15b8b5,can,Bookmark,,,,,
9e13fe0b3e7ce1b784e0,can,Drumming tool,,,,,
5c30c6fa4711dc0eb0bb,book,Book as a paperweight,,,,,
57f22cadde0b87b73789,towel,Dusting cloth.,,,,,
aa895951d1b40890b22b,book,Decorative item,,,,,
8e9bcd117f9b5c062a0e,paperclip,Temporary fix for a broken zipper,,,,,
b811e43ce8a2c4c2d4dd,fork,Bookmark,,,,,
b9da9c237ac984d35817,book,Coaster,,,,,
85e487f4ea60ef314c0b,book,Desk organizer,,,,,
be8426afc14d3e76fe78,paperclip,Jewelry organizer,,,,,
210dd89e8b0fa087e50f,towel,Cleaning windows,,,,,
392c5e60502739f3a66a,fork,Coat hanger,,,,,
5f631318365702528304,book,Base for a DIY craft project,,,,,
8a12c013c3c990771859,fork,Mini plant stand,,,,,
f7ea511668a3a50f4fd7,paperclip,DIY photo display,,,,,
3f60feb8bd324f57eccc,book,Decorative centerpiece,,,,,
7b007df724cc17f8ca72,book,Plant stand,,,,,
8492512bff71f7bddb77,paperclip,Plant marker,,,,,
ef85ed691da87584cb50,book,Decorative wall hanging,,,,,
18f9ebb8e2e8a4a48f62,towel,Photo prop,,,,,
bc1b0a7f5a4b24343daf,fork,Bookmark,,,,,
b83207d8a8fcbb84191d,can,Painting palette,,,,,
34fc8526a9bb67c00201,paperclip,DIY photo display,,,,,
4ba09512536229515fff,can,Plant label,,,,,
185302156a6099874c78,fork,Pencil holder,,,,,
8a09f0c0c3fa48ec28c5,towel,Cleaning spills on the floor,,,,,
605a31e3e93e27b07229,towel,Absorbing oil leaks,,,,,
afbace803c3d47240ea3,book,Paperweight,,,,,
fe996d31fc9aaff52e13,towel,DIY photo backdrop,,,,,
f4bcecac51cf45a060d6,book,Shelf divider,,,,,
216a4dc46ee116f7525a,fork,Candle holder,,,,,
db6ec8e504aba33540fe,paperclip,Bookmark,,,,,
bfdb6a6c00994c3959af,towel,Cleaning spills,,,,,
9c2526d8d34460695dcd,can,Birdhouse,,,,,
8dba32584683dce1a844,towel,Picnic mat,,,,,
9da882c3b4141c924bf3,fork,Pencil holder,,,,,
d6da4e82ddf2b11b975a,book,Paperweight,,,,,
48334ca4b9db0f45bc76,paperclip,Puppet arm,,,,,
40760f36207c2a0771eb,towel,Emergency blanket,,,,,
7622dbb2544eacbd0cb7,fork,Magazine holder,,,,,
9e5a2b926d7fd0421baf,can,Wind chime,,,,,
e99584d1d24c24575e16,paperclip,Bookmark,,,,,
81b8f74ef094477e1199,can,Mini bird feeder,,,,,
1348b107c564ad2a9f98,can,Cat toy,,,,,
1c08b0456abb93d3168e,can,Plant marker,,,,,
67aa4d1ecdb29bc8bb14,paperclip,Craft project base,,,,,
18d748d9338264af2ad0,paperclip,Cord organizer.,,,,,
aaebd54a90732e2fa55e,book,Weight for exercise,,,,,
b535ef2cbbb72133c5dd,paperclip,Pipe cleaner substitute,,,,,
f071689de75fcc6f6d4a,fork,Tweezers for small items,,,,,
6403d6382b74816fb2d3,paperclip,Temporary fix for a broken zipper,,,,,
1b95c4e5e42c93e7c6fd,fork,Wind chime component,,,,,
f5f92c1a474b87cbb568,book,Desk organizer,,,,,
bb36baf8fd8b44cd84d6,can,Desk organizer,,,,,
bc0849262ce0dc2c886a,can,Measuring gauge,,,,,
6962a5fdcef6598e6c8f,paperclip,Pencil topper,,,,,
af7a2825e92af8114079,can,Candle holder,,,,,
e2654108e218b6c9b20b,fork,Wind chime material,,,,,
8617d485448f05e3ba38,book,Prop for photography,,,,,
cfa9a743ec36b67694ac,book,Book as a prop for a photo shoot,,,,,
60a47e103654fce12909,fork,Craft project material,,,,,
26491680300d4b6e403a,book,Photo prop,,,,,
1aebc28828825e7e5dca,can,Desk organizer,,,,,
d90dcd152a56a8222741,book,Plant marker,,,,,
84908bbe08dfbc9008d8,towel,Covering painting surfaces,,,,,
6cee9f6ee3675e316a38,fork,Pencil holder,,,,,
9c3659ef9ef493914f4b,can,Photo display,,,,,
40c48f2b04f4dd5fa950,book,Trivet,,,,,
ce88f9974c51151e71af,towel,Outdoor picnic blanket,,,,,
0b99e31a3c56f509d4d2,paperclip,Wind chime component,,,,,
865c4a88fd1723e6ffb9,paperclip,Cable management tool,,,,,
b4bd8837ddd10a5f7f48,paperclip,Craft project material,,,,,
95301f822d98619b7644,can,Geometric puzzle piece,,,,,
24aab0f94192238878a2,fork,Plant label,,,,,
fd89f99d638946076b50,book,Coaster,,,,,
5bb9f93781bda4c5d117,fork,Pencil holder,,,,,
4ce94d8290a3c98ee89f,can,Plant marker,,,,,
234b44f8dfada45c9344,book,Plant marker,,,,,
271a1ff2fbd159444c21,book,Plant press,,,,,
f054961694396743eab6,towel,Clean windows.,,,,,
94b0b4dc29edd37cf5b6,can,Herb container,,,,,
36f0a904a15c8fb2dfeb,can,Candle holder,,,,,
f2611e9caa2cadf35584,can,Plant marker,,,,,
7bc2c1a072899349243e,can,Plant marker,,,,,
4c11700fb2ea26a9ce3b,paperclip,Macrame pattern holder,,,,,
aace54ca0a56bcc8ed13,fork,Paint stirring tool,,,,,
14c75cd476fc81bc0346,book,Plant pot,,,,,
90427fb5540ec85f7f36,towel,Photo prop,,,,,
d049c90808518089a6eb,paperclip,Temporary fix for a broken drawer,,,,,
b45a139e6751c3f575ca,towel,Polishing car wheels,,,,,
73424aeea4abf8fd492f,paperclip,Temporary fix for a broken keychain,,,,,
4e9dfdde0af07c89a475,book,Place card holder,,,,,
ce5d417b16eca8a731e6,fork,Sculpture material,,,,,
3623f7b69b042103c0d9,book,Bookend,,,,,
7f2604bbeaf44e565b68,paperclip,Temporary fix for a broken zipper,,,,,
6dd5a7613aff396f372b,paperclip,Plant marker,,,,,
02122cab6693652a95bd,towel,Polishing jewelry,,,,,
795e99751acd676528a3,can,Painting palette,,,,,
3161e809588f6de639f5,book,Desk organizer,,,,,
2914e9720e74d1e19628,can,Painting palette,,,,,
bf70307bd7534641903e,book,Coaster,,,,,
8d1d1f607b88a1cf4165,can,Geodesic dome frame,,,,,
44f6c65336e559572b99,towel,Cleaning up spills,,,,,
da3a481b099f94b2222b,towel,Dusting baseboards,,,,,
9093cf3ab77f6b65f83e,can,Spill protector,,,,,
ce152b330d3e64521801,can,Planter,,,,,
f53b9348c26d3c08ee39,towel,Pet drying after a bath,,,,,
381759abcea6e1cf1ad7,can,Bird feeder,,,,,
567204c823ad3765e5d2,paperclip,Emergency fishing hook,,,,,
13a23a50281845f4011d,can,Scented sachet,,,,,
458254ffa82665fba657,book,Trivet,,,,,
afc147e90b2c6f7a851b,paperclip,Bookmark,,,,,
ed2ea18501e976e4a862,fork,Measuring stick for small objects,,,,,
1c2138c8258031e19ffc,paperclip,Cord management.,,,,,
fdb48dd614ab9a1c5be3,can,Spice rack,,,,,
978cf2ab58b15f4fac2c,paperclip,Bookmark,,,,,
d36ae72ca65283e131b4,towel,Creating a makeshift blanket,,,,,
1d28c8e4f186dd85e2d8,towel,In photography as a diffuser or reflector,,,,,
de8b48d2fb2df8b3d978,book,Desk organizer,,,,,
292af69594109f6a25f2,book,Place card,,,,,
8f9a7c813ead8721bb36,fork,Picture holder,,,,,
636063755cd683dc7283,towel,Pet bedding,,,,,
00e378f61f2a4de17c40,fork,Plant label,,,,,
407e2dc689d72d05b66f,fork,Zipper pull,,,,,
14f7f7ecc72a7ee72da8,fork,DIY wind chime,,,,,
cd5e1b5c07179a409e19,paperclip,Office desk organizer,,,,,
d415b274cec529060eb6,towel,Wiping animal's paws,,,,,
17d80e0e204910f9e035,paperclip,Bookmark,,,,,
c754425199805dcd548f,can,Herb planter,,,,,
67e14f24e715fcead804,can,Birdhouse perch,,,,,
ab742b60d9d7b42ebec7,paperclip,DIY ornament,,,,,
bd43acfd507491ecbdfd,book,Prop,,,,,
2904f86f840942bd504b,paperclip,Cord organizer,,,,,
f009777fe536c844eaf5,fork,Emergency splint,,,,,
096f098cb949c04a369a,paperclip,Bookmark,,,,,
43dadb5a6e76ad8ed542,paperclip,Bag closure,,,,,
e12967935f529b608a4f,paperclip,Plant marker,,,,,
a12cfe9aad019202e4c8,paperclip,Bookmark,,,,,
082a015320f28336f8ab,paperclip,Wind chime component,,,,,
8270800b784805c69b94,paperclip,DIY craft material,,,,,
6393957bbd4f09408577,towel,Painting cloth,,,,,
7085a5f7a51b8abaa0bc,paperclip,Phone stand,,,,,
ba04b68f7289dd3c3ad1,book,Bookmark storage,,,,,
c1da0128d24a6afd1289,paperclip,Weights for a DIY photo display,,,,,
7280df08a1dec13cbc12,towel,Covering art projects,,,,,
3c2f9a943f718008e439,fork,Bag clip,,,,,
de1f39ffb141525c274b,towel,Dry pet paws,,,,,
158aa5634bb25f17bd6c,can,Planter,,,,,
6d6ea3e841487320281c,towel,Sweater or blanket drying rack,,,,,
9220b7c99bfe5d138ec3,fork,Bookmark,,,,,
54f5f23c7cc0041db45f,can,Desk organizer,,,,,
430c1e9ac061edd43832,towel,Protecting surfaces from dust,,,,,
4b1858197e32df3f4a7e,book,Coaster,,,,,
b98985ea83c759a43370,fork,Magazine rack,,,,,
448167e2444dfe7b2727,book,Gift,,,,,
814d36a4adfea0b6a926,can,Birdhouse,,,,,
a49974349c41bd935de8,paperclip,Wind chime component,,,,,
24c5eb925fe559a0453d,book,Plant marker,,,,,
955656f5bbf7d333e05b,paperclip,Plant marker,,,,,
a12ed1be571eace901a7,fork,DIY jewelry,,,,,
187bef41fe7573248883,towel,Cleaning up spills on a surface,,,,,
57a6a6a49d33b9a7096d,fork,Shelf divider,,,,,
6c41899481538f95f88e,book,Bookmark,,,,,
85b5a4ff050b50cef002,paperclip,Temporary fix for a broken chain,,,,,
50d0b4ffe6293332f2a9,book,Wall art,,,,,
cf54eb67b09f86254fd3,can,DIY bird feeder,,,,,
8cd09cb7b14f539e794f,paperclip,Temporary fix for a broken zipper,,,,,
eaee8fc7ed49929c3843,towel,Polishing jewelry,,,,,
97b52798a8ab75b63c0e,towel,Polishing metal surfaces,,,,,
6f1207ba957b2aaddd88,fork,Wind chime component,,,,,
92fd4b5d6fe489de91da,book,Decorative item,,,,,
3cd1e0dbf916510f8b67,can,Plant marker,,,,,
901ed7d5bf445456771a,paperclip,Cord organizer,,,,,
1cfc281006b5ffba907c,can,Plant marker,,,,,
9c39e1266ab191c17e11,towel,Drying delicate items,,,,,
de54f36a95f167e3313c,can,Soap dispenser,,,,,
fc06608400fe0bf08ae4,paperclip,Temporary repair for a torn page,,,,,
c60d5c68c3b08cc03604,towel,Removing lint from clothing,,,,,
a26faa41072309c78cd4,can,Paint stirrer,,,,,
f9cc562864c38cd79c3c,fork,Pencil holder,,,,,
36829ead72092ef5321c,can,Wind guard,,,,,
3c38a85d9bd7d51e4668,fork,Sculpture material,,,,,
f2747c7ed0ac2802ea31,book,Packaging material,,,,,
d993c442380b713b0fb4,towel,Drying plants,,,,,
7202883ec164ef00a69d,paperclip,Temporary fix for a broken zipper,,,,,
4aa00ce3cde430af52df,towel,Dusting furniture,,,,,
1929c24622343524dba4,paperclip,Temporary bookmark,,,,,
183b9ba4f5c310d13c79,paperclip,Pencil topper,,,,,
a3d97936573a217838f5,towel,Dusting small areas,,,,,
bfa9db32acd526ad42f8,towel,Cleaning window sills,,,,,
649e05e41b38b02b9ebc,towel,Sweatband,,,,,
81e5401d1fe081ba7909,can,Paintbrush holder,,,,,
b8cbd8e5536aad535c91,towel,Dog drying tool,,,,,
1ed7966b2638051bc191,paperclip,Bookmark,,,,,
8140b91822d051374ac6,paperclip,Wind chime component,,,,,
bacb759c3dbb7e54dca7,towel,DIY photo studio background,,,,,
a2a677fd5aa7ea647bb2,book,Book as a storage container for small items,,,,,
8cad083dbe8c043d9fde,can,Decorative centerpiece,,,,,
27cc99c8d6e1071350ba,can,DIY picture frame,,,,,
b626f052fac78577576c,book,Decorative item,,,,,
ef2ca4841c6e9139e900,fork,Desk organizer,,,,,
2203c7e20a7f957be5e7,book,Gift wrapping material,,,,,
66579084bab20f18dbe1,towel,First aid wrapping,,,,,
a9c10dbae80822601ece,can,Plant marker,,,,,
eb07c20cf89e606eadd2,can,Candle holder,,,,,
031e93ae0a62fb8961c8,can,Plant marker,,,,,
be2590c70f1a741c5cc4,towel,Pet bed,,,,,
2ecbf684ddfe2ee8fab6,paperclip,Plant marker,,,,,
9501165bc9ccad075a55,towel,Drop cloth,,,,,
d3e4804c950d620ed317,book,Photo display,,,,,
8df4b9f66c667af4fe19,paperclip,Bookmark,,,,,
dafbb3c880d367497829,fork,Chisel,,,,,
6a2517c13501caa423f5,can,Pencil holder,,,,,
7636cb9866f463e83674,paperclip,Bag tie,,,,,
b53e986fd3db52d60c9c,can,Photo display base,,,,,
3af042fbb912e5036e2e,towel,Painting tool,,,,,
6f8b31fe63a1c8ff3202,can,Candle holder,,,,,
6ee676890a074a0a692a,book,Shelf for small items,,,,,
20a702d2ef76632fd755,paperclip,Picture hanger,,,,,
745b7874c1f1f31000a7,can,Bird feeder,,,,,
996d5484e21db66dfba3,book,Trivet,,,,,
2a4ed7f67ebc66142ac9,book,Weight for a picture frame,,,,,
9114c1c2bc69b954b7ed,paperclip,Temporary fix for a broken zipper,,,,,
8c1b9956692cb4743a70,can,Mixing tool,,,,,
aa6914e9062a22dbd99b,fork,Picture hook,,,,,
dff4e6f1b8749e26fde0,fork,Zipper pull,,,,,
e85a5b5dc3620a72a0a3,can,Bird feeder,,,,,
e278915c47f9b35956d8,towel,Dust furniture,,,,,
5611afc23b56fc423969,paperclip,Plant marker,,,,,
c033882025f43027e4d3,towel,Fashion accessory,,,,,
4bc90bf714111b2f2576,fork,Pencil holder,,,,,
ad16386a0a1fd5835343,towel,Surreal art canvas,,,,,
4ebec836d1af6a9af5e6,paperclip,Mini bookmark,,,,,
abc9c27ce8811f8fa1f5,paperclip,Bookmark,,,,,
ab703aaf1850872f4fd7,can,Spice rack,,,,,
7c210652e6f6ad3d3e83,can,Plant marker,,,,,
58bb331d44844731abeb,fork,Measuring stick,,,,,
eb5b18ad85190bd91ab5,towel,Drying delicate electronics,,,,,
29912ae7f8c549e448fd,fork,DIY wind chime,,,,,
10a236c448f7c34ba1ad,fork,Pencil holder,,,,,
5e65d4b895779b376c65,book,Coffee table centerpiece,,,,,
89b81f6a441f2c1558e9,can,Birdhouse,,,,,
98a6aff08d110007125c,fork,Picture frame stand,,,,,
c664a7033a299e70a250,paperclip,Mini bookmark,,,,,
50986bb4a6409c25120b,fork,Measuring tool,,,,,
81b69768e2b0bfb71a9e,paperclip,Cord organizer,,,,,
04dce99571ff2a734168,book,Wind chime component,,,,,
a222070d4531c90e8a50,paperclip,Make a homemade bookmark,,,,,
4f0c12c2666189bd3e22,towel,Drying flowers,,,,,
726bad511e77b33ef320,towel,Cleaning cloth,,,,,
2718f1aa5d5cffa07d9a,fork,Paperweight,,,,,
43950aa05b755b880aa1,fork,Paperweight,,,,,
53f41e176efa13c62e0a,towel,Creating a temporary fix for a broken strap,,,,,
2edcb1c076174d509225,towel,Drop cloth in a woodworking project,,,,,
88d0901c82978533e70b,fork,Slinky for kids,,,,,
3f5271989a98044e6455,fork,Mini shovel for small plants,,,,,
b76247073f4a51ed1e30,can,Wind chime component,,,,,
0ded57503c11c6b19de0,can,Paper weight,,,,,
80dbc55a8c1ab5dacdcc,towel,Dusting surfaces,,,,,
f56b411edbada6da274a,paperclip,Cord organizer,,,,,
364524677bad2d3c6d0a,fork,Pencil holder,,,,,
2be18bf45ff3bfb96e3d,can,Plant marker,,,,,
547a9be811930adebae5,can,Bird feeder base,,,,,
3178b54b99b2be389c3f,towel,Protecting furniture from water,,,,,
e2178837dbef541858eb,paperclip,Paperweight.,,,,,
5c94225bf451240e5427,fork,Bookmark,,,,,
15f2389f1e0d20637b80,can,Party favor,,,,,
5e68ec96cae218eacb8b,book,Bookend,,,,,
d538d768191b936f04b3,fork,Garden marker,,,,,
7fdc7ca94a443affd692,fork,Paint stirrer,,,,,
5cc26a27519da2c84fe8,can,Bird feeder,,,,,
1af73c4d5daf392e7fef,fork,Measuring gauge,,,,,
bbbaae217e19bfbd10e8,towel,Cleaning spills,,,,,
d54cb4e21af9c3edeee6,book,Coaster,,,,,
f88bf51f953c0a83c419,paperclip,Jewelry organizer,,,,,
d3e00c6184fbb0864567,towel,Wiping hands after petting animals,,,,,
6caa7764b35eb1851484,paperclip,Keychain attachment,,,,,
319cdef2bbcfbea1dd61,book,Fire starter,,,,,
8e0acfb44e0ed822e264,fork,Paint scraper,,,,,
d9a9f27bbbdc613f2445,can,Wind chime,,,,,
95f3383eeb1c4fd01e44,paperclip,Plant marker,,,,,
efddb8fb1a610ad2531a,towel,Polishing metal surfaces,,,,,
d21056b894db5c73c025,can,Desk organizer,,,,,
31aafd48aa92459dcca4,fork,Small level,,,,,
9e8335a779a89ccc01fe,fork,Page turner for books,,,,,
18eba6396f8e33677685,can,Jewelry organizer,,,,,
1f38d9804a8d06a18bed,book,DIY craft material,,,,,
a97ff34194095e86014b,book,Decorative item,,,,,
ddfa76bb784cd8b14a5b,fork,Crafting tool,,,,,
99206c3124532650e3d4,book,Decorative item,,,,,
49988ff07d6055460eae,book,Paper mache project base,,,,,
28d4a9554e5c6cd21752,towel,Making a DIY bird repellent.,,,,,
e538c81d1f1a0ca37484,fork,Desk organizer,,,,,
313181aded1a4ea057fd,towel,Dusting blinds,,,,,
a904e5d5293d3c619709,towel,DIY photo studio background,,,,,
77012d8a79487bb703e2,can,Bird feeder,,,,,
c00b6ffba54ee3068606,can,Garden marker,,,,,
a39c392d55dcebbb4101,book,Fire starter,,,,,
5816b581e33d69917b51,book,Paperweight,,,,,
bba11bfeec6129432bac,fork,Plant label,,,,,
6ca606f0dc00d1407b27,book,Desk organizer,,,,,
fac9e7668961c47e9822,paperclip,Temporary fix for a broken zipper,,,,,
f2d6a8fd964ebb10e0a6,paperclip,Keychain attachment.,,,,,
4fa1d0cc480a1816d5ac,can,Plant marker,,,,,
5cbf299ab6cc4d0eadd5,book,Photo display,,,,,
12f339b4e5b680580356,fork,DIY project material,,,,,
69fb6a9b96271826cdd0,can,Fire poker,,,,,
756e6d362c40563ac37d,fork,Photo display,,,,,
25c5db77c2237a6e73db,fork,Paperweight,,,,,
87736e0918b1bff97e7a,paperclip,Plant label.,,,,,
022826451b311b452806,towel,Wiping down tools,,,,,
3beca313ae025e066c8a,towel,Pet drying tool,,,,,
d39465cacc4bf292a463,can,Cord organizer,,,,,
7a34fed9d89c31e4a104,fork,Paperweight,,,,,
7fdb7d70e383e0997009,towel,Cleaning mirrors,,,,,
37931ebeeb341ad73c5f,towel,Gift wrap,,,,,
80074e40dd617e4dc9b6,paperclip,Fishing lure,,,,,
8ad60bd404668867a941,paperclip,Cable management tool,,,,,
990fa517ed39aab84e01,book,Insulation in a DIY craft project,,,,,
c23944da4c89d8c9f356,fork,Keychain,,,,,
7ebe12446f24fb1e4c96,towel,For drying fragile items,,,,,
0f84236c13384fc429dd,book,Sound dampener,,,,,
e67e5c65373de3bb7e0b,book,Gift token,,,,,
36410a8d22d3179ec7de,fork,Zipper pull,,,,,
c185e7315ef29e2a6feb,book,Decorative item,,,,,
808211ea20e2bf651e2f,fork,Chalk container,,,,,
7d05975a2013cc5e16f1,can,Wind chime,,,,,
c41612852666c14f7467,can,Geometric sculpture,,,,,
ed9233af9994f599b76e,paperclip,Mini magnet,,,,,
57aa67f309fec19d2076,book,Desk Organizer,,,,,
bf140a343a8afeba3cf8,book,Paperweight,,,,,
2b6ed0e06873260b3a97,can,Herb garden,,,,,
8a42c18a3682ed89d60c,can,Paint scraper,,,,,
e3ca4011560d840f6a7a,paperclip,Plant marker,,,,,
bdf489ae85a617c78b8d,book,Coasters,,,,,
ee99924efe1b4d3f7488,paperclip,Bookmarks,,,,,
ea5a1d14baafe6601ca2,towel,Sock drying rack,,,,,
ad7e64d2dc7ce02a56a4,can,Candle holder,,,,,
15f755eaca1b5425a3ea,paperclip,DIY jewelry,,,,,
f4a655b9fc236200aac7,can,Plant label,,,,,
c355a6f01bf544d59868,can,Seed planter,,,,,
dcc841b855761fc9801d,book,Stabilizer for a wobbly table,,,,,
84487fede727a4ee297d,can,Shelf liner,,,,,
18143edc55d66e9a9718,towel,Dusting electronics,,,,,
d27a7eb7f7185250d0ac,fork,Candle holder,,,,,
090c24c654e917234aa6,towel,Polishing metal surfaces,,,,,
f61b7d448f82d2109c43,paperclip,Cable management tool,,,,,
20c8c824d4ae0dd6569c,book,Weight for yoga or exercise,,,,,
3b8d2ab8c6108dfb222c,can,Spice rack,,,,,
09cbdda621f8e8f17f89,paperclip,Temporary fix for a broken zipper,,,,,
89cd7449b098a3d84d73,can,Bookend,,,,,
0c9249d7c9c198ac279b,towel,Polishing metal objects,,,,,
61213d5eb1306295be39,paperclip,Cord organizer,,,,,
cd3c5c6749fe34f2706a,fork,DIY photo display,,,,,
d90519eab93dba11d8cb,fork,Cord organizer,,,,,
aed233447dbdb8bef3b5,paperclip,Bookmark,,,,,
b008ef7af13b06b11401,paperclip,Emergency bag tie,,,,,
2b9f7ae3bc3fb89f7baa,towel,Cleaning spills and stains,,,,,
d57d0c1e48f6b99de595,book,Book as a desk organizer,,,,,
1da460d9ed6ed5a6b128,can,DIY photo display,,,,,
604ebe31a7a98ccf6b69,book,Bookmark,,,,,
7e0d132415b995b18925,fork,Paperweight,,,,,
3001cc42fcc22745b1d1,towel,Removing lint from clothing,,,,,
4031947410907ece8f16,can,Sculpture base,,,,,
9b7ba6dd0cdd0f2ea39c,book,Fire starter,,,,,
5b5c9de74ee6e97bf5af,paperclip,Zipper pull,,,,,
e2adec332d28beb2ceec,fork,Plant label,,,,,
5cd38438011abea6d0b8,fork,Wind chime decoration,,,,,
534e1a6d44fcdf594ea9,can,Wind chime,,,,,
448039e175e3f7d7b94a,can,Paperweight,,,,,
9e39efb1cd02ce41f289,can,Game piece,,,,,
b66a214b30b0c0f7d6e3,towel,Protecting furniture from scratches,,,,,
ba8eeff403f1b37c4d1f,book,Trash can liner,,,,,
360bd53829028ef7e0bb,fork,Crafting material for mosaics,,,,,
6c17d53436dd0926be28,book,Crafting material,,,,,
21b609aeb24bd2fcc40f,paperclip,Photo display,,,,,
9e37118e5536bf04c9ab,towel,Make a DIY photo studio backdrop,,,,,
4902ab681a734af44bf0,towel,Polishing,,,,,
38f12594dd1a2b6eddbf,paperclip,Cord organizer,,,,,
75335ec43ee6868a8924,fork,Desk organizer,,,,,
7c7c3e2c0036c646e8d2,fork,DIY craft tool,,,,,
5c3caa03af65ed3a1c71,fork,Wind chime component,,,,,
dd6b6fa98f9ada97f124,paperclip,Temporary fix for a broken zipper,,,,,
58ef6503b0228dc08688,book,Cookbook stand,,,,,
b09cfb2cf45ce7080dcd,can,Tool rest,,,,,
a2ab0355eeb370f40984,towel,Using as a drop cloth for painting.,,,,,
b244d3fc0f8bdd686ce4,book,Plant stand,,,,,
01e207ff49db86c96e30,can,Wind chime,,,,,
bcd39e3da5556cdefcac,book,Plant press,,,,,
d4d17eb9be6ee9f9b3a9,towel,Photography prop,,,,,
c570d8f3d8c892dfa27a,towel,Wiping down door handles,,,,,
8aca61782d763c70f796,fork,DIY craft material,,,,,
63b73994c2c4b3b03606,towel,Wiping down tools,,,,,
72f5add0c0bff4fc6aa9,paperclip,Pencil holder,,,,,
779002dc41920d3d6937,towel,Cleaning mirrors.,,,,,
a73ff69de5357e9442ea,fork,Chalkboard stand,,,,,
0ddeb79c8be04f95da71,towel,Drying flowers,,,,,
01c91cf94ba6dc193a3a,can,Bookend,,,,,
fe8bc3fc1a6fda8b9f1d,paperclip,Cable tie,,,,,
12723ccdad2a060d16c2,book,Trivet,,,,,
fbdd150090df96d87abb,book,Sound barrier,,,,,
d2e87dbf91f8f326470d,fork,Business card holder,,,,,
21ec9c0c66863bb1af0d,paperclip,Cord organizer,,,,,
1d2302ece9a1b43bab46,fork,Pencil holder,,,,,
d9ad8fdf37ef29a6d340,can,Toolbox separator,,,,,
d6cbeb326e13bf9dd72b,towel,Sweeping or dusting surfaces,,,,,
3048cfe3da9c2a1c279c,paperclip,Temporary repair for a torn page,,,,,
13522acd42ea0f9fecd8,can,Measuring cup,,,,,
8e3913cd474cf904952c,book,Paperweight,,,,,
0d65f8baf7800e8b5bd9,book,Desk organizer,,,,,
64371042a88f1d608758,towel,Absorb oil and grease,,,,,
7fbddb712d1b3b010096,book,Photo album alternative,,,,,
a60e935e0292160417cc,fork,Wind chime component,,,,,
9fede26681808a3c9153,fork,Paperweight,,,,,
b41cc293c3fae8e80dea,book,Decorative item,,,,,
df9da03cd080d190056c,fork,Zipper pull,,,,,
f9e1b8767555ce916943,paperclip,Emergency belt,,,,,
83ea1a8f32e9aa54a4e8,paperclip,Cord organizer,,,,,
00905b132caf13690f8c,can,Shelf divider,,,,,
f5d9153af1372d24845d,fork,DIY craft project material,,,,,
995a68aed9d006aec305,fork,Mini planter,,,,,
ac9667518df51b703c2a,book,Desk decoration,,,,,
ff65102bf5e1e9d6feae,fork,Zipper pull,,,,,
5e065c0fd692c717faf6,paperclip,Geometric decoration,,,,,
24cb7c965bd1c761b531,towel,Dusting surfaces,,,,,
d4a96605f88cede522b9,paperclip,Emergency fishing hook,,,,,
d3d54cb9445e594404cb,book,Book as a photo prop,,,,,
c40ad8fd2e0eb0ee929e,paperclip,Temporary fix for a broken chain,,,,,
edb55a869ca0dd401683,can,Sculpture base,,,,,
088af954d15d0352cae2,book,Desk paperweight,,,,,
b7367f0e618e998dbb33,fork,Garden marker,,,,,
ec6bb86484d1f8c98a3e,book,Gift for a bookmark,,,,,
73bbc5d54155dac4250d,paperclip,Plant marker,,,,,
39dd7263ec206fc1f35a,fork,Plant label,,,,,
a2561b8c3a18b6f282cd,book,Bookmark,,,,,
a04780cb0e5b6c41ec12,can,Plant marker,,,,,
6f11b8a8ed71bfa50f9e,book,Desk weight,,,,,
93c6b9a80d3f0b230ef3,paperclip,Bookmark,,,,,
ea68b21a502aeabf3fa1,paperclip,Crafting tool for making jewelry,,,,,
b10d13544cf248cc62e0,towel,Drying delicate items like jewelry,,,,,
0b063f42728dafaefdd7,paperclip,DIY jewelry,,,,,
7e43c8af28973f9306d6,book,Kindling,,,,,
a5633461aee956f10d6b,book,Fire starter,,,,,
1b7ce0867c362a76943b,fork,Emergency makeshift tool,,,,,
bd45c66c092acc5ebd16,paperclip,Cord organizer,,,,,
6b77f959c584bfc813e8,fork,Mini shovel for small plants,,,,,
ea8d044643c6a3541138,can,DIY photo display,,,,,
35e2c23130f330863920,fork,Photo prop,,,,,
8a299d66aceee03fbf50,fork,Wind chime component,,,,,
7eb47ec3b9b7bfd05270,can,Bird feeder,,,,,
4f318868565c7569f186,fork,Sculpture material,,,,,
4e056538d6d3280c6496,can,Painting palette,,,,,
085fc693b75cf6a0c309,towel,Cleaning mirrors,,,,,
8e7e1cbcf00b69063daf,can,Candle stand,,,,,
2805a935ed6f1336b3af,paperclip,DIY photo display,,,,,
de9456d9581c304e44aa,paperclip,Cord organizer,,,,,
2e6b9976033acf4b77d3,towel,Cleaning spills,,,,,
87069fa26725b2e5a842,book,Decorative item,,,,,
c250b205140c91656bd3,paperclip,DIY jewelry,,,,,
e1d14ee634919bba24af,fork,Picture frame stand,,,,,
25299d15ed6b5ed534df,fork,Herb marker,,,,,
77613840f42022d4a32a,paperclip,Earbud cord wrap,,,,,
7e026d15813c031da031,paperclip,DIY tool holder,,,,,
48c52fd2adc144d0f7ef,can,Bookmark,,,,,
14de0eb91aa15f45be43,can,DIY craft project material,,,,,
030d3ec1cb31fa40e118,can,Scent diffuser,,,,,
3075131e4d7b171231a9,book,Desk organizer,,,,,
4dff52d03462835f4eb6,can,Shelf divider,,,,,
1f6c435de589c3c888b9,can,Coat hook,,,,,
2fea0e0fecfbf5c6d045,can,DIY bird feeder,,,,,
562d232e8fe254b50e15,can,Pet toy,,,,,
89adede3f11fdb17d1e3,book,Prop for a photography shoot,,,,,
56ca28013515626ff8ca,paperclip,Plant marker,,,,,
178b1d75bea39350a2a4,can,Measuring spoon,,,,,
66bdc606926c338d8eaf,can,Picture frame,,,,,
976bf38161d00889e7aa,can,Birdhouse,,,,,
fc7c474683b04c0a098c,fork,Nail puller,,,,,
96871873bbc9d3708963,book,Desk organizer,,,,,
8df7eb60b4d9e5643ec3,paperclip,Phone stand,,,,,
5962c2e68d80ec708162,fork,Pencil holder,,,,,
0e14fd69348a117829e8,can,Coat rack,,,,,
f8325d51e3bd3f6f0e2f,book,Crafting material,,,,,
ee1a639ddc791c1982f3,towel,Impromptu drop cloth for spills,,,,,
66c4cb0568a1d19fabec,can,Mini planter,,,,,
443c808cfa43bffef346,towel,Drying paintbrushes,,,,,
337796e63b5757f78694,can,Art project material,,,,,
ecb8e324696d20e17670,can,Mini vase,,,,,
b40597204ffb35f899df,towel,Cleaning mirrors,,,,,
c92113733001e756cb38,can,Picture frame,,,,,
838388c5b6f37b709871,fork,Sculpture base,,,,,
17f9925cc39c41fd28a5,paperclip,Wind chime component,,,,,
c28b0026adf770401f9e,book,Bookmark,,,,,
f947f38ebd3062f383f2,paperclip,Bookmark,,,,,
81f2d9fbee75f9c210d1,can,Paintbrush,,,,,
eddaf8d29dfaeeb5874e,paperclip,Mini bookmark,,,,,
2646f0bce295ca347ec9,paperclip,Cord organizer,,,,,
e33ea4f33b6edddad845,towel,Polishing car wheels,,,,,
e23f97f7a083e0ec3f18,towel,Lying on the floor as a makeshift picnic blanket,,,,,
4006bd6f54a7d33ee2f8,fork,Measuring tool,,,,,
88dfc890ceac1b414e46,towel,Wiping sweat during exercise,,,,,
8772ed4ed5f4e0d845d3,paperclip,Bag seal,,,,,
81ccfa1ec0229aa28b23,fork,Sculpture material,,,,,
81b6ce8011985a41ed8c,fork,Drumstick,,,,,
91b56d080691a0520d0a,paperclip,Plant marker,,,,,
393901cdec7681e9b8db,fork,Wind chime,,,,,
17305f90d1a9c2f567d0,fork,Bookmark,,,,,
c530b2fb2eb1d13e7e67,paperclip,Plant marker,,,,,
1eddba497af65e535f8d,can,Page turner for books,,,,,
a7c95d7dcf8b58a62fe4,fork,Pencil holder,,,,,
9132e84fc0ec744e8d92,towel,Dusting blinds,,,,,
030867b153b6f3a15a9a,paperclip,Temporary repair for a torn page,,,,,
f7fe834c66860e9d1baa,paperclip,Temporary fix for a broken zipper,,,,,
28766dea9913a1f7e6b0,book,Paperweight,,,,,
a9520bc01b4a838bead4,fork,Paint scraper,,,,,
b34fed50fd626427cb6b,book,Sound dampener,,,,,
03aa4b0aef282518f700,paperclip,Weights for a homemade wind chime,,,,,
b72ddd7e24a60e3b2622,book,Desk decoration,,,,,
008faa13e89150930dfe,paperclip,Bag clip,,,,,
7c02c17b989024c8807e,towel,Dusting cloth,,,,,
8890ecf45163b447d1b9,book,Bookmark,,,,,
91068e5481b7a27cc1ee,towel,Polish metal.,,,,,
25bcf4a67969bba74aec,fork,Spice rack,,,,,
2c046607c445c253be55,paperclip,Temporary fix for a broken earring,,,,,
29aac0da69cafb508e10,paperclip,Bookmark,,,,,
b537b5b3970beee5a564,book,DIY bird perch,,,,,
84e357fac59ce768d160,book,Bookmark,,,,,
d9813ceccc20b457103a,book,Doorstop,,,,,
6b10510b38c68305e407,can,Zipper pull,,,,,
1679c7a8ab20e59b773c,fork,Wind chime component,,,,,
7784a8c32a891ebd594a,paperclip,Plant marker,,,,,
3bbb0739e4ab6f00cb50,book,Bookmark,,,,,
d6e78064d817dfdd7c9f,towel,Protecting floors from paint,,,,,
30b58061d9bfef9c9e59,can,Jewelry organizer,,,,,
9b81ff578463c3ab8b70,fork,Plant marker,,,,,
61719ccf9fc0aa262b79,book,Weight for yoga or exercise,,,,,
a047d20d9c2bb9663e26,can,Paint stirrer,,,,,
2ea5701f90222bfd244a,book,Prop for photography,,,,,
631ced6a52900d07054e,can,DIY photo frame,,,,,
04f6cd9fafe3bdb43740,fork,Emergency bookmark,,,,,
5fe0799680db624514b8,paperclip,Mini bookmark,,,,,
72b284a8ec0e8e451940,book,Photo display,,,,,
29b36ef99170f9051264,paperclip,Small weight for a homemade scale,,,,,
135bbaf35bcee55d7fbe,fork,DIY wind chime material,,,,,
0019a0eb0601b478c622,can,Bird feeder,,,,,
98e680fa825abbdd6bfb,book,Plant press,,,,,
03ec9dc9bc1071af2291,can,Scent diffuser,,,,,
7582ee7d7107f53e9ebc,fork,Guitar pick holder,,,,,
fdc056da9b21eec28a1d,towel,Impromptu rope,,,,,
642b29de54e6282d2b89,towel,Removing lint.,,,,,
1b54ab1e7572f6a9715e,paperclip,Pencil topper,,,,,
50629e015f02d9f58748,towel,Wiping down surfaces,,,,,
2b4d6ee8f002c2c98e7f,paperclip,DIY picture frame,,,,,
e6c61350c62f3c297f83,towel,Drying paintbrushes.,,,,,
439726d9b84a953277a5,towel,Wiping down tools,,,,,
64abaf9a2eba96f8ee39,book,Weight for a birdcage door,,,,,
27a310c4594f4bdab73e,paperclip,Picture frame clip,,,,,
111848bf94cfad740d62,fork,Plant label,,,,,
35a2327f0df94266b62c,paperclip,Temporary repair for a broken zipper,,,,,
52098668b93c2695ca16,can,Bird feeder,,,,,
bc8fb84673ec778ca07d,can,Paint stirrer,,,,,
ff841417da7ae88c96ad,paperclip,DIY wind chime material,,,,,
2d1be213e77d5a2dbc54,paperclip,Wind chime decoration,,,,,
a7d594ff9137b39b030c,towel,DIY craft material,,,,,
e42226470af880a4397e,fork,Bookmark clip,,,,,
46014f6b7ab04dfc8a07,paperclip,Cord organizer,,,,,
47f9da4c527dd6a75b51,can,DIY bird feeder,,,,,
22348179a7c6fed88320,book,Book as a plant press,,,,,
2d6fe88fc271001a1921,paperclip,Weighing down papers on a windy day,,,,,
1bf9a581a72d23f399bd,can,Coat rack,,,,,
cf742db98979ee28463b,can,Pest deterrent,,,,,
849d6390ac372f6c970a,towel,Painting medium,,,,,
24ee029b7745bf18ccd4,towel,Dusting furniture,,,,,
48b99a945b2fa8ee601d,paperclip,Magnet holder,,,,,
c6f51b001d1e4d149a51,towel,Tablecloth for outdoor events,,,,,
f8bf9752ec274d189c9c,towel,Stage prop,,,,,
52bc6840d09b81d2c97e,towel,Cleaning spills,,,,,
3f4deb4b58d408040314,towel,Polishing cloth,,,,,
e41326468da246c6c207,paperclip,Plant marker,,,,,
4bbc539fd8fb83c95235,paperclip,DIY photo display,,,,,
7c9b87cca1927b0c45b7,book,Jewelry box,,,,,
f93ea1c518c2ef5f1cf0,towel,Wiping down gym equipment,,,,,
2e7f724d65844114895f,paperclip,Cable tie,,,,,
7bed77acde5d0fbe4081,book,Plant marker,,,,,
4c27af84b666ea020d5e,book,Decorative item,,,,,
61ba0414c8a3f9570903,can,Seed starter,,,,,
02d26afdec2112ba547a,can,Plant label,,,,,
969179c4a1ae866824bc,book,Doorstop,,,,,
34f4a2845d680d4ddb89,paperclip,Mini sculpture material,,,,,
fa27899bea249d10fc52,fork,Paint stirrer,,,,,
4a17308cfeb19f7c0a65,can,Pencil holder,,,,,
9ff5fde53c14fdbafb24,book,Printing block,,,,,
2ca2d8495efd1347acb4,fork,Bookmark,,,,,
38e2876737141dfa6a17,towel,Crafting material,,,,,
ee50263fab471e4c3404,fork,Plant label,,,,,
5f537fecddeeb83f29fa,paperclip,Cord organizer.,,,,,
a7dab5afecbd4840e37c,can,Zipper pull,,,,,
fd32809b2231a4c5b142,paperclip,Bag clip,,,,,
234726bffc7c72f8e50e,book,Pencil holder,,,,,
e6fc84070a11d0325644,paperclip,Cord organizer,,,,,
3322e2b68230677e02da,towel,Creating a DIY photo backdrop,,,,,
3874fc4bff5a035853b4,paperclip,Cable tie,,,,,
a4d1fbe9e8083683ee5f,paperclip,Temporary repair for a torn page,,,,,
238c9fbeccada779a417,towel,Protect furniture from spills.,,,,,
28efe0915a4c9bea05a5,can,Plant marker,,,,,
ccdc84d6f6b762740aa0,paperclip,Emergency fix for a broken chain,,,,,
4f2e4894ec1cd6f3e15e,fork,Jewelry holder,,,,,
9b97a8282264121f0854,paperclip,Temporary fix for a broken zipper,,,,,
353124e5d0d6481d0acb,can,Page turner,,,,,
f724df8b913f21a63d7e,fork,Craft project base,,,,,
367c3e6a92ed0cb84e68,can,Pencil sharpener,,,,,
81c959439b8ad46921a6,can,Shutter gauge,,,,,
40bf46b4d554991b9f5c,fork,Paint stirrer,,,,,
bdfd98f5426922b5eb77,book,Desk organizer,,,,,
17962301b267837dd742,book,Packaging material,,,,,
2a628bc8ccd80a759421,book,Decorative item.,,,,,
c5410267228c233580c7,paperclip,Holder for beads or small items.,,,,,
8694b4bca667c9a4754e,can,Bird feeder,,,,,
879ac5fcedcbe8ad1c34,can,Scent diffuser,,,,,
3adf10d5bef089566bec,paperclip,Pencil topper,,,,,
7e12a5e5b2b008254910,book,Decorative item,,,,,
a9c3bde180c415ab14cb,towel,Wiping down surfaces in a garage,,,,,
75526710c0ef8fc5e4d8,fork,Measuring stick,,,,,
1bd109a00e9b2e14b460,book,Paperweight.,,,,,
c87b7685397f6ca4045f,towel,Wiping hands after handling chemicals,,,,,
74f353c6d48b3a128842,paperclip,Macrame project material,,,,,
41fde67868f0247cecf7,towel,Wiping down tools,,,,,
94eb08c3a2797e818304,paperclip,Bag seal,,,,,
d7742bd6920effb412d8,towel,Drop cloth,,,,,
6c31141ab4016b735720,towel,Dusting furniture,,,,,
f682a9a0a4a4dc06e640,can,Art sculpture,,,,,
112d2355c5498567f0a4,book,Weight for a birdcage,,,,,
e580f3af020bfccd1304,paperclip,Cord organizer,,,,,
6a374c3e90acdbae41d8,towel,Cleaning makeup brushes,,,,,
686cd4709a2401e926e3,paperclip,Painting tool for small areas,,,,,
aa19b13c0de8e9640cc4,can,DIY picture frame,,,,,
f8515d0dd756f9d25f3d,book,Desk organizer,,,,,
c862066b473e52562204,book,Bookmark,,,,,
a96e1a2f5a55ee8a0d97,paperclip,Emergency ID holder,,,,,
73f0a179252385d760e2,paperclip,DIY photo display,,,,,
a9393899c2d137c945bf,towel,Tablecloth for outdoor events,,,,,
45a74cf50b35eaa9d782,book,Photo album,,,,,
07561cebcee37c029209,towel,Cleaning mirrors and glass,,,,,
9da3d7bf24b3c4bd882b,can,Plant label,,,,,
e2fbcb881a84b036fde0,can,Bird repellent,,,,,
1a99f08341fdf7b50041,book,Gift wrap,,,,,
eeb75a6882fa69e854a2,book,Place card holder,,,,,
c6aa6267886754e3a397,fork,Paperweight,,,,,
7ae31a9dd164ebf1a4ec,book,Paperweight,,,,,
12d14add199a284d7a9c,paperclip,Wind chime component,,,,,
6f6b8d2d1227a8d95619,towel,Drying wet pets,,,,,
1df83b1bff2175a67365,book,Coaster,,,,,
afc8500c8ebecace9974,can,Desk organizer,,,,,
384b127d4c8e4ef74d4c,fork,Desk organizer,,,,,
97dc6d85a0801d25a3b7,towel,Cleaning jewelry,,,,,
c068af80fb2ab4fdee99,book,Gift for book lovers,,,,,
4122839cdc5b0ccae7cb,towel,Insulating parts during DIY projects.,,,,,
733bbd2aa85b1a983293,paperclip,DIY jewelry,,,,,
6f0cac2e2b2287b2b23b,fork,Bookend,,,,,
878d4897313eb30947f1,book,Desk organizer,,,,,
75350093e9ca066aa374,paperclip,Plant label.,,,,,
55d7a2a812a329888b2d,book,Weight for a bird's swing.,,,,,
0a0c3181e4141303c6ed,towel,Cleaning musical instruments,,,,,
4cfe33fd9e30b412f602,can,Game piece,,,,,
2900d84b6c82feafbf6a,towel,Applying paint to small areas.,,,,,
811eadc4caf4736602d7,paperclip,Cord organizer,,,,,
3735e5f67cd661b50264,fork,Pencil holder,,,,,
a814a6ac5ab45ebf30df,paperclip,Jewelry making tool,,,,,
4aeef54b5aa51809c7fe,book,Headboard in a pinch,,,,,
ab19b2fab970bbd93787,paperclip,Wind chime component.,,,,,
ceb134b222c2801ffef2,paperclip,Wind chime decoration,,,,,
9956ae5161b47f4d19d3,towel,Drying paintbrushes,,,,,
57173000563a29b9e8bb,paperclip,Mini picture frame,,,,,
22b521f374a6a3e129cb,fork,Comb for cats,,,,,
8addf4535da5c2469c50,book,Decorative item,,,,,
774944892a142cca8850,fork,Candle holder,,,,,
946958ccc3750a2fe8a4,paperclip,DIY wind chime,,,,,
638754d4389c149fa344,towel,Polishing metal,,,,,
c3bcb3cc8efbe1a3d0ad,fork,DIY wind chime,,,,,
62c5ab738edcb437c94b,paperclip,Temporary fix for a broken zipper,,,,,
223534451e500c67e589,can,Plant label,,,,,
683b682aff3d8149e04f,can,Herb garden planter,,,,,
37f6709155470e5daa36,can,Desk organizer,,,,,
52d00fced76778a2af00,can,Measuring cup,,,,,
2ed99e13279adee0d9b2,fork,Photo display,,,,,
b987e740aea85fa0c1fb,towel,Cleaning up spills,,,,,
f15ee02616020589abfc,can,Paint stirrer,,,,,
f4ebc30a6adc94c64120,towel,Drying wet paintbrushes,,,,,
22199391c5e48d38319c,fork,Pencil holder,,,,,
88795798e1b6bc9a0c46,can,Desk organizer,,,,,
8cb987721909d090e108,paperclip,Keyring,,,,,
bf8271a11264f0efd33c,can,Marble run component,,,,,
df636dff7b615df08361,fork,Photo display,,,,,
888c97dfcc02ec6a1e08,towel,Stacking books,,,,,
fae3ccc1df4c1aa48161,paperclip,Plant marker,,,,,
1381f9610f40bba79279,can,Bookend,,,,,
12b0d45ea4ccb6e4190c,fork,Mini plant stand,,,,,
3a869d88f62f1b24b527,towel,Sweat-absorbing bandana,,,,,
1875ded1b5cd4ebcf145,book,Paperweight,,,,,
f3db500c08ae05284e78,can,Photo Display,,,,,
3e2ad110f4d733bac3e6,towel,Polishing metal,,,,,
8d2150ef9d5cc0d9acfa,towel,Crafting material,,,,,
4bd731b7fe19b6b27f1a,book,Decoration,,,,,
d9884a625b60221edd69,towel,Cleaning up spills,,,,,
b94f9a2e5b00496cff5d,book,Decorative item,,,,,
5a599c07231346beee92,fork,Paperweight,,,,,
98424a41dedf12439589,fork,DIY wind chime,,,,,
b4c6adb45936345fe9b3,fork,Bookmark,,,,,
43e381d19912e3885011,towel,For creating a makeshift rope or twine,,,,,
22be6eea52489ef01de7,book,Plant press,,,,,
2a4b39ee23d972bbac6f,can,Plant label,,,,,
5e5ef9ff4bbb5f722c79,book,Coaster,,,,,
049ebe155add90f5e48b,paperclip,Cord organizer,,,,,
b21882cf4fb49b9ab36d,can,Desk organizer,,,,,
6938214dbbdedd2e743c,can,Bird feeder,,,,,
6832304ba4014c9403f3,paperclip,Bag clip,,,,,
84b9a800bfea04bbed78,can,Scoop,,,,,
9f4a4d038f476d305fbf,towel,Removing stickers,,,,,
14882cae84265e801fc1,fork,Wedge for uneven surface,,,,,
5a265e4bd7b829856389,book,Photo display,,,,,
cdd5452ac6644189e4d8,paperclip,Photo display,,,,,
9f6c1f5357e9498545e8,book,DIY craft material,,,,,
7f9572b253f7cb02b6c3,can,Plant marker,,,,,
6e2c87a6f7e39f5ae271,paperclip,Plant marker,,,,,
eb122b753d399845175d,paperclip,Mini wind chime component,,,,,
685f32ec1ea678e8f258,paperclip,Wind chime component,,,,,
366d008b3a5d958a7fba,paperclip,DIY photo display,,,,,
22fb080a86ef29fafdea,fork,Bookmark,,,,,
77849e3ab979f06544cc,towel,Cleaning cloth for windows,,,,,
a232a1e8f37299e7d243,book,Paperweight,,,,,
c98852a483c31291f69a,book,Gift wrap,,,,,
ae297830b59531b79ca8,book,Journal,,,,,
67b9fc162a27ae71a9c7,can,Bag stand,,,,,
3c934091bcb483e6e3a8,can,Spoon rest,,,,,
ecb1e7e5db472d198028,fork,Bookmark,,,,,
cd938d327808153856b2,paperclip,Photo display holder,,,,,
bed17bcd8c62a15265a9,paperclip,Bag clip,,,,,
ab5821562b3c788d54b6,fork,DIY wind chime component,,,,,
acd9bf66e9a2c7850eaf,paperclip,Bag handle reinforcement,,,,,
c27ebeae4896ebe1ab6e,towel,Drying flowers.,,,,,
0679c1b500673307885e,book,Book as a makeshift cutting board,,,,,
5659bb912b6ab84bc5bf,towel,Support a broken arm or wrist,,,,,
e0f385f31b61cc36ad9d,towel,Clean jewelry,,,,,
50179cbded087390e974,can,Geometric art material,,,,,
c3d432c8833f79b9d7f6,book,Weight for closing a window or curtain,,,,,
3e52a9ecfe04f3d73c7c,book,Paper journal cover,,,,,
7690d553f3534835263c,paperclip,Plant label,,,,,
814de27df5b70f5cff3a,fork,Prop for a theatrical performance,,,,,
71a692caf7c211ac1316,paperclip,Temporary fix for a broken zipper,,,,,
80dbd0c880707e58c45e,paperclip,Cord organizer,,,,,
45d220fa561d8b87ec66,fork,Desk organizer,,,,,
3d41796c9ec8afea0910,can,Painting palette,,,,,
42c02e0063d889440805,paperclip,Plant marker,,,,,
38eacefa81054accad31,towel,Cleaning polishing cloths for jewelry,,,,,
e8a06e42cefa1b722864,book,Coaster,,,,,
527aa3f5983b2ff8fde2,towel,Cleaning spills on floors,,,,,
89d384c5b5cb79303d0c,towel,Wiping down furniture,,,,,
571972992f1b0afa9c36,paperclip,Temporary repair for a broken binding,,,,,
8717a49bed98255a040f,towel,Cleaning rags.,,,,,
ca03b2cdcc62f0112c8f,can,Pest deterrent,,,,,
b76979df4cbe95324428,paperclip,Weights for a DIY photo display,,,,,
0a431e619243a5c2d7e6,fork,Pencil holder,,,,,
10359396638a1b4b7b27,book,Wall decor easel,,,,,
cce042f0f6520e4e0c7b,can,Cat toy,,,,,
c58a940948fa6f673418,can,DIY bird feeder,,,,,
a794e5010c0dec3804a0,towel,Applying wax to floors,,,,,
bd1750c879b0b621c4cf,fork,Impromptu bookmark,,,,,
6086f02e34cac1a86f84,towel,Cleaning windows,,,,,
641a727f9eb53db7c4c1,fork,Prop for a photography shoot,,,,,
49422911b74c24518dc6,paperclip,Zipper pull,,,,,
7cb347739944ba6add06,towel,Picnic mat,,,,,
d8129ad720dc28618688,fork,Bookmark,,,,,
a6df5cb6c3b9f4cb16c9,paperclip,Bag clip,,,,,
660c6bb2f121efbf2aa4,towel,Stage prop for theatrical performances,,,,,
d45c9ab097d110a147da,fork,Sculpture base,,,,,
e7e5f19f4f6601643341,can,Plant marker,,,,,
8210fa876995d68c7b78,paperclip,Crafting tool for beading,,,,,
3d8bcb4502db444f4476,book,Music stand,,,,,
84b63b5d7be1c7195f2f,towel,Stuff a pillow or cushion,,,,,
e43897b40911e97d3e7d,fork,Mini shovel for small plants,,,,,
0bb8c41fa6113341f09c,fork,Plant label,,,,,
241371591ea51984fe3e,towel,Absorbing excess glue or adhesive,,,,,
5a400f946244d53d6274,fork,Photo display,,,,,
8cfadeded0bf73a2942a,towel,Emergency blanket in a survival kit,,,,,
ccecf4928c6cb954a729,towel,Gift wrapping,,,,,
e24a7011d2ae5f44f2c8,paperclip,Cord wrap,,,,,
c02a924a4a6d9479859a,paperclip,Emergency hook,,,,,
ab20c16882427eb1a001,paperclip,Badge clip,,,,,
e4f2b251381da7a8ef4e,towel,Wiping down door handles,,,,,
f8b133f2506c2503f630,can,Candle holder,,,,,
7721014489ec784ef378,towel,Cleaning windows,,,,,
5c22ea15b41653b6da84,can,DIY picture frame,,,,,
5189001a470ace707e53,book,Trivet,,,,,
485738ee3d805aecd6a8,towel,Protecting surfaces from dust during construction,,,,,
2c0d812b1437edaf7d42,paperclip,Bag clip,,,,,
df184f2671b6fa6d900d,towel,Emergency blanket,,,,,
c41b10a3480e062a0c19,can,Bookmark,,,,,
6a866384ee6f381f5ea1,towel,Creating a DIY photo backdrop,,,,,
0d928f8ea40a708dc781,fork,Hair comb,,,,,
a7dab4987691fe1b87f6,towel,Dusting furniture,,,,,
9e657b34c8a822001e64,book,Decorative item,,,,,
eccafeaa0a22182a448a,can,Candle holder,,,,,
92823048345bb849d6ba,towel,Washing delicate items,,,,,
88616a032b25cd6c0c0e,book,Book as a coaster,,,,,
eb5469dac9ab82965e3e,towel,Cleaning mirrors and windows,,,,,
1586beeedb8ef24dfdd9,fork,Hair comb,,,,,
e300dea71ea77d2aace3,paperclip,Craft supply holder,,,,,
894ed9fea02be5758fe8,paperclip,Miniature sculpture base,,,,,
3a686cf84c5da3ca5ae8,fork,Plant label,,,,,
7752a56c4b3608a00119,can,Bookmark,,,,,
c6e921345355881379d4,paperclip,Cord organizer,,,,,
025eaf4f24b3bec7fd7c,can,Bird repellent,,,,,
50ac7cc136d52138909e,book,Desk organizer,,,,,
0c65c1374f73315e985d,towel,Cleaning car windows without streaks,,,,,
30a7762e7fd6bf5e5964,fork,Potpourri holder,,,,,
6605ea43b9aba7ad1ebf,can,DIY bookmark,,,,,
e0cc45f497a8ea37ef0c,can,Bird bath,,,,,
4175e05f50d4bd5a7a53,book,Shelf divider,,,,,
a90e8316f23834d7623c,paperclip,DIY picture frame,,,,,
a6eb5d7a916b7b07ef19,paperclip,Photo display,,,,,
d97751e1775141e40328,can,Birdhouse,,,,,
87e5a58c72a09d6dcb7c,can,Shelf,,,,,
4e5adae64c1a117c006d,towel,Wiping down countertops,,,,,
b9f226cac37e44072b24,book,Paperweight,,,,,
8473816ff221d1a79f80,fork,DIY jewelry making tool,,,,,
3d5e0c9947acaebccdf3,book,Sculpture material,,,,,
795ab3023ad47b7278b1,can,DIY drum,,,,,
793359bae17c66a65bf3,book,Gift,,,,,
8ee9ac90b1942f373c37,fork,Curtain tieback,,,,,
f9bf4483c47f74846b8a,can,Cable organizer,,,,,
ffc3f3c5c225a09562df,can,Wind chime,,,,,
13b35b51493ef6ed9056,can,DIY photo display,,,,,
27d7c4976fe445646313,book,Plant press,,,,,
12f5f7cb7b6e6efdd503,fork,Small container for holding items,,,,,
9a334fc174acadcabb0e,book,Menu holder,,,,,
113f76180e0e3344c06b,book,Book as a unique decorative centerpiece,,,,,
f9a0b436a87a12f68c9f,towel,Polishing metal surfaces,,,,,
2d10037c0610df02da5b,can,Desk organizer,,,,,
ded81d0c097ffa9f295c,towel,Cleaning polishing surfaces,,,,,
4f0b89c519caa5ceb53f,towel,Drop cloth for protecting furniture,,,,,
2f1faa661857745fe98f,paperclip,Desoldering tool,,,,,
6bf3ccd541f49d500ebe,book,Desk organizer for office supplies,,,,,
33c7fcb177f1122f5e8d,paperclip,Bookmark,,,,,
1165733f1588ea740855,can,Wind chime,,,,,
3b3f3151c31f7b2ebc08,paperclip,DIY jewelry,,,,,
8f738741d05a680c9f80,can,Photo display,,,,,
c788b9a19acdeb7f8593,fork,Musical instrument pick,,,,,
1db9e406116bd7409aa1,paperclip,Mini easel for small art pieces,,,,,
9a35a78bb340058ced9a,can,Musical instrument shaker,,,,,
f70b29872198e224605c,fork,Candle holder,,,,,
70961d4e13919571d2a1,can,Picture frame,,,,,
3eab272cc5f123a7a5f0,towel,As a drop cloth,,,,,
dd8978636af0640b87af,can,Photo display stand,,,,,
ed870e35470273c95f61,book,Coaster.,,,,,
95fbcaf2608cabbfe7a4,can,Coat rack,,,,,
31c438c9b5fa77f43b42,can,Plant label,,,,,
936d3f82a51667e97f64,paperclip,Fishing lure,,,,,
47ba3c786552ff7b846e,paperclip,DIY photo display,,,,,
bcac4ab6c658865f1523,fork,DIY craft material,,,,,
e51a06a8016471db9a74,can,Puzzle piece,,,,,
2c0d0b240102db38c80f,fork,DIY jewelry making tool,,,,,
6d637fe5e28ec310a968,book,Desk calendar holder,,,,,
553df52bcd7b9c689f84,book,Desk organizer,,,,,
97860d138ed8358875a7,fork,Picture frame hanger,,,,,
2481435ba7c89585760b,fork,Photo display stand,,,,,
6969020616411963f518,can,Sculptural piece,,,,,
0241e070ff25510f5e78,paperclip,Puppet show prop,,,,,
b78c37cc1241d4e4f47b,book,Bookmark,,,,,
1bb65b9b5d7e4ed437e5,book,Journal,,,,,
ff7c35f42c5c2612778f,paperclip,Zipper pull,,,,,
5880c31efe24fe243d51,fork,Plant label,,,,,
a7c05d151027fd4eb555,book,Desk organizer,,,,,
f855b47da1d943031de4,paperclip,Temporary fix for a torn page,,,,,
f50ff7c5a98f51a6089f,can,Bird feeder,,,,,
b25ca726680e5b30aa0d,book,Desk organizer,,,,,
4a7aa7bd2166647a4945,can,Scent holder,,,,,
7e12b24363d082a3c146,book,Coffee table bookend,,,,,
a05eab4edaa4ee8e43e7,book,Coaster,,,,,
dd60cef6a585da839cb5,fork,Scraper for removing old adhesive,,,,,
566aa562a2428d2e71a8,fork,Plant label,,,,,
44cb3e21d4541ca202a7,book,Bookmark,,,,,
63da703cb1d5fc76cb20,paperclip,Plant marker,,,,,
f27db241c46e2dd90eca,book,Place to put a bookmark,,,,,
af81c1416cb685e3de6c,paperclip,Bag clip,,,,,
7764ac6d853b4ac2a4b8,can,Plant marker,,,,,
60b05744851cfaa4b447,can,Fire starter,,,,,
9abc68dfa7d6a0d0da52,fork,Makeup brush cleaner,,,,,
60573705f581aba9c864,can,DIY bird feeder,,,,,
3d83c2ecb77acfe35a36,fork,Homemade wind chime,,,,,
91c309bf1287e29ee1e9,can,Fencing material,,,,,
0a8a8fa167fdd4c80e48,book,Plant press,,,,,
f06c5215735a8b0b3d38,book,Fire starter,,,,,
ec2e93c9b4663286f06c,book,Draft stopper,,,,,
383f37f9cd44010f7cfe,paperclip,Bookmark with a charm,,,,,
7bdecae4046f930e50bb,towel,Absorbing oil spills,,,,,
c78f3fc143bd75429a91,towel,Cleaning spills,,,,,
0926cb12ea26a4ea0f84,towel,Cleaning mirrors,,,,,
d29b32252dab86b1d18c,towel,Scented potpourri holder,,,,,
4f91f5206c90142d37c6,can,Birdhouse,,,,,
5ad99923c63762af4744,fork,Plant label,,,,,
dacd17b7c670c2d5cc3e,can,Pen holder,,,,,
ef94d69c535a0ff1cad8,paperclip,Plant marker,,,,,
9e5323427393a49b626c,paperclip,DIY jewelry,,,,,
4fce56e4baebb30f1e1e,book,Coasters,,,,,
03f81644b5a83e7b3cb5,towel,Dusting figurines,,,,,
2cf9a6246440078f9f83,paperclip,Zipper pull,,,,,
b1c44145fbb2d98b96e2,fork,Pencil holder,,,,,
fee3cd3eae34154b734b,can,Paint stirrer,,,,,
33949046095a937b2f54,book,Coaster,,,,,
ab59b09642cabb42576e,fork,Candle holder,,,,,
57eb5bbbda39f44e737a,paperclip,Plant marker,,,,,
2548ab5b5b6fe2708e49,paperclip,Wind chime maker,,,,,
29de2b664f38815c15c1,book,Candle holder,,,,,
45dc38e37939f9e2ae3b,fork,DIY wind chime,,,,,
a9b02f523152d33bc565,book,Decorative object,,,,,
700aa35c21676e500ff7,can,Herb planter,,,,,
570d26415a7093b60d44,book,Gift,,,,,
a6b99c9dc1d315580270,paperclip,Jewelry organizer,,,,,
01738a9b1294e914303a,towel,Emergency blanket,,,,,
ddf05ff04bbbdf80ee78,towel,Wiping down surfaces,,,,,
c82ff3d98f889917c7f0,towel,Cleaning dust and debris from blinds,,,,,
e02446299d28994e3016,fork,Zipper pull,,,,,
381fadd63abce29b8bf7,book,Packing material.,,,,,
58cc98ef511b0f08f9a9,towel,Wrapping broken glass,,,,,
c341117d44f74e65606e,book,Trivet,,,,,
00b7695b0924e06fd171,fork,Plant label,,,,,
f46e711269ba250797e5,fork,Plant label,,,,,
ad49d9eef00ea04e95e3,towel,Dust furniture,,,,,
ec150e1dfd174379ef03,fork,Paperweight,,,,,
ae4c96e3241f5036c808,can,Leveling tool,,,,,
099cb343dbaadcfccf44,fork,Bookmark,,,,,
ed2a551d04fa0c671a57,towel,Polishing jewelry,,,,,
b99e6cf9c102530c03c1,towel,Cleaning windows,,,,,
12d5f3a3acf02153a576,paperclip,Plant marker,,,,,
69291198d95e451f1fd6,can,Marble run component,,,,,
eac105b03427c51ba55f,fork,Marble run component,,,,,
db2746a09d77062783c0,fork,Mini painting easel,,,,,
8a7b338f59889508e226,book,DIY craft project base,,,,,
04d3275ae24d4e8c2a1f,can,Gift container,,,,,
04de0c97f55c8a0e57e8,towel,As a drop cloth for protecting carpet from water damage,,,,,
afe1fd040485cf61abb2,fork,Pincushion,,,,,
9faaadc4335b60b5a9a1,towel,Dusting furniture,,,,,
49498d092e1b9da68d2a,book,Decorative item,,,,,
5f649322501a347387bd,book,Paper shredder material,,,,,
0b035307597014108608,towel,Cleaning windows,,,,,
3168743b4e92cac6f2c9,paperclip,Cord organizer,,,,,
32e20e111040e8039ab6,book,Photography prop,,,,,
4f6538957c12bd64b529,book,Weight for heavy objects,,,,,
c0b96bd1f06d3bf33786,towel,Cleaning delicate surfaces,,,,,
c4c793d33c6ddbd66f16,can,Wind chime,,,,,
b5981f3f2e02134a8c92,paperclip,Cord organizer,,,,,
aa34de08e19bfa053293,paperclip,Wind chime component,,,,,
1f8d3f801faa9baebdf8,towel,Crafting material for various art projects,,,,,
b526b06765803d1da7ae,can,Pencil holder,,,,,
6f90a1229404b60fb7bd,book,Fire starter,,,,,
dc7727ed02b9739511cc,can,Wind chime,,,,,
5771f022d1b3eaba8c54,fork,Candle holder,,,,,
a933fc6110926c23d47b,paperclip,Cord organizer,,,,,
eb79e73c4ba6df1fb68f,fork,Measuring tool for small spaces,,,,,
c118b701dd6e87248443,book,Bookend for a desk,,,,,
1f730e2f3d03a145baec,book,Candle holder,,,,,
59a27bced9020564e558,paperclip,Mini bookmark for a pile of papers,,,,,
576407ee75ff21f4f4a7,towel,Scented sachet,,,,,
38e915c3cac5a58ccaef,can,Plant marker,,,,,
91dd09c9ca6e76bb3eff,can,Wind chime,,,,,
5173f5b5974ac5e2b886,can,Plant marker,,,,,
ea3d90637d917e9153fa,paperclip,Temporary fix for a broken earring,,,,,
5e04d8580d6ceac98163,can,Windscreen wiper,,,,,
7ad19dd106ed96397e04,paperclip,Bag tie,,,,,
54c8e87afc52dea34fac,can,Plant marker,,,,,
1431e9cb922a3f69b312,paperclip,Plant marker,,,,,
e07fbd5badeba5aedd77,can,Wind chime,,,,,
67bc91ea75c93e9ece81,fork,Paint stirrer,,,,,
7e7e118e93fdb3745735,towel,Creating a DIY photo backdrop,,,,,
c8b872cf2ea04ea530c7,fork,Paperweight,,,,,
6e762aa55a47bbaaeb37,paperclip,Zipper pull,,,,,
e72d75c69582000a68da,can,Measuring tool,,,,,
4f1868c40805782b2173,fork,Wind chime component,,,,,
519e90df0708b069b445,book,Desk organizer,,,,,
95c5266982a01d4ec8cb,fork,Pencil holder,,,,,
326add610465bd0c6f58,book,Trivet,,,,,
3dda3cb8c25f80e98ba9,book,Wall hanging,,,,,
5cc6a3e9a2be195e10b3,towel,DIY craft material,,,,,
f016cd29f5479aea48ba,fork,Paint stirrer,,,,,
11eb841fbdec5dea94d1,fork,DIY wind chime,,,,,
1069ef94d6a4c5d73792,book,Sound dampener in a room,,,,,
73049b44fa2262af81b7,towel,Tablecloth,,,,,
20107a5981056b63392f,towel,Lining a makeshift tablecloth,,,,,
b3279ec08449672ed932,can,Bookend,,,,,
4b9bb9035d8efb172777,towel,Drying dishes,,,,,
f8659c3bbce7f40fcd00,book,Coasters,,,,,
3faa7ff42daed50d4ad5,fork,Wind chime,,,,,
6ec30f99d3aaed5e99fc,book,Weight in exercise routines,,,,,
bd111497a2ff921d6e53,fork,Pencil holder,,,,,
74a16931e877bbdfd848,towel,Cleaning tools,,,,,
528e3c8abc669c6ababa,book,Coaster,,,,,
3397fff9f9d2478576d4,can,Paperweight,,,,,
3e1c4a31f5bb429ec3c4,fork,Pencil holder,,,,,
103865a3dffa37eb7f87,towel,Dusting low areas,,,,,
e7f8b11595d84425b9fa,book,Bookend,,,,,
1dcd826e7abce662a4a5,fork,Plant label,,,,,
e44f90000cd878fe1f1f,paperclip,Plant marker,,,,,
7de2d5727ab5746e4c35,towel,Polish jewelry,,,,,
5a1a68a46965830d8415,book,Material for scrapbooking.,,,,,
59ddfb39e0cbf0227f01,paperclip,Bag seal,,,,,
43c37871b448a8cd9d79,book,Decorative centerpiece,,,,,
94561c761295c71c9159,fork,Wind chime component,,,,,
461534d1f88079f14df4,fork,DIY wind chime,,,,,
ce8080f4dd97028ae42a,fork,Bookmark,,,,,
dbac7c6d90b7fca90fdd,book,Gift for a pet,,,,,
097a6c482e047e3cf07a,paperclip,Plant marker,,,,,
eb703b97ad13d2ccdf85,towel,Cleaning makeup brushes,,,,,
556e79c13b538cdbbd5d,towel,Cleaning up spills,,,,,
5674795ea543e423fe05,book,Wedge,,,,,
702f68a8c21e9bbb5130,book,Paperweight,,,,,
5455994edf3d72a046e9,towel,Removing lint from clothing,,,,,
d6f62adf8b9b6be2bd36,towel,Polishing metal,,,,,
88ef1f0b5c4e939ec11d,can,Potpourri holder,,,,,
12aec599f9f51e91131d,paperclip,Emergency lash for a broken shoe,,,,,
a73aa078dfd7c12fe152,paperclip,Emergency cord,,,,,
90f10d1c1673553d1ee6,fork,Mini scraper,,,,,
e41456cc6e1a98154895,fork,Pencil holder,,,,,
476af0c76bb37ec0fe12,book,Sound absorber,,,,,
35e0cc2a9fa530c1bcb3,fork,Plant label,,,,,
9e4804206103ed30b69c,towel,Cleaning delicate surfaces,,,,,
709663c245ede09fc3c4,towel,Wiping down tools,,,,,
11fde4041a2497e3277d,fork,Pencil holder,,,,,
0d0f75e36cd89a4f7966,towel,DIY photo studio background,,,,,
580161e9796a0b53f62a,can,Mini planter,,,,,
9a2176110a72149674b2,book,Wind chime component,,,,,
9e2691c933263f27ec71,towel,As a drop cloth,,,,,
d4b28b997da13afba543,book,Coaster,,,,,
559e2dfb566fa851cb03,towel,Dusting furniture,,,,,
0d1fda7567520d76f75d,book,Prop for photography,,,,,
ecb82cbde6b07f6972b4,towel,Cleaning up spills and messes,,,,,
24e0d903744ce2e1cd3f,book,Kindling,,,,,
debf6b8e8d75c3300090,fork,Magazine rack,,,,,
10776b0a959d4f1b46e5,fork,Paperweight,,,,,
b1d2005514f603c6d594,fork,Emergency screwdriver,,,,,
89848b4721232d3ce75e,book,Coaster,,,,,
e276aaa8c5d3a97de37c,book,Gift for a child,,,,,
254c3537e6536cd0dc3f,can,Pencil holder,,,,,
7aa07a086f216fcbfc88,book,Photo Display,,,,,
3ff0afb1655b19450593,towel,Wiping down kitchen counters,,,,,
36d9dd718b085cb293e0,fork,Wind chime,,,,,
c79b8cf51c48228c3525,book,Prop for photography or film,,,,,
09e444a2768b9551cd35,fork,Bookmark weight,,,,,
401092382afcccc7838b,paperclip,DIY picture frame,,,,,
db17837e456278e5bce6,fork,Stamping tool for clay,,,,,
563943ded99597d63e61,can,Paperweight,,,,,
eebe631ea3c8e5e26bf7,towel,Wiping down tools,,,,,
2c07ddc400ccd393789a,book,Sound dampener,,,,,
e93e1ce46e38d797e9ea,book,Coffee table decoration,,,,,
cf44f3effcf2885d9745,book,Candle holder,,,,,
c86178d92a57b0db5363,paperclip,DIY craft supply,,,,,
118c6c40bb28a0c710f2,book,Bookmark,,,,,
1d8dcae180d11dc0a3d6,book,Decorative item,,,,,
7d6831281450e3414f3a,fork,Picture frame stand,,,,,
01d315f795153d7e968b,book,Bookmark,,,,,
8e8196a39d9fbd839923,can,Painting palette,,,,,
401b0cd98a577382229e,towel,Protecting furniture from scratches,,,,,
87a6901a5f054b9d6fd6,can,Paint stirrer,,,,,
ef51104e2238740dfc9e,fork,Mini gardening trowel,,,,,
04f48eaa397a9b234dac,fork,Plant marker,,,,,
efcf72a1253dd6f2ff21,towel,Polishing mirrors.,,,,,
b386e2c1df513b4206f7,can,DIY craft material,,,,,
705de61eca938f5951f5,paperclip,Plant marker,,,,,
9e30c48a469ec72003d2,fork,Wind chime component,,,,,
062383b5e603acd51222,can,Planter,,,,,
359178cf68570f680431,can,Plant marker,,,,,
7f57b024115c3b8e457c,paperclip,Bookmark with a note,,,,,
d03068f6262f66df5928,can,Bookend,,,,,
cc4745ee97820ec49195,paperclip,Pencil topper.,,,,,
11143dd8e33925068665,paperclip,Funnel for liquids,,,,,
b66053577a519fbf61e5,towel,Table runner for outdoor events,,,,,
a3e0e105c5fc819964d4,towel,Polishing metal,,,,,
40f79488958e8b77316f,towel,Protect surfaces,,,,,
a0b20250799e0721d795,towel,Dusting furniture.,,,,,
ccc707fff1c820166eb6,towel,Cleaning mirrors,,,,,
83b2da922a5d53ac53dc,can,Plant marker,,,,,
f57c595b65ec1a067d30,paperclip,Mini sculpture base,,,,,
6a2730c1ee97b12279a0,fork,Pencil holder,,,,,
dc3a863c6c32ae35145d,towel,Dusting blinds,,,,,
f634562d8f9ca58c8805,fork,Mini shelf,,,,,
381c14b93d47104a1c8c,fork,Gardening label,,,,,
b85e9d70b629f6721581,towel,Dusting surfaces,,,,,
6ce9e69a628956cedaf3,towel,Making a DIY tablecloth,,,,,
4baed7753b28126d3547,book,Bookshelf divider,,,,,
9bdd7c0f19f8ad71c4c4,can,Wind chime material,,,,,
7f8ccfa6e3434f6a8642,paperclip,Emergency bookmark,,,,,
a857f8c363c977c25e83,can,Potpourri container,,,,,
28b7010ad9e18b17d728,towel,Wiping down surfaces,,,,,
47c20c19ea913bfd2674,paperclip,Weights for small objects,,,,,
50821a9fd0e5ed9a0faa,book,Gift token,,,,,
df0cae84aec6e7169c21,fork,Paperweight,,,,,
079f03322bb82b24a2d8,can,Measuring stick,,,,,
e67fa574f8927e26dc61,paperclip,Bag clip,,,,,
c031930332e84ea33357,fork,Bookend,,,,,
aa8c8e1e94ec1f99d569,fork,Pencil holder,,,,,
dc341a0beaae34de505e,fork,Measuring tool,,,,,
d5990eb2a124893a1439,can,Wind chime part,,,,,
f83908e958b299fbc258,book,Bookend,,,,,
1049df85d8663c4df2a1,paperclip,Photo display,,,,,
08e0a2a03b531a5f0b5f,paperclip,Emergency cord,,,,,
a97d66cc24e03e177a82,fork,Mini plant marker,,,,,
b233e170585a8e0d3f5c,fork,Mini shovel substitute,,,,,
71984fb549d8eae0b1df,can,Ice scraper,,,,,
0afe7024e5252f9fced2,book,Plant press,,,,,
4d77c4cb6bbb76f6f3d2,towel,Sweeping floors,,,,,
193663a1939f579916a2,paperclip,Cord management for headphones,,,,,
359e89957ceaabf0c7db,book,Gift wrapping material,,,,,
f86513024d00e9834dcb,can,Wind chime,,,,,
4b74f935b79a4a562fb8,fork,Drumstick,,,,,
7f899e44c4dd51a33d29,fork,Measuring tool,,,,,
4331704848cca3790db8,can,Photo display stand,,,,,
6d32771e7f5d76c6fcd1,paperclip,Cord organizer,,,,,
6dcf3145ddc249af6207,towel,Wiping down tools,,,,,
d4bcedfeee334320eb42,can,DIY bird feeder,,,,,
36c24129e6a32d08d795,fork,Pincushion,,,,,
67c11ce159015f7e112a,towel,Remove lint from clothing,,,,,
9f0d01b2a779911b8790,paperclip,DIY wind chime,,,,,
7920487d85d8a69d9c54,paperclip,Cord wrangler,,,,,
26fc3c13c2e24142dfc6,book,Decorative item,,,,,
f532dc12ec54ded39c0f,towel,Cleaning out small crevices.,,,,,
d28f67b62959dff4d0e7,fork,DIY bird feeder,,,,,
a19cea6dad72bb246c17,fork,Bird feeder perch,,,,,
e3f2f2c76c61ec0e85b4,paperclip,Temporary fix for a broken zipper,,,,,
f62f79c47dc93f1b1a77,towel,Photography prop,,,,,
ce91a4c7642bc7d1944a,paperclip,Mini bookmark with a name tag for a book,,,,,
c9bfcf0cee8d9294e2a4,towel,Cleaning car interiors,,,,,
3f5467bb1502aa5b6cde,book,Planter,,,,,
8b74743d81ec6ea95afd,towel,Rag for cleaning tools,,,,,
d44593a64884114131e3,paperclip,Mini bookmark for a reading journal,,,,,
0aa46ec15deec58a50fd,book,Wind chime decorative item,,,,,
fa24f9c557022cc8aacd,paperclip,Plant label,,,,,
c44e5e71269d3d9be8c2,paperclip,Cord organizer,,,,,
f391df91297793b6c3a6,towel,Polishing metal.,,,,,
06b50e3678bb1b92fffc,paperclip,Mini bookmark,,,,,
1518acc794f953d887a1,paperclip,Cord organizer,,,,,
e5bf1d3b8f357d615e7b,towel,Drying paintbrushes,,,,,
ab6e95b1c5f669584584,paperclip,Bag clip,,,,,
703f21deab6acc006760,fork,Desk organizer,,,,,
e336cf3219899b7c4f81,can,Plant marker,,,,,
14821b6f1fd06555497a,can,Wind chime material,,,,,
4651c0f73d2002ac95fc,can,Wind chime component,,,,,
9999ceeb127042238457,towel,Wiping down electronics,,,,,
fcdaba415f2bcfc137a1,can,Science experiment container,,,,,
6d3fe46ea8bc3f58a7f4,fork,DIY bird feeder,,,,,
612a4061d05ee870fa26,towel,Removing lint from clothing,,,,,
65e8de5d76c87f15a710,towel,Smoothing out wrinkles in clothing,,,,,
dddfeae8a56800d76711,fork,Bonsai tree stake,,,,,
3de1599ae7f890489603,towel,Wiping down electronics,,,,,
2fe92b6fae557d31bb69,book,Plant press,,,,,
133e356fbbcb3640cfa3,paperclip,Bag clip,,,,,
43f2d9be3367e2d12ce9,fork,Pot scraper,,,,,
486e6bb63529c0600faf,can,Fire starter,,,,,
cd77de04558902df1a63,book,Flashlight stand,,,,,
00d032bcd3a70f287b3f,fork,Plant label,,,,,
dc1a506c1a7c5360c17b,fork,Wind chime,,,,,
3e04b294849bbe704d2c,fork,Tension tool for wire,,,,,
8610f22f6cb473a5162f,fork,DIY project material,,,,,
8c881ae41782b0548fbe,can,Mini garden marker,,,,,
e11ffc864e4463384485,towel,Cleaning spills,,,,,
ef8c1800fb8a715270be,book,Crafting Material,,,,,
57add5c07351d29c9b37,can,Mini trellis,,,,,
43ad80435e9e66ba9be2,towel,Drying wet tools,,,,,
ac876578d7aabdcdffa6,can,Hammering tool,,,,,
d7cbc35646bf23103369,towel,Absorbing spills,,,,,
a382ad9bb262d3c4aa2c,can,Spice rack,,,,,
b6a1212fa7aa878c2df4,book,Bookend to hold up shelves or bookcases,,,,,
efe6101202ee67672e23,can,Birdhouse,,,,,
e995049bc260f904146e,can,Bird feeder,,,,,
0cba9227374d3c110039,fork,Sculpture material,,,,,
0aeb93898fedda38f05b,paperclip,Pencil topper,,,,,
54dfb4fcd371f41adb2b,paperclip,Temporary fix for a broken chain,,,,,
4b988331b7bb284f4fe2,book,Weight for a birdcage,,,,,
4c5c5584ce7cc4105d3e,fork,Candle holder,,,,,
48eda7db706dc47c05f5,can,Geometric pattern on the wall,,,,,
fee1ad442f748bf60a1a,towel,Drop cloth for spills,,,,,
862be312db4376b25abe,towel,Cleaning a ceiling fan.,,,,,
1742c1544c51eb528fa2,fork,Plant label,,,,,
ce032419b4cf341847f6,paperclip,Zipper pull,,,,,
592ce5d5dcdd328a0d93,fork,Squirrel deterrent,,,,,
762fc47f886c22b36c05,fork,Plant label,,,,,
2eab0c0440783ff75882,towel,Dog drying after a bath,,,,,
32ee14a87834442268c4,towel,Crafting material for making ornaments,,,,,
b8f8355096e7e764a1e2,towel,Dusting furniture.,,,,,
afaca40609ad0ba4f430,fork,Plant label,,,,,
2adef86cebf9cff9bfa0,book,Plant press,,,,,
687044ac0c4855782dbb,can,Pencil holder,,,,,
815cb9ee428ef5ea75d0,paperclip,Zipper pull,,,,,
290573dcf8a316cd0ccd,book,Gift for a host,,,,,
a3e676809a7e5b8ccd72,paperclip,Weights for a homemade bird feeder,,,,,
4fbb5e26baaf62477bf6,towel,Cleaning jewelry,,,,,
177bdbc0e6226ada0e20,can,DIY craft material,,,,,
96e82956e3d286332f1d,fork,Measuring stick,,,,,
761a6b7696bb9ba6dabd,book,Wind chime component,,,,,
ce6688a66296f14fe2b2,paperclip,Crafting material,,,,,
3ec80096f7791605725b,fork,Paperweight,,,,,
5038fc06e3cd9b2b294b,fork,Candle holder,,,,,
ff8f36b047b5bc1f7613,book,Kindling for fire,,,,,
8af6c5cd37fb98f3e116,book,Desk organizer,,,,,
172eb4e5822ec00b44ff,book,Book as a DIY photo frame,,,,,
01a7d3e9a33e606f513f,fork,DIY wind chime,,,,,
cd777efb9e350ceff889,can,Photo display,,,,,
8f6854d5b32fac371369,book,Desk organizer,,,,,
0c73b72d4093a1f0b00c,paperclip,Plant marker,,,,,
b8eeac1e1d3662a54b65,paperclip,Impromptu bookmark for a crowded library book,,,,,
598d947d570697c97a0c,paperclip,DIY wind chime component,,,,,
cae48ce04ff3cc00df1d,fork,Candle holder,,,,,
f45ad8bdfd3350edee41,towel,Stabilize a broken plant stem.,,,,,
280b3be992231a581b7d,paperclip,Temporary fix for a broken zipper,,,,,
6f87afe420fe223d6155,towel,Polish jewelry,,,,,
d6715164cb9ed17ae978,book,Coaster,,,,,
c25ca3b1246bd479eb27,can,Wind chime,,,,,
55b501a8e59f7a823c16,can,Chopstick,,,,,
02f0cc7f8d654c04bf55,book,Journaling prompt,,,,,
f00ce59c317e807d76f6,can,Paperweight,,,,,
ef8ed38b17358ef4efa2,fork,Desk organizer,,,,,
d158b787e4c6f5bc7114,book,Desk organizer,,,,,
db6885684a802fa9efe1,can,Wind chime,,,,,
217dd0a610aafb794025,towel,Dusting furniture,,,,,
023894b68326d5071d44,can,DIY bookmark,,,,,
09eebe902a577d27a16c,book,Paper Mache Material,,,,,
6d7920a7e105709b4dcd,can,Paint stirrer,,,,,
10ecedb112f2e775e912,towel,Polishing jewelry,,,,,
2b9455b030d3953eafc6,fork,Picture frame hanger,,,,,
5e1132922e0bc44e9c07,can,Birdhouse,,,,,
ce999922a939479c2c72,towel,Wrapping fragile items,,,,,
0cd7ad652642b139407d,can,DIY picture frame,,,,,
4c40041d6e936fb700c6,paperclip,Cord organizer,,,,,
8c2cd61fcd856362dd3d,can,Bird feeder,,,,,
7020e3565bdcf0c5f87d,fork,Pencil holder,,,,,
54c31a8a2e687e38b0e1,fork,Coat hanger,,,,,
04b8452483ad5711ea10,towel,Protect instruments during storage,,,,,
7780656b0cfb15b70d40,book,Desk organizer,,,,,
e28b622aefb88758c56a,towel,Cleaning car trim,,,,,
390b3bf92f9b78c326b7,book,Prop for photography.,,,,,
93a37108ef9359684131,paperclip,Book mark,,,,,
1e2706f8d0403213107f,book,Gift card holder,,,,,
5ea9f79ddf9d50337364,can,Seed starter,,,,,
49b5586f141a88d5a0a9,paperclip,Basic jewelry repair,,,,,
891e80be5bdcef73b1f1,book,Gift.,,,,,
2edc78143f4bd307654b,towel,Protecting furniture from spills,,,,,
a121d1684d2c52ce9fbf,paperclip,Photo display,,,,,
89101aae50b94a2db04d,towel,Protecting floors from paint or chemicals.,,,,,
0a7e035f71ed6f23cc1c,paperclip,Wind chime component,,,,,
fffd9fac558f58e2b00d,book,Book as a DIY photo album,,,,,
6399c1141472ab8cfe93,can,Craft supply,,,,,
383504e765ab6b2e3d05,paperclip,Emergency fix for a broken zipper,,,,,
b10179ff0b2c93dfcc4e,can,Quirky vase,,,,,
704b288b0ff527608090,towel,Wipe down gym equipment,,,,,
a69d990c101719348bc5,towel,Polishing metal.,,,,,
a73e68dc3f66f61b40c9,book,Candle holder,,,,,
ae57b865fb17a382e5f5,can,Pencil holder,,,,,
c06d58624efac973204f,fork,Sculpture material,,,,,
8bf10320c043ca869051,paperclip,Bookmarks,,,,,
a971eddc59af9ecc42d6,can,Painting palette,,,,,
4e0120796c8171c5e229,paperclip,Wind chime,,,,,
9d7a9712cc8c74a55816,fork,Bookmark,,,,,
3ab84bdf2d39c3e62bc6,paperclip,Mini photo display,,,,,
b6fbc3d0674b1d172738,paperclip,Craft project material,,,,,
e3a9895b2969023ee112,paperclip,Mini bag clip,,,,,
5c71eab185cd4e3ee983,fork,Bookend,,,,,
72960bbb7da99dd6e599,fork,Potpourri holder,,,,,
b0ec4d510a7f0283f182,paperclip,Pencil or pen holder,,,,,
74537d6042f994217e1d,fork,Paperweight,,,,,
51bb86f25aaf98722752,book,Hot pad,,,,,
5079b126e6046857d3a2,can,Plant label,,,,,
6ec5c8c07d5cfe6a8804,towel,Dusting furniture,,,,,
b5f1e1f29fa001b69443,paperclip,Marker holder.,,,,,
4e8ce4547fd9cc623a2d,can,Photo frame,,,,,
4b21f0e086e0bbcdf1c9,book,Paperweight,,,,,
1ec6c9e7d09c309032df,fork,Bookmark,,,,,
8ed4202f5267b1a64ba7,fork,Toy for cats,,,,,
5cff9d9ef31548d3268d,book,Doorstop,,,,,
e64fc8df289a4ac303fe,towel,Dusting furniture,,,,,
f713fe8323b337ddf8e4,can,Planter,,,,,
675b13f87baf52184a4b,paperclip,Photo display,,,,,
6304ee776ba56bc5fb00,paperclip,Temporary fix for a loose thread,,,,,
d72d0937f98d3a5141ea,book,Decorative item,,,,,
56f8ca333a2b54115f00,towel,Help start a fire in a fireplace,,,,,
e56fed095e35f864305d,towel,Cleaning electronics,,,,,
937d1c7138cf021f7073,book,Coaster,,,,,
17c9c97c2fbbf08caa25,can,Geometric art piece,,,,,
9cb9d3e1cfc05054b87e,paperclip,DIY jewelry,,,,,
7f99a4fb271382268eaf,can,Pencil holder,,,,,
17b01aedfe678db3a9b3,can,Scent diffuser,,,,,
af30d42b41408a24a6d0,towel,Gently wiping down electronics,,,,,
46f5d04036d1b017772c,can,Cord organizer,,,,,
af8d9b2db5e73f506a67,fork,Photo display,,,,,
b4d138cb426bf1a79fcd,can,Magazine rack,,,,,
fdd2bc15aaf8fb255671,book,Weighted exercise tool,,,,,
1adf26d49c6d2310475d,paperclip,Zipper pull,,,,,
80a4ced00b601baf8c09,paperclip,Temporary fix for a broken zipper,,,,,
f603e1c0d869e83a03c2,can,Paint palette,,,,,
69db9f7ec8d34c6e8121,paperclip,Emergency screw,,,,,
0531a40c1c59ddc977a4,towel,Removing stubborn stains,,,,,
9b0ace51993470a94381,book,Desk organizer,,,,,
2345a53c870b80f19ee2,fork,Bookmark,,,,,
bac78ad9108d819c248c,fork,Photo display.,,,,,
11ab2e8e8acc42b26f99,book,Gift card holder,,,,,
58116080e22b12179f28,paperclip,Cord organizer,,,,,
8e390f8c7e7ab61d4ae7,book,Photo prop,,,,,
4575f4a0188bf79c2921,can,Birdhouse,,,,,
3472a1099553da085967,book,Paperweight.,,,,,
bb5ade958da66f1b46f0,fork,Bag zipper pull,,,,,
25d65c1ede26875edfad,book,Paperweight,,,,,
8b2a38fb1412f6e42422,can,DIY wind chime,,,,,
6cc6fd6ade3de94ddfe4,can,Spice rack,,,,,
84a6136e9d06771a2f90,book,Fire starter (in a survival kit),,,,,
505a0867cacce7b8d10c,towel,Wiping down surfaces,,,,,
a814686221d88bc7fb92,book,Paperweight,,,,,
7ad9702115434cd18e22,can,Plant marker,,,,,
1a98b748f88a812a63ac,paperclip,Pom-pom maker,,,,,
a2e1df3cf9114973aace,towel,Craft project material,,,,,
a225c9ac10bd858bba17,towel,Stuff a pillow,,,,,
00f34107a0dd21787b4e,can,Jewelry organizer,,,,,
10625c9e3530e6b65562,fork,Wind chime component,,,,,
19a3b4bb6f01b39cd0f9,can,Spatula,,,,,
7fadfc70bcbc81dfb4fe,towel,Cleaning cloth,,,,,
fbef70a15a45a6caa3d8,towel,Dry pet,,,,,
604a31e1d7dbf1612d5b,towel,Crafting material,,,,,
592490cdcb56e8672c13,book,Gift,,,,,
60b1fbecf22552c70a37,fork,Seed starter,,,,,
9e175876df4c9542cc31,towel,Tablecloth for outdoor events.,,,,,
7a67c7ef5f34c6298698,book,Picture frame,,,,,
a2bfae6dd3205f290280,paperclip,Jewelry holder,,,,,
782c9c1202fc793dafae,book,Paperweight,,,,,
d7c4a6bfe586513958d0,book,Coaster,,,,,
38bb699bb05c9c308afe,towel,Art project material,,,,,
e2628d221c5c968062c5,can,Candle holder,,,,,
fff09445ae57ba5e61a6,can,DIY picture frame,,,,,
3db6a7957599236edff3,paperclip,Emergency bookmark,,,,,
202258df700eddaddf74,fork,Chisel,,,,,
63e6a0c54cab105430cf,fork,Measuring instrument for small spaces,,,,,
125a29f83240a2f45578,fork,Mini shovel,,,,,
0feb142d3c2be1283a7a,fork,Potpourri holder,,,,,
d9bafe03fb150183b590,paperclip,Tweezers for small parts,,,,,
899bc772a8ac8c78e516,towel,Polishing jewelry.,,,,,
8609f778e110cfcd83cf,can,Spatula,,,,,
53ce515e156d6730d2bc,fork,Plant label,,,,,
8080b725f0813e012775,book,Prop for photography shoots,,,,,
f31b9ad09c45e63c1d88,book,Coasters,,,,,
39745443a3f8b842abce,paperclip,Temporary fix for a broken or loose button,,,,,
408e2594a6c207fb7d2a,fork,Pencil holder,,,,,
1bbc803c3d08c0961182,paperclip,Temporary fix for a broken guitar string,,,,,
431f7d3ca6bc5b8a1a70,book,Bookmark,,,,,
d92eacb59282fded582e,paperclip,Temporary fix for a broken flashlight,,,,,
bdd265e32a03114714db,fork,Plant label,,,,,
94cfcd44ed7095a604b9,book,Paperweight,,,,,
49125aa25213e5cc8dcf,book,Trivet,,,,,
a11c31e05f66629223df,paperclip,Marker for labeling cords on a computer,,,,,
445e7de86833f5bebb85,paperclip,Mini stamp or seal,,,,,
1f7eac51cae6b2792f11,fork,Chandelier decoration,,,,,
4b96efb4d543363cebdb,book,Desk Organizer,,,,,
7e57f74f16e854f1075f,can,Planter,,,,,
8bbb5da6d2a8891dbfbd,can,Candle holder,,,,,
37bf1585c53eac91859c,book,Book as a desk organizer,,,,,
d15d16c6e91ee6abc0c0,can,Plant marker,,,,,
dff79cc49a108b271456,paperclip,Bookmark,,,,,
d861d5f03f0e6666d7fb,fork,Plant label,,,,,
ee1f19aea1ae711d9957,can,Bookend,,,,,
9eb18aa68e4342c86b9f,can,Noise-making instrument,,,,,
a0eda3898896952d7735,towel,Cleaning spills,,,,,
0bf19093a0a91d2c6d88,can,Mini planter,,,,,
ed85341b6310464d79d4,paperclip,Craft supply for kids,,,,,
fc3ce68a0e8fa6573aa1,book,Bookshelf,,,,,
5d6d645573bc14ef02ea,book,Book as a base for a DIY robot,,,,,
7df5ad2b31770cde80c8,paperclip,Paperweight,,,,,
47ca180936b7496955bb,fork,Bookend,,,,,
91e4c9f6d6502e7217e9,fork,Label holder,,,,,
c0c385f666372f0db90b,paperclip,Photo display,,,,,
dd4d9b0b64555658f4b0,fork,Paperweight,,,,,
419dad167d337af4bb73,paperclip,Temporary fix for a broken zipper,,,,,
5bcd1ae3e24b33e3c267,towel,Polishing mirrors,,,,,
216ebaf52bd96cce0058,can,Bookend,,,,,
39075e101481d145f19b,towel,Polishing cars,,,,,
adf44972038da419d712,paperclip,DIY photo display,,,,,
0b9666f3925cadc5b912,towel,Wiping down gym equipment,,,,,
922b65e1e698f2272e97,towel,Absorbing oil spills,,,,,
75f0566b28a17634bf9e,book,Decorative object,,,,,
b9e3fd35660af6c23d64,book,Desk organizer,,,,,
05491656a45c1d5e4557,book,Coaster,,,,,
68a55b847ee69743fd11,fork,DIY sculpture material,,,,,
4029c44ad39e02950e14,book,Wall decoration,,,,,
03ea9944e053055babf8,fork,DIY photo display,,,,,
196f7a9677f6b9c7bf02,towel,Absorbing oil spills,,,,,
a47bf78d9312d88a515c,fork,Small tool holder,,,,,
b5deeb2defef6295566d,fork,Plant label,,,,,
61ada289e424105fcd69,towel,Apply adhesives,,,,,
d94fc8d4a0fde19f843f,book,Photo album,,,,,
83d08b2e74d81e0bb4fb,fork,Guitar pick slide,,,,,
2ce288c4427f243f8138,book,Gift wrapping embellishment,,,,,
725b1d453feec9e5124f,fork,Outdoor sculpture,,,,,
d00e3403e21b9582c825,fork,Geometric shape for a kid's craft project,,,,,
da7716f66fd6efe99c05,fork,Bookmark,,,,,
88900f0ff12b34222de6,towel,Polishing cloth for metal surfaces,,,,,
ac7e7030500dd45389fb,fork,Wind chime component,,,,,
da39f1d432a2997ff11b,book,Photo display,,,,,
bebbe315ff94496dc4cd,paperclip,Emergency repair for a torn page,,,,,
8bd7689487371c40076a,can,Measuring stick,,,,,
7118ea1d9227687dc819,fork,Sculpture material,,,,,
425b45c047e59fa517cd,paperclip,Mini plant label,,,,,
a1ee6138dc8280a2ea06,fork,Plant label,,,,,
a693d467da93f8b16a6c,fork,Paintbrush holder,,,,,
63470f1d3828556f4956,can,Small dog's food dish,,,,,
e6aa7ec4c26e9d46c714,can,Geometric sculpture,,,,,
803bea86fd63b78e1a6a,paperclip,Bookmark,,,,,
831f9fb46783ee2d8ebb,fork,Zipper pull,,,,,
ab340d5082c1f9699879,can,Paint stirrer,,,,,
4613acc18d14a25fff1f,fork,Desk organizer,,,,,
d0a96647610e6ca36937,paperclip,Fishing hook substitute,,,,,
29605ba6e042ce103e9e,paperclip,Emergency repair for a broken wire,,,,,
f397c2757f297b5a4cef,towel,DIY photo studio backdrop,,,,,
36b80e6f6ca73dac9b77,paperclip,Bag clip,,,,,
c0da183a969c347b2c37,towel,For creating a makeshift rope or twine,,,,,
1f71233ce18f402318d4,towel,Dusting blinds and curtains,,,,,
82b0cb0bf3139d669a55,towel,Cover electrical outlets.,,,,,
f74b32c27f06163af455,can,Herb marker,,,,,
85138228c49a2e345dd4,can,Craft project base,,,,,
448bb4beb556db5a7dad,can,Bookmark,,,,,
42152debc50820834a38,can,Pencil holder,,,,,
80d21845cb01dbe8f53e,book,Stationery holder,,,,,
85324b1a7804717eac60,fork,Sculpture tool,,,,,
de21ad068803ae47a696,book,Paperweight,,,,,
636f029ae969e25eee48,paperclip,Temporary fix for a broken zipper,,,,,
60c270d01c72ca6d369f,towel,Cleaning delicate surfaces,,,,,
caff0d39b320b648a2bb,can,Bookend,,,,,
9f57c761ab1912cb6620,can,Scented potpourri holder,,,,,
bb0f002cc1d9f7091b37,paperclip,Mini picture frame,,,,,
959f0129e2af3b5f6fca,fork,DIY craft material,,,,,
79d0dde0834330fe8a6d,towel,Cleaning delicate surfaces.,,,,,
3863d05c5c6cff4fa185,towel,Polishing metal,,,,,
44af39de483154372ef2,paperclip,Picture frame hanger,,,,,
c6344f1b26f1600650d2,can,Furniture leg protector,,,,,
0439324c17e7cc521b0c,towel,Drying plants,,,,,
8ecb0557f2543a598f91,can,Sculpture material,,,,,
77cd7d6bca9edf0c26c2,paperclip,DIY wind chime,,,,,
a26e17b52482c637cf32,book,Gift wrap,,,,,
eccb94a4d01d0727e2b7,book,Paperweight,,,,,
679af3ba826795b89095,fork,Wind chime,,,,,
e15f0ec3c201ca7b5ac8,towel,Cleaning polishing jewelry,,,,,
946c8dfd332736432582,can,Plant marker,,,,,
fdbda9915c5331327b26,can,Plant label,,,,,
e21182d32b876e750fb7,fork,DIY craft material,,,,,
47639b283405ce742426,fork,Precision instrument,,,,,
b453a81db58b8782c0a0,paperclip,Picture frame hanger,,,,,
e767dff030452b19b0e2,can,Gift box weight,,,,,
46d202c662a691ea4efa,paperclip,Bag clip,,,,,
4c036f694eb8222c5df8,paperclip,Plant marker,,,,,
7ca32743a508108d6c10,paperclip,Wind chime component,,,,,
cd07ca0b162edf098012,paperclip,Create a homemade bookmark,,,,,
6bcaa89f830622a304be,paperclip,Curtain tieback,,,,,
02caeac2d71953248708,book,Prop for a photo shoot,,,,,
e33c02cc006c89eba3b9,can,Geometric mobile base,,,,,
106fcb15de48be2969c7,paperclip,Emergency phone stand,,,,,
e709cf4bf50b0e28fa4c,book,Bookmark,,,,,
d81113d2415eb6219162,book,Coaster,,,,,
197cc5876893f3d619df,can,Mini trellis,,,,,
6683afa2f78ed8c67302,book,Fire starter,,,,,
37a5d59936a4fb1ce0a6,paperclip,Plant marker,,,,,
35ed57afcff6c31ca8c0,fork,DIY picture frame,,,,,
eabbadcad62a3bcec7f8,book,Prop for photography,,,,,
2894e79f1cbadf57e431,towel,Gift wrap or gift bag filler,,,,,
3891af104191a4b6d829,towel,Pet hair removal,,,,,
79be18f9671d223464ba,paperclip,Bag clip,,,,,
5ebd4475e45e7b0db6dc,book,Desk organizer,,,,,
13fe72f943de914efdcb,can,Wind chime,,,,,
427500916b5d24bbea31,fork,Wind chime,,,,,
c92b54e15bfead198f62,paperclip,Weights for small objects,,,,,
d531caab3e2563c2fbc5,paperclip,Emergency repair for a broken wire,,,,,
7aadd81c0e8bc6714674,paperclip,Temporary fix for a broken zipper,,,,,
4262c344508a470cf47a,paperclip,Emergency lash clip,,,,,
6de1acaf91d6b0656911,fork,Bookmark,,,,,
502ebffe0dc9b3cc0eb3,paperclip,Temporary fix for a broken zipper,,,,,
b4b7ab809b6ca0ee3960,paperclip,Weights for objects,,,,,
8a56d95ca9e31a99b292,fork,Pencil holder.,,,,,
e18f196b986d790f604a,towel,Wiping down surfaces,,,,,
f1a2f608ec79d4c7f12f,towel,Absorbing oil spills,,,,,
0a6a98e36b8679b30f8b,book,Prop for photography,,,,,
1fe6bc305b13f8d39142,book,Desk organizer,,,,,
821b5ba774ee261466d0,towel,Removing lint from clothing,,,,,
66b862612e8801fabc7f,can,Paperweight,,,,,
e36eee70fde7649d71ee,book,Decorative item,,,,,
acc7be8ecd9ddc1a44b4,can,DIY wind chime,,,,,
e2c1c02ad11d0923c546,can,Doorstop,,,,,
74d245c08f35921a6675,towel,Removing lint from clothing,,,,,
7e6297f879493fdae477,towel,Polishing metal,,,,,
07240a9b0472d6d27e13,towel,Removing dust from picture frames,,,,,
8d6e7ac6fa7cc5a5ed52,towel,Hanging curtains,,,,,
dfcddc592207c01a78e4,fork,Herb marker,,,,,
c028365f4692e0b6a27b,book,Paperweight,,,,,
fcb52f09af295e658886,paperclip,Crafting material,,,,,
259fa7939762a3c9eccb,fork,Sculpture material,,,,,
6c80acb5aac8cb4812eb,towel,Wiping down equipment,,,,,
8c03b9ceb622eaeecdf0,fork,Paint stirrer,,,,,
f839a2e14e28b37158e7,paperclip,Shaping small items,,,,,
d1a1f7d7ff9daa9b5958,book,Desk organizer,,,,,
4d87825dbe02f21775b5,can,Decorative centerpiece,,,,,
78ce785438ee5ae86a2d,can,Marble run for kids,,,,,
f909240b594a2ca267fb,towel,Wiping down tables,,,,,
6ed4fd48e881f0c89bfc,towel,Covering furniture,,,,,
91911fd1794984aa1e29,towel,Drying pets after a bath,,,,,
6a5c3a6832f01387fccd,book,Bookmark,,,,,
c67acc34793c230a1a42,can,Dustpan liner,,,,,
60c02dc8d1611189499f,can,DIY bird feeder,,,,,
cd4eb6b61e60e966aa59,paperclip,Puppet limbs,,,,,
d981cb66999bdc5fd759,fork,Candle holder,,,,,
2969dc3f632a136a741e,paperclip,Temporary fix for a broken zipper,,,,,
54be5c9b6104b5c74a18,towel,Blindfold for games or activities,,,,,
b4073a11386ee6225a34,book,Bookend,,,,,
5cb040f72af522d20ce3,can,Potpourri holder,,,,,
604823f272b60fc6e315,towel,Insulating items in cold weather,,,,,
58c0b8cfcd02aeb63e60,towel,Picnic mat,,,,,
310827c0fa749cdc2844,book,Prop for photography,,,,,
c5fd6acc731bcb36b105,can,Cable management tool,,,,,
b86b9979d21ab15689ea,fork,Photo prop,,,,,
e9f664fe799f5412ec5f,fork,Mini sculpture base,,,,,
08fc43f9b35960df3285,book,Paperweight,,,,,
3ffd08fadf6d4ff0a6e7,book,Desk organizer,,,,,
deaecf68809e472048b2,paperclip,Jewelry organizer,,,,,
4586466e61e227134741,book,Paperweight,,,,,
7bdf4d85627390b02e67,fork,Bookmark,,,,,
77ec2bfafb02fad0bdf1,fork,Paperweight,,,,,
b96f01fcf63f88acedb9,paperclip,Geometer's tool,,,,,
6a4da6fd067cee809678,towel,Impromptu picnic tablecloth,,,,,
148cc0333c1207f21e7e,paperclip,Magnifying glass holder,,,,,
22c6d8e889c01fca100b,book,Decorative wall art,,,,,
a75b3c3e690fc3193a56,paperclip,Cord organizer,,,,,
6f7b754b647cfc1da446,towel,Polishing metal,,,,,
15da1bdcc310b6cf678b,can,Measuring tool,,,,,
e823a8ac759c68355d48,towel,Cleaning spills,,,,,
868e027a665ff5475914,can,Wind chime component,,,,,
74b183e9e6bda1777e43,can,Birdhouse,,,,,
9476527b154eb378fc91,paperclip,DIY jewelry,,,,,
24615723199f6cad0ba8,can,Pencil rest,,,,,
63bf33eb85ad0fcd2156,towel,Cleaning up spills,,,,,
79d2cbd3a93bf99eb02b,can,Jewelry display,,,,,
6246257256d073fb753c,can,Geometric art piece,,,,,
5a4cacadeb8c7e96f78e,fork,Plant label,,,,,
374ee41d062e0d68b1ae,book,Coaster,,,,,
a453729fdd56a1488ad5,paperclip,Mini picture frame,,,,,
cbe2b5cb09f07a117e15,towel,Wiping down electronics,,,,,
6d98437d88df22dba6b8,book,Weight,,,,,
1636e2c8fdbcf24da582,towel,Cleaning dirty windows,,,,,
1dfc863f8767f793ad6e,towel,Medical wipe,,,,,
f7f6903671fde1feb3c6,can,Scent holder,,,,,
a7e4e136670928887fd8,paperclip,Cord organizer,,,,,
ab4de7d21d5c5e450657,can,Plant marker,,,,,
9b422329ddbbb8f82f9b,can,Bookend,,,,,
91a30cc30bd73919b503,book,Gift for a bookworm,,,,,
e6d03ffef1242fcd3666,towel,Clean-up cloth for spills,,,,,
765972e0fda7cf0d3d4b,can,Paperweight,,,,,
399f7d570c62c9a26bfb,paperclip,Cord organizer,,,,,
8cf0c46ec699bb8e93c0,book,Doorstop,,,,,
6eda611fc647d070426b,paperclip,Emergency fix for a broken chain,,,,,
1630f9e9a3e447dff4ca,book,Gift wrapping material,,,,,
67f3d28808e33fe7b420,fork,Sculpture material,,,,,
eeae7714b76ce6a8a3ee,book,Gift wrapping,,,,,
824c5d37346473729e58,paperclip,Temporary fix for a broken earbuds,,,,,
e575abcc0448ff1948c5,can,Paint stirrer,,,,,
c3f8b84d41ce3cfe9323,can,Squirrel feeder,,,,,
5a13b267d90a352ac587,fork,Mini shovel,,,,,
d3f506c7249c74bfbe7b,can,Measuring tool,,,,,
bed142e94ad6f3b8e0df,fork,Prop for styling hair,,,,,
4ae3b392fbcea8805269,can,Pincushion base,,,,,
80c6414f3d6f1925761e,paperclip,Temporary fix for a broken earring,,,,,
eb34653862964789a889,fork,Cord organizer,,,,,
7ec300f90b4945c968bb,fork,Decorative vase,,,,,
41efd729163b8fe75855,fork,Picture frame hanger,,,,,
bf25e08fa1080c9542ec,can,Picture frame,,,,,
4db91f2e4af314b80b62,towel,Dusting cloth,,,,,
77cbf6d4bc3e4df9a361,fork,DIY wind chime,,,,,
043adaaf7c4fbc0ad636,towel,Wrapping gifts,,,,,
51a65a869854cd65151c,can,Bookmark,,,,,
eb7a5638b6aea76723a7,fork,Pencil holder,,,,,
ce3f5a73d9bb2f793b51,can,Wind chime,,,,,
b1b632e7ff9660ddae27,towel,Storing small items,,,,,
6c56a45c951cf63e984b,fork,Coat hook,,,,,
6f4021213a1a6fa41030,can,Geometric sculpture,,,,,
e1d582594ddb59a2cbad,can,Magazine rack,,,,,
6ccbff9e83f9627797e7,towel,Laying down a drop cloth,,,,,
7e99482e32711bc15fa1,can,Candle holder,,,,,
bde071b8b64b313c803c,fork,Bookmark,,,,,
01d7ca3082c6c16721b9,book,Paperweight,,,,,
707e7665cbb38744f2ca,fork,Weeding tool,,,,,
2955cee4e9b18ee9bac9,can,Photo display,,,,,
4bec4b78bcad327c1441,towel,Crafting material for DIY projects,,,,,
d24a45e111366f85a0f3,can,Mini plant press,,,,,
50aa6ae2773daf8799fb,towel,Cleaning up spills,,,,,
c44ed3dc8c8027f10290,can,Jewelry display stand,,,,,
23a36cda69f751467aea,book,Journal,,,,,
685205c82b024f36821a,paperclip,Weight for small items,,,,,
dc3cc5e303c3b1588ce2,towel,Polish shoes.,,,,,
c946328a85d2a5b8b829,paperclip,Miniature easel,,,,,
778b0ae91b190b228748,book,Desk organizer,,,,,
e1fefb9b3f9bc6a8409c,can,Geodesic dome frame,,,,,
609a68f086a839d5af81,can,Pencil holder,,,,,
038f875225ae54aed0e7,towel,Cleaning up spills,,,,,
4f12e86d0a82f5c995b3,can,Birdhouse,,,,,
31e30c31020790d516e4,can,Wind chime material,,,,,
dc275acf3cfa69d84cce,towel,Drying dishes,,,,,
72096ad65fb747824e79,paperclip,Plant marker,,,,,
fb7cadb6eecf599ebbd3,towel,Cleaning delicate glassware,,,,,
0b2dffeb97cf58b1d56e,fork,Bookmark,,,,,
bb91724aba9a4d8856ef,book,Note pad,,,,,
10e96694901b53ae8663,fork,Pencil holder,,,,,
e706fb236d27f8ccbbaa,book,Paperweight,,,,,
00aae51b7619c8c5033c,book,Bookmark,,,,,
c3b998d1594d9b758405,fork,Pencil holder,,,,,
5dd7239eabdfe2807fbe,towel,Drying tools,,,,,
ca17289d3b2b69130a6f,book,Desk organizer,,,,,
1d68162fa41daba3fba3,paperclip,Mini magnet,,,,,
08749cea901bb82e1c8d,can,Pencil holder,,,,,
df75edcb621f6a01d57e,towel,Yoga block.,,,,,
951b878805914592662b,fork,Candle holder,,,,,
342e22356bea802fcab2,can,Cord organizer,,,,,
ffc1173ca2755dff433d,paperclip,Plant marker,,,,,
1d11289ebcaf02ca5871,fork,Cord organizer,,,,,
786f57ee801a48902959,book,Fire starter,,,,,
5a359f77429708955130,towel,Creating a DIY photo backdrop,,,,,
203dc8fcebf8f6a75775,towel,Protecting floors from spills,,,,,
70d1633351b936ee743d,fork,Sculpture material,,,,,
fd4d0e57935e0084dcab,fork,Bookstand,,,,,
8940853b626e29290fce,towel,Drop cloth for painting,,,,,
aa1b7f72f646675c9f37,towel,Dry pet,,,,,
5ad949b80605ef8a8a4e,book,Coaster,,,,,
9eefb2cd8dbdd2c84c55,towel,Polishing metal items,,,,,
240c762ae90b034b9a07,fork,Plant label,,,,,
17718a233304834d3250,paperclip,Temporary fix for a broken zipper,,,,,
f0df9bccd752e8d4118a,book,Weight for a birdcage,,,,,
7859f0aa445e9f756873,paperclip,Emergency screwdriver,,,,,
2d742b13f21076cb1a69,towel,Cleaning up spills and messes,,,,,
d92d39c26e183fcd4b3a,can,Photo display,,,,,
abc06a7859a999d3562f,book,Trivet,,,,,
a21af52688830504e0c5,towel,Drop cloth,,,,,
afc1660ca41f7b4935cb,towel,Drop cloth for messy crafts,,,,,
a28d6eb2832e624fdebe,paperclip,Cord organizer,,,,,
207265aa5795ed2c48df,fork,Measuring stick,,,,,
6c92fea7389bf504020c,book,Bookmark,,,,,
e4911a6455aa4fc7b64b,can,DIY picture frame,,,,,
2c060cb8d853c8586cbb,paperclip,Cord organizer,,,,,
a1295f454c4071903f57,can,Plant marker,,,,,
1b55d28c2b7d718fb7c1,can,Fire starter,,,,,
55fd682c76a5528d7711,towel,Polishing metal,,,,,
08d7d6296689b2f1022f,fork,Plant label,,,,,
18855c8132d337ab057f,towel,Crafting material for textiles,,,,,
70c941888f570e0a2084,towel,CleaningTools and equipment,,,,,
bfcf9afd758da275659b,paperclip,Emergency repair for a broken zipper,,,,,
2952c438f29d70b9d14b,towel,Wiping down surfaces in the garage or workshop,,,,,
a2fff565194e205a27db,book,Book as a decorative centerpiece,,,,,
1d1de4fd95278d8691a9,fork,Plant label,,,,,
4c82f8ebc77421e56cda,fork,DIY wind chime,,,,,
d7f83b48086d384d77b9,can,Bird feeder,,,,,
698c42452437e73f4cce,book,Decorative centerpiece,,,,,
0f9027d8bddeec098173,paperclip,Cord organizer,,,,,
1beb38ff460c472a9ab1,towel,Dusting blinds,,,,,
0e16ee284928e70193b5,book,Bookshelf divider,,,,,
28f76f973a6fa1e8f3b9,can,DIY craft supply,,,,,
c3b1eb372b914fd705a4,book,Coaster,,,,,
5d2a5fb4211321ec7ee5,towel,Dusting furniture,,,,,
2927f47011b3ab62767f,paperclip,Emergency cord organizer,,,,,
572334c1674df0ff2a5b,fork,Pot lid holder,,,,,
d4de687c352f2f3868b6,fork,Painting tool,,,,,
777cce4d84bd6ab0a997,can,Bird percher,,,,,
53a7d0ef231c626cd828,paperclip,Jewelry making material,,,,,
35f608810522b8ceca97,can,Pencil holder.,,,,,
883254b11ead59f3b50b,book,Plant stand,,,,,
528dcf34dc2827777ba1,fork,DIY wind chime,,,,,
84159f7920162f8628f7,paperclip,Pencil topper,,,,,
5489d38883457c026227,can,Pencil holder,,,,,
39d55fe85bdf2d5cc4e3,can,Geometric sculpture base,,,,,
9fd1fd8c66d71a77fe3e,book,Prop for photography,,,,,
d6cd771f2b899e4d1158,book,Prop for theatrical performances,,,,,
fcfed0f005f1cf0005c1,fork,Candle holder,,,,,
c6a429c7ea70e650145b,fork,Craft material,,,,,
a8887eafb35ab71bb1f0,towel,Camping trip windbreak,,,,,
e424183d5c62a04d4c9a,book,Bookmark,,,,,
8d55585ae4e0813e9070,paperclip,Cable tie,,,,,
da60a3e9e35c0c4223b9,fork,Bookmark,,,,,
bb45650167e3df861752,fork,Mini shovel,,,,,
965c549012eff28903f5,paperclip,Mini screwdriver rest,,,,,
e79e2e848740333caa08,paperclip,Temporary holder for small items,,,,,
4f48bf381969c207d9eb,can,Craft stick,,,,,
8a9a47292cb16e703bcd,book,Planter,,,,,
70d0843bc05606489ff4,towel,Wiping down tools,,,,,
6180b85bf81c38d357a7,book,Magazine holder,,,,,
d87520d67b0d3e10bb01,can,Desk organizer,,,,,
d93122d67d7ecd6a633c,can,Decoration,,,,,
e2ff4928a6a984c22b0a,book,Gift box,,,,,
dfb5bf8fee7938546ec1,book,Desk organizer,,,,,
80d4b750120dcfb25ea5,towel,Cleaning delicate items,,,,,
eb969ad19533d2baf45b,can,Bird's perch,,,,,
b899b6ca51d96ddf680d,can,Bookmark,,,,,
bc3eb8f88df76cd116ac,paperclip,DIY jewelry,,,,,
89f96b90d45422a65552,paperclip,Cord organizer,,,,,
9e7bfcf6d50d534a3382,fork,Candle holder,,,,,
5916e07663407952b5dc,paperclip,Tour guide or map clip,,,,,
021e08c2a901cca9da66,book,Coaster,,,,,
964e4ef0067e2a83b888,can,Wind chime base,,,,,
e7e26555d78dc01da172,can,Picture frame,,,,,
b79a022fa23ea0ea1fff,fork,Candle holder,,,,,
9430478759e985d4e929,fork,DIY photo display,,,,,
2d9fe02b79029da944a8,paperclip,Emergency repair for a broken chain,,,,,
cfdc7734b06aaad08e58,towel,Tablecloth,,,,,
971d9991c753c9b1eafd,fork,Plant label,,,,,
dc7a15c70d56fe96cddd,towel,Painting walls and trim,,,,,
d8b12d6a3679140b383e,can,Wind chime,,,,,
f4b88b3ccaa0dd1a919e,can,Wind chime,,,,,
2862e3877c31c995cf9f,book,Art project material,,,,,
4ffbb9c09a5985ddbe6e,book,Desk organizer,,,,,
23bb7f4d088f70cdea8a,paperclip,Cable tie,,,,,
0f64cb148d94f89b4e06,towel,Making DIY craft projects,,,,,
22cce359260ba40abe37,book,Coffee table,,,,,
48b09263535897d0ee3a,towel,Cleaning spills,,,,,
eaf225a8b3eb4a572daf,towel,Cleaning car wheels,,,,,
2733c72dfb9ed6700aac,can,Cord wrap,,,,,
93dee32c4881900e9785,towel,Absorbing oil spills,,,,,
4423d5cb38f305c76c0c,fork,Craft project base,,,,,
a9ed6a29c1ff295b35aa,book,Material for a collage,,,,,
6969736e415959b03f85,fork,Pencil holder,,,,,
56e85ab4a340780b17ca,fork,Paint stirrer,,,,,
1983ecc1e74089860657,book,Fire starter,,,,,
cdda31db06f0e4346b84,fork,DIY photo display,,,,,
b15ae07a00d16df84dc9,paperclip,Temporary fix for a broken chain,,,,,
9d33c68e9287ddff8ab5,fork,Mini sculpture base,,,,,
2e091045cfd9523506f0,towel,Cleaning jewelry.,,,,,
efa3b7824e9640f46b96,paperclip,Sock organizer,,,,,
2317a3f96e19afdb35ce,paperclip,DIY photo display,,,,,
dbf869a02d15853511f7,paperclip,Wind chime component,,,,,
b83765f2aa2f6bbd4f0b,fork,Pencil holder,,,,,
713399eeba6d386e4ef5,fork,Plant label,,,,,
133cb6df502c3cd5bc34,book,Music stand,,,,,
bef87d7be60b094c8513,fork,Bookend,,,,,
9a86f62b763ea5273fcd,towel,Dusting furniture,,,,,
ba28c9e9df8983577faa,fork,Small tray,,,,,
2ee09bd7c2174db7f839,paperclip,Cable tie,,,,,
e02ac6230e3afe5ef828,can,Birdhouse,,,,,
8dec19c9b0cba45f0ffc,towel,Cleaning up spills,,,,,
ecfd2ddde0293eebefd0,fork,Measuring gauge,,,,,
a3b38b9c98eb68aa6ac6,paperclip,Picture frame clip,,,,,
ed89d30f1be1872e4ecf,can,Wind chime component,,,,,
3e92af81d578842a9dc3,can,DIY bird feeder,,,,,
18afa817554749f871e8,book,Doorstop,,,,,
e4f967254a940d350c5e,fork,Potpourri holder,,,,,
a2bc9410cc91874a8c2b,fork,Paperweight,,,,,
ebc5189f08235fa1bb88,paperclip,Plant marker,,,,,
a3ff3b762f19eccc2508,fork,Plant label,,,,,
12bbb1509352bcdefa9c,fork,Bookend,,,,,
aaceaed9dff02cb5323d,can,Wind chime component,,,,,
5dab3aea327c0d826fde,can,Bird feeder base,,,,,
e545d3ad405799a754ad,fork,Jewelry organizer,,,,,
a139c2c6c6cfe5a61013,towel,Gift wrapping,,,,,
3cf6c344a08a2dd72de0,fork,Potting tool,,,,,
421c0dc20684eb62abb4,fork,Plant marker,,,,,
07430efc66bf57b74bad,can,Photo display,,,,,
7bda5d18231f2082f825,can,DIY craft tool,,,,,
5ca267f0a7bea127d1f5,fork,Jewelry organizer,,,,,
a62e7d724a72dea3218d,paperclip,Crafting material,,,,,
eff6307efbc6b6c1d1ce,can,Picture frame stand,,,,,
4b507b46b99d69374716,can,Plant marker,,,,,
f156f371a6dec954a394,paperclip,Cord organizer,,,,,
570c1586309641df969d,fork,Mini vase,,,,,
66d60448be41fc6b6e2e,book,Doorstop,,,,,
426226c442ca4255fbbb,book,Bookend,,,,,
2f1ed7f693b1df040fa2,towel,Drop cloth,,,,,
cac598e76777370a13c1,can,Drumming aid,,,,,
a07147db9c708531d949,fork,Picture frame hanger,,,,,
6a4bb6fa2dc027ec07ac,fork,Tape measure,,,,,
d34b7fa45d85303ae4e9,fork,Sculpture material,,,,,
68b84b56e7bbd64d3212,fork,Plant label,,,,,
6e0db1b1c318fdc39794,can,Craft material,,,,,
0e091026b9c7f1ec5f20,fork,Geometric art piece,,,,,
fb0b9a94dfba06785687,book,Gift box,,,,,
2cdda24336f9b2d52c2c,fork,DIY jewelry,,,,,
1efddcc19cbed44f2322,book,Placecard,,,,,
305f68d86f826c133f36,paperclip,Plant marker,,,,,
aaf25b98e3ce36e93ae7,towel,Dusting furniture,,,,,
84bf8f76add0483b569d,paperclip,Cord organizer,,,,,
4d7f66ee2c31f91376ed,paperclip,DIY ornament,,,,,
46467d01d15b2f65eb53,can,Leveling tool,,,,,
9ce56157c18ece5a6ce4,book,DIY craft material,,,,,
b2e23456b296b5e123d1,fork,Zipper pull,,,,,
f6a5d2a7abadc1965648,paperclip,Wind chime component,,,,,
c3accb4c46617d72bc17,paperclip,Picture frame hanger,,,,,
9b2f99cfe4afe0cbd9c3,towel,Applying paint to small areas,,,,,
b1d406329707ed5ebe81,fork,Compartment organizer,,,,,
907122dc69fd206677a1,fork,Geometric sculpture base,,,,,
ba0dc4a9bdaefc78f9dd,paperclip,Temporary repair for a broken zipper,,,,,
b244c88498ad2b304764,towel,Painting cloth,,,,,
0dd92e757fac2d7dd0d8,fork,Paperweight,,,,,
9bb07ee5338de7571361,can,Plant marker,,,,,
dfe53c6e8eb00b52035c,fork,Sculpture material,,,,,
aea60d798c0ab058fb50,fork,Plant label,,,,,
bd3ad9f68469756648c5,book,Desk organizer.,,,,,
a6422df966382fa81470,paperclip,Photo display,,,,,
c409d5227deac4afe579,book,Decorative item,,,,,
8878eddcc516266def85,book,Desk organizer,,,,,
1aa14e90fac243083e44,fork,Pencil holder,,,,,
7b51ce7792359fd66a82,fork,Pencil holder,,,,,
5f4c53f440519aa653f4,towel,Emergency blanket,,,,,
bc82e3d21e58e92f16e9,towel,Drying dishes,,,,,
473be7493b252f0bc75c,book,Bookmark for a recipe,,,,,
6a31cf2016eb19edaeda,towel,Cleaning mirrors,,,,,
436a36fc3ddec8467b86,book,Book as a paperweight,,,,,
4b94ecd7b8eb20794402,towel,Gym wipe,,,,,
d5840245ad5c30da6dff,can,Bird feeder,,,,,
00a6c8cea118f7f98e13,can,Mini greenhouse,,,,,
21c6551f7f98b1f4c91a,towel,Posing with at a beach photo shoot,,,,,
b56d16c97806eb00527b,book,Gift wrapping accessory,,,,,
00a9f3523b8440b83db0,can,Paint tray,,,,,
9502adb3429a67133c07,can,Bookmark,,,,,
eed4f53529567446d841,book,Coaster,,,,,
ea25b0710627fe9c96d9,fork,Pot scraper,,,,,
80369cfa8e257b44bee8,paperclip,Eraser holder,,,,,
5b64500b7ce33aa63460,can,Wind chime,,,,,
faf8805be16a181b68e8,towel,Yoga prop,,,,,
00dbb2ddd63d1186aed5,paperclip,Tweezers substitute,,,,,
c2b940d8b03dfe8274b4,fork,Potpourri holder,,,,,
db02aaa5db9cf00a2646,fork,DIY wind chime,,,,,
72ff24f7f6734ceab009,towel,Dusting furniture,,,,,
ad3872821a15ee43414b,book,Record keeper,,,,,
03f5e860177ee97c1bf7,paperclip,Emergency cord organizer,,,,,
d2186218f1b4caa8f6f2,can,Garden marker,,,,,
7baece3e327ffdc197ec,towel,Dusting surfaces,,,,,
4207cbe6fce7f403ed6c,can,Bookend,,,,,
903163e8f46f77765259,paperclip,Temporary fix for a broken earring,,,,,
2403a51d59aee3409d2e,fork,Photo display stand,,,,,
f9914516f2ff263a12f7,book,Placemat,,,,,
ac129932d2c47f5e46c1,towel,Polishing metal,,,,,
d8bcc961458c124650d1,fork,Pencil holder,,,,,
661e6bc7dc8f4e099978,can,DIY lantern,,,,,
d5d176e612843d60c8ed,book,Coaster,,,,,
dddec597efeb7709592d,paperclip,Plant marker,,,,,
cf12512f5f45a4bd848c,towel,Car drying,,,,,
9f0fa503437f17072344,can,Snow fence,,,,,
f9169613f31923166e63,paperclip,Temporary fix for loose pages,,,,,
97beac10b3a31fbc292d,book,Coaster for a small cup.,,,,,
e49a4d9a552cbf2ff5db,can,Bird bath,,,,,
e094c74b470f319dd384,book,Bookend,,,,,
7e403538a4e1faa54fb0,book,Prop for photography,,,,,
75570010b7a9a5f776a4,can,Bookend,,,,,
2988b271f2b8cd5148b4,fork,Paperweight,,,,,
7eba0c17114aeea932a5,paperclip,Cord organizer,,,,,
9fec751fab69eb92ed35,paperclip,Cord organizer,,,,,
3f9ead4239ea663384b4,paperclip,Geometric art supply,,,,,
a200a369b00b0c0879d6,fork,Plant label,,,,,
4a182ca85c2ce3010ced,can,Magazine stand,,,,,
df00e6c390007fb3fec6,book,Coaster,,,,,
a19f107d58e524429d90,can,Picture frame stand,,,,,
c4810e2a47e2f113f5f9,towel,Cleaning makeup brushes,,,,,
a4b486de91c30774489d,fork,Tool for removing splinters,,,,,
3968518677032a5bc8b1,paperclip,Picture frame clip,,,,,
5d72e52f5e4266f58d11,paperclip,Cord organizer,,,,,
0fc555c5bf9f1d090ee7,paperclip,Temporary fix for a broken zipper,,,,,
de45fc9aee2d599472bf,towel,Providing insulation in a cold room,,,,,
a236cf4e1d93b47270cf,fork,Fire starter,,,,,
0b13a108d71cace65b51,towel,As a drop cloth for small projects,,,,,
f335e5aca9ee68b20b41,towel,Covering electrical outlets,,,,,
a36cfa8d7921e3bdd253,paperclip,Cord organizer,,,,,
76230db4fd8860ee8244,towel,Photography prop,,,,,
04e927b9dcea07e9da0f,towel,Drying dishes.,,,,,
63392fddb0c92d21c0fa,fork,Desk organizer,,,,,
929b55a7ed1d5c38436d,can,Photo display,,,,,
b0eccbed034b7a618d6b,fork,Macramé material,,,,,
559dcc895393c46b3291,book,Plant press,,,,,
9690208a163e9e843822,paperclip,Temporary fix for a broken zipper,,,,,
253a0e1c473c00cabe7e,paperclip,Cord organizer,,,,,
42a342c08972316b783a,towel,Sweeping stairs,,,,,
8e36894e06acfb2df985,paperclip,Geometric sculpture,,,,,
0c3510ec8969a7690887,fork,Plant label,,,,,
39718bedbab6398912eb,towel,Dusting surfaces,,,,,
579547f35640252f5992,towel,Stuffing pillows,,,,,
bb91025bb40f4337e504,fork,Adze,,,,,
f4dee9693c625bf973d0,fork,Fire starter,,,,,
cb535f3788ad7bace849,can,Desk organizer,,,,,
d26ecd8174e899394af3,towel,Creating a makeshift picnic blanket,,,,,
84b6628fc31c8bb63cda,can,DIY wind chime,,,,,
03da35c5211cf5c7803b,fork,Paperweight,,,,,
100ef2faeb90c96a4ab0,paperclip,DIY photo display,,,,,
7477f9609f9e2ae2f675,towel,Makeup remover wipe,,,,,
2b6d7ad73b9a374ea22e,paperclip,DIY craft material,,,,,
ae86b5b194f66cdcd944,fork,Photo display,,,,,
b3d5a1ef9fabd30bff58,book,Paperweight,,,,,
ff6100a6ceb3ec14564f,towel,Dry painting or drawing to remove excess paint or graphite.,,,,,
9c3dca4a4dc9e724d978,towel,Pet grooming tool,,,,,
eab73d2324fd91372f1e,fork,Cord organizer,,,,,
a6edf562f8f228c1ab55,towel,Dampen flames,,,,,
d93f3e372e680c9426ce,book,Fire starter,,,,,
9f993838017cf0ebb0a0,fork,Plant label,,,,,
835af03ae34be53285c4,paperclip,Craft project material,,,,,
b1ecdd9c1fb590aee4b6,can,Cake stand,,,,,
ff95547eb89b63cfb3fa,fork,Cord organizer,,,,,
7fa8bf7863478a468e54,book,Gift for a pet,,,,,
c9e471a360e88c4b8578,book,Prop for photography,,,,,
cb577b06166e451322d3,towel,Polishing silverware,,,,,
835b0aabf03049aa6455,towel,Cleaning spills,,,,,
7be53f53b3c3e0c81aa2,paperclip,Geometric jewelry,,,,,
522287416dd08e7343f0,paperclip,DIY jewelry,,,,,
32056f82d59a5ea6023a,book,Fire starter,,,,,
54c41cda93b3da41eb5b,book,Coaster,,,,,
11b02179086ee0306770,can,Bird feeder,,,,,
d7c5ba157bf718c2e75c,can,Small drum,,,,,
175a9ecb1c90e459365d,fork,Photo display stand,,,,,
e868b53134e41c2d92ff,can,Weighing down a tarp,,,,,
e4820e4802abb11912b1,fork,Bookend,,,,,
908364414a79fca179ef,paperclip,Weights for a DIY photo display,,,,,
8d6352d29cc9c9828838,fork,Measuring instrument,,,,,
e678aff4384942b7e010,can,Paintbrush,,,,,
8bd8def5f4b75cdc2d3d,fork,Plant label,,,,,
05f247a5af4280060a1f,can,Paperweight,,,,,
982a4d593cd4915d82f2,towel,Drop cloth for projects.,,,,,
5c31c849df679db9d61f,book,Prop,,,,,
8f219e8d016f091c2e49,towel,Picnic blanket,,,,,
5d9882fa7ea1b49f1523,paperclip,Bookmark,,,,,
a767a3092760dca0de71,book,Paperweight,,,,,
d2cadd42b92f0ff1b406,towel,Removing fingerprints,,,,,
ab2ed676e4e23c81fce9,book,Bookend,,,,,
c778d0a90e8b4cec53b9,book,Decorative item,,,,,
05189742c3f01a37b411,can,Bird feeder,,,,,
09c068f1094b44cf54ab,fork,Cord organizer,,,,,
973c458ebd741e1bf6c3,paperclip,Small bag clip.,,,,,
bcd66590f6dd0e834311,towel,Impromptu picnic blanket,,,,,
d042292b1743177156f4,towel,Storing items in a closet,,,,,
b55f46204a3e3befd3a2,towel,Dusting surfaces,,,,,
9b1e8edd87262c986d12,fork,Drumstick,,,,,
074814466f9a9f2232f9,can,Mail sorter,,,,,
b451768981f23ba5b5ab,book,Paperweight,,,,,
0a81ce752d71a9b48e3c,fork,Craft project material,,,,,
420f0d58f97b2a360778,fork,Sculpture material,,,,,
bc5af9e2dca2842dabe4,can,Spice rack,,,,,
5324128d9e50ceadd62b,towel,Cleaning spills and messes on floors,,,,,
5c485493a9ddf8784f1d,towel,Wiping down tools.,,,,,
47a828920c003d96501b,fork,DIY craft material,,,,,
f90ff2671ba925c4c0ab,can,Suet holder,,,,,
8d1c24fa793636e50652,fork,Wall decoration,,,,,
57d73cebc062bbbcec59,book,Desk organizer,,,,,
42454170da5d197b4ef8,book,Decoration,,,,,
7ced940f97ec49058e5f,book,Weight to hold down a loose page,,,,,
c795d428cb02d2634535,fork,Plant marker,,,,,
c910c158058e31affbe6,book,Trivet,,,,,
066633e4f91d13d037ca,fork,Sculpture material,,,,,
9566ee4581893894b0bd,towel,Cleaning up spills,,,,,
f9db9d49a5866c534305,towel,Clean delicate surfaces,,,,,
1f7214e331666a30edbb,can,Sculpture material,,,,,
271a4411a1ede032361b,paperclip,Cord organizer,,,,,
4ded83652468be6f749b,book,Coaster,,,,,
13fd6dc474d7aa1af341,book,Bookmark,,,,,
a2ac57824b39438cb075,fork,Holder for a small candle,,,,,
9814e185e55e36fe8d67,book,Desk organizer,,,,,
00c986f7f1cea9198803,towel,Cleaning electronics,,,,,
757c004f0267d549c9a7,fork,Picture frame holder,,,,,
e4182d15642e477f6dc2,book,Paperweight,,,,,
78180d1a6b15c78e3dd2,fork,Temporary fix for a broken zipper,,,,,
8275788a85e3f086b30d,paperclip,Pencil holder,,,,,
5382f3869e0736f04a84,paperclip,Craft material for jewelry,,,,,
b0fa831e55412eb00bb3,towel,Pet grooming tool,,,,,
815ae2d31a7f41150a3d,towel,Picnic blanket,,,,,
8e68747c3eb04e9e666b,paperclip,Temporary fix for a broken zipper,,,,,
82fcac571166c0164392,can,Geometric sculpture,,,,,
eaa067805ffe483f9470,book,Plant marker,,,,,
4dc598703b1df78debfd,can,DIY terrarium,,,,,
c56b9b2665fe604aa598,fork,Bookend,,,,,
d36a78f51a678dcc5d9a,paperclip,Zipper pull,,,,,
410abdcd54f84c9e9f34,paperclip,Temporary fix for a broken chain,,,,,
a5b303c23b649657806e,book,Craft material for mixed media art,,,,,
6b46088c12834e1268eb,towel,Dusting furniture,,,,,
0955e7a974656ba6ed2f,can,Mini gardening tool holder,,,,,
a9fcb4afa50b2edc0b2a,fork,Wind chime,,,,,
6427e483e89f0c3d7d10,paperclip,Bag clip,,,,,
42967c9e49e9c51c9d2a,fork,Bookmark,,,,,
9c21dec239332d9983ba,towel,Wiping down musical instruments,,,,,
bb39c53418b47a933c6e,towel,Painting easel for drying paint,,,,,
326f4089dc62dedcd51c,fork,Plant marker,,,,,
40f4997571a8b3329caf,fork,Wind chime component,,,,,
142ce8c304253efca8c6,paperclip,Zipper pull,,,,,
1ead57de3d1a2b5340d3,paperclip,DIY photo display,,,,,
fbf847b490fcdc1de255,paperclip,Outdoor fishing lure,,,,,
febf117043b800f51c06,towel,Drying flowers and plants,,,,,
7f038592c54518a0ab4f,can,DIY clock face,,,,,
49b2be8f179c6c1677a2,book,Bookmark,,,,,
f1a634ef2812c6887f10,paperclip,Bag seal,,,,,
7329bbb726cb7e6fe2ec,can,DIY bird feeder,,,,,
40af9ebe74ff65444d17,fork,Photo display,,,,,
86b8e2c3432c817e3fad,paperclip,Fishing hook holder,,,,,
da9f58dd1404fcbdf24d,paperclip,Photo display aid,,,,,
18a7bd2b8e9830c33e9d,can,Garden marker,,,,,
0693c0bdd5a46b88a0b3,book,Bookend,,,,,
0c4e027de4189f958596,fork,Plant label,,,,,
2135b6c8603c3ff0b021,book,Desk organizer,,,,,
2ace3763755f52463af5,paperclip,Plant marker,,,,,
adb188690c922094d769,book,Bookmark.,,,,,
b5bf5fa93e6fc98428d5,can,Musical shaker instrument,,,,,
dd36fc76474c0bb8e2d3,book,Bookmark,,,,,
4cc7931f63813ce50722,fork,Pencil holder,,,,,
8ff97bae043b788c4c96,towel,Create a makeshift sling,,,,,
0cc14f194df87c2fe036,can,Birdhouse support,,,,,
27f543a0407742fac56c,book,End table centerpiece,,,,,
bfba63769154e248aef8,paperclip,Bookmark.,,,,,
1906103cae70a0b77aa1,towel,Creating a makeshift rope,,,,,
a62fafd7b7a826139591,paperclip,Cable organizer,,,,,
566055cbd9c228d8e246,paperclip,Desk organizer for small items,,,,,
dc3fc3c875ff301861b9,towel,Drying dishes,,,,,
f0b8d30bc14ee8a6ef70,book,Desk organizer,,,,,
2e5e6133b871e4e0e37f,fork,Wind chime component,,,,,
2a22a70c6a936762cc42,fork,Microphone stand,,,,,
8483bfe079e22a87c405,can,Candle stand,,,,,
968d3c315a256c0a7ea5,towel,Protecting furniture from spills,,,,,
4b41dfb73d4149899c6e,fork,Plant label,,,,,
6d44eb302dc9717faaaf,towel,Sweeping floors,,,,,
e7fe5f9c0082ac4c47e8,towel,Cleaning grease,,,,,
2ffc021906612fe9caa3,can,Desk organizer,,,,,
70d248c6a98fa630dc13,paperclip,Wind chime,,,,,
d21c0af0f2b868f2f6d1,book,Bookmark,,,,,
bcf5e25c2e57ea0e14f4,fork,Tool for mixing small amounts of paint,,,,,
99c0dfc787daa2cabad2,book,Drawer divider,,,,,
345e8c6eebc733cd1bf6,fork,Pencil holder,,,,,
927c44f054b0c137c5fc,paperclip,Temporary fix for a broken zipper,,,,,
5a02f9858b7247db7069,can,Plant label,,,,,
3f80994cde52dd2cab28,fork,Plant label,,,,,
2a437fb2ea6592a566ce,book,Gift wrap,,,,,
3297f62a0122326af2c4,book,Paperweight,,,,,
7d10684ac9fda15a1005,can,Bookend,,,,,
bf8bec8d1d4192e1b465,book,Fire starter,,,,,
a2628d54275090553cf3,can,Spice rack,,,,,
f4e72f6ac01fb3bfab77,can,Plant marker,,,,,
92e178cf737d13de7f21,fork,Zipper pull,,,,,
5d3eaeaff79db0c05ddd,paperclip,Holding cables in a small space,,,,,
c492efc3a1fc17fb14ec,can,Scoop,,,,,
dcf7d7e2f7ee6a7352c3,book,Crafting material,,,,,
84bfa037f29c7514b2b0,fork,Plant label,,,,,
bab3d89025f72a22d05d,fork,Photo display,,,,,
a191bd491b65b0a604c6,fork,Zipper pull,,,,,
6474bb57680b79fb7eb9,fork,Plant label,,,,,
edc874ac2db636a83bb9,book,Bookmark,,,,,
e50738012e6ca92a97dc,fork,DIY drumsticks,,,,,
37483d31a75d672a542b,book,Plant press,,,,,
8425e7bda6d928dec3e9,paperclip,Plant marker,,,,,
4ba9bd052f9899826b1f,paperclip,DIY photo display,,,,,
0c431517a529d7250dde,can,DIY lantern,,,,,
d2c3c91d79568e43b49b,book,Insulation,,,,,
4c379e58bcd2f9346bf8,book,Wind chime component,,,,,
b0ee3b56e0011d0f1763,paperclip,Tie clip,,,,,
097239dbab4990d17b6c,fork,Picture hanger,,,,,
8c6689a5de0b0c8aaa57,can,Seed starter,,,,,
100e297b7ecd711bac7b,fork,Measuring device,,,,,
0a38048e974359b0316d,fork,Leash for small pets,,,,,
b26370744f4980de90be,can,Pencil holder,,,,,
8621b31625e24ac004e0,paperclip,DIY jewelry component.,,,,,
82de1149e8aef76a465c,paperclip,Picture frame hanger,,,,,
71bd7202069b748eef05,paperclip,Wind chime component,,,,,
4a2ff251445184c26040,towel,Polishing metal.,,,,,
f6f1167a8960ea7b50f2,can,Pencil rest,,,,,
9c49f9a0c3e1935733c6,towel,Create a DIY dog bed,,,,,
5c02090e217dec3c8d52,towel,Wiping down countertops,,,,,
2de42a431b4208f077bf,can,Paint stripper,,,,,
a415ef4c3c2a9e20d3b8,book,Block for a child's stacking toy,,,,,
1435d9029db4b764132f,towel,Drying wet surfaces,,,,,
1a5e6b53a20692eb0c27,towel,Picnic blanket,,,,,
df95caa90e2206c85ab7,can,Bird feeder,,,,,
aa21f5cf2d40ad17d7ac,can,Picture frame weight,,,,,
1a34a4d32674532f4a27,book,Bookend,,,,,
1b1e13b27e37f0eb35fa,towel,Cleaning rags,,,,,
2e411f05697b2f047a01,fork,Plant label,,,,,
7d99f139e4421b8b81fc,book,Wall decoration,,,,,
b9c0c85b6671e51a93ce,can,Candle holder,,,,,
d4c5dad2b9dc11dc00df,book,Candle holder,,,,,
7aaed1ea71f64d039f7e,book,Paperweight,,,,,
d5ee07a876f9e2d4f2dc,towel,Creating a DIY photo backdrop,,,,,
f555d0ece201893db338,towel,Dry dishes.,,,,,
33c8b9e2437e8277d209,fork,Pencil holder,,,,,
166afc6e0725d2e7ce53,paperclip,DIY wind chime,,,,,
d816b6ef850f0b8decc0,book,Weight,,,,,
ebd6c081d9bdbb5f8521,fork,Shelf divider,,,,,
884b21cb228a283791d2,paperclip,Plant marker,,,,,
6867ff24c14ad0fc2954,paperclip,Picture frame clip,,,,,
f629c1c6aa935331c1fe,book,Paperweight,,,,,
4c3fb0b442c0c0f7b69d,fork,Measuring stick,,,,,
dac55a812179d0870120,can,Wind chime component,,,,,
68f5d82260386264c550,fork,Sculpture material,,,,,
206fdc49b28bbb12eaf3,can,Decorative centerpiece,,,,,
43df7b62e3341e28c463,paperclip,Plant label,,,,,
821b19d88469fe3eb75a,fork,Bookmark,,,,,
f7843bffee963426030b,book,Decorative centerpiece,,,,,
51b8b09aafa6f373af3f,book,Picture frame,,,,,
2cebda5650fba4540ebc,can,Wind chime component,,,,,
6997f53a40d6464502a8,book,Bookmark,,,,,
a40f21f8cadbd9ce0ae5,paperclip,Cord organizer,,,,,
edb19501d5b6ce9a7ef2,paperclip,Cord organizer,,,,,
fa249f457dbd98a61f4b,paperclip,Temporary fix for a broken earring,,,,,
bafae48065f7138f5736,paperclip,Hair tie,,,,,
4c06e297684e1d49a938,can,Plant marker,,,,,
849b7f2778095ebc0432,towel,Removing stickers,,,,,
9691df4975cf74d2c4a9,book,Paperweight,,,,,
6be17f3487a0d9a1a0f1,towel,Create a DIY plant press,,,,,
e7ddd11e71620827c987,can,Wall decoration,,,,,
d644ff8f17969853ed4d,can,Spice container,,,,,
9d68f97c6e3ae7e90d8f,towel,DIY dusting cloth,,,,,
050a880ae529c1e11a2f,paperclip,Coaster for small items,,,,,
a0d3319d9b90e9183341,can,Wind chime,,,,,
673b338d38497a07b33c,can,Potpourri holder,,,,,
0c3be1fa387efbc772cf,can,DIY bird feeder,,,,,
fb7b5043144c1233c49f,towel,Polishing mirrors and glass,,,,,
2d5742f41b9ab3f10728,paperclip,Photo display pin,,,,,
456ae6fc7b74c135b736,fork,Paperweight,,,,,
47a4fdff93cc7b944d48,book,Paperweight,,,,,
608c5b32f649f96bd468,book,Place to store notes.,,,,,
c436b199c6c41adcfcba,paperclip,Geometric art project,,,,,
8df27ed032dff8e6988f,towel,Cleaning up spills,,,,,
686f45904121329a3c3e,book,Reference material,,,,,
4449cdf48eb6bf37bba2,book,DIY craft material,,,,,
5334e0776008ae3bd143,fork,Pencil holder,,,,,
ee0988ce9e40cd024b46,paperclip,Geodesic dome for small plants,,,,,
e716f250bf90cf5a86ca,book,Book as a DIY birdhouse material,,,,,
979fb0905f524021e51e,towel,Drying delicate items like flowers or jewelry,,,,,
9dce4564f149058cd762,book,Gift wrapping paper decorative element,,,,,
9d15547564916d535f7b,fork,Painting tool,,,,,
a85f974d0e7a278b559b,towel,As a barrier for painting doors or walls,,,,,
26f8dc52f6fcab947a8b,can,Measuring guide,,,,,
482df625ac67e93bfb86,fork,Plant label,,,,,
1ad291e2021bd3a958a0,towel,DIY craft supply,,,,,
7b17d70177145528a2df,fork,DIY craft material,,,,,
56314393f126e6cc807a,paperclip,Temporary fix for a broken zipper,,,,,
d8a706c7a3a37e60a7e7,can,Bird feeder,,,,,
656dafb7c1b71a681478,paperclip,Cord management for headphones,,,,,
c4f6389b218d24a11ed2,paperclip,Temporary repair for torn pages,,,,,
b5876343965bc9bbde03,book,Notebook stand,,,,,
70d3da89b7d3c72fb45b,book,Bookend,,,,,
64ef086b1d2c90397b22,paperclip,Mini plant label,,,,,
07d89f3d85ff3a197258,can,Mini sculpture base,,,,,
a241c744027c0d5537de,book,Decorative sculptures base,,,,,
b2ec8d77142ad04a00c9,paperclip,Keychain,,,,,
0c04e7843885cd23db28,towel,Polishing leather,,,,,
1e6530f85d1c6111e24f,book,Desk organizer,,,,,
559d40657c47a96baa5f,paperclip,Wind chime component,,,,,
daf47ad086749433ef1d,towel,Wiping down musical instruments,,,,,
431970c833cc77ff7ba3,paperclip,Cable organizer,,,,,
0c76be2c2281bf74a52c,book,Book as a coaster,,,,,
a6b2beade91caa180143,fork,Pencil rest,,,,,
46f35abfa06941921907,towel,Dusting surfaces,,,,,
7ea2047a05c9a1831702,book,Bookmark storage.,,,,,
c8ca9fda6adbe5781d5a,towel,Dry pet,,,,,
33bbcf821f4cc391bf32,paperclip,Puppet finger joint,,,,,
be6aa79673e9bd6a6187,fork,Bookmark,,,,,
2da07d60dc430725b93c,can,Plant marker,,,,,
ef843f16da2b99982f6b,book,Plant press,,,,,
41aa411b52e48807c51a,fork,Temporary ruler,,,,,
bb993db7b3909ef41bb1,can,DIY craft supply,,,,,
ea0cdfd5d279e07caec7,can,Musical shaker,,,,,
41d53131e4585352d7cb,book,Weight for a DIY bird feeder,,,,,
667860ce145c47002f97,fork,Plant label,,,,,
584b07bc54450189f770,can,Plant marker,,,,,
149ae48aa790febb8074,can,Scoop,,,,,
a5b6990aa4b5a9e2161c,towel,Wrap fragile items for shipping.,,,,,
87813594f291f022b7d8,paperclip,Crafting material,,,,,
8274fb5543b18cc4631c,can,Wind chime,,,,,
b3fb7bff7c38ebcdc32e,can,Wind chime component,,,,,
113281ef902d05ae7042,can,Seed starter,,,,,
efb2a23c143abb2c679c,paperclip,Embellishment for homemade cards,,,,,
752b0cf6a0847281def1,paperclip,Temporary fix for a broken earring,,,,,
658a8c38914d2f97d579,book,Paperweight,,,,,
df5d01ec2c8ba89e934c,book,Object to remove from a cluttered shelf,,,,,
bd16cda5816bff55f5a0,book,Desk organizer,,,,,
cbae441cab2f840d6f0a,can,Mini planter,,,,,
83fd0e7eaaca583604e4,towel,Absorb spills.,,,,,
4b68092d387f8ec3d019,towel,Protecting furniture from dust,,,,,
3d631f5890f10b54173e,paperclip,Wind chime component,,,,,
1327059c20e594e59b16,fork,Mini shovel,,,,,
11579324dc86762ce0ef,can,Painting tool,,,,,
e1d0d33c8bd1d2f9db29,paperclip,Temporary fix for a broken zipper,,,,,
8cecb9c6ff7eae9562cf,fork,Wind chime component,,,,,
96580cc60f8634b9ef75,can,Pencil sharpener,,,,,
52edb7a98d83357e4be5,towel,Pet grooming,,,,,
a798e7e9c68644a0afe8,fork,Desk organizer,,,,,
19f2db5bae2db893e5c2,towel,Removing label residue,,,,,
82ed91c60f0db1b9dcd6,paperclip,Bag clip,,,,,
bae3858b657ed931a713,book,Coaster,,,,,
55bcfadcd5d3a2d944ee,can,Photo display,,,,,
ab1b5aa2b59f68bacccb,fork,Sculpture material,,,,,
180fea7a41aac88d0f94,book,Bookmark,,,,,
ee88bda348dedd5cfa4f,towel,Drying wet pets,,,,,
4cd90dc82b5fdc7a868d,fork,Crafting tool,,,,,
9207f855cf9ef46e3f5b,can,Paint stirrer,,,,,
3b7574b33044a121f8ee,towel,Creating a makeshift tablecloth.,,,,,
0ba5515b0a33ffb630a7,fork,Temporary repair for a broken zipper,,,,,
0595bf273e584f343f61,towel,Cover for a sculpture project,,,,,
9cd8231c360cbfc3a75e,paperclip,Impromptu bookmark,,,,,
dc4722c155f6ba4c721f,towel,Wiping down tools,,,,,
9a507fbcfaf3222e9e9f,book,Decorative item,,,,,
79e3a8fd2bb3aa73742d,towel,Pet grooming,,,,,
46415f1cc286a337f312,towel,Use as a cold compress.,,,,,
6309ddfe2194f762cb79,towel,Outdoor picnic blanket,,,,,
68862b0b5f886955b348,paperclip,Cord wrap,,,,,
507910e930e4306c80a0,book,Sound dampener,,,,,
ceeff60976734b256fda,book,Coaster,,,,,
ac4b07d7e4c130750a6e,book,Picture frame,,,,,
d89f7aaf4cf4dcb73bd8,towel,Absorbing oil leaks,,,,,
85934d98d644834d45a7,can,Plant label,,,,,
b41cc8c6845e85cb5a19,towel,Create a DIY photo display,,,,,
8c4a9b023ff8290e6591,book,Coaster,,,,,
d9e6ced33462686a6fa1,towel,Drop cloth,,,,,
1778bf708913efbf438c,paperclip,Cord organizer,,,,,
d173c64f0dd0f25fc7dc,book,Sculpture material,,,,,
27f9e9bd930186f0cb50,can,Pencil holder,,,,,
d2d47b0aa5b600b03a49,paperclip,Mini picture frame,,,,,
184a8e211c23f84c8e9e,fork,Picture frame,,,,,
c51a1a85e52d6d29972c,paperclip,Crafting material,,,,,
24fd583469d694556d3a,book,Plant press,,,,,
08f21199f3f323989c26,can,Measuring cup,,,,,
cc5fa79d0de0b5d855ad,towel,Insulate electrical wires,,,,,
cd27cf67eef507f9723c,towel,Washing delicate items,,,,,
3dfe99c6fce19cd2091a,book,Decorative item,,,,,
19de7d2a575b3cdc69b7,book,Note-taking aid,,,,,
72ad985f38e04b5a3436,paperclip,Temporary fix for a broken zipper,,,,,
3f408c53e10959fa7790,can,Button magnet,,,,,
648dc25139ed95a1ff32,fork,Decorative paperweight,,,,,
c7d29534e7ec44b112ce,book,Paperweight,,,,,
31bf22d95292add0d075,towel,Cleaning electronics,,,,,
71cb28101f770e788b96,can,Coat hook,,,,,
c8724fa0baf462c09101,can,Pet toy,,,,,
8f0cd533cab1843c6de5,can,Mini measuring ruler,,,,,
165bcc5a12c59badc4bb,can,Picture frame stand,,,,,
7b685def13def8601726,towel,Face mask steamer,,,,,
3f53b68836db9822a4c6,paperclip,Temporary fix for a broken zipper,,,,,
d3b8f160a15a1b8363da,paperclip,Bookmark,,,,,
c20be94670fa542392e9,paperclip,Zipper pull,,,,,
dd062e546577480e161c,paperclip,Cable organizer,,,,,
2a725a2fe526a49f1928,can,Ottoman or footrest,,,,,
20dce9f2715ea196947e,book,Plant press,,,,,
8735994a9cd894e803f5,can,Picture frame weight,,,,,
fa0e3b3e2afe00949a7e,fork,DIY photo display,,,,,
281777d6a17b06a6d736,towel,Yoga mat cover,,,,,
58db5faebe0ab8b7fe88,paperclip,DIY ornament,,,,,
9a0c83cc3baae3b6fd68,fork,Craft project base,,,,,
aa5e9432e7efb97942fd,paperclip,Bookmark,,,,,
4461d93ea33a01491b02,can,Plant marker,,,,,
a5d8e0b871d57e7e65e9,book,Noteboard,,,,,
b4595db2f37a60f09c96,fork,Bookstand,,,,,
7e4212c12cd7be08e0c9,book,Placecard holder,,,,,
3199ac3af6aed6fc378a,towel,Room divider,,,,,
e4d36d802a75713be0c7,towel,Pet drying and cleaning tool,,,,,
4dbbeb5d8d88c05214f4,paperclip,Bag seal,,,,,
61fdf2f1966454f7dd14,towel,Protect furniture from dust,,,,,
f54c7a292ae2b73c1c24,towel,Drying flowers,,,,,
178bdd5ec80830237539,towel,Applying or removing stickers,,,,,
add92c06a43beb19af31,fork,Jewelry display stand,,,,,
f21a40b511692e7fdbef,fork,Wind chime,,,,,
7607f731a01d9b7613da,paperclip,Mini bookmark for recipe cards,,,,,
0849b796346569fe573b,towel,Removing stickers,,,,,
80970ce1ca4e992275ed,paperclip,Puppet arm,,,,,
6090f6aafcd91636fcf7,paperclip,Bookmark,,,,,
4836243ed70b50f991a3,paperclip,Photo display,,,,,
7451d17c5fd9ebeb836a,paperclip,Mini picture frame hinge,,,,,
9fe28606c41286a421a2,book,Paperweight,,,,,
7391ccb3fc4769c2221d,can,Zipper pull,,,,,
a3320bfd3cc6d68b3a77,towel,Insulating electrical cords,,,,,
32429dcd4e7a3ef20458,fork,Plant label,,,,,
a25190020277f224082c,paperclip,Zipper pull,,,,,
543f581bca9f5ca1c1a8,paperclip,Plant label,,,,,
4cae1f51ec354a1c71a0,paperclip,DIY photo display,,,,,
5ca7c9b054ab7b0ce6a7,paperclip,Plant marker,,,,,
09da911e4df54c46816e,paperclip,Temporary fix for a broken earring,,,,,
bf69d6e559367c30b62c,paperclip,Plant marker,,,,,
4412f9233c2dcfa115af,fork,Wind chime component,,,,,
e755150d5d1270f3ce4b,paperclip,Plant label,,,,,
4ddff80bd8669d9704e8,fork,Pencil holder,,,,,
9031f1c0524cec0caae4,fork,Measuring stick,,,,,
f493bac212bd751b28ec,towel,Ground cover for events or picnics,,,,,
c5e37976a9495536d07c,fork,Plant label,,,,,
9e3224584c4bfaedf3d6,towel,Absorbing spills and stains in the garage or workshop,,,,,
d704abd3945cc72b58ff,book,Paperweight,,,,,
cb626f492475b459d32f,towel,Making DIY crafts,,,,,
7ea0b7c9e15283b0e26b,book,Paper mache material,,,,,
696ff1568085ae4b1b23,fork,Bookmark,,,,,
232ce9efc3fdc2158902,fork,DIY wind chime,,,,,
850882ac0d43af803086,book,Plant press,,,,,
c9756beedadd202bd549,can,Birdhouse or bird feeder support,,,,,
2cadeab5b854837c74f0,paperclip,Cord organizer,,,,,
fa0ce31e3164353e4dc4,paperclip,Plant marker,,,,,
4fd8d433a4282b449a2b,fork,Paint stirrer,,,,,
9785161c7a39df14475f,fork,Picture frame,,,,,
4368889d414492a3417a,can,Bookend,,,,,
5225628ac9faa1b0f2c3,paperclip,Photo display,,,,,
a3d7f088c5409c2f35ab,fork,Bookmark,,,,,
7d4ddefc3042fc9696aa,paperclip,Mini bookmark clip for recipes,,,,,
f1a52f42ba39428f1a2d,can,Mini greenhouse,,,,,
d515eb5a6ef92fd37a16,towel,Applying paint,,,,,
af4adac219c00dca7ce3,can,Paint stirrer,,,,,
d1cbecf6c599ebf5de68,book,Coasters,,,,,
37959f55b480ae130c09,towel,Cleaning up spills,,,,,
903ea4451c1769457434,fork,Candle holder,,,,,
19134ffa2e3668a8266e,towel,Cleaning pet areas,,,,,
12822491a6db71dbb278,book,Candle holder,,,,,
dbf8dc7495c5ff7b27b9,book,Gift wrap holder,,,,,
8ec77f6110743eb5c411,book,Doorstop,,,,,
668f1d2430a11d737d60,can,Staple remover,,,,,
7950afa1a33dcec0f235,fork,Seed starter,,,,,
22ceca2a05aee70ccb42,paperclip,Wind chime component,,,,,
4c13714c733ca35183d6,towel,Drop cloth,,,,,
c03b98639e4846f1c5e6,book,Book as a vase for small flowers,,,,,
e70c05fff42a21aa0d7e,paperclip,Mini anchor for hanging items,,,,,
dcd1db3fb7678ad2c0c0,book,Coaster,,,,,
6d5459a3a6a1b9577cd3,towel,Curtain for a makeshift changing room,,,,,
416085ba1f98340d37bf,fork,Emergency self-defense tool,,,,,
f09535af9e84fdde872c,can,Wind chime part,,,,,
401c5beef4c14d0829a5,book,Seed starter,,,,,
a367370cb2572e176c01,book,Prop for photography,,,,,
71ecb6d6d8050b75b9a0,can,Seed starter,,,,,
9f459e5fa32d68b1a91c,towel,Wiping down gym equipment,,,,,
d1d668b08217575c5d67,book,Weight,,,,,
6f48016f843b40c9a315,can,Mini sculpture base,,,,,
ce5bde806ea7fb088a26,fork,Bookstand,,,,,
e61de9967fb2014d1ea0,towel,Help preserve wet flowers for display,,,,,
4e3920364935cc40c03d,book,Photo display,,,,,
80427687781690cf50e0,paperclip,Macrame project material,,,,,
c48ea1a0540fe6ff3791,fork,Cord organizer,,,,,
a7aa0dbe135f9ac28c68,towel,Cleaning rags,,,,,
63561eecc584dfc1e7bc,fork,Wind chime component,,,,,
7d1cbccdf66fa3d719c4,book,Paperweight,,,,,
d840d1b2c6a1fc06411a,towel,Dusting blinds,,,,,
7593796190cb9c22b9a1,paperclip,DIY bookmark,,,,,
15d02e732fa58f537a6b,paperclip,Bag clip,,,,,
cb59176f6d6a6cdf5e01,book,Trivet,,,,,
a92da5ddb0d83d1fa0e5,towel,Drying flowers,,,,,
237a2fe5113fe9bb94f8,book,Doorstop,,,,,
5951ffcedb182f8f3ef1,paperclip,DIY ornament,,,,,
e65968a39ffde4edd08f,can,Pencil rest,,,,,
c9291cbc7d503bb5fa14,can,Cord management tool,,,,,
78f24730a54b5dfe40bc,towel,Wiping down countertops.,,,,,
61e09ddd138b3c619327,book,Bookmark,,,,,
730df2ea83c050ce16d4,towel,Hair styling tool,,,,,
d09856641a813dc89d7a,paperclip,Plant label,,,,,
ffd9eeb2debd411900df,book,Coaster,,,,,
6a37a9124af32b470560,book,Bookmark,,,,,
14ca2b9bbf9db8060c80,fork,Craft tool,,,,,
2ea713b7ac0a486c6aea,can,Wind gauge,,,,,
7af9137bacb695557195,can,Paint stripper,,,,,
6266f108e47dc7f20c3d,can,Photo display,,,,,
baaa11e8580acc28e005,book,Paperweight,,,,,
0e198aeb03b789b2fc73,towel,Scent diffuser,,,,,
1ed365612b3018c3b75a,fork,Craft project base,,,,,
424a74747624b7e7c5b9,fork,Candle holder.,,,,,
cae15f0fb9460c456c23,book,Note pad insert,,,,,
05593168af4246f3c560,paperclip,Makeup brush cleaner,,,,,
7b4f94501dcaeb3e5e6b,fork,Mini scraper,,,,,
7a93d134b1b417de1d3c,book,Paperweight,,,,,
7a25c927d50f642574be,can,Birdhouse support,,,,,
06637a2ee87531d69a68,paperclip,Photo display,,,,,
7d4aab0807de025c72fe,paperclip,Office desk organizer,,,,,
a3d1a961661e215d85fe,book,Bookmark,,,,,
5199195787a8d0cbffab,towel,Beach bag or backpack organizer,,,,,
7f69590400907666ab72,can,Coat rack,,,,,
62120e9369894bce3fef,paperclip,Plant marker,,,,,
ab7908f8dd45f6c93f4f,can,Wind chaperone for plants,,,,,
7626afeddc7b1d5678a6,book,Sculpture material,,,,,
66c43590bb49c67dd27d,fork,Bookmark,,,,,
a30d8c78e63e228bcf30,towel,Cleaning cloth for electronics,,,,,
52571bd3001b56b2dcd7,towel,Dust furniture,,,,,
8365890f577019477992,towel,DIY face mask,,,,,
8b824624bf0eb3f63882,paperclip,Small bookmark,,,,,
cc76b7acb9d19c4e1db7,can,DIY bird feeder,,,,,
3b79b54117311db9d1f3,book,Paperweight,,,,,
16a51ff67139ebf5c757,paperclip,Plant marker,,,,,
61af4feefd5ff17c9702,paperclip,Plant marker,,,,,
72e5c07856b860588d7c,towel,Absorbing oil spills,,,,,
bd9d4a24f7c0e3727268,book,Bookshelf art,,,,,
f36a478b39ac5629f874,fork,Plant label,,,,,
7909016ca79b499970f6,towel,Cleaning polishing jewelry,,,,,
5688d20019a4d8761ebb,book,Menu holder,,,,,
ebfecdb4bb8fc4e5575f,paperclip,Bookmark,,,,,
0a0aebf7b4d87a4c2f25,book,Coaster,,,,,
a31bd3fbab7211c43f12,can,Plant mark,,,,,
391401decae3cca49d0e,fork,Plant label,,,,,
dcd57cf86a2c431fcc96,book,Gift wrapping,,,,,
df517de92b1c0faab74c,towel,Crafting material,,,,,
04e2190ec694eb597996,can,DIY bird feeder,,,,,
ad9809154d04d7c469a5,can,Scent diffuser,,,,,
4b1beb1712c52ce9e141,fork,Measuring tool,,,,,
148496426b2d0f873267,can,Bird feeder,,,,,
6c228a668cc7849c62f4,paperclip,Photo display,,,,,
ccc2e90a6f55cfdb6ac1,towel,Wiping down surfaces,,,,,
b74c7327ee8375443d57,can,DIY clock,,,,,
84d82e28bb89478f4c04,paperclip,Cable management tool.,,,,,
e3b41f21e4a872a9d5d0,towel,Cleaning paintbrushes.,,,,,
425bfd51850732d4c46d,paperclip,Crafting material for jewelry,,,,,
5578a88bf34b81485f94,towel,Line a birdcage,,,,,
81cb9a0feb7ab3d38600,can,DIY wind chime,,,,,
ffc03e783b064a3f3a0e,can,Candle holder,,,,,
8ad4853fbd28aa4c2eb7,can,Desk organizer,,,,,
e01b793ca6a54f17c21a,towel,Polish metals with a bit of oil,,,,,
efee4bab1fedfb8b45c7,book,Bookend,,,,,
5c029a1a13c60543ec90,fork,Wind chime decoration,,,,,
9fbac1bbad1dd9a7e465,book,Picture frame backing,,,,,
89ed48d24056da556614,can,Planter,,,,,
c46b7687c893d39c19b6,paperclip,Mini easel,,,,,
5a18c0929ce4209c65fa,towel,Protecting floors from spills,,,,,
e7fc8ad1042e60092816,fork,Bookmark,,,,,
796a7028b019c41386cf,towel,Dusting furniture,,,,,
3dc018d6b059f20f9121,can,Photo display,,,,,
5ae52e14a1ff0f922dc4,book,Coaster,,,,,
1004561bcc001d3c98d5,paperclip,Bookmark,,,,,
3518b31b82f576d1bd38,fork,Plant label,,,,,
53c279e8763905a9db4e,fork,Bookmark,,,,,
32719f5f6e06e419e06a,towel,Absorbing excess paint,,,,,
068309ce9969f862598d,fork,Photo display,,,,,
becf4e5c7ad3ef9b7aad,paperclip,Bag clip,,,,,
ec4dbfbd54070e8927f2,fork,Mini shovel,,,,,
53d68aa83c0550cb2e03,towel,Dusting cloth,,,,,
1f95d3ec6a2bf8fb711e,fork,Bookmark,,,,,
c027e46a00856d02a405,paperclip,Mini bookmark for a keychain,,,,,
0b6add6405044f2f8bea,towel,Dusting blinds,,,,,
c0bc27ba4dabc15e201e,fork,Pencil holder,,,,,
a02e66bdce7a767ff8e8,book,Decorative item,,,,,
73e91c83c68b67783ef8,fork,Candle holder,,,,,
e1b67390f9cd0ff229ef,can,Pencil rest,,,,,
54e64b787671b4461647,towel,Creating a makeshift drop cloth,,,,,
1d4bd977770bee512ccf,towel,Polishing metal objects,,,,,
3b97b16ffb9adb44f289,book,Sound dampener,,,,,
d45c55f57cc4202fe7db,towel,Decoration in floral arrangements,,,,,
7241008bac5f8443a52d,towel,Cleaning up spills,,,,,
cf5a635492a9ab301c6e,fork,Tape measure,,,,,
1784262542db4e59b534,paperclip,Bookmarks,,,,,
ea6229793fabc083b373,book,Photo display easel,,,,,
2a2a760f5acecdb0638f,paperclip,Cord organizer,,,,,
933de29b499bfb3d5378,paperclip,Temporary fix for broken zipper,,,,,
4051ec70155f220cc2ad,can,Drumstick,,,,,
70427ace07593bc04854,book,Bookmark,,,,,
0cf7c2fbc9126ad1c8f1,fork,Plant label,,,,,
78d82cd56ff819c9a322,fork,Plant label,,,,,
46f830ca78ec6821ad17,towel,Dry paint,,,,,
672cf9bedd28ccc48857,can,Ottoman base,,,,,
e8d20cf178d9f9717989,can,DIY bird feeder,,,,,
2f0ab41342a5ea3225a6,can,Bird feeder,,,,,
842c7b2f1846fe69fa29,book,Prop for a photo shoot,,,,,
805b706dc755f8cae789,can,DIY picture frame,,,,,
a47cc495d7ed3429a08f,paperclip,Bookmark.,,,,,
655681e9c0ca1b5aacb1,book,Gift wrapping,,,,,
e3c24a5a5742fb33a3e4,book,Plant Marker,,,,,
31e2d55d3f58391c7d0c,can,DIY photo frame,,,,,
afcf9a160f2031a28c6c,book,Doorstop,,,,,
f810af8c2180cb8c4fbb,can,Spoon rest,,,,,
89ac8494e502fd598a00,towel,Emergency blanket,,,,,
1a1b4d3be9ae43e15b3a,book,Decorative item,,,,,
85bed3aadc26f486cba5,towel,Absorbing spills,,,,,
458d265ce54b2ef9d4d3,towel,Cleaning spills,,,,,
70ab880c92ec05340baa,fork,Emergency splint,,,,,
02811220ff62f5e04e6d,paperclip,Fishing lure holder,,,,,
3f81988604cab919b934,paperclip,Bag clip,,,,,
b3c18bd52ee56b6fcb94,towel,Beach blanket,,,,,
b820db6b27f15b1335e0,can,Garden marker,,,,,
00d19d79a5535012653b,book,Prop for a photo shoot.,,,,,
05c4b61e923491e5accc,towel,Create a mini-greenhouse for seedlings,,,,,
3a562c840342387f67ab,book,Decoration,,,,,
9fd1a6af9e6c41c4c7b2,towel,Cleaning makeup brushes,,,,,
662f7f634b0fa591ed76,paperclip,Hold together small papers for a collage,,,,,
6f679192642b2b82617a,can,Desk organizer,,,,,
805c68d40dffbb2ec061,book,Prop in performances,,,,,
83db2479ce57a186e31a,paperclip,Geodesic dome framework,,,,,
d53bc58f6ba0f510f297,can,Picture frame hanger,,,,,
7814649dcf5475bb5864,book,Prop for photography,,,,,
5beeb3b07e3b15339aaa,paperclip,Wind chime decoration,,,,,
5a0bdd550998d36f55b9,towel,Dusting surfaces,,,,,
882f41c2b7cc59baee76,towel,Drop cloth,,,,,
4ee645a123ac99fd4ce5,towel,Dusting surfaces,,,,,
02f8fa430b7d8189e82c,book,Coaster,,,,,
c3b9e5b3bd519e1f2563,towel,Polishing metal,,,,,
7c1242eb7fbfdf4a9d14,can,Plant marker,,,,,
9d2e8eb45b766f866f1b,paperclip,DIY photo display,,,,,
f24604049b4f54e09f2a,book,Wind chime component,,,,,
c2dec16f4d6a21e4b945,can,Candle holder,,,,,
59cd1532b1ed0d7609d8,towel,Removing stickers.,,,,,
4832d33948988ecc73d9,towel,Drying wet paintbrushes,,,,,
a8ccd4bcbf0b0537c965,paperclip,DIY wind chime,,,,,
21b155c27c7b6ff286f6,towel,Dusting blinds,,,,,
bc0ce845057876fcf7e5,book,Fire starter,,,,,
61087ac7860318ad528e,towel,Cleaning windows,,,,,
9b9d61d460309aa51256,can,Herbs holder,,,,,
803cbfe437316e089845,paperclip,Photo display,,,,,
d5b0f7938b5ec71f303a,fork,Small tool handle,,,,,
ab0b652b1bb26a93f966,towel,Cleaning pet food bowls,,,,,
424fa987d63ffa459459,can,Plant marker,,,,,
9e6a38f3cd6f43429400,book,Decorative item,,,,,
4420710c4b167b7db545,paperclip,Mini bookmark,,,,,
5ac2ff760a2e8c88fd8d,paperclip,Zipper pull.,,,,,
3f731a6a6ff73b3b9f07,book,Bookend,,,,,
973bf1917273c832cbf9,paperclip,Temporary fix for a broken zipper,,,,,
9b56f87e34c0dfdb3645,can,Shelf divider,,,,,
b1cf8377c73dd87263ad,towel,In photography as a diffuser or reflector,,,,,
d0be2d03aa6b9d64c167,paperclip,Pencil topper,,,,,
0ef3b92b37b46ec4576b,towel,Wiping down surfaces,,,,,
21be2e43485ac153976d,paperclip,Geometric art piece,,,,,
7f9b08a80e1365be9dd4,towel,Embellishment for a costume,,,,,
b6ace027f4cfb8e7afcc,can,Crayon holder,,,,,
b36a9f9b6b5a03c2beb0,can,Measuring tool,,,,,
97c6c7d80aa982d18507,book,Paperweight,,,,,
5f19109b27e0cb43d3ff,book,Scrapbook,,,,,
8005f8092fdc4ba36f1b,fork,Radio antenna,,,,,
b4f1b41c4c3f47b73965,towel,Dusting furniture,,,,,
c32fbfb9a338e956c27b,fork,Paint stirrer,,,,,
4ebd74832706b0b80787,towel,Improvised bandage,,,,,
8247020ed7e6cb72f88f,fork,Bookmark,,,,,
0f15744331b1f384523b,book,End table leg support,,,,,
697d76942461ca151d0c,book,Book as a bookmark holder,,,,,
ec44424777e3ae06f46e,fork,Wind chime element,,,,,
ce0cadf483064851980a,towel,Dropping cloth for paintings,,,,,
93b35a785a93661d6707,book,Paperweight,,,,,
a60bea5062cb4a3ee0ed,fork,Sculpture material,,,,,
272b8e92cbe8448d9443,towel,Protecting furniture from spills,,,,,
6555466e6348ca3f08ae,can,Paint stirrer,,,,,
0ecb89013a6269032375,book,Bookend,,,,,
3cb19c097bc23ebd7e86,paperclip,Emergency bookmark,,,,,
96616562c80bd55a8030,can,Self-watering plant display,,,,,
92180472fb38bc3bd9a4,can,Paint palette,,,,,
70b7e43934cc00d81374,can,DIY photo display,,,,,
13ab87a3a046d2e5453d,book,Prop for photography,,,,,
e8d3b6d09063e6f47d06,book,Weight for a picture frame,,,,,
386c32a64b8f75728bbf,paperclip,Temporary fix for a broken chain,,,,,
cc265af334c47b44e273,paperclip,Temporary marker holder,,,,,
43490c291897d3d02c8c,book,Fire starter,,,,,
10022dc70e63fa2f8373,can,Scoop,,,,,
888d189e34089c8dc729,fork,Plant label,,,,,
c284722df89b1fd0deed,fork,Measuring instrument for small spaces,,,,,
76353122da347887bf2a,book,Candle holder,,,,,
b81dad32621ae80392fa,book,Coaster,,,,,
fd73519046a461c4441a,book,Book as a coaster for small objects,,,,,
325566fb725371b2e2a8,fork,Photo display stand,,,,,
152610109ea4798c243a,paperclip,Temporary fix for a broken guitar string,,,,,
e4e34d0f7074522b8f2c,fork,Bird feeder,,,,,
11be3420f8de991fd727,paperclip,Pencil topper,,,,,
2a7771e915626b09606d,fork,DIY picture hanger,,,,,
7d4ef3d6fcf2037d520b,can,Candle holder,,,,,
2265827aee11a6bef970,fork,Mini bird feeder base,,,,,
673b7faf68f3098f9c3e,towel,Gym towel,,,,,
381e54928e8c74965bff,towel,Cleaning up spills,,,,,
4ab676381a93e8f1d2a7,fork,Potpourri stick,,,,,
d662908a0e989fa560b6,can,Bird sculpture,,,,,
fd1015daed35847ee726,book,Paperweight,,,,,
6ed6629644f06644b107,fork,Prop for small plants,,,,,
8ee7637525c137d234d9,fork,Picture frame hanger,,,,,
abcdc0b133ce0856a76c,can,DIY bird feeder,,,,,
7af9391d03669ab111fc,book,Art project base,,,,,
fbd8fcd62cacf4bd67db,fork,Bag clip,,,,,
55a6e48b7d1b580679d6,can,Mini planter,,,,,
f98edc8cf564f34886b8,book,Bookend,,,,,
12bd3a3132a2fa5064eb,towel,Cleaning up spills,,,,,
9c27322627e2bc9e96a1,can,Wind chime,,,,,
2e4719a196244248ad94,towel,Drying rack for wet items,,,,,
7e27877dfdb9f89f0ec6,can,Wind chime,,,,,
5ffc113702446d3a9b2a,towel,Cleaning windows,,,,,
bd71ae0d840f499be1cb,book,Plant press,,,,,
43e362de6361aff1e7e9,book,Material for origami and other paper crafts,,,,,
68f27134c0b207a44a96,towel,Painting medium,,,,,
fe847af1e209130203ca,book,Coaster,,,,,
a3f371d66d0d369ef721,paperclip,Bookmark,,,,,
254873318d13d992cf6f,can,Plant marker,,,,,
b2c326778f1798db0349,towel,Applying paint,,,,,
7c9cd53901b1aca6218d,book,Base for a potted plant,,,,,
f8b57e3cd31e06192cae,can,DIY photo display,,,,,
79a889ba08313df712c5,book,Fire starter,,,,,
a5ce810165236b4776cd,can,Scent diffuser,,,,,
84e28cae70fd8d439331,towel,Polish jewelry,,,,,
7c917452292461f2ed36,paperclip,Bag tie,,,,,
3bdf84e73294ac29ab4f,paperclip,Leveling tool for picture frames,,,,,
d1084c9f715928043b9d,fork,Picture frame,,,,,
5e9d52ffc651b242c6ad,book,Decorative wall hanging,,,,,
9f0f7227fd98737fdf4b,can,Craft project material,,,,,
be93ae28e86ce48b8a14,book,Prop for photography,,,,,
1af574dedac82e54ede2,fork,Chisel handle,,,,,
312889a82ce173453da1,book,Bookmark,,,,,
3430ca8cdaa0487d502e,towel,Storing small items,,,,,
5838f76322a85bb22b63,can,DIY bird feeder,,,,,
41b13481973b044cd738,book,Book as a sound amplifier,,,,,
ae72f2cbfa5f34b7a5b9,book,Paperweight,,,,,
b5e7dba24fa170348b78,book,Plant press,,,,,
a22ddc5ccb34bd1c6b5e,paperclip,Photo display,,,,,
bee4c0964e3f5b171544,towel,Wiping down surfaces.,,,,,
deee200cbaab416221d5,paperclip,Photo weight,,,,,
da02c232d049f27bb042,fork,Wind chime,,,,,
43ff8968ed185b792342,can,Bookend,,,,,
85c224d8462f75b4fe76,can,Picture frame hanger,,,,,
e78d27fac0020fb57476,fork,Painting tool,,,,,
a98946dd2f8852252e5e,paperclip,DIY wind chime,,,,,
23ad5800cf9284d8fc81,paperclip,Bookmarks,,,,,
f90688f6896611dd50b9,can,Seed starter,,,,,
cb66d18c7918aaa950eb,book,Paperweight,,,,,
b3bf0fe5e588f25d83bb,book,Doorstop,,,,,
906d0566ba6b7fdce452,paperclip,Emergency phone stand,,,,,
6b73c2f901ff11803a49,paperclip,Cable management tool,,,,,
776760096004c08ab76e,paperclip,Jewelry organizer,,,,,
cf935e35bacddc0d6a40,fork,Paperweight,,,,,
107803fa07a4c0325eaf,paperclip,Photo display,,,,,
e545b4ee9ea1a9837323,can,Sculpture base,,,,,
9bed6ce5c07dfac26c0c,paperclip,Bookmark,,,,,
0cfa45e3b11d81dffed0,can,Photo display,,,,,
07ea3e17c63180482006,fork,Birdhouse component,,,,,
d6cc7bb5197fd4655323,paperclip,Adhesive for a temporary fix,,,,,
9c75b7d6eaa6e789a3e5,can,Shelf divider,,,,,
8d04a97a38bf49dd4176,fork,Plant marker,,,,,
12cfdca5aab7f8d62159,fork,Craft stick holder,,,,,
4be9f7e395b55596f36f,towel,Wiping down electronics,,,,,
9fe40dbbf1b8a979c4cb,can,DIY craft material,,,,,
8a78fa7405b1367bf94a,fork,DIY picture frame,,,,,
c895b5c5f056bb52462b,book,Coaster.,,,,,
33d6247c284ffa157dee,can,Candle holder,,,,,
3eda9ada1fc578c40c17,towel,Soundproofing material,,,,,
afad4f2137ae4a606f78,towel,Dusting cloth,,,,,
c5b8a900830d801f705a,fork,Pencil holder,,,,,
2a8b6a60b3c25e8c9f25,fork,DIY painting tool,,,,,
07838722fd55437e9f9f,fork,Candle holder,,,,,
50b2e747664d7ee5c2e1,book,Coaster,,,,,
6b5d71b8796425b9a18b,paperclip,Cable organizer,,,,,
01e0a7cfd93052cbe29d,book,Coaster,,,,,
58c648c1a1da9ca740ea,paperclip,DIY jewelry,,,,,
d34c773be6867d549e37,book,Prop for photography,,,,,
a2da3ea24e302bae01b1,towel,Drop cloth,,,,,
c03ea089ee8eb7660f0e,paperclip,Picture frame holder,,,,,
80a8e6087b8d735c393c,paperclip,Cord organizer,,,,,
5506030d91d228cfd5f7,book,Origami material,,,,,
a91dd885fd15215d8215,paperclip,Mini Eraser holder,,,,,
ecc413d1d7c74dca5d9a,book,Coaster,,,,,
6b35661f6c4309993448,fork,Decorative candle holder,,,,,
5861995f1f0394f05682,paperclip,Temporary fix for a broken zipper,,,,,
1f76dc477ef8cf395b91,paperclip,Binder clip alternative,,,,,
14f49f420260b14c5777,fork,Desk paperweight,,,,,
3dac5bd6f9198f1aa6d0,paperclip,Bookmark,,,,,
0b47ed562256df41d891,towel,Insulation material,,,,,
adc9925d73a1a83055ed,fork,Measuring tool,,,,,
4bb09392c9ecbb364e08,can,Windscreen ice scraper,,,,,
d2918aa6438dcf13cf1c,fork,Paperweight,,,,,
0d5b7a2a42d1963c8fb1,paperclip,Bookmark,,,,,
51443b7713516e122bfa,towel,Dusting surfaces,,,,,
398e3f6795c8752a81fa,towel,Drop cloth for art projects,,,,,
a6acf4992737e3a28222,fork,Mini drumstick,,,,,
0b85996a10a626001a01,paperclip,Craft supply holder,,,,,
290b358a1cdccc0323ec,towel,Cleaning pet areas,,,,,
9a7dccb13c997acbc2ed,book,Decorative centerpiece,,,,,
489953bf43c8590c7340,towel,Removing lint from clothing,,,,,
550ba85e3c9deab2148b,paperclip,Tool holder for a workbench,,,,,
bfb7add8f98f431fb8b4,book,Candle holder,,,,,
c00c77cf91ff200704db,fork,Plant marker,,,,,
7d206df9a9f560e3094e,book,Filler for a purse or bag,,,,,
e980947f55e13f5a1c91,paperclip,Cord organizer,,,,,
e11dac1a62dc4eca6857,paperclip,Cord organizer for electronics,,,,,
585199b5a6d8ede82673,towel,Cleaning golf clubs,,,,,
2a3364a05154485727c2,fork,Measuring tool,,,,,
4027799f950bef07eb71,towel,Cleaning windows,,,,,
5259987612be9905348b,towel,Dusting cloth,,,,,
c559da8fa5c8cef381e1,book,Coaster,,,,,
2a49f29d3a3666caaa89,towel,Pet bed,,,,,
ce2f131050b0c9b17785,towel,Applying paint,,,,,
1b878a6374d1f023fd60,book,Photo prop,,,,,
b0097e7c1b89f5c6d0a7,book,Room divider,,,,,
9334385cf550311ecb53,can,DIY picture frame.,,,,,
15c682804986a81cac02,book,Prop for a photo shoot,,,,,
82c60b9d94955d853629,can,DIY picture frame,,,,,
6b532355a73cb7a22f2f,paperclip,Temporary fix for a broken chain,,,,,
268e818fc0fe506d00e1,fork,Photo holder,,,,,
3614c3908243c2d8522c,paperclip,Emergency hook,,,,,
7c3422ae9418a80d89d7,paperclip,Photo display clip,,,,,
1a2a87d40df3c50784b0,towel,"Fashion accessory (scarf, headband, etc.)",,,,,
e910a481702eb11b7703,towel,Wiping down equipment,,,,,
4716cccefd068f604f0e,can,Geometric puzzle piece,,,,,
04f0e6da102abcf3369b,fork,Cord organizer,,,,,
42ccffcbef22438145a9,book,Nightstand storage.,,,,,
828cd31e7d7eac295279,book,Coaster,,,,,
70a8af2a7bfd3eb48bff,can,Fire starter (in a survival situation),,,,,
217cfc5ebb17f0dcc6be,fork,Plant label,,,,,
752269469a10a7a18129,can,Wind chime,,,,,
817241acee563234005f,paperclip,Cable tie,,,,,
ad5dab969738a2f2b8d4,book,Gift for a book lover,,,,,
ae3b28c89bc8fb63e6b5,paperclip,Stopgap for a broken zipper,,,,,
5d90e46beaa2fd09a7bd,book,Wall art,,,,,
6d8cfc2f7a4bfc543da4,can,Mini planter,,,,,
6d103799a87b15ad06bc,towel,Cleaning arts and crafts supplies,,,,,
e96c20e0cc046c971380,can,Plant marker,,,,,
25b192daa5acce4ac695,towel,Removing lint from clothing,,,,,
74c6a1fd159831fd3385,towel,Wrap small gifts,,,,,
419e059c1aacfbca441a,paperclip,Emergency fix for a broken watch band,,,,,
ae674c79b30036721b72,towel,Makeup remover,,,,,
58ae3df0755d4e5634f9,towel,Insulation material,,,,,
946d243fe6905c5881d1,book,Wall decoration,,,,,
f9b93b5c94b40a2d1a36,book,Headboard,,,,,
e7225ad7248b1f2d8ee2,paperclip,Zipper pull,,,,,
99e0341cb5f6ae791bb6,fork,Slinky toy for a cat.,,,,,
23e3ad9b76932c606b1c,towel,Quilting material,,,,,
76a86aae591969f21b25,book,Photo album,,,,,
2b80ffb46894614b85bc,fork,Key holder,,,,,
2e05a6f4943200c8bfe1,can,Sensory toy for kids,,,,,
b1f507b8c0923e53946e,towel,Cleaning delicate electronics,,,,,
3c0910c311ad74dd168a,towel,Wiping down surfaces,,,,,
8da174e52ef1850745dc,can,Bookmark,,,,,
d7a47742a6220fdb0ec1,towel,Cleaning mirrors and windows,,,,,
cc0fc851a283ddd0dd59,paperclip,Bag clip,,,,,
823bca09a7e1ddea0e16,towel,Cleaning windows.,,,,,
0d8e444d724b788f94d6,towel,Polishing metal,,,,,
a328a5fbf41414d70539,paperclip,Bookmark,,,,,
615f110bd0770e609a5f,paperclip,Temporary fix for a broken zipper,,,,,
d7d40d97ccc9f9ebeb25,towel,Dusting furniture,,,,,
df3acc0c7a844befe71f,towel,Pet grooming aid.,,,,,
c5a7caecd1444c20ccce,towel,Photography background,,,,,
7334a392b231472ce7d3,fork,Mask mold,,,,,
639ba69f62c6d050a5d4,book,Scrapbook,,,,,
bbbf3ae3916791ba071b,paperclip,DIY photo display,,,,,
db2d93797e407746a7f8,can,Gutter guard,,,,,
645498ce285d74047d67,book,Bookmark,,,,,
ee78e4c5076ad72368a7,book,Sound dampener,,,,,
8f64f38ac3e1c51dae46,can,Mini greenhouse,,,,,
4b1bf6ee53b0a24fe181,book,Decorative item,,,,,
72c97465813169fce6a0,can,Candle holder,,,,,
2e520f678b929e165cb4,book,Fire starter,,,,,
a60d872771e03efa47cd,fork,Photo display,,,,,
9fe30cc3657111fb445e,can,Paintbrush holder,,,,,
b5d0a8c812d953d48f86,towel,Lifting delicate objects.,,,,,
149c9dee202e09cff21f,fork,Cord organizer,,,,,
5ac574e5d668fd9f0a55,towel,Dusting electronic devices,,,,,
66b35cb2393f7ccd4623,book,Desk organizer,,,,,
d2a1aeeb0fcdb1ad7936,book,Decorative item,,,,,
59810338011d7e4afd98,fork,Cooking utensil rest,,,,,
1a4ae951fb7339d262eb,can,Plant mark,,,,,
da7e52b8e0f118665a39,can,Pencil holder,,,,,
