Item,Draw,Appropriateness
machine,0,120.46760813297203
machine,1,117.35363907426834
machine,2,118.62032902169986
machine,3,125.17416005775061
machine,4,121.8325895842159
machine,5,119.83118037098441
machine,6,117.34416559222399
machine,7,121.52791218159962
machine,8,117.17827817221429
machine,9,117.71110018175288
machine,10,117.84629998447133
machine,11,119.86301257756186
machine,12,121.24672953779007
machine,13,118.34428039653899
machine,14,125.35334731257137
machine,15,117.65944030196762
machine,16,116.33046076284668
machine,17,117.8587115639329
machine,18,123.9780880449415
machine,19,120.55524896754635
machine,20,123.34344435807623
machine,21,116.89838419149632
machine,22,119.26717819920269
machine,23,122.17511649449446
machine,24,125.67868086137943
machine,25,120.72511962861282
machine,26,123.40797403414658
machine,27,120.65137197750772
machine,28,121.16877488959787
machine,29,118.69411856443786
machine,30,120.1898602239617
machine,31,120.29096858092576
machine,32,126.13451675155964
machine,33,121.20169446628925
machine,34,121.95056122366469
machine,35,116.04503230509818
machine,36,115.7878290767474
machine,37,121.8893666631027
machine,38,121.96431882672252
machine,39,122.84482243213508
machine,40,120.1103955765875
machine,41,117.9189982124085
machine,42,119.28091004874719
machine,43,118.10034395207343
machine,44,119.59186225731833
machine,45,120.95834505705305
machine,46,119.72640088621156
machine,47,118.0933883440417
machine,48,125.76296664298863
machine,49,119.78980649177113
machine,50,120.17885227315139
machine,51,119.93310357915928
machine,52,122.75041763843592
machine,53,117.89758523530318
machine,54,123.01134788283241
machine,55,117.4840803344911
machine,56,120.31995329363758
machine,57,116.20719583708821
machine,58,122.19427238097522
machine,59,120.32151602972196
machine,60,115.70132085911649
machine,61,119.46096468008653
machine,62,122.00673845162046
machine,63,114.3271819868468
machine,64,124.4231290500442
machine,65,122.53797446088888
machine,66,119.2496699198841
machine,67,122.56753224163415
machine,68,116.7985235250059
machine,69,123.67943330742688
machine,70,123.68068712200235
machine,71,122.74807448839213
machine,72,117.03897950921582
machine,73,121.30647221115917
machine,74,125.46986756433714
machine,75,120.03001030593825
machine,76,121.79188456963371
machine,77,121.17729016796008
machine,78,114.38076668205814
machine,79,122.84729017078591
machine,80,120.20043687354871
machine,81,119.03816843881441
machine,82,119.63922101413975
machine,83,116.83173999774843
machine,84,119.39602259759916
machine,85,122.19374754381678
machine,86,117.87837487387789
machine,87,118.34594953435807
machine,88,121.63021553717182
machine,89,121.04404384833525
machine,90,118.2784535638651
machine,91,121.84896799248044
machine,92,118.67784247784992
machine,93,127.33056524221136
machine,94,117.21521258224377
machine,95,121.85647533246294
machine,96,119.02892438256276
machine,97,116.6875242742743
machine,98,122.0123961053854
machine,99,118.42420505419173
machine,100,121.44333468021529
machine,101,119.66818659601886
machine,102,118.80410721081691
machine,103,120.56942887198183
machine,104,121.07059061366515
machine,105,118.67120499216503
machine,106,122.62398555094937
machine,107,121.04467198523857
machine,108,119.36954896275398
machine,109,117.85355528485151
machine,110,116.73017459321842
machine,111,117.94887642372672
machine,112,124.10362183876482
machine,113,119.27278036637186
machine,114,118.67641818604167
machine,115,118.94781897793769
machine,116,118.29493215701878
machine,117,119.31231839400299
machine,118,118.70190135061307
machine,119,122.2494841729093
machine,120,118.63668359628991
machine,121,121.5362306965698
machine,122,118.35728424808707
machine,123,120.88379249819513
machine,124,119.13874750414112
machine,125,117.54043095266336
machine,126,117.79418485336657
machine,127,118.3302298979702
machine,128,121.66297980878215
machine,129,121.01394541228134
machine,130,119.13838301990197
machine,131,114.4042887659703
machine,132,120.93716830479657
machine,133,120.74696274205246
machine,134,121.49490991155585
machine,135,120.90497135222708
machine,136,117.82753320264152
machine,137,123.1198913256799
machine,138,117.46381033667707
machine,139,124.68971620330389
machine,140,123.27821208919538
machine,141,117.78348723404793
machine,142,117.08997813714099
machine,143,122.26739677012955
machine,144,119.52062455362564
machine,145,118.11481583426821
machine,146,120.63551163061696
machine,147,117.66497039421309
machine,148,123.12154917203873
machine,149,121.85127697681068
machine,150,121.18713533658966
machine,151,114.91723481924969
machine,152,116.99012977868215
machine,153,121.39532513684144
machine,154,121.58908797268957
machine,155,120.09741619615117
machine,156,118.2793365270467
machine,157,121.09825055421038
machine,158,115.39479206406523
machine,159,115.81462501380283
machine,160,124.4098992289014
machine,161,128.04570851439036
machine,162,121.68236048160408
machine,163,120.82510451831949
machine,164,119.72013029764538
machine,165,118.3366162397657
machine,166,121.07525208948104
machine,167,124.61932435360328
machine,168,123.2641452522403
machine,169,123.14138052994335
machine,170,122.450789792424
machine,171,120.11748364747487
machine,172,120.19157933407365
machine,173,122.0076270378506
machine,174,120.63473008935044
machine,175,118.7004543154124
machine,176,116.91203188069402
machine,177,120.41473591447354
machine,178,122.34921765770714
machine,179,123.20266020055068
machine,180,120.92803476477914
machine,181,123.72719609152618
machine,182,117.90618903251216
machine,183,117.15424633976501
machine,184,119.78182883846293
machine,185,121.18251057832417
machine,186,120.95415268726373
machine,187,122.6422997499338
machine,188,119.1782963464235
machine,189,120.49934559783483
machine,190,120.79524787053191
machine,191,117.35003064142136
machine,192,119.09084612407726
machine,193,117.56113865204927
machine,194,120.71465611355782
machine,195,118.91064231168234
machine,196,118.20031456881837
machine,197,123.57099467320334
machine,198,120.29731414617146
machine,199,118.78991225838465
machine,200,121.14695570398138
machine,201,121.08218303851667
machine,202,121.56020208969824
machine,203,122.86780548291627
machine,204,123.73515927925158
machine,205,120.87195189542118
machine,206,119.91265845491878
machine,207,119.3163775078861
machine,208,120.63785839518988
machine,209,120.76766234972199
machine,210,118.8540884891512
machine,211,121.03891882044894
machine,212,117.41411498074758
machine,213,122.78232260623032
machine,214,122.92579877213885
machine,215,119.3551408333194
machine,216,116.6847066654793
machine,217,119.01792692562563
machine,218,120.21332642209319
machine,219,118.26755755807561
machine,220,119.78333916366029
machine,221,125.6872718013943
machine,222,120.66348261518738
machine,223,114.79716453679656
machine,224,122.73960356295781
machine,225,116.69752106518838
machine,226,122.09211350619398
machine,227,117.82888559321079
machine,228,122.43462240452439
machine,229,121.50575504473665
machine,230,121.5228819444533
machine,231,119.36056225588058
machine,232,118.50980993907349
machine,233,120.28983561906006
machine,234,117.86838885048022
machine,235,121.58821770739621
machine,236,119.0330883901342
machine,237,121.34828290182202
machine,238,121.40145035182218
machine,239,120.46665660555482
machine,240,122.10368974175267
machine,241,118.44210204663088
machine,242,119.35234106169897
machine,243,123.68210692052288
machine,244,125.78852276401568
machine,245,122.1158650666229
machine,246,122.22180427795644
machine,247,120.372635976121
machine,248,120.87501582197969
machine,249,118.10622326213559
machine,250,122.01311963830224
machine,251,123.56432239292398
machine,252,118.25687615482316
machine,253,122.63944159970069
machine,254,119.93688099026923
machine,255,119.79069641392586
machine,256,117.21858751672447
machine,257,114.461573574907
machine,258,118.9714808300852
machine,259,122.04883377479199
machine,260,123.17253126070125
machine,261,119.26221511447359
machine,262,120.79961595153873
machine,263,118.3530326123192
machine,264,125.25139902059894
machine,265,120.16129566446077
machine,266,122.62609538263465
machine,267,122.06229422686296
machine,268,118.6331103202362
machine,269,122.42882851702828
machine,270,120.7173332826716
machine,271,122.5582618567272
machine,272,118.10778649228905
machine,273,119.0838745023957
machine,274,121.7094965180985
machine,275,120.38588847768533
machine,276,121.80305065048759
machine,277,121.32729460860456
machine,278,123.48829536346038
machine,279,121.23546332929453
machine,280,118.73386830224707
machine,281,119.4024362196321
machine,282,118.27123653078672
machine,283,120.68601972629618
machine,284,119.72732057129605
machine,285,120.04283393033926
machine,286,120.74903176006065
machine,287,121.26936305331594
machine,288,121.28886932789167
machine,289,119.15698882315718
machine,290,119.02586969914715
machine,291,121.61504524590245
machine,292,122.16299114028037
machine,293,124.27713692447936
machine,294,119.28126910612096
machine,295,120.9907568336363
machine,296,120.87841396939194
machine,297,118.57587823154263
machine,298,120.61024938276526
machine,299,119.80203277745933
machine,300,119.71634976153595
machine,301,118.95602770643394
machine,302,122.60098730033336
machine,303,121.59675019106014
machine,304,121.48867657400284
machine,305,117.79092966152585
machine,306,120.41199029940547
machine,307,123.16856074996967
machine,308,117.90763775737314
machine,309,124.33052667397679
machine,310,119.00164309319226
machine,311,121.30517779721661
machine,312,119.46262196579791
machine,313,118.68009101215726
machine,314,123.71636774816399
machine,315,121.93462377442992
machine,316,117.79763307985421
machine,317,122.07241018667965
machine,318,122.97384890569039
machine,319,119.98500759294592
machine,320,118.55629450743446
machine,321,116.43666192799984
machine,322,118.39605437109806
machine,323,121.43366249036352
machine,324,116.01932514433713
machine,325,118.43360298704617
machine,326,120.19516848157927
machine,327,123.01578793324335
machine,328,120.85949571124333
machine,329,120.22639080834033
machine,330,119.10344189262412
machine,331,121.28965552221447
machine,332,121.68033821959202
machine,333,118.638847690356
machine,334,120.08415737458012
machine,335,121.45590797136003
machine,336,118.16885152158487
machine,337,121.33766342461283
machine,338,116.01335226748033
machine,339,116.58958819124143
machine,340,119.47524018751854
machine,341,117.15871113792457
machine,342,118.60925779716543
machine,343,126.48268331703783
machine,344,120.24679063920902
machine,345,124.72674848823442
machine,346,119.17362515303844
machine,347,126.0884182707142
machine,348,122.0043655140118
machine,349,119.42604392604115
machine,350,125.68075216166821
machine,351,120.15080827883378
machine,352,118.40283930576018
machine,353,127.17300732198036
machine,354,119.64789790826138
machine,355,123.78155649468454
machine,356,119.63480103484171
machine,357,121.09016939318799
machine,358,120.87260392867482
machine,359,118.67372794064582
machine,360,121.07714710933037
machine,361,118.01635713186107
machine,362,121.05220580202487
machine,363,121.26137376265258
machine,364,116.95314653268909
machine,365,124.42513682895229
machine,366,119.81311973966542
machine,367,124.24387249675324
machine,368,119.04603105400912
machine,369,115.5894129869666
machine,370,119.44286134047756
machine,371,120.3665800709876
machine,372,120.86453608259961
machine,373,126.88652274844318
machine,374,117.80006119991864
machine,375,120.12053237383304
machine,376,119.16375426816434
machine,377,122.87503895506646
machine,378,120.1640416006871
machine,379,120.98347910891911
machine,380,120.38327492244743
machine,381,119.50510065629119
machine,382,120.75837937846035
machine,383,120.10474949919951
machine,384,123.74849092500529
machine,385,121.11072957557964
machine,386,120.38708139523682
machine,387,119.6860650892565
machine,388,122.69566160459281
machine,389,119.55367060113088
machine,390,117.98151731774202
machine,391,119.77328611209485
machine,392,121.05273495600935
machine,393,126.5099294057691
machine,394,120.70418839346016
machine,395,124.69962791630724
machine,396,118.40790457630071
machine,397,120.25026119471747
machine,398,125.87955640429433
machine,399,117.19405879702427
machine,400,118.75178035180727
machine,401,122.4061117004932
machine,402,122.80408456915892
machine,403,115.67811799237684
machine,404,118.42942798155195
machine,405,120.05481894784431
machine,406,119.16294996566279
machine,407,121.81303163601717
machine,408,119.52983791601856
machine,409,122.09350832148931
machine,410,120.78575184699378
machine,411,121.90396273272637
machine,412,117.4672713634523
machine,413,119.6802049269453
machine,414,119.96346809905256
machine,415,117.67924980362099
machine,416,116.95552718879026
machine,417,120.45257191560705
machine,418,123.07863934672064
machine,419,121.22743229470336
machine,420,123.97501884047766
machine,421,121.60082347388801
machine,422,117.62681410411413
machine,423,119.27378553727017
machine,424,120.37557326160015
machine,425,117.44014913381837
machine,426,120.16543221513167
machine,427,119.66927165154434
machine,428,119.44025327421659
machine,429,116.80782559787059
machine,430,120.65729099791243
machine,431,124.2296854481309
machine,432,118.58335363121522
machine,433,118.40769184957689
machine,434,119.15787790778019
machine,435,121.42828040499762
machine,436,121.77278938441172
machine,437,119.0411281220289
machine,438,123.06005339102548
machine,439,121.64632344554904
machine,440,120.817529609591
machine,441,125.60489868944506
machine,442,119.1264091876576
machine,443,120.90598655243252
machine,444,120.0534625078554
machine,445,120.39417250676026
machine,446,118.57140180340984
machine,447,121.86518846822649
machine,448,121.67147470229787
machine,449,117.18997675603376
machine,450,120.95361805156293
machine,451,122.65485969782407
machine,452,124.11952538424661
machine,453,118.96824764623865
machine,454,123.94010534858792
machine,455,117.07321450842028
machine,456,121.88618947265746
machine,457,119.91881479690856
machine,458,118.09473430189232
machine,459,122.29631800508025
machine,460,122.4268297569681
machine,461,121.20531988216676
machine,462,119.24096522811513
machine,463,121.73669100616442
machine,464,121.24838928379194
machine,465,119.5842812285681
machine,466,124.33295897941936
machine,467,123.88473119903229
machine,468,119.92084154617635
machine,469,120.70904999408008
machine,470,119.87885132184263
machine,471,120.8422933922211
machine,472,115.7467646142118
machine,473,120.73484087589317
machine,474,120.35780153101385
machine,475,117.82774925263955
machine,476,118.8946674368427
machine,477,120.68053662743526
machine,478,120.9149990050718
machine,479,118.8778000629394
machine,480,122.73920978927681
machine,481,124.78678757302606
machine,482,120.28997435925743
machine,483,118.63500247613199
machine,484,126.00671012688456
machine,485,121.1778966655215
machine,486,117.65450819403038
machine,487,123.42394072258132
machine,488,121.11799119915399
machine,489,115.53281262254606
machine,490,119.42866506212906
machine,491,118.24037400575268
machine,492,119.02474379908902
machine,493,123.14620582208937
machine,494,125.84269846497624
machine,495,120.64776046121722
machine,496,125.2206902663254
machine,497,118.37697778562837
machine,498,122.74395072933719
machine,499,121.06860625610535
light,0,117.38825203532667
light,1,118.18590818822081
light,2,118.88285558796817
light,3,119.284183556295
light,4,118.23303793354856
light,5,116.44186724494577
light,6,115.27912448738391
light,7,116.42089999729343
light,8,113.99026944801112
light,9,115.80475391242737
light,10,118.20182032703461
light,11,119.58925476014606
light,12,116.14531872558689
light,13,121.33123001378794
light,14,117.28829213769187
light,15,119.89732715671511
light,16,118.09948393624055
light,17,116.04038631375519
light,18,118.79246033140329
light,19,115.1064207503374
light,20,120.6545933758766
light,21,115.78932769620063
light,22,118.74727537304301
light,23,119.76994711514718
light,24,124.07734027409435
light,25,119.05004779152168
light,26,123.77362596529431
light,27,118.56634730403806
light,28,117.60972405357866
light,29,118.70436389114691
light,30,118.59396728105926
light,31,118.02036292237308
light,32,123.22460864456883
light,33,112.9720192350413
light,34,116.69892654309535
light,35,116.51248625165151
light,36,120.11791268338993
light,37,122.64800759048168
light,38,117.05076754272017
light,39,113.13204464578561
light,40,119.50963347513365
light,41,123.33087999681942
light,42,121.25533808852916
light,43,117.09125229123491
light,44,117.70502225512871
light,45,119.09142982500482
light,46,116.89407728183086
light,47,119.23568900497531
light,48,118.77506128769978
light,49,114.47762917633845
light,50,116.98028633953139
light,51,118.26221557088294
light,52,117.55908232273555
light,53,118.44659597261085
light,54,119.7433278545469
light,55,116.42314966313559
light,56,118.1007081316789
light,57,121.13995548968227
light,58,118.29182416328368
light,59,115.28136442971248
light,60,116.92021833605182
light,61,120.69305258287204
light,62,122.67055103949059
light,63,119.13731826059934
light,64,120.79894961043378
light,65,116.59504304685382
light,66,118.86732447907261
light,67,118.379080352196
light,68,116.12479149471942
light,69,116.54847821350288
light,70,117.5216491194968
light,71,118.50753565135741
light,72,112.89458660593898
light,73,118.43985984965164
light,74,116.83556480768769
light,75,118.44425392467504
light,76,117.32250295802547
light,77,118.70866825777998
light,78,128.92337044200448
light,79,117.4032960905069
light,80,119.55333213758317
light,81,121.35082676186045
light,82,120.5089189342065
light,83,117.85954454393703
light,84,116.26645935220378
light,85,118.30286734246364
light,86,117.92765763577317
light,87,112.8773205094809
light,88,119.54053685469852
light,89,116.68547626019858
light,90,118.87927012448785
light,91,121.8926913338984
light,92,119.26384151606236
light,93,115.33452017924677
light,94,115.88268484344597
light,95,119.8291092698809
light,96,122.42448083757982
light,97,115.82396262509218
light,98,118.97393629268076
light,99,119.5550477110455
light,100,117.44192174973765
light,101,122.79211995427157
light,102,113.27575276940047
light,103,119.21253365946399
light,104,116.6716908055704
light,105,121.3576189000624
light,106,120.5480618383341
light,107,118.74420728426027
light,108,115.29538682542476
light,109,120.53190500402222
light,110,115.54303360022051
light,111,115.40779481048651
light,112,121.56133921548427
light,113,120.50911342599456
light,114,118.08078356714253
light,115,114.66785511544548
light,116,114.571384920098
light,117,118.7696201236564
light,118,115.02896374622307
light,119,119.02444046462399
light,120,121.51421929799267
light,121,115.9281601704978
light,122,119.01904740596969
light,123,118.75388567122407
light,124,117.15387651923714
light,125,117.9862564077645
light,126,121.62033274149198
light,127,117.93479312515416
light,128,116.60111361990668
light,129,117.54379821846645
light,130,114.83076916628765
light,131,115.29583316042935
light,132,117.74079049901314
light,133,115.88809653399727
light,134,114.74240570235861
light,135,115.5132717093035
light,136,118.43593611061843
light,137,116.74406174925136
light,138,117.15228341129259
light,139,118.56813535391883
light,140,113.86542869114294
light,141,119.80260993941758
light,142,120.66385937072475
light,143,118.71067423133877
light,144,117.06818347356472
light,145,117.00805018045497
light,146,116.02446315782214
light,147,114.43468930354368
light,148,118.92735655095964
light,149,116.12143367483945
light,150,116.64044917563355
light,151,117.09872318652457
light,152,122.93933139090672
light,153,113.91465986277846
light,154,110.41663279788918
light,155,114.05104502218566
light,156,120.59040965276722
light,157,119.02423294108428
light,158,119.92235774808748
light,159,120.3205865374809
light,160,117.59174203103203
light,161,120.7228121595937
light,162,120.08051050307127
light,163,119.85824281859847
light,164,117.31779550363252
light,165,117.65998826304016
light,166,116.80676695038446
light,167,117.34083676031166
light,168,118.72453927909024
light,169,119.11580597152332
light,170,119.64489964660297
light,171,117.17628391617541
light,172,118.62217591880129
light,173,119.31150570479736
light,174,116.69221197539923
light,175,117.013160769436
light,176,118.21167345917551
light,177,120.04368728546879
light,178,117.65023377341879
light,179,117.10778513765644
light,180,113.4532458298777
light,181,117.32345240910914
light,182,116.5076592050539
light,183,120.14590235083469
light,184,116.3314713678569
light,185,112.77240732028974
light,186,119.94416595638717
light,187,119.27973867460989
light,188,120.82831170437795
light,189,115.4247083186027
light,190,116.71569654934385
light,191,115.61189613659953
light,192,130.55641566701271
light,193,117.31939378610758
light,194,114.70355996327395
light,195,117.14742596366403
light,196,114.04524487935032
light,197,119.63850281811494
light,198,120.41953307551007
light,199,121.27223491886565
light,200,119.03443617252736
light,201,114.87651427435839
light,202,116.2400046181381
light,203,117.496586539345
light,204,119.8156370687709
light,205,117.26267631025738
light,206,119.46045969757016
light,207,119.14869292210113
light,208,118.1962854512575
light,209,116.20485061680763
light,210,119.13270001828684
light,211,115.68669464543734
light,212,122.83065361808332
light,213,115.08295332749121
light,214,121.38810859081272
light,215,122.9183500940189
light,216,115.95469786432086
light,217,119.48922430740593
light,218,118.27837322978965
light,219,118.61938449878491
light,220,117.70636389685927
light,221,115.22780038090067
light,222,119.9236803706328
light,223,120.1540887399013
light,224,113.7974821500276
light,225,118.83273830909107
light,226,123.30894826601913
light,227,118.03037724245713
light,228,110.84141084773782
light,229,116.86215423401296
light,230,118.97360702415472
light,231,118.03992173787807
light,232,115.79024634843285
light,233,116.6879846566652
light,234,115.41610448440582
light,235,119.4291774672043
light,236,118.9381158231986
light,237,119.35230882490482
light,238,119.07932255165501
light,239,120.63957059387195
light,240,120.3240030256378
light,241,114.89551094847307
light,242,115.22154873018829
light,243,117.63197674533339
light,244,118.63175541795297
light,245,120.21798889436941
light,246,120.31258731825353
light,247,117.214638714164
light,248,118.16220167627407
light,249,121.3292211058597
light,250,117.37900732428983
light,251,117.36336552112611
light,252,116.38342013283534
light,253,114.19976859948844
light,254,115.08289000127421
light,255,121.12668550121168
light,256,118.71688111977801
light,257,118.20735027614369
light,258,114.41997570686159
light,259,119.02607432114574
light,260,121.61733051912353
light,261,118.14832078663073
light,262,116.15519033848301
light,263,119.10010037084417
light,264,117.56292557354993
light,265,120.06755658764803
light,266,115.78827751646423
light,267,117.99185848236642
light,268,116.23044974258802
light,269,117.26539553890203
light,270,120.41815225680845
light,271,117.65479278450302
light,272,117.0689752602706
light,273,117.3174285101646
light,274,119.4652089014509
light,275,117.19728327046039
light,276,117.5600603214879
light,277,114.37529756210449
light,278,117.08548827852266
light,279,117.28537268141059
light,280,116.52588043026296
light,281,120.47120089176373
light,282,121.73504360192102
light,283,125.10643927477312
light,284,121.64778469471523
light,285,120.49615049323603
light,286,114.75478338646671
light,287,117.55407229247845
light,288,118.48485484736233
light,289,118.55773185200893
light,290,120.6835723087517
light,291,117.93977039002111
light,292,118.22056024228449
light,293,116.46706098282131
light,294,118.60382891305544
light,295,118.18110750112858
light,296,119.57246148586394
light,297,116.51614986579288
light,298,118.86509034694726
light,299,115.17120455375438
light,300,120.48505802518636
light,301,122.63017421821034
light,302,115.98950172932727
light,303,118.32332765080977
light,304,122.80790090033398
light,305,118.21307972529415
light,306,119.72199016321237
light,307,113.6987130527046
light,308,114.73168998545675
light,309,119.54439436342754
light,310,118.80517350279918
light,311,116.59632552400512
light,312,117.01890423581798
light,313,117.49457731250132
light,314,122.02609326722474
light,315,117.36716045073727
light,316,121.22201147086611
light,317,117.18524010054048
light,318,118.39670573171064
light,319,119.65496443455208
light,320,120.45302743671915
light,321,116.81415257084278
light,322,117.73520991108603
light,323,119.41429691022942
light,324,120.03910300784094
light,325,116.90792901945632
light,326,113.57542904486205
light,327,117.42714330564581
light,328,118.77657285897791
light,329,119.71549569464479
light,330,118.25751298841072
light,331,118.72311357170211
light,332,122.49905169178128
light,333,119.46850010001369
light,334,116.3974317577574
light,335,120.2505043240999
light,336,118.62573404899226
light,337,121.11982517211327
light,338,120.15199241549203
light,339,116.33825414310037
light,340,116.78251198871297
light,341,116.95504835508419
light,342,121.27796134326097
light,343,118.97743909278657
light,344,115.96874860348916
light,345,118.439109048879
light,346,117.88666415120541
light,347,124.35847422494153
light,348,114.80504789517741
light,349,117.22639125844549
light,350,116.8309864023191
light,351,117.93945730872967
light,352,119.30522972068513
light,353,120.78107422848154
light,354,118.95284160179045
light,355,114.88652944574989
light,356,118.28430355946034
light,357,118.00296608004214
light,358,128.20002171592822
light,359,117.56876346083926
light,360,119.15967145126449
light,361,121.54721991544386
light,362,116.07332770943756
light,363,117.75376480013368
light,364,119.6151073809315
light,365,118.90741684593166
light,366,121.21544964247148
light,367,117.2442327457102
light,368,119.76304179348077
light,369,117.12077582665768
light,370,118.93863673876443
light,371,119.18283743258675
light,372,115.6064476584955
light,373,116.58623771420179
light,374,119.73211981219467
light,375,120.30139514802545
light,376,117.5833823074667
light,377,115.56390566938326
light,378,117.06488653424043
light,379,120.66258300656192
light,380,117.26981689921242
light,381,115.59726064462616
light,382,124.0720806604557
light,383,117.59503207792714
light,384,116.16163585365709
light,385,124.08395462604133
light,386,117.37854556547889
light,387,116.3927200653942
light,388,115.5933522957234
light,389,115.25984666080065
light,390,118.53870716043926
light,391,119.78866824385537
light,392,116.81030061585092
light,393,120.51678455230186
light,394,117.2560744907978
light,395,117.76646442397596
light,396,123.796664580372
light,397,117.94342534111759
light,398,120.14801317370318
light,399,119.33210477433498
light,400,120.1990189400456
light,401,119.76730679124294
light,402,114.32928203620452
light,403,119.09495683627402
light,404,120.38141152113104
light,405,117.08666565395045
light,406,119.12213527238589
light,407,116.4999742979221
light,408,119.21915681496178
light,409,121.74300555657074
light,410,121.0847816839344
light,411,118.74845503637093
light,412,118.65416198935573
light,413,119.85743595893481
light,414,117.75459796859084
light,415,122.17905458682652
light,416,116.38666738115833
light,417,119.29840715776574
light,418,122.596342011893
light,419,120.07053040594009
light,420,120.33415138529897
light,421,122.74987437944117
light,422,119.19592364011335
light,423,117.30411343919276
light,424,116.82052429586132
light,425,119.31296069569638
light,426,113.01215188772011
light,427,117.3543091532949
light,428,119.68565262430828
light,429,115.17280500615226
light,430,118.327542495938
light,431,121.95305398729468
light,432,113.63948050703488
light,433,113.57391266508787
light,434,119.22836676735689
light,435,118.19116410053677
light,436,121.05610144112305
light,437,116.42967819243373
light,438,117.88607834802356
light,439,116.66066088093127
light,440,116.24351993001024
light,441,118.51429325540803
light,442,114.42540168288514
light,443,119.28816679338954
light,444,120.57800433866188
light,445,117.22680971898123
light,446,111.68205001499165
light,447,118.91136440361873
light,448,116.7237629090749
light,449,117.21344105399612
light,450,117.1388012346925
light,451,114.85170511705631
light,452,118.89939073336382
light,453,116.65476981157568
light,454,118.56122196055057
light,455,116.9720800504166
light,456,117.50345466456393
light,457,114.96451028407732
light,458,114.4183177557125
light,459,116.69078940838011
light,460,117.83930511089413
light,461,116.35187116999776
light,462,119.29259085945141
light,463,119.3381433591296
light,464,116.82955865095188
light,465,117.50895544097817
light,466,117.40569197034975
light,467,121.48862919618406
light,468,116.65448621830723
light,469,118.36090838242662
light,470,117.60318942538608
light,471,117.17979324093679
light,472,120.45376434336528
light,473,116.89610077493617
light,474,122.65744650805404
light,475,120.92216539044105
light,476,117.20196345341081
light,477,114.72023356023087
light,478,120.6227837023398
light,479,114.96339905729232
light,480,122.05620081384023
light,481,116.85274668126193
light,482,118.63361892969199
light,483,121.31996466621067
light,484,118.06086307288601
light,485,116.19788100139931
light,486,119.57413174377345
light,487,114.8439323900849
light,488,118.31685346849574
light,489,115.18010528069173
light,490,112.26412851402823
light,491,111.69218313627272
light,492,114.81027203810321
light,493,117.12726544215593
light,494,121.00204481072
light,495,116.9853520260975
light,496,119.05988345489233
light,497,114.65014504088649
light,498,115.34383278349793
light,499,116.36226421600024
art,0,123.19040997679814
art,1,120.40937042495565
art,2,122.37695803923042
art,3,115.05523937934252
art,4,117.36647198834855
art,5,118.41990397227504
art,6,122.41328392206927
art,7,120.06438352892094
art,8,122.80689156323581
art,9,120.96415636152085
art,10,121.08787248054276
art,11,119.46596717288145
art,12,119.70927332928976
art,13,120.78251919093879
art,14,119.76067179394445
art,15,120.35593361115406
art,16,120.37175446411881
art,17,122.23465924504144
art,18,123.57847555124266
art,19,119.82265216380024
art,20,124.85200507341546
art,21,120.57614685793041
art,22,120.91926171682132
art,23,118.2741765407815
art,24,117.76202942071794
art,25,118.71656255258162
art,26,120.18288885362924
art,27,118.2799072248666
art,28,123.11856920252544
art,29,120.49202611174097
art,30,130.8025210291738
art,31,120.47840577160002
art,32,122.51279466307778
art,33,126.50413487117542
art,34,120.87332906116896
art,35,121.24958383635484
art,36,119.76954377809679
art,37,119.7436687878513
art,38,123.66165448519521
art,39,118.84300824372873
art,40,119.19049612532595
art,41,119.0130273168553
art,42,115.16883980139451
art,43,124.68484055103406
art,44,123.34540515960501
art,45,120.94052359682001
art,46,120.84344917184855
art,47,119.51926550046277
art,48,118.00430253325705
art,49,119.99755489002368
art,50,116.36137636500641
art,51,118.57774301102401
art,52,117.01808328661151
art,53,116.86041674229035
art,54,120.35153701761921
art,55,120.58461926317325
art,56,119.36255943174856
art,57,121.51087936771728
art,58,120.54696486170869
art,59,121.4467874121725
art,60,123.79507350005352
art,61,117.66549313200699
art,62,121.26068896049915
art,63,120.93672217944014
art,64,119.14533160522087
art,65,122.65751812005792
art,66,125.04951198485126
art,67,119.22576955399211
art,68,113.82072999208378
art,69,117.53974538137828
art,70,120.69326964622502
art,71,120.72144800856057
art,72,119.73915508717765
art,73,125.4515692237051
art,74,120.21228941714217
art,75,121.9048865625656
art,76,119.40137734131035
art,77,125.95916318396017
art,78,116.78566808742139
art,79,125.4248823598942
art,80,118.6649567375684
art,81,120.10108270964388
art,82,117.48019462794458
art,83,120.75257593778788
art,84,121.9818859644263
art,85,121.28329272222842
art,86,119.4945257757426
art,87,120.22722554649509
art,88,118.07509455971048
art,89,121.303623547728
art,90,116.71030157623179
art,91,120.3460605174497
art,92,125.3817584454134
art,93,120.51073834759003
art,94,124.24593567153752
art,95,122.83143236177041
art,96,122.08723855848388
art,97,120.76406481620432
art,98,118.67658734815265
art,99,119.30993414296356
art,100,118.31140533891471
art,101,116.26652736450114
art,102,115.98649368627123
art,103,117.45836614865752
art,104,117.84141590617914
art,105,122.25281124070632
art,106,118.2780012701057
art,107,121.37197444199263
art,108,120.8678815294622
art,109,117.97088607216435
art,110,122.70366183028132
art,111,119.84920370077658
art,112,117.3796973277614
art,113,118.6142183148196
art,114,123.51019551635673
art,115,126.46990422433117
art,116,117.3259698647198
art,117,116.87566387946642
art,118,119.8051971686573
art,119,121.16105458021971
art,120,124.39453200407213
art,121,117.79155105696823
art,122,119.3606886985719
art,123,119.46142965700119
art,124,121.05964913877096
art,125,119.86658955194393
art,126,121.81929866303027
art,127,116.2211390923319
art,128,120.05542869095629
art,129,119.07043224963047
art,130,117.62771491911903
art,131,122.80074566860037
art,132,122.08476855912467
art,133,120.06976284776741
art,134,116.05200584735861
art,135,118.54232666566598
art,136,118.75145317163071
art,137,123.16701847490789
art,138,120.37356825089324
art,139,117.45839156261246
art,140,120.97487429222244
art,141,119.15017496326593
art,142,119.08342395278157
art,143,119.2963473060487
art,144,114.76574915884137
art,145,120.12549521901725
art,146,120.43559603353377
art,147,122.10836811056525
art,148,126.61939030233589
art,149,122.26956020997643
art,150,118.79868937301623
art,151,119.1854293450574
art,152,118.93067590932279
art,153,116.71895636549752
art,154,122.8799373222649
art,155,124.51178607943613
art,156,118.72296423013238
art,157,122.17173506696884
art,158,118.31690265227499
art,159,123.05914014310939
art,160,115.07539347631881
art,161,119.99240795576837
art,162,122.54005423795653
art,163,117.7963957351684
art,164,119.04795058668518
art,165,119.39994486286881
art,166,119.4546885049385
art,167,118.73868814420112
art,168,116.41286779369217
art,169,122.9390178306941
art,170,123.76143436029359
art,171,115.43424339427904
art,172,120.76556279665863
art,173,123.54463061106658
art,174,118.10870929453843
art,175,119.25360197229861
art,176,124.98875682661519
art,177,122.3519719388204
art,178,119.51128433074472
art,179,119.22311561038302
art,180,117.87915466930569
art,181,117.8974204486948
art,182,120.22717949362251
art,183,124.64481623714363
art,184,117.87784127484665
art,185,119.51893249993624
art,186,117.94624684405537
art,187,122.60670350852958
art,188,119.71078088842135
art,189,121.7701569760379
art,190,121.9164128681611
art,191,117.98651354146557
art,192,118.60893408338538
art,193,122.30466593019827
art,194,119.98044965824381
art,195,121.10456598383314
art,196,119.30756523439341
art,197,119.94183427699608
art,198,117.90310821662524
art,199,122.85735794930315
art,200,123.4047951119727
art,201,119.76546003452573
art,202,121.4812593128644
art,203,123.83665263800066
art,204,120.96211855696262
art,205,119.47420657220337
art,206,120.62045675306888
art,207,120.48088545957556
art,208,115.80515066353566
art,209,121.75557597743334
art,210,119.83194607326257
art,211,119.49701520627703
art,212,115.22042669873314
art,213,119.49008080672297
art,214,124.95910878839341
art,215,116.97171973085216
art,216,123.56118828515297
art,217,122.25130028932334
art,218,121.13685404511692
art,219,121.18230622222758
art,220,123.10945239299028
art,221,118.70909671743964
art,222,119.6010368661106
art,223,118.17434071142574
art,224,121.72442269971842
art,225,123.29112259026212
art,226,120.9547621666071
art,227,122.31570734606359
art,228,120.05950877692317
art,229,119.17697036815247
art,230,120.04505906351514
art,231,122.16637878226007
art,232,119.33760933932685
art,233,117.8102572150437
art,234,118.3281371369777
art,235,117.58945959151039
art,236,123.48976943122776
art,237,119.1871124860336
art,238,124.22133654939418
art,239,121.70488617927231
art,240,117.49651365014344
art,241,119.02432508522037
art,242,118.01767646805767
art,243,116.64565339902072
art,244,121.64844676932513
art,245,118.2184097495895
art,246,115.15997835702171
art,247,118.93970046940385
art,248,121.44553095347615
art,249,121.63980764362667
art,250,119.76238533675212
art,251,119.97077120987494
art,252,120.9655378750748
art,253,122.84152532319112
art,254,118.36978596944925
art,255,121.58067822638728
art,256,118.71798765973824
art,257,125.11119006415315
art,258,120.03866061160426
art,259,122.83003040445861
art,260,119.42324435852963
art,261,119.1987118355483
art,262,120.2934770588892
art,263,122.69069306942222
art,264,123.11146942443136
art,265,118.1718434394727
art,266,119.64667039066235
art,267,119.67859049103804
art,268,119.94168643577055
art,269,123.50140584585012
art,270,122.31149597494316
art,271,119.50154753381904
art,272,118.3778351352839
art,273,120.9075040596883
art,274,118.91238992878823
art,275,122.86491580570313
art,276,122.71098729991112
art,277,120.59755579140455
art,278,117.57132466553209
art,279,123.16563698660275
art,280,121.8384804616937
art,281,127.66273862448863
art,282,121.00165648231787
art,283,121.04029814029442
art,284,118.25611990893815
art,285,123.60017022115055
art,286,121.34275646790047
art,287,118.87155040698312
art,288,118.570651044463
art,289,119.82995704751336
art,290,120.42215372843418
art,291,119.490745475536
art,292,114.26026759329109
art,293,115.92422613769078
art,294,119.94346193929155
art,295,123.43702404257199
art,296,117.74977262796595
art,297,121.98699538894327
art,298,119.00791779304392
art,299,120.89478312857887
art,300,117.89999775869498
art,301,120.56192948424875
art,302,119.14581574267086
art,303,117.38907481998544
art,304,119.47576780672587
art,305,118.0963123026477
art,306,124.26423587404814
art,307,121.63738658368916
art,308,117.9282392881627
art,309,123.04156071641657
art,310,119.92453985635638
art,311,119.27399872029947
art,312,120.02360738769372
art,313,123.5334575402105
art,314,120.23665211737548
art,315,115.41379253966714
art,316,123.43588885069
art,317,124.6835639661027
art,318,120.42705762090633
art,319,122.10951285327405
art,320,122.11445825390174
art,321,116.8539917039839
art,322,122.60921735368453
art,323,122.19547194195897
art,324,121.20504511733465
art,325,120.19081448713595
art,326,120.7885430796525
art,327,122.53844193119198
art,328,118.9188463853263
art,329,118.9975790967641
art,330,122.38933097712635
art,331,118.27538910471111
art,332,121.81983754632415
art,333,119.0857268900776
art,334,121.42813713554676
art,335,118.36782234334271
art,336,117.63101922541152
art,337,121.53409608737763
art,338,120.21989543574634
art,339,118.30383428327902
art,340,113.61690594254898
art,341,120.3124151004918
art,342,115.86491676955666
art,343,116.31322931708982
art,344,119.1151087378366
art,345,117.72959930828102
art,346,122.44868215096838
art,347,122.4865067631787
art,348,123.36942942737711
art,349,119.64645660134303
art,350,118.37708861188251
art,351,120.42345205556389
art,352,122.41068562789368
art,353,123.49200188181622
art,354,119.37783442453383
art,355,123.18477631616224
art,356,121.4172275264387
art,357,120.57500131132765
art,358,122.14619744518642
art,359,118.96295051403847
art,360,121.56480672009131
art,361,116.86864871796445
art,362,120.33810350076688
art,363,119.97968707092978
art,364,120.5461617119391
art,365,122.81901818196397
art,366,122.2183539040559
art,367,119.3700630436777
art,368,123.45190811269984
art,369,118.840306460099
art,370,123.1459172153856
art,371,121.33178425379202
art,372,118.01819256289309
art,373,121.82400669851296
art,374,122.25938951626047
art,375,117.92968961647195
art,376,121.20996735319333
art,377,118.85134234437893
art,378,121.46958911113053
art,379,120.02295557823994
art,380,121.29719326854482
art,381,123.60426316128039
art,382,122.61966210535971
art,383,113.37198903152006
art,384,118.98289369727411
art,385,124.2059322409493
art,386,122.75814312782532
art,387,117.18210259327779
art,388,116.5605788144411
art,389,117.24646045786733
art,390,117.83845175144101
art,391,122.10109064574992
art,392,124.2613408738215
art,393,121.49262140014154
art,394,121.1240232108205
art,395,118.3839141873898
art,396,119.9230598239281
art,397,119.67956135107596
art,398,117.8363445491763
art,399,115.94478683972216
art,400,122.56224706597483
art,401,122.92405738321503
art,402,120.2589420460982
art,403,120.6742248474851
art,404,118.85369276980929
art,405,113.79035164111697
art,406,120.26084596495876
art,407,121.56910207745224
art,408,123.75531699746998
art,409,120.29553177629033
art,410,122.60664798383428
art,411,122.42103163444327
art,412,119.45505821502944
art,413,123.01818979581445
art,414,123.70298988471744
art,415,117.49840943490253
art,416,118.2688486253745
art,417,120.55878230110902
art,418,120.30094669638909
art,419,117.41743677940642
art,420,122.88680246446275
art,421,118.39342485572264
art,422,118.62393774010944
art,423,119.84539582657823
art,424,117.82680344010738
art,425,118.01579961994501
art,426,127.04976190198833
art,427,116.50320679778542
art,428,119.1761672337126
art,429,119.79804996332464
art,430,118.28599273417846
art,431,115.84603478774784
art,432,122.38561246348318
art,433,120.75182548428995
art,434,116.29580959532382
art,435,118.97531478095632
art,436,116.50183671561696
art,437,117.93155287004117
art,438,117.74298528224783
art,439,121.66178013046806
art,440,120.94706558914967
art,441,122.83535630885838
art,442,121.7128136394764
art,443,124.52445517141008
art,444,119.2401432393927
art,445,116.91108642677024
art,446,120.0250468215375
art,447,122.581316389701
art,448,124.60882163605665
art,449,125.96005550434468
art,450,121.6809067111086
art,451,121.72819120763975
art,452,117.96261855841368
art,453,124.53167571870239
art,454,117.57465690271809
art,455,121.42225561236673
art,456,117.04326800991561
art,457,119.36686558974223
art,458,118.97883645996967
art,459,119.96748685603873
art,460,122.60289580209704
art,461,125.02711548483492
art,462,119.97199601249977
art,463,120.18022425671194
art,464,116.31861247082038
art,465,113.34893997473745
art,466,117.83919246106838
art,467,122.82026597599318
art,468,119.92968106643175
art,469,123.21750875005854
art,470,120.90949981288581
art,471,120.60497554657734
art,472,121.18064794962937
art,473,122.4825468861255
art,474,115.57901607587655
art,475,119.19446641410161
art,476,120.86021266739534
art,477,120.73369926873166
art,478,119.00799194691076
art,479,122.17635921220989
art,480,125.12639115762347
art,481,118.52419132616276
art,482,120.52781758392335
art,483,116.23461215476776
art,484,117.41060380715436
art,485,117.15899093864675
art,486,120.70359287092671
art,487,122.43774021737515
art,488,116.75291803548735
art,489,118.37085695871146
art,490,121.17734014681483
art,491,122.96757802153088
art,492,115.57900504786629
art,493,128.44678699442224
art,494,118.53490760091954
art,495,117.17082154151441
art,496,116.15184774442349
art,497,122.86417582286523
art,498,120.11813336061847
art,499,118.37931810780556
music,0,116.06152611025335
music,1,116.09752474915118
music,2,115.51352343897459
music,3,117.14682493164423
music,4,119.05028985601082
music,5,118.59700653738696
music,6,120.32521176815855
music,7,121.2688687344509
music,8,119.0363678958727
music,9,119.43775532781686
music,10,116.40779325214379
music,11,117.8606478512005
music,12,120.49225753849669
music,13,118.47969204697013
music,14,115.92852211051192
music,15,121.45025787966242
music,16,115.87992204844109
music,17,116.22506354766445
music,18,119.70735176743432
music,19,117.62460632756418
music,20,116.13181019536636
music,21,119.04059700037035
music,22,115.95033861182753
music,23,119.89365383394414
music,24,119.19631962696396
music,25,118.57806756891223
music,26,119.37765311932729
music,27,119.25248773925776
music,28,123.45044494934871
music,29,116.67462957593871
music,30,120.20069416695395
music,31,123.63747421781632
music,32,120.30219914426678
music,33,117.01986142265659
music,34,116.80623907484338
music,35,120.34250451752497
music,36,117.38579543665632
music,37,116.8571013255534
music,38,120.90613858977643
music,39,115.40653010728079
music,40,119.61518191575824
music,41,114.41588814855213
music,42,116.6721451140481
music,43,120.69406693951741
music,44,117.478284327609
music,45,114.56258710831871
music,46,113.9900231796583
music,47,117.46820596128144
music,48,118.08427760888311
music,49,115.447426687348
music,50,115.16990862999454
music,51,119.3733826395628
music,52,117.8799664350742
music,53,115.25841948604749
music,54,115.1453713479679
music,55,121.2537141226193
music,56,116.30350015845781
music,57,119.40212116558892
music,58,117.09300946833712
music,59,119.88105885294529
music,60,121.62112044481196
music,61,117.53575455352829
music,62,116.61035369139306
music,63,114.17758559520475
music,64,112.91769686437812
music,65,113.55262577405884
music,66,115.02898571315924
music,67,120.25259920237157
music,68,119.98909383537828
music,69,118.93525691197344
music,70,117.18495637860687
music,71,118.31761144028849
music,72,119.74660062348093
music,73,118.83495547873653
music,74,124.46666242243427
music,75,120.13443514131268
music,76,113.2202216526889
music,77,121.38245362678215
music,78,120.23989514029638
music,79,116.22252066659458
music,80,117.28313165768964
music,81,119.42152247136126
music,82,117.18735953756456
music,83,116.52296554479649
music,84,115.85257419314784
music,85,115.07286869659568
music,86,118.70745685829081
music,87,118.06820753116003
music,88,115.6102512817359
music,89,115.4704167874193
music,90,118.09508111823106
music,91,115.88019525264433
music,92,123.82201317140884
music,93,117.18169978391022
music,94,119.90117146502246
music,95,116.45081148920053
music,96,117.24251616233887
music,97,118.09192074028698
music,98,118.68747784472238
music,99,116.9229400105659
music,100,118.26156507066763
music,101,116.44823051180542
music,102,121.90795097330623
music,103,118.67342045144498
music,104,115.73245334264595
music,105,115.74579247110847
music,106,117.10563484126781
music,107,114.92208107906667
music,108,123.71194637232048
music,109,119.18173853227889
music,110,118.00240305050735
music,111,118.78118740484376
music,112,117.29341588224145
music,113,119.324989175074
music,114,113.8778885961806
music,115,117.31129390208557
music,116,115.3822726283453
music,117,115.43435750135593
music,118,121.18546644286899
music,119,120.54066134253259
music,120,115.87346869663587
music,121,118.12043684857979
music,122,116.4435500430017
music,123,116.80497883914585
music,124,118.9663771104885
music,125,114.87717159815784
music,126,115.40916720633336
music,127,120.62207169942354
music,128,113.18197200934235
music,129,117.99186227259675
music,130,116.82371012882804
music,131,115.95454309328434
music,132,119.67262497059212
music,133,122.57561145887152
music,134,112.79097399116739
music,135,119.2016865269318
music,136,117.01497100663096
music,137,115.9935997389882
music,138,115.52799197407602
music,139,119.31882578482605
music,140,121.03721064893764
music,141,114.47750298548276
music,142,123.72791304298207
music,143,117.05216224814615
music,144,116.54902949364225
music,145,120.92803370344103
music,146,117.69397287511268
music,147,118.56651910408405
music,148,115.08582255835731
music,149,119.7014105709235
music,150,117.71773570560981
music,151,115.9723382554306
music,152,117.570183006161
music,153,117.57046153081963
music,154,117.46638753361718
music,155,117.82130028498261
music,156,116.74300055624471
music,157,112.93280995221396
music,158,120.90905013345505
music,159,115.87738491632167
music,160,116.81488166982064
music,161,116.82314344509473
music,162,117.54087597648082
music,163,117.07093849114489
music,164,117.85921860981219
music,165,113.39940722787098
music,166,116.66998805040774
music,167,118.85300160567591
music,168,114.2594850720733
music,169,118.23052212734677
music,170,115.80594822250134
music,171,119.07815808107212
music,172,117.79732512000245
music,173,118.95901146459704
music,174,121.0230432765325
music,175,115.97721469352844
music,176,118.25075635112381
music,177,116.39725274081496
music,178,122.17302291507627
music,179,118.49605829586997
music,180,116.08407436831591
music,181,121.26716539629996
music,182,118.28763331994432
music,183,118.9261300554869
music,184,120.83913128372697
music,185,117.3211131365687
music,186,116.0107211204352
music,187,118.2414720964369
music,188,113.96231070614509
music,189,122.21647418407106
music,190,116.16411079638182
music,191,115.90326338413834
music,192,124.26752439243072
music,193,118.8345659913298
music,194,116.7212997260318
music,195,124.94169015707539
music,196,120.58920284006909
music,197,118.65489347398506
music,198,122.66398356802061
music,199,117.73442764269468
music,200,119.29802573523796
music,201,117.72914501262942
music,202,113.60920696606004
music,203,119.00353750922858
music,204,115.81733074581977
music,205,118.58330448228452
music,206,119.528720066706
music,207,118.87648619571287
music,208,115.36204426298053
music,209,119.38609372401731
music,210,115.60882933296395
music,211,119.98174918513871
music,212,113.28077434587898
music,213,116.09940635598386
music,214,116.24850540840133
music,215,117.61984661889613
music,216,114.9566276720553
music,217,115.13128222934976
music,218,117.07369007658002
music,219,114.18793745741094
music,220,119.03926281480683
music,221,115.87493124571857
music,222,117.01406291343244
music,223,121.47550087880224
music,224,115.5704955318896
music,225,119.69237325683825
music,226,118.13493245727994
music,227,119.8407436145674
music,228,120.60318574874933
music,229,117.68487270893027
music,230,117.53492986904459
music,231,120.76390176672065
music,232,117.40425893292141
music,233,116.3103748544176
music,234,117.11501091711547
music,235,117.88252995493332
music,236,113.45049938822476
music,237,115.59202992516144
music,238,122.6659684370779
music,239,117.11627904700701
music,240,117.15788278726134
music,241,116.06948958550056
music,242,117.6949876257497
music,243,118.32419253817932
music,244,116.87109640277791
music,245,117.95840886155446
music,246,114.7119388767051
music,247,114.71831046598761
music,248,118.20763359897775
music,249,120.11562997505187
music,250,114.35170300494319
music,251,118.9612534324249
music,252,116.39439390263549
music,253,117.12770241388739
music,254,122.73226966030622
music,255,112.90114418495752
music,256,118.02202726296723
music,257,115.29272896978438
music,258,117.42403280507632
music,259,123.05014424424338
music,260,117.23333253265977
music,261,114.6690310217543
music,262,119.89697511761845
music,263,122.29576958164365
music,264,118.4585806553176
music,265,117.66764934995797
music,266,115.27799453166506
music,267,114.04151477019515
music,268,116.06290217213548
music,269,119.93719770427738
music,270,118.44931533577667
music,271,118.7287715458631
music,272,117.63309323067834
music,273,115.96054056024518
music,274,118.9048194975921
music,275,117.95209095220447
music,276,120.42573103225843
music,277,116.70137121613209
music,278,115.86496023996094
music,279,115.51923539743972
music,280,116.24608234626534
music,281,114.68216989339072
music,282,118.334347783123
music,283,119.0525717219245
music,284,116.8173843593843
music,285,118.49221234775705
music,286,118.80762690197024
music,287,120.17400808298413
music,288,117.23552566746578
music,289,119.67312596972961
music,290,117.0150523734804
music,291,116.87042475181933
music,292,116.82426141858717
music,293,115.45401811961646
music,294,117.33399075532371
music,295,122.83422423254054
music,296,116.23919187327955
music,297,123.70640306862781
music,298,118.2535584459062
music,299,118.52623086394698
music,300,114.15063952850983
music,301,115.89468044214415
music,302,121.18694730622828
music,303,115.9521055713277
music,304,119.34203869303741
music,305,121.64693037929493
music,306,121.83175319241009
music,307,114.48346744577438
music,308,120.31218207028225
music,309,118.02846715436073
music,310,119.1838607130853
music,311,116.97590952143841
music,312,115.67072203746153
music,313,118.03920628944726
music,314,117.46128090256711
music,315,121.47551204989162
music,316,115.11019036920285
music,317,118.04364865128304
music,318,115.21040861019046
music,319,122.43655188669503
music,320,117.83521348880437
music,321,117.74773485111585
music,322,113.21416516511403
music,323,117.0709019028628
music,324,120.77392408876035
music,325,116.48843397403552
music,326,116.37365275622504
music,327,121.56603968619335
music,328,119.81373712170952
music,329,120.84286968516696
music,330,119.59597430659431
music,331,114.56519167442454
music,332,121.36812837074248
music,333,116.90237605845779
music,334,115.7596035378543
music,335,121.08361054507255
music,336,117.69073156244805
music,337,114.04515386641536
music,338,118.94285138003274
music,339,113.68052256306001
music,340,118.79471766537807
music,341,113.61657235558337
music,342,116.8119957276716
music,343,114.79612339328476
music,344,118.50358801911409
music,345,117.49479185078438
music,346,115.3720863587154
music,347,119.01215698246143
music,348,117.1182777602917
music,349,121.66322714588915
music,350,111.95102390109324
music,351,120.19578686958911
music,352,113.10245873995541
music,353,119.63130178555494
music,354,115.14656008697327
music,355,116.08001281565888
music,356,119.95962149122457
music,357,117.4553185578571
music,358,120.09159891869075
music,359,123.81414650005098
music,360,120.14839494417569
music,361,119.17214233721036
music,362,118.14138100374329
music,363,118.4445068282312
music,364,118.57075687240352
music,365,117.675547483647
music,366,113.97365220700418
music,367,116.80330253191525
music,368,119.56122765319321
music,369,116.8369109446447
music,370,118.47438045346937
music,371,111.94112057527748
music,372,118.38275262189437
music,373,119.2224544505601
music,374,116.84861574297112
music,375,117.66088873916618
music,376,117.38389329228052
music,377,117.24281897318478
music,378,119.18385913311462
music,379,118.22611317351586
music,380,120.33362204304869
music,381,118.95491782203638
music,382,116.90696251736463
music,383,115.25110468534376
music,384,115.45563063466192
music,385,119.1846234475173
music,386,115.45525685625402
music,387,115.85038231010626
music,388,116.45504700276189
music,389,120.38288246071464
music,390,125.46650846985673
music,391,116.38146366809856
music,392,116.43343209769499
music,393,115.34130463292482
music,394,119.82846073841667
music,395,118.39820367014376
music,396,117.87918343724806
music,397,117.77455137660884
music,398,116.92666580213913
music,399,116.59542260005693
music,400,117.68995002850029
music,401,119.32636480336744
music,402,116.15452448288619
music,403,117.58918685610755
music,404,123.01641446485438
music,405,123.34962218575598
music,406,113.99882271710887
music,407,115.1525318634171
music,408,120.22668416733926
music,409,119.3663861035986
music,410,115.85065741400162
music,411,115.79586505712432
music,412,113.80760398674967
music,413,114.63086287021163
music,414,119.4908203615258
music,415,121.10082208775599
music,416,116.04924808486807
music,417,119.47199737205261
music,418,116.68298048832469
music,419,121.41972501464487
music,420,117.97975043168829
music,421,117.7437683242319
music,422,117.82276993722482
music,423,120.39946139729969
music,424,118.33481100083361
music,425,115.19414394792864
music,426,115.7285663257868
music,427,124.40023509216334
music,428,122.88960031380955
music,429,117.08605230610118
music,430,117.17243183776993
music,431,115.84984216806755
music,432,120.75023798630897
music,433,120.44250128809115
music,434,116.5174662708673
music,435,120.1604334436661
music,436,116.77252605824798
music,437,116.47757226519191
music,438,118.28950886822027
music,439,121.1294130186253
music,440,119.00883882529567
music,441,121.04192208117273
music,442,120.28069571950088
music,443,117.03568352751034
music,444,115.25309569755193
music,445,116.29066728383886
music,446,117.71800323427925
music,447,122.3272811008057
music,448,120.45675535298395
music,449,116.78370210120647
music,450,116.1635813757758
music,451,117.64462563281313
music,452,119.30277676724272
music,453,113.985777459227
music,454,121.75711573440655
music,455,118.8149785279339
music,456,118.37674916323328
music,457,119.32244335078795
music,458,118.74341690983317
music,459,113.54113778351372
music,460,115.82016320598012
music,461,117.38951169731067
music,462,113.39648737573627
music,463,121.0028600261291
music,464,118.05946559067226
music,465,117.70245198109524
music,466,117.8435802539948
music,467,122.2685604222566
music,468,113.71807141882395
music,469,117.37032139332871
music,470,119.98897344744961
music,471,120.89848378160835
music,472,118.70939802785276
music,473,119.45234196429035
music,474,118.51916544593696
music,475,119.05380045008135
music,476,116.50059306684359
music,477,118.03464077615222
music,478,114.89598402827477
music,479,117.62301822595798
music,480,122.55743403556791
music,481,119.12387231968926
music,482,122.12098822614767
music,483,125.58190284712474
music,484,119.01804114615932
music,485,114.73801581774079
music,486,116.00981256515995
music,487,122.7223679819091
music,488,117.39081394046956
music,489,114.09322436393636
music,490,112.62002959980133
music,491,118.03479906247567
music,492,116.77546277345702
music,493,123.87836404911639
music,494,113.94361545149216
music,495,118.97673253457468
music,496,116.55439966735453
music,497,117.20565135888748
music,498,117.77401577994533
music,499,125.71540410585678
river,0,118.08460093321733
river,1,118.9077777571374
river,2,117.65860871800145
river,3,120.26606870206595
river,4,122.00154369308076
river,5,121.38868698170377
river,6,116.76816250479472
river,7,116.9090996148453
river,8,118.14296616073392
river,9,121.54439244588676
river,10,119.9123580008197
river,11,117.6831543210879
river,12,123.86525490057043
river,13,114.49751502246295
river,14,117.1760570131885
river,15,119.08632616669162
river,16,124.40141885302548
river,17,115.95117824413019
river,18,120.56257803723891
river,19,119.37405127839614
river,20,117.41603645118464
river,21,122.01344396200153
river,22,121.53309102818525
river,23,119.72192468820171
river,24,117.69532902452326
river,25,122.56407573935049
river,26,119.57889000685743
river,27,121.88952184741663
river,28,125.0839288103905
river,29,121.86972651489083
river,30,120.11398798732161
river,31,118.49902669079435
river,32,122.09950958367328
river,33,118.82991123717268
river,34,119.05568051753099
river,35,120.33643664919266
river,36,118.02838111828031
river,37,118.65813456704673
river,38,117.76689585859876
river,39,119.43451490978599
river,40,117.68099281033015
river,41,120.61141845797164
river,42,123.56746681260333
river,43,121.02884853537665
river,44,121.30037767354618
river,45,119.71720221926307
river,46,124.79761994512127
river,47,122.0786791284977
river,48,116.33861476628593
river,49,117.45196728400364
river,50,117.93687314128489
river,51,118.751650667128
river,52,122.56118931996318
river,53,120.44372681453821
river,54,121.90784717264785
river,55,120.29132231902537
river,56,119.17905754154306
river,57,120.42011035615263
river,58,119.63791686702108
river,59,123.81849020574323
river,60,116.6717498998868
river,61,118.2385223564816
river,62,118.05977382378596
river,63,119.38203155702544
river,64,120.29166385811413
river,65,116.02592276817315
river,66,120.00658526673804
river,67,115.67310341291024
river,68,118.73185686240623
river,69,119.48428925744963
river,70,122.66394787764305
river,71,122.48655884505852
river,72,117.93484651764774
river,73,124.03403103896848
river,74,116.93446552132671
river,75,120.17537574417523
river,76,120.77313304943851
river,77,122.65236026187902
river,78,120.99478534305008
river,79,120.28019432772754
river,80,124.54281101721574
river,81,119.39852548487981
river,82,117.46336735376349
river,83,117.67489492317118
river,84,116.04300091077675
river,85,121.80977683235335
river,86,118.67205281694105
river,87,114.20474206575213
river,88,121.21065709207228
river,89,119.41717368937366
river,90,115.8858432724463
river,91,121.4451982351878
river,92,121.41631295012618
river,93,123.09649865410246
river,94,120.48459455043184
river,95,117.4617249883067
river,96,117.18454803575764
river,97,120.45236504969652
river,98,118.21730269127939
river,99,120.87790575164516
river,100,118.99016646757335
river,101,124.59736162706452
river,102,118.09128688677339
river,103,116.14777548620019
river,104,119.4163969315189
river,105,118.71912587281659
river,106,116.47929096449225
river,107,115.38457828952708
river,108,122.52872183845014
river,109,120.1599323084907
river,110,116.71048681513948
river,111,116.91829387832439
river,112,118.05920238944812
river,113,117.38340008490955
river,114,121.86842874348058
river,115,120.14599193597417
river,116,119.91376445730538
river,117,115.59996933201178
river,118,119.740687296442
river,119,119.94166410988869
river,120,122.74900380676361
river,121,121.11268610316247
river,122,119.23108533715659
river,123,120.05456737903819
river,124,119.56943959755057
river,125,119.70234579138797
river,126,119.60287812749948
river,127,120.2638834729822
river,128,117.6964332766042
river,129,119.99167349055244
river,130,123.0174113101133
river,131,119.6124198692564
river,132,118.6441719210004
river,133,118.10631950008266
river,134,114.06812616749941
river,135,120.66271721758419
river,136,117.52998496395404
river,137,120.01694674943424
river,138,121.30991621270427
river,139,118.51619477294322
river,140,121.24478569392683
river,141,114.72399308038152
river,142,117.58784288234445
river,143,117.51103345459055
river,144,117.81033116505242
river,145,119.00086082640978
river,146,123.61747438993756
river,147,119.0780509357707
river,148,117.9054928218319
river,149,115.28686622611247
river,150,120.94227607909151
river,151,123.6577999441072
river,152,120.48229462273063
river,153,116.6281367082388
river,154,113.11370227076118
river,155,118.67887109057231
river,156,117.65581700041837
river,157,118.14509137542848
river,158,119.40792123916815
river,159,118.5607413982678
river,160,120.7678758014622
river,161,116.97465776066218
river,162,122.073261976788
river,163,120.49589150850007
river,164,118.88492413974807
river,165,120.2988974552459
river,166,121.84754933970277
river,167,122.22074419534528
river,168,118.33662044557225
river,169,118.1079558520985
river,170,116.95942565747188
river,171,120.15080498190176
river,172,119.23136311586894
river,173,118.72533639149326
river,174,114.14530688693895
river,175,116.9808087768954
river,176,123.55327066004035
river,177,119.5840594609854
river,178,117.61450334267516
river,179,119.46544876265996
river,180,117.56964101823672
river,181,118.44086175524473
river,182,123.10935897775452
river,183,126.02614330593924
river,184,117.87877483917339
river,185,121.55638330070097
river,186,120.65772620218402
river,187,120.48647910415862
river,188,126.6829032717705
river,189,118.44537022504495
river,190,116.66556990835973
river,191,121.00993607515498
river,192,117.96482280641986
river,193,123.43752404632416
river,194,122.62000659701029
river,195,120.8109282423862
river,196,117.2108533116587
river,197,117.76457938318201
river,198,120.73431716054175
river,199,121.5550752290834
river,200,117.60480113399115
river,201,118.9675912814374
river,202,121.43220634890962
river,203,119.1531993738738
river,204,118.00576851890372
river,205,120.79194351757363
river,206,118.91252178475717
river,207,117.46985729528798
river,208,121.38263116094683
river,209,117.83228135131209
river,210,118.42622929619608
river,211,121.34780937670978
river,212,119.75444250084301
river,213,119.22077751373972
river,214,118.04422173960893
river,215,118.05553598927361
river,216,119.79041654000852
river,217,114.1485099424181
river,218,118.46278351409636
river,219,115.56248284104088
river,220,123.55286054889008
river,221,118.47810271958035
river,222,117.19413250109486
river,223,111.38625978910987
river,224,115.90005345334144
river,225,119.25196981351829
river,226,118.3028483614762
river,227,122.10128271489063
river,228,123.1280798715602
river,229,122.0042498150749
river,230,118.3459727711915
river,231,114.91479462251719
river,232,119.32505657881778
river,233,121.4706876373145
river,234,119.67461702197757
river,235,119.5153534713897
river,236,122.22575827406534
river,237,118.29317348870572
river,238,121.87181042453659
river,239,116.72750114096095
river,240,118.90000515947494
river,241,122.35317514408091
river,242,119.54831763001121
river,243,117.16747843564725
river,244,123.37670354032606
river,245,120.48336448174359
river,246,124.61361200253138
river,247,121.19764598562237
river,248,117.16221800736106
river,249,118.38490551522895
river,250,120.97570740000398
river,251,121.0407854964167
river,252,117.01135802882459
river,253,120.57546587409422
river,254,120.55660816212443
river,255,121.82248641695332
river,256,118.11025811759524
river,257,119.0561054570723
river,258,118.70320066058146
river,259,121.5146342558949
river,260,114.3278391594134
river,261,120.6744973896167
river,262,119.2173146017924
river,263,124.64114856702835
river,264,119.75017863702153
river,265,119.98489456151273
river,266,119.78425372411361
river,267,118.95567208561346
river,268,114.03090736961758
river,269,119.73538087390043
river,270,118.10244140637406
river,271,123.25623042234378
river,272,121.63054647138587
river,273,121.40098991662059
river,274,115.97710757655786
river,275,120.44389711665988
river,276,118.72862711061516
river,277,117.37908259305243
river,278,118.33627616002804
river,279,117.80604007667708
river,280,122.7627494810614
river,281,122.872370312974
river,282,120.2625974433173
river,283,120.38136309730079
river,284,120.56079554278026
river,285,120.11820740034989
river,286,125.2046045409861
river,287,118.60331319573754
river,288,118.7090104143335
river,289,118.61110201748954
river,290,118.5399688780884
river,291,117.91987291468595
river,292,122.95286357503072
river,293,117.02187595605965
river,294,120.43675422225044
river,295,121.60252369113742
river,296,115.6144478078178
river,297,119.81482959941812
river,298,119.83623359399604
river,299,119.7358061263629
river,300,118.748162984276
river,301,123.2240555551074
river,302,118.06978190992565
river,303,117.34735546491473
river,304,115.45375480220372
river,305,118.14888548927962
river,306,123.4551151008106
river,307,121.2133338670102
river,308,122.54128984224022
river,309,122.71356103157991
river,310,121.88312576031741
river,311,119.06315937742409
river,312,120.89413497829169
river,313,122.10628822143603
river,314,120.64541177798847
river,315,120.16068089783474
river,316,121.55664764718297
river,317,121.79933511593721
river,318,117.57034071097554
river,319,118.55704214537485
river,320,118.09334689720632
river,321,123.27290862486468
river,322,121.96281292061542
river,323,119.69999662525979
river,324,118.93452818443404
river,325,118.76945387555165
river,326,119.90187172793225
river,327,118.77866955944452
river,328,116.06949255616156
river,329,122.0197460560085
river,330,116.12158015270329
river,331,119.52414248992554
river,332,118.37415484999295
river,333,119.87519158480178
river,334,124.4121016705316
river,335,121.21591289416894
river,336,118.22232121028715
river,337,117.85627151923552
river,338,120.62003026335404
river,339,121.23307161803294
river,340,119.02298389948068
river,341,116.99001391782156
river,342,117.6912423508502
river,343,120.11757203402138
river,344,114.29400851905076
river,345,119.24743526783843
river,346,112.88818217894804
river,347,118.50567310507516
river,348,117.6440937325195
river,349,122.2224339085747
river,350,119.62303449111442
river,351,119.71136665488345
river,352,115.18525290994847
river,353,121.4192788458058
river,354,118.30973011647659
river,355,117.8759540895268
river,356,121.90545899164546
river,357,115.6725493249026
river,358,116.75353595926833
river,359,123.03181492068049
river,360,120.74498800337356
river,361,122.7575819710335
river,362,117.28089314138053
river,363,119.81788576324013
river,364,120.51037270734359
river,365,117.9187368647031
river,366,116.28435483946085
river,367,117.60486448814291
river,368,119.83525424704413
river,369,117.59129805747072
river,370,116.59170851642422
river,371,118.37719969850941
river,372,124.22560149355814
river,373,121.37782860774652
river,374,116.82508566119509
river,375,119.58061567972607
river,376,120.887009888536
river,377,120.26511688048649
river,378,120.15438636355296
river,379,120.14421710736252
river,380,116.99271586904223
river,381,116.83176149012004
river,382,121.94964830164174
river,383,116.64132430617539
river,384,119.75621434490485
river,385,122.68688531656362
river,386,121.50225298210873
river,387,120.78448061108098
river,388,123.12556771619161
river,389,120.83662661158279
river,390,120.37922130441778
river,391,117.21854130784679
river,392,121.30348579005243
river,393,120.79983193635894
river,394,115.12603123212774
river,395,120.53176038819669
river,396,119.77229902083101
river,397,121.54571042612649
river,398,120.21928754430806
river,399,119.87859665302906
river,400,119.33012530772325
river,401,116.09810196355753
river,402,116.42515115738607
river,403,122.04816166720617
river,404,118.0360523988249
river,405,116.47105585371436
river,406,119.18723122333961
river,407,120.90238962771073
river,408,117.62776989393988
river,409,116.73604468606172
river,410,115.83725342451099
river,411,119.46108280269439
river,412,122.28088430042791
river,413,118.05440535823091
river,414,116.95822510964543
river,415,120.77038865174659
river,416,124.89999355382047
river,417,117.01051494227228
river,418,117.71869644041968
river,419,121.5265856863964
river,420,122.32385362785263
river,421,122.1995933165569
river,422,115.54864345673754
river,423,119.90883924913844
river,424,114.49647638411238
river,425,114.97248783122309
river,426,113.42771050406819
river,427,119.1746770529109
river,428,121.69501377278237
river,429,119.73468760864152
river,430,121.07641403246305
river,431,119.82296631122576
river,432,120.73865223219384
river,433,116.31508349096961
river,434,117.13711350330338
river,435,119.54794357481464
river,436,121.22214958714834
river,437,119.5036917782494
river,438,124.08933039094168
river,439,119.30684278032973
river,440,119.9089357628343
river,441,118.78553724037712
river,442,124.07499733066525
river,443,117.96049827417394
river,444,120.20877944136168
river,445,122.57393014647839
river,446,120.87721154750484
river,447,118.5632456992997
river,448,119.69659239195825
river,449,122.00292138133813
river,450,120.91362056064338
river,451,118.69133312203294
river,452,120.0340379046827
river,453,115.59102704064206
river,454,121.2419309267865
river,455,119.79056220440982
river,456,113.03900624999889
river,457,117.43758661557887
river,458,119.84671235322277
river,459,120.62126698231133
river,460,119.86327053163296
river,461,118.46806652970396
river,462,116.95287756215218
river,463,123.0786665510333
river,464,117.2935103786878
river,465,119.8171877817026
river,466,118.96680581999459
river,467,118.96596299474236
river,468,118.93125232760262
river,469,120.86489712484195
river,470,119.23757502329073
river,471,117.34178232845413
river,472,117.93496414045251
river,473,117.6807751291275
river,474,117.21787767313643
river,475,120.2564255060503
river,476,117.45619642038079
river,477,117.85279794197817
river,478,120.82117771460166
river,479,117.93718435592804
river,480,117.74901259610505
river,481,115.57196931598384
river,482,119.561464251436
river,483,121.72195840593628
river,484,115.37351887714615
river,485,116.2906306000656
river,486,118.11494529319863
river,487,121.37170927113476
river,488,119.43331721618429
river,489,118.96516400078394
river,490,119.78884487751185
river,491,119.95992260398242
river,492,119.40396763914536
river,493,122.34775513261968
river,494,118.48766307389857
river,495,118.79874252484922
river,496,121.12241028474283
river,497,122.21413574601385
river,498,121.93089143230343
river,499,122.27784434351243
time,0,117.69037651468979
time,1,119.84230047210119
time,2,116.82621127965223
time,3,117.81266585032724
time,4,119.23959132900268
time,5,116.40446404047276
time,6,116.54038198820531
time,7,116.2359489640251
time,8,115.34486689666126
time,9,121.40766420427609
time,10,117.99251288923749
time,11,118.93609913709808
time,12,113.52651179899287
time,13,115.03349548693846
time,14,117.83609039142391
time,15,114.09596804663803
time,16,113.89290275937714
time,17,120.47237975701842
time,18,114.0336908997292
time,19,114.31470569272342
time,20,112.3108044588753
time,21,115.55848768798857
time,22,116.24448513261352
time,23,117.67771800475202
time,24,117.58972826772577
time,25,116.88720942089587
time,26,117.86496704695826
time,27,114.93770878484
time,28,118.60501294951919
time,29,115.20500943667086
time,30,114.59767399964758
time,31,119.22977835962534
time,32,115.6916129897604
time,33,119.29869426676787
time,34,118.95643591142499
time,35,120.8619879999959
time,36,119.0147816171397
time,37,119.23686000736377
time,38,117.18170722018671
time,39,116.01685184084583
time,40,116.86173344348043
time,41,117.80625245968707
time,42,118.13660396847392
time,43,115.48465578748603
time,44,116.96684522308989
time,45,115.75141896892391
time,46,116.00490491745165
time,47,117.6654177983816
time,48,114.93768165678256
time,49,120.82408682581234
time,50,117.20755063453502
time,51,117.22963086085826
time,52,117.50310038488898
time,53,118.23505280033882
time,54,118.13301467577821
time,55,117.46572559913244
time,56,117.73567926266963
time,57,120.55775488372811
time,58,117.83572695959938
time,59,116.80170422801595
time,60,113.50990748123198
time,61,117.63498743893268
time,62,114.77272876156152
time,63,119.32682433735135
time,64,120.15116381345987
time,65,116.41161737707424
time,66,119.88320755409507
time,67,114.78888403596999
time,68,116.5635101642154
time,69,115.2674320928217
time,70,118.1760566039515
time,71,113.18292519169513
time,72,115.89455029117808
time,73,116.46894414191758
time,74,118.2221585468956
time,75,117.5575012077281
time,76,118.04630058126673
time,77,118.94229312966613
time,78,120.75146164868914
time,79,119.48544492273399
time,80,117.98772139737501
time,81,120.1367893955928
time,82,114.71635417877259
time,83,120.89249892217258
time,84,119.00956302124983
time,85,116.16243937196515
time,86,116.03912126610187
time,87,115.83102050563963
time,88,115.8723768086259
time,89,117.54944629202389
time,90,118.92078901572643
time,91,115.8800911712051
time,92,118.50171334352768
time,93,120.95569841374505
time,94,120.88933407993403
time,95,117.34919925941436
time,96,116.30961650624221
time,97,117.20335984746339
time,98,118.21183500916234
time,99,117.750615037722
time,100,118.3136527122485
time,101,119.62184331525472
time,102,117.53360329257288
time,103,114.65941100022843
time,104,116.78546539889271
time,105,117.43987534614193
time,106,116.24765246091346
time,107,120.73414932482684
time,108,116.85893852280971
time,109,114.93956780058028
time,110,118.46716529065023
time,111,116.44397643046898
time,112,119.86903893914807
time,113,118.60837060596778
time,114,114.38616171424596
time,115,113.84792328569895
time,116,116.5545857842752
time,117,116.15671414414675
time,118,116.04932897467263
time,119,119.98244064191923
time,120,117.6436511102285
time,121,114.4026990940776
time,122,117.42603517847259
time,123,121.12604454256216
time,124,117.68300405639309
time,125,114.6238881255192
time,126,119.59323730604939
time,127,118.58292736284585
time,128,117.96929225281434
time,129,118.62904521464816
time,130,116.38641748519534
time,131,120.94722893111862
time,132,115.89573687817266
time,133,116.49837846915649
time,134,112.45865946486482
time,135,119.5824886161405
time,136,116.9465047704598
time,137,116.7517591546974
time,138,116.72046733904236
time,139,117.91506113167014
time,140,113.55176503529995
time,141,115.16890530299607
time,142,118.9058533851075
time,143,116.70165853420758
time,144,113.26634927989787
time,145,115.17350605160807
time,146,115.42741338062943
time,147,115.0232603522359
time,148,117.03112357469594
time,149,117.45798847811153
time,150,116.70862430369111
time,151,115.44288850237537
time,152,116.41640685201693
time,153,116.85390542200125
time,154,117.45429475282482
time,155,116.20331238230865
time,156,113.98395702018074
time,157,116.90215672485536
time,158,118.16698281413609
time,159,117.00221752824113
time,160,117.75218471401661
time,161,115.11646903167743
time,162,113.93886922332254
time,163,117.48546872185632
time,164,116.63406543212653
time,165,118.49252169915962
time,166,117.06517569360481
time,167,117.8503532392352
time,168,115.94362804668232
time,169,117.52764266856013
time,170,116.10570202113499
time,171,122.17169496804152
time,172,115.92824987660177
time,173,116.88670975243419
time,174,116.86761549382432
time,175,113.35709097966105
time,176,119.47557388583128
time,177,116.70424106288418
time,178,120.60558759385276
time,179,114.27502801704765
time,180,120.8246528535882
time,181,119.73550271076647
time,182,121.23061395302346
time,183,116.55465627986032
time,184,117.62174871641456
time,185,119.23735261518178
time,186,117.95354414385642
time,187,116.79201165337312
time,188,115.16795471805624
time,189,116.73595213749634
time,190,113.98800153741529
time,191,116.87699313107447
time,192,116.00304065770605
time,193,118.96976316894316
time,194,119.78550934339238
time,195,117.93893705257967
time,196,119.4287439270845
time,197,118.40254547169073
time,198,116.92989668931824
time,199,112.92405936864473
time,200,116.62483219809747
time,201,118.1843806968599
time,202,117.23207878487614
time,203,119.67730387444053
time,204,119.44069327455544
time,205,118.77868787602179
time,206,118.18349180659642
time,207,117.95942948338605
time,208,119.56420302215956
time,209,116.00917512533952
time,210,117.69516084620464
time,211,119.47006728822132
time,212,115.39379363927993
time,213,115.31034179249045
time,214,116.05696787130881
time,215,118.91927270846227
time,216,116.99243217145
time,217,116.26220003658993
time,218,116.08769961910821
time,219,118.503539870204
time,220,117.89767135762044
time,221,117.09444601836212
time,222,116.53685142157151
time,223,117.86626943402432
time,224,118.02326039254997
time,225,116.6791121477956
time,226,117.48123444356442
time,227,116.07817782143415
time,228,117.02206357232863
time,229,118.05596422115852
time,230,117.5596404405192
time,231,116.51113520746522
time,232,117.21880287673727
time,233,113.41991115397599
time,234,116.7538622806815
time,235,116.60214880503683
time,236,115.409748700996
time,237,114.48572568890552
time,238,117.94425360927134
time,239,113.55377842726875
time,240,117.41430310019479
time,241,116.07240050663339
time,242,117.76655497241389
time,243,113.3939876964245
time,244,118.63914924497057
time,245,118.38017020524497
time,246,116.22150705547925
time,247,114.70615526462507
time,248,119.56336567967418
time,249,115.11284021343582
time,250,118.05350544074444
time,251,115.47943377800487
time,252,121.1439205155457
time,253,113.04815835274071
time,254,116.96278217729986
time,255,118.10098346529297
time,256,114.85228864400005
time,257,116.57133970013298
time,258,116.91364700036348
time,259,116.04680733967052
time,260,119.25812951415185
time,261,116.46735224522635
time,262,117.86305521661531
time,263,117.39622617653094
time,264,115.45670672553156
time,265,116.9510370728007
time,266,114.51321952588884
time,267,115.59306354131616
time,268,114.25432289588244
time,269,116.50707302307875
time,270,117.37224956025689
time,271,119.08278525743748
time,272,116.29544493306112
time,273,116.46968876776094
time,274,114.15780535809527
time,275,117.63536505628787
time,276,115.8303498853144
time,277,119.52142000547279
time,278,120.00368630173257
time,279,119.58133607855447
time,280,118.19827227121256
time,281,115.4359184334303
time,282,116.54181886078037
time,283,114.41713432998985
time,284,119.8332930412899
time,285,116.25161035517722
time,286,115.95006526701586
time,287,117.69992947571481
time,288,119.6139272542217
time,289,117.98288430646215
time,290,120.84961267772236
time,291,116.8349698921038
time,292,117.17711986175814
time,293,118.84548138935627
time,294,114.30530641245258
time,295,117.01574211074937
time,296,120.58849894584884
time,297,118.25374122662926
time,298,116.93077451041398
time,299,116.09766515541351
time,300,117.55381892062668
time,301,116.43073610779776
time,302,117.00779210454766
time,303,117.89698522064475
time,304,118.40949633481814
time,305,116.7008929355034
time,306,116.4436222908782
time,307,114.21962648824359
time,308,115.14268689870532
time,309,114.8210635734552
time,310,115.85920865254535
time,311,117.33926393185587
time,312,118.11684628785201
time,313,117.53569828213746
time,314,118.50439964662137
time,315,117.12558541251998
time,316,118.85457833470052
time,317,114.93981603712125
time,318,117.87486672539629
time,319,113.4078882349516
time,320,118.43683755006893
time,321,115.2782829673765
time,322,117.92027329183105
time,323,119.4966977035097
time,324,118.94680667687754
time,325,117.14058872160211
time,326,116.76714514183861
time,327,116.96408660963442
time,328,115.26198772735657
time,329,119.07113541013972
time,330,118.05864841730482
time,331,118.46853530524422
time,332,116.72783925851517
time,333,118.20461884872482
time,334,114.18469959335286
time,335,117.96438316077624
time,336,115.13118729468717
time,337,116.93441046220632
time,338,112.73039734342373
time,339,116.51822819011046
time,340,117.27401982222443
time,341,116.26597378819363
time,342,116.54671146530949
time,343,109.94006761771496
time,344,118.02096732100165
time,345,116.66304867461146
time,346,118.43320160986065
time,347,115.29808766119305
time,348,121.83883844859105
time,349,116.12540912980909
time,350,115.20841227244662
time,351,116.13646763821734
time,352,117.91877770792195
time,353,115.08507966577774
time,354,115.2304735887571
time,355,115.4232224676966
time,356,115.45283606199081
time,357,117.33829932132933
time,358,117.84703736236169
time,359,116.94060962509627
time,360,115.4458260770731
time,361,115.97302260048959
time,362,117.4689086431442
time,363,119.09084471657663
time,364,116.35159182807453
time,365,114.50545588732659
time,366,116.40447968047911
time,367,116.9252615702701
time,368,119.97818958863708
time,369,115.57364755285724
time,370,116.60798843268208
time,371,114.90472950559969
time,372,115.85089114329818
time,373,118.7346778460034
time,374,116.80245676902494
time,375,117.68525106732596
time,376,119.379626964774
time,377,120.06230069483337
time,378,121.06781816949182
time,379,115.98027746454298
time,380,117.75918917967722
time,381,115.99163399643884
time,382,119.38479613898332
time,383,116.00111107610986
time,384,117.17567801423148
time,385,117.13171004261507
time,386,116.18694936818686
time,387,115.71544734530943
time,388,117.73345723981205
time,389,116.11302843642028
time,390,118.8102810794852
time,391,116.02629681980052
time,392,118.49920289145504
time,393,114.35249842466342
time,394,117.68779056049128
time,395,117.50952753804609
time,396,115.94098197336073
time,397,116.54873549566133
time,398,114.74756350168593
time,399,117.12985602598931
time,400,116.64280190267147
time,401,116.54523367053406
time,402,122.6992421361446
time,403,115.32417274175803
time,404,114.71280361960734
time,405,115.45940827949539
time,406,119.11971781995965
time,407,115.3599147349319
time,408,117.20748951029063
time,409,117.7894117437674
time,410,118.22472477117827
time,411,117.83972826544115
time,412,115.36315732919526
time,413,116.76105794291661
time,414,117.7849335212375
time,415,112.64236832986396
time,416,115.05982319518402
time,417,118.41730656787324
time,418,115.89217386514485
time,419,117.4147029912636
time,420,115.39927680926641
time,421,118.41514807966395
time,422,114.64695739420445
time,423,117.0593005265669
time,424,114.67040741196483
time,425,118.51948862732388
time,426,114.14599946267575
time,427,119.12538990911608
time,428,117.85001145645626
time,429,121.0727254416893
time,430,115.75387885528184
time,431,115.30743740755784
time,432,118.12865612805987
time,433,115.30294440475257
time,434,116.41949184991643
time,435,115.50557527452618
time,436,121.05009782180154
time,437,118.50750646125034
time,438,118.1674910580281
time,439,115.3432801335018
time,440,113.66924364919146
time,441,115.65977737728488
time,442,118.46250641438516
time,443,121.13924959120241
time,444,115.26437278506505
time,445,115.97426183019601
time,446,118.21552202180443
time,447,116.80483894037523
time,448,116.08834210565655
time,449,116.76001657527951
time,450,115.60666204932481
time,451,119.90010839283467
time,452,117.27452919538386
time,453,115.69329711338045
time,454,115.0488503169893
time,455,117.30558663109107
time,456,118.00015954613374
time,457,116.05986394875376
time,458,115.004757303453
time,459,121.07313331538705
time,460,116.4773968338819
time,461,115.2659014149555
time,462,116.28278640275929
time,463,117.9110220350959
time,464,119.59147365130491
time,465,116.40588599493857
time,466,118.0035179457384
time,467,117.4574379688562
time,468,118.693848740823
time,469,120.07347862274801
time,470,119.55280398719783
time,471,116.37285959257258
time,472,115.4547169461553
time,473,115.00035243916602
time,474,120.05177761464878
time,475,120.13390112064232
time,476,117.42390348104354
time,477,116.84634188070717
time,478,116.94047979815703
time,479,120.46207929020343
time,480,116.98776132656121
time,481,118.71153376611336
time,482,115.02181430425331
time,483,115.28987562086512
time,484,116.24129266948577
time,485,116.77757556203024
time,486,115.99048843593884
time,487,116.14741344110165
time,488,115.365500605516
time,489,116.39469596883355
time,490,117.77717715010714
time,491,116.26189653511223
time,492,115.5916714884521
time,493,120.43575162311856
time,494,117.05513316234517
time,495,115.19037717563589
time,496,115.410131972974
time,497,117.28987165309981
time,498,116.28178737549182
time,499,116.91917582859668
plant,0,124.73194660324612
plant,1,119.64932817047047
plant,2,116.1189607792115
plant,3,124.63316401736742
plant,4,116.68082919032467
plant,5,119.16825974523442
plant,6,125.94494497230929
plant,7,118.41002991475807
plant,8,118.99906384072627
plant,9,118.31918171457096
plant,10,121.34622306864327
plant,11,118.78200095420219
plant,12,118.47894212796587
plant,13,124.33461883874055
plant,14,121.4160845793398
plant,15,115.19872127530087
plant,16,121.80350891204395
plant,17,123.28684923331659
plant,18,120.44156407215503
plant,19,119.85999503181921
plant,20,122.90229778293676
plant,21,122.67292244948239
plant,22,120.18954331597078
plant,23,117.5078616900731
plant,24,119.5502168222409
plant,25,117.28859395619374
plant,26,121.08916444851194
plant,27,120.64824880538563
plant,28,122.93218521334366
plant,29,117.15986762930666
plant,30,125.06838268634384
plant,31,116.3631690873194
plant,32,123.63597301300149
plant,33,119.62516295302063
plant,34,116.86260907197851
plant,35,118.37551889030013
plant,36,119.20002613791387
plant,37,116.42233006783565
plant,38,120.52627731910125
plant,39,118.9848342786563
plant,40,121.86889172340652
plant,41,120.59216643763816
plant,42,119.66371223352277
plant,43,123.9871495611851
plant,44,120.71825256356858
plant,45,116.62025064470183
plant,46,121.39749527032622
plant,47,118.48795158429017
plant,48,118.223342292498
plant,49,118.18276201792438
plant,50,117.96239434783548
plant,51,119.7793076569402
plant,52,119.47773235508525
plant,53,123.0557970538913
plant,54,121.56269674779358
plant,55,119.81462872800688
plant,56,118.47778247746501
plant,57,119.43179896450712
plant,58,122.65945070468496
plant,59,122.69934605823974
plant,60,115.80304095495836
plant,61,120.41479610627783
plant,62,117.69627522816417
plant,63,116.7837554316431
plant,64,117.38090840024165
plant,65,124.03134613063067
plant,66,119.27042738871324
plant,67,121.05761496746521
plant,68,122.81889124768031
plant,69,121.13812440061477
plant,70,120.20216680898199
plant,71,119.0823073651693
plant,72,118.75239809270535
plant,73,120.38222297595476
plant,74,118.83974180679107
plant,75,125.0905010899259
plant,76,131.01165475103787
plant,77,117.79903126665666
plant,78,116.9743460650009
plant,79,118.89311932496607
plant,80,122.58299585749961
plant,81,126.82167113374388
plant,82,118.9859937816055
plant,83,121.22979421757967
plant,84,126.11686728880245
plant,85,117.08994675232785
plant,86,120.4165312867836
plant,87,121.3669800684906
plant,88,121.42017468532156
plant,89,122.97964556906749
plant,90,118.8726446806697
plant,91,117.12281500805094
plant,92,118.8747050978921
plant,93,118.74601238522366
plant,94,119.47291711035287
plant,95,120.03208768324218
plant,96,120.28729973371367
plant,97,120.2016772232269
plant,98,120.61418134063271
plant,99,116.62546780504084
plant,100,118.44145643649236
plant,101,125.53601709638346
plant,102,127.88036789691684
plant,103,118.58261851646645
plant,104,120.87209165069086
plant,105,118.26389903142076
plant,106,119.24482484070036
plant,107,124.64893543002586
plant,108,119.53476677876904
plant,109,116.74698925171548
plant,110,120.55627609449
plant,111,117.74487539668912
plant,112,121.30785800857954
plant,113,117.31781160607049
plant,114,122.11888437475871
plant,115,120.10791972986645
plant,116,120.3951305288262
plant,117,119.73338109523566
plant,118,117.92615530057631
plant,119,118.64484596129843
plant,120,126.21109559768979
plant,121,119.12304015215676
plant,122,121.08577339916881
plant,123,119.35771031939395
plant,124,118.68307014329125
plant,125,117.80417525277136
plant,126,119.93466420214712
plant,127,116.69513955325938
plant,128,122.00347534774332
plant,129,118.24686571190259
plant,130,125.65148697019808
plant,131,117.05064121115785
plant,132,120.00029374516907
plant,133,116.2401207606655
plant,134,116.33566890557574
plant,135,124.80948192211385
plant,136,119.44200660642824
plant,137,118.69340675152584
plant,138,121.57281504632374
plant,139,119.92640257479745
plant,140,122.7244152463279
plant,141,122.2394518251971
plant,142,122.42349783833137
plant,143,119.85410135547987
plant,144,119.63732642885658
plant,145,122.86176774639938
plant,146,122.54456388670482
plant,147,119.6942765596789
plant,148,119.43858549486895
plant,149,121.17689273773706
plant,150,120.01488962663107
plant,151,122.33820130470671
plant,152,118.93058169480766
plant,153,129.22645285221296
plant,154,119.49404471815161
plant,155,116.10429431512877
plant,156,119.44907990306395
plant,157,122.09938950516516
plant,158,120.18987160164303
plant,159,127.59448464384728
plant,160,121.08581471688098
plant,161,118.88588467544359
plant,162,120.40753442802021
plant,163,122.26686991764484
plant,164,124.18196245063271
plant,165,118.96631158744316
plant,166,123.2674681008098
plant,167,121.79533305042187
plant,168,120.44370773692552
plant,169,119.62110468516873
plant,170,116.8738456311834
plant,171,118.52852980258659
plant,172,118.09575945685442
plant,173,120.6975104864158
plant,174,119.35315767536554
plant,175,117.09858091616286
plant,176,122.07428301185917
plant,177,119.39349287551796
plant,178,118.47002014055046
plant,179,116.37730842677693
plant,180,120.79208836021557
plant,181,120.84916513561654
plant,182,116.64770058412724
plant,183,120.19240034317598
plant,184,120.49735737025333
plant,185,124.08785666938459
plant,186,118.14478345598805
plant,187,122.45802674715691
plant,188,123.3308870104762
plant,189,117.66802007975923
plant,190,115.981269572838
plant,191,120.2968160213628
plant,192,114.51377240062028
plant,193,122.6739531222263
plant,194,118.20065495037046
plant,195,124.92209180349
plant,196,120.95204338946932
plant,197,120.95494090897813
plant,198,118.59360860777237
plant,199,120.73815280445265
plant,200,118.60411926531218
plant,201,119.16501770656704
plant,202,118.22658207223462
plant,203,121.29922138511297
plant,204,116.47766460237168
plant,205,121.27157662862855
plant,206,117.44549331613992
plant,207,121.88899227498938
plant,208,123.23704822584622
plant,209,120.5692386508855
plant,210,122.48031013369867
plant,211,122.73670633173364
plant,212,118.2429052751838
plant,213,120.49201330052858
plant,214,118.79668414963838
plant,215,117.9702239232541
plant,216,119.46818093620021
plant,217,119.6845188063055
plant,218,120.45214070916843
plant,219,116.56426709191892
plant,220,118.01892014469911
plant,221,121.87605475966934
plant,222,118.00358396206275
plant,223,122.97545859953358
plant,224,121.16399468699439
plant,225,120.05038778782178
plant,226,124.60385926553101
plant,227,117.86530999029294
plant,228,119.3542905670661
plant,229,120.32618168243215
plant,230,124.62616025598282
plant,231,123.45167703565723
plant,232,116.7047728918954
plant,233,116.35795436017811
plant,234,116.34327498588752
plant,235,118.21146758712271
plant,236,119.79870143065867
plant,237,121.05098004308329
plant,238,121.87864809302495
plant,239,117.44758647754847
plant,240,121.2086437014761
plant,241,118.90661141852392
plant,242,115.6356863487886
plant,243,118.61780244150353
plant,244,123.3872735747217
plant,245,118.81666691863053
plant,246,118.00257841388664
plant,247,117.06525634034237
plant,248,117.68283483663586
plant,249,124.41891799062074
plant,250,117.38769436733219
plant,251,122.7237641817095
plant,252,114.43384417269039
plant,253,118.7005878844859
plant,254,118.74447851127525
plant,255,119.02463587409915
plant,256,119.73064535445508
plant,257,115.2659481605468
plant,258,120.42426974058887
plant,259,119.8413033821056
plant,260,122.52894634358478
plant,261,119.9091150076946
plant,262,122.26370145078482
plant,263,120.181092865678
plant,264,116.12131505105108
plant,265,118.32779767817416
plant,266,119.84257309339448
plant,267,122.08408461603359
plant,268,119.95545836395138
plant,269,120.06650064104814
plant,270,119.64649637702558
plant,271,118.30712088575055
plant,272,119.57393268185528
plant,273,117.80004296623278
plant,274,119.05881857653272
plant,275,117.78100204167987
plant,276,123.42555324967404
plant,277,124.10205437205497
plant,278,123.86040636175089
plant,279,117.02780631028351
plant,280,118.22227024354792
plant,281,120.66397818368561
plant,282,120.7610706256493
plant,283,124.36487439403052
plant,284,122.08586669017976
plant,285,127.13510268891032
plant,286,120.97131045438059
plant,287,118.65197260862294
plant,288,123.46686889361432
plant,289,117.1683062290038
plant,290,119.1578921868992
plant,291,121.24270734196816
plant,292,123.3910377936034
plant,293,123.23415065079342
plant,294,121.29664107640916
plant,295,126.5800085027152
plant,296,123.87768281545888
plant,297,118.27107336557279
plant,298,114.97498875830962
plant,299,123.17593505991387
plant,300,120.90671592184745
plant,301,121.44756938847212
plant,302,119.34050767357543
plant,303,120.51383203904305
plant,304,120.99618035496025
plant,305,117.26785370872321
plant,306,117.2635902697592
plant,307,124.835663693452
plant,308,119.16672745285996
plant,309,123.89704843716771
plant,310,122.69913924905673
plant,311,118.33892936794525
plant,312,119.20208227846578
plant,313,117.08226890937408
plant,314,119.67736952421876
plant,315,127.4428148231596
plant,316,120.10478609408739
plant,317,118.65704913908519
plant,318,122.95054131202843
plant,319,121.04396428092397
plant,320,120.899419139418
plant,321,121.9095893404385
plant,322,124.4483703084794
plant,323,119.5602237758491
plant,324,120.74995382813714
plant,325,119.18536570094922
plant,326,115.00088804956852
plant,327,115.26286818160345
plant,328,118.47926703982516
plant,329,117.65024776125273
plant,330,119.61621536078972
plant,331,119.88978259485721
plant,332,124.57414787024526
plant,333,119.2626117536131
plant,334,123.69298085675065
plant,335,124.102035419385
plant,336,121.47719741486715
plant,337,121.76911287536782
plant,338,120.95291565937285
plant,339,119.75917512702925
plant,340,120.99362150654751
plant,341,123.05824186452377
plant,342,118.12984597740694
plant,343,117.7819193715933
plant,344,121.3926171982827
plant,345,122.46079720404042
plant,346,116.46863711557607
plant,347,117.79621333882136
plant,348,116.79415301590221
plant,349,126.94076890589395
plant,350,117.42019261067642
plant,351,123.10021660809404
plant,352,115.3353834845684
plant,353,121.13207961877184
plant,354,114.94717212523737
plant,355,119.66126245131031
plant,356,125.58645690406844
plant,357,120.27095708410724
plant,358,118.99134320169793
plant,359,119.57924329084395
plant,360,120.03858847581373
plant,361,120.12744979382694
plant,362,120.28762526850376
plant,363,125.72396670692059
plant,364,120.00172234110882
plant,365,120.70203353951332
plant,366,115.31302564740193
plant,367,115.63183970113164
plant,368,117.79205699170521
plant,369,124.1385291295781
plant,370,120.041686854577
plant,371,121.22546741609632
plant,372,119.34496710978881
plant,373,126.68402593479956
plant,374,124.03309088885095
plant,375,119.44558941030583
plant,376,121.21643489482454
plant,377,118.68968698655249
plant,378,121.24869276524204
plant,379,117.46365009906296
plant,380,118.90376858592882
plant,381,119.5805081076004
plant,382,119.00885740698111
plant,383,115.59449802781785
plant,384,122.09620713286921
plant,385,117.60858171211146
plant,386,119.56258568650229
plant,387,119.45132844567756
plant,388,117.87192027239495
plant,389,118.78752481861758
plant,390,120.28934970699179
plant,391,117.26420029117442
plant,392,120.59944720731966
plant,393,119.9349255905193
plant,394,121.03972240474494
plant,395,117.91964143845955
plant,396,121.56192714859924
plant,397,124.30838843588634
plant,398,117.92212860203813
plant,399,120.09022237820197
plant,400,119.97513416642344
plant,401,118.94171455979847
plant,402,122.29469294646333
plant,403,120.08199168965999
plant,404,115.96376125025343
plant,405,119.64341017409734
plant,406,119.66213998982423
plant,407,121.25667564521991
plant,408,123.23430847129337
plant,409,120.6396531328368
plant,410,122.67403592516017
plant,411,119.55430796782953
plant,412,123.12559173701926
plant,413,117.52271196569524
plant,414,121.04882475090015
plant,415,116.65518836343534
plant,416,120.88889141738004
plant,417,124.40152561432873
plant,418,118.63922362723922
plant,419,121.82203684589521
plant,420,119.21025289426996
plant,421,114.06926896111263
plant,422,119.84995498268805
plant,423,119.0085533304865
plant,424,122.27686657779344
plant,425,120.89114540726864
plant,426,122.53481266234816
plant,427,123.32863442576543
plant,428,119.62892130288496
plant,429,122.85178346547619
plant,430,121.23603014963531
plant,431,117.0855884188644
plant,432,114.77930808451917
plant,433,124.07333726286036
plant,434,118.52687345649879
plant,435,118.6018097266246
plant,436,117.3270915459995
plant,437,121.89259897054481
plant,438,116.68506705632957
plant,439,121.125645652855
plant,440,117.7900890234888
plant,441,119.37352523068081
plant,442,119.93056917783753
plant,443,119.80888646824863
plant,444,121.12258900534243
plant,445,117.20336965221317
plant,446,120.1122955172463
plant,447,122.15291561526642
plant,448,123.20490534926942
plant,449,124.77705986253167
plant,450,122.03202969950273
plant,451,115.81287002669653
plant,452,118.39591752871823
plant,453,119.32309253318361
plant,454,118.93267380507181
plant,455,122.09744273076772
plant,456,118.33764613107527
plant,457,119.32849289071072
plant,458,119.32370972316106
plant,459,121.7555755658483
plant,460,121.55513089314316
plant,461,118.80633570517065
plant,462,126.23345560795379
plant,463,122.64403072169515
plant,464,122.310157731083
plant,465,121.62148976357837
plant,466,120.58918853223814
plant,467,126.2459208159336
plant,468,118.61244257566194
plant,469,120.58958079234982
plant,470,116.43318797122771
plant,471,120.94974932637157
plant,472,115.65995728269446
plant,473,119.74469056068978
plant,474,119.08901882418637
plant,475,116.31846537168092
plant,476,121.24844302076438
plant,477,121.77007963334414
plant,478,119.63695615144547
plant,479,121.40711155376778
plant,480,117.77810405914242
plant,481,119.50851487530372
plant,482,124.26526146609389
plant,483,118.3446651144729
plant,484,114.81467327735344
plant,485,119.53822718836354
plant,486,116.2994279565679
plant,487,119.56192615826424
plant,488,123.89974405004011
plant,489,116.97479827628996
plant,490,117.34886083925589
plant,491,119.57635461687768
plant,492,117.84708460506248
plant,493,119.0793148427034
plant,494,117.83042997837173
plant,495,118.8053276695636
plant,496,124.36942212556328
plant,497,119.8761410317785
plant,498,118.98070390651031
plant,499,116.59507428758451
city,0,120.71248265468869
city,1,121.88172599914981
city,2,121.94691681979661
city,3,126.07064238218526
city,4,120.19701020774521
city,5,117.96700236381743
city,6,123.41837933491921
city,7,121.20566241739688
city,8,114.9853891620426
city,9,121.0126127041342
city,10,127.09677296460949
city,11,115.92962424584957
city,12,121.37491343316778
city,13,120.85093725232261
city,14,119.35365118619828
city,15,118.95264118276927
city,16,117.31316967337904
city,17,119.69943818422482
city,18,115.55141189078975
city,19,117.98895260591391
city,20,124.47218756026442
city,21,113.98085069961216
city,22,125.18512753113937
city,23,118.98377591202534
city,24,115.35350830053488
city,25,117.47883126356196
city,26,120.86872046880292
city,27,116.37602286362842
city,28,118.1771656817793
city,29,118.09498358845427
city,30,119.17020946199861
city,31,120.63732754828787
city,32,117.45872254016878
city,33,118.49162154009517
city,34,121.22818321416173
city,35,125.84075785405544
city,36,118.0459959048029
city,37,119.5476257414475
city,38,121.73729538980673
city,39,119.00107425713955
city,40,121.82109213295985
city,41,119.53468108197039
city,42,118.2208233646273
city,43,122.42740632691536
city,44,118.69337744131563
city,45,114.85674245297031
city,46,120.96537282746311
city,47,114.80150030870226
city,48,115.65927080051452
city,49,118.16648824181244
city,50,117.3992402236872
city,51,121.06803387232105
city,52,119.01622311523622
city,53,119.1171395023936
city,54,119.10340871333534
city,55,115.653171184721
city,56,120.23983529172233
city,57,124.77046866282832
city,58,122.61768163469846
city,59,117.25877910598668
city,60,119.91796212660748
city,61,119.92533540595691
city,62,116.34156820344181
city,63,117.67956102699027
city,64,119.62301762840204
city,65,115.53167882901636
city,66,116.4832097506183
city,67,123.91119815592455
city,68,120.49810344136252
city,69,115.65852960816798
city,70,119.32700126713023
city,71,117.23118568287335
city,72,121.67022648889578
city,73,121.30792819356722
city,74,122.6905488559457
city,75,120.33285698268901
city,76,121.41939582894861
city,77,119.47645828768458
city,78,120.10344415722084
city,79,117.23661303352316
city,80,119.86486611304888
city,81,121.26562829595984
city,82,118.55799744882411
city,83,115.71291078145111
city,84,123.3319904015594
city,85,113.11639101930268
city,86,117.55114003529236
city,87,113.90050910481403
city,88,119.46496849344605
city,89,117.33197549934842
city,90,118.04764952343764
city,91,121.63675921064635
city,92,120.23081038737709
city,93,117.86561139641907
city,94,127.08633700804913
city,95,119.02102182120136
city,96,118.04325649051168
city,97,121.46989502484374
city,98,122.41509572174067
city,99,118.72456342122368
city,100,119.55697408139623
city,101,122.24793637018294
city,102,115.71002698080044
city,103,118.52322323022975
city,104,118.44480819366294
city,105,120.42148617713804
city,106,112.69125267974383
city,107,120.26145074616824
city,108,116.6908635010961
city,109,120.50728207836117
city,110,123.61240770796074
city,111,117.81038764526308
city,112,118.30218954551425
city,113,121.98767839534379
city,114,117.37323273364375
city,115,117.36638558197541
city,116,125.79851240892856
city,117,116.61027391894751
city,118,120.71863282273027
city,119,119.66328381577026
city,120,115.47394255972627
city,121,117.30700081999194
city,122,119.50933081711203
city,123,123.31722049411671
city,124,115.19813750907247
city,125,118.35358814002188
city,126,120.11313211852597
city,127,122.43812173020885
city,128,123.09809842051287
city,129,117.59345751924113
city,130,118.0297766421111
city,131,122.04369187703037
city,132,116.72735103649067
city,133,120.0803540189164
city,134,118.13331934251458
city,135,122.71673471822623
city,136,119.67102988711538
city,137,126.12430558702223
city,138,118.27539682178244
city,139,117.9408364580905
city,140,118.52883781557703
city,141,120.8580856902587
city,142,115.95192988411888
city,143,126.25718899167549
city,144,114.69347593388403
city,145,120.94661177010721
city,146,122.32944831604264
city,147,115.29105555978009
city,148,120.37944969781411
city,149,119.2919882824064
city,150,117.86389279202152
city,151,117.06056087293122
city,152,117.37851136214974
city,153,121.0776983573826
city,154,117.77559942156721
city,155,125.26503585798162
city,156,120.50019342240559
city,157,121.62565616971489
city,158,118.19800955050516
city,159,123.0523608411524
city,160,118.65675995205838
city,161,116.80546221871904
city,162,122.56168450396598
city,163,123.18173717086849
city,164,120.88799234551541
city,165,124.17270531145239
city,166,119.08762997408486
city,167,118.13452376754098
city,168,122.01495898733474
city,169,118.89524246860941
city,170,118.69627778437268
city,171,120.38959174191064
city,172,118.99227394350113
city,173,117.02226985613247
city,174,117.93538424455208
city,175,122.30967678582998
city,176,124.37267445268634
city,177,118.63181356580547
city,178,125.64952790070174
city,179,119.97162768417581
city,180,119.97703374677562
city,181,122.55834518615536
city,182,118.51805588535171
city,183,121.35367657133165
city,184,124.33359629194045
city,185,124.13225513588384
city,186,117.35426312546342
city,187,121.98322689701348
city,188,120.10981742504241
city,189,119.53403096438906
city,190,120.2424204572988
city,191,121.10458404471616
city,192,125.51875438518067
city,193,121.70825054115524
city,194,119.39368751521417
city,195,117.82149927150307
city,196,117.12344540283404
city,197,121.24678363357513
city,198,122.16407869436723
city,199,119.79357507429515
city,200,116.75797822212412
city,201,120.90854416020875
city,202,116.67444477287809
city,203,118.83158994340042
city,204,120.31255359174284
city,205,122.90232589814458
city,206,113.16960863800654
city,207,118.77333979038617
city,208,119.78693597094544
city,209,116.24753573067585
city,210,118.76432161259775
city,211,120.92451401389364
city,212,126.19894175757689
city,213,118.3032860407321
city,214,117.16169678266304
city,215,120.71929647741244
city,216,120.36230799500447
city,217,122.52996049160399
city,218,118.95811086483748
city,219,117.65736303189327
city,220,118.38245754341095
city,221,117.9205300942263
city,222,123.92559753090633
city,223,122.39445748294993
city,224,121.6000400625564
city,225,124.6845155011082
city,226,118.95393408974397
city,227,120.75583082977982
city,228,122.72176980867742
city,229,118.41960454547174
city,230,118.46228056132139
city,231,115.79304626236157
city,232,119.35955947402104
city,233,116.26933510301653
city,234,118.62379530616141
city,235,119.03854086309147
city,236,119.09430203052167
city,237,118.11991286465326
city,238,118.92627656483086
city,239,114.67543357701932
city,240,119.92671003096487
city,241,122.3172499205985
city,242,120.6068828656482
city,243,122.1121044605891
city,244,113.57459947270347
city,245,116.43241240759178
city,246,120.2716865605782
city,247,117.6158766844932
city,248,118.57766560041172
city,249,124.57397168344737
city,250,120.14863801725535
city,251,123.69556189579478
city,252,116.24440527830224
city,253,124.1081391243743
city,254,119.07195339726518
city,255,122.11488653661173
city,256,120.59366420043031
city,257,128.04359279541794
city,258,115.33578907541082
city,259,122.50408757663698
city,260,118.90975974746706
city,261,120.67829808794073
city,262,116.89404554441458
city,263,122.7727252973684
city,264,120.10831784780021
city,265,119.17717642506425
city,266,121.80032023326677
city,267,118.46903264456945
city,268,121.21882624598706
city,269,118.53020132701491
city,270,122.70136662651878
city,271,118.12933399417767
city,272,117.66478574687314
city,273,113.70262987581685
city,274,117.73337353310527
city,275,120.80565329520942
city,276,119.06903683465056
city,277,119.20203675424553
city,278,122.69848160495798
city,279,118.70898199023318
city,280,116.50069633891411
city,281,118.75929750207544
city,282,119.99809131286993
city,283,126.25741094794489
city,284,120.24259956381067
city,285,117.81405122563129
city,286,123.43119775463902
city,287,117.02559521715831
city,288,122.83486047383391
city,289,117.54117078541869
city,290,116.13860104294606
city,291,120.44872687283797
city,292,119.07669494842317
city,293,120.30312350831065
city,294,116.0918302393047
city,295,119.91939205329578
city,296,118.16759280638169
city,297,116.61603466287201
city,298,121.39312083242505
city,299,122.74222208707639
city,300,121.36552657036763
city,301,116.88876205868668
city,302,117.51791560500908
city,303,122.75368473343103
city,304,121.0263966987976
city,305,121.00222822687027
city,306,114.73948938612357
city,307,117.76865560085525
city,308,120.60290031598346
city,309,118.35460811922525
city,310,116.17372862172446
city,311,120.97140433603337
city,312,118.3524681139853
city,313,120.03658517785513
city,314,121.53688572517325
city,315,124.70554582995574
city,316,117.00414439694401
city,317,119.58550904530871
city,318,120.61524993283197
city,319,125.18826667272928
city,320,118.55731526811728
city,321,117.03577637464957
city,322,114.54397289267557
city,323,118.96988584531736
city,324,117.21774134689191
city,325,121.89337111955734
city,326,120.79768091837747
city,327,120.11033941602507
city,328,117.84009849924135
city,329,117.47132462402932
city,330,119.42877255613855
city,331,122.68400245212814
city,332,122.25169752897823
city,333,120.03630388049957
city,334,122.7041520984628
city,335,119.12420765481662
city,336,121.49308659631173
city,337,121.00774070095697
city,338,120.37171089837196
city,339,116.23282790679752
city,340,118.99973183471391
city,341,119.74315590221735
city,342,117.48820249422747
city,343,119.51530779694377
city,344,123.9289699636603
city,345,119.16659158877746
city,346,122.19685429960802
city,347,119.46479472749758
city,348,119.40688237946821
city,349,123.33963500878633
city,350,114.49081293261519
city,351,116.59921946498888
city,352,120.24423677397509
city,353,123.16055775404509
city,354,123.09094775081797
city,355,122.10000822245158
city,356,119.89093956284307
city,357,118.93823209744635
city,358,122.12945396404287
city,359,123.582037036936
city,360,117.17321634852034
city,361,122.73405336480772
city,362,119.25911485089141
city,363,117.0089915372367
city,364,119.04620648578674
city,365,122.11618092225598
city,366,128.0228168869934
city,367,120.14463838966346
city,368,122.8204236771892
city,369,122.64744308660471
city,370,120.2941492241028
city,371,123.15986054469452
city,372,120.21585099402992
city,373,116.40478741795268
city,374,117.46774763529311
city,375,123.77773938884206
city,376,117.01850132167777
city,377,117.4063110955633
city,378,114.5834434715996
city,379,119.58761794836295
city,380,116.65622976040953
city,381,122.90160556045142
city,382,117.38726782722344
city,383,122.89268040033117
city,384,116.77526485798609
city,385,122.00015587215269
city,386,121.87267142870985
city,387,123.76661072655753
city,388,120.11865494451067
city,389,119.6971390611385
city,390,126.78472738172665
city,391,115.52066161092758
city,392,117.85186479510288
city,393,121.01840446139019
city,394,118.30084701713413
city,395,120.90205079564844
city,396,119.03626898915238
city,397,121.82796791832044
city,398,121.2747741872642
city,399,119.5197341766215
city,400,119.7596589020711
city,401,122.6295928639465
city,402,117.876333243187
city,403,119.0258274391653
city,404,124.14077601376268
city,405,118.28134339236347
city,406,116.51159516425278
city,407,120.89299668098303
city,408,120.0865870695846
city,409,123.4905583647303
city,410,122.12998575740738
city,411,118.79444633941583
city,412,115.83314872147814
city,413,115.25291295708541
city,414,114.89832400123652
city,415,125.7360545747966
city,416,119.99734138048035
city,417,118.81304647736088
city,418,118.99645588734653
city,419,117.52135412061509
city,420,119.60398299474431
city,421,116.0930229965231
city,422,121.87150469640353
city,423,114.09894513826413
city,424,119.8941974043964
city,425,120.06039157139988
city,426,113.65186633791484
city,427,121.95380545629051
city,428,118.20857686856061
city,429,118.64962143012005
city,430,120.65335437421034
city,431,116.21112570812653
city,432,121.62908314617702
city,433,117.14627965418482
city,434,115.37600884382829
city,435,117.57727857989939
city,436,120.0651447547583
city,437,120.5867070359908
city,438,119.31616209322782
city,439,119.02864687537793
city,440,123.28804003396503
city,441,116.1725214636425
city,442,119.86721551277914
city,443,119.12535918865541
city,444,117.48607935735349
city,445,124.05771413466036
city,446,120.59445877188082
city,447,121.03525326165874
city,448,118.06670553085748
city,449,118.74203179931315
city,450,119.59728485350148
city,451,118.6663864395124
city,452,124.1198973528132
city,453,121.9606139553278
city,454,117.33574204601089
city,455,123.0933451971031
city,456,118.91177872957992
city,457,117.12621408421116
city,458,129.05891049034543
city,459,117.16864173452221
city,460,120.24559936603542
city,461,117.30922869474843
city,462,117.16002928261211
city,463,120.03102054938648
city,464,117.87500194688118
city,465,120.64046454864005
city,466,119.9832214441194
city,467,117.90608918907843
city,468,117.04320958940069
city,469,119.81442364643726
city,470,119.93263338103387
city,471,126.25851910697985
city,472,117.40849931940865
city,473,115.09436544928136
city,474,123.35233909535953
city,475,119.67346062196285
city,476,121.87746346381732
city,477,126.7818561029983
city,478,117.24884884676847
city,479,115.41543567091408
city,480,120.6355337439778
city,481,121.83885933086047
city,482,119.40384704225464
city,483,120.04457006492046
city,484,121.82987050215868
city,485,126.09680611461438
city,486,117.37414469518316
city,487,119.199900912038
city,488,121.87927269727314
city,489,127.88038482380205
city,490,117.70679270704605
city,491,121.7548996616573
city,492,121.88095674987942
city,493,118.26239297797387
city,494,116.09272381352298
city,495,118.7313163592939
city,496,119.16421426180987
city,497,120.25007971963184
city,498,117.83846406744907
city,499,119.91990096407208
food,0,123.28826677649268
food,1,120.32201469990085
food,2,119.97881944427782
food,3,118.56993457174991
food,4,117.81620512752428
food,5,116.58077195939892
food,6,119.67509498246467
food,7,121.61429331396505
food,8,121.19656840929036
food,9,120.6499287860385
food,10,122.68914070762804
food,11,122.45499744042318
food,12,121.69937728672822
food,13,125.1787606432041
food,14,119.08257188663876
food,15,122.61876340850422
food,16,122.69922039106882
food,17,126.30842233021151
food,18,118.8235047872661
food,19,119.24035016473186
food,20,121.54946206498234
food,21,118.08494971829846
food,22,120.60030939644781
food,23,120.51802952063058
food,24,119.47260020851947
food,25,121.23916159108852
food,26,117.42158227591666
food,27,120.2224492781365
food,28,123.5682572814063
food,29,123.5895376973222
food,30,120.39671332526711
food,31,119.02216460163046
food,32,118.70619745816016
food,33,118.86708508750712
food,34,121.24460939206807
food,35,121.99611495446288
food,36,125.50629031742884
food,37,115.96907716191853
food,38,118.8981535562607
food,39,119.6043721607225
food,40,118.722218153686
food,41,122.6402853341453
food,42,120.00089022021368
food,43,117.18883056348204
food,44,116.04786018972715
food,45,122.30238731355931
food,46,129.87831061352492
food,47,118.55043172322748
food,48,122.08605640067537
food,49,115.03621688506051
food,50,122.5168987870133
food,51,119.1753248659156
food,52,118.5955437861612
food,53,121.8146250619243
food,54,124.92546971781817
food,55,118.12112768480978
food,56,123.98663021607803
food,57,121.10300679061481
food,58,116.33459490430134
food,59,118.00473706475844
food,60,122.12401216461875
food,61,121.08116006768499
food,62,120.42058654179549
food,63,124.83291233317544
food,64,119.73196059647726
food,65,119.10425071272176
food,66,122.60565949703461
food,67,119.5002801004213
food,68,117.3894705059437
food,69,120.25802100844449
food,70,121.53008782083919
food,71,117.16554558107188
food,72,119.9350839827501
food,73,120.02470215638898
food,74,120.98224475070634
food,75,123.24402976217273
food,76,121.50588566975063
food,77,115.12632363279704
food,78,121.82609524427419
food,79,127.24314630677382
food,80,128.70747434408273
food,81,122.72544002772048
food,82,122.22056150173049
food,83,120.156074368305
food,84,122.45798211714846
food,85,116.00789985415436
food,86,117.07315636582464
food,87,120.3576894334994
food,88,117.74539783493199
food,89,122.81820219747462
food,90,117.47580648990663
food,91,121.77889809311522
food,92,121.1604011112127
food,93,119.76962310548491
food,94,119.3759380391679
food,95,124.35929404397127
food,96,123.6102118276302
food,97,120.71305113393034
food,98,122.33990577546301
food,99,122.70304279671598
food,100,116.63513526335099
food,101,120.63480007586278
food,102,114.5123943756244
food,103,123.42137801669853
food,104,120.33783768690063
food,105,120.14709044567107
food,106,124.44704159634763
food,107,122.1602580786596
food,108,119.1097260743702
food,109,130.0963949964572
food,110,120.25112303385586
food,111,120.7807161686778
food,112,118.68575221524833
food,113,122.54922913666356
food,114,121.40969239297416
food,115,119.5529733582681
food,116,118.73523700493618
food,117,117.29171250608485
food,118,115.92687913205796
food,119,121.19390730811415
food,120,118.04114197664488
food,121,122.7296354567297
food,122,117.71240303384106
food,123,121.15840211783507
food,124,119.7164175738793
food,125,121.25034511912713
food,126,119.09310808418377
food,127,120.20998718499575
food,128,120.92786712106225
food,129,120.85472136159055
food,130,117.55999524730345
food,131,115.79033267339437
food,132,121.69702507286225
food,133,123.63356366244358
food,134,124.59259956754765
food,135,120.99016502222698
food,136,116.93266520456602
food,137,119.95835399285382
food,138,126.96063454337838
food,139,122.47107257268352
food,140,118.44807305324498
food,141,122.7450470257222
food,142,119.62033867448494
food,143,119.79781126900382
food,144,120.50206431470139
food,145,122.8581883351095
food,146,120.70774251591952
food,147,122.94040225267445
food,148,122.15720190863013
food,149,123.28348800508404
food,150,122.67438459822988
food,151,117.63785323084299
food,152,119.28029119843538
food,153,119.74406451084899
food,154,123.18431959685721
food,155,118.48426650706865
food,156,118.77687935941184
food,157,120.32569090591761
food,158,121.93775638796238
food,159,118.87041330390196
food,160,122.66727120640819
food,161,119.49504083814848
food,162,118.8396419327211
food,163,122.41055479730296
food,164,121.59460286425252
food,165,117.9914541900511
food,166,117.44437564615625
food,167,118.65078641345596
food,168,117.76955242386154
food,169,123.0859236747973
food,170,122.95325020701246
food,171,124.5619176408076
food,172,121.19547420847626
food,173,119.24790427459462
food,174,119.07096227811074
food,175,120.28751827223019
food,176,120.0186861604619
food,177,118.45381583816477
food,178,117.32170352902203
food,179,118.63726056949643
food,180,119.58856295646889
food,181,118.81157123376337
food,182,125.68668085668568
food,183,119.98117383231168
food,184,120.36118976808827
food,185,118.42590460479431
food,186,121.72877657790697
food,187,116.40742287151227
food,188,121.46379406296685
food,189,117.52699743602719
food,190,122.6939493961362
food,191,123.58520246201132
food,192,121.28435640137599
food,193,118.4104232013224
food,194,120.75376102349631
food,195,121.29671341370425
food,196,118.271447477808
food,197,116.08181487326266
food,198,120.81810518581474
food,199,117.00681566851688
food,200,119.97538887432566
food,201,118.66476468872821
food,202,114.04900727858241
food,203,119.82717861792071
food,204,115.75560111333974
food,205,122.74815591650132
food,206,124.28490227089328
food,207,125.26395130808126
food,208,118.66638703127283
food,209,120.46474499009005
food,210,122.60225392414792
food,211,119.33875333718402
food,212,120.16888361905846
food,213,115.88706221929326
food,214,125.68391801172379
food,215,117.24457020219823
food,216,122.65271136462891
food,217,123.10453515850735
food,218,123.3861296757816
food,219,121.84259939244089
food,220,119.19515431262366
food,221,123.82257363714075
food,222,118.30653763140977
food,223,121.39672175212135
food,224,122.46876916147538
food,225,121.36773676473199
food,226,121.02265150854986
food,227,116.66360161348825
food,228,119.8294760726267
food,229,117.69008422608398
food,230,117.87256799841272
food,231,118.94941894280097
food,232,119.12155757050348
food,233,118.6983497436924
food,234,118.90632590193397
food,235,118.20575991452142
food,236,119.51605345276468
food,237,123.55271485455792
food,238,116.76884067778708
food,239,122.70647361949997
food,240,124.53476654140509
food,241,116.33227884009439
food,242,119.65104731031673
food,243,116.2265285567997
food,244,117.6474443544549
food,245,120.07240923212206
food,246,118.84061690698753
food,247,119.87289763234688
food,248,120.09013716331968
food,249,123.42966709183574
food,250,122.66768525204341
food,251,123.01388589450053
food,252,121.7298575949466
food,253,121.682325794082
food,254,120.435797008537
food,255,125.24241845252604
food,256,125.24863929631611
food,257,117.92224278778687
food,258,122.2372298083568
food,259,120.76855359966838
food,260,121.17141474267046
food,261,117.02416381740055
food,262,116.50981593130196
food,263,122.50419493570999
food,264,121.78158467348119
food,265,121.29309347007877
food,266,120.42405931715085
food,267,119.24751827905189
food,268,125.54728721164084
food,269,121.85503408240312
food,270,118.62494374354671
food,271,121.03178449190806
food,272,122.03568559828419
food,273,119.78668048590961
food,274,116.23607415116663
food,275,118.82642064500683
food,276,121.79914252093415
food,277,120.13147654263281
food,278,122.29782270066738
food,279,123.62977230273732
food,280,122.04754450696629
food,281,120.22624530238477
food,282,117.9134764725536
food,283,122.1840250041488
food,284,121.8119417739999
food,285,120.29394904439002
food,286,121.69356593525006
food,287,120.86856580530795
food,288,120.14966697061158
food,289,119.37734462920425
food,290,122.07857913408155
food,291,118.80529088650005
food,292,119.97754596164216
food,293,113.64388671953363
food,294,119.56881415097682
food,295,124.89764350099304
food,296,123.41463669508346
food,297,117.85272678861244
food,298,117.78418959768825
food,299,122.10266012052651
food,300,118.04016558230461
food,301,120.31089060124549
food,302,121.91133487800079
food,303,121.15159187407033
food,304,116.90367121891623
food,305,121.34057438361798
food,306,116.68474716365694
food,307,113.42663670906423
food,308,121.93487471886633
food,309,117.12528418997417
food,310,120.09850654355725
food,311,121.94670051680731
food,312,125.81952814705227
food,313,121.2197654403695
food,314,118.11692874267857
food,315,122.4716577960366
food,316,118.7580539233627
food,317,117.70218056092894
food,318,119.05930861842324
food,319,122.5254768798274
food,320,121.66513724140826
food,321,124.76579410568101
food,322,128.85486851149705
food,323,120.25366073047343
food,324,116.72509600389485
food,325,118.42848747468308
food,326,122.90779371459794
food,327,121.10609414406836
food,328,118.91992666041493
food,329,120.02704432205135
food,330,121.77495221867842
food,331,121.00231290803917
food,332,119.24762025619029
food,333,121.67349128218828
food,334,120.64334926669777
food,335,121.06655125214643
food,336,119.33975542704933
food,337,124.21718786294262
food,338,119.37617814473576
food,339,124.71354039697076
food,340,116.53966872231636
food,341,123.17850452174726
food,342,120.28883463906325
food,343,122.13927162825485
food,344,118.00364935857802
food,345,121.03594087098269
food,346,121.03350969570724
food,347,123.54654752941809
food,348,120.24932785849329
food,349,116.56343137045107
food,350,119.02264395495494
food,351,114.87987198948986
food,352,122.00998237423943
food,353,122.1397644267798
food,354,116.82028775824374
food,355,120.56758694682001
food,356,117.47925122944771
food,357,118.07687119190913
food,358,119.55056315540932
food,359,116.59349452484807
food,360,119.85126957156334
food,361,121.6627583838967
food,362,120.88682685030254
food,363,120.86443868108123
food,364,120.53516025445089
food,365,117.87177453702004
food,366,119.57352705946333
food,367,120.24519083766359
food,368,122.27099258152963
food,369,116.87581696022622
food,370,118.83231659154686
food,371,126.99064437381121
food,372,125.57207634138507
food,373,121.49094502849114
food,374,123.09457925221798
food,375,116.9523195848424
food,376,120.4748446989767
food,377,120.82577413058888
food,378,118.11676720591586
food,379,117.16632173244686
food,380,115.85138216564819
food,381,118.84517306392937
food,382,117.3471473849433
food,383,117.43096576270473
food,384,118.01024284921576
food,385,120.2139847484842
food,386,118.16609018984607
food,387,119.61590761383903
food,388,118.06434184402393
food,389,115.5061886373791
food,390,117.36383918889007
food,391,118.53055556723106
food,392,121.12973864146454
food,393,120.8052997143863
food,394,116.51620311812019
food,395,117.41830563370563
food,396,124.50362089313991
food,397,115.30883641731238
food,398,120.85923550318162
food,399,122.95972433032658
food,400,120.92280084078773
food,401,119.68373726184223
food,402,120.3974089558395
food,403,119.07496271567979
food,404,118.60292272993284
food,405,121.49268606320807
food,406,120.30407857517353
food,407,124.4013354666939
food,408,126.92114108142944
food,409,119.63090691376902
food,410,115.99427694607694
food,411,120.7391661845646
food,412,121.03395548261614
food,413,118.06355824296246
food,414,116.39923625535936
food,415,123.00419710685667
food,416,119.94266941838629
food,417,117.88540970873065
food,418,121.11830112245912
food,419,123.82401324529806
food,420,120.07367332392876
food,421,116.96970535049529
food,422,120.21350188777666
food,423,123.04557162922956
food,424,117.87352646519122
food,425,123.19837869433744
food,426,121.05023090198152
food,427,121.0727181085857
food,428,125.41813422159349
food,429,119.86980247081232
food,430,116.77904704662487
food,431,121.5320869863989
food,432,119.99929061568655
food,433,122.40110172408778
food,434,125.27897840627932
food,435,121.82876402383893
food,436,124.12403491672947
food,437,120.89211687482133
food,438,120.1343354744548
food,439,119.52514493365436
food,440,120.57885300177935
food,441,124.64401096912137
food,442,120.64294763786822
food,443,120.42872587018627
food,444,120.59249006847317
food,445,118.40644360587564
food,446,119.06891160143978
food,447,120.29537518821365
food,448,119.21331729090963
food,449,119.39729973769282
food,450,116.08055145694425
food,451,122.95593201734462
food,452,120.70705381508284
food,453,120.47654491768445
food,454,118.30686640133194
food,455,120.62303292910292
food,456,121.50934566729003
food,457,121.67359949213166
food,458,118.01276795955114
food,459,117.41962399479821
food,460,124.87877580675881
food,461,121.12634920350118
food,462,119.79238870924223
food,463,127.52456599809399
food,464,120.72728763031641
food,465,124.0537096713368
food,466,120.77510540429775
food,467,125.28775447843017
food,468,123.9216491955611
food,469,118.80591180647946
food,470,122.44340098456661
food,471,122.36345573820202
food,472,125.21696442674816
food,473,123.54234915304858
food,474,118.74216130292574
food,475,121.58687190456415
food,476,122.70331406452233
food,477,119.5152213607723
food,478,118.00964173675365
food,479,124.05130308028245
food,480,120.7397710413874
food,481,124.30194595911989
food,482,121.31408421631372
food,483,122.84888163126038
food,484,122.25411770821677
food,485,120.87930420632598
food,486,122.45857372510748
food,487,121.16201699664144
food,488,121.6322901208122
food,489,123.12938915753098
food,490,120.99566436504603
food,491,125.64775389485592
food,492,119.584468851783
food,493,117.17744266036816
food,494,121.92147806613744
food,495,118.6407364096103
food,496,120.25544907614503
food,497,118.84227690541206
food,498,119.12254843252956
food,499,122.2670266017833
school,0,120.00869081290541
school,1,118.27948396562573
school,2,120.56835576526996
school,3,121.57098923566548
school,4,117.78610957364096
school,5,121.28967686248322
school,6,117.81664769295807
school,7,118.89364144292418
school,8,117.60010512824645
school,9,118.58330655270663
school,10,115.69980566870197
school,11,116.68040308289538
school,12,120.09535611021572
school,13,116.1386254050212
school,14,119.27613074366197
school,15,120.78853887355692
school,16,118.82889879550864
school,17,120.01435188994358
school,18,120.93679002772006
school,19,117.10344570154054
school,20,117.57553517964259
school,21,115.57875641149498
school,22,119.42513377283667
school,23,119.18613415702082
school,24,118.51722714366576
school,25,121.34882454486318
school,26,117.6104304266061
school,27,119.95811139729054
school,28,122.63910298129504
school,29,120.61123054631804
school,30,119.998099762558
school,31,121.46654677880022
school,32,120.60103358434336
school,33,118.18521130097399
school,34,121.16453725110496
school,35,122.60615151860542
school,36,117.47834498726282
school,37,120.80520042758185
school,38,119.58581781096649
school,39,117.60535088594568
school,40,121.39837269773896
school,41,117.28905765154016
school,42,116.34791474351853
school,43,123.9684473540358
school,44,115.98946163741692
school,45,119.38354427170393
school,46,119.84423743617971
school,47,119.77338992562319
school,48,116.4965307259878
school,49,120.1250959518527
school,50,122.76535524398852
school,51,123.37220805123667
school,52,119.15251760060532
school,53,118.82203328559928
school,54,120.00535076625201
school,55,122.64695382554997
school,56,121.29729966434641
school,57,117.58124128913627
school,58,120.17640715402891
school,59,121.58934019009226
school,60,120.35832010152896
school,61,120.44361315888588
school,62,115.9892800877454
school,63,119.68884210078518
school,64,118.97031527172221
school,65,118.77743325839154
school,66,119.73843601619527
school,67,120.79383051127421
school,68,120.21257530420432
school,69,121.58411034467942
school,70,118.26418782063341
school,71,127.21657221142108
school,72,122.60861333257975
school,73,117.3659790814142
school,74,120.05375224697015
school,75,118.29201954943262
school,76,117.14986141220012
school,77,119.65893313091453
school,78,123.95843257733274
school,79,118.35097959252951
school,80,118.69737892537296
school,81,121.43163410540292
school,82,118.74436664847434
school,83,116.49443861546109
school,84,124.0285984211344
school,85,117.82195296767175
school,86,120.46786452532281
school,87,120.45587124120752
school,88,119.23332758424223
school,89,116.61697782493606
school,90,118.2078384893315
school,91,123.65391913135382
school,92,118.78113457671368
school,93,118.86056480305776
school,94,116.0619398162029
school,95,119.51584748707194
school,96,119.74731075796285
school,97,118.03703461069242
school,98,117.0170661448346
school,99,117.17771123711115
school,100,120.08057107116383
school,101,121.12374273668472
school,102,119.10567048269793
school,103,120.89459420408642
school,104,122.19138531944202
school,105,118.24013367755357
school,106,120.4244082911913
school,107,117.32662419700699
school,108,114.93478559904477
school,109,116.19140539349644
school,110,119.84997882373938
school,111,116.86438494896205
school,112,117.12336744470295
school,113,119.11427359768729
school,114,121.49150538026592
school,115,115.29872701098202
school,116,115.67565366260308
school,117,124.21224188801587
school,118,120.16526402417236
school,119,124.28587561507842
school,120,120.76520934765504
school,121,123.66698684545892
school,122,121.48195669677231
school,123,122.18595187411981
school,124,117.47075630524486
school,125,120.28917481805404
school,126,114.9256546180277
school,127,116.6400001625988
school,128,116.85110620920756
school,129,119.97848624418583
school,130,121.59061056516637
school,131,121.21055142598387
school,132,121.29263826273002
school,133,121.12098660241011
school,134,123.02800337642164
school,135,117.88421461747076
school,136,121.9245480793395
school,137,120.20473394284544
school,138,122.50301249569688
school,139,119.71367546417706
school,140,117.99391960050573
school,141,118.30418033283048
school,142,116.79575764414058
school,143,122.96021560529368
school,144,121.76360567767868
school,145,125.65698951051172
school,146,121.30408232909757
school,147,116.84462359819399
school,148,124.01877858472947
school,149,120.06405373693372
school,150,124.16860445554376
school,151,121.16257091859721
school,152,124.92901028771833
school,153,121.04525070925745
school,154,118.82824633042365
school,155,121.44347135105389
school,156,119.0085252662644
school,157,117.93815516562691
school,158,117.29366197309528
school,159,120.49236918194173
school,160,118.4249478116841
school,161,122.46738451283466
school,162,118.25380906744267
school,163,130.87106979049594
school,164,119.67886698785316
school,165,119.83312921768862
school,166,119.84869596997203
school,167,121.00441189259634
school,168,120.49355433560098
school,169,124.5417983213566
school,170,121.43084196459526
school,171,114.9142057683106
school,172,123.02854010029594
school,173,118.32886118269212
school,174,117.00908059663158
school,175,122.98271717416793
school,176,116.192227977966
school,177,115.59236335639251
school,178,122.50665143382733
school,179,117.00750633746199
school,180,118.96877212008836
school,181,117.27544741329949
school,182,119.87367579481682
school,183,116.7538421797064
school,184,120.01295169010191
school,185,116.42066737437366
school,186,119.93827744509993
school,187,116.57768316014231
school,188,117.48241203553178
school,189,123.34829796432916
school,190,119.04141825517895
school,191,121.1602218298877
school,192,116.2225055434024
school,193,116.09773303796199
school,194,118.09272897895404
school,195,119.70861144121893
school,196,118.3666458058894
school,197,119.00916580610985
school,198,121.50818185027654
school,199,118.88388743486131
school,200,120.12177947842343
school,201,122.33478126811899
school,202,120.39011628956422
school,203,118.97553851196918
school,204,117.41840810917962
school,205,120.81881851678158
school,206,118.66305439817977
school,207,121.39734714056607
school,208,114.38327553757044
school,209,119.55449612580007
school,210,119.94400472676013
school,211,117.25620353613463
school,212,118.82340989199685
school,213,124.97977984601552
school,214,118.50344333225746
school,215,116.65919925469079
school,216,119.36824159658848
school,217,121.89702584731192
school,218,117.99356595100707
school,219,117.80461882201823
school,220,118.57958055488457
school,221,117.63913035320613
school,222,119.54068315626745
school,223,119.66943645951143
school,224,118.6917805548219
school,225,120.58634914200535
school,226,118.93240891820524
school,227,121.26254154688529
school,228,119.59402915714186
school,229,118.66776951583095
school,230,121.49424447057793
school,231,123.76387662718302
school,232,116.94080321784762
school,233,118.24717741215917
school,234,115.54642233844025
school,235,117.94885107444901
school,236,122.24777051660729
school,237,120.71559118035329
school,238,116.3798420891881
school,239,119.42556169544775
school,240,119.87393235509151
school,241,117.78177373430789
school,242,120.46938434136504
school,243,118.86537659481908
school,244,116.84987299955547
school,245,120.38086254479745
school,246,118.42434218960858
school,247,117.88854658393089
school,248,115.39363993852932
school,249,118.43594386160412
school,250,120.0978750989121
school,251,118.06692966517804
school,252,115.42392556127167
school,253,117.69454539562486
school,254,122.82051863949064
school,255,122.03562625170167
school,256,122.4421563725222
school,257,121.87575604961629
school,258,119.43826225456003
school,259,117.92813276926455
school,260,120.49866122213007
school,261,116.21469308143276
school,262,121.8572820795924
school,263,124.54713608212546
school,264,122.6465938329896
school,265,121.32345470565338
school,266,118.60581290137321
school,267,116.20534177144694
school,268,116.94641408637739
school,269,118.83599040766468
school,270,116.8204614252377
school,271,118.68787472250186
school,272,120.64716810032776
school,273,119.50210929303375
school,274,118.0981593570858
school,275,120.92168767783309
school,276,118.4772227605843
school,277,117.00203265006104
school,278,116.35647248957883
school,279,119.22218575437708
school,280,122.0317913819424
school,281,118.61840214404367
school,282,120.85291807721418
school,283,118.5613884481265
school,284,120.3290214368171
school,285,122.65961117400379
school,286,120.77280403828436
school,287,122.51555751556555
school,288,119.14069982085924
school,289,125.25817945200772
school,290,130.39908677025446
school,291,120.43192318723952
school,292,114.44803545472186
school,293,120.17684999873323
school,294,117.19696966414158
school,295,118.04881727577461
school,296,115.01054321478432
school,297,116.29109694241735
school,298,119.7072115061397
school,299,119.26502868728079
school,300,122.938263650606
school,301,122.31076589431879
school,302,123.68187564792714
school,303,119.93692546816892
school,304,119.9665012255059
school,305,121.28442274789768
school,306,121.3079664065297
school,307,118.53349088313139
school,308,121.75558764111997
school,309,123.72618440725577
school,310,122.16475101708969
school,311,118.06167630119961
school,312,117.27921429780892
school,313,119.49688674574463
school,314,118.67282106521202
school,315,121.06202564668125
school,316,122.68432956416093
school,317,121.44350152140073
school,318,124.65503258722346
school,319,119.20122624360674
school,320,117.46012564664193
school,321,120.77760291055921
school,322,118.55347420783708
school,323,118.03001123877578
school,324,120.58205094545056
school,325,117.86846903768355
school,326,122.55647296486434
school,327,120.49984402052716
school,328,123.35133431334894
school,329,119.75170031819627
school,330,115.94629069566513
school,331,118.3090981987664
school,332,119.53620439885289
school,333,118.83916605634397
school,334,121.12342140516704
school,335,119.67222452794519
school,336,122.58225307934805
school,337,118.80801087844976
school,338,117.04375400536296
school,339,121.07540118531013
school,340,115.01481322634604
school,341,117.99853079339864
school,342,118.04138892010528
school,343,119.80937098951313
school,344,117.23209946483625
school,345,119.58637106882155
school,346,115.08368092745869
school,347,120.43829503866496
school,348,121.20640462604959
school,349,115.25578807261748
school,350,117.4912712551093
school,351,121.53951473524141
school,352,120.25044706770838
school,353,122.32537240891605
school,354,116.66910245349169
school,355,125.42828442263769
school,356,117.25334410832775
school,357,121.61148840862708
school,358,120.63732080402457
school,359,119.57098396922039
school,360,117.70639037116122
school,361,121.84083364772262
school,362,121.53323582702045
school,363,116.05337274892018
school,364,120.47775322380207
school,365,124.6161070269449
school,366,120.8450850311445
school,367,119.06310347636426
school,368,119.11797026380077
school,369,119.40275849205217
school,370,119.85417078767375
school,371,117.45126491478108
school,372,121.68645772220769
school,373,119.10108076938218
school,374,117.6377921377284
school,375,118.58305869878645
school,376,119.6696393810505
school,377,118.92677005190231
school,378,127.24985151096868
school,379,116.72711205682447
school,380,119.44518668402367
school,381,120.4151509467602
school,382,120.19157939403871
school,383,119.23672482348076
school,384,114.89961462448512
school,385,120.15489494291633
school,386,125.10841247502316
school,387,124.17402491972618
school,388,122.14291298668576
school,389,120.12470076630832
school,390,120.1841608675148
school,391,120.8911255718584
school,392,117.09746444584187
school,393,118.46263354071911
school,394,118.32638533901445
school,395,124.34980666587062
school,396,121.01956904213036
school,397,121.12556097687175
school,398,119.97107759197345
school,399,120.12517926143391
school,400,122.52225281829767
school,401,118.56526514633406
school,402,114.56119220301039
school,403,124.0048235096206
school,404,118.34557317705443
school,405,121.00734794307957
school,406,125.46565314565765
school,407,117.589335958091
school,408,118.86603599873237
school,409,123.5072724541386
school,410,123.9194348866004
school,411,117.59285134930846
school,412,123.9378639993394
school,413,122.93609972884826
school,414,120.93364186275237
school,415,120.02840718306949
school,416,120.28662694518049
school,417,113.62866152904057
school,418,117.71110994963132
school,419,122.31321129541546
school,420,118.81800903237053
school,421,122.27705211504991
school,422,120.06951367453244
school,423,117.49738592706056
school,424,123.1746885591928
school,425,117.24496160100706
school,426,116.27671890734825
school,427,120.86528611033778
school,428,119.294897317948
school,429,126.03785445705455
school,430,118.7003155750624
school,431,115.39526463606397
school,432,120.59584093473306
school,433,115.69679971201039
school,434,120.5649662996873
school,435,120.4568207609165
school,436,115.97107564820848
school,437,115.81484402164293
school,438,121.2057678921006
school,439,118.09367641845074
school,440,119.99459392551697
school,441,125.19142692093259
school,442,117.90358454905585
school,443,113.32255114270278
school,444,117.8814560577718
school,445,118.44923302348884
school,446,117.32601058893997
school,447,117.05924464665412
school,448,119.08484951703299
school,449,118.55916647709768
school,450,121.22235741390661
school,451,118.96023526715118
school,452,123.51134585710545
school,453,122.8216881849342
school,454,119.38944603373301
school,455,116.68415318179586
school,456,122.72699491593823
school,457,117.51755752179851
school,458,117.91551234734983
school,459,120.48333474250174
school,460,124.10993722370003
school,461,117.60466432496683
school,462,123.93888981247996
school,463,113.23873884388955
school,464,117.14118022441356
school,465,124.24182768746708
school,466,121.48985673777321
school,467,118.38734648488489
school,468,116.8599405417348
school,469,119.65917197913778
school,470,120.99726544460165
school,471,115.94338116272229
school,472,122.92795529458917
school,473,120.97582836859293
school,474,118.64638110263803
school,475,115.83271157935255
school,476,118.09618967664173
school,477,123.45272204093096
school,478,116.78103945476394
school,479,121.46801824655111
school,480,126.16653989801559
school,481,120.35229150152075
school,482,117.25648115424802
school,483,116.6894938478515
school,484,116.618522004846
school,485,120.3074243945258
school,486,118.35222982715679
school,487,119.9133190730009
school,488,122.41107047211666
school,489,113.21958965199003
school,490,118.20324294811218
school,491,119.77464540655127
school,492,123.09026776321888
school,493,117.96611141201072
school,494,118.850531127069
school,495,120.20262076036963
school,496,117.52366625382939
school,497,117.48012720740665
school,498,120.385834872354
school,499,121.79735402138543
