Item,Draw,Appropriateness
time,0,119.40701524371617
time,1,118.64096333221212
time,2,117.1003205142916
time,3,115.23478321532512
time,4,117.12633467223337
time,5,118.36134574632662
time,6,115.75808411857795
time,7,118.51334079228859
time,8,116.61742610306744
time,9,118.6557778247995
time,10,117.6437976228635
time,11,115.42028532769973
time,12,118.00643471271985
time,13,116.4254340492491
time,14,118.42402400217635
time,15,119.13316695587272
time,16,114.33809005694738
time,17,116.71450591751582
time,18,116.20248785481718
time,19,117.12478558615234
time,20,118.28297410111426
time,21,115.15378039037462
time,22,117.9263065581242
time,23,117.84553358041248
time,24,114.48745793764736
time,25,117.73921700253918
time,26,119.95717991816657
time,27,114.41906762739156
time,28,117.34210438769092
time,29,116.10335871817131
time,30,119.316207252842
time,31,116.09285469803723
time,32,117.39303025176504
time,33,117.587276906875
time,34,113.91555179004835
time,35,118.80576547233478
time,36,117.08862359120451
time,37,120.24918168375144
time,38,118.9574303141945
time,39,118.53846656716792
time,40,118.03856161804876
time,41,116.48594477029694
time,42,117.1832658287557
time,43,118.6289773708322
time,44,118.02222024801465
time,45,120.3862357291919
time,46,117.38642386222851
time,47,117.0778641314061
time,48,120.35048504099788
time,49,114.28960113804756
time,50,117.01842725201563
time,51,116.4882636920131
time,52,115.1007464847559
time,53,117.30616086196494
time,54,116.72132610623096
time,55,115.65165177354291
time,56,114.767382209279
time,57,113.54916724599437
time,58,117.22133275655493
time,59,115.50597061535986
time,60,119.38535096935739
time,61,117.90058244671357
time,62,119.03416645016789
time,63,116.36529920768008
time,64,115.96387577600584
time,65,116.95273040448713
time,66,119.38185004105779
time,67,117.76073240650615
time,68,116.57613556438824
time,69,118.53255278869787
time,70,118.77588103485664
time,71,118.18348155382287
time,72,117.53997273063892
time,73,117.203112441336
time,74,117.00453984102232
time,75,115.2011683896902
time,76,117.49169437182319
time,77,116.89465656062606
time,78,114.61462248918201
time,79,116.57140055960926
time,80,117.61046638940809
time,81,119.66888697985738
time,82,116.82701482979074
time,83,115.88540215675937
time,84,119.21446879065181
time,85,115.26809789384005
time,86,117.17848169587006
time,87,116.15500474284698
time,88,120.11376841068682
time,89,116.73577178533601
time,90,116.5538313931828
time,91,119.13905540787309
time,92,114.5669699825655
time,93,117.9595242321674
time,94,119.05690004321524
time,95,117.4645797271649
time,96,115.85597444387734
time,97,115.23375691435756
time,98,116.6982343841638
time,99,115.29756931308779
time,100,119.99927120180959
time,101,118.19229187575257
time,102,116.78963625093553
time,103,118.28845264325953
time,104,118.39108156088362
time,105,115.59314161693905
time,106,115.12437322063569
time,107,116.27961473853023
time,108,115.2839956766951
time,109,116.88132255566832
time,110,112.2557324065899
time,111,114.57891893735528
time,112,115.50205408904748
time,113,109.88854503007488
time,114,115.18040992173843
time,115,120.41221924229768
time,116,116.64817597985326
time,117,116.86788724372616
time,118,117.78252956840684
time,119,118.83762638774769
time,120,120.97281952971393
time,121,118.93825842012656
time,122,115.65526851706278
time,123,116.36450542672283
time,124,114.52737900958283
time,125,113.97674992688896
time,126,116.17759268185786
time,127,118.16148163267692
time,128,118.80113736276836
time,129,116.93520135329476
time,130,116.10609122701369
time,131,113.27579689217661
time,132,115.96516860341093
time,133,114.70804509585375
time,134,121.2418773784798
time,135,119.1273371630164
time,136,115.69508627334231
time,137,114.05708953525875
time,138,117.24873372187115
time,139,117.25802648155508
time,140,115.37834339847576
time,141,117.17915273334508
time,142,116.77281015087912
time,143,116.2153941405442
time,144,121.39657110770068
time,145,116.41270876440353
time,146,116.57612348778355
time,147,116.22969546159212
time,148,116.50442091868887
time,149,118.86647978130802
time,150,113.58544558406723
time,151,116.57595003546035
time,152,118.41047445566662
time,153,115.90743727082977
time,154,119.50945421870713
time,155,115.70264469981153
time,156,115.43466340428952
time,157,112.71594515709809
time,158,112.22835521430011
time,159,113.41576244872651
time,160,119.88014088939356
time,161,116.66446595104098
time,162,118.93992940378813
time,163,117.16265405634894
time,164,115.69682258465454
time,165,114.6836505225459
time,166,116.04073740811687
time,167,118.74160119507387
time,168,118.89084668907954
time,169,118.41079293301769
time,170,121.86071407707682
time,171,114.90915269848962
time,172,113.39784687200812
time,173,117.23036855151439
time,174,119.61882676497653
time,175,115.5153498022738
time,176,115.91592397515701
time,177,116.93012859715905
time,178,117.6415361387642
time,179,113.83611170508172
time,180,118.00636021760253
time,181,116.65468763093465
time,182,114.5501171788131
time,183,112.95653285818688
time,184,116.67012130417811
time,185,118.24544664569949
time,186,115.11574833194716
time,187,114.50962827302236
time,188,117.80146183085114
time,189,115.91671257492445
time,190,116.06365448374463
time,191,114.400832483506
time,192,115.47242844685022
time,193,116.54025840582409
time,194,117.087147524642
time,195,114.14848035108902
time,196,117.91578842948518
time,197,118.6211320822007
time,198,117.71953365501258
time,199,114.93356673547635
time,200,116.04668767427113
time,201,117.0101790230658
time,202,115.89882286630785
time,203,118.68425361508802
time,204,116.46801243041105
time,205,118.73346900993039
time,206,113.72185317127703
time,207,117.41560378566783
time,208,117.22160662917764
time,209,118.96677051610209
time,210,115.89132453313175
time,211,116.19478965188684
time,212,117.55749227141084
time,213,117.94433792971071
time,214,118.33001332652458
time,215,116.0986997183117
time,216,116.66280136552456
time,217,119.1608128741272
time,218,116.39543967590356
time,219,117.89596503740516
time,220,114.72817808963907
time,221,116.39972858524497
time,222,114.76998365853193
time,223,114.1677279763273
time,224,112.77096098658484
time,225,115.03556980787333
time,226,120.1472353144703
time,227,118.09983428798606
time,228,117.54826633721798
time,229,117.39889398301541
time,230,119.81144479326613
time,231,117.02449122943179
time,232,112.936384044265
time,233,116.31707353874283
time,234,115.26953941299642
time,235,116.01357327795212
time,236,117.68108316951226
time,237,118.06775826860107
time,238,117.47360463353742
time,239,116.85268977451257
time,240,117.18157543896048
time,241,115.32218434000978
time,242,118.3078865730937
time,243,117.29563868773538
time,244,119.12930185800685
time,245,120.939588523165
time,246,115.55441602424297
time,247,118.68809127905773
time,248,114.26572424946524
time,249,117.11696132173113
time,250,114.28993305558173
time,251,117.78904538087491
time,252,117.19820928652331
time,253,116.61557076682286
time,254,116.17608333129077
time,255,113.41997894393852
time,256,118.57291370710831
time,257,114.22182148234499
time,258,116.31538573665807
time,259,116.9042592095195
time,260,115.50625058054891
time,261,115.90804791551056
time,262,117.48064151947557
time,263,117.65215907192432
time,264,115.86192174097569
time,265,115.3018371047725
time,266,116.2811250489712
time,267,119.55212890274358
time,268,120.53412749247457
time,269,116.42686996756022
time,270,117.4523461974444
time,271,114.72231765861989
time,272,115.10756349418554
time,273,117.15874088759242
time,274,116.39823409169297
time,275,114.49669510880835
time,276,114.14867289580957
time,277,117.51355642811923
time,278,119.36841955446009
time,279,120.26111338583976
time,280,117.6155638503617
time,281,115.3740711703802
time,282,116.08494644193716
time,283,117.40042413337837
time,284,118.90568043700604
time,285,115.34205043477932
time,286,119.74728764199476
time,287,116.15275394970226
time,288,116.76668765281339
time,289,119.22428791785322
time,290,115.87194161370628
time,291,113.59473446235337
time,292,120.59937315841029
time,293,116.36024973279208
time,294,115.60300115869147
time,295,117.36861446046198
time,296,118.16009486174227
time,297,119.07938990691787
time,298,117.19585145979983
time,299,118.3320341663163
time,300,115.30499331507254
time,301,113.3473811355413
time,302,116.82247087117916
time,303,116.98654781660618
time,304,114.899647831673
time,305,116.476182558204
time,306,115.62255496006905
time,307,115.58353004972408
time,308,116.48506341952198
time,309,116.91723837341084
time,310,117.28095200916246
time,311,117.40454090334363
time,312,117.3234151887101
time,313,117.51343537892616
time,314,117.42254688829685
time,315,115.29099654376111
time,316,112.83982021338173
time,317,115.03347642946085
time,318,117.54308332374828
time,319,117.4337551772634
time,320,117.07172271948943
time,321,113.83435358539775
time,322,115.48645124281795
time,323,114.1093785205962
time,324,115.28214590918522
time,325,116.42509389044096
time,326,114.47243163250526
time,327,118.88741744197677
time,328,117.77426322413163
time,329,118.09957218426577
time,330,116.68876444063316
time,331,115.66547729766347
time,332,115.06096819514468
time,333,115.15331289340367
time,334,116.65844540405656
time,335,118.39959177105115
time,336,116.24523727258196
time,337,115.29145357740767
time,338,116.36842236722373
time,339,117.17118963386477
time,340,117.8506615723394
time,341,116.44812424639959
time,342,114.2887586359296
time,343,115.52084611783984
time,344,119.67965548860249
time,345,115.3941222771579
time,346,116.35859878066547
time,347,118.82616078258124
time,348,114.69768872554454
time,349,115.43850844905205
time,350,120.07871226057478
time,351,115.39232199484518
time,352,115.20818207295451
time,353,120.36365546936129
time,354,116.09176780065977
time,355,120.36298852155387
time,356,118.74202411568227
time,357,113.85092183613988
time,358,115.10602172935822
time,359,117.54374806302867
time,360,117.59770576719679
time,361,121.86054999504303
time,362,114.77260738589597
time,363,116.40045403268897
time,364,117.79573073141374
time,365,118.91249824395143
time,366,116.5464172472998
time,367,115.76281620415381
time,368,116.70752991746089
time,369,116.31788342738115
time,370,118.69737561304596
time,371,114.64732763393161
time,372,116.68528795887157
time,373,118.75409242765247
time,374,117.0713762872469
time,375,118.13952491347837
time,376,117.79386337597467
time,377,120.34356497701968
time,378,115.16090898515081
time,379,115.98032425781741
time,380,115.18664588841207
time,381,119.09243437313859
time,382,116.46792196690876
time,383,119.78574017819412
time,384,117.03805597985821
time,385,117.12265596009483
time,386,116.55692881596269
time,387,115.07093125567029
time,388,112.94584699926867
time,389,118.4163995485374
time,390,114.4297248325748
time,391,117.9542124567124
time,392,116.3149277928986
time,393,115.17795443620113
time,394,117.24267569926805
time,395,119.25867431520018
time,396,119.26292214681453
time,397,119.38687747735273
time,398,116.91012044431244
time,399,116.36006263724457
time,400,115.14561797176832
time,401,115.07311559620315
time,402,117.46952246360505
time,403,116.23068199480247
time,404,115.35392409369211
time,405,115.58923052922718
time,406,115.09159430576139
time,407,116.17602938831213
time,408,117.67498777429653
time,409,122.32845776212284
time,410,115.09525051205863
time,411,119.70915151626245
time,412,119.97180091215327
time,413,114.22070837846758
time,414,116.39983189637782
time,415,116.50400754552292
time,416,123.23315944922093
time,417,114.14131823423001
time,418,116.78752157807057
time,419,116.25540901970976
time,420,116.6742271014698
time,421,118.40340268756684
time,422,117.37093564724124
time,423,116.76214749096296
time,424,116.74000079841107
time,425,117.24083039568562
time,426,118.00003678451819
time,427,116.00941156309621
time,428,116.13274637471687
time,429,115.08465280858569
time,430,115.22080309138228
time,431,120.30758055811812
time,432,117.35338397351309
time,433,116.18379536678134
time,434,117.73905315931394
time,435,116.93305979183866
time,436,114.47599250410705
time,437,115.10011658115936
time,438,115.56388216956218
time,439,117.71133390887145
time,440,119.64947457852182
time,441,119.58267228605095
time,442,114.18225567446683
time,443,116.41392982303333
time,444,114.44423938324849
time,445,116.42614055735596
time,446,119.0691613514441
time,447,116.92672761489075
time,448,115.45733254391057
time,449,114.07067471818182
time,450,115.7445924588578
time,451,118.61744199861006
time,452,117.24646785848978
time,453,117.01012620228816
time,454,115.61491450251029
time,455,116.19401771035389
time,456,117.80556507433275
time,457,119.45943597632385
time,458,115.6780311416252
time,459,115.83393779903287
time,460,116.18722131897637
time,461,118.36475353271278
time,462,119.0943275620151
time,463,117.290041650738
time,464,116.36604977574545
time,465,115.0102473941097
time,466,117.05319009155737
time,467,117.44713543047705
time,468,117.533027818907
time,469,117.6416086864084
time,470,117.28250201541466
time,471,119.19361331726842
time,472,112.73359757649841
time,473,116.53439057199049
time,474,117.27443216610891
time,475,117.06383903861305
time,476,115.51149333699107
time,477,120.05490868857389
time,478,116.92801948525783
time,479,115.23905752074491
time,480,117.26884797625341
time,481,120.73678204011078
time,482,116.52547949378527
time,483,117.41555151591353
time,484,117.77204171624447
time,485,114.21696932597236
time,486,117.51730239168398
time,487,118.58614493648862
time,488,116.3702854927271
time,489,114.6631793595435
time,490,119.29712133703387
time,491,113.57327153579917
time,492,115.62120739028974
time,493,115.58094613100995
time,494,115.65820569750989
time,495,117.46172716303074
time,496,116.78729485233777
time,497,118.64795692835035
time,498,117.14835129540894
time,499,116.78019941128441
food,0,122.02848871858227
food,1,128.2898984730822
food,2,117.94318942465829
food,3,125.8104121805989
food,4,119.00016323237195
food,5,119.61196289189817
food,6,116.24687963075979
food,7,116.89827785219791
food,8,121.76093398642045
food,9,122.0581545097738
food,10,122.33643371218801
food,11,130.61996642912183
food,12,118.85249662589807
food,13,124.78950093419421
food,14,123.04179619434062
food,15,124.49396671423685
food,16,117.2518662274981
food,17,119.0063352379793
food,18,121.57794707527836
food,19,120.26801145357486
food,20,122.10375494827616
food,21,119.77242405077544
food,22,124.34325921836053
food,23,120.08131979952223
food,24,121.06556365998446
food,25,124.18828086409096
food,26,121.29411101374205
food,27,122.51734296889208
food,28,118.24502509285341
food,29,121.88185078475205
food,30,121.40529033059147
food,31,121.03195940353582
food,32,119.24116752456204
food,33,120.30673291354638
food,34,116.39637067624126
food,35,115.0859437220258
food,36,121.75488976478259
food,37,126.70453206337807
food,38,122.17031444534234
food,39,118.12622163036596
food,40,123.81573072264342
food,41,123.15631634242234
food,42,123.18771801294193
food,43,120.67273149056888
food,44,117.60254413607353
food,45,116.18421544253259
food,46,118.76765374678118
food,47,119.06800505595068
food,48,117.55614306279402
food,49,118.86511574153029
food,50,122.96324977774657
food,51,116.9809908986585
food,52,122.52176463175586
food,53,125.41335322713962
food,54,125.84749464139597
food,55,120.6980503562171
food,56,122.13443801357057
food,57,118.64386125120487
food,58,116.84445731707503
food,59,117.63482219079265
food,60,122.17048428161215
food,61,121.16058969925933
food,62,119.49127952789149
food,63,119.88580585932647
food,64,124.50297316948478
food,65,116.42107086418585
food,66,122.88377324310702
food,67,117.70549673203894
food,68,116.7630835084333
food,69,117.64309209245603
food,70,121.72795986087668
food,71,119.64064763301158
food,72,120.7438067560009
food,73,124.85650668770556
food,74,120.08222378390585
food,75,117.01332106413236
food,76,120.1253913955518
food,77,125.42162675256012
food,78,119.02746941382298
food,79,121.4886421105962
food,80,121.37600288410795
food,81,122.64716050181632
food,82,117.58763512296969
food,83,123.71839694306945
food,84,123.08566627796904
food,85,122.4712651342786
food,86,117.08275000420696
food,87,115.65951341989695
food,88,121.10612360986697
food,89,118.76580530254034
food,90,117.14155377332374
food,91,121.99803514001246
food,92,121.90736273181659
food,93,116.8304530104231
food,94,122.91577200771738
food,95,120.10404356729344
food,96,118.32132869511061
food,97,119.39429436225059
food,98,118.39230877494475
food,99,123.13261666124151
food,100,121.70106347315601
food,101,119.7934210339705
food,102,118.34424565535906
food,103,119.23239057448727
food,104,121.57364512843701
food,105,118.69870902249822
food,106,122.06882956840678
food,107,123.48796181510941
food,108,115.78614771983015
food,109,117.90649051637219
food,110,121.56343348113907
food,111,123.42472533532958
food,112,124.04328240331712
food,113,123.72747814325307
food,114,122.44039818892844
food,115,120.20534578345871
food,116,119.67860448722487
food,117,118.90399927347097
food,118,116.99852451448629
food,119,120.42333642412662
food,120,125.73537374922566
food,121,122.7700411070536
food,122,121.6088881564901
food,123,121.88303776191813
food,124,121.9482909283103
food,125,116.85104934146058
food,126,122.7928639683811
food,127,122.0510131598017
food,128,126.2607725287838
food,129,120.69949414904626
food,130,117.74405043842368
food,131,121.91709651056948
food,132,121.31747349175066
food,133,119.72384905396835
food,134,117.91451535950692
food,135,119.73719262651798
food,136,124.44113340934506
food,137,121.17475181718223
food,138,123.24668253798163
food,139,121.16256420647169
food,140,119.79701797568367
food,141,126.39273415926502
food,142,125.16791478039242
food,143,121.02385053700687
food,144,116.46359723989998
food,145,118.15167911709091
food,146,121.94877073767691
food,147,123.911870584022
food,148,120.33763859686597
food,149,120.89198456281618
food,150,118.90737734053027
food,151,119.98694137179969
food,152,119.40727926670493
food,153,123.27619737847407
food,154,121.75465798607641
food,155,118.56317852748361
food,156,122.87077148382804
food,157,119.92238189648512
food,158,122.1102237731301
food,159,123.24946404779584
food,160,121.79828434500526
food,161,121.03681000897828
food,162,125.61057925077648
food,163,123.90937323905507
food,164,121.7914771301197
food,165,118.36165531382225
food,166,120.99625004419184
food,167,121.26008365727974
food,168,122.87628742054505
food,169,121.06854767939461
food,170,117.25851098123974
food,171,120.57554228528171
food,172,121.0411721098028
food,173,115.9443001737594
food,174,123.15376824036545
food,175,122.17137175998911
food,176,120.70604482783318
food,177,120.92567385682142
food,178,121.93098819389301
food,179,120.65435588794284
food,180,126.63093538618406
food,181,117.53004394180972
food,182,116.21004933871062
food,183,122.18258290100049
food,184,120.27684463741848
food,185,115.16411053048532
food,186,124.96855289408163
food,187,121.46201966239943
food,188,120.04573275947803
food,189,118.97910188610983
food,190,120.04057155713082
food,191,115.98493121755091
food,192,124.58745524997954
food,193,123.15200019319768
food,194,118.01813069475118
food,195,117.7370132635988
food,196,118.77849701243774
food,197,120.57207122858024
food,198,119.37481751009148
food,199,124.67917551186041
food,200,122.48119306916456
food,201,116.10529317085398
food,202,115.25040987605597
food,203,123.38441647728425
food,204,118.0370138987685
food,205,123.04169711734079
food,206,116.92565603857079
food,207,120.86547361145747
food,208,118.28295130355684
food,209,117.8053161211356
food,210,118.9730190909739
food,211,118.89819680223559
food,212,123.45578230930272
food,213,117.34518503837705
food,214,122.88412107739117
food,215,125.21451590078006
food,216,118.67055483107232
food,217,121.84605010380258
food,218,123.25946039147142
food,219,116.80663255268622
food,220,119.36954905277166
food,221,120.61490006804512
food,222,120.1567422643665
food,223,123.86609787434107
food,224,119.34649274239284
food,225,119.37754845064121
food,226,121.21430349563933
food,227,117.72700308558939
food,228,114.78032876312922
food,229,117.39032204446258
food,230,120.0505251636996
food,231,122.42908870115173
food,232,120.92898272305483
food,233,117.2996602739756
food,234,120.77669213753136
food,235,119.55350300838519
food,236,123.92734045413205
food,237,117.20325268814761
food,238,126.0334405761449
food,239,119.56258059977898
food,240,124.66380066533296
food,241,116.5729593407509
food,242,119.21628778761419
food,243,121.093386506767
food,244,119.26869774060278
food,245,120.08066338684552
food,246,123.49336357961556
food,247,117.12286956684412
food,248,120.16784012724332
food,249,127.10141258728933
food,250,117.57240175139671
food,251,116.23644915827758
food,252,118.1439170046207
food,253,119.26066903454769
food,254,116.40715744684348
food,255,118.05620179985559
food,256,120.30581147573385
food,257,121.8102367722254
food,258,122.89995069078495
food,259,121.98057628237409
food,260,120.18459462642805
food,261,119.19852388688619
food,262,119.33194612481306
food,263,118.37049357548588
food,264,125.1341738610343
food,265,121.35855546135434
food,266,124.77805435043912
food,267,124.90187941841013
food,268,123.58045603587271
food,269,118.7622937380577
food,270,115.64692417728189
food,271,123.95947920965023
food,272,119.86728145115823
food,273,117.80884834986531
food,274,124.92424395897861
food,275,120.26556752164184
food,276,119.48354872207673
food,277,122.7313134908025
food,278,117.02249550384873
food,279,121.0951103134654
food,280,121.62522920787822
food,281,120.56133366826091
food,282,120.32462881938947
food,283,122.51971990805733
food,284,121.30647393572038
food,285,117.28105653586962
food,286,115.78904940212715
food,287,121.70184513962342
food,288,122.52175952045359
food,289,121.24325572671124
food,290,119.08241316302176
food,291,120.15421945100309
food,292,117.82530171561459
food,293,117.41533579053095
food,294,120.91754941367053
food,295,124.02605668592659
food,296,124.06600419061422
food,297,118.76952169920807
food,298,124.12576235037022
food,299,124.17867629321864
food,300,119.66524626714481
food,301,119.05497698622851
food,302,122.04877580752387
food,303,119.07846104484521
food,304,122.20523178495262
food,305,119.25576429263931
food,306,122.1649883674701
food,307,122.43338243433473
food,308,121.71544805293446
food,309,117.36924641284854
food,310,120.86222789222806
food,311,121.84127212952187
food,312,123.84341207314604
food,313,122.89175129009959
food,314,120.13484914578885
food,315,118.03490073761505
food,316,117.73915438624194
food,317,123.20342797527081
food,318,120.65685701588163
food,319,119.74456542190002
food,320,123.56332335377613
food,321,121.22188652447367
food,322,123.13326020577644
food,323,116.20791057885627
food,324,125.48884038161401
food,325,120.86368007698438
food,326,122.02843252730062
food,327,118.73560656278615
food,328,117.78130145845299
food,329,123.9833221168807
food,330,123.47591967334817
food,331,123.14245899878958
food,332,121.23803520764424
food,333,121.7641887254203
food,334,120.18301995320884
food,335,127.58268681768119
food,336,120.38978916219627
food,337,126.9357044005796
food,338,120.64372627361782
food,339,120.1193531498117
food,340,119.97879166793714
food,341,120.13756342701431
food,342,120.11705285538407
food,343,121.8803413907284
food,344,118.88724968813098
food,345,124.03018194266157
food,346,117.34913596720074
food,347,126.24718169385525
food,348,126.19905666941287
food,349,116.77982655513415
food,350,118.7012506585751
food,351,118.16794210114065
food,352,118.6816137574701
food,353,126.93485810666918
food,354,122.26592595761541
food,355,117.31530470946055
food,356,121.11590865641226
food,357,124.56914844642404
food,358,122.14473423087931
food,359,121.08878667217063
food,360,122.27391932207827
food,361,122.29670159694838
food,362,121.31527992722953
food,363,119.78882818823739
food,364,120.9932741001426
food,365,120.49079951215498
food,366,118.39114214741053
food,367,115.1650743168971
food,368,120.60102609844472
food,369,120.97420821321927
food,370,122.15013863909456
food,371,121.8486130930074
food,372,119.02646071925741
food,373,117.86320054289656
food,374,118.19761904729786
food,375,119.19917809941953
food,376,120.64297133364836
food,377,116.04157087682393
food,378,124.28945519002694
food,379,128.15312778357278
food,380,123.02524438763973
food,381,116.50024432882479
food,382,120.99150373622155
food,383,119.73682845658735
food,384,125.2372095920221
food,385,122.88947843644411
food,386,120.03450064317892
food,387,121.58742606166253
food,388,118.95933945736527
food,389,116.67487873469982
food,390,125.6390279909817
food,391,123.58247246313319
food,392,119.08791229077215
food,393,122.15090945627536
food,394,126.0591848070631
food,395,120.72869741951465
food,396,121.12973665419429
food,397,118.07744488766747
food,398,119.2983832890979
food,399,121.01031774089431
food,400,122.28732168275465
food,401,123.48452897804445
food,402,122.25978743638979
food,403,122.19655251486013
food,404,126.2541803290343
food,405,114.21110745536835
food,406,121.29966345429533
food,407,123.68113209728442
food,408,120.31010164724452
food,409,123.82231834465209
food,410,118.66752484078889
food,411,117.03337721876362
food,412,124.14156510054167
food,413,119.93919293455278
food,414,119.01374058012692
food,415,122.86553505311699
food,416,120.00007339005158
food,417,122.5855749402033
food,418,118.79165904130862
food,419,123.28419550227106
food,420,119.44548546238092
food,421,124.46506854168109
food,422,124.01632963005842
food,423,118.37405196256007
food,424,117.24235492276136
food,425,123.00451107583075
food,426,122.31959095519065
food,427,119.17008943055616
food,428,120.38208111243543
food,429,116.46501396580449
food,430,120.5365836177523
food,431,121.93302014996934
food,432,118.37443062630946
food,433,118.18704396348774
food,434,121.90330893529169
food,435,118.19647239078428
food,436,119.32515988659726
food,437,118.89606075901642
food,438,119.43956448588895
food,439,116.25886947211693
food,440,117.74352857785448
food,441,126.17024098418685
food,442,119.08435862237432
food,443,120.28937692465465
food,444,124.46922617549738
food,445,121.95912612360935
food,446,117.03465831248099
food,447,121.47924937323408
food,448,121.2602897470701
food,449,122.90013263109942
food,450,122.93029992092535
food,451,119.93586480863077
food,452,121.4634401710897
food,453,122.4724615664135
food,454,128.80402348206542
food,455,116.58470088708302
food,456,119.47324746016179
food,457,118.75016238108422
food,458,117.42550136648016
food,459,118.0915222773773
food,460,116.82764178001288
food,461,121.45765328207492
food,462,122.3107556613235
food,463,116.96195134971146
food,464,119.95532126098321
food,465,117.35393769066394
food,466,122.0762085957351
food,467,119.87418037642345
food,468,114.3141434270564
food,469,121.87625779343183
food,470,119.89207248178724
food,471,119.9882328213244
food,472,120.25407861669719
food,473,119.50551031337042
food,474,123.47654043114278
food,475,119.90941824259866
food,476,119.84761979430067
food,477,124.22424946968573
food,478,120.12048083260947
food,479,117.84012475173131
food,480,119.81761763871961
food,481,115.74655779977576
food,482,123.89387804777614
food,483,123.17030043132597
food,484,117.28759123588559
food,485,121.97974685155674
food,486,121.67191825937131
food,487,121.61923389707448
food,488,120.90333774391647
food,489,122.76751847103536
food,490,116.78983688413702
food,491,116.72359154110939
food,492,118.86372323178314
food,493,117.73076194579448
food,494,125.39227010749994
food,495,122.05013910895146
food,496,122.87568024089528
food,497,117.96339350954486
food,498,120.87294356774139
food,499,116.74669300215874
light,0,121.52036674820698
light,1,117.7192457058197
light,2,116.35675553706196
light,3,118.68682476756575
light,4,116.70791467718078
light,5,118.72369301000762
light,6,118.73028744933538
light,7,119.12911435722084
light,8,118.99783305771756
light,9,119.03097316517362
light,10,118.50191169313558
light,11,119.12670687775272
light,12,116.86747288163046
light,13,115.5560501546075
light,14,117.07506310167805
light,15,118.97522565505845
light,16,117.40162599462825
light,17,118.44252819242678
light,18,117.03712397167358
light,19,116.4513517798813
light,20,119.21757275441833
light,21,119.94063352537556
light,22,118.90973790779636
light,23,115.64340873380145
light,24,119.98717936817518
light,25,114.56245678167423
light,26,119.04353769603564
light,27,116.87120624982283
light,28,119.71828512523122
light,29,114.73561252435955
light,30,130.0698078753409
light,31,118.55647624341795
light,32,128.22574504359844
light,33,119.0859266575298
light,34,122.5284078713727
light,35,118.89209715417377
light,36,117.3618058525232
light,37,118.53240759428647
light,38,126.07600435466308
light,39,115.60919754095669
light,40,113.11398865468405
light,41,116.2488345462346
light,42,116.9579098014759
light,43,118.0291543677463
light,44,116.37418688384533
light,45,122.3192678042666
light,46,117.09576859853452
light,47,117.19695821117462
light,48,118.80765453002465
light,49,118.01765292054134
light,50,117.80934711442872
light,51,115.73423212641049
light,52,117.80307641462942
light,53,116.5098963037652
light,54,118.55180183044219
light,55,120.95751894067175
light,56,118.47079534054828
light,57,119.3034740371227
light,58,119.82528617347626
light,59,121.33974832321499
light,60,117.00489649115578
light,61,119.16628210195033
light,62,116.77781911537706
light,63,118.09580339905669
light,64,113.88867056570598
light,65,120.54238195693804
light,66,120.93737247484017
light,67,116.65506805577732
light,68,114.6564958874331
light,69,115.58059707669057
light,70,116.02668597429573
light,71,116.05800646321076
light,72,117.24395227311521
light,73,119.77055872511404
light,74,117.20073111817378
light,75,117.47873563898428
light,76,123.02113942796602
light,77,123.95181872271614
light,78,116.94437431612725
light,79,118.78734830846895
light,80,118.2319566141621
light,81,116.20550898512525
light,82,115.63172658694793
light,83,113.83742734474482
light,84,122.45149886243642
light,85,120.70722643916889
light,86,120.788326677263
light,87,115.4921595614837
light,88,115.39399485715498
light,89,118.42152182907257
light,90,115.83707891310056
light,91,120.02413053673497
light,92,123.25040314435982
light,93,115.16243960048658
light,94,118.62634050149946
light,95,118.02906081120645
light,96,119.70789907989759
light,97,119.04131102043787
light,98,112.3152464077714
light,99,117.67554633274722
light,100,120.23267998052532
light,101,115.40700090087672
light,102,114.24894980596805
light,103,117.76780810757255
light,104,116.67398621431455
light,105,125.07086466758312
light,106,117.89839159823441
light,107,116.98643785440288
light,108,115.70921870812971
light,109,118.69428918297145
light,110,118.00849289077262
light,111,120.1692809424068
light,112,114.43621476269111
light,113,115.41237800364922
light,114,121.85859226048328
light,115,118.57466961629623
light,116,113.6964084127565
light,117,117.30946653570469
light,118,121.83566712090494
light,119,120.54751652923608
light,120,120.87726396283642
light,121,116.80525123213101
light,122,116.61463923851822
light,123,114.25087707096253
light,124,119.23969220233137
light,125,122.22890196230227
light,126,118.38293279518285
light,127,114.86809170814361
light,128,118.41306539080752
light,129,119.18638575733517
light,130,115.43357010803012
light,131,118.62877159107683
light,132,119.1914974916514
light,133,119.78246594617283
light,134,115.27075969369119
light,135,119.12462000151565
light,136,114.18156439756247
light,137,118.3940111293477
light,138,114.51698931306171
light,139,113.65731259520267
light,140,119.64569689226295
light,141,116.15895925478188
light,142,115.7127520628469
light,143,119.3327232877976
light,144,119.94169258381542
light,145,118.90527224431095
light,146,123.21204323567945
light,147,118.15356678593201
light,148,118.9796881769841
light,149,122.04437121544183
light,150,120.48368378669079
light,151,117.20643776513168
light,152,115.76281996598787
light,153,113.40164129715144
light,154,115.2057417455113
light,155,120.38588651416589
light,156,114.8472577322847
light,157,118.5499143379539
light,158,116.82183159012072
light,159,123.2656348482872
light,160,119.09733049077327
light,161,117.18038215210225
light,162,117.76115583617783
light,163,117.47000335645498
light,164,119.75647782824723
light,165,115.8405193696549
light,166,115.10310844169621
light,167,119.85302973924834
light,168,116.35727195825625
light,169,126.97671643106415
light,170,120.35641915214599
light,171,112.08057423163905
light,172,118.73993126040503
light,173,118.74816612504264
light,174,117.30802717241721
light,175,120.5048389483665
light,176,122.0307485528349
light,177,119.81944208439901
light,178,114.1649429343801
light,179,118.52255620739712
light,180,117.95158565934258
light,181,111.8747592055136
light,182,117.0842049709693
light,183,121.63159962804724
light,184,116.6210526052478
light,185,116.30922540383852
light,186,119.24226530814386
light,187,128.17870908125622
light,188,117.9705215116859
light,189,117.05790757669874
light,190,117.96132783986135
light,191,117.29116372368014
light,192,116.72624081329342
light,193,123.9135871983373
light,194,118.30947833477514
light,195,119.93273257906714
light,196,114.32401333707847
light,197,118.81562898058475
light,198,111.26087567948551
light,199,120.17849749239156
light,200,121.3318897650615
light,201,117.9980468880595
light,202,117.67864506806038
light,203,123.51745011148292
light,204,120.68265930203286
light,205,115.9760042100099
light,206,119.73481421921686
light,207,115.91637085108772
light,208,117.6859382562567
light,209,122.01600177742907
light,210,115.35152808036227
light,211,117.60808747475437
light,212,115.36097571070465
light,213,119.63508810391346
light,214,121.47915303460566
light,215,118.00535523811122
light,216,121.80956891986115
light,217,120.64800440974426
light,218,116.97601091438288
light,219,118.01563450121276
light,220,120.81584849154542
light,221,118.8439115473021
light,222,117.21772316758374
light,223,116.52406156190784
light,224,125.2461192502928
light,225,116.28039001722159
light,226,118.04695006069326
light,227,121.20860727532327
light,228,117.65334510478189
light,229,116.86849881571327
light,230,121.71871166489157
light,231,116.99673072724082
light,232,114.0261696129416
light,233,115.89774074687142
light,234,118.42903338453392
light,235,118.6528465173005
light,236,118.19231600381114
light,237,115.8092471150377
light,238,119.60763404436672
light,239,119.91844848806375
light,240,116.05766427988544
light,241,122.46134305978616
light,242,115.89283472296614
light,243,116.98801042912102
light,244,123.71810237236002
light,245,115.63668152865402
light,246,116.16761085623976
light,247,117.991282357373
light,248,119.83105346021622
light,249,121.01812557222857
light,250,114.87885004007872
light,251,116.47935581866126
light,252,123.63366876435113
light,253,118.46937612326329
light,254,113.78431693864893
light,255,121.40008021001698
light,256,118.21425097900719
light,257,118.87270877600795
light,258,120.62890672321227
light,259,118.38842992138076
light,260,117.55028521925044
light,261,115.69827484577272
light,262,117.249452274003
light,263,121.8107540894388
light,264,116.50686189733939
light,265,118.40745769199567
light,266,118.52052017716534
light,267,115.93093232830908
light,268,116.74200225106173
light,269,119.09188547340139
light,270,121.20546070826985
light,271,116.72343283479891
light,272,116.26023881104224
light,273,115.17934069748021
light,274,122.2567331053519
light,275,118.28827737209082
light,276,116.9395307904337
light,277,116.09196121933803
light,278,115.61019918082454
light,279,120.90690576476698
light,280,119.08064109742185
light,281,118.29535816990855
light,282,118.2654266083016
light,283,117.70642970818147
light,284,118.77506490024334
light,285,118.53781595143455
light,286,119.81069672211152
light,287,117.62137457642984
light,288,115.37943157201924
light,289,119.04304970837265
light,290,115.74808367752394
light,291,119.05409648436253
light,292,114.4074258887399
light,293,117.78532770645056
light,294,117.1963116816055
light,295,121.47048667415751
light,296,118.09298862582284
light,297,121.40988027792122
light,298,115.29351147057636
light,299,119.17815637902957
light,300,116.47771919584875
light,301,116.91382054226519
light,302,118.77926449815612
light,303,115.75662274467659
light,304,115.92163822297277
light,305,115.12456695595465
light,306,120.09146012847911
light,307,120.27566272860442
light,308,116.74870983030243
light,309,118.58853152095872
light,310,117.87799368735949
light,311,120.82639018730796
light,312,117.99067615569474
light,313,117.7300545049864
light,314,115.5462953437955
light,315,115.5708171584165
light,316,119.29614087780895
light,317,120.41854325998531
light,318,115.88034956246649
light,319,119.09292625243617
light,320,120.96310089387123
light,321,121.94612125787742
light,322,120.70768039728719
light,323,118.23605110290498
light,324,126.64601520371703
light,325,117.06690155331228
light,326,115.3786279014998
light,327,117.39486661879235
light,328,116.04892999531697
light,329,114.82607981513493
light,330,117.73172917115207
light,331,116.13462145910272
light,332,117.16678526131379
light,333,119.93313148441824
light,334,120.48078516455958
light,335,115.79493494126676
light,336,114.88909431412569
light,337,117.78708856310047
light,338,120.73733702893125
light,339,123.55856633542982
light,340,116.14031153527921
light,341,118.8335314671086
light,342,115.95113595852489
light,343,115.30679598641538
light,344,117.48088862190353
light,345,115.86843827276834
light,346,118.7632512500635
light,347,119.75322076524229
light,348,122.29493661274915
light,349,117.79059179098523
light,350,114.46233007188602
light,351,115.69318190702576
light,352,117.33286377251282
light,353,119.44818162298587
light,354,117.03856146543126
light,355,119.67405479957549
light,356,118.62414951058062
light,357,116.82092661834037
light,358,120.96023053085855
light,359,116.77835708385433
light,360,116.77273313887741
light,361,121.13159013134911
light,362,118.4954869801911
light,363,117.5877090567965
light,364,116.54225150946347
light,365,122.20054672579452
light,366,119.92067762657447
light,367,117.62611505957175
light,368,118.10292677965116
light,369,118.7558949141897
light,370,117.07109614300364
light,371,115.70210088106315
light,372,121.56215129781471
light,373,118.05081819789136
light,374,116.3924772299104
light,375,114.93797276275272
light,376,121.72597412325563
light,377,115.8944047195652
light,378,117.60943572144808
light,379,117.60134402241704
light,380,117.5305199431725
light,381,122.5951599411459
light,382,121.41413292378486
light,383,116.32477717399279
light,384,114.05406505454454
light,385,120.88576693111297
light,386,117.3898238670501
light,387,116.58775110315823
light,388,117.17454319777364
light,389,117.99907634402682
light,390,118.97959061143328
light,391,119.02195956121678
light,392,117.34156064488717
light,393,119.75891693869212
light,394,118.88225795224743
light,395,115.72078047651728
light,396,119.02957013802511
light,397,119.19056675315665
light,398,116.0958708049424
light,399,113.2457317014402
light,400,115.81743015592578
light,401,115.79015109382283
light,402,118.51195365952127
light,403,119.83993423131838
light,404,117.21405789539314
light,405,115.10420892361755
light,406,117.74075841513498
light,407,118.98787833972624
light,408,116.89403521854022
light,409,116.50250141125551
light,410,121.16448671873867
light,411,115.80352915825588
light,412,121.16943557754331
light,413,120.30427515425204
light,414,117.04007009225974
light,415,118.07607303708807
light,416,114.12582471285559
light,417,118.21988139027222
light,418,116.30032751636396
light,419,115.58526127827997
light,420,118.18501733641239
light,421,118.05440206990068
light,422,118.26285100390577
light,423,117.21296366804754
light,424,119.87395654928909
light,425,118.98002720112206
light,426,120.94516606121132
light,427,116.91041227758363
light,428,120.66625700361442
light,429,118.21910884363709
light,430,117.09291217973087
light,431,115.7674948922305
light,432,119.25975754487206
light,433,118.07420851486168
light,434,117.29259921464528
light,435,119.44206795949141
light,436,117.24165474007566
light,437,117.77336206098315
light,438,117.1738694109045
light,439,116.88864933346454
light,440,118.39250384031284
light,441,122.58657933486259
light,442,118.17415536543412
light,443,116.45222137803553
light,444,118.83434845707994
light,445,118.44670749496653
light,446,115.95437771680051
light,447,116.76757223718394
light,448,120.10671372996676
light,449,125.58530944176687
light,450,117.43093816919814
light,451,121.30650999597759
light,452,117.0075624718802
light,453,117.3165344284661
light,454,117.16877941890014
light,455,116.62983312569291
light,456,114.95545287996482
light,457,115.83481004319698
light,458,117.49721757862794
light,459,113.36366359278998
light,460,119.40271493410859
light,461,121.17288908247008
light,462,114.50673086327221
light,463,117.6685517904365
light,464,116.21612917852897
light,465,117.43058983644642
light,466,116.81143271798248
light,467,122.30354530902903
light,468,117.23524371171588
light,469,116.9348176822096
light,470,118.45986088583591
light,471,117.42745559350962
light,472,120.87685969808486
light,473,119.90915373896007
light,474,116.37237204496122
light,475,115.80771563926362
light,476,120.83196862200747
light,477,114.92594371200775
light,478,117.25745774818546
light,479,120.33789986083305
light,480,121.6383213479231
light,481,116.27280207018522
light,482,118.38961422542167
light,483,115.80124471834014
light,484,118.19973706119859
light,485,117.37104832818628
light,486,117.99096852797871
light,487,122.01664040477556
light,488,119.29807236488585
light,489,118.29762567157971
light,490,119.76232082385482
light,491,119.8352370108553
light,492,117.15864622903342
light,493,123.35178074140774
light,494,116.47954963539007
light,495,117.61953776276938
light,496,116.31102116991208
light,497,117.18590150883001
light,498,121.84425596975805
light,499,116.0457289554395
school,0,120.79454495933905
school,1,122.46011857445194
school,2,116.7807124798882
school,3,117.78797796697529
school,4,119.63954569366568
school,5,117.14183164279575
school,6,121.608598658451
school,7,122.5636333225952
school,8,122.31159090275514
school,9,123.33351407937097
school,10,115.13421660128375
school,11,120.5260740669836
school,12,121.43222060308221
school,13,120.75866564143976
school,14,119.89649167306169
school,15,117.47390848188903
school,16,119.06274924369681
school,17,118.19178259815888
school,18,117.6883162433914
school,19,115.84612449613859
school,20,118.14832918355613
school,21,120.65857520144493
school,22,116.8703586343612
school,23,119.83456282440008
school,24,123.53671973012312
school,25,121.53572845528815
school,26,118.5433432696609
school,27,115.36084257869324
school,28,120.27021440204228
school,29,119.23148658500513
school,30,120.24829699224568
school,31,124.84935708729043
school,32,120.275970769284
school,33,121.03804589257211
school,34,118.66452814900974
school,35,121.38905858521036
school,36,119.00961274647017
school,37,118.98166858702095
school,38,121.18109687678637
school,39,121.21802967571607
school,40,117.81320035404438
school,41,118.93943914299751
school,42,118.72258522302148
school,43,123.37837377917185
school,44,118.37832621589135
school,45,116.84962031957278
school,46,118.10961948799559
school,47,118.1669520077462
school,48,116.7353775062752
school,49,117.7540356889444
school,50,117.4829792729031
school,51,120.14427865091122
school,52,117.59675316798703
school,53,115.06333282021343
school,54,118.54999180368459
school,55,119.63915495722304
school,56,118.10246428392692
school,57,122.33832771028989
school,58,119.1880661863044
school,59,123.95879422840524
school,60,123.82447275468549
school,61,120.9602218092211
school,62,116.10536726961772
school,63,119.69198545734929
school,64,117.10654409391508
school,65,118.36493083611788
school,66,115.53635113715275
school,67,121.47411642706078
school,68,125.71962610653718
school,69,116.34793119285902
school,70,117.71705233310247
school,71,122.76589879798946
school,72,117.95010763485026
school,73,121.13863136255338
school,74,121.34325134471855
school,75,121.90715214972407
school,76,114.53700928099096
school,77,119.37689162940615
school,78,121.33046799492588
school,79,120.56758076688163
school,80,118.12958631395998
school,81,117.71861800903076
school,82,120.46798295996659
school,83,121.24813509961261
school,84,118.7732720777123
school,85,120.47151018739216
school,86,115.29858018135022
school,87,119.38321006428502
school,88,118.36166371004757
school,89,116.14622987128129
school,90,120.41117693006522
school,91,117.83501976748518
school,92,120.80234378644386
school,93,116.8130660369434
school,94,122.01532529781818
school,95,119.04865909435578
school,96,123.05480020201942
school,97,122.25371202290913
school,98,122.41235937698865
school,99,120.93821191548153
school,100,122.21031145962198
school,101,119.52128397472374
school,102,121.92636897292756
school,103,123.87327135808977
school,104,116.04510281024321
school,105,116.8647176499292
school,106,118.91737698435314
school,107,117.08810880717311
school,108,121.4115789418575
school,109,118.05352771977962
school,110,117.1414577922002
school,111,121.78837752691945
school,112,120.53082855912002
school,113,122.37891868639817
school,114,118.88642525662583
school,115,117.04927105640266
school,116,118.56745059095472
school,117,118.9168948871011
school,118,122.0377757612171
school,119,124.60874815189207
school,120,114.7174099340162
school,121,118.41318618291245
school,122,117.45425150699558
school,123,116.50939848865758
school,124,122.6304923372187
school,125,117.3411341689077
school,126,119.26055567438331
school,127,116.30896772910305
school,128,116.17720990007008
school,129,119.21045126993542
school,130,116.95777594768121
school,131,118.58571995355265
school,132,122.61637405293229
school,133,125.22562626955944
school,134,114.76035164871637
school,135,118.07127579169443
school,136,117.7079045798562
school,137,115.1968424948306
school,138,116.20913771438227
school,139,121.45592528099056
school,140,117.93764579297752
school,141,119.1335779254629
school,142,123.3561950307807
school,143,118.03084222314486
school,144,119.47054698895347
school,145,121.85285770180543
school,146,120.54951449914202
school,147,121.79974897470231
school,148,120.66118345800396
school,149,122.28639434217747
school,150,117.07391038258052
school,151,119.83160751139141
school,152,118.81822985458126
school,153,118.97750509931619
school,154,119.98337718470111
school,155,120.98048598960544
school,156,117.06598661722904
school,157,114.01856252867132
school,158,123.87850041027681
school,159,121.61240620404085
school,160,120.16324203213745
school,161,117.16758608660301
school,162,117.35506031733209
school,163,119.19662740797538
school,164,122.54905528793094
school,165,115.58224652781088
school,166,117.40854849168905
school,167,120.35427815075488
school,168,114.90967249636964
school,169,120.79208327058375
school,170,119.32373779238843
school,171,121.00954860227023
school,172,122.6784845379256
school,173,116.79384560426907
school,174,122.57751351838664
school,175,117.3464125553514
school,176,119.91431213623119
school,177,116.320539929741
school,178,123.16375345948471
school,179,121.75886563563247
school,180,117.01646908405527
school,181,119.99781659894764
school,182,120.54725519457077
school,183,120.60185427510591
school,184,122.05122539052893
school,185,119.67195936013849
school,186,115.30692750918638
school,187,117.20406800838686
school,188,114.56263074622146
school,189,121.84781730615326
school,190,118.8334331297727
school,191,116.59532907162242
school,192,121.96306261404249
school,193,115.8343155281798
school,194,115.60615625644763
school,195,119.26026401931247
school,196,119.9631485289359
school,197,119.70674773677092
school,198,122.08706963919222
school,199,119.36872172112433
school,200,120.31659861911204
school,201,116.39214962932682
school,202,115.99562163554427
school,203,120.2724689381814
school,204,120.73381379392885
school,205,120.78503462493784
school,206,121.62320847366462
school,207,122.78748043241097
school,208,115.1677874376011
school,209,116.58798884742878
school,210,120.46164571916836
school,211,121.94409721563511
school,212,116.35562456758154
school,213,119.5651994202718
school,214,118.5531421469733
school,215,123.80355972387389
school,216,117.29294635916115
school,217,114.86970086205272
school,218,116.04912894176178
school,219,118.20666660393952
school,220,119.77757703465872
school,221,115.82386277035917
school,222,119.37281575278259
school,223,123.45102753386715
school,224,116.81616916434199
school,225,119.66324045591182
school,226,121.63458815203573
school,227,117.16104719988796
school,228,121.54748468437073
school,229,119.630299989716
school,230,119.2533962346733
school,231,121.99630508337722
school,232,118.50392637507625
school,233,120.04545149861524
school,234,119.36955016802737
school,235,118.3215622819658
school,236,113.90305911283004
school,237,114.97041135865102
school,238,123.46319436763291
school,239,119.33525001771872
school,240,117.66302283903438
school,241,118.85620232799342
school,242,122.01262865583348
school,243,121.19816887555521
school,244,118.09750574252054
school,245,121.88516804372097
school,246,116.61547916022805
school,247,117.37272939484929
school,248,120.52268555619283
school,249,120.5366647285981
school,250,117.93274192528422
school,251,121.56644324203666
school,252,119.52286119996987
school,253,117.59688644349538
school,254,125.69947420260479
school,255,115.4467267134639
school,256,119.39398616925259
school,257,120.1839425460962
school,258,119.05795511532263
school,259,123.95784328827635
school,260,119.1765010912223
school,261,119.63926071716489
school,262,121.35939472732899
school,263,121.80651772724163
school,264,118.23166439033437
school,265,120.0994579441755
school,266,118.39039790185646
school,267,118.37144305767215
school,268,117.04655095357042
school,269,122.03206669368518
school,270,119.570373932368
school,271,117.54381429764693
school,272,119.77404841445225
school,273,117.52236715991349
school,274,124.19669054400144
school,275,120.55169348541448
school,276,119.86537744566326
school,277,120.41182867538981
school,278,116.01824373118355
school,279,120.57093261712446
school,280,118.94954569182161
school,281,120.11361737059461
school,282,118.16833949572876
school,283,124.19167267372238
school,284,124.24172748575732
school,285,118.15190296632025
school,286,118.87768244576418
school,287,125.38250910631383
school,288,119.11561933061631
school,289,121.13355931488974
school,290,119.1636741850193
school,291,118.881304324016
school,292,119.17387994475075
school,293,118.20965400508364
school,294,117.26684312401794
school,295,119.2130152558226
school,296,121.55981920495297
school,297,121.88186703536148
school,298,123.07252089304374
school,299,119.41496777136626
school,300,119.74313947587076
school,301,115.94036354137536
school,302,123.48223401933134
school,303,120.48141523033036
school,304,120.88374461370906
school,305,120.55401515330344
school,306,122.74285381345977
school,307,117.56981154979205
school,308,122.42113869996302
school,309,123.44801940790026
school,310,118.58484387784638
school,311,122.22426374803821
school,312,118.74611049959414
school,313,120.2953021849309
school,314,122.99277606777623
school,315,121.30261407257541
school,316,117.20113553881345
school,317,119.05490749329124
school,318,119.72949018704466
school,319,118.27099520454615
school,320,120.72904788444394
school,321,123.49843423847591
school,322,117.54212811831819
school,323,121.70518776947554
school,324,120.01423256903965
school,325,124.1697726435151
school,326,117.08704689112454
school,327,121.92832025923434
school,328,120.68971411021496
school,329,122.53944550641924
school,330,122.25889259177644
school,331,119.68433451795894
school,332,120.80743267567198
school,333,121.50635434964734
school,334,117.4796499656896
school,335,123.02139243668783
school,336,118.54729438964087
school,337,116.29915424988336
school,338,120.2567731542848
school,339,121.48100390031185
school,340,121.12880616932623
school,341,117.83563283271977
school,342,121.90559032095634
school,343,116.56810170698016
school,344,119.61766089416415
school,345,118.81045426141532
school,346,122.29747924228698
school,347,117.36360265647573
school,348,120.44945937124642
school,349,119.40480087782952
school,350,120.03706194542727
school,351,121.74293994706018
school,352,117.4125280550822
school,353,121.23583490473935
school,354,114.2544968327473
school,355,119.81618856893373
school,356,121.49984944599261
school,357,119.5110188051372
school,358,118.30770703892995
school,359,121.35566257137076
school,360,120.49022452458142
school,361,119.212323189026
school,362,119.2305313193573
school,363,117.9898744864613
school,364,120.22239426118841
school,365,121.02152650817328
school,366,117.77757294956427
school,367,119.01469679398669
school,368,120.36765385362978
school,369,116.40803680202644
school,370,120.25960554352409
school,371,115.63614017052384
school,372,119.77312104217413
school,373,120.74505151096619
school,374,118.62497037448591
school,375,118.31551784060383
school,376,120.25395640486548
school,377,119.41386094440405
school,378,119.1360920995152
school,379,118.79120812555439
school,380,119.0694995125313
school,381,120.605321253747
school,382,117.07009490058604
school,383,119.38471502514226
school,384,119.40702512838264
school,385,119.6399728220187
school,386,117.54250918427702
school,387,119.67960614404163
school,388,117.05638825612456
school,389,122.55772880898151
school,390,127.47140452596881
school,391,118.91413972175629
school,392,118.3508549974821
school,393,116.52821842125843
school,394,121.41013049573064
school,395,121.5290615846531
school,396,117.67017509568495
school,397,118.629529042095
school,398,119.20619808624369
school,399,119.58252799764952
school,400,115.96614881666018
school,401,122.39787268431112
school,402,119.6368164588268
school,403,120.09705912444922
school,404,123.38709335376117
school,405,120.97087564040459
school,406,115.27548070264353
school,407,119.53665686202409
school,408,121.39398053804887
school,409,118.10945069802574
school,410,115.04257535969191
school,411,118.40548280361047
school,412,119.32537429028673
school,413,122.28252902182327
school,414,121.50405637487307
school,415,123.37344263890377
school,416,117.31277273408003
school,417,121.04117772086691
school,418,116.89767132006321
school,419,125.27138148106343
school,420,118.14265266711391
school,421,118.19248949937291
school,422,120.79407066529409
school,423,122.31021971644402
school,424,120.22077089634544
school,425,112.45092385608966
school,426,118.00934781271108
school,427,126.50515526342917
school,428,121.66875108424544
school,429,119.29294855791174
school,430,119.14143578654384
school,431,120.88707664377598
school,432,118.50719383472968
school,433,121.14646630180081
school,434,118.09400364189162
school,435,122.87724292163543
school,436,123.73032669775222
school,437,117.50443922603347
school,438,120.9739863716836
school,439,121.33947407226897
school,440,120.89899003298356
school,441,122.08562037579232
school,442,123.32091407409725
school,443,117.68922502239138
school,444,119.77372323857026
school,445,115.84618247175165
school,446,122.81827954035289
school,447,124.30333146809012
school,448,122.21627114319182
school,449,117.58418537014828
school,450,117.77419148555049
school,451,120.62119322299122
school,452,120.16788502265878
school,453,117.35414400468083
school,454,122.57686735099871
school,455,124.1379475661666
school,456,122.26218980782384
school,457,116.79441986369758
school,458,119.52356614178726
school,459,115.95485118062103
school,460,117.72633129594428
school,461,120.26617070277423
school,462,116.16448432630264
school,463,119.411968524992
school,464,118.43769692015265
school,465,119.20689855665889
school,466,119.83656778052966
school,467,121.89302787935878
school,468,118.27017818624945
school,469,121.51863907947367
school,470,120.18363982000335
school,471,124.15738058724774
school,472,118.50214448497537
school,473,120.74647582109397
school,474,122.92310030207632
school,475,121.63472342561757
school,476,119.04759902697464
school,477,115.22008732106343
school,478,117.62589193521751
school,479,119.31951693672033
school,480,124.55111871226505
school,481,122.72440097019033
school,482,125.89547684548508
school,483,122.59749172873637
school,484,119.44394663787621
school,485,119.72824011383649
school,486,118.05272684552317
school,487,118.43190018610612
school,488,119.18459856395229
school,489,117.03708988278277
school,490,117.49931240061177
school,491,117.88655177877946
school,492,124.42484637311357
school,493,122.99607861036279
school,494,114.27512645316827
school,495,119.61535121192004
school,496,120.0432897999427
school,497,119.49928884418948
school,498,121.62426455512923
school,499,122.8103161154493
music,0,118.36117382247619
music,1,118.74456667746375
music,2,117.78510057864537
music,3,124.97360567548444
music,4,114.0314342616804
music,5,113.53604506808051
music,6,120.40449199385218
music,7,120.47803944207477
music,8,122.28276428801301
music,9,120.10911885196083
music,10,119.16329727135022
music,11,120.8771587705129
music,12,120.58224146937437
music,13,114.56060329176819
music,14,115.3757261559808
music,15,117.15256322683942
music,16,118.92754816403578
music,17,117.22032512220531
music,18,115.70362711674129
music,19,120.02461759640828
music,20,120.96225748586843
music,21,119.43410976799795
music,22,121.33110654258952
music,23,115.45178878062308
music,24,116.51030450635791
music,25,117.08537639984
music,26,119.31904250345522
music,27,120.68407061433437
music,28,118.96433077607598
music,29,120.57518239028002
music,30,120.1243622300598
music,31,115.99165912269575
music,32,116.6461518903269
music,33,112.40377922011855
music,34,118.31597321412188
music,35,121.06587836452157
music,36,118.87809285100883
music,37,124.95556961046776
music,38,117.2043126801346
music,39,115.62300182520853
music,40,115.88924053165361
music,41,119.56773511976802
music,42,123.47017871980161
music,43,113.6706770583695
music,44,116.50953832687041
music,45,117.28686544037143
music,46,123.48571241399317
music,47,115.0849666779358
music,48,117.96214205353775
music,49,113.81049009030966
music,50,117.7062647823568
music,51,117.6051505383325
music,52,127.16544410851026
music,53,114.67508178081265
music,54,120.41104396933586
music,55,117.18573608130892
music,56,120.00415600831718
music,57,116.63818384678409
music,58,114.52836853550022
music,59,113.6825429646489
music,60,121.22962904727036
music,61,121.20407318626405
music,62,116.37224892078437
music,63,120.06255722423288
music,64,120.39825527722256
music,65,116.34239428043986
music,66,116.35179499459021
music,67,118.22307539810065
music,68,118.97802220622154
music,69,118.61149698996091
music,70,120.82733244279198
music,71,118.43412962539168
music,72,113.15601827145017
music,73,119.28642083811366
music,74,118.68795479433555
music,75,117.45011430626775
music,76,113.25888942487039
music,77,117.63128976567016
music,78,118.44414192063775
music,79,117.21638177916316
music,80,118.94919687862047
music,81,115.70032872278311
music,82,115.70630044862867
music,83,112.49291623008857
music,84,118.06708021779806
music,85,118.6382211246897
music,86,122.44053838119923
music,87,119.00556142413244
music,88,115.53928966625304
music,89,116.86019613401517
music,90,118.68189397560663
music,91,120.74203739722982
music,92,114.95543486302073
music,93,116.57017677138145
music,94,116.44694798520379
music,95,116.63982894222065
music,96,116.97727898172747
music,97,117.44365462214641
music,98,117.92967766896341
music,99,114.9872478361544
music,100,116.57477146624484
music,101,122.64424096042083
music,102,116.59406773103223
music,103,118.58009509333141
music,104,119.0514867855751
music,105,120.20635935127115
music,106,114.69422336834374
music,107,115.0235509859165
music,108,123.84659105374934
music,109,116.68077543462783
music,110,122.79753154762967
music,111,117.9696326472625
music,112,115.21527020734743
music,113,118.54801635093033
music,114,116.25874787437998
music,115,122.76483138950579
music,116,117.16195778746912
music,117,115.49040112043181
music,118,123.41860003153545
music,119,115.08437539651301
music,120,117.92656304731197
music,121,119.50981103850518
music,122,118.61590203640586
music,123,119.88058771821748
music,124,118.76570938125668
music,125,118.20445265849749
music,126,115.46946281978568
music,127,119.38298365806155
music,128,114.20774619837768
music,129,116.14271526624755
music,130,118.63333405820273
music,131,125.16877014349355
music,132,122.68188782413922
music,133,114.44079054596546
music,134,119.80399987823718
music,135,121.14280953074457
music,136,115.83524334043472
music,137,118.28548926793252
music,138,115.5056458224679
music,139,116.48591435989775
music,140,117.23018018024152
music,141,114.34168868277837
music,142,117.32484024225687
music,143,117.72678631095962
music,144,119.01806791314623
music,145,123.91351039619303
music,146,122.26649895287454
music,147,117.4720567492574
music,148,117.3348621584685
music,149,120.55575727129609
music,150,117.8597673310924
music,151,119.38074740445334
music,152,116.43944101319128
music,153,113.62856736028554
music,154,115.88418462305512
music,155,118.16646543462188
music,156,118.01972678706265
music,157,112.09524918037718
music,158,122.06067800151688
music,159,115.92937612794627
music,160,119.01351635323569
music,161,116.21853851682017
music,162,115.01300997282627
music,163,121.41388610733017
music,164,117.69058894057096
music,165,116.60318625611932
music,166,117.86556840185061
music,167,119.49643160838832
music,168,119.27576880040382
music,169,116.87662742407852
music,170,119.2922562267334
music,171,120.73968868946268
music,172,116.06065150552163
music,173,116.27248742936331
music,174,113.91399710721363
music,175,116.83540317436474
music,176,115.22933575290202
music,177,114.27222881739442
music,178,113.15184492626054
music,179,117.19499883243587
music,180,115.66922654025356
music,181,121.15831739020675
music,182,117.61957401449988
music,183,119.97560067739887
music,184,120.41273565286339
music,185,117.94446207360039
music,186,116.15471242233433
music,187,112.25326180631477
music,188,117.24762368301387
music,189,113.00003965620628
music,190,116.80499510554827
music,191,115.58455518134106
music,192,115.00203250288652
music,193,119.8903136934246
music,194,114.84331263872154
music,195,117.22926646549283
music,196,116.81579357796478
music,197,115.55441323205511
music,198,124.15661883396916
music,199,121.80866723890607
music,200,115.78736644440421
music,201,117.49668297093172
music,202,117.66035236990469
music,203,120.09163451782818
music,204,119.7324341206309
music,205,117.79571217462575
music,206,116.27024183737184
music,207,115.35201846006953
music,208,116.55943842400507
music,209,121.95988925027785
music,210,123.16517155013773
music,211,118.51369118839068
music,212,120.01668142220063
music,213,119.78068474672345
music,214,120.61068322361427
music,215,120.06520409582413
music,216,118.33393419689702
music,217,119.34993328394161
music,218,116.21440363411072
music,219,115.98160435155775
music,220,114.25267972340177
music,221,123.56556260189954
music,222,115.44101625898249
music,223,116.22211110903575
music,224,118.02530924450849
music,225,121.49941089091531
music,226,118.6863805701043
music,227,117.2358594710134
music,228,116.80388208609844
music,229,118.07840883516769
music,230,116.07657859938155
music,231,114.33976233073572
music,232,116.31873050449315
music,233,117.75629444658784
music,234,126.56127572808462
music,235,118.32011612084901
music,236,115.49743085588074
music,237,120.1449883059338
music,238,116.24214911774466
music,239,116.81491278054541
music,240,118.00974907151225
music,241,115.43671348644948
music,242,123.18936463809173
music,243,117.03651095848558
music,244,119.36992049506789
music,245,117.68691617208373
music,246,116.88940906468804
music,247,124.5753203460018
music,248,118.9030954799491
music,249,118.15076515533735
music,250,122.46798388512386
music,251,121.84216099104836
music,252,116.95401554938223
music,253,120.75646601864449
music,254,117.83756577542593
music,255,118.83199052142037
music,256,117.6874204133872
music,257,114.17642864464206
music,258,117.27252255419161
music,259,115.92567734593733
music,260,121.60148443127949
music,261,118.4934440239767
music,262,123.81021860682011
music,263,117.68688463928298
music,264,119.95771075817248
music,265,113.80611918692203
music,266,118.61074327390865
music,267,118.2946530527985
music,268,114.85656541058755
music,269,120.35359090721313
music,270,117.37481863758741
music,271,123.7114197293181
music,272,116.42659174356231
music,273,116.73782709839018
music,274,114.28366342082093
music,275,115.0006859569626
music,276,116.75833870078532
music,277,117.38064676638118
music,278,119.147125674452
music,279,113.87464102629362
music,280,118.0345977410022
music,281,120.5377386435865
music,282,120.78779193500841
music,283,117.52422288270267
music,284,113.27219572533176
music,285,117.87482174273316
music,286,118.99225708644263
music,287,117.89076016222835
music,288,117.44960510856342
music,289,118.73780184942984
music,290,116.67375560092472
music,291,116.73790114270035
music,292,114.06148419217423
music,293,118.38283627753454
music,294,116.4032605991288
music,295,120.80106879288704
music,296,114.61580167901728
music,297,116.43192613007332
music,298,114.45902662704471
music,299,116.75943457776157
music,300,115.18305214593123
music,301,115.09241658537232
music,302,118.29868427092853
music,303,119.84572174774416
music,304,116.99077492927634
music,305,120.68475225150912
music,306,115.618721158162
music,307,119.35508141969167
music,308,118.84825727332091
music,309,113.86047278713647
music,310,119.87362205536922
music,311,113.13752881327366
music,312,121.64454367767907
music,313,115.65944687578454
music,314,121.70394376790772
music,315,123.04965045675142
music,316,115.93948490157385
music,317,121.28663017325236
music,318,119.21742053890235
music,319,121.26809875339941
music,320,113.782808121103
music,321,115.83060534823146
music,322,117.21985228017344
music,323,114.65334722615637
music,324,115.40967070892323
music,325,117.05609408865831
music,326,121.81942748931137
music,327,114.47051031828381
music,328,112.62672410115829
music,329,116.24585537508791
music,330,116.16586472882065
music,331,117.1654028801268
music,332,116.21437212993544
music,333,122.9839386211665
music,334,119.20916369285615
music,335,120.33312672670284
music,336,116.73979048884271
music,337,116.97329019154938
music,338,114.05978192529373
music,339,118.7758360096789
music,340,115.21967602076748
music,341,118.49386526440131
music,342,114.12013770562497
music,343,119.97827750460426
music,344,116.00508842044881
music,345,116.10920938619789
music,346,112.27083714747239
music,347,117.20609926667238
music,348,114.39422726633151
music,349,119.13279268002779
music,350,113.71672392745815
music,351,119.47611344568504
music,352,114.2412494769641
music,353,119.29295826104931
music,354,114.95508002620414
music,355,119.41002713940121
music,356,118.67225449318684
music,357,116.38073349340014
music,358,118.59442966663877
music,359,116.70907552307756
music,360,121.37903420299259
music,361,118.47246334754405
music,362,119.32171027891232
music,363,117.56641438780659
music,364,115.23824281232203
music,365,119.32600076021764
music,366,117.22477755837615
music,367,116.01945347428297
music,368,118.03090838793631
music,369,120.82983185671527
music,370,117.21034213116207
music,371,114.38958392112492
music,372,119.01730374065873
music,373,119.2559955637409
music,374,117.21390003682724
music,375,119.32145364559778
music,376,120.35875854187066
music,377,115.71263539927412
music,378,122.05911726932688
music,379,115.04949969932076
music,380,117.41222346655609
music,381,118.70688278940764
music,382,118.33598219401745
music,383,112.06070159649202
music,384,121.45818559669068
music,385,115.93282407404905
music,386,117.0615967766311
music,387,122.8134287946165
music,388,116.19785383478603
music,389,118.64826099090007
music,390,121.3117962117044
music,391,114.49225989492054
music,392,121.88622445842357
music,393,115.95976502791878
music,394,115.06609275281023
music,395,117.56850303652821
music,396,115.13685120277539
music,397,118.26382182718915
music,398,117.23282007094049
music,399,120.10281075935687
music,400,119.76634438852575
music,401,121.01488451268587
music,402,114.51984723064268
music,403,120.44924146675964
music,404,116.00223915298018
music,405,113.66780533709435
music,406,118.82822128875605
music,407,122.64964659974491
music,408,114.1516568277599
music,409,118.57610973836539
music,410,115.90698514136864
music,411,117.41846551060704
music,412,119.34308875125836
music,413,117.0668584428942
music,414,117.5839920333943
music,415,115.87221948391182
music,416,116.21223822211644
music,417,116.3582647258236
music,418,117.31536026356537
music,419,117.49685784320107
music,420,120.06438893016231
music,421,120.71801153853465
music,422,111.992695656735
music,423,118.2119970228915
music,424,118.4855188711236
music,425,117.47057484894634
music,426,112.4674651296321
music,427,117.07459348751061
music,428,115.5337777745302
music,429,118.7393319155667
music,430,122.41420966240149
music,431,117.23606090492744
music,432,119.59962338794725
music,433,119.18968651204109
music,434,118.67181917194556
music,435,115.71052131952098
music,436,117.22878726917448
music,437,117.59196164418253
music,438,115.82930669511182
music,439,118.06362646167341
music,440,116.4739225677663
music,441,116.85926527695003
music,442,120.77869231982521
music,443,115.77598136589822
music,444,116.65706451534894
music,445,119.00149538031657
music,446,117.87037454369143
music,447,113.49582939484324
music,448,119.44344070631163
music,449,120.57093105399336
music,450,116.87454274979996
music,451,121.1635267839064
music,452,116.87003813676289
music,453,117.67946953538251
music,454,117.48429522020862
music,455,119.7113527341472
music,456,111.06866130133473
music,457,120.350383094806
music,458,117.75620996989065
music,459,119.66636094834652
music,460,115.06014346824587
music,461,116.48148499656521
music,462,116.50053579706604
music,463,117.69081932118637
music,464,116.2773530280381
music,465,120.7034831331965
music,466,114.5890200661045
music,467,119.18542369494473
music,468,113.36469556667122
music,469,118.83140925627205
music,470,122.83676185061165
music,471,115.51079224530052
music,472,115.08956357464706
music,473,117.68559718339122
music,474,115.12641550816898
music,475,118.42529383640976
music,476,115.97092067573284
music,477,119.01576574618208
music,478,117.80480992789815
music,479,117.9309885610922
music,480,118.52387790610383
music,481,120.16112023334252
music,482,118.64365015349922
music,483,118.16754211235734
music,484,116.8851604373944
music,485,114.3485883619419
music,486,116.54768307408105
music,487,120.62038137172041
music,488,115.51664801754218
music,489,117.68603949889756
music,490,117.59453148573449
music,491,118.05135516781067
music,492,120.66642353865706
music,493,113.43816608513981
music,494,122.546491236984
music,495,115.14488237856129
music,496,119.60730055202957
music,497,121.74796186604289
music,498,119.29738595420909
music,499,117.02816493613193
art,0,119.19996370682675
art,1,121.05899209465831
art,2,119.20988711973588
art,3,123.40723767006753
art,4,127.69538007858337
art,5,122.56447015895921
art,6,117.85877860882934
art,7,116.44881167802711
art,8,118.35139127902414
art,9,124.93658603148681
art,10,119.83219106005252
art,11,122.74819478229675
art,12,118.25110232876224
art,13,120.48090680735832
art,14,123.10894745668459
art,15,119.72185184463943
art,16,118.7033813124565
art,17,121.39660103969929
art,18,119.71503369563543
art,19,119.021067511626
art,20,113.68045168110457
art,21,116.38390990550889
art,22,118.13740749750006
art,23,122.25493615453476
art,24,121.44084850621569
art,25,118.94006253165246
art,26,121.33660137381213
art,27,119.59941391772524
art,28,119.37713640393852
art,29,117.89046016422344
art,30,124.75793677334896
art,31,121.75789346128411
art,32,118.75282185240057
art,33,119.9631294673217
art,34,121.62110041142056
art,35,124.0163834276743
art,36,123.17843648833818
art,37,118.8224561566692
art,38,117.91309730295205
art,39,123.91923528453425
art,40,119.8879913144232
art,41,119.30221534849375
art,42,121.23413321379206
art,43,119.79977150918575
art,44,122.02874293190386
art,45,115.84749254096221
art,46,119.63628593863736
art,47,118.87844142832715
art,48,117.63105501884172
art,49,122.48822327510854
art,50,118.17607504021852
art,51,119.74798368659287
art,52,118.91960898142229
art,53,122.90134524940406
art,54,119.25069958726979
art,55,121.93676547234611
art,56,119.20191801803537
art,57,120.7329439830652
art,58,120.53614370234378
art,59,120.23700360483424
art,60,120.61415662733256
art,61,119.91203310690366
art,62,118.32424306037184
art,63,121.34568843577307
art,64,121.28065112620774
art,65,119.58701466989585
art,66,119.61071751732513
art,67,117.32953069979655
art,68,119.92017086001678
art,69,119.65423795794909
art,70,120.9581721798877
art,71,117.5850179707123
art,72,121.99059419854181
art,73,117.09696279397441
art,74,120.45006614446172
art,75,125.18628682715509
art,76,119.16539125920202
art,77,121.01037797417237
art,78,120.75410781357499
art,79,128.2461169402121
art,80,121.26627912344195
art,81,124.10897224498802
art,82,118.21859113435953
art,83,120.836855697266
art,84,127.58316409114501
art,85,118.45644791612445
art,86,121.50845898120757
art,87,123.1184101988148
art,88,124.00402662071299
art,89,117.03489531139033
art,90,120.20142497097268
art,91,121.39241527351015
art,92,119.64093174603525
art,93,124.98407665179624
art,94,129.3033327590304
art,95,122.24310985265952
art,96,120.01788657125299
art,97,119.03022722914827
art,98,122.11793230281387
art,99,122.31145289738434
art,100,116.26851367243442
art,101,119.91559118661665
art,102,120.1689829017854
art,103,118.82967451942663
art,104,121.0886947652399
art,105,118.35393525867599
art,106,122.9560823224761
art,107,126.88038604845107
art,108,121.18796866828663
art,109,118.75865688676566
art,110,122.40719895993803
art,111,123.63353173409641
art,112,123.46067301275885
art,113,120.35992360654788
art,114,120.35489669933675
art,115,117.7152595407723
art,116,119.314416608948
art,117,119.65456205524521
art,118,121.54825285890874
art,119,122.33403628041148
art,120,123.69462964746134
art,121,117.39473061133769
art,122,122.55348825401242
art,123,123.85377724732314
art,124,121.07124297856635
art,125,117.31827150155108
art,126,121.04729991058718
art,127,117.42107842846868
art,128,121.00704605814217
art,129,121.60452875582965
art,130,118.61308278873857
art,131,127.1381194982864
art,132,119.5739370417499
art,133,117.86699732546057
art,134,116.08650576798713
art,135,119.81759115273832
art,136,121.36588120669988
art,137,118.12166947280396
art,138,119.22577733106515
art,139,120.72503513141923
art,140,120.19646216100475
art,141,118.10449376958832
art,142,125.38929538116032
art,143,117.72406879969613
art,144,116.9355219012981
art,145,119.30446565190711
art,146,117.42376145489376
art,147,121.71964182089374
art,148,120.89547968704788
art,149,117.89163180484572
art,150,122.27412526454167
art,151,120.5160502460919
art,152,121.07590559718169
art,153,122.82305418710699
art,154,117.71956507969021
art,155,116.87138272778783
art,156,119.59124134859293
art,157,124.90198304772942
art,158,117.20892089689698
art,159,120.52754754107475
art,160,121.86049116986814
art,161,117.57201108548838
art,162,116.88229741394056
art,163,122.75671432078623
art,164,124.06583698354758
art,165,131.4308965584083
art,166,117.40417037460614
art,167,120.97939162639197
art,168,119.17144819212595
art,169,118.63507947397846
art,170,120.01343685206554
art,171,121.5599849220572
art,172,119.58507849985993
art,173,121.94675571134988
art,174,117.8287841632508
art,175,119.8818223574934
art,176,124.14213588703558
art,177,119.45964214496769
art,178,121.92258343087141
art,179,117.38763513049288
art,180,124.1894572671401
art,181,119.44819603950893
art,182,124.65136629468073
art,183,119.5172605567873
art,184,121.41828150457992
art,185,120.38075564075481
art,186,119.63135959834842
art,187,120.91867644154601
art,188,120.96394670330662
art,189,120.74313389641898
art,190,118.57920763286329
art,191,122.8414403800033
art,192,120.39741951483454
art,193,120.97379793655669
art,194,126.48702672725514
art,195,124.65267858800739
art,196,119.62412899527774
art,197,119.11974890274467
art,198,119.85694474334134
art,199,116.82910647465849
art,200,122.02823702660213
art,201,120.24788407715523
art,202,118.84557075235817
art,203,120.42985162686253
art,204,118.84290302768154
art,205,121.93224017726476
art,206,117.87618176783785
art,207,120.79229690151223
art,208,123.4796076511317
art,209,118.3639420522897
art,210,121.24295872888841
art,211,118.43298333061463
art,212,118.26917641923454
art,213,116.9683808758185
art,214,120.55846604687865
art,215,119.92389381303288
art,216,119.3543628897423
art,217,119.42563635624965
art,218,119.53043543035122
art,219,126.93490562501049
art,220,119.51010108110782
art,221,121.62562397170885
art,222,119.2638692623643
art,223,120.11709090398206
art,224,120.24857007484005
art,225,119.78122218649439
art,226,118.68720269860407
art,227,118.33329795986118
art,228,120.991737673686
art,229,120.04806054292231
art,230,123.40797572886797
art,231,117.37719151451782
art,232,123.44614430462788
art,233,118.49304772147653
art,234,120.05329659626021
art,235,120.04280621262389
art,236,117.97362865685076
art,237,120.88019348093222
art,238,119.54880440100726
art,239,117.1267811529243
art,240,123.07106100671305
art,241,118.71411012860278
art,242,120.70173364939538
art,243,114.24733127292359
art,244,121.66272258994755
art,245,122.16090456704698
art,246,119.16339664633054
art,247,124.32442398072499
art,248,122.46045452955305
art,249,116.70135083596787
art,250,118.83211023727915
art,251,115.21374252733563
art,252,121.32933621795554
art,253,121.06867909515479
art,254,117.31052061354059
art,255,125.29206077670167
art,256,116.5175625885843
art,257,120.4154522858019
art,258,120.77768707363512
art,259,123.10126056930007
art,260,120.54390766219728
art,261,119.02360933272324
art,262,120.69324195697146
art,263,116.58371886759178
art,264,117.66040921776278
art,265,118.65245735465675
art,266,122.32843485300845
art,267,121.40281164928095
art,268,116.87094123436825
art,269,126.75415030753268
art,270,119.478624629569
art,271,126.15341382984495
art,272,124.19136146788044
art,273,118.77616379005897
art,274,120.53772165063266
art,275,121.24239177937281
art,276,118.12012214854629
art,277,122.07055016291287
art,278,117.88660865324363
art,279,121.20870801518062
art,280,120.24043716160382
art,281,119.67077331871889
art,282,118.80024956018693
art,283,117.0562232703557
art,284,121.01269584663666
art,285,117.79878770393029
art,286,118.99806271602407
art,287,125.13086161673594
art,288,121.65506203657289
art,289,118.63575025954991
art,290,122.92208772195454
art,291,121.8942977428584
art,292,121.39297002174605
art,293,119.40441194099355
art,294,118.35113809168516
art,295,120.68215314368591
art,296,118.96821095623437
art,297,121.44123927382913
art,298,118.95126658101123
art,299,121.63273458996358
art,300,119.89263809429296
art,301,118.15747817526486
art,302,124.06673217478735
art,303,119.90015752285015
art,304,122.30393311419085
art,305,119.14695092815873
art,306,120.9116332611682
art,307,120.05406331654598
art,308,122.54812354645144
art,309,118.40654181911457
art,310,118.60003863576483
art,311,122.88449624564267
art,312,124.1881412955417
art,313,119.26278183679987
art,314,119.8242625697136
art,315,119.92746918239638
art,316,126.65367702292542
art,317,115.50463230796105
art,318,121.09203915139754
art,319,118.73386091092699
art,320,120.28124733919488
art,321,120.63658128498443
art,322,125.08281076303622
art,323,128.74144499934894
art,324,122.00011976704175
art,325,119.13848999303684
art,326,117.96138017139117
art,327,120.43695700110288
art,328,121.06816772349013
art,329,122.83939635208941
art,330,122.99593859569123
art,331,118.13639700017633
art,332,120.09420197249345
art,333,119.22676283701334
art,334,118.88534939310402
art,335,119.76766169244138
art,336,120.23020626620213
art,337,118.99740954274694
art,338,117.05256308536967
art,339,116.79566816634693
art,340,122.26283148292407
art,341,123.27010969518757
art,342,119.28426091707833
art,343,114.0162260175839
art,344,118.94951827329443
art,345,117.40179426883262
art,346,119.56942420247276
art,347,117.9461903469362
art,348,122.46532514357413
art,349,118.59285568924338
art,350,116.91028028655796
art,351,117.07960949254203
art,352,120.17499027944135
art,353,119.91002912213189
art,354,119.25811694312196
art,355,121.42953106148364
art,356,119.56791396021542
art,357,120.55071932527983
art,358,118.92128056362219
art,359,118.41657378096848
art,360,122.96369162226823
art,361,116.45950471542167
art,362,124.65642786360911
art,363,126.91159191703281
art,364,121.38483450275504
art,365,117.66132156694513
art,366,124.20697910794264
art,367,120.59873400131416
art,368,123.71740851635597
art,369,116.60507247464929
art,370,115.59507627766466
art,371,118.6581116736457
art,372,121.88432997882164
art,373,122.00740915898105
art,374,118.18509238932553
art,375,118.63590001681517
art,376,126.21374017892144
art,377,118.68653300726189
art,378,123.24559870019533
art,379,120.15506205804056
art,380,123.3607648499431
art,381,116.00399938487939
art,382,118.64454421899457
art,383,121.63454522333004
art,384,121.28522427436704
art,385,116.24719561865543
art,386,122.98913353705659
art,387,118.79265152717211
art,388,123.20126839903358
art,389,118.88220814116191
art,390,116.64317062850726
art,391,118.4344368544291
art,392,123.45103893343588
art,393,119.30142035542039
art,394,120.64153274972813
art,395,118.98416513617211
art,396,119.70403072852223
art,397,121.17682421339195
art,398,119.92456567065982
art,399,119.60281764182426
art,400,124.24440317171626
art,401,121.38004151904546
art,402,125.20467952329693
art,403,120.09902594287156
art,404,117.61784265457553
art,405,115.96677213378466
art,406,121.40865392449666
art,407,117.55955136441472
art,408,120.83976965255896
art,409,118.4856666799216
art,410,119.46701980928209
art,411,118.66514622070068
art,412,115.02215284332232
art,413,121.5879202913225
art,414,118.54210405033874
art,415,117.80524930351557
art,416,115.02949895283724
art,417,121.6368554435743
art,418,117.71603209002043
art,419,120.43684162765406
art,420,119.24953497420174
art,421,121.69883044796362
art,422,117.94371382052826
art,423,123.95508256259879
art,424,117.42230232573938
art,425,119.20151325621207
art,426,117.62584953311226
art,427,118.5362715968427
art,428,122.32908560041449
art,429,123.3221409491136
art,430,117.70105623763025
art,431,117.44672125925482
art,432,118.99369582772556
art,433,116.39234202840937
art,434,121.52474001053488
art,435,116.03085395198885
art,436,116.61641906362534
art,437,120.30637982205623
art,438,117.89294512577133
art,439,119.47099318088515
art,440,119.72439925276832
art,441,118.63738744585642
art,442,120.3362504793748
art,443,123.25726929836773
art,444,118.2690400855428
art,445,115.83579148790086
art,446,122.45340588349556
art,447,120.28347640996641
art,448,119.10576493660811
art,449,119.5271631927549
art,450,119.8274459959239
art,451,122.81475400590789
art,452,122.97528679148854
art,453,120.5137215592506
art,454,118.0338724059067
art,455,122.1416067432725
art,456,118.28178468884096
art,457,118.60397460755277
art,458,116.73594177943392
art,459,128.9591941438493
art,460,122.61446534688598
art,461,119.74246111846125
art,462,116.64729143000557
art,463,118.3318787130093
art,464,123.03555873009361
art,465,116.45232072321024
art,466,117.47794367666027
art,467,118.72280535374063
art,468,120.14089570303186
art,469,117.36875642368732
art,470,121.8431677280781
art,471,120.6845983477125
art,472,120.3113126626961
art,473,120.20323436465179
art,474,119.95271774979275
art,475,124.29843004486291
art,476,119.43542053952298
art,477,118.32812118271616
art,478,119.74829146272616
art,479,125.54031137356012
art,480,118.74466899141693
art,481,123.28196269802423
art,482,118.20758354862211
art,483,118.15628573955621
art,484,121.48312833200563
art,485,121.73655236908391
art,486,122.53336387280103
art,487,118.25341432218994
art,488,122.31575050494237
art,489,124.61925029939465
art,490,123.69961293793052
art,491,114.65749110954823
art,492,119.11338420876596
art,493,119.55361937665707
art,494,122.19366349900933
art,495,118.71075813554499
art,496,120.95208356758711
art,497,123.70857774593138
art,498,119.56402522219886
art,499,121.98396598372317
river,0,120.53623960866287
river,1,121.61607552819133
river,2,121.47144642641356
river,3,119.8518454731096
river,4,117.15826581120905
river,5,117.88887865937335
river,6,118.70192417055165
river,7,120.96759890918463
river,8,123.1196531803801
river,9,119.08265598886103
river,10,119.79805539799295
river,11,116.04061173984661
river,12,117.66692852382583
river,13,115.57904962250885
river,14,120.64102931720129
river,15,115.52942039244074
river,16,120.19433060793749
river,17,118.07996453352007
river,18,117.87885746452977
river,19,120.4702938711079
river,20,122.1361399053754
river,21,122.7809768252678
river,22,119.0113202815926
river,23,122.3234610783505
river,24,124.91348645966711
river,25,117.1966005661035
river,26,119.20198614596617
river,27,119.72377153490181
river,28,120.02336508825395
river,29,119.87897910144653
river,30,118.45744696032665
river,31,116.03012066884244
river,32,126.09447703915113
river,33,118.31734678413233
river,34,119.26600318500913
river,35,120.21711710222654
river,36,118.1468998973082
river,37,121.06590225515721
river,38,116.21746423624361
river,39,117.34722426518086
river,40,117.00603920804889
river,41,122.23563232704062
river,42,121.1516658835445
river,43,117.04313606240768
river,44,124.18774464041209
river,45,117.16153802266874
river,46,127.1589504278707
river,47,121.37086651464611
river,48,124.64552240545508
river,49,118.37358299516761
river,50,117.6675717060166
river,51,121.42039451377191
river,52,120.53531444336313
river,53,118.95053028360472
river,54,118.67221286350002
river,55,121.81797557500376
river,56,118.23578857344586
river,57,119.30234154115553
river,58,117.95572879477577
river,59,114.83714711729307
river,60,116.38623172264562
river,61,122.31159477695871
river,62,115.95016893286333
river,63,122.97055183656005
river,64,119.72262299992018
river,65,124.54894226134758
river,66,115.13262920004419
river,67,119.52005979467759
river,68,117.76190633224124
river,69,118.49064357241352
river,70,118.08407222109895
river,71,121.25407716449558
river,72,116.4277374692085
river,73,116.5057445707433
river,74,116.45113150522567
river,75,119.66856492676293
river,76,118.88582550214579
river,77,122.28747068942205
river,78,121.70345492759557
river,79,118.83947702368853
river,80,119.80121122333426
river,81,122.47304663425129
river,82,120.03460698467983
river,83,118.18493623739667
river,84,114.22658258042506
river,85,118.71270343055119
river,86,118.8945809157292
river,87,118.67553533115769
river,88,116.80687012412652
river,89,121.5710240004125
river,90,116.98540995299311
river,91,114.92382404831696
river,92,122.89971295252033
river,93,115.75935475307446
river,94,120.69180049225261
river,95,117.35458430702536
river,96,118.17817010795078
river,97,115.44767713074233
river,98,122.52906491687241
river,99,114.7900537799785
river,100,121.56959875531292
river,101,122.08642364109272
river,102,124.56696190717362
river,103,122.1761628884877
river,104,121.91658689609943
river,105,122.53876681066507
river,106,116.65771705907706
river,107,121.11972528733159
river,108,120.13468799725385
river,109,115.81195804217678
river,110,117.38661441489899
river,111,122.34409455921089
river,112,118.97721843333393
river,113,120.3554419637651
river,114,117.54359203710682
river,115,123.2468778889336
river,116,119.67856372433958
river,117,121.9150168562179
river,118,119.42025384549014
river,119,116.25621084401598
river,120,117.76962981493675
river,121,114.67663822705731
river,122,119.91540137892204
river,123,118.07927149393629
river,124,117.82582630022682
river,125,121.0435796476418
river,126,120.12160902742434
river,127,119.62709024188212
river,128,119.62019192164163
river,129,121.64950529156388
river,130,118.45861657874164
river,131,122.41213559241591
river,132,119.85377691358592
river,133,121.15822662566633
river,134,115.16275571945891
river,135,118.40441934999876
river,136,118.57677359822765
river,137,120.72016670021554
river,138,119.19652499874451
river,139,121.12150119742459
river,140,125.91913948193461
river,141,118.5144684945265
river,142,119.05018209743147
river,143,121.79794997812432
river,144,117.71493619592161
river,145,119.45700943231532
river,146,119.48255833336157
river,147,120.3906342767611
river,148,123.95032964490287
river,149,117.461661309618
river,150,118.35745312332678
river,151,123.31892805892875
river,152,117.96312212219513
river,153,123.65140503827536
river,154,119.44964017639663
river,155,117.74124661895367
river,156,118.16011273832956
river,157,120.77371276499456
river,158,124.05568739779696
river,159,122.05143519324932
river,160,119.76179871880055
river,161,121.87430017029477
river,162,115.49819370993926
river,163,118.83067051540348
river,164,119.29688046517253
river,165,119.15416360159325
river,166,119.2222146531956
river,167,119.43611829935593
river,168,115.87847382863852
river,169,117.86680465027328
river,170,115.02131781113579
river,171,121.7812063978587
river,172,119.74377278787145
river,173,116.78567506207204
river,174,117.57615644221873
river,175,116.5500799906894
river,176,121.3803490242044
river,177,117.46596587026126
river,178,116.47917327867205
river,179,114.58561788665588
river,180,115.30941669685579
river,181,114.26624350510772
river,182,117.85144227094924
river,183,118.15485561016669
river,184,121.87794435640294
river,185,122.23661666791266
river,186,114.43240848199589
river,187,120.82458867727762
river,188,118.98058979103492
river,189,120.19275968671825
river,190,118.82778389767368
river,191,117.67957996810156
river,192,119.87356678080474
river,193,117.43564428808371
river,194,114.57753174793746
river,195,119.707401590855
river,196,117.20621071407176
river,197,117.1034394618378
river,198,118.64192768741653
river,199,120.14712071854652
river,200,115.37024608994841
river,201,118.34194273439931
river,202,124.22556509512945
river,203,118.83669684775087
river,204,119.9291261549416
river,205,120.37358432243381
river,206,117.18560221057778
river,207,115.03497238438155
river,208,120.75634692599226
river,209,125.82273639191912
river,210,124.99618243512016
river,211,118.11179285225674
river,212,120.06914418982898
river,213,119.85927968696551
river,214,129.55762005211156
river,215,120.54015307551036
river,216,121.6262175267865
river,217,124.65232234598989
river,218,122.36076920297141
river,219,120.107224346275
river,220,120.63203590065288
river,221,118.2626010732376
river,222,114.96787252910028
river,223,121.91345292092161
river,224,123.0393358594966
river,225,118.55489500520949
river,226,116.97523266611829
river,227,123.31807000876213
river,228,119.56353042643033
river,229,118.31492365758064
river,230,128.74747118578395
river,231,118.93561057299648
river,232,121.038874474187
river,233,118.27018867395567
river,234,121.72516928975803
river,235,118.38035983519212
river,236,120.39503575026342
river,237,119.27207590503883
river,238,120.60354481750184
river,239,117.34770343153329
river,240,120.69746119888545
river,241,121.42487612412027
river,242,120.13773665828738
river,243,121.32555389201032
river,244,116.56641669611447
river,245,123.74366784741788
river,246,120.36422447277097
river,247,118.03618888766772
river,248,118.01948938820124
river,249,121.03429554613466
river,250,118.3008277107908
river,251,118.57640887799302
river,252,122.83636487313984
river,253,118.17649569081058
river,254,118.95413216056707
river,255,117.55123727220165
river,256,117.19902206882725
river,257,116.82934038781585
river,258,118.90268411135847
river,259,121.10382106039827
river,260,122.44516768078992
river,261,122.9165588887793
river,262,122.89295585067951
river,263,118.39688240934353
river,264,120.06614279875727
river,265,118.36985693441193
river,266,119.57616272232967
river,267,121.32363337996115
river,268,119.69745191156476
river,269,121.80802265561937
river,270,119.00396537426661
river,271,124.41546171250172
river,272,118.09666261909211
river,273,120.1295855270057
river,274,118.9977150545207
river,275,114.94978274761178
river,276,122.80523460327592
river,277,115.26935877295796
river,278,119.16533970877705
river,279,121.6682220453587
river,280,119.71450111384532
river,281,116.21334615667094
river,282,117.78338227196834
river,283,119.65939256379943
river,284,117.93833720214077
river,285,124.07350266416913
river,286,117.19395020971193
river,287,119.04150541489939
river,288,120.50989935069758
river,289,120.31310083491003
river,290,119.91194953201902
river,291,118.7654902776393
river,292,118.15168036989643
river,293,117.40553540610456
river,294,122.359110425821
river,295,121.5875889874734
river,296,119.05047361792262
river,297,118.67488216093882
river,298,120.05768046503837
river,299,122.646651581315
river,300,119.87876037110286
river,301,118.62829655765037
river,302,120.30991430321554
river,303,115.31873512245066
river,304,122.66443313530553
river,305,118.8971695511805
river,306,118.07232378319287
river,307,120.0784989328731
river,308,121.88832082086599
river,309,116.72636185699743
river,310,121.42956872588162
river,311,118.21017360998276
river,312,119.20747990798846
river,313,118.79890599185714
river,314,121.29927561434228
river,315,122.32066079749866
river,316,122.55669077087303
river,317,122.66584221633326
river,318,118.21697312028867
river,319,118.91461775687897
river,320,120.96188772211389
river,321,121.15950818271017
river,322,121.32175376466887
river,323,116.02239356214758
river,324,120.68975859412501
river,325,120.09834803524801
river,326,120.0219397785968
river,327,117.15816367232405
river,328,118.08608229742626
river,329,120.27516359192589
river,330,121.17550196552872
river,331,116.01872423402908
river,332,119.79903797134422
river,333,119.20458449187883
river,334,120.50490529946418
river,335,118.32494041397209
river,336,120.2874258185489
river,337,118.9414334342312
river,338,121.84857594141718
river,339,114.82887272605662
river,340,116.64285037632169
river,341,120.96514312421614
river,342,117.0996271974261
river,343,117.68439154279686
river,344,121.87455216988201
river,345,119.38736836734891
river,346,113.99316815813188
river,347,115.58137187983917
river,348,121.44616847065654
river,349,121.84318198656456
river,350,121.17564481989753
river,351,114.90315672937828
river,352,118.16748927884208
river,353,119.98497111369488
river,354,115.87884234688335
river,355,126.13676592736005
river,356,117.88676887302752
river,357,119.63844416141481
river,358,114.60355961915968
river,359,126.0884819902065
river,360,121.13324679056501
river,361,121.74662534108973
river,362,119.27386045671201
river,363,121.24704833863372
river,364,123.27142377988811
river,365,118.9206919370408
river,366,121.85659382500913
river,367,116.54607869389821
river,368,118.27040080752458
river,369,120.73565032365461
river,370,121.30532952366654
river,371,114.49628360388877
river,372,118.10086950029377
river,373,124.7428148210231
river,374,118.76981997539653
river,375,116.33534650440198
river,376,120.02910633693222
river,377,122.17153580375386
river,378,120.08970372485095
river,379,115.9486418156607
river,380,118.89085886427128
river,381,115.73020657962398
river,382,119.37287212791804
river,383,118.71811509008594
river,384,121.23617122463313
river,385,122.89765171595874
river,386,116.81273184386288
river,387,121.94222672201983
river,388,118.81177472224518
river,389,115.03964817341428
river,390,121.84919916140335
river,391,121.43893340451355
river,392,115.86114886924541
river,393,123.37247092251766
river,394,123.31299904007157
river,395,121.24055938777201
river,396,121.52019536812652
river,397,122.26351590546531
river,398,118.76764032085548
river,399,118.17852823444088
river,400,121.17431955549256
river,401,118.41012203374532
river,402,123.54031767968247
river,403,117.97976899912928
river,404,123.00279457248597
river,405,118.41796253475219
river,406,119.57788888101442
river,407,114.3822048662217
river,408,124.79284490685296
river,409,122.94594756334018
river,410,118.03935613816539
river,411,119.78656638526218
river,412,117.5325083668433
river,413,121.69433806324366
river,414,118.43845992643824
river,415,118.12199078404888
river,416,118.1304082682759
river,417,119.19180823803022
river,418,118.63808978187838
river,419,118.85306705825893
river,420,122.36476646719763
river,421,114.96186400676905
river,422,117.06047502737273
river,423,115.28452170278113
river,424,121.5633208545619
river,425,122.85790433405694
river,426,121.06220458389032
river,427,119.12773250030013
river,428,118.58749020596193
river,429,118.71032757511838
river,430,119.42289801499993
river,431,126.24213607882075
river,432,122.03331420205774
river,433,117.33266887317922
river,434,120.73325256472494
river,435,119.32003353661666
river,436,118.19747844173729
river,437,120.32191838150688
river,438,116.05674702343809
river,439,115.64214663947705
river,440,117.62198750513122
river,441,119.07142099380725
river,442,119.98867824088045
river,443,119.25171295159547
river,444,120.3389080834619
river,445,116.06856615332846
river,446,121.65261969344965
river,447,115.36525044175885
river,448,117.55482348225628
river,449,115.1064776030376
river,450,117.65889924794396
river,451,120.91702491871952
river,452,116.45119297476276
river,453,118.67997855721337
river,454,120.50587014394279
river,455,119.77098799870707
river,456,120.76048546542776
river,457,117.12702168105515
river,458,115.9142134726787
river,459,118.81293709795105
river,460,118.22383259029046
river,461,118.99087553227008
river,462,119.41597981458827
river,463,121.88987322386697
river,464,120.07428928176739
river,465,117.95866991119723
river,466,118.9849881796041
river,467,119.17492024089941
river,468,121.50515506155169
river,469,122.71387534172946
river,470,120.16128921441572
river,471,120.66636124542107
river,472,120.38670552693165
river,473,115.98331849940355
river,474,119.29149089763784
river,475,115.58354342378246
river,476,119.1035050366241
river,477,119.85569360134458
river,478,119.11945063533682
river,479,121.64013720225113
river,480,118.75768484312484
river,481,122.08338141031791
river,482,121.26537960981558
river,483,119.25277766818832
river,484,115.26783597012138
river,485,120.52206770811753
river,486,118.6009011024229
river,487,118.7350462648812
river,488,115.875842136412
river,489,119.74876494493247
river,490,117.52876748183722
river,491,114.28419657002142
river,492,122.28481754017331
river,493,122.49947555443799
river,494,115.68314815740473
river,495,119.08769997478122
river,496,119.08284554788169
river,497,117.459815379592
river,498,113.21724973106959
river,499,116.59526568457306
plant,0,121.48153743754573
plant,1,122.57761954910187
plant,2,123.10010149122942
plant,3,119.92915334586682
plant,4,122.92021373487412
plant,5,123.84783656393574
plant,6,117.68039037276579
plant,7,123.35590098960367
plant,8,127.35252203957539
plant,9,121.97189854628354
plant,10,117.83635008586704
plant,11,115.51518762677773
plant,12,123.1528360566102
plant,13,122.49250100758786
plant,14,119.53114745916638
plant,15,122.93188636875283
plant,16,116.51197000228812
plant,17,119.49125048165858
plant,18,117.76430512632355
plant,19,118.77006370183413
plant,20,120.2448597242928
plant,21,124.88462277845358
plant,22,116.99063129456084
plant,23,123.12439291491657
plant,24,120.25217440457891
plant,25,120.48242295815305
plant,26,120.4731244229837
plant,27,121.2875488988276
plant,28,121.15414397685207
plant,29,120.77344882723541
plant,30,121.91873581900296
plant,31,127.88922682521542
plant,32,119.29013114834393
plant,33,121.34344728754303
plant,34,117.25845957756218
plant,35,120.47073734173483
plant,36,118.85456951263147
plant,37,118.65714265096597
plant,38,118.36602294809478
plant,39,121.32565874116452
plant,40,120.95633217914717
plant,41,117.65292856851879
plant,42,117.03733579590632
plant,43,118.79652678024637
plant,44,121.31592579030806
plant,45,119.11326718369477
plant,46,119.9558591948177
plant,47,123.47765877554046
plant,48,118.88720820955498
plant,49,120.97309380373902
plant,50,121.04314677529466
plant,51,120.381645255869
plant,52,120.63538622263508
plant,53,117.61580097432265
plant,54,120.67044148346461
plant,55,121.1134482645304
plant,56,117.58862210083316
plant,57,123.00867332485726
plant,58,117.01691516704982
plant,59,118.70003492840443
plant,60,118.96489554640507
plant,61,122.50376285159821
plant,62,119.58340914270038
plant,63,116.04033663643433
plant,64,117.59904402705163
plant,65,121.32668209004223
plant,66,120.4598549299568
plant,67,123.18440932834078
plant,68,123.80686712720774
plant,69,115.65746596926907
plant,70,120.09798240170215
plant,71,122.80843358874264
plant,72,117.09990327633484
plant,73,121.66257680755221
plant,74,120.36497564762763
plant,75,119.96398763242257
plant,76,125.13197267234733
plant,77,119.94272676271419
plant,78,120.54518111636455
plant,79,125.36487061148769
plant,80,120.87592567368475
plant,81,124.50561330743686
plant,82,121.95635751766704
plant,83,125.2114230252883
plant,84,120.01506182904633
plant,85,122.21008980468231
plant,86,121.76916248807237
plant,87,118.397191808961
plant,88,118.18851672754292
plant,89,120.64177326392962
plant,90,119.44515819143106
plant,91,120.09080354642249
plant,92,118.51253094684608
plant,93,121.60605308600962
plant,94,120.56904170370298
plant,95,115.55106292153077
plant,96,124.902852866493
plant,97,124.89488984788133
plant,98,122.19679778069283
plant,99,120.0240519419155
plant,100,117.37868572308552
plant,101,121.6729886652661
plant,102,117.54868227731872
plant,103,120.02710673232522
plant,104,118.43228776966635
plant,105,124.60810145435642
plant,106,122.51760857111395
plant,107,122.24266876023233
plant,108,122.5140399652177
plant,109,120.95918602141312
plant,110,117.61990039694649
plant,111,119.36910108208718
plant,112,125.84278581385742
plant,113,116.7609479399189
plant,114,121.24294469224014
plant,115,118.52345389759915
plant,116,118.85770567229137
plant,117,120.03054836574091
plant,118,119.54470353514337
plant,119,117.69598488456694
plant,120,114.78259908870992
plant,121,121.21356224507743
plant,122,121.32016384089874
plant,123,118.74483375248015
plant,124,116.88564588958907
plant,125,122.31911993281777
plant,126,124.04179617806099
plant,127,118.44820951523015
plant,128,123.17102297740745
plant,129,122.92163511820758
plant,130,123.18621406437703
plant,131,122.12086236139545
plant,132,118.3467684630681
plant,133,121.93718158496576
plant,134,123.20452453771978
plant,135,120.94519317085148
plant,136,118.25030837983512
plant,137,116.95371744563272
plant,138,114.85848892463781
plant,139,117.11803548021429
plant,140,121.5705448830062
plant,141,120.42597456383588
plant,142,122.65704788957201
plant,143,122.09638328846249
plant,144,120.71386877661598
plant,145,117.32241427734931
plant,146,122.074274907019
plant,147,121.21063055739738
plant,148,120.48172011495737
plant,149,116.18195018214756
plant,150,119.27536846944851
plant,151,119.31651844754832
plant,152,117.34335353459102
plant,153,121.90546945978511
plant,154,123.28100553595046
plant,155,119.89226782387728
plant,156,118.62685342998931
plant,157,117.28168068028795
plant,158,122.56405425371406
plant,159,122.31907678403336
plant,160,118.76991316856223
plant,161,120.39492047850524
plant,162,123.24953151596942
plant,163,120.34609089333782
plant,164,120.63556824977009
plant,165,120.22533466106577
plant,166,123.26435207041982
plant,167,117.40077454237547
plant,168,120.74830571371919
plant,169,121.14867568321101
plant,170,118.13435694926898
plant,171,118.63038148335892
plant,172,118.58942520640583
plant,173,124.54170496051408
plant,174,120.38633818185349
plant,175,122.06640494839314
plant,176,118.31859962997477
plant,177,122.49504986178098
plant,178,122.29090027346403
plant,179,118.04871171183555
plant,180,123.31341823816184
plant,181,118.57620098394092
plant,182,119.644382192949
plant,183,120.83655729540637
plant,184,119.9281048468194
plant,185,121.1530388742864
plant,186,123.64853397203449
plant,187,119.93656876039272
plant,188,123.0708915955955
plant,189,121.53625714167208
plant,190,128.2673576115738
plant,191,115.5312264069069
plant,192,119.83415423285084
plant,193,119.41043659049588
plant,194,123.19064964338887
plant,195,121.88978853852899
plant,196,121.89759562666606
plant,197,122.29936114062698
plant,198,120.90311123056168
plant,199,122.5173749562226
plant,200,125.06181800940124
plant,201,119.43101165327725
plant,202,119.33523862410915
plant,203,118.16370408474317
plant,204,126.42615884354913
plant,205,117.31510594865114
plant,206,120.75784439599482
plant,207,121.08023921986093
plant,208,117.53592627643965
plant,209,120.2737915433429
plant,210,119.84114633759178
plant,211,122.72677949580894
plant,212,114.91465602899534
plant,213,124.02798498566212
plant,214,129.3208005774755
plant,215,120.61563901818506
plant,216,121.13789967078273
plant,217,127.27677753240042
plant,218,119.38846722340952
plant,219,122.98498285665285
plant,220,115.9329490251821
plant,221,120.07173732736524
plant,222,124.7368845663928
plant,223,119.57297847453212
plant,224,117.05996873848848
plant,225,121.25801606982517
plant,226,114.45508667994262
plant,227,119.5752258790088
plant,228,117.44111919998672
plant,229,123.84177010320572
plant,230,119.33782576143865
plant,231,120.56596152308805
plant,232,129.61622123218677
plant,233,118.8492710501753
plant,234,120.5329137054892
plant,235,119.01608953494696
plant,236,121.28497854130751
plant,237,120.92941392072247
plant,238,119.98003694299616
plant,239,118.82406659829026
plant,240,119.59214058532943
plant,241,124.70551436486107
plant,242,119.36825385244248
plant,243,121.4258266208063
plant,244,118.38633433027982
plant,245,119.60356135669765
plant,246,121.38025978728774
plant,247,116.1645690723492
plant,248,124.50194901634919
plant,249,123.5982504211944
plant,250,118.81716305614056
plant,251,118.24816148145099
plant,252,115.96010562872816
plant,253,122.66816526089335
plant,254,118.76511019650874
plant,255,125.45905372204832
plant,256,119.182700782556
plant,257,120.09422679641592
plant,258,120.44253904731588
plant,259,122.83694482590721
plant,260,122.18619692761999
plant,261,122.16039708908124
plant,262,124.01657595832798
plant,263,122.71327238646911
plant,264,121.9832056431877
plant,265,120.7114531097021
plant,266,122.33219988548663
plant,267,119.86444016188204
plant,268,122.7867846408905
plant,269,119.54076952887944
plant,270,121.0743321734558
plant,271,123.62712570374845
plant,272,119.58484155685586
plant,273,115.97687560558228
plant,274,123.6551895597921
plant,275,118.2953385666133
plant,276,120.32066575596762
plant,277,115.95862816160579
plant,278,124.62319749751411
plant,279,118.00361591759034
plant,280,118.43226541290808
plant,281,121.15983191374333
plant,282,116.53603765160317
plant,283,122.77937069838694
plant,284,116.62625185910956
plant,285,122.63129793942358
plant,286,120.97679015148486
plant,287,129.1176658558525
plant,288,115.06251665217538
plant,289,118.80478234568368
plant,290,120.24862730183898
plant,291,119.20124936397012
plant,292,118.78566032269389
plant,293,120.01166348031977
plant,294,121.60307751795811
plant,295,114.96441780261273
plant,296,126.56839044586152
plant,297,124.57145015530826
plant,298,122.93207220079945
plant,299,121.31081724579676
plant,300,122.46503489016895
plant,301,126.45367198239126
plant,302,119.65709004791883
plant,303,122.19028531388436
plant,304,120.24763258002235
plant,305,119.52947016425013
plant,306,116.64630668309488
plant,307,117.87816277126271
plant,308,127.37546784652132
plant,309,117.62167953450013
plant,310,120.58389665243226
plant,311,117.91007199750767
plant,312,123.86066890530603
plant,313,125.86344129957195
plant,314,121.445086735676
plant,315,121.79890543804935
plant,316,115.22084641417342
plant,317,118.23095389070588
plant,318,118.66868082163435
plant,319,126.2265829810234
plant,320,123.51770885232031
plant,321,117.20355265371903
plant,322,121.65877991357081
plant,323,119.66647965551506
plant,324,116.57820400229741
plant,325,117.98771469179744
plant,326,124.86997518136067
plant,327,120.79182405858337
plant,328,121.90160378019111
plant,329,117.20339886815268
plant,330,119.71762971137416
plant,331,120.23883048178337
plant,332,118.8117871833906
plant,333,120.50493997408644
plant,334,120.8990162812093
plant,335,116.16501633610274
plant,336,122.7150259179638
plant,337,125.16187930329612
plant,338,121.25281285699405
plant,339,123.16611811784112
plant,340,118.2586004428931
plant,341,122.24378585260138
plant,342,123.47864589792358
plant,343,122.74985770678535
plant,344,120.54972580553121
plant,345,120.56844881150329
plant,346,121.15814737273472
plant,347,122.8178605252527
plant,348,121.37686403527638
plant,349,120.73582784102913
plant,350,119.3370089983288
plant,351,118.28869474702834
plant,352,119.32493712921908
plant,353,119.93217430884582
plant,354,121.91072182704413
plant,355,121.84046209770565
plant,356,116.05911124389947
plant,357,118.62317096860511
plant,358,123.45569287219753
plant,359,117.79391680717575
plant,360,117.7775285699939
plant,361,124.82101502291188
plant,362,120.27728443607961
plant,363,120.79848574822887
plant,364,123.4590546809508
plant,365,119.26811014661367
plant,366,123.35588162138191
plant,367,123.03282149067982
plant,368,120.97837205710096
plant,369,121.86293693402985
plant,370,123.0124736759269
plant,371,119.90777667962689
plant,372,122.9157743370122
plant,373,118.75065991857876
plant,374,118.53209585780502
plant,375,119.53927274433691
plant,376,118.49464001161468
plant,377,120.06275108588984
plant,378,123.75703717915239
plant,379,119.91016387351038
plant,380,124.06713088402664
plant,381,118.32729919901965
plant,382,120.81435073777695
plant,383,115.22742122884802
plant,384,118.86952393735679
plant,385,117.06616153683025
plant,386,122.95712405398571
plant,387,124.7662716269256
plant,388,120.8001974070293
plant,389,119.62166669911767
plant,390,117.81564388500898
plant,391,121.56144971692015
plant,392,123.23173678151633
plant,393,119.90646349905796
plant,394,121.31446679984205
plant,395,120.25405045070492
plant,396,118.39094548919557
plant,397,119.42775419342273
plant,398,119.63967323470186
plant,399,117.73020414235569
plant,400,119.29868277921014
plant,401,118.9657408471277
plant,402,118.77001318622884
plant,403,118.48425009149595
plant,404,121.86593710996745
plant,405,117.41039759017487
plant,406,122.29534675097185
plant,407,122.69504070329502
plant,408,121.66895965162625
plant,409,120.14044627681162
plant,410,120.49126129297036
plant,411,118.14256520149158
plant,412,117.81716613881727
plant,413,127.83239458419882
plant,414,116.2914260407732
plant,415,118.68228568097143
plant,416,117.8869300445603
plant,417,118.24815130094137
plant,418,123.37794386724426
plant,419,119.04032024220876
plant,420,121.98439298051187
plant,421,125.3660100285785
plant,422,119.97702905634189
plant,423,118.39612428549854
plant,424,120.77442203520484
plant,425,125.98440027164166
plant,426,120.2044960852152
plant,427,123.25767456427539
plant,428,121.34264700810024
plant,429,119.04895539969544
plant,430,119.4382573287976
plant,431,119.38280776503842
plant,432,119.31541968309382
plant,433,113.80996661541319
plant,434,122.01180724555513
plant,435,118.18899068628706
plant,436,121.23500449882665
plant,437,123.01801091723452
plant,438,119.95493958428712
plant,439,120.21847724822936
plant,440,121.34694360202143
plant,441,118.65835207769248
plant,442,123.28968235002284
plant,443,124.21921564547004
plant,444,127.15781878550077
plant,445,119.69277062918897
plant,446,115.67709040707066
plant,447,118.48543722517697
plant,448,121.4419375008653
plant,449,120.72849333578226
plant,450,120.9914452705218
plant,451,119.2455772458151
plant,452,123.8342098125689
plant,453,119.82566783135789
plant,454,118.16582565598377
plant,455,116.62912215100216
plant,456,122.79014710884368
plant,457,121.74948682387974
plant,458,119.17763002995454
plant,459,121.56543380225611
plant,460,120.94714254323777
plant,461,122.45025242350995
plant,462,118.64592333808126
plant,463,120.75489823244384
plant,464,119.58493491799358
plant,465,125.82380906629862
plant,466,116.89627846038941
plant,467,114.98752898654914
plant,468,116.33572959503039
plant,469,117.64694774907711
plant,470,121.23008459178284
plant,471,122.98130058210792
plant,472,119.82347783078642
plant,473,121.04773065062224
plant,474,122.08074187789416
plant,475,120.32694515263775
plant,476,115.97952925919162
plant,477,124.02559411651481
plant,478,117.65570960588599
plant,479,122.42766926016606
plant,480,118.67550353995249
plant,481,121.40176883733018
plant,482,120.9629559044855
plant,483,118.61461267873
plant,484,116.83348302828567
plant,485,121.99993469131753
plant,486,119.17416737460333
plant,487,117.545017796029
plant,488,118.68855676881871
plant,489,118.89840265517047
plant,490,113.81553467895907
plant,491,128.27909877561245
plant,492,122.34809495133874
plant,493,119.59811576284302
plant,494,116.95047018607627
plant,495,118.59590213554566
plant,496,118.60933526215405
plant,497,118.28761828958388
plant,498,117.96789742794101
plant,499,118.21329271915229
city,0,117.5789556654841
city,1,117.49943385611677
city,2,119.94802214731628
city,3,117.71082290449739
city,4,121.76804822852762
city,5,112.45722057451471
city,6,120.94366070398512
city,7,117.12829548617879
city,8,117.74475367916719
city,9,119.37248363814652
city,10,122.01241364374127
city,11,121.19425645689728
city,12,119.69633355749907
city,13,120.0806903857791
city,14,116.20201688773481
city,15,118.61306940845604
city,16,117.94862612661565
city,17,119.5426849919554
city,18,117.79425921094457
city,19,114.69920048367395
city,20,116.77225955784716
city,21,119.61313794790169
city,22,121.04141882622731
city,23,120.29921898885505
city,24,118.34678034194232
city,25,118.21602822621675
city,26,124.46177912405025
city,27,122.89178382429691
city,28,125.79183859926168
city,29,118.49719328098638
city,30,120.25228011427399
city,31,123.0758250995942
city,32,114.30443254042666
city,33,118.8801012942329
city,34,117.51513345600657
city,35,126.22926129515277
city,36,116.10812142238302
city,37,119.28387763582577
city,38,116.57064486980384
city,39,119.49194153496204
city,40,118.81163507011492
city,41,114.56192720806429
city,42,119.30159392372286
city,43,115.9107817951339
city,44,119.38234594958838
city,45,122.50469598776026
city,46,120.48960792716197
city,47,115.87833832668039
city,48,120.78077419783344
city,49,124.05141355432572
city,50,121.1008530431086
city,51,122.3961396657134
city,52,120.48359237862114
city,53,118.90672267252252
city,54,120.0781823346784
city,55,123.99642983035658
city,56,119.70773620484852
city,57,120.57470287257999
city,58,116.91722601341404
city,59,111.88573697609424
city,60,118.85610882775886
city,61,119.23097483062016
city,62,117.24150483772927
city,63,120.65504299865195
city,64,124.16716734145506
city,65,123.7447620995878
city,66,117.83981454221866
city,67,120.7772354034869
city,68,121.33154932606357
city,69,121.08493585983014
city,70,116.6654525258156
city,71,117.61715830618087
city,72,122.61914363804354
city,73,119.93491803772689
city,74,115.95004138569493
city,75,120.46495895454295
city,76,124.33954555473048
city,77,117.65736805378917
city,78,120.98348504436896
city,79,122.01938637129177
city,80,119.03280664115374
city,81,119.20144151348802
city,82,117.90855298062036
city,83,113.85563906139306
city,84,119.97932497866532
city,85,125.9586379254582
city,86,117.93128102609931
city,87,120.00228824247739
city,88,126.58017238286486
city,89,119.51002116011674
city,90,121.2065910129212
city,91,120.17877863055091
city,92,125.03500064783537
city,93,117.29075610300677
city,94,118.40590460405991
city,95,121.17648492477787
city,96,121.45151919533943
city,97,122.99459685491858
city,98,115.59929127626103
city,99,123.4767820179993
city,100,121.43408679181451
city,101,116.4394549491137
city,102,122.4723043717535
city,103,123.00753196423386
city,104,122.13296757640641
city,105,123.46656979719828
city,106,114.62491232322232
city,107,121.38466253662405
city,108,120.02436806754626
city,109,126.18180577487037
city,110,116.22432082822709
city,111,121.60250774882874
city,112,121.92360671940403
city,113,122.2209007511393
city,114,115.87727788288002
city,115,122.8010339618546
city,116,115.58704911555127
city,117,118.1961639097713
city,118,121.0419734409626
city,119,117.42718905555994
city,120,119.12182928664323
city,121,127.35647214675924
city,122,119.94495985044477
city,123,118.58601356159717
city,124,118.0363030530516
city,125,119.29439067288192
city,126,119.3224655410385
city,127,118.97018525958558
city,128,122.83360149418954
city,129,117.76812143415951
city,130,121.26064471544258
city,131,118.68721548349555
city,132,123.06922100935829
city,133,120.4580075680844
city,134,118.6912514503134
city,135,119.31130775481738
city,136,124.04034309540405
city,137,116.9730240312648
city,138,120.40192719918734
city,139,122.77643959167254
city,140,120.0760780954455
city,141,120.59744755699913
city,142,119.67836766465076
city,143,118.20221320171555
city,144,117.20273983680964
city,145,117.632076824567
city,146,119.72969289050918
city,147,119.26328354412941
city,148,120.75843694107391
city,149,122.51358149952965
city,150,119.83997612569328
city,151,117.38477732693475
city,152,123.08093190483113
city,153,119.05556849967589
city,154,119.58336886826235
city,155,120.90520696717135
city,156,117.6904252336531
city,157,120.26133454485108
city,158,113.81824354233152
city,159,120.60352832331083
city,160,122.11023128083285
city,161,122.75056705736624
city,162,118.152521276178
city,163,119.27837119188595
city,164,120.28913727818424
city,165,117.69604986769306
city,166,117.8907490581795
city,167,120.3169681234485
city,168,117.98357997554538
city,169,116.71542822464403
city,170,127.73743253762618
city,171,120.46245176104927
city,172,120.37828313203323
city,173,119.460642343743
city,174,118.99347088127851
city,175,120.87479939384227
city,176,117.88617817098093
city,177,114.2399341392419
city,178,116.8186759469408
city,179,121.8658273294954
city,180,125.07712611439703
city,181,122.12323192788588
city,182,118.63649279447583
city,183,118.63883348826896
city,184,120.28531921139563
city,185,129.07291146426155
city,186,118.78163273537028
city,187,119.99087408752645
city,188,118.24234603777151
city,189,122.04088253635557
city,190,120.69554707358748
city,191,116.82647066125178
city,192,120.12537555367035
city,193,117.70657581452151
city,194,119.86627827783593
city,195,119.25455468974089
city,196,122.07589457400778
city,197,121.88250982209222
city,198,120.1804103921432
city,199,119.1041698839815
city,200,115.56533959171271
city,201,118.6332172692443
city,202,114.33441246399082
city,203,123.14478381735074
city,204,118.81538550256312
city,205,116.42738716748333
city,206,121.68030246019381
city,207,116.42109305883632
city,208,115.67303928143798
city,209,121.00365374173056
city,210,122.94112156332595
city,211,117.17236984938886
city,212,119.8214289823937
city,213,113.3366805755372
city,214,119.32793480129449
city,215,119.0699561168453
city,216,121.52026439093298
city,217,120.7461693776428
city,218,118.77554393600043
city,219,118.64254482614103
city,220,118.71069924625313
city,221,119.47572460424338
city,222,117.00730767476368
city,223,120.720656375704
city,224,119.78654585249764
city,225,115.27107491496946
city,226,120.08728822811798
city,227,119.92218484633008
city,228,121.8703844748953
city,229,118.65996075463363
city,230,121.07717488022709
city,231,119.00207426008305
city,232,118.02363395596733
city,233,118.26817928059232
city,234,119.60838515970897
city,235,115.60576231698174
city,236,119.88588623614444
city,237,117.27669203934485
city,238,120.67143304124193
city,239,118.78748296297022
city,240,124.16311097586753
city,241,120.82494562075641
city,242,117.71252198819695
city,243,120.35422375770213
city,244,118.05385862020347
city,245,115.79295244560117
city,246,119.89735320993596
city,247,116.15782971038537
city,248,120.78114334106871
city,249,120.74461565514483
city,250,117.35879440662058
city,251,122.84852181580858
city,252,118.70625799402895
city,253,118.14247340312096
city,254,121.02066969979235
city,255,124.33367656934192
city,256,117.88547775419391
city,257,121.41802063321651
city,258,118.71510896772774
city,259,119.44529032984713
city,260,126.79593109248015
city,261,122.39796351536856
city,262,117.97316037770523
city,263,117.93627496313151
city,264,119.51144995716876
city,265,117.6498927944358
city,266,117.54995927648118
city,267,116.40016507853144
city,268,118.72845264686494
city,269,121.83148118580111
city,270,118.5857979218517
city,271,121.29053644648455
city,272,120.63215454780676
city,273,120.45510257560417
city,274,116.43301845177871
city,275,117.63895898721461
city,276,121.85769256554102
city,277,120.7031895023766
city,278,116.19701127715953
city,279,121.93150400657922
city,280,117.66480242461567
city,281,119.34010129930368
city,282,122.55742813717725
city,283,114.30952831213742
city,284,127.71013551741721
city,285,123.24387307118118
city,286,117.4696212889638
city,287,118.00047961641738
city,288,125.85297845682832
city,289,116.71883907923599
city,290,119.10235534994827
city,291,117.45635692969594
city,292,120.65165887632669
city,293,118.10898271055646
city,294,117.99664294114795
city,295,115.63127447348435
city,296,118.87764909445812
city,297,116.90879104744441
city,298,117.15829000136328
city,299,119.73041960801336
city,300,121.35754965613957
city,301,124.46998465947846
city,302,118.09654733983763
city,303,122.31615375806231
city,304,118.33914166068504
city,305,115.21776293599093
city,306,119.9693164073171
city,307,114.43377608109967
city,308,121.2696601285376
city,309,123.91190893505038
city,310,118.99897510893634
city,311,123.09498253939036
city,312,116.67217057480867
city,313,120.24270272237914
city,314,117.21022652544295
city,315,114.14977303049952
city,316,118.80389196487442
city,317,120.05763574870245
city,318,117.87982842301548
city,319,123.30899713243547
city,320,119.53124689263952
city,321,122.7380880261056
city,322,117.51322029900753
city,323,118.49223522671026
city,324,120.12523972245965
city,325,122.21590440784686
city,326,116.22582153254233
city,327,122.30811467564891
city,328,118.16353379336147
city,329,118.427876710372
city,330,117.32247796914037
city,331,113.51772027597724
city,332,117.09759085943325
city,333,119.30553332026628
city,334,118.8306328212078
city,335,120.96560065172497
city,336,119.88325608425005
city,337,117.6484744460339
city,338,118.22619536227721
city,339,119.08137951758751
city,340,118.84001843466095
city,341,119.03334088794917
city,342,116.01763982382455
city,343,121.89156255726661
city,344,123.79711569194171
city,345,117.31087243847067
city,346,123.20683561458215
city,347,119.74320711718161
city,348,124.424786366105
city,349,119.54080037643308
city,350,121.83969603456902
city,351,117.8258842982207
city,352,120.69027094970497
city,353,120.43720955068899
city,354,117.68957890781493
city,355,115.94840440655064
city,356,115.68121456424329
city,357,117.6575312778273
city,358,123.5837007978337
city,359,121.98483322546085
city,360,118.90098913389902
city,361,120.47017888727747
city,362,120.16711270226715
city,363,123.4356546965825
city,364,117.73150995954941
city,365,120.90559514161485
city,366,117.18189432997244
city,367,116.22743964206579
city,368,121.12159430836638
city,369,122.01261418765945
city,370,120.60301731223842
city,371,118.658617220911
city,372,119.36608385886413
city,373,124.03445931001902
city,374,122.81909039462806
city,375,117.71926820608141
city,376,117.42174584891545
city,377,117.94336593518115
city,378,121.38427423542251
city,379,117.32133791981758
city,380,118.10523715764687
city,381,118.08833522626449
city,382,119.88485522244103
city,383,116.91774920514327
city,384,116.4234566818101
city,385,117.68788196635136
city,386,123.01100478605869
city,387,117.47588869781427
city,388,116.72965106483505
city,389,118.09703588528282
city,390,118.36879411089589
city,391,120.93378308336959
city,392,118.35880468477755
city,393,121.72661040404176
city,394,116.40200796320185
city,395,119.3285056799365
city,396,115.55737447136774
city,397,115.08222151902892
city,398,117.22268109609837
city,399,122.11548741786675
city,400,115.14297900696751
city,401,122.17407086989343
city,402,121.29988119979214
city,403,116.6156670350922
city,404,122.32103760893584
city,405,114.9160987123561
city,406,118.44522184010344
city,407,121.07620757745916
city,408,117.45509206195273
city,409,119.0314956991137
city,410,118.0544045101534
city,411,113.88455453192405
city,412,121.70580063970233
city,413,114.97497010057118
city,414,118.57933481456178
city,415,116.77826286659754
city,416,117.7904150943819
city,417,113.46430115861598
city,418,115.74758980474638
city,419,123.14664933145374
city,420,120.35533218074916
city,421,120.99997312044846
city,422,119.0639624982629
city,423,124.44560995896903
city,424,116.66028786200957
city,425,116.43450243038949
city,426,127.96957346240079
city,427,122.10432110810842
city,428,119.09071131465463
city,429,119.24576138219524
city,430,121.86125718654594
city,431,118.68626730801286
city,432,122.1752489881396
city,433,120.13062749373067
city,434,116.1372018210004
city,435,121.90371166942049
city,436,124.13310265885258
city,437,117.09083992062439
city,438,120.23171874074663
city,439,120.25663502877329
city,440,116.48352223358931
city,441,120.24520129604477
city,442,118.40714159174605
city,443,116.93167015371533
city,444,121.8175944305622
city,445,120.0502569809194
city,446,120.77939999940763
city,447,116.93151815734365
city,448,118.5384916429193
city,449,123.2751121970553
city,450,122.24190302312341
city,451,122.89124024413903
city,452,118.93009558932992
city,453,119.1294342751718
city,454,120.35074425029599
city,455,121.77095953084734
city,456,119.21091557481385
city,457,118.72970722686453
city,458,119.7608417845055
city,459,110.5378549202013
city,460,118.77343079347959
city,461,122.77778872670078
city,462,117.41386421206386
city,463,118.87246901392989
city,464,116.62068121212084
city,465,120.54159097176529
city,466,112.31444730220676
city,467,118.05829850684533
city,468,119.5377037854126
city,469,119.46577431072281
city,470,117.80060743950061
city,471,117.5918670854484
city,472,119.16511180417835
city,473,119.90213322833245
city,474,120.6803114299206
city,475,119.14148427336492
city,476,119.91106470314818
city,477,122.41584508571826
city,478,121.92254846768233
city,479,120.42828012386528
city,480,121.21952973778298
city,481,115.78761224134995
city,482,122.16594970811092
city,483,123.4970507176689
city,484,118.21007387471118
city,485,124.45804907833433
city,486,124.58537561850345
city,487,122.34708037900128
city,488,120.02534574580747
city,489,123.41003865171143
city,490,118.65397757634997
city,491,118.34563579535255
city,492,120.37481750583179
city,493,116.08594636753058
city,494,118.26214872472092
city,495,119.6937176902745
city,496,117.95720212159691
city,497,120.84701527273647
city,498,119.8934561247065
city,499,121.42780635896273
machine,0,119.89031124117292
machine,1,120.22742400942093
machine,2,118.86989685989478
machine,3,119.98201303391983
machine,4,116.80356343228036
machine,5,123.28773188763087
machine,6,121.20707117729452
machine,7,121.9723528304452
machine,8,121.96898059165923
machine,9,115.92693749269947
machine,10,117.55524033920773
machine,11,120.85876864159921
machine,12,120.73985476910703
machine,13,118.10576372789868
machine,14,120.89586086155128
machine,15,121.2402845596811
machine,16,122.66924348592892
machine,17,115.86854711983992
machine,18,122.59176872697068
machine,19,117.129272720085
machine,20,118.63340529674889
machine,21,120.26681933870893
machine,22,114.29007393654675
machine,23,119.23921322609286
machine,24,118.8041791976076
machine,25,117.84009568388265
machine,26,118.36652308141107
machine,27,119.61043893128024
machine,28,121.9115188699369
machine,29,118.53745458045637
machine,30,119.4845051365119
machine,31,122.5138969993536
machine,32,118.27960378658062
machine,33,119.68341723024373
machine,34,123.1237349412687
machine,35,120.46606571099687
machine,36,119.1571729948375
machine,37,120.68899602002125
machine,38,121.19594808374734
machine,39,124.27517046859656
machine,40,125.0328879120395
machine,41,117.31301205047421
machine,42,120.04896204759734
machine,43,120.29916052989833
machine,44,119.06148032544408
machine,45,117.32422463793199
machine,46,123.49215238003804
machine,47,119.37897114843175
machine,48,121.4004200803918
machine,49,116.80066079175641
machine,50,119.65420822544914
machine,51,119.20594565036815
machine,52,121.2219216734297
machine,53,117.07254791314283
machine,54,118.598462219968
machine,55,119.38259651901501
machine,56,124.25070705347372
machine,57,118.79800299372536
machine,58,116.98346055802476
machine,59,122.30945897646703
machine,60,118.60229559941217
machine,61,117.6881033487057
machine,62,115.22774676457121
machine,63,118.56335357105571
machine,64,121.10147910808757
machine,65,123.10304300945785
machine,66,122.32563187666503
machine,67,118.94900022390209
machine,68,121.21953023603899
machine,69,118.21263024245765
machine,70,118.91670256391131
machine,71,118.09858941608272
machine,72,122.47778046712064
machine,73,121.97187833050653
machine,74,120.48020669724305
machine,75,121.45252679633838
machine,76,119.80069348415068
machine,77,121.13235507957012
machine,78,120.67790681582812
machine,79,119.42775256996956
machine,80,119.71591611789864
machine,81,121.4038173509707
machine,82,116.72410142803429
machine,83,119.55160957025019
machine,84,122.48990063101384
machine,85,122.9671734729161
machine,86,119.88604532517368
machine,87,121.25365932295209
machine,88,126.29381870965591
machine,89,120.08224206775186
machine,90,118.85272807375162
machine,91,120.53969485734346
machine,92,120.36645482955248
machine,93,120.24684645246725
machine,94,120.56561275225597
machine,95,122.62888018741023
machine,96,122.99391118312985
machine,97,119.2116658177483
machine,98,118.21823683523216
machine,99,121.23917390834984
machine,100,117.51125473282545
machine,101,121.80588040950799
machine,102,122.64541334520165
machine,103,119.47071536496168
machine,104,119.49585861762915
machine,105,115.52237363601799
machine,106,118.91086176126404
machine,107,119.70348703635294
machine,108,116.12840537251832
machine,109,117.28061397909697
machine,110,118.69882906436631
machine,111,118.4914883827997
machine,112,115.79656974521512
machine,113,117.47062069556482
machine,114,122.18850721685273
machine,115,118.8478345469895
machine,116,119.37040771071261
machine,117,121.62709973781567
machine,118,120.96636264756874
machine,119,120.10209877151293
machine,120,120.1642290010134
machine,121,121.05580073778543
machine,122,121.17461864280806
machine,123,119.74755465179297
machine,124,120.29019575842632
machine,125,120.94823446605021
machine,126,120.28101082334047
machine,127,116.49732449813268
machine,128,116.84426258590635
machine,129,123.01785814112196
machine,130,120.30003880544231
machine,131,117.34280692994726
machine,132,124.08281824774366
machine,133,121.57312476487638
machine,134,119.89435684796288
machine,135,119.15583145082304
machine,136,119.72939730134782
machine,137,120.25197548898032
machine,138,124.19018235823043
machine,139,117.69068456342038
machine,140,119.38030783506694
machine,141,118.90609631960776
machine,142,118.93818163429586
machine,143,123.33776517967148
machine,144,120.68776263086833
machine,145,122.24214935685967
machine,146,127.0292183359371
machine,147,120.62390614441969
machine,148,116.9333739077651
machine,149,117.90194280755493
machine,150,124.47188033850396
machine,151,119.18871456731654
machine,152,124.71787504730727
machine,153,122.58737855425879
machine,154,116.50488199244933
machine,155,120.0972197892819
machine,156,121.73081842168796
machine,157,121.948476868873
machine,158,123.20967392332125
machine,159,120.91211195811175
machine,160,115.94571464119508
machine,161,122.93333126090373
machine,162,118.79664272430985
machine,163,123.309327634159
machine,164,116.22270053543112
machine,165,122.22612184404097
machine,166,116.71083260029785
machine,167,121.17044963321213
machine,168,122.29634709568916
machine,169,119.94852292796648
machine,170,121.50694858078623
machine,171,120.76514702361256
machine,172,123.27639412457413
machine,173,123.47473014971435
machine,174,122.90238761670504
machine,175,120.58846237086513
machine,176,115.67364243486966
machine,177,118.00953004186225
machine,178,121.51746360312517
machine,179,120.5726879942922
machine,180,118.32465880415788
machine,181,119.58516888726543
machine,182,121.89393164314855
machine,183,121.6902520262712
machine,184,120.61175176668186
machine,185,116.74181632266315
machine,186,118.96521296045802
machine,187,118.06331327630468
machine,188,121.0005444628813
machine,189,122.54576029274742
machine,190,118.7712300408245
machine,191,122.82884810417443
machine,192,117.4670387054954
machine,193,119.51921254256095
machine,194,120.75155959850386
machine,195,115.4808434264989
machine,196,123.72669112975395
machine,197,122.64699561339027
machine,198,121.33875383241595
machine,199,118.61281209115148
machine,200,118.33195514116024
machine,201,120.73304117282426
machine,202,122.09925706579428
machine,203,117.36995360266789
machine,204,118.95644722742784
machine,205,117.43852553019963
machine,206,119.74192557328551
machine,207,118.92733792324974
machine,208,116.00190990540766
machine,209,122.09731401708332
machine,210,124.55944366279674
machine,211,126.33507731997963
machine,212,119.9826106878082
machine,213,120.91785380334895
machine,214,122.14572451349528
machine,215,119.99979772762437
machine,216,120.77834241379546
machine,217,123.09993446443247
machine,218,117.59700011490841
machine,219,123.99736190947803
machine,220,121.64598192390994
machine,221,119.60580611597432
machine,222,118.09813953051192
machine,223,120.02066449081397
machine,224,122.29205856650276
machine,225,121.632485355932
machine,226,120.49511592620364
machine,227,118.98242714161353
machine,228,122.7872170849756
machine,229,118.13819727799778
machine,230,118.96627976185073
machine,231,125.76432475197518
machine,232,117.5004228178953
machine,233,119.01047279124816
machine,234,115.84205096357184
machine,235,120.50551334101809
machine,236,117.20224230677583
machine,237,120.75788332413515
machine,238,122.4228280594731
machine,239,116.95893979976286
machine,240,118.73060667514324
machine,241,120.15663883096808
machine,242,122.63848667416764
machine,243,119.23499105496104
machine,244,119.96515651753543
machine,245,117.35284006652765
machine,246,122.31253824304207
machine,247,118.93083440116115
machine,248,119.0444523561806
machine,249,122.76243488402876
machine,250,119.2655776418281
machine,251,119.68727910515695
machine,252,122.41840414333112
machine,253,119.19042368307709
machine,254,118.8512454057523
machine,255,121.93847929816499
machine,256,121.62999559935284
machine,257,122.87385990451007
machine,258,118.14786769408256
machine,259,120.15739091207165
machine,260,119.11262036013581
machine,261,123.08163416963231
machine,262,122.63052215811052
machine,263,119.85178420397273
machine,264,121.75947888847034
machine,265,120.17050647423156
machine,266,114.5922061911717
machine,267,118.85116639772144
machine,268,121.38785760727342
machine,269,121.1214137892767
machine,270,116.04106250656592
machine,271,122.70019615285904
machine,272,120.95011788388526
machine,273,119.45407843915281
machine,274,119.77529102820579
machine,275,120.46946531359892
machine,276,118.89839143262493
machine,277,118.43757547174114
machine,278,120.11993775020895
machine,279,121.39067082307444
machine,280,119.44709028287903
machine,281,118.68977815586501
machine,282,120.61247807793316
machine,283,123.41525795136963
machine,284,119.51847874899222
machine,285,118.58267250209316
machine,286,122.97309912921486
machine,287,117.83208475924074
machine,288,117.28856427080552
machine,289,120.1681638133928
machine,290,119.04334141423818
machine,291,121.77583254989968
machine,292,120.21605995198168
machine,293,121.0082870692412
machine,294,121.36533529660866
machine,295,120.76608881945403
machine,296,119.59364967280186
machine,297,116.14680701243736
machine,298,123.10659830858405
machine,299,121.57800531276347
machine,300,120.90523812412275
machine,301,121.38995061300363
machine,302,122.15440098044137
machine,303,119.5044114465938
machine,304,121.10499932453843
machine,305,121.02149934095208
machine,306,118.50321457545712
machine,307,123.13594421719787
machine,308,122.63198985398434
machine,309,121.00443938060066
machine,310,127.32567639074756
machine,311,122.46940068298382
machine,312,118.9066356900732
machine,313,117.97581292776287
machine,314,121.94698547520875
machine,315,118.85908351223162
machine,316,119.20016505770523
machine,317,119.68234964883872
machine,318,122.71018468086497
machine,319,119.96115147204247
machine,320,121.87235165786522
machine,321,122.75208634877892
machine,322,123.21920958251644
machine,323,124.08811864488622
machine,324,117.24766122411214
machine,325,118.50875931477933
machine,326,119.8019495211464
machine,327,118.38223955074696
machine,328,123.05740352706303
machine,329,117.29179242851674
machine,330,113.6704210689264
machine,331,120.35133972950919
machine,332,124.38640939846262
machine,333,123.00090791630818
machine,334,121.47667594650089
machine,335,121.18152285440986
machine,336,121.08876342513769
machine,337,115.68596837756068
machine,338,120.62818632407348
machine,339,122.9905737518731
machine,340,119.85104034899537
machine,341,116.97803768239257
machine,342,117.81064417860445
machine,343,119.04403352814026
machine,344,124.76525117711607
machine,345,117.43336575053793
machine,346,120.60510177161774
machine,347,118.65088325583567
machine,348,118.34627388994711
machine,349,121.22749124499677
machine,350,117.6176565092637
machine,351,118.54901170909564
machine,352,119.4699360679353
machine,353,122.78069001809631
machine,354,118.6812724742304
machine,355,118.01876573169856
machine,356,121.00306102987628
machine,357,119.14606658712981
machine,358,117.54952421801185
machine,359,117.68483701905552
machine,360,117.27597101272794
machine,361,118.91302990460058
machine,362,122.06346087778108
machine,363,121.80906861886733
machine,364,123.72279439247156
machine,365,118.72919315435806
machine,366,123.89516457087224
machine,367,115.59453773740078
machine,368,118.32622366909082
machine,369,116.73269582367283
machine,370,116.92555978294092
machine,371,123.38235131459301
machine,372,118.8923036127228
machine,373,119.43052481421503
machine,374,120.75459757730687
machine,375,123.12026366610966
machine,376,117.50040257438829
machine,377,121.81734537939654
machine,378,121.83717975126262
machine,379,122.62255144851515
machine,380,119.31084799703999
machine,381,120.97959951550052
machine,382,118.66794463740864
machine,383,120.81999763497282
machine,384,114.1072398039073
machine,385,124.86644022840376
machine,386,119.31743794315473
machine,387,119.12828616689453
machine,388,126.28450316720021
machine,389,115.01778831420853
machine,390,120.19146526096061
machine,391,118.13625544065877
machine,392,123.43527560114471
machine,393,116.61841378853399
machine,394,118.85460570003781
machine,395,123.83806087348349
machine,396,117.75516275677074
machine,397,124.7220789580414
machine,398,123.5110469922563
machine,399,124.07537817889379
machine,400,124.13822455411854
machine,401,119.90507108176106
machine,402,116.07569223746361
machine,403,119.66543445889913
machine,404,122.35522693449654
machine,405,123.48405706168593
machine,406,119.638942213579
machine,407,120.27966916026536
machine,408,120.05751248128857
machine,409,117.57946858260546
machine,410,119.72716306446682
machine,411,122.70049527332563
machine,412,123.84156980349866
machine,413,122.95130871500848
machine,414,118.70797921437944
machine,415,123.50771354353891
machine,416,121.561863757831
machine,417,119.44448425444831
machine,418,120.18844312283676
machine,419,121.02221127197339
machine,420,117.6532708864332
machine,421,116.94882940468585
machine,422,118.5381462137185
machine,423,117.95933997029941
machine,424,120.12526227604023
machine,425,122.83150863801231
machine,426,119.39977467394942
machine,427,123.40185963781242
machine,428,125.22447972264807
machine,429,123.71162621986369
machine,430,117.508346865798
machine,431,119.98424862353328
machine,432,119.071351882112
machine,433,115.75555992845203
machine,434,119.7203973198512
machine,435,117.81246528800541
machine,436,117.63927002763712
machine,437,119.85978793888899
machine,438,119.42599109555059
machine,439,119.83812777660596
machine,440,121.97090372417574
machine,441,124.17452829289137
machine,442,118.37539368255234
machine,443,118.96321653066586
machine,444,116.73498991736679
machine,445,118.84184153501869
machine,446,122.91700765416283
machine,447,115.79014125107423
machine,448,119.30764127865262
machine,449,124.74530553019609
machine,450,120.5614070593201
machine,451,119.77503572086216
machine,452,120.20003948944944
machine,453,121.03694306613579
machine,454,122.55744356177962
machine,455,121.47667069837058
machine,456,119.75361491388222
machine,457,118.05210106035634
machine,458,118.29362801558567
machine,459,119.42949047380618
machine,460,127.63428398814278
machine,461,119.72988480175233
machine,462,126.19790787903273
machine,463,117.24977127791595
machine,464,123.54029962405963
machine,465,122.067017798581
machine,466,122.82998169490185
machine,467,119.07610250117749
machine,468,118.27196821468024
machine,469,119.28084381833457
machine,470,121.83243543133429
machine,471,112.47537175321168
machine,472,119.2105775710603
machine,473,122.90897176710457
machine,474,120.57061716288804
machine,475,116.53321680887154
machine,476,116.58434186521143
machine,477,117.99870879352939
machine,478,124.87870444009597
machine,479,118.98045303708406
machine,480,119.56279129034826
machine,481,120.56828454729794
machine,482,113.30266061986138
machine,483,121.19108181115314
machine,484,118.37602170308472
machine,485,119.88609917076303
machine,486,118.99244094204984
machine,487,125.08236340996181
machine,488,121.87507778978492
machine,489,117.51601386329524
machine,490,118.2905648882596
machine,491,119.93707067029864
machine,492,120.76288274932543
machine,493,119.19630172894169
machine,494,120.30126988384862
machine,495,115.54627923379076
machine,496,122.14095864939306
machine,497,119.51163234706053
machine,498,122.77258483981367
machine,499,122.18351715586009
