Item,Draw,Appropriateness
food,0,122.59134072681417
food,1,122.26887245250583
food,2,117.24096158625457
food,3,121.59216925130454
food,4,120.09079877851185
food,5,121.11517692180078
food,6,119.426476299621
food,7,119.5041021880938
food,8,116.40125458532056
food,9,122.36097148171245
food,10,118.5302098051805
food,11,119.86493484523895
food,12,120.50901420846884
food,13,121.08631582453486
food,14,122.98057082863762
food,15,124.4030605252916
food,16,119.89646619486507
food,17,118.01250233802905
food,18,122.81888753284933
food,19,124.90446377602349
food,20,126.19028096996945
food,21,122.04243767101697
food,22,120.18974634880793
food,23,119.18172283170045
food,24,118.87592618670146
food,25,123.88200631522928
food,26,122.74114264312533
food,27,122.35452119044335
food,28,121.1860882198884
food,29,115.62322810580332
food,30,124.99057792909521
food,31,117.94051957916241
food,32,121.93117583782063
food,33,119.57342149283663
food,34,121.2893792806175
food,35,121.53444187562646
food,36,121.99291922830515
food,37,128.2782173090178
food,38,123.25780139281004
food,39,121.07186552687794
food,40,127.69501146625485
food,41,122.01316391206933
food,42,120.46862789354036
food,43,122.67472558393087
food,44,118.40157874328683
food,45,121.5414104903029
food,46,119.51621437071236
food,47,123.34730716113562
food,48,124.16393648392925
food,49,117.50747234435958
food,50,119.22468055166802
food,51,117.86744841487203
food,52,119.49509937544292
food,53,123.3065654690255
food,54,122.18977652530683
food,55,120.63461943152573
food,56,119.31186913719003
food,57,119.22352448774276
food,58,122.43230179497904
food,59,119.60138451105726
food,60,123.72761678774162
food,61,120.4803875548145
food,62,117.82688567391534
food,63,120.28075341615008
food,64,120.76690425230079
food,65,118.00752611927075
food,66,121.0742375140001
food,67,121.95197596166565
food,68,118.65414154807985
food,69,125.86803196759281
food,70,118.15619007001872
food,71,121.42060497812335
food,72,123.34041602209334
food,73,122.51553421823156
food,74,121.38060667037188
food,75,115.11920760636298
food,76,122.88851398455016
food,77,118.47301756674433
food,78,118.00711430066086
food,79,115.78073197713177
food,80,119.72797059923732
food,81,116.36108180906761
food,82,118.00434350965337
food,83,118.46155406131946
food,84,120.85239288838847
food,85,117.4890154108392
food,86,119.89506788738935
food,87,122.62380858373703
food,88,121.42166477970949
food,89,119.04749813817742
food,90,123.3663588377046
food,91,122.17490285980546
food,92,116.45834264532857
food,93,120.9592008709651
food,94,125.12100951150187
food,95,121.8626288824559
food,96,116.42723207170921
food,97,117.88324682616637
food,98,117.85633049420399
food,99,118.46043992547332
food,100,123.73895854321952
food,101,114.76694085957284
food,102,125.61381045681814
food,103,123.04461234331445
food,104,123.28829335380284
food,105,120.88297023438079
food,106,120.32211324438155
food,107,112.93932914593516
food,108,117.07228175188877
food,109,120.73643565037433
food,110,118.7067555385257
food,111,118.8718108664593
food,112,115.25527116867605
food,113,115.27438899856224
food,114,120.16625149822158
food,115,128.49848740748453
food,116,121.80434797874493
food,117,120.88240567478618
food,118,120.01921414756755
food,119,125.00573897593144
food,120,122.2728697767798
food,121,120.61604784916413
food,122,118.94382718006989
food,123,123.53295035711874
food,124,117.63869535210515
food,125,118.7302807289923
food,126,122.395567400803
food,127,121.76846343820841
food,128,120.90360606536714
food,129,119.81999275188622
food,130,121.14513358357466
food,131,114.35604169557926
food,132,119.21145557312911
food,133,114.17969242811729
food,134,118.22508632869425
food,135,122.17810606541926
food,136,117.71787701240576
food,137,123.47871983393179
food,138,120.95547671237851
food,139,122.1141390960494
food,140,121.34231621305804
food,141,125.01389215602494
food,142,117.47753850773921
food,143,121.5776173579201
food,144,120.795848624761
food,145,121.38003333719456
food,146,120.11157765770982
food,147,118.10379840220659
food,148,119.806562135942
food,149,125.4662640741289
food,150,117.35979974302937
food,151,120.32973412996408
food,152,120.6115240130187
food,153,118.41929855050854
food,154,119.09262252549398
food,155,123.98060494092829
food,156,121.28236889648927
food,157,117.7691789718537
food,158,120.51950837771221
food,159,117.79879132659943
food,160,125.12322166641712
food,161,124.10903589900269
food,162,120.53138824236657
food,163,123.96434456495065
food,164,118.66120559146628
food,165,120.45381366280898
food,166,122.85273135604619
food,167,122.36904128872415
food,168,123.37405302273558
food,169,125.96764961076497
food,170,128.06120783012332
food,171,118.66180023733499
food,172,121.87867995447614
food,173,126.42714746415085
food,174,120.03795787718488
food,175,124.15546793452738
food,176,117.35978513946795
food,177,122.69806224353759
food,178,122.1879592763528
food,179,121.2268132410868
food,180,123.76935402148708
food,181,122.00668288297136
food,182,120.52738984091695
food,183,116.55995870136526
food,184,120.26488151906194
food,185,122.08059421190904
food,186,118.24997639398194
food,187,117.01077520395384
food,188,122.88628113616471
food,189,117.69081067751247
food,190,120.34905772861184
food,191,115.21887435707103
food,192,116.7163519630316
food,193,120.68117912274839
food,194,120.06318779686495
food,195,118.41586054835278
food,196,119.65846460611222
food,197,123.0018666101954
food,198,118.63563503687264
food,199,121.50654409273638
food,200,116.99141723201708
food,201,118.49070073875023
food,202,120.03776452260344
food,203,121.81529654970669
food,204,118.38110093999745
food,205,123.02325268020323
food,206,117.9232295998437
food,207,124.3822768655827
food,208,126.32330143228761
food,209,124.59343603006106
food,210,121.86227096663696
food,211,119.69319725078668
food,212,119.34206544620633
food,213,120.60589105371398
food,214,120.88021641749556
food,215,125.74611673736402
food,216,120.12262010140311
food,217,117.35877612346329
food,218,119.18751765666957
food,219,119.85052684871394
food,220,118.54021895974564
food,221,119.6384503732419
food,222,116.0695735411003
food,223,118.37334809894926
food,224,118.06908873423573
food,225,119.02872005022189
food,226,119.48343502187062
food,227,123.10153457718872
food,228,128.96650736293174
food,229,117.19582650623607
food,230,121.44589660376393
food,231,114.70857379483613
food,232,119.69468526660101
food,233,117.95262976992764
food,234,117.20819550040444
food,235,118.98064895226574
food,236,119.8568353881529
food,237,120.56851459197621
food,238,119.81793097893998
food,239,122.17895588444046
food,240,123.57153914446874
food,241,117.5948745516999
food,242,125.76449901163846
food,243,119.06210905543495
food,244,126.66648234448346
food,245,124.50903113973486
food,246,117.35257245191629
food,247,121.30046172530552
food,248,118.98999117444752
food,249,118.08477396707298
food,250,119.93333776629815
food,251,123.27339169456127
food,252,122.47250175757851
food,253,120.97359568522124
food,254,119.19311195493691
food,255,119.77232368555846
food,256,120.35362714828644
food,257,119.83736459242402
food,258,124.77147467206358
food,259,120.04652245254941
food,260,119.34322395129269
food,261,121.32488967641879
food,262,124.69397796750046
food,263,124.18232613771558
food,264,120.76619369964736
food,265,120.50453037595143
food,266,120.05462457898726
food,267,119.4788713560443
food,268,123.60361188738005
food,269,123.12969789475814
food,270,121.50060013186435
food,271,120.56169945257906
food,272,118.99338930549044
food,273,119.58068379517654
food,274,119.12182280914479
food,275,119.14055087682036
food,276,119.84194793637553
food,277,120.45573391509873
food,278,123.5197108561293
food,279,122.22154618838819
food,280,121.04823596717505
food,281,121.10733581429216
food,282,122.70226629227324
food,283,121.93921212775298
food,284,120.49172879990245
food,285,118.73981905175187
food,286,121.06350968385445
food,287,122.25201863711308
food,288,120.61963282431651
food,289,118.72189627021686
food,290,119.037491044252
food,291,118.12743392086098
food,292,124.36050882901195
food,293,121.06012130150904
food,294,121.23324986435497
food,295,118.95893176975217
food,296,121.89710913190103
food,297,124.78843925918497
food,298,120.79010980216805
food,299,124.99523935302079
food,300,118.62529507824229
food,301,119.78897980039332
food,302,120.08754026488806
food,303,116.96247304717693
food,304,120.54772412448412
food,305,117.48257410010754
food,306,117.1575402058803
food,307,120.06669799875631
food,308,120.58376368135168
food,309,117.96621551698937
food,310,117.25934653102605
food,311,120.74004252196649
food,312,118.67922585828413
food,313,120.42224026368793
food,314,121.80045152884969
food,315,118.39560988366406
food,316,121.74725801706319
food,317,117.62820103444727
food,318,123.22041393096211
food,319,120.95072573531253
food,320,124.52824824336446
food,321,114.27646621672356
food,322,123.47134652922827
food,323,116.46162432087996
food,324,117.86448977388315
food,325,117.66944241998858
food,326,114.43074438291785
food,327,125.12201951365091
food,328,122.75676065003218
food,329,119.46991561194527
food,330,122.66448711762081
food,331,123.38597558596246
food,332,119.43863151928807
food,333,118.96263357504596
food,334,119.6427587601581
food,335,117.00027674846613
food,336,122.5332788890934
food,337,122.08857469914192
food,338,119.67590533116781
food,339,118.04144853035604
food,340,117.6085211327599
food,341,121.03083765120755
food,342,117.99090619154913
food,343,123.66673338893033
food,344,122.1123764262764
food,345,119.56062360030255
food,346,116.22106560611994
food,347,121.84234788516434
food,348,116.92550229688013
food,349,119.63263645024544
food,350,119.38001641570428
food,351,120.10197984076292
food,352,117.26866262715158
food,353,126.79075962487978
food,354,121.18329731518187
food,355,125.68155670969125
food,356,120.36732011296496
food,357,119.43379880000022
food,358,119.44188986365549
food,359,121.18583309764826
food,360,123.04605166832812
food,361,121.02565390438555
food,362,125.11371991588544
food,363,120.10501275302146
food,364,118.76622453098702
food,365,117.39458136596697
food,366,122.43892192295003
food,367,115.90140181754604
food,368,119.17693949744232
food,369,126.03957842387172
food,370,121.69826732463898
food,371,120.56397347392821
food,372,120.06164779054085
food,373,125.49168090719401
food,374,118.51934451790626
food,375,120.91782068209776
food,376,123.06143378752137
food,377,118.16805862405937
food,378,119.06890017319209
food,379,119.4412520021342
food,380,117.45034839797736
food,381,118.9806002397091
food,382,118.01202126265903
food,383,122.31739830220876
food,384,121.25973222109785
food,385,119.7452467537685
food,386,117.02015748389101
food,387,118.21050233385665
food,388,116.34929315382992
food,389,122.23608169249276
food,390,117.55863324147964
food,391,119.38580211206637
food,392,120.37703179043906
food,393,119.9037043524201
food,394,120.99062751835099
food,395,124.26415532435087
food,396,124.17759677564457
food,397,122.10418109129404
food,398,127.16308877536304
food,399,122.12574494679278
food,400,122.96888955312544
food,401,118.66144792362483
food,402,119.4982835299997
food,403,123.04127739845723
food,404,124.30837436990755
food,405,122.14583426644678
food,406,119.23855220255746
food,407,123.24505367066682
food,408,122.961837537885
food,409,127.45948677011036
food,410,117.82362774595303
food,411,118.78295506654395
food,412,128.48713526949564
food,413,117.99084479133396
food,414,121.78808206640024
food,415,120.6946288337869
food,416,124.04143894831596
food,417,118.71775189943298
food,418,120.0803338204752
food,419,122.8992382571708
food,420,122.95488484535653
food,421,123.39877621003983
food,422,123.67554999863621
food,423,126.84832491075029
food,424,121.082771506773
food,425,121.3461609728734
food,426,123.64005038039019
food,427,118.58755061241635
food,428,119.47410502593958
food,429,118.32746456407561
food,430,117.35521532750437
food,431,122.32022610190927
food,432,118.56949064576357
food,433,121.28231007385806
food,434,125.36995198845334
food,435,128.2729374629115
food,436,122.59416235301248
food,437,116.36959969160168
food,438,120.8403223471701
food,439,121.45542508186043
food,440,124.26753345660416
food,441,123.0266861040823
food,442,120.40196526875168
food,443,117.46515043364123
food,444,120.45173283248954
food,445,118.69698181161571
food,446,118.22723518989442
food,447,117.85570649182621
food,448,116.4367944571882
food,449,116.2808581181974
food,450,117.3747354488113
food,451,128.72667190445267
food,452,123.28666601057694
food,453,117.21923694055066
food,454,117.66150966839623
food,455,120.1755989376194
food,456,123.51296453663505
food,457,122.78104255528406
food,458,120.63013034788423
food,459,118.95035743931088
food,460,118.53157192070323
food,461,119.78771663754755
food,462,119.30795327453782
food,463,119.24398942333237
food,464,118.1545767211563
food,465,122.03388505434512
food,466,116.8967797370419
food,467,117.76359839984794
food,468,119.85408589310711
food,469,117.96249715505489
food,470,120.44221887883666
food,471,119.40239893863391
food,472,115.36352099294724
food,473,120.77745495329837
food,474,121.2309208567905
food,475,122.1526013172159
food,476,118.6158343112522
food,477,118.68669368299365
food,478,117.97499323800781
food,479,119.75892510611881
food,480,119.7411281516597
food,481,130.75380190517706
food,482,119.27582338262954
food,483,122.9094547100841
food,484,125.430938271402
food,485,116.66606089888025
food,486,122.65433329007192
food,487,121.67189114824185
food,488,116.9210881092402
food,489,117.80724184474691
food,490,119.06338005613866
food,491,120.92692167728707
food,492,122.8716650080212
food,493,126.1589399105789
food,494,120.92758488406636
food,495,120.57249453083558
food,496,121.39231867932104
food,497,122.28193051301662
food,498,119.31905254705542
food,499,119.56689527477091
machine,0,118.6837639740281
machine,1,119.86654326602579
machine,2,119.94573730681373
machine,3,120.9089662820128
machine,4,119.97204192207771
machine,5,120.79440698755435
machine,6,118.55641055827135
machine,7,118.43107443377261
machine,8,113.90292617797333
machine,9,119.06949071566135
machine,10,120.76757719263202
machine,11,119.14628616085245
machine,12,115.32228804945494
machine,13,120.82912128259002
machine,14,119.47103732387656
machine,15,119.84620177099465
machine,16,122.70349276634296
machine,17,121.00507607677696
machine,18,116.7162002521442
machine,19,119.06577452145922
machine,20,122.58332580761741
machine,21,118.39008783216862
machine,22,119.33787786905062
machine,23,122.38756529900512
machine,24,119.49056878643964
machine,25,119.5016303851439
machine,26,123.53444730101775
machine,27,120.78945709941348
machine,28,117.22485604293557
machine,29,119.28272270981641
machine,30,118.54830354945065
machine,31,120.35520959077277
machine,32,119.11189701238291
machine,33,120.71343137025843
machine,34,121.61768549444092
machine,35,122.6401055470756
machine,36,119.68991879462311
machine,37,122.19793583632435
machine,38,119.8550945570755
machine,39,116.48454445395457
machine,40,122.29901732766166
machine,41,122.33738871998365
machine,42,119.13884663819354
machine,43,117.54065967215985
machine,44,123.59142609691472
machine,45,115.91572662228013
machine,46,116.60276814553679
machine,47,118.42420684167381
machine,48,122.73002196213957
machine,49,114.38121054171914
machine,50,118.11760479204322
machine,51,120.49746348399668
machine,52,118.30754161472757
machine,53,122.25113617731512
machine,54,123.44917147719113
machine,55,121.07140063088401
machine,56,117.28272143974468
machine,57,117.89704193330965
machine,58,120.05367219009462
machine,59,119.73795204214537
machine,60,119.56664300156568
machine,61,124.14157715103885
machine,62,120.46694128917595
machine,63,118.59790834938957
machine,64,123.81594819086233
machine,65,119.60533677222342
machine,66,122.1650220631922
machine,67,122.69905917163533
machine,68,118.79062946687749
machine,69,118.55538929878067
machine,70,121.39205230438638
machine,71,119.42242612524807
machine,72,117.16106043030103
machine,73,123.30094780277634
machine,74,119.73900863762101
machine,75,123.18403882445384
machine,76,118.13121949524556
machine,77,120.08392635574867
machine,78,119.07220846185392
machine,79,120.8587186851281
machine,80,123.20648866437429
machine,81,122.21695835974653
machine,82,124.37080064309876
machine,83,118.74827240959786
machine,84,118.4977153295254
machine,85,124.24390035864657
machine,86,121.75979839549953
machine,87,114.76571613750133
machine,88,120.51781331862892
machine,89,120.28523157998418
machine,90,120.93434106577587
machine,91,118.57227221981887
machine,92,119.96933174927622
machine,93,123.29316569718769
machine,94,120.19631909846566
machine,95,120.57607633975955
machine,96,120.85554099883015
machine,97,119.14684750630822
machine,98,126.63853164912537
machine,99,120.53143209634538
machine,100,119.4643208295626
machine,101,122.2651790353906
machine,102,115.30140707406005
machine,103,120.23706662643706
machine,104,120.09348721364164
machine,105,118.32335935811523
machine,106,124.32775102115181
machine,107,120.5323654896078
machine,108,120.52086025531477
machine,109,119.10936446308295
machine,110,115.66880761229528
machine,111,120.44827924854553
machine,112,123.44415108944682
machine,113,121.01803265098819
machine,114,118.05947334407824
machine,115,116.54240168120928
machine,116,120.92447583304295
machine,117,124.98238354479494
machine,118,117.18171894294957
machine,119,122.1802223403061
machine,120,116.45396328532489
machine,121,119.98563145418927
machine,122,114.65451854246022
machine,123,123.65650088451854
machine,124,119.12563116646386
machine,125,118.86246020356646
machine,126,118.45395887250874
machine,127,120.6982908912412
machine,128,118.95225866949357
machine,129,123.82746240168967
machine,130,122.42414955681637
machine,131,120.31578775010084
machine,132,118.34965670456353
machine,133,119.51360920038947
machine,134,116.42468275268219
machine,135,118.95874928135524
machine,136,118.78743923600805
machine,137,123.35198107809214
machine,138,118.96809777769313
machine,139,118.11698644289206
machine,140,119.51171390018722
machine,141,120.83608640430118
machine,142,122.29185059125096
machine,143,120.82763444687188
machine,144,120.57237950841323
machine,145,118.58719313744743
machine,146,118.3180376697076
machine,147,113.92346279434567
machine,148,123.22381660616612
machine,149,114.75317317295723
machine,150,120.50557932481875
machine,151,118.59105401263004
machine,152,126.0267268430312
machine,153,120.65487682619522
machine,154,118.40890657839138
machine,155,117.80325901774309
machine,156,124.48454466124947
machine,157,122.64430050192163
machine,158,122.10309345347237
machine,159,125.21541829891913
machine,160,120.13676011852148
machine,161,126.02829108192905
machine,162,125.60844964465561
machine,163,120.67935431066526
machine,164,119.26944438605733
machine,165,120.99017448893947
machine,166,122.3547357927695
machine,167,120.75111471384238
machine,168,120.04234376429659
machine,169,120.08793160111975
machine,170,119.52234434023256
machine,171,120.97423706092715
machine,172,120.63193047227992
machine,173,119.03992935122739
machine,174,124.83171849078478
machine,175,125.93475884611784
machine,176,121.64272596361052
machine,177,123.1686878436553
machine,178,118.5435498371213
machine,179,120.68548354443803
machine,180,116.03211278735341
machine,181,122.62676299285793
machine,182,118.69560987860879
machine,183,122.97064249303844
machine,184,119.17565516628746
machine,185,119.87128252156296
machine,186,120.50810903827414
machine,187,116.39842355848164
machine,188,120.83426014509737
machine,189,123.29851955206969
machine,190,121.83134663489035
machine,191,123.90924879435306
machine,192,121.7814629455199
machine,193,117.60841379093185
machine,194,118.5283732694042
machine,195,119.66726551067151
machine,196,119.83893501495608
machine,197,127.5369773528271
machine,198,123.22386853097989
machine,199,119.42536157206351
machine,200,121.7081153027087
machine,201,117.053709134719
machine,202,119.97426902241683
machine,203,116.735635729148
machine,204,123.66835298628519
machine,205,117.25932392005369
machine,206,120.84578015431848
machine,207,120.73224219640007
machine,208,116.15954992249591
machine,209,119.07378044193966
machine,210,123.86424685367781
machine,211,118.02471669464462
machine,212,117.15948118798718
machine,213,117.36451279103058
machine,214,121.95903046094278
machine,215,122.63490156316148
machine,216,121.88882019128322
machine,217,120.5920299377682
machine,218,119.58562486272571
machine,219,120.72543300776405
machine,220,119.33001850484824
machine,221,117.9918609866443
machine,222,118.3256782467611
machine,223,121.52256177077861
machine,224,118.51654290557367
machine,225,120.04192884563432
machine,226,122.74106726913863
machine,227,118.29686695420105
machine,228,116.88891118545719
machine,229,120.35605544337662
machine,230,120.61032602009602
machine,231,121.21517166908815
machine,232,118.0280415443832
machine,233,118.77742209255602
machine,234,116.32062712343867
machine,235,120.56677430696328
machine,236,121.74935126220663
machine,237,119.83832045517215
machine,238,118.68524545615189
machine,239,119.45822762763301
machine,240,119.3601365239423
machine,241,118.88210657724886
machine,242,120.46287271139069
machine,243,118.66488190086788
machine,244,119.17849771310594
machine,245,122.8413484939497
machine,246,119.4123139098893
machine,247,121.28802111072036
machine,248,121.35208968428459
machine,249,120.54396420752103
machine,250,116.39450314010362
machine,251,115.46966715241484
machine,252,118.29881677420045
machine,253,119.7032837967232
machine,254,118.23233732590535
machine,255,123.10591272725972
machine,256,121.96776665117947
machine,257,118.78160397745955
machine,258,118.46852180140301
machine,259,118.11611949031362
machine,260,121.61069441393109
machine,261,121.60760858619959
machine,262,120.62297344715864
machine,263,122.06786811481562
machine,264,121.3406172571403
machine,265,123.47080209232593
machine,266,121.69950894438668
machine,267,121.41712507785907
machine,268,117.93044287899603
machine,269,120.04247067377636
machine,270,120.70587419787238
machine,271,115.92382742270793
machine,272,119.29742340189561
machine,273,119.81838996495387
machine,274,121.13209826777596
machine,275,119.34542479454467
machine,276,119.75523865011807
machine,277,118.87390788376663
machine,278,118.14421138440068
machine,279,121.14229022802527
machine,280,119.4931920659267
machine,281,121.13347416492282
machine,282,124.19967479069439
machine,283,123.51764765156051
machine,284,118.53687096570025
machine,285,119.17008319209381
machine,286,118.34698142494628
machine,287,125.85639174459449
machine,288,121.27867162148891
machine,289,117.304979838878
machine,290,120.91288638449274
machine,291,123.05102917422475
machine,292,122.44154721656635
machine,293,121.52955152750071
machine,294,126.63205497935262
machine,295,120.88222882965663
machine,296,120.97024145766109
machine,297,114.97628551466063
machine,298,119.87415872581776
machine,299,119.37612229125156
machine,300,120.49190294064249
machine,301,118.38461879510427
machine,302,119.68347459858086
machine,303,115.57470272638952
machine,304,123.32246252779532
machine,305,118.142893240942
machine,306,122.32726642451357
machine,307,117.97074964696274
machine,308,120.28026483999273
machine,309,120.64164474329202
machine,310,123.83539299674884
machine,311,118.53700541242335
machine,312,119.72013631464822
machine,313,119.58004739455497
machine,314,119.37280573283782
machine,315,120.72789608961934
machine,316,118.97201954386334
machine,317,118.20050415893462
machine,318,118.95791201149957
machine,319,123.36590597784132
machine,320,119.58524535499978
machine,321,117.90397879053194
machine,322,117.07951181655807
machine,323,119.41184620817064
machine,324,121.51704223931554
machine,325,118.52941914924739
machine,326,119.16610725147119
machine,327,120.92365268282197
machine,328,123.37962413737043
machine,329,123.72875746981306
machine,330,120.01649681704637
machine,331,120.26188075717832
machine,332,122.22607868530311
machine,333,121.81186109584847
machine,334,122.1553783515266
machine,335,123.41290938810732
machine,336,119.8518874789693
machine,337,123.16212789155084
machine,338,122.65134053668434
machine,339,117.65344844139098
machine,340,118.5824631541706
machine,341,120.24900334485089
machine,342,120.39533505768765
machine,343,124.20821135301476
machine,344,117.55481409247683
machine,345,118.76194767788147
machine,346,120.3029837214704
machine,347,127.75940000767487
machine,348,117.25151314844841
machine,349,118.06487444482055
machine,350,121.77078801282899
machine,351,118.8443284334749
machine,352,120.32822359456699
machine,353,118.34532014090111
machine,354,121.20110302181075
machine,355,118.43932806875166
machine,356,122.6973153112543
machine,357,117.16562089770461
machine,358,124.49655797083943
machine,359,121.54307095054615
machine,360,120.33507932621528
machine,361,122.24541063173857
machine,362,119.7281702636411
machine,363,123.58713378035627
machine,364,121.64690230651149
machine,365,122.0807670967933
machine,366,122.17695152752468
machine,367,122.33097776437327
machine,368,118.18123492811321
machine,369,115.3877651221702
machine,370,117.84723324991742
machine,371,119.79018943401894
machine,372,117.80863900702198
machine,373,119.89799362324223
machine,374,122.12495554238865
machine,375,118.57313568805144
machine,376,119.06567965262997
machine,377,118.13920406010763
machine,378,118.7472228181349
machine,379,122.98042844650132
machine,380,117.29479372458627
machine,381,118.65234582551274
machine,382,121.69109685325945
machine,383,119.22360791484444
machine,384,118.40967706302456
machine,385,124.01970028514503
machine,386,119.53282828963087
machine,387,121.99999777856672
machine,388,119.91315879162119
machine,389,119.77964151999527
machine,390,122.64284077375902
machine,391,123.99722154456695
machine,392,121.05925527557505
machine,393,121.41228185764075
machine,394,117.81245596130626
machine,395,119.12058486445969
machine,396,122.24375806948076
machine,397,120.42396139409377
machine,398,123.65681868485194
machine,399,123.30845992967718
machine,400,123.95171640914786
machine,401,120.59027067657244
machine,402,117.81173123914823
machine,403,121.92942258321402
machine,404,118.54488935496445
machine,405,119.43670564521607
machine,406,125.98188958337838
machine,407,121.2440738454154
machine,408,120.17017227737415
machine,409,120.70691541302969
machine,410,127.39748886693269
machine,411,123.42031764091207
machine,412,119.80014455546437
machine,413,121.16528229648512
machine,414,121.08512097772548
machine,415,118.61168406352962
machine,416,119.05031666921906
machine,417,120.90292615723048
machine,418,120.78553770707398
machine,419,120.99577694432718
machine,420,120.88192156091083
machine,421,123.82689021137129
machine,422,119.63368008548989
machine,423,120.15481652016966
machine,424,120.37609943561083
machine,425,122.75358447314045
machine,426,120.09174020080515
machine,427,127.04705782644467
machine,428,121.42772008752729
machine,429,118.62644581932078
machine,430,123.57931365193657
machine,431,119.69175219323012
machine,432,116.7967758367555
machine,433,118.29572092657945
machine,434,122.44692556079578
machine,435,119.57876046316807
machine,436,120.40641798999694
machine,437,117.90717447776589
machine,438,123.08303334224307
machine,439,116.11361732954204
machine,440,119.04110880888238
machine,441,118.64393812886502
machine,442,121.10909249139436
machine,443,120.4502704464898
machine,444,128.75755964948584
machine,445,120.60499048716333
machine,446,118.46133231395721
machine,447,121.57155074567534
machine,448,123.05047374959712
machine,449,119.92878616482065
machine,450,118.89292580822048
machine,451,118.25763846641537
machine,452,118.67783446585523
machine,453,119.30516537367014
machine,454,121.97144782287026
machine,455,119.99002311771763
machine,456,114.94783269050603
machine,457,122.75810901520003
machine,458,116.60677156715464
machine,459,117.80481282549613
machine,460,116.55351387865952
machine,461,119.04551403805677
machine,462,125.75550029225451
machine,463,122.70034717311071
machine,464,117.20092902911969
machine,465,117.48752597690904
machine,466,120.433209420186
machine,467,123.4395268821879
machine,468,117.98170904729311
machine,469,123.72755070369892
machine,470,121.11658464718302
machine,471,123.46438706187064
machine,472,122.67718008808077
machine,473,123.43871589049517
machine,474,121.2634893148523
machine,475,123.99451392648892
machine,476,118.62747595821494
machine,477,117.20800287437174
machine,478,125.36667372545531
machine,479,120.60146079101929
machine,480,120.60323614828701
machine,481,119.17728558422607
machine,482,122.00095881788467
machine,483,122.80639841310487
machine,484,120.60832525142715
machine,485,119.30548177772621
machine,486,122.82969907186232
machine,487,118.93523280403957
machine,488,116.88978664696425
machine,489,119.31472307734607
machine,490,119.1594971710241
machine,491,117.13922979077493
machine,492,116.9847574841038
machine,493,118.32148023305986
machine,494,122.77908047468189
machine,495,120.5998269272973
machine,496,122.14489997019594
machine,497,116.68810302036108
machine,498,120.20275457254657
machine,499,119.79934209942161
city,0,119.95851121234158
city,1,117.29684371365067
city,2,121.42653738959915
city,3,116.84499208238132
city,4,122.21038314342631
city,5,126.95064379700416
city,6,119.63917487608273
city,7,118.94651381386542
city,8,117.28874674371706
city,9,124.14526163906821
city,10,119.65505052072191
city,11,117.26793610742381
city,12,120.90123969737392
city,13,117.6817687999472
city,14,116.59981109231377
city,15,120.4710773274614
city,16,122.28092171525356
city,17,118.08147988722529
city,18,120.49489380765661
city,19,116.40904089969311
city,20,117.70603995651123
city,21,115.77096586456254
city,22,117.82782376395811
city,23,123.48011430097652
city,24,126.19136252473328
city,25,116.5642896726943
city,26,121.74840744356128
city,27,120.67464004632104
city,28,119.02175853358001
city,29,118.3311530530217
city,30,123.90252611751069
city,31,120.08435947808478
city,32,117.9383504068694
city,33,120.40389425656703
city,34,116.91912214924133
city,35,121.87853881217347
city,36,118.93594183215048
city,37,119.00918455200251
city,38,116.89958357540691
city,39,122.54772717280741
city,40,118.81263100941031
city,41,120.48915789310013
city,42,113.41318260705975
city,43,121.7800218505649
city,44,123.54935131582026
city,45,119.86209139299646
city,46,122.4482962667863
city,47,119.59958143183431
city,48,117.73104685585463
city,49,118.43119063848107
city,50,119.05515931596642
city,51,118.82744840403541
city,52,121.81173697904046
city,53,118.99498178973127
city,54,121.96441169369857
city,55,121.4713624111322
city,56,122.78199683898951
city,57,119.52710766851943
city,58,117.12166885539685
city,59,119.93290851219824
city,60,119.76106047958557
city,61,115.3718379939328
city,62,119.49274464731813
city,63,123.43878201139226
city,64,118.45323344381136
city,65,120.48858802256635
city,66,117.14031470062174
city,67,116.61522828661563
city,68,117.73718339682453
city,69,119.47800538302454
city,70,117.51761611897268
city,71,120.12007017731085
city,72,120.63799313425376
city,73,119.40735237127842
city,74,122.90435680118712
city,75,121.78235618288508
city,76,120.78026655543468
city,77,119.61826722250224
city,78,114.48804567565867
city,79,122.6247542669753
city,80,119.77768960041743
city,81,122.44612601386787
city,82,122.99642288234598
city,83,117.57642875974159
city,84,126.85434749723903
city,85,121.04408220626992
city,86,118.00436415195101
city,87,126.11941085479384
city,88,126.6104637629377
city,89,122.65047208451516
city,90,116.36603180652156
city,91,117.0763984572355
city,92,120.5266680656888
city,93,116.23430476286123
city,94,121.30727727093358
city,95,121.7002187640799
city,96,121.96933728382524
city,97,116.92653659316366
city,98,121.92332948212126
city,99,119.96356938263388
city,100,120.3300547244974
city,101,120.1909986819339
city,102,117.29277381255199
city,103,124.70248379352793
city,104,115.33871095006272
city,105,123.59011001375377
city,106,116.08309418552633
city,107,118.59957765687632
city,108,121.08087639139751
city,109,116.77183449767006
city,110,114.23703526979023
city,111,117.06341644433438
city,112,121.41733057458246
city,113,117.38575375626607
city,114,123.62435593693579
city,115,126.05442151666838
city,116,119.19934264895507
city,117,118.44105160910377
city,118,119.33126996543766
city,119,121.52876681462861
city,120,124.84253179212827
city,121,117.6185831395467
city,122,121.96777306294663
city,123,122.31809979248065
city,124,120.99662157957947
city,125,114.89541798305846
city,126,120.27878792174573
city,127,122.10351353127682
city,128,121.42092913931164
city,129,123.9315938059509
city,130,118.17086036813807
city,131,123.81343620225782
city,132,121.65373884230111
city,133,123.30048901164008
city,134,116.82930279388988
city,135,115.66076802643015
city,136,120.34688414140274
city,137,124.75818323277328
city,138,118.29102339395554
city,139,114.91325698005063
city,140,128.74710356258132
city,141,119.7660933520616
city,142,123.41407706162764
city,143,118.85042632891228
city,144,118.41983176124072
city,145,120.78863250029117
city,146,115.89967226237844
city,147,116.03083288719138
city,148,119.31622959908267
city,149,118.17226613317015
city,150,123.13693387648274
city,151,119.96714296461128
city,152,119.15078525143296
city,153,117.12859170059676
city,154,117.79380248241347
city,155,117.78620211258921
city,156,117.61025059453296
city,157,123.79760338789158
city,158,122.50147647590808
city,159,122.39972460887701
city,160,116.23496545693361
city,161,122.44888769219138
city,162,118.65897521726009
city,163,120.7855757134132
city,164,120.25509087851076
city,165,122.95699018510258
city,166,118.46795077941236
city,167,121.7666127267645
city,168,117.33629064761
city,169,117.2244034853689
city,170,119.91862357824704
city,171,117.29984149445947
city,172,115.6801032779237
city,173,118.22844043369633
city,174,122.021149776201
city,175,116.63199929392434
city,176,117.14832525272851
city,177,119.14746530081398
city,178,118.56289151236274
city,179,117.00021949535544
city,180,115.90719815558546
city,181,122.18936556911686
city,182,121.8528621295953
city,183,122.98551434332995
city,184,119.87169079590849
city,185,116.03686194681211
city,186,117.54275605875915
city,187,119.89337779860965
city,188,119.89529063592796
city,189,122.10519631893415
city,190,120.33593178151816
city,191,119.67721355871586
city,192,120.33643646260546
city,193,120.49316072776686
city,194,127.90757919526976
city,195,119.54594130560264
city,196,124.76399915181591
city,197,114.93005251669206
city,198,120.4391270585729
city,199,130.03495583914645
city,200,121.58042252806962
city,201,121.87630895003791
city,202,117.66388395271233
city,203,119.33777461917884
city,204,117.29677715360201
city,205,115.0126603164813
city,206,117.25376315807846
city,207,121.33159226881489
city,208,115.63909247015593
city,209,118.604767761732
city,210,119.26697837448259
city,211,118.13301201582911
city,212,116.40415628026723
city,213,120.26339677589564
city,214,121.22285325439215
city,215,118.63062500716599
city,216,119.08617368049997
city,217,122.93793570696752
city,218,124.26577164431953
city,219,118.96928580469182
city,220,119.60439688968675
city,221,121.21823169493456
city,222,115.74301044633582
city,223,122.73619572208199
city,224,116.76401560409846
city,225,121.66299534749776
city,226,119.7881849170513
city,227,119.83329305669066
city,228,122.91718488895451
city,229,121.5655312495549
city,230,119.76259074578013
city,231,120.89417296387926
city,232,115.19764299179617
city,233,123.70328959045771
city,234,122.01001159526703
city,235,118.1944863094375
city,236,121.22717717640074
city,237,121.39322334637907
city,238,120.03482521412197
city,239,122.80530020917024
city,240,126.19377769515516
city,241,119.44082154839283
city,242,119.10053587693858
city,243,118.908220683946
city,244,120.50916681931452
city,245,118.00523615621216
city,246,119.7167050352972
city,247,122.52862280071344
city,248,118.58625237023756
city,249,122.4270810831289
city,250,119.49476685937003
city,251,123.22778354776196
city,252,115.11690286812926
city,253,123.61101906572752
city,254,113.97416288796909
city,255,120.1822265687438
city,256,124.52924464159996
city,257,120.78302581657758
city,258,124.16417933277748
city,259,122.67314934584621
city,260,122.69895861352079
city,261,124.66341383023493
city,262,121.53642323943761
city,263,119.47474099518796
city,264,121.21541816640115
city,265,120.35078567627046
city,266,118.74758638072636
city,267,119.6053309708977
city,268,117.24183799106105
city,269,117.9708318372301
city,270,119.90576331839135
city,271,120.75867574636034
city,272,118.44486892017426
city,273,125.14872578871532
city,274,114.65293948136224
city,275,119.0486448912482
city,276,121.17547901748853
city,277,118.5798184734405
city,278,114.9874838820774
city,279,123.15448316413098
city,280,118.4278900593043
city,281,118.52491702489021
city,282,126.12547892141734
city,283,116.16090568580462
city,284,118.62692413178915
city,285,117.70585760555264
city,286,119.58563308001276
city,287,123.03625565386483
city,288,117.87238457883763
city,289,122.88523832572741
city,290,123.15732733294855
city,291,125.96733951636037
city,292,116.43655712078238
city,293,121.72478133661654
city,294,124.39580511877683
city,295,119.9661299281997
city,296,122.42824895704068
city,297,122.32786486583191
city,298,118.08782521990398
city,299,124.74268231897265
city,300,118.68120496163664
city,301,122.33378315936285
city,302,117.18130601363586
city,303,120.20975996751038
city,304,121.92286226322264
city,305,117.38645321690349
city,306,122.03542367809612
city,307,117.03042941579834
city,308,118.84893789328721
city,309,120.97895100389057
city,310,122.8701658054175
city,311,121.81894448365418
city,312,123.0484903177688
city,313,122.12213623437795
city,314,119.46418209432849
city,315,110.89298003877215
city,316,121.43115502600406
city,317,118.69277265283529
city,318,116.39678649311055
city,319,121.33551319955154
city,320,123.17731743593667
city,321,120.039143904771
city,322,118.32846130824505
city,323,118.78230455117078
city,324,115.11514660113052
city,325,124.83619631177108
city,326,122.87075173656599
city,327,121.983551099876
city,328,118.42129756390773
city,329,121.76477834251487
city,330,116.84779686991385
city,331,117.91249891216438
city,332,117.67313425872987
city,333,118.29136829742201
city,334,122.54284031474896
city,335,116.98672680778192
city,336,118.71553086649074
city,337,122.32869632688342
city,338,121.6117047677402
city,339,120.34417475209102
city,340,114.38011487237316
city,341,121.98904040508083
city,342,121.23994478399457
city,343,121.48178696779777
city,344,119.68981739318873
city,345,118.8890861372707
city,346,116.50808809785269
city,347,123.55009208253117
city,348,116.47508983703696
city,349,121.92350644748736
city,350,115.67256526341848
city,351,121.83668869145427
city,352,120.69800518854517
city,353,123.52847817950772
city,354,118.50785821938494
city,355,118.61659363828984
city,356,117.33394578340277
city,357,121.93634661141708
city,358,121.25374866220811
city,359,120.13962236699771
city,360,116.43556816176002
city,361,118.45352702772611
city,362,121.09322386879964
city,363,124.88959042046184
city,364,122.18719737220319
city,365,118.4001365483216
city,366,119.44889870109243
city,367,119.52599797928778
city,368,122.6421922475311
city,369,123.65684770603225
city,370,119.72352547071013
city,371,117.3317204720155
city,372,117.78593967254511
city,373,115.98636306401953
city,374,117.97905889378322
city,375,114.52155674673608
city,376,117.07212605287525
city,377,118.43569634697961
city,378,119.72327273056874
city,379,122.60435693889373
city,380,125.53896447228045
city,381,118.38139600604585
city,382,122.95405345065642
city,383,115.07578452858174
city,384,116.85531252785393
city,385,117.10929852760063
city,386,120.17418410800522
city,387,120.64609793035046
city,388,116.36721484259363
city,389,120.4772323548257
city,390,119.19735832003593
city,391,117.59387004933444
city,392,116.18069749558325
city,393,117.25023217644899
city,394,119.63472370577912
city,395,119.25791416326548
city,396,122.74856118537245
city,397,119.70494322415537
city,398,117.99896781373833
city,399,122.15217429156868
city,400,119.33002387396965
city,401,120.32925737261799
city,402,116.95120642687233
city,403,116.90984504889018
city,404,118.4424717720572
city,405,121.65774002644964
city,406,119.9874711284988
city,407,120.91622695172386
city,408,116.45353018693203
city,409,117.32845159555868
city,410,117.87230417632999
city,411,116.72607584853931
city,412,122.69856405929305
city,413,120.30998850252053
city,414,117.60877734675307
city,415,120.448202226673
city,416,120.23088478112578
city,417,120.77708299394227
city,418,119.14746380802588
city,419,121.12642955730367
city,420,120.84730942801882
city,421,118.89622829269972
city,422,123.95554408853928
city,423,120.1858350478494
city,424,117.50672043051354
city,425,121.2086808782217
city,426,118.97199655533039
city,427,120.30642539380085
city,428,121.72995726181657
city,429,115.52187707769568
city,430,115.98711079396085
city,431,120.28633240080404
city,432,122.24087490218128
city,433,125.70857815568932
city,434,122.46893010698601
city,435,112.65638355603616
city,436,117.22669738569249
city,437,118.89190790188842
city,438,124.33462206389348
city,439,116.57113975203828
city,440,114.63698912296418
city,441,116.36506210417696
city,442,120.32013767449368
city,443,120.01335842163023
city,444,121.45483763540241
city,445,120.93298287352938
city,446,121.34004913291676
city,447,120.7235355885182
city,448,118.43554368777436
city,449,119.23667254531883
city,450,117.11137244347596
city,451,117.02016875262409
city,452,126.56738622969026
city,453,117.03270263748907
city,454,120.09310424697077
city,455,117.69880735239899
city,456,116.4023121739649
city,457,118.93069032271717
city,458,120.32999845990618
city,459,126.35222094331266
city,460,116.94550792226615
city,461,120.63041078995266
city,462,112.61399702125019
city,463,120.89073696244535
city,464,118.19171299191666
city,465,115.96352726439207
city,466,116.05646889110321
city,467,116.61794103497326
city,468,121.72703211712329
city,469,116.8850977438917
city,470,119.46863961601022
city,471,120.05365759078283
city,472,121.07591815448042
city,473,118.00651386087269
city,474,117.50310080818818
city,475,121.37627703617284
city,476,119.35780613262648
city,477,120.89771128840532
city,478,121.41236118930172
city,479,119.67338868544897
city,480,123.67574617047326
city,481,122.40153786769945
city,482,116.30902285099138
city,483,119.43301351918991
city,484,116.8387942996543
city,485,118.62088880733836
city,486,122.78294342336753
city,487,118.72895904147502
city,488,120.5879733910964
city,489,117.98648224397634
city,490,122.07344483128023
city,491,120.65013081314552
city,492,117.13422931739908
city,493,121.2822252780249
city,494,119.19927406231676
city,495,118.19370758433081
city,496,122.90887579324699
city,497,120.82207685422068
city,498,117.58105774295477
city,499,123.31068397906068
time,0,113.012000144956
time,1,116.1565270925872
time,2,115.06060442730835
time,3,117.68641495067864
time,4,116.16779967345205
time,5,118.33212962091204
time,6,118.47481162075293
time,7,120.51915168269983
time,8,119.79507893722511
time,9,117.30907261687513
time,10,115.56152495108678
time,11,117.80439485515362
time,12,116.47006555718274
time,13,117.23852733226838
time,14,115.9796521024883
time,15,114.0874650705634
time,16,113.86530646032693
time,17,115.40768615690791
time,18,118.65754848400042
time,19,117.96153994782568
time,20,116.11970140463694
time,21,117.38432439555251
time,22,116.49324019686283
time,23,117.57620301875693
time,24,119.90926624557237
time,25,117.35636779777123
time,26,114.33541953697383
time,27,117.10025957635423
time,28,118.61232139017378
time,29,115.95460229896122
time,30,124.14247303527841
time,31,121.24691852529475
time,32,117.4293798485581
time,33,118.02912849046456
time,34,115.9971656293813
time,35,117.69057270101908
time,36,117.61967254926533
time,37,114.81115098438349
time,38,117.89066335356392
time,39,120.54779157625934
time,40,114.70097258599448
time,41,117.32391157567118
time,42,114.46449968589909
time,43,116.94552403058363
time,44,117.10967776707359
time,45,116.53380331107665
time,46,113.60998810602041
time,47,116.33136418566477
time,48,118.18698609014002
time,49,115.32562449338712
time,50,115.42802276804198
time,51,116.96179936076858
time,52,115.98460224584272
time,53,116.49126662862336
time,54,117.99038548942664
time,55,119.11029308056247
time,56,114.53744362078653
time,57,115.13276099723116
time,58,114.11840977730449
time,59,117.88688460153878
time,60,120.3537613572508
time,61,116.14178848221361
time,62,115.94394001079506
time,63,114.75590360196347
time,64,115.71085042216247
time,65,114.93637959853989
time,66,113.6924593895095
time,67,120.10035640947598
time,68,119.09195947374556
time,69,116.59863101882668
time,70,116.02786181039453
time,71,116.43488933900805
time,72,116.30578696913112
time,73,119.23988665607168
time,74,120.01691304605515
time,75,120.65978906318848
time,76,115.47247958316463
time,77,118.95263455086516
time,78,114.72859084697684
time,79,117.42047103150628
time,80,117.8768197218044
time,81,114.5498996297465
time,82,116.1247768414166
time,83,117.43725349266865
time,84,115.57445293520003
time,85,116.18748009206669
time,86,114.84949655260199
time,87,117.07736066951406
time,88,115.71454404239094
time,89,114.58376823960744
time,90,116.34055084585803
time,91,116.25978156356194
time,92,121.441517976597
time,93,116.22318747820215
time,94,116.7065133194514
time,95,115.79736529012573
time,96,119.6902524775395
time,97,119.761548986811
time,98,118.20406655405105
time,99,118.27471712316411
time,100,117.97786402099575
time,101,117.6043197083634
time,102,119.51485951342977
time,103,120.41584197438814
time,104,115.84992726155201
time,105,114.32277624442713
time,106,115.89533065688624
time,107,115.13935695146135
time,108,119.68304396728881
time,109,118.09622969738965
time,110,115.34034635034153
time,111,118.12427464844752
time,112,116.2786495647637
time,113,116.7991368787956
time,114,116.04719935953416
time,115,117.80053748927719
time,116,114.08939663680752
time,117,118.08285882417253
time,118,116.16872745561312
time,119,119.66638867671213
time,120,115.59694112959306
time,121,115.108152602749
time,122,115.53453438282179
time,123,114.08896473377668
time,124,119.54283276000646
time,125,114.9388336146788
time,126,116.54169937283949
time,127,116.16860593192331
time,128,114.6168612163859
time,129,117.11569229324374
time,130,116.90236342660616
time,131,115.83927652704706
time,132,117.97070631256406
time,133,120.04881904924613
time,134,114.50374514528328
time,135,113.97909723738191
time,136,116.37072453054904
time,137,117.9571486922247
time,138,114.56436403256316
time,139,118.70906985143084
time,140,117.18324145407301
time,141,115.09577067751067
time,142,122.8987551538663
time,143,116.62179838990794
time,144,116.85156689845344
time,145,118.35345061436658
time,146,116.79398910932639
time,147,118.18357419576053
time,148,115.83378236037976
time,149,121.42667823860187
time,150,115.9984023904445
time,151,117.31147827799226
time,152,115.78028606631835
time,153,119.9583444720749
time,154,118.91173083930748
time,155,113.7251282206476
time,156,118.79239259162853
time,157,115.40346549201547
time,158,118.0293129063392
time,159,119.42655085610264
time,160,116.7977221835794
time,161,114.74928933680168
time,162,113.13684272861735
time,163,117.1966029317311
time,164,116.55911612446582
time,165,113.98399180330489
time,166,115.95943701987872
time,167,119.14893594778042
time,168,115.06670104945538
time,169,117.02505125733317
time,170,121.06443878943386
time,171,118.69371290515952
time,172,117.74503319724742
time,173,115.56233069832335
time,174,119.50280057213998
time,175,114.51838920266138
time,176,114.82157555727306
time,177,117.36298167708352
time,178,122.19598593970187
time,179,117.09826205202305
time,180,116.8544750367287
time,181,118.44313211345727
time,182,115.4224227156558
time,183,116.13437759279262
time,184,119.36151764224104
time,185,116.87335992803729
time,186,114.65879042893907
time,187,118.35260615944756
time,188,118.13458737583294
time,189,117.55389719216952
time,190,116.87573305794545
time,191,114.75151045404334
time,192,118.69559935783141
time,193,116.96718232756437
time,194,114.4923063134583
time,195,119.6185201540368
time,196,117.13664276235771
time,197,115.67935238760604
time,198,120.94998392814288
time,199,115.15294990882407
time,200,116.53979458780854
time,201,119.52834649928197
time,202,114.62934294577461
time,203,120.47845755134307
time,204,115.51576414977929
time,205,116.13565066093341
time,206,116.043649717933
time,207,116.01601852031274
time,208,112.20149460726734
time,209,116.95866187125826
time,210,114.3209723764022
time,211,118.60279279263854
time,212,116.12628799678492
time,213,114.26267951791954
time,214,117.11206912243843
time,215,116.94814799026827
time,216,115.1453709212989
time,217,114.73184150991418
time,218,118.32662056855445
time,219,117.35472779670985
time,220,113.57010752411705
time,221,115.51181904994014
time,222,115.16459965382566
time,223,120.15577008637173
time,224,115.127379092571
time,225,117.02749508409947
time,226,117.00349698071304
time,227,116.31106578888351
time,228,118.66256567502565
time,229,116.68634422803407
time,230,116.92695027034144
time,231,118.17484938448612
time,232,115.57754089643065
time,233,117.38514251608494
time,234,114.99519602472968
time,235,115.74408423514487
time,236,114.12781220300438
time,237,116.48988397722191
time,238,118.80221224491369
time,239,117.95902309085847
time,240,113.35610625254637
time,241,116.21577706558217
time,242,118.15576162685981
time,243,116.10572483701527
time,244,116.22536661763074
time,245,115.75285963670478
time,246,113.40402667259649
time,247,116.86287887344164
time,248,118.94423282272457
time,249,119.11315686534489
time,250,115.07971193796173
time,251,117.04867824991818
time,252,117.38503308114923
time,253,116.00851369333942
time,254,117.21103654211373
time,255,113.97761514888687
time,256,117.78275901453783
time,257,114.64323292410286
time,258,116.57703364795735
time,259,120.18685904650933
time,260,116.86437454325362
time,261,117.07300402450696
time,262,116.60515759833456
time,263,117.02507850743389
time,264,115.02031936759356
time,265,115.93277041361938
time,266,116.66199620393094
time,267,117.65910377529008
time,268,114.87433468398929
time,269,117.14832604823175
time,270,115.40542213044367
time,271,116.49637398266623
time,272,117.07278053709096
time,273,115.9424792557169
time,274,116.28112091736742
time,275,118.17830345540783
time,276,117.07754487349251
time,277,116.34741438088913
time,278,114.83742523450466
time,279,115.53501190686082
time,280,116.298711642338
time,281,117.36346103292678
time,282,117.98097511667669
time,283,116.30016380371711
time,284,117.42646940362707
time,285,117.9829084677331
time,286,117.0575843542109
time,287,117.8143336604043
time,288,118.00634215791726
time,289,115.63304398598937
time,290,114.95626912982442
time,291,117.26077776259119
time,292,116.77773330168164
time,293,116.1145109199945
time,294,116.18920420796488
time,295,117.09728122535566
time,296,115.35103835822784
time,297,120.89965571678346
time,298,117.76825954558576
time,299,116.9519742351387
time,300,113.33579259182865
time,301,116.24887768164416
time,302,120.07280811499382
time,303,116.80420234790994
time,304,118.29634829813162
time,305,118.07164803976502
time,306,121.59141436905325
time,307,114.0554132851356
time,308,117.81615708015667
time,309,114.97869126022147
time,310,116.87779503110434
time,311,117.68867397508296
time,312,117.04830670988542
time,313,120.3566346066024
time,314,120.329158453231
time,315,117.07795251140294
time,316,115.81172970480876
time,317,115.08369465915908
time,318,117.85772497147119
time,319,115.63875127542318
time,320,116.86715750614434
time,321,114.71381835393419
time,322,114.60332771860722
time,323,114.70889992502795
time,324,117.69023800706991
time,325,115.06362220673523
time,326,113.48826742716278
time,327,122.2848930808946
time,328,115.38704114930296
time,329,118.58067057637737
time,330,121.48938448000786
time,331,114.36374901136735
time,332,117.6493578690612
time,333,114.22426380199417
time,334,113.94274391082082
time,335,119.14788679531671
time,336,118.71874295387587
time,337,116.43831225326136
time,338,117.18610417807838
time,339,112.46278750961514
time,340,120.04451038744331
time,341,115.84710899099827
time,342,116.82231004086255
time,343,114.11453601732788
time,344,117.58726603888319
time,345,117.55829541598479
time,346,117.75860303588426
time,347,118.0719753635461
time,348,114.54269175535752
time,349,117.44233863284006
time,350,114.7258008435917
time,351,117.55305506600902
time,352,113.87823733540219
time,353,115.61282790341029
time,354,120.78506697843439
time,355,114.64968016788058
time,356,119.67982470291045
time,357,115.75719226235319
time,358,117.14294991229721
time,359,119.17105185028389
time,360,117.52502698907388
time,361,118.07080085441181
time,362,113.79654600199622
time,363,118.74153870527464
time,364,115.74548877320578
time,365,116.22492247889444
time,366,114.7163262143641
time,367,116.78868293347608
time,368,115.90576706846998
time,369,120.07218366078314
time,370,116.50718784410599
time,371,112.17159415134125
time,372,118.02548877831403
time,373,118.3035309912377
time,374,118.30533230082179
time,375,116.36013411943753
time,376,116.58853965556068
time,377,117.27356389447006
time,378,116.65910049545565
time,379,117.48635290299791
time,380,116.2948845824737
time,381,116.19830568522002
time,382,115.94921732846379
time,383,117.85213158117038
time,384,115.95290871425372
time,385,120.3736680007204
time,386,116.27315635049358
time,387,114.9621685924321
time,388,116.2194055985506
time,389,118.81015256792556
time,390,119.36327992841602
time,391,115.17217112037943
time,392,116.64111521871116
time,393,116.43229048523949
time,394,122.07831995194105
time,395,116.44595962784507
time,396,118.44223162268702
time,397,115.46486194889667
time,398,116.60120072513102
time,399,118.27114605047062
time,400,112.94676996363033
time,401,119.41599596397381
time,402,117.7976557501623
time,403,115.12257974863631
time,404,119.34684738899341
time,405,119.70027263435661
time,406,114.22138567517244
time,407,116.82760027019012
time,408,117.21884947531697
time,409,118.83554779549834
time,410,115.86950961081843
time,411,116.72287612041461
time,412,115.37120727109993
time,413,117.89354662175866
time,414,116.52546952727032
time,415,122.53152093259374
time,416,115.37603353252923
time,417,117.6723085937349
time,418,114.12796201125444
time,419,117.15406698929165
time,420,117.25999901047271
time,421,115.93818963338012
time,422,116.0510154874822
time,423,116.44562983032596
time,424,116.73002758851558
time,425,113.7364731355061
time,426,115.7374839020724
time,427,121.60856868783677
time,428,118.57873811948309
time,429,117.03575541143022
time,430,116.86551863086943
time,431,116.65791275753004
time,432,119.03782519321169
time,433,119.51153775202764
time,434,116.56367416026012
time,435,118.4410078593769
time,436,116.96837724812794
time,437,115.21752275097879
time,438,117.74486097988004
time,439,118.03126436279638
time,440,119.82054062037845
time,441,119.70534116681084
time,442,120.51751499769404
time,443,116.73579712943969
time,444,117.31660929984756
time,445,113.49728372553585
time,446,120.03133593359226
time,447,122.88899503661648
time,448,119.98075031265894
time,449,115.19207772207129
time,450,116.94300913217306
time,451,114.36679842907857
time,452,120.38355095113995
time,453,117.37388996451385
time,454,117.15671819985853
time,455,118.77968570954293
time,456,116.63396066586789
time,457,116.52581424606956
time,458,115.93043130873617
time,459,116.44659488041029
time,460,114.28301996271865
time,461,118.08007509557487
time,462,114.05394351648673
time,463,117.80826400512225
time,464,115.75345228430788
time,465,120.86174779559147
time,466,114.70419215975835
time,467,117.76729691178842
time,468,113.98068844564865
time,469,118.19221423045472
time,470,117.61593758795723
time,471,116.4082873123957
time,472,116.31888356236371
time,473,117.46028440696603
time,474,118.29523238640591
time,475,118.31457057744561
time,476,116.89055258584263
time,477,114.89988736528274
time,478,116.36744647922536
time,479,115.55156202607424
time,480,118.06967020707854
time,481,120.12457461389907
time,482,118.58638278533518
time,483,120.68148879897629
time,484,118.40956042680459
time,485,116.65923594548016
time,486,116.4201713094468
time,487,115.05792357451199
time,488,115.81677033023203
time,489,114.18404830075015
time,490,112.41921886227968
time,491,116.37831467551077
time,492,118.95077911002869
time,493,119.3639804063238
time,494,115.12394100954926
time,495,118.59087952186722
time,496,116.94555735036948
time,497,114.08763024517492
time,498,117.4200497052833
time,499,119.73779728995153
school,0,120.9725780797179
school,1,119.35864402379887
school,2,119.90111599383167
school,3,119.92255415209318
school,4,116.14090896257103
school,5,113.50505812806044
school,6,120.70061454139744
school,7,120.75791699789218
school,8,121.21200689530505
school,9,120.02816792863442
school,10,117.28377917430277
school,11,124.56932557581798
school,12,124.80077037071098
school,13,118.2773428627465
school,14,120.89164390513909
school,15,122.57788447355918
school,16,118.29938850897219
school,17,121.06495044648125
school,18,120.6211970060858
school,19,122.59178056636917
school,20,123.98689541429266
school,21,119.54733508733962
school,22,123.83499309541135
school,23,116.93672978510708
school,24,118.30956548852865
school,25,119.26119327163553
school,26,118.9955645479511
school,27,118.54403585234559
school,28,124.0045561198901
school,29,121.624290764863
school,30,118.65322975788443
school,31,116.75854618282247
school,32,120.9445148484336
school,33,115.83069009035474
school,34,120.44470515719703
school,35,121.03879453639546
school,36,124.87836557358847
school,37,119.29118850063425
school,38,117.6894142909735
school,39,117.67993448800678
school,40,115.91727781682535
school,41,118.06456427663952
school,42,123.55510361852298
school,43,117.36577485203676
school,44,120.51058056193793
school,45,120.74448899630868
school,46,122.6556281735213
school,47,116.28418421191749
school,48,120.06626305446208
school,49,117.33129833702303
school,50,118.88398926244051
school,51,121.23855437577191
school,52,126.47399459667585
school,53,119.59540872236929
school,54,122.84231525001697
school,55,121.22958892468725
school,56,121.25948308977222
school,57,119.472772409752
school,58,116.43850508640543
school,59,119.3438044035839
school,60,117.92218332916433
school,61,121.43224154206248
school,62,115.31335235518092
school,63,121.90850096185841
school,64,123.2815878256554
school,65,119.99435809873063
school,66,117.27809279333701
school,67,119.44647250119633
school,68,123.14855287618765
school,69,119.41593860981288
school,70,119.63612250080871
school,71,120.4097928859517
school,72,117.62228760573394
school,73,122.45973057168872
school,74,119.62440160826735
school,75,119.43440407858776
school,76,117.12537565071892
school,77,119.25205426909405
school,78,117.55832408173568
school,79,120.25611844913277
school,80,119.53553954398122
school,81,118.87570903695932
school,82,115.85492247614071
school,83,115.89151033590342
school,84,117.6075717661446
school,85,119.51077486501246
school,86,123.29870123013815
school,87,119.86682483158498
school,88,119.65248763918946
school,89,118.86682110695246
school,90,119.13628485593475
school,91,118.483217946286
school,92,116.58580008418356
school,93,116.58049757885942
school,94,119.78755602860916
school,95,117.68215878508744
school,96,117.36004142967728
school,97,119.93091110690794
school,98,119.17721438517373
school,99,114.01293420759319
school,100,117.69131634780354
school,101,126.38951618379026
school,102,122.12145888273476
school,103,118.74791573969799
school,104,119.3146971804516
school,105,121.6504874777524
school,106,117.31175928884787
school,107,114.01993381689029
school,108,121.57731116655202
school,109,118.10538821778513
school,110,124.52741912260504
school,111,119.6118964695124
school,112,120.73533675854257
school,113,119.43124558963818
school,114,117.27149105113416
school,115,119.30320307929574
school,116,119.3487438885994
school,117,116.72844626927083
school,118,122.75745444595248
school,119,115.21453272312745
school,120,119.41576930258788
school,121,122.16276408010003
school,122,119.08767843942694
school,123,122.78790329256056
school,124,120.0347468104983
school,125,121.21176318939139
school,126,118.3741395042068
school,127,123.93347240821933
school,128,116.6328582988523
school,129,117.44752584964114
school,130,123.08395731373435
school,131,121.3892718796594
school,132,120.64734010992233
school,133,115.22949876978605
school,134,122.20222795827821
school,135,122.19423907047636
school,136,116.65999318557225
school,137,121.29834424371815
school,138,117.55567788351324
school,139,116.24542221713648
school,140,120.02864165365233
school,141,114.81049233543996
school,142,118.57295529907344
school,143,119.5284764927502
school,144,120.35855835451808
school,145,126.23927294690425
school,146,120.56336250498418
school,147,119.9673905497405
school,148,118.7302281059764
school,149,119.58054246422508
school,150,115.22838454123321
school,151,120.91451964379651
school,152,118.45952682412613
school,153,115.9124619798502
school,154,117.57771064074582
school,155,118.53664531429271
school,156,119.0114100748985
school,157,114.3015793975955
school,158,121.89373380035744
school,159,115.06588814914991
school,160,121.16145179477888
school,161,118.95275613548306
school,162,119.87725493913555
school,163,121.82503344802996
school,164,120.03296824458525
school,165,118.90914961633132
school,166,120.53496163260553
school,167,119.37015134200084
school,168,118.36140065200375
school,169,122.3118916974697
school,170,119.03494493124143
school,171,119.2562382543299
school,172,118.32592112132232
school,173,117.24436479373466
school,174,114.18223999666195
school,175,118.78987612122198
school,176,118.01486924149162
school,177,116.04207406220384
school,178,116.00326409387714
school,179,119.42377285333869
school,180,116.56621597907724
school,181,122.45608328053466
school,182,120.12549711055887
school,183,123.98066042739538
school,184,121.56050369698892
school,185,120.47393112671566
school,186,118.97314890600761
school,187,119.65745426669767
school,188,120.50657279334503
school,189,113.38237268829798
school,190,119.0809695682807
school,191,118.66022598225445
school,192,119.07509302181431
school,193,124.43071265902557
school,194,117.32057243915241
school,195,121.35791758991465
school,196,116.21303635356932
school,197,120.65067369023662
school,198,124.44013376941308
school,199,122.97731796293614
school,200,121.61534887911591
school,201,116.61753192434054
school,202,121.88352268485386
school,203,121.89178699521601
school,204,118.428094390253
school,205,119.04963336994585
school,206,117.61281442883565
school,207,114.66385487890432
school,208,121.0810828821747
school,209,122.14599919394134
school,210,123.02256725516192
school,211,120.2939744342839
school,212,122.16134395112212
school,213,122.67187220977232
school,214,121.52733140445065
school,215,123.26888038037498
school,216,120.50844052387693
school,217,124.72024417717785
school,218,117.28115144436279
school,219,117.45167301365345
school,220,117.14353093772219
school,221,118.80671489448721
school,222,117.29078958145409
school,223,114.61108436859628
school,224,120.79663312859945
school,225,121.17594248719297
school,226,121.54106341902514
school,227,119.50718733700529
school,228,119.60103671388018
school,229,122.03724650162535
school,230,117.10633694757871
school,231,115.69431533877481
school,232,123.20972943603262
school,233,119.12900530448141
school,234,122.96258213137392
school,235,119.99501274034674
school,236,118.53350278562702
school,237,123.73739360380351
school,238,118.47321166322173
school,239,123.3358474764745
school,240,121.20626861510762
school,241,117.93120592421569
school,242,120.75485786092159
school,243,118.0236273116083
school,244,121.71333940897873
school,245,118.45496371553365
school,246,120.37220980948065
school,247,122.20615212516965
school,248,121.25822045792188
school,249,120.62450850237643
school,250,118.29582331632082
school,251,119.24585098039925
school,252,120.33256084055748
school,253,121.58457878987139
school,254,119.00418002474014
school,255,119.94525920100985
school,256,120.57212534890087
school,257,116.66717107006015
school,258,115.39077907362565
school,259,119.38360934025003
school,260,122.73609404938355
school,261,120.16346580443262
school,262,120.41256303623231
school,263,122.82378181638262
school,264,119.00133142873912
school,265,118.46311225279979
school,266,118.41055967184523
school,267,121.87027965071857
school,268,117.32204560139728
school,269,121.17012512953916
school,270,120.31897976220223
school,271,121.68873844068844
school,272,121.14152674755263
school,273,119.94147680447445
school,274,114.82447685511777
school,275,116.06912601021249
school,276,118.63013201094668
school,277,118.7586473688776
school,278,118.27381467946275
school,279,115.87938831240083
school,280,119.68290023669756
school,281,124.28744998274601
school,282,119.9125847992478
school,283,117.76126484260192
school,284,120.29661281728585
school,285,120.70752341336426
school,286,116.87773769949405
school,287,118.40568059236499
school,288,122.29654730888426
school,289,121.96139664998694
school,290,120.13312005220091
school,291,119.74812655378511
school,292,117.77215945115536
school,293,117.80787045642008
school,294,118.50894287842961
school,295,119.9132961744171
school,296,117.22826141591544
school,297,118.42206690677645
school,298,119.60310495157842
school,299,119.76566955701952
school,300,115.84011951625823
school,301,119.96100455207608
school,302,120.5854619420498
school,303,120.79805386184697
school,304,118.92323945861516
school,305,120.14490982812222
school,306,118.29576286183834
school,307,120.04310854141718
school,308,122.54021329490388
school,309,117.54731845938583
school,310,121.62068314295553
school,311,117.95230000937167
school,312,119.418405654064
school,313,117.07298874651606
school,314,121.76426010341224
school,315,117.64623926949047
school,316,118.82241517649857
school,317,116.13902491188281
school,318,119.35195392639106
school,319,120.1469584941961
school,320,117.2836677841351
school,321,117.73928035083148
school,322,123.58536751247142
school,323,119.24187441099379
school,324,118.88350697558269
school,325,118.2416855573136
school,326,119.71325626557685
school,327,115.3015961344545
school,328,115.9856681064539
school,329,117.71122196423242
school,330,118.59131777998336
school,331,118.64415076734993
school,332,118.24733285320757
school,333,119.25467499768723
school,334,121.21707893665608
school,335,121.03284873714972
school,336,117.60335395417786
school,337,117.34867078635163
school,338,117.56678443382636
school,339,119.94777072194496
school,340,116.32143057778674
school,341,120.39778466401303
school,342,117.98027751373266
school,343,123.82433458810347
school,344,117.05735225381378
school,345,117.06748258005149
school,346,114.61555869185769
school,347,119.16653530771826
school,348,119.18429867720704
school,349,119.31088492077467
school,350,115.61964164573666
school,351,118.97439853411753
school,352,114.83392014871563
school,353,120.93869350818653
school,354,117.18938853078791
school,355,120.97577787373181
school,356,117.33298068870437
school,357,118.13803090468863
school,358,121.61565343721499
school,359,120.31552203636191
school,360,122.31712804215509
school,361,122.25953861783789
school,362,119.0421813803123
school,363,119.94031665470698
school,364,115.64019744574965
school,365,117.94461319247425
school,366,118.56232428275841
school,367,119.51594869691813
school,368,119.25573093800566
school,369,122.87165635154109
school,370,116.52362818005602
school,371,113.62773263128439
school,372,119.96464463998338
school,373,120.40989392798002
school,374,119.78480053812714
school,375,120.28371184507685
school,376,127.157623527436
school,377,119.35859105685196
school,378,120.29546449773352
school,379,118.49875131407582
school,380,118.98543220181107
school,381,120.73707369076546
school,382,119.65390867885719
school,383,118.48372837886403
school,384,121.98305185694221
school,385,118.00667270350675
school,386,117.54157178818991
school,387,119.9522750898291
school,388,119.28292525257096
school,389,122.54121960254332
school,390,121.70820497237263
school,391,116.47341995750952
school,392,118.93879448072478
school,393,115.69755862215561
school,394,119.5038061835864
school,395,117.50583461708186
school,396,117.54057629785363
school,397,123.07905851577974
school,398,119.34661882051729
school,399,121.06943659211491
school,400,119.11099847336133
school,401,119.42037525774867
school,402,118.53152315763134
school,403,120.18845035868104
school,404,120.77055952918927
school,405,114.63724008004586
school,406,121.34268228735905
school,407,125.07603329729515
school,408,118.18054455283753
school,409,123.29791835732364
school,410,116.75417860682344
school,411,120.76964924034215
school,412,120.00297808198756
school,413,120.23598859994524
school,414,118.64463970839705
school,415,120.57425123360477
school,416,118.58293093223975
school,417,119.10749181914863
school,418,118.9023891554087
school,419,117.56719952628052
school,420,118.5139532127248
school,421,118.72184548200708
school,422,114.67754775176302
school,423,119.56857420962666
school,424,121.99880151541547
school,425,122.09824178824019
school,426,117.66039202236288
school,427,120.10150976132839
school,428,119.04830551189573
school,429,117.05006532592049
school,430,124.20671254434947
school,431,120.06925377423363
school,432,119.63554356248092
school,433,120.83824023569858
school,434,120.74588019452857
school,435,117.07378592147944
school,436,118.73220124540087
school,437,117.69261219910636
school,438,117.42210765234415
school,439,117.92763385496036
school,440,124.90379722838327
school,441,121.97815425757726
school,442,123.33597677987365
school,443,117.06432881526241
school,444,117.35781743085683
school,445,122.78781144415736
school,446,119.29576722800519
school,447,115.9702236101506
school,448,121.72940493292603
school,449,121.49575388180138
school,450,120.86524727178383
school,451,123.37507118138473
school,452,122.04601947742204
school,453,118.23247561261661
school,454,116.848796483996
school,455,121.56441925744213
school,456,116.93149074690201
school,457,124.49610071300327
school,458,117.75086569061854
school,459,121.82035273079433
school,460,121.45806621732065
school,461,119.44464900469139
school,462,118.60669455164552
school,463,119.39021512810261
school,464,117.19207591432608
school,465,119.54350368202999
school,466,116.71851830871245
school,467,121.49473625904908
school,468,116.98875169525762
school,469,119.25728691153597
school,470,120.06830146439486
school,471,117.48110303045512
school,472,119.22484429219755
school,473,120.65326360204818
school,474,115.68091167490498
school,475,120.47403917646994
school,476,118.7551079808216
school,477,116.95076755229911
school,478,117.72810540654233
school,479,119.82270260622279
school,480,120.2567357644367
school,481,121.24176859368714
school,482,118.02352725517444
school,483,117.17060202418783
school,484,119.34096557115012
school,485,118.64491006334075
school,486,118.4269729450381
school,487,120.7604690901618
school,488,117.87755955724144
school,489,119.02730231882752
school,490,118.48229723764109
school,491,119.22111487459522
school,492,119.44341736733021
school,493,119.73338496632206
school,494,121.13306305450845
school,495,117.77191568198285
school,496,118.20090710107236
school,497,115.1929233281678
school,498,125.8343695634176
school,499,119.09466333939574
music,0,117.9373941061516
music,1,122.13576205167284
music,2,117.77081991307543
music,3,118.35317314148675
music,4,119.81366523313952
music,5,117.32522438153619
music,6,115.22710802719256
music,7,113.15887839901141
music,8,116.66358466820117
music,9,123.48023236125275
music,10,115.79594095509196
music,11,117.08862508492703
music,12,117.0492243777598
music,13,116.117772499373
music,14,117.20945147567723
music,15,116.29918540591082
music,16,115.1968822052581
music,17,119.03358009141552
music,18,117.63365129576138
music,19,115.48055195486744
music,20,114.31739671277708
music,21,116.03082401021818
music,22,116.7294261347221
music,23,119.51475206429785
music,24,116.39494629565772
music,25,115.78108993853628
music,26,118.50255965731688
music,27,116.97813460445093
music,28,116.02410340387448
music,29,116.60730203589836
music,30,118.0069471512401
music,31,120.02904506398167
music,32,113.68181252818799
music,33,117.36129084889606
music,34,120.43756441487197
music,35,122.74267468421176
music,36,122.1317325839242
music,37,119.08039822837159
music,38,115.7243715600671
music,39,121.58083453463178
music,40,117.41842314865761
music,41,117.48583688121386
music,42,119.34129861952873
music,43,117.04212752358525
music,44,118.09829467421615
music,45,114.7928911250364
music,46,116.10442682223987
music,47,119.43787207103928
music,48,112.49537449067526
music,49,123.71862610988795
music,50,115.06835884780612
music,51,119.90676920766263
music,52,118.19652775724023
music,53,120.53100245795054
music,54,118.16174058470321
music,55,120.97703829274198
music,56,115.94345534667485
music,57,118.34937993474384
music,58,120.34112615898489
music,59,117.23726591051246
music,60,116.28044559634709
music,61,118.4603265201553
music,62,115.91961576071832
music,63,120.34361163974646
music,64,119.92202720389218
music,65,116.99815821325998
music,66,120.35282966941523
music,67,115.0407396205647
music,68,115.76625916691441
music,69,115.29789347704948
music,70,119.77882443758325
music,71,115.15153476568096
music,72,117.65081090252434
music,73,114.12099926894098
music,74,119.63002491007384
music,75,121.16265437816989
music,76,115.41526998998548
music,77,119.02398101538434
music,78,116.9307640882025
music,79,126.53371415831924
music,80,116.92951400950307
music,81,120.66673865802571
music,82,113.91780078177116
music,83,121.0271289196217
music,84,124.056831175364
music,85,114.17783755666653
music,86,118.6294359171763
music,87,120.13810104688596
music,88,122.13820861252624
music,89,113.41707054621047
music,90,118.50559598957715
music,91,121.28067178741746
music,92,119.80055930146618
music,93,121.92791060328211
music,94,129.87814556968627
music,95,118.25034070655407
music,96,116.1804259234525
music,97,117.70657360907802
music,98,117.13415092399495
music,99,117.2059254367442
music,100,115.5605055291986
music,101,116.42070128040665
music,102,118.66920941906598
music,103,115.59117704952979
music,104,121.30502568930143
music,105,119.4670237289851
music,106,117.26631048103404
music,107,120.74492828941743
music,108,116.52238212003776
music,109,116.82783893074607
music,110,119.90393375351293
music,111,120.63408173359156
music,112,122.5367568097639
music,113,116.34492707296444
music,114,120.4988253296722
music,115,115.79088154877044
music,116,114.75037079810764
music,117,117.15948824883048
music,118,119.32535333584764
music,119,119.28955893374771
music,120,118.8021387262313
music,121,113.85474365258241
music,122,117.74881426927821
music,123,123.60045913920426
music,124,119.20561668560998
music,125,115.33954090923882
music,126,119.24873041331203
music,127,117.35167652480658
music,128,116.26561502076179
music,129,116.85119869647455
music,130,114.94991136347703
music,131,122.36596901710367
music,132,115.97755720068706
music,133,116.50962337388367
music,134,114.3608426211409
music,135,120.13773025730524
music,136,119.55803520847326
music,137,117.01961805311967
music,138,116.40319005743432
music,139,117.40051468312616
music,140,117.17489718247423
music,141,116.37323190810773
music,142,119.6846474691645
music,143,119.28881872543822
music,144,114.97316407093341
music,145,115.9359165307352
music,146,116.54647513980865
music,147,117.82789165751015
music,148,117.58743736653628
music,149,116.7903293531644
music,150,117.70025978443779
music,151,121.35463252252698
music,152,115.73592253577777
music,153,119.45993359600592
music,154,114.58375432248455
music,155,115.11368337413128
music,156,114.75487882240046
music,157,124.0028602521442
music,158,114.80314248874603
music,159,118.05126447946415
music,160,119.8221728850078
music,161,113.04581106756142
music,162,113.87792286064344
music,163,118.77299529158958
music,164,120.8032446124834
music,165,123.03394690212619
music,166,118.00826808045156
music,167,117.99854851976835
music,168,117.50073747450107
music,169,114.94794959753982
music,170,117.78026185845714
music,171,118.20167440926372
music,172,114.58028935429412
music,173,118.31063777115527
music,174,114.23787330551536
music,175,117.33409603529901
music,176,117.78766071489686
music,177,118.67742449831458
music,178,123.99385863591583
music,179,115.05801509547109
music,180,120.15146384840449
music,181,118.15140366816983
music,182,123.29058186978688
music,183,118.8117133044729
music,184,117.36596158668004
music,185,120.7764060221356
music,186,116.93433957486765
music,187,115.59478452587997
music,188,118.65382867060804
music,189,118.82745520793033
music,190,117.44325726962556
music,191,129.44305558445086
music,192,115.81083504152174
music,193,119.62626547336323
music,194,122.58499801401102
music,195,121.81887477893791
music,196,115.2214479891938
music,197,116.8823531801286
music,198,115.75814074646347
music,199,113.66381490127088
music,200,118.37529347591176
music,201,118.4364932915998
music,202,117.34509029087275
music,203,117.8982118640701
music,204,119.33452682672659
music,205,120.15700164910874
music,206,117.06482958768778
music,207,119.12062108982049
music,208,121.12565890310923
music,209,116.7049656694702
music,210,117.14158089602813
music,211,120.26049866101849
music,212,115.20104997462128
music,213,113.59755933678765
music,214,117.67327285442046
music,215,117.26667005141806
music,216,118.67504532260729
music,217,117.35913459638489
music,218,116.4999730494819
music,219,123.52860720050225
music,220,119.65130593303992
music,221,118.82712564888197
music,222,114.06693686277445
music,223,118.83987484320294
music,224,120.11199869972677
music,225,115.77667588310874
music,226,121.26694772821807
music,227,116.72257093088265
music,228,116.11170029415308
music,229,119.41862857597599
music,230,118.55447584739262
music,231,111.357134508916
music,232,118.44331915982214
music,233,116.36082314430196
music,234,117.36376502430626
music,235,115.09429548745811
music,236,114.02884818853616
music,237,115.61109709708293
music,238,117.35018832246489
music,239,113.63045199881986
music,240,117.69475275828174
music,241,117.46046717644194
music,242,119.92711697319494
music,243,113.33847950512596
music,244,120.11371203715593
music,245,121.05059622095256
music,246,115.5864521882305
music,247,121.22389502475177
music,248,120.95690114341605
music,249,114.69569027558212
music,250,116.30788413268873
music,251,117.06618153561055
music,252,117.05272025580433
music,253,117.4906857327366
music,254,116.0682230878685
music,255,120.02356201577089
music,256,117.03328914574223
music,257,116.35508320129031
music,258,117.52116900510174
music,259,119.37737526680876
music,260,115.84740439128853
music,261,117.75557695871939
music,262,116.97609089241483
music,263,116.11477598864823
music,264,114.06997790713255
music,265,117.29029147932025
music,266,119.38752810833057
music,267,116.61585260881348
music,268,114.17955506963978
music,269,120.67563457507869
music,270,117.59940875360529
music,271,123.79046458995693
music,272,120.17015000069546
music,273,117.6110493194578
music,274,115.65472008179131
music,275,120.3226797399614
music,276,116.93127420813876
music,277,118.85972617446757
music,278,119.10066877845044
music,279,115.83034024252186
music,280,117.78007394843033
music,281,116.29572221308051
music,282,115.71323532025046
music,283,114.54182529471359
music,284,121.04792127641682
music,285,116.88121913265168
music,286,116.50075537867457
music,287,123.1350095678327
music,288,121.73117403919365
music,289,117.4891747618163
music,290,120.80380563995246
music,291,120.92119074653039
music,292,118.06924355118049
music,293,118.90735836913558
music,294,116.73495237806226
music,295,119.14611727182162
music,296,115.78670343927115
music,297,118.43798066499329
music,298,116.01662488304272
music,299,121.70797547466208
music,300,115.95100910401264
music,301,116.33819651211148
music,302,120.73041791547863
music,303,119.07411741477974
music,304,121.21011138744875
music,305,117.12804213791269
music,306,118.25000411798608
music,307,115.72325389418334
music,308,118.27657457689662
music,309,115.21829261344816
music,310,114.874868928428
music,311,119.0433736306723
music,312,122.10084193508888
music,313,119.48358394881649
music,314,115.60255219587911
music,315,115.0814020478632
music,316,120.02134692115362
music,317,115.00893802209313
music,318,117.49377127076816
music,319,114.31064298011574
music,320,117.76223522381055
music,321,116.59941731535864
music,322,119.51965424609784
music,323,123.65041470800777
music,324,118.37111489731392
music,325,116.29608647118137
music,326,115.99908408561477
music,327,115.90215766886023
music,328,115.32692680398743
music,329,120.36236439198828
music,330,121.21739227513231
music,331,116.37579000896712
music,332,119.29213743636022
music,333,118.17859336322594
music,334,116.35289101900995
music,335,118.45501655787302
music,336,116.34889365590682
music,337,117.0740641363178
music,338,113.92503853972175
music,339,113.41335040359361
music,340,117.60836859480222
music,341,121.15684654573364
music,342,116.55748264382981
music,343,112.5274985329661
music,344,115.03651893986215
music,345,112.87838715227525
music,346,116.98484256217729
music,347,118.23086617108174
music,348,121.47057473906024
music,349,116.7939896339341
music,350,113.95196487782222
music,351,119.693355732061
music,352,118.70362224887292
music,353,117.71632261491523
music,354,115.28151478656746
music,355,116.84424806931924
music,356,116.37899965671737
music,357,116.96600651914709
music,358,116.55703130468314
music,359,117.6520529390588
music,360,117.5525617957907
music,361,117.48415986660798
music,362,120.67299546880663
music,363,120.51894729858755
music,364,123.22536278915592
music,365,114.74737573767119
music,366,120.30903351165408
music,367,118.66009295541586
music,368,118.95605265313898
music,369,116.62455355238596
music,370,116.23098852445382
music,371,117.26578660708111
music,372,116.3864636280834
music,373,118.01833861178088
music,374,117.66151397194035
music,375,117.53863699072029
music,376,122.69941631077128
music,377,116.44825391737272
music,378,121.93449749743057
music,379,116.0548352769089
music,380,121.40296186951802
music,381,117.17714696360004
music,382,116.31495564617697
music,383,119.24191481087108
music,384,119.79192729436046
music,385,116.29397871731268
music,386,117.26851049882696
music,387,114.99914650237105
music,388,119.28344737081191
music,389,117.19910754716012
music,390,116.64993594165361
music,391,112.96102805992034
music,392,120.5861787918838
music,393,115.55389171829316
music,394,120.00369408705969
music,395,115.79764669162604
music,396,115.85121256142716
music,397,118.98723350090685
music,398,117.14230948683839
music,399,117.20515333392865
music,400,122.90022827147101
music,401,118.53107939430534
music,402,120.83401566097758
music,403,118.56199660571912
music,404,113.92084262522508
music,405,115.05980650490919
music,406,120.06820348189109
music,407,115.57424081376683
music,408,119.68746117046398
music,409,115.74329660910779
music,410,118.6567344303443
music,411,114.46499765186071
music,412,114.13885472157143
music,413,117.12276182260915
music,414,117.49798804465476
music,415,115.91864741057658
music,416,112.4076190763478
music,417,122.33041791024284
music,418,117.45880976850864
music,419,117.91910557181392
music,420,117.56174783810229
music,421,121.68040912795537
music,422,114.78737582235372
music,423,119.46212265588372
music,424,115.02682591211418
music,425,115.2645569168681
music,426,112.56292981077858
music,427,114.3044478974084
music,428,121.58678557491898
music,429,120.97012908219386
music,430,117.29903161694027
music,431,117.46927685742747
music,432,118.1647398436564
music,433,113.93836871964001
music,434,117.1068499814387
music,435,115.70794446577804
music,436,116.31383370026059
music,437,118.10813758493894
music,438,117.42201716671066
music,439,116.47689462703195
music,440,115.60823765529808
music,441,115.23344271410146
music,442,120.08337911649384
music,443,120.36595964361057
music,444,113.4835089003696
music,445,114.90263890605254
music,446,120.67207907914938
music,447,119.12057902366196
music,448,115.63830714755406
music,449,115.315860205738
music,450,116.5807978424219
music,451,118.99470430732262
music,452,118.08925981405525
music,453,118.33366196755549
music,454,119.52114475140785
music,455,116.38033950884167
music,456,119.14949873650103
music,457,119.12405966218269
music,458,113.25798747188678
music,459,123.17761277527097
music,460,118.7410099520638
music,461,117.00122721384594
music,462,114.73437430368823
music,463,119.46194843928846
music,464,118.70089904544538
music,465,115.05612626950685
music,466,116.24842482401428
music,467,117.00227335023759
music,468,117.810668960279
music,469,116.39626695892204
music,470,119.16121590703585
music,471,115.86066783887851
music,472,117.38134392303598
music,473,117.19754144359624
music,474,118.57847661914518
music,475,123.18573175785552
music,476,118.15585822077037
music,477,116.0579762512602
music,478,117.24688049638279
music,479,124.58881310048895
music,480,114.47510993401859
music,481,122.27000752531814
music,482,117.16891404384167
music,483,117.56347059222938
music,484,116.89142665858961
music,485,121.18734834239346
music,486,121.42081203389807
music,487,116.54103233108006
music,488,118.87215987869324
music,489,117.99161670933019
music,490,123.14066273897821
music,491,114.3545674189976
music,492,118.18713447326614
music,493,120.18795187494631
music,494,120.05495043719534
music,495,115.22026498329556
music,496,116.42988437467581
music,497,119.59345796035004
music,498,116.36356374863475
music,499,119.06086608775456
art,0,123.17736166865723
art,1,122.05563186080626
art,2,117.38037409469388
art,3,125.06193751157628
art,4,122.01038844659429
art,5,115.1044760376702
art,6,115.99871084565689
art,7,119.54375052123711
art,8,118.42792829761602
art,9,118.80769097092221
art,10,119.62050689128215
art,11,120.84234928501512
art,12,122.71223345833772
art,13,119.56149209409226
art,14,118.4554070062495
art,15,118.11563716287665
art,16,121.82623514906294
art,17,122.4335021559325
art,18,119.8095079009175
art,19,119.30631535540677
art,20,120.15205096921939
art,21,117.09189899587487
art,22,121.80668673149266
art,23,118.93610614195364
art,24,119.88836672979268
art,25,119.63328970562404
art,26,120.87403528867146
art,27,117.21336879248325
art,28,123.10138405301676
art,29,122.07629423372978
art,30,116.84752140829538
art,31,120.31373603831175
art,32,123.12230618130667
art,33,117.93898834447405
art,34,124.55168153823742
art,35,122.89908156269209
art,36,118.73688985648492
art,37,119.59285514071716
art,38,121.25600110379278
art,39,118.39877081025078
art,40,123.625720948054
art,41,127.48812866384714
art,42,119.43802807490529
art,43,121.74565229437195
art,44,125.97127208765517
art,45,118.58297132755536
art,46,120.7797156513507
art,47,122.4801515093467
art,48,117.97770276333348
art,49,116.64615317793614
art,50,120.97566130697072
art,51,121.48867658707978
art,52,118.77123311633935
art,53,119.48146220942868
art,54,117.81769614748785
art,55,118.57505690309267
art,56,121.5084349249452
art,57,123.1194987370993
art,58,121.48888303603225
art,59,115.40789710838337
art,60,118.9306819447791
art,61,124.31785244517421
art,62,118.0269607700654
art,63,119.97842563009489
art,64,117.80473359222259
art,65,117.24776412533085
art,66,119.97858343397965
art,67,122.83019598678267
art,68,117.37983731551567
art,69,119.26882913090449
art,70,119.51232223338042
art,71,120.86396717933994
art,72,116.85507472523173
art,73,121.44876063280303
art,74,119.06069804562769
art,75,121.05613025556433
art,76,119.3962772213146
art,77,120.51798742134305
art,78,116.52157983316258
art,79,118.3920940678741
art,80,119.68061368766882
art,81,120.39050618712419
art,82,119.22759667948633
art,83,119.00360561616307
art,84,118.52220589369178
art,85,116.90415715200079
art,86,121.4834028123828
art,87,120.44495529141794
art,88,120.90423007151443
art,89,122.23904340668592
art,90,118.66493726890579
art,91,118.10993868483635
art,92,122.16933367979877
art,93,119.74477561577118
art,94,119.38594972435077
art,95,122.54088804949458
art,96,119.41715334372931
art,97,120.51294995618123
art,98,121.90750879182308
art,99,123.21480745490099
art,100,120.25010288985183
art,101,121.08692066866513
art,102,121.45160850244548
art,103,119.560657438441
art,104,117.85523866619019
art,105,119.84610359069623
art,106,121.5107248220481
art,107,117.73147267148
art,108,120.40637461975774
art,109,120.01080815058505
art,110,121.06327156468988
art,111,119.86817983553391
art,112,120.24834584105126
art,113,119.31195272675734
art,114,117.7709000508999
art,115,123.2294837534198
art,116,126.07488756835885
art,117,115.60382444297323
art,118,122.75612732207865
art,119,119.72520389896329
art,120,118.65029833486392
art,121,120.23682772680063
art,122,123.78356809146507
art,123,121.1207262423137
art,124,121.94581805878482
art,125,121.34224578551647
art,126,119.95962462387027
art,127,117.90144026800664
art,128,125.28683542971106
art,129,118.8979506524009
art,130,122.94404842333671
art,131,119.89229638783169
art,132,125.56897880451167
art,133,118.41384905270868
art,134,118.7121847191694
art,135,118.6299420558068
art,136,121.42675444778921
art,137,120.63442879448847
art,138,122.47345628806016
art,139,119.98889850824663
art,140,120.71462776466188
art,141,119.43894180808208
art,142,122.38926361160192
art,143,123.79127342160312
art,144,122.35463534178825
art,145,124.38336954653289
art,146,117.9972870454069
art,147,119.72314859658712
art,148,125.00536689917962
art,149,124.07230053138716
art,150,118.88143992040645
art,151,122.866701660382
art,152,126.2977830787347
art,153,116.41726082195854
art,154,120.89854867881135
art,155,123.67458384133727
art,156,117.56800082058835
art,157,124.00806757106912
art,158,122.74561132074946
art,159,122.30039062234461
art,160,118.04969606261217
art,161,121.09022928738808
art,162,120.87402462649963
art,163,124.73049284181808
art,164,118.84597134299268
art,165,119.5544258437271
art,166,120.451639239911
art,167,120.2648120102827
art,168,119.06145033624517
art,169,118.86792398927919
art,170,121.19520168001914
art,171,119.94521604787793
art,172,115.38197895114111
art,173,127.9778534095511
art,174,121.12368983658169
art,175,122.36403822516849
art,176,122.45555639460295
art,177,117.62510933404475
art,178,118.97971727530981
art,179,118.33911831298703
art,180,120.9477109788772
art,181,117.39817046480962
art,182,118.87522036046165
art,183,121.05207102246816
art,184,119.99552026362892
art,185,122.04641947263161
art,186,117.43170353681745
art,187,122.96757907080806
art,188,118.98163507125813
art,189,118.43045334086726
art,190,123.65333983302074
art,191,119.48660460769243
art,192,118.16242808331322
art,193,117.92884344601953
art,194,119.72042222715937
art,195,123.5569184077072
art,196,116.51997752693946
art,197,122.84669290267851
art,198,119.8037006707299
art,199,123.38312450869596
art,200,118.49922163949809
art,201,122.18994188944275
art,202,119.61863615838094
art,203,120.11911232606118
art,204,122.60525970351819
art,205,118.28455719746552
art,206,122.90658714245967
art,207,116.59969902754341
art,208,117.05528563309105
art,209,123.02066527741766
art,210,122.93984336175048
art,211,115.57056491682458
art,212,125.42743372960197
art,213,122.71695704575474
art,214,125.26772541640712
art,215,122.39702071580622
art,216,123.15402591730873
art,217,118.76310343292171
art,218,118.86381669261948
art,219,123.2744893070095
art,220,121.42584228619346
art,221,119.11239593568423
art,222,121.384614767252
art,223,123.07609106897726
art,224,118.46360372512738
art,225,117.14198181977378
art,226,122.18494624387604
art,227,119.0645998453901
art,228,121.48468828885721
art,229,119.40568708456014
art,230,122.91498544594444
art,231,118.52840866540133
art,232,120.4010963670661
art,233,119.19657303055413
art,234,122.0019473604712
art,235,118.99270959698316
art,236,118.81328262193091
art,237,124.32552857156823
art,238,120.19630197200091
art,239,118.63486336621045
art,240,118.53452493826421
art,241,119.9584449103796
art,242,122.85242899840448
art,243,121.48306583814441
art,244,119.76310051084036
art,245,120.1429196121735
art,246,119.85221095763919
art,247,124.08858490837764
art,248,121.19460734289255
art,249,121.06882552609228
art,250,117.19027647542812
art,251,122.15170340196673
art,252,119.16642155185198
art,253,120.9637089014993
art,254,120.00924757710185
art,255,123.0063517806187
art,256,119.17065425426736
art,257,119.3256060523542
art,258,119.40739124754043
art,259,122.26362383230926
art,260,122.94920070026245
art,261,121.48646121846767
art,262,125.1908160332462
art,263,121.08120203086072
art,264,119.42042875630247
art,265,120.17348701433026
art,266,121.38034179277138
art,267,120.01755994382228
art,268,119.10057730900232
art,269,120.73531621922544
art,270,119.96761227997135
art,271,123.88050346280531
art,272,124.52910302186493
art,273,122.67928993158921
art,274,116.3525257603398
art,275,120.73010988364807
art,276,118.12463370190478
art,277,119.47773804773745
art,278,119.80857115705727
art,279,117.21682898866
art,280,118.59228916731514
art,281,116.47750421471076
art,282,122.70387425422517
art,283,120.11789568477731
art,284,121.6151914407067
art,285,122.7713677914134
art,286,123.38456485615119
art,287,119.43195762741037
art,288,123.80399666620401
art,289,119.58337987522596
art,290,119.76843909896755
art,291,124.27400368813657
art,292,122.90777621044565
art,293,118.33130248266745
art,294,119.64899136141554
art,295,123.47662129013005
art,296,119.60898504615814
art,297,120.21271851017123
art,298,120.51848215416088
art,299,120.42660285364913
art,300,123.01565497410114
art,301,119.80988771240408
art,302,121.21570201291792
art,303,117.90143586359763
art,304,120.55783132527225
art,305,120.8640087838855
art,306,117.91570167134981
art,307,119.46561327689389
art,308,119.37543894726221
art,309,120.4028542786077
art,310,122.2021831403387
art,311,113.24401099970711
art,312,120.93829035809402
art,313,116.91731432032364
art,314,125.13275025414394
art,315,120.03949451491091
art,316,122.35374793338194
art,317,123.95699355287582
art,318,120.16464650636382
art,319,117.52723471861147
art,320,123.77582616527773
art,321,122.28672502676538
art,322,123.83592418262243
art,323,122.14968518119795
art,324,121.58746700644312
art,325,123.62371486906416
art,326,117.66654829054073
art,327,116.71905538753168
art,328,120.51950006047767
art,329,117.53578511527863
art,330,119.28505434618792
art,331,123.97714976955629
art,332,123.03769634734797
art,333,122.4647567015746
art,334,120.58487584384154
art,335,116.99021289099593
art,336,121.69326141850088
art,337,120.89629376666504
art,338,120.23269832799205
art,339,116.47012674708608
art,340,120.6399951172399
art,341,121.7390283614971
art,342,116.56676190985829
art,343,119.28970511710948
art,344,121.7511623184391
art,345,117.22864721126751
art,346,121.28806047853034
art,347,118.39334059297941
art,348,120.73834046347596
art,349,117.96056516098685
art,350,121.17178043897245
art,351,119.46942055801799
art,352,122.54229864454997
art,353,120.97789891403148
art,354,115.37886841042615
art,355,122.72038422662833
art,356,116.75039051041085
art,357,119.91654703506904
art,358,118.54332264675509
art,359,123.92483880768661
art,360,120.35144244520797
art,361,125.58069885756109
art,362,122.83073493391261
art,363,120.257170205857
art,364,119.21049457698749
art,365,120.50482246596074
art,366,120.65394755343473
art,367,116.79709210827905
art,368,118.82446809757477
art,369,129.86999299774536
art,370,118.43666740082574
art,371,115.46178306320738
art,372,120.36138672899483
art,373,121.63777030807688
art,374,124.51315839098645
art,375,117.28449451855288
art,376,119.24577743837695
art,377,121.49631747810533
art,378,122.81579049693234
art,379,118.5720494093714
art,380,119.59927514161444
art,381,122.58771993606727
art,382,118.58884209974711
art,383,115.65759965668308
art,384,119.14250491932066
art,385,120.63638823340277
art,386,117.15118673317994
art,387,117.15315637366277
art,388,119.4743060720537
art,389,118.62623419729483
art,390,118.88968148979693
art,391,122.23313982205124
art,392,119.12905005315532
art,393,125.06141762233275
art,394,119.71985053924463
art,395,120.75315758618841
art,396,122.06264479906943
art,397,118.09676081760874
art,398,119.99706692336056
art,399,124.21043751107075
art,400,120.91321588089463
art,401,118.08533864159523
art,402,123.84205068032597
art,403,123.14771565924632
art,404,118.98100264792085
art,405,124.22409743453346
art,406,120.78074556181471
art,407,117.59939374937072
art,408,120.68570760588666
art,409,121.56142175476845
art,410,115.94433973250598
art,411,122.76099891151596
art,412,117.95986112659608
art,413,119.5941954389818
art,414,120.48629680715095
art,415,119.37115844030257
art,416,117.14533880497362
art,417,123.46497972842454
art,418,120.91401587957695
art,419,117.5738335849712
art,420,120.31999442625165
art,421,117.19719359615983
art,422,116.20498053020032
art,423,117.84161388764198
art,424,125.53986554007695
art,425,120.91500696390321
art,426,121.85013755391336
art,427,123.78161803712666
art,428,121.1813975389592
art,429,121.33685505501994
art,430,120.40877811532049
art,431,121.35851792586085
art,432,119.27245639111857
art,433,119.70625435374944
art,434,121.08191462798746
art,435,123.19912080660707
art,436,117.6412163719424
art,437,123.00445479851108
art,438,119.31215810013806
art,439,120.86958298264143
art,440,123.90526581481136
art,441,122.64819990442055
art,442,122.26150684706727
art,443,120.51897967294782
art,444,118.00202387849778
art,445,115.86404551037074
art,446,119.67766046968539
art,447,116.427025128422
art,448,121.24796325867204
art,449,121.07367717884789
art,450,119.46439618083124
art,451,117.63232085764118
art,452,123.46970945192324
art,453,119.97697517890242
art,454,115.85465204874149
art,455,119.97235309639845
art,456,122.85080229332625
art,457,121.96590100903893
art,458,124.86499554221446
art,459,118.4802324419445
art,460,127.909303453203
art,461,121.25326291416326
art,462,126.67678859743936
art,463,119.9455042790277
art,464,125.32372108488619
art,465,123.28108326570084
art,466,119.83327354797115
art,467,119.38848744029589
art,468,120.5252291753737
art,469,121.82747255525447
art,470,120.29460210635155
art,471,119.66330991878071
art,472,123.06993785431418
art,473,118.62671759871495
art,474,125.46594108721068
art,475,116.11152993016265
art,476,116.67986333557106
art,477,124.04986805352797
art,478,121.90424818164429
art,479,123.92727122519962
art,480,117.67471873143154
art,481,120.02208454500038
art,482,120.3748451374244
art,483,119.27275334798291
art,484,115.00836358511854
art,485,121.74864517637849
art,486,117.1609454897727
art,487,118.67311717076932
art,488,120.8825245847366
art,489,118.68360439783956
art,490,117.84994857079849
art,491,122.5127343559524
art,492,119.29802992317342
art,493,122.56711290528008
art,494,121.8165690515814
art,495,119.35270745964941
art,496,116.52223913368805
art,497,118.52424001150675
art,498,116.92673473293806
art,499,114.96067856098473
plant,0,121.48153715363318
plant,1,122.5776200578292
plant,2,123.10010149122942
plant,3,119.92915315966262
plant,4,122.92021373487412
plant,5,123.84783670686386
plant,6,117.68038996312504
plant,7,123.35590030030676
plant,8,127.35252222018106
plant,9,121.97189953543628
plant,10,117.83634933795288
plant,11,115.51519079953077
plant,12,123.15283734956411
plant,13,122.49250355318462
plant,14,119.53114745916638
plant,15,122.93188729672413
plant,16,116.51196998445322
plant,17,119.49125134002007
plant,18,117.76430512632355
plant,19,118.77006422109685
plant,20,120.2448597242928
plant,21,124.88462400429535
plant,22,116.99063140324614
plant,23,123.12439318585002
plant,24,120.25217505590777
plant,25,120.48242295815305
plant,26,120.47312524987302
plant,27,121.28754853173776
plant,28,121.15414397685207
plant,29,120.77344882723541
plant,30,121.91873581900296
plant,31,127.88922674870258
plant,32,119.29013097767364
plant,33,121.34344814809215
plant,34,117.25845983679287
plant,35,120.470739651443
plant,36,118.8545694196926
plant,37,118.65714497126854
plant,38,118.36602294809478
plant,39,121.32565921221925
plant,40,120.95633217914717
plant,41,117.65292869518393
plant,42,117.03733523227042
plant,43,118.79652686428742
plant,44,121.3159241601718
plant,45,119.11326702580303
plant,46,119.95585897123335
plant,47,123.47765985175856
plant,48,118.88720725663369
plant,49,120.97309380373902
plant,50,121.04314647226498
plant,51,120.38164606130188
plant,52,120.63538650157271
plant,53,117.6158015784837
plant,54,120.67044254011667
plant,55,121.1134482645304
plant,56,117.58862217758413
plant,57,123.00867267003348
plant,58,117.0169156726194
plant,59,118.70003410308365
plant,60,118.96489482641425
plant,61,122.50376201260849
plant,62,119.58340892162941
plant,63,116.04033652844765
plant,64,117.59904373701029
plant,65,121.32668209841613
plant,66,120.4598543475548
plant,67,123.18440932834078
plant,68,123.80686712720774
plant,69,115.65746589623006
plant,70,120.09798244756189
plant,71,122.80843406147068
plant,72,117.09990241978065
plant,73,121.66257851368682
plant,74,120.36497641186277
plant,75,119.96398766838693
plant,76,125.1319719288226
plant,77,119.94272820959489
plant,78,120.54518142419674
plant,79,125.36487081841084
plant,80,120.87592567368475
plant,81,124.50561330743686
plant,82,121.95635745735258
plant,83,125.2114230252883
plant,84,120.01506182904633
plant,85,122.21008940796116
plant,86,121.76916319563243
plant,87,118.397191808961
plant,88,118.18851615995638
plant,89,120.64177313954694
plant,90,119.44515784452558
plant,91,120.09080286636366
plant,92,118.51253094684608
plant,93,121.60605260402745
plant,94,120.56904161290964
plant,95,115.55106402899769
plant,96,124.902852866493
plant,97,124.89488968123112
plant,98,122.19679778069283
plant,99,120.02405101795308
plant,100,117.37868571233787
plant,101,121.67298871204221
plant,102,117.54868266231252
plant,103,120.02710673232522
plant,104,118.4322874472142
plant,105,124.60810145435642
plant,106,122.51760869977753
plant,107,122.24266794395027
plant,108,122.51404019431493
plant,109,120.95918602141312
plant,110,117.61990039694649
plant,111,119.369102230881
plant,112,125.84278620851619
plant,113,116.7609468941648
plant,114,121.24294506754627
plant,115,118.5234540670683
plant,116,118.85770567229137
plant,117,120.03054981872181
plant,118,119.54470281442156
plant,119,117.69598521229578
plant,120,114.78260030140946
plant,121,121.21356243572417
plant,122,121.32016228478923
plant,123,118.7448343795877
plant,124,116.88564458590582
plant,125,122.3191200015761
plant,126,124.04179617806099
plant,127,118.44820951487986
plant,128,123.17102328797715
plant,129,122.92163473061042
plant,130,123.18621379650236
plant,131,122.12086236139545
plant,132,118.34676993144188
plant,133,121.93718158496576
plant,134,123.20452396462866
plant,135,120.9451923264125
plant,136,118.25030907127709
plant,137,116.95371744563272
plant,138,114.85848884499575
plant,139,117.11803413287657
plant,140,121.5705448830062
plant,141,120.42597490090203
plant,142,122.65704788957201
plant,143,122.09638299086605
plant,144,120.71386877661598
plant,145,117.32241428503644
plant,146,122.0742731004157
plant,147,121.21062962100642
plant,148,120.48171974786752
plant,149,116.18195055357528
plant,150,119.27536846944851
plant,151,119.3165191809324
plant,152,117.3433536813531
plant,153,121.90546760637793
plant,154,123.28100584546395
plant,155,119.89226781312962
plant,156,118.62685379277136
plant,157,117.28168134948871
plant,158,122.56405425371406
plant,159,122.31907762718576
plant,160,118.76991280762358
plant,161,120.39492032187094
plant,162,123.24953116958118
plant,163,120.34609089333782
plant,164,120.63556824977009
plant,165,120.22533489926069
plant,166,123.2643527344716
plant,167,117.40077548620518
plant,168,120.74830505208003
plant,169,121.14867502838726
plant,170,118.13435610856192
plant,171,118.63037979224096
plant,172,118.58942417773943
plant,173,124.54170431364663
plant,174,120.38633818185349
plant,175,122.06640404325088
plant,176,118.31859893857978
plant,177,122.49505128133936
plant,178,122.29089828957866
plant,179,118.04871287584444
plant,180,123.31341815631916
plant,181,118.57620091836279
plant,182,119.644382192949
plant,183,120.83655750036428
plant,184,119.92810588828671
plant,185,121.15303983490588
plant,186,123.6485332938788
plant,187,119.93656876039272
plant,188,123.0708915955955
plant,189,121.53625714167208
plant,190,128.26735752514773
plant,191,115.53122729139851
plant,192,119.83415435989286
plant,193,119.41043659049588
plant,194,123.19065095732743
plant,195,121.88978832474959
plant,196,121.89759463170542
plant,197,122.29936100847839
plant,198,120.90311082031806
plant,199,122.51737567800573
plant,200,125.06181814753141
plant,201,119.43101153418161
plant,202,119.33523836793883
plant,203,118.1637045103783
plant,204,126.42616005206742
plant,205,117.31510575544795
plant,206,120.75784439599482
plant,207,121.08023921986093
plant,208,117.5359257796465
plant,209,120.27379032913305
plant,210,119.84114765681322
plant,211,122.72677869865632
plant,212,114.91465700942022
plant,213,124.02798498566212
plant,214,129.32079958854627
plant,215,120.61563803752206
plant,216,121.13790014046566
plant,217,127.27677753240042
plant,218,119.38846737880478
plant,219,122.98498267076951
plant,220,115.9329490251821
plant,221,120.07173719303026
plant,222,124.73688418108205
plant,223,119.57297847453212
plant,224,117.05996879850996
plant,225,121.2580165013161
plant,226,114.45508667994262
plant,227,119.57522604993389
plant,228,117.44111820712465
plant,229,123.84177010320572
plant,230,119.33782500941574
plant,231,120.56596195144753
plant,232,129.61622267597073
plant,233,118.84927001549921
plant,234,120.532913879968
plant,235,119.01608997476647
plant,236,121.28497926081569
plant,237,120.92941540993559
plant,238,119.98003706951239
plant,239,118.8240668159171
plant,240,119.59213987023092
plant,241,124.70551436486107
plant,242,119.36825385244248
plant,243,121.42582590231206
plant,244,118.38633433027982
plant,245,119.60356216576086
plant,246,121.38025809203708
plant,247,116.1645683752783
plant,248,124.50194901634919
plant,249,123.59825054688136
plant,250,118.81716339080735
plant,251,118.24816241170946
plant,252,115.9601062273072
plant,253,122.66816526089335
plant,254,118.76510999632974
plant,255,125.45905372204832
plant,256,119.182700782556
plant,257,120.09422657190767
plant,258,120.44253904731588
plant,259,122.83694482590721
plant,260,122.18619693575437
plant,261,122.16039703743537
plant,262,124.01657595832798
plant,263,122.71327349973933
plant,264,121.98320526066944
plant,265,120.71145181063294
plant,266,122.33220049870945
plant,267,119.86444015892297
plant,268,122.78678656101512
plant,269,119.54076824892208
plant,270,121.07433223311028
plant,271,123.62712570374845
plant,272,119.58484227560982
plant,273,115.97687531860825
plant,274,123.65518966676296
plant,275,118.29533910150995
plant,276,120.3206660528942
plant,277,115.95862836084092
plant,278,124.62319814185958
plant,279,118.00361584371772
plant,280,118.43226807347007
plant,281,121.15983157913301
plant,282,116.53603663713807
plant,283,122.77936996338632
plant,284,116.62625291880016
plant,285,122.63129714182969
plant,286,120.97678894163195
plant,287,129.11766562858313
plant,288,115.06251551555475
plant,289,118.80478314117259
plant,290,120.24862770129717
plant,291,119.20124855115387
plant,292,118.78566197184387
plant,293,120.01166338823153
plant,294,121.60307770020114
plant,295,114.96441792927787
plant,296,126.56839080067964
plant,297,124.57144934791148
plant,298,122.93207234730784
plant,299,121.31081724579676
plant,300,122.46503530904256
plant,301,126.45367244882144
plant,302,119.65709004003762
plant,303,122.19028601951005
plant,304,120.24763154065496
plant,305,119.52947119519854
plant,306,116.64630817995116
plant,307,117.87816235824984
plant,308,127.37546784652132
plant,309,117.62167957831282
plant,310,120.58389661273787
plant,311,117.91007111702076
plant,312,123.86066824366686
plant,313,125.86343952663755
plant,314,121.44508761094013
plant,315,121.79890556373627
plant,316,115.22084678560114
plant,317,118.23095389070588
plant,318,118.66868158307882
plant,319,126.2265829810234
plant,320,123.51770829788342
plant,321,117.20355267062268
plant,322,121.65878144441741
plant,323,119.66648144638721
plant,324,116.57820400229741
plant,325,117.98771537760024
plant,326,124.86997568992011
plant,327,120.79182470121286
plant,328,121.90160366444773
plant,329,117.20340090020261
plant,330,119.71762971137416
plant,331,120.2388316189571
plant,332,118.81178667153836
plant,333,120.50493931364356
plant,334,120.89901658351019
plant,335,116.16501576957819
plant,336,122.71502675525201
plant,337,125.16187881946503
plant,338,121.25281285699405
plant,339,123.16611827054255
plant,340,118.25860038088645
plant,341,122.24378585260138
plant,342,123.47864589792358
plant,343,122.74985786323751
plant,344,120.54972514971891
plant,345,120.56844906984665
plant,346,121.15814707708863
plant,347,122.8178605224318
plant,348,121.37686419730794
plant,349,120.73582828268937
plant,350,119.3370089983288
plant,351,118.28869474702834
plant,352,119.324937916659
plant,353,119.93217430884582
plant,354,121.91072126697817
plant,355,121.84046281881994
plant,356,116.05911124389947
plant,357,118.62317129095881
plant,358,123.45569287219753
plant,359,117.79391650324644
plant,360,117.77752870680412
plant,361,124.82101470264627
plant,362,120.27728600769956
plant,363,120.79848458356341
plant,364,123.4590546809508
plant,365,119.26811054092803
plant,366,123.35588096067143
plant,367,123.03282113181253
plant,368,120.9783717276758
plant,369,121.8629372583988
plant,370,123.01247392724241
plant,371,119.90777667962689
plant,372,122.91577459623777
plant,373,118.75065993763145
plant,374,118.53209468590585
plant,375,119.53927274433691
plant,376,118.49464009691164
plant,377,120.06275108588984
plant,378,123.75703717915239
plant,379,119.91016209480942
plant,380,124.0671308496836
plant,381,118.32729846321996
plant,382,120.81435073777695
plant,383,115.22742122884802
plant,384,118.86952290418778
plant,385,117.06616104099948
plant,386,122.95712405398571
plant,387,124.7662716269256
plant,388,120.80019774587367
plant,389,119.62166529964058
plant,390,117.81564363093193
plant,391,121.56145014527964
plant,392,123.23173657761441
plant,393,119.90646346975163
plant,394,121.31446577117569
plant,395,120.25405110648582
plant,396,118.39094548919557
plant,397,119.42775419342273
plant,398,119.63967405914482
plant,399,117.73020364603266
plant,400,119.29868307628035
plant,401,118.9657400232098
plant,402,118.77001196683992
plant,403,118.48424912132771
plant,404,121.86593671883227
plant,405,117.41039662135265
plant,406,122.29534675097185
plant,407,122.69504129366592
plant,408,121.66896043420223
plant,409,120.14044684300704
plant,410,120.49126130987405
plant,411,118.14256581551166
plant,412,117.81716700804932
plant,413,127.83239442691084
plant,414,116.29142638357577
plant,415,118.68228568097143
plant,416,117.88693057105436
plant,417,118.24815229594832
plant,418,123.37794364012834
plant,419,119.04032035967018
plant,420,121.9843937291451
plant,421,125.3660100285785
plant,422,119.97702905634189
plant,423,118.39612434823815
plant,424,120.77442211993376
plant,425,125.98440033288097
plant,426,120.20449701334088
plant,427,123.25767463737769
plant,428,121.34264663319195
plant,429,119.04895539969544
plant,430,119.43825770410368
plant,431,119.3828073796366
plant,432,119.31541968309382
plant,433,113.80996577628291
plant,434,122.01180701130723
plant,435,118.18898981456584
plant,436,121.23500449882665
plant,437,123.01801072403131
plant,438,119.95493989445765
plant,439,120.2184766203764
plant,440,121.34694450189201
plant,441,118.65835222497316
plant,442,123.28968255576179
plant,443,124.21921527255184
plant,444,127.15781861231605
plant,445,119.6927719918278
plant,446,115.67709238831634
plant,447,118.48543675550098
plant,448,121.44193792371236
plant,449,120.72849379648811
plant,450,120.9914450124194
plant,451,119.2455773854515
plant,452,123.83420936576658
plant,453,119.82566824944274
plant,454,118.1658261434423
plant,455,116.62912228226465
plant,456,122.79014777181334
plant,457,121.74948792028022
plant,458,119.1776300515077
plant,459,121.56543392793999
plant,460,120.94714254323777
plant,461,122.45025346285183
plant,462,118.64592389388034
plant,463,120.75489823244384
plant,464,119.58493398245376
plant,465,125.82380806764459
plant,466,116.89627732731107
plant,467,114.98752729543118
plant,468,116.33572959503039
plant,469,117.64694719536783
plant,470,121.23008437921234
plant,471,122.98130018753999
plant,472,119.82347783078642
plant,473,121.04773007379117
plant,474,122.08074187789416
plant,475,120.32694515263775
plant,476,115.97952944940499
plant,477,124.02559459134126
plant,478,117.65570993055157
plant,479,122.42766926016606
plant,480,118.67550405921517
plant,481,121.4017677305606
plant,482,120.96295581115211
plant,483,118.61461267873
plant,484,116.83348302828567
plant,485,121.99993469131753
plant,486,119.17416737460333
plant,487,117.54501806267608
plant,488,118.68855675328291
plant,489,118.89840265517047
plant,490,113.81553408166978
plant,491,128.279099315976
plant,492,122.34809341016215
plant,493,119.59811528771706
plant,494,116.95046917739391
plant,495,118.59590371576449
plant,496,118.60933501653341
plant,497,118.28761956261668
plant,498,117.96789742794101
plant,499,118.2132902886943
river,0,119.88620895886417
river,1,117.03695675369501
river,2,120.97374028514554
river,3,117.09206329132662
river,4,120.63254944922346
river,5,115.26095381848643
river,6,119.51835196810508
river,7,117.13769430368468
river,8,117.55793386102418
river,9,123.10333435118817
river,10,122.55281757109215
river,11,122.67888006632872
river,12,119.96288488549689
river,13,119.78338292399083
river,14,115.96881635446876
river,15,116.44280653881258
river,16,120.37975116973989
river,17,116.72571150350142
river,18,120.4518798943577
river,19,116.91457847168196
river,20,119.50133370124345
river,21,117.61277148721503
river,22,120.76839967627355
river,23,121.56403813961501
river,24,114.32570745631503
river,25,117.9136610007674
river,26,119.64540084089872
river,27,121.77488401202223
river,28,123.12079596036234
river,29,121.09197049280458
river,30,119.1797214603008
river,31,121.53411524893276
river,32,116.64214289517791
river,33,117.83884794874578
river,34,121.07419434175684
river,35,124.88224323608763
river,36,115.46474704792875
river,37,114.84994864829847
river,38,115.40581147075497
river,39,119.1638970191613
river,40,115.46798255553306
river,41,115.49208096332484
river,42,120.34463116815748
river,43,117.59405097138924
river,44,119.07282114099861
river,45,122.7515708759761
river,46,119.10322203451902
river,47,116.29478690636152
river,48,119.32451893613418
river,49,123.27555100037269
river,50,122.31848667053598
river,51,120.43346791060566
river,52,119.3832130780962
river,53,118.12839612844866
river,54,119.20673115625635
river,55,118.86732012519639
river,56,119.15806622046435
river,57,116.20174462838573
river,58,116.01411852064393
river,59,110.81411337334205
river,60,122.24487728632563
river,61,121.09438869255646
river,62,118.05840147149473
river,63,122.06827419041883
river,64,124.02601275126905
river,65,122.08333585993414
river,66,119.22284164304091
river,67,118.77786313029193
river,68,124.57465444103748
river,69,120.77394726717839
river,70,115.19039393861846
river,71,121.88156461028039
river,72,120.81828587264032
river,73,119.35531325671325
river,74,117.05616548147295
river,75,118.06383793261244
river,76,117.93885523826542
river,77,119.60169216304575
river,78,120.23476531145401
river,79,121.51862358038468
river,80,117.28710392987658
river,81,119.52553151206587
river,82,116.98027080885997
river,83,115.4521074147502
river,84,119.5450621777733
river,85,123.6401192263973
river,86,120.53723329653761
river,87,122.946684796046
river,88,124.5409330790206
river,89,119.46375101940919
river,90,119.09462551934209
river,91,117.25982039144445
river,92,119.74952084604078
river,93,119.06309021685071
river,94,121.98013133384033
river,95,124.21333093592668
river,96,119.1552803243145
river,97,124.5316568261673
river,98,117.71376719105882
river,99,123.55424553098509
river,100,120.51725967268348
river,101,117.4581923120094
river,102,117.9223518550398
river,103,124.07335714703174
river,104,122.69539058609078
river,105,119.82813107273638
river,106,114.20693278305691
river,107,121.64605919097401
river,108,120.8768115264798
river,109,124.16613269575075
river,110,117.0474812500888
river,111,117.04766773585169
river,112,119.2920354621262
river,113,121.35755444874583
river,114,118.11374111457383
river,115,120.59750655298964
river,116,114.31934969806848
river,117,117.01524085910626
river,118,119.15663674228199
river,119,118.5489534002309
river,120,119.9902133847387
river,121,125.69961297092573
river,122,119.48224065212985
river,123,121.3748647970584
river,124,119.77713118004804
river,125,120.12217775434311
river,126,115.85072449788186
river,127,119.53339887031366
river,128,120.91073873051914
river,129,119.19501241945554
river,130,120.09248564020261
river,131,117.62245134900408
river,132,123.50641636913713
river,133,118.44465161751427
river,134,120.54987057304186
river,135,118.20624483466335
river,136,121.2709527823581
river,137,118.54158373847324
river,138,124.41867562243306
river,139,121.62252515421088
river,140,118.90969065326995
river,141,118.37467069890715
river,142,118.00070593009006
river,143,118.6173329846586
river,144,119.59173783187408
river,145,120.21419544692533
river,146,117.73794693151305
river,147,118.54793171847453
river,148,122.58335803043556
river,149,118.53714092548215
river,150,119.49990841233651
river,151,119.18642426275714
river,152,122.76088351729018
river,153,116.48539729626894
river,154,118.8603074836831
river,155,122.35843010406313
river,156,117.73998012549679
river,157,117.30584594132971
river,158,113.52062510912782
river,159,117.83423697695703
river,160,119.64065298394218
river,161,120.22554836849311
river,162,118.34816935070572
river,163,118.7449424947707
river,164,118.42521924311491
river,165,117.50622191493369
river,166,118.83912665589276
river,167,123.98160199566777
river,168,119.04957493358077
river,169,115.10218951546986
river,170,126.95340649705426
river,171,117.28038939465402
river,172,119.93398044564134
river,173,117.56372782977473
river,174,116.64590894471777
river,175,120.51858303962251
river,176,115.3374142183786
river,177,117.3753336499598
river,178,115.59070011514359
river,179,122.79187535080702
river,180,119.81643984803179
river,181,123.34978913946522
river,182,120.43330044270493
river,183,118.43313719024454
river,184,117.85762576808729
river,185,125.66029135646136
river,186,120.29903781367885
river,187,115.53424128789607
river,188,119.36589459970641
river,189,121.94514747766247
river,190,122.16580586408345
river,191,119.48771949254741
river,192,122.00895211203012
river,193,121.79131066198818
river,194,120.39458241776349
river,195,119.90183822620392
river,196,121.75151887885802
river,197,117.3666989934547
river,198,115.42077180133697
river,199,119.86144451470409
river,200,116.7692542459466
river,201,121.98472202520601
river,202,117.04692206652942
river,203,120.79562834249296
river,204,118.15510336715924
river,205,115.16919492076327
river,206,118.17536132976258
river,207,117.05257623808633
river,208,115.47685216982191
river,209,119.84371872630142
river,210,120.5990773599013
river,211,117.35229772593041
river,212,118.9657692837364
river,213,112.84043632818592
river,214,117.13132992751201
river,215,118.5171394249932
river,216,119.12969612690927
river,217,120.46663721044253
river,218,116.68486223696858
river,219,120.29005817376503
river,220,118.64516394474064
river,221,121.82271878011075
river,222,118.96907132250118
river,223,122.00057113773941
river,224,120.20957813086395
river,225,118.68529906962738
river,226,119.835770406651
river,227,117.1593060889705
river,228,124.40166198164368
river,229,116.65152036925124
river,230,119.43741188855832
river,231,119.5023073100946
river,232,121.9045690825929
river,233,119.49181375986286
river,234,120.00092695348673
river,235,117.26479371682484
river,236,117.33750628264382
river,237,119.7202564626981
river,238,118.98935808720563
river,239,117.80858954169524
river,240,121.60544849529411
river,241,119.88582563483938
river,242,117.21010615964306
river,243,121.08792824112217
river,244,117.17862032947488
river,245,117.06094902644743
river,246,119.24440918129358
river,247,114.16252769084238
river,248,118.19114992600832
river,249,118.84368018183386
river,250,116.18654995272497
river,251,121.73258802363942
river,252,119.24609870240721
river,253,118.03090464452413
river,254,120.22641221346598
river,255,124.7213911808753
river,256,120.33653203430741
river,257,118.26075618715508
river,258,118.90567759727415
river,259,119.03391083442625
river,260,125.74993637193097
river,261,122.67414346380512
river,262,119.5913593003306
river,263,120.35040835912191
river,264,119.21539765926319
river,265,117.75549040859872
river,266,118.00888730602355
river,267,117.50724842216258
river,268,120.45472372611545
river,269,119.651598695293
river,270,118.1004476925351
river,271,120.77827545525236
river,272,118.22515379887089
river,273,120.92222528187597
river,274,118.89506842352577
river,275,116.09629091597921
river,276,119.27017209982347
river,277,120.16598839957113
river,278,117.78712866016055
river,279,117.9437754086813
river,280,117.1608103195392
river,281,119.5789108143003
river,282,121.31125191140286
river,283,112.77584557413785
river,284,123.27354316537462
river,285,124.37853469299
river,286,116.80409209975859
river,287,117.50278401958512
river,288,122.99198026927627
river,289,113.75334043234093
river,290,119.13401011209321
river,291,119.99180767209994
river,292,121.91235454249446
river,293,116.02737463883493
river,294,118.94016453149032
river,295,114.82086574258265
river,296,118.14589577548156
river,297,115.8294311147517
river,298,118.5753061328479
river,299,120.73973061535814
river,300,117.038715121551
river,301,123.93229915887594
river,302,117.40539184194145
river,303,120.42427724083393
river,304,119.37094335396945
river,305,116.95799174126769
river,306,123.29023912056508
river,307,117.49230932359413
river,308,128.4306753003376
river,309,121.34161604464904
river,310,119.13281043483104
river,311,119.27338946408636
river,312,116.64612323232436
river,313,118.96404946901684
river,314,120.99301843673803
river,315,114.7722681486427
river,316,122.60073357508598
river,317,117.81041519633864
river,318,119.6060173836623
river,319,122.05652185389116
river,320,119.18759694019056
river,321,124.56878220731373
river,322,120.44406132863463
river,323,122.46512316551407
river,324,118.4869735425058
river,325,119.87669261524803
river,326,114.98787114758717
river,327,120.2928679334528
river,328,119.08472282808576
river,329,114.82350271888815
river,330,117.80689074124699
river,331,116.74999259054457
river,332,117.33365280464838
river,333,119.44410888597794
river,334,119.82349467142568
river,335,118.36330110214901
river,336,119.98323866574007
river,337,118.97684532557349
river,338,119.17222125288518
river,339,118.95305727123822
river,340,117.97255123094257
river,341,122.76500838866721
river,342,117.56732908677267
river,343,118.4909033686077
river,344,122.38525759539218
river,345,121.02855007274147
river,346,121.9612029374081
river,347,118.18230889983259
river,348,120.94877155775552
river,349,118.6398543007259
river,350,123.7415933955313
river,351,122.8488566379621
river,352,115.57482662762114
river,353,120.70393203734204
river,354,117.90071613956255
river,355,119.95793083702418
river,356,116.42424940715553
river,357,119.47084851684218
river,358,119.41874032930069
river,359,116.63194958814114
river,360,120.37840786310537
river,361,121.24760972232276
river,362,124.49387574323329
river,363,120.66962302123731
river,364,117.84264230547348
river,365,124.26904984859004
river,366,118.97751433554771
river,367,115.74770777856588
river,368,119.84751949000638
river,369,121.48945986119497
river,370,120.95590371105713
river,371,121.44747846779637
river,372,118.84828806849366
river,373,121.02839445960913
river,374,120.28100198529792
river,375,117.86673940671655
river,376,115.31891684738737
river,377,119.3984316163473
river,378,120.57630590909815
river,379,114.41193846791475
river,380,116.92678735423058
river,381,119.71807728396962
river,382,120.04767158428163
river,383,117.14636958804192
river,384,122.44724543160814
river,385,116.4054112770555
river,386,122.12328576614269
river,387,117.35242632250926
river,388,118.69192052162691
river,389,117.17372542703986
river,390,120.8053223299652
river,391,118.61842295896159
river,392,118.03884142410308
river,393,119.79390646741417
river,394,113.80586521438316
river,395,120.01700436395512
river,396,117.08940513409105
river,397,116.67891162891537
river,398,117.62264902934423
river,399,121.43546836667103
river,400,114.72689719561686
river,401,123.67759590022953
river,402,119.6099780878803
river,403,116.71054631809612
river,404,122.6137231667573
river,405,120.63667740594681
river,406,119.01239767858291
river,407,121.57832312436594
river,408,125.35481117350147
river,409,120.22196847361705
river,410,117.90791386229007
river,411,115.30048089775728
river,412,121.46701927684123
river,413,117.1307513213544
river,414,118.08399536787424
river,415,116.08998219470499
river,416,119.3960668470574
river,417,114.38507216338458
river,418,117.47026837726186
river,419,120.91363474658077
river,420,117.11312506700753
river,421,117.80224437606816
river,422,116.55601480011215
river,423,124.23950618115647
river,424,114.9603647666608
river,425,117.8347969834642
river,426,121.58513906534665
river,427,123.3549421634399
river,428,119.27171015831328
river,429,119.18997840139309
river,430,116.11162689958256
river,431,120.59969761026295
river,432,120.30107450907465
river,433,117.39914057474859
river,434,116.69989950992543
river,435,123.34909129634188
river,436,121.01346837727964
river,437,119.7771712808845
river,438,118.53603790233535
river,439,117.71543257529625
river,440,112.01014637563556
river,441,122.09740562317297
river,442,119.82533657635328
river,443,114.20505315807785
river,444,121.39568658595219
river,445,118.9924530924628
river,446,121.45854601626154
river,447,118.92707783180083
river,448,117.38133694521689
river,449,120.91064674118111
river,450,119.239432646978
river,451,122.819511544409
river,452,118.32160076486534
river,453,121.61204971066203
river,454,118.9799712099587
river,455,117.88176828200805
river,456,120.58620768884367
river,457,119.09956124958838
river,458,116.24247052332086
river,459,109.73326843718311
river,460,119.76213382855806
river,461,122.22417119063202
river,462,122.25746791646483
river,463,119.27774357561032
river,464,117.71376182050086
river,465,119.90108270445674
river,466,112.67589309272374
river,467,120.22593707383804
river,468,119.64610824087897
river,469,122.00372946304611
river,470,118.99162475364109
river,471,118.19339552345218
river,472,118.70609002491467
river,473,118.70243329269978
river,474,121.24672362554854
river,475,119.59153503449234
river,476,121.96183942171683
river,477,119.96837419269465
river,478,122.09035154608468
river,479,118.66084103337417
river,480,121.2163999833323
river,481,116.61165593487726
river,482,123.29375330608474
river,483,120.8404322022796
river,484,118.39746346620788
river,485,123.4690423661047
river,486,125.79244423018368
river,487,125.10589314398
river,488,117.31081857383501
river,489,121.80893032329594
river,490,122.05047482749465
river,491,120.53120758795181
river,492,122.6068061498341
river,493,121.3915394083982
river,494,117.60932784989548
river,495,117.2729793995828
river,496,117.23175480636665
river,497,117.80526943995994
river,498,120.31164316313705
river,499,122.53357523787369
light,0,118.43294128408795
light,1,117.6301080775163
light,2,117.35525750384907
light,3,122.23778498733078
light,4,118.11533394076395
light,5,120.2166382481916
light,6,119.37985711931208
light,7,121.31810886962889
light,8,116.8431086692397
light,9,119.25329744891245
light,10,116.93140588865664
light,11,116.95793571231445
light,12,115.36193235494474
light,13,115.5002103672123
light,14,117.85884961027713
light,15,119.6019421780463
light,16,119.78609496954402
light,17,114.9131370517906
light,18,118.51156228707127
light,19,118.65778289878293
light,20,115.88666308991269
light,21,117.01499589770432
light,22,114.27702238521769
light,23,118.34177022045225
light,24,119.56144017568901
light,25,116.68992277841552
light,26,118.34898365849575
light,27,120.75919743032597
light,28,116.06571901829226
light,29,116.9145880035892
light,30,116.4330449691987
light,31,120.83521481088819
light,32,117.99662508425368
light,33,116.06256025716242
light,34,119.60965518835837
light,35,119.1507340453651
light,36,114.91051922187654
light,37,114.65009712742942
light,38,117.9540709814479
light,39,115.96144968287318
light,40,118.45730903992282
light,41,115.94188251010482
light,42,119.33155755133751
light,43,120.99956939661394
light,44,115.4881595166167
light,45,120.91980612515655
light,46,118.94122258638743
light,47,117.74345676986681
light,48,115.91864533081772
light,49,116.82478880088763
light,50,119.4390450810921
light,51,115.3025736816242
light,52,116.72772894955948
light,53,119.54505852756114
light,54,116.44961159997023
light,55,123.07396595742316
light,56,118.60265838759962
light,57,115.54554019731775
light,58,119.46225444400962
light,59,118.97194642296338
light,60,119.32428862069908
light,61,114.93039148990114
light,62,123.28092750640312
light,63,119.71770922089746
light,64,114.60498453235763
light,65,117.79212672206722
light,66,119.43556981513852
light,67,115.87921364351969
light,68,117.2649988679004
light,69,118.15068940864428
light,70,117.71150876548869
light,71,119.84627918329525
light,72,123.49353912691063
light,73,120.04639749475297
light,74,117.80625015332424
light,75,117.25356811854184
light,76,119.59972420390955
light,77,115.52596078937898
light,78,117.51394072828947
light,79,118.08685862959807
light,80,118.06403643638315
light,81,114.53281982530896
light,82,114.53253092133724
light,83,112.75640432998077
light,84,123.2825852462256
light,85,121.09490653802963
light,86,117.91857431305768
light,87,120.0442622689265
light,88,117.99239385269303
light,89,115.94251899357502
light,90,119.24989956649175
light,91,119.69477941485754
light,92,118.40377189237354
light,93,115.89027637389395
light,94,116.41651527330549
light,95,118.62557077462293
light,96,120.85592197194488
light,97,116.80241805904174
light,98,115.17085122551447
light,99,117.76306052880582
light,100,115.99645232368982
light,101,117.44299405948841
light,102,118.30175123134201
light,103,117.73594292838001
light,104,117.64169303308125
light,105,117.53820758691644
light,106,115.14513213953938
light,107,115.50167481565403
light,108,112.41949586601554
light,109,119.7573093533338
light,110,118.06295906834112
light,111,113.60997443283097
light,112,119.09301414720872
light,113,115.26393809281828
light,114,122.7284730756243
light,115,116.44343680602252
light,116,118.25897047648601
light,117,117.01298098988072
light,118,118.88359840260159
light,119,121.18648560100304
light,120,120.2300830164423
light,121,119.39725756531729
light,122,117.74901158308242
light,123,119.6473054837337
light,124,117.84188906399112
light,125,120.29836759898642
light,126,116.42287517932229
light,127,117.93404152746267
light,128,114.7961617123773
light,129,119.80356715199581
light,130,118.51522521870525
light,131,120.17505947224538
light,132,118.86234167982708
light,133,118.8677711043983
light,134,116.43275930639085
light,135,114.58700801685065
light,136,120.10897677868707
light,137,116.82651484540536
light,138,120.84068174824058
light,139,115.5695038176918
light,140,115.80620213094718
light,141,117.88408502504437
light,142,117.49000720685403
light,143,125.51144073806621
light,144,118.24841954369063
light,145,117.99298266837019
light,146,119.56768045517738
light,147,118.90295070427103
light,148,115.86973875442912
light,149,118.75039838437355
light,150,118.73419311645466
light,151,119.09149574067526
light,152,120.63113774162493
light,153,118.65366880735746
light,154,114.96074488558112
light,155,118.88522478920258
light,156,120.95758304332698
light,157,121.12630902783654
light,158,120.46384572166835
light,159,120.06061446755767
light,160,112.2022811187929
light,161,122.34861723514929
light,162,114.71471293678654
light,163,121.42705862914408
light,164,114.57686028580008
light,165,116.75414479515605
light,166,119.93960370160568
light,167,119.29899552806835
light,168,124.25060769937997
light,169,114.24060476849083
light,170,118.59792543940215
light,171,117.78427501673137
light,172,119.72586059876546
light,173,124.64597756575522
light,174,116.20117477062915
light,175,121.88623400685898
light,176,116.79229052829605
light,177,116.34214148569089
light,178,119.21537019043372
light,179,117.68262038120754
light,180,117.14146430414354
light,181,118.82743834388386
light,182,120.2241612347773
light,183,117.64202377265325
light,184,119.82013213976666
light,185,115.14875176454034
light,186,115.79194534915125
light,187,113.13182961769989
light,188,115.47761280738183
light,189,119.30945014627838
light,190,119.31214743093726
light,191,119.73726634008986
light,192,117.39273845249454
light,193,121.92978115977127
light,194,116.59086964364822
light,195,116.47979325372373
light,196,118.77098884553783
light,197,118.31573845771703
light,198,121.42479389953628
light,199,118.45961427454708
light,200,119.80380158396002
light,201,116.57415656311916
light,202,120.8300693684158
light,203,115.14520958879666
light,204,116.87197890687766
light,205,119.1375136159057
light,206,116.26004584357055
light,207,119.14595475732217
light,208,115.0629210672268
light,209,121.03710688501164
light,210,121.08659804669435
light,211,115.46435709141718
light,212,120.85416213913646
light,213,117.5654058672546
light,214,118.87707710354596
light,215,119.24406870171345
light,216,117.67414244496435
light,217,121.57300822088135
light,218,113.62446275203403
light,219,117.68712271206094
light,220,117.40762305973047
light,221,116.41058824130084
light,222,115.28179653448092
light,223,113.96130433064158
light,224,117.0581475004393
light,225,120.30581685920797
light,226,116.58497068109344
light,227,118.7615302617798
light,228,116.52095470484976
light,229,116.77022593449848
light,230,116.68157129563784
light,231,119.43598832812955
light,232,114.03315064737475
light,233,117.9405509099283
light,234,116.55705078139609
light,235,118.04474788938593
light,236,119.18987162611884
light,237,120.26744381029218
light,238,118.26274621814936
light,239,117.166115131628
light,240,119.44346207787606
light,241,115.74548744658881
light,242,121.46593300659386
light,243,118.6020404703573
light,244,118.3151141456111
light,245,117.30723232471097
light,246,118.44411814856144
light,247,115.05613538807027
light,248,114.56967723078115
light,249,117.01057179113137
light,250,115.6555990894864
light,251,128.4568965930493
light,252,115.24925556325599
light,253,115.9932843737421
light,254,118.22111625085279
light,255,123.24002951690748
light,256,116.99635356675837
light,257,120.00735633132255
light,258,115.20421180906459
light,259,118.52555504330215
light,260,117.89931405951448
light,261,116.1279276599542
light,262,120.33929866886841
light,263,115.3747410322612
light,264,119.78289855451614
light,265,119.19874808001052
light,266,113.1317606416959
light,267,114.26819971333595
light,268,114.70893001430471
light,269,116.91058504923359
light,270,116.82740379593126
light,271,119.1635232231034
light,272,117.1426264767637
light,273,118.1790102624466
light,274,119.81213633693379
light,275,118.82124359076364
light,276,117.63648202198323
light,277,115.29941004602506
light,278,114.17420917565508
light,279,115.94176210706561
light,280,118.15229439828536
light,281,120.62756814801887
light,282,116.24109300334887
light,283,115.32531354168145
light,284,117.46542636605379
light,285,118.08651606422713
light,286,118.38169922042763
light,287,117.86931373882258
light,288,119.07582205726975
light,289,123.45270217549746
light,290,119.22385142798342
light,291,120.00372918129105
light,292,116.22745013465814
light,293,117.68280031641663
light,294,120.13334938835152
light,295,116.9869706554613
light,296,116.39427630374182
light,297,116.32376311789999
light,298,118.40397907396145
light,299,117.43563983837166
light,300,119.68660034007411
light,301,119.37597195412178
light,302,119.63878720506662
light,303,118.50669477474531
light,304,116.33281507590492
light,305,118.8992626171029
light,306,118.31085353221538
light,307,115.92225286932401
light,308,120.74708934095739
light,309,116.93885831983242
light,310,120.85487932182251
light,311,120.27863747951595
light,312,118.9371409354386
light,313,118.72883164087058
light,314,118.72375762435321
light,315,115.24739937041227
light,316,121.27574669657209
light,317,118.90942668022981
light,318,123.13044831080742
light,319,118.60296464156683
light,320,117.28753602954396
light,321,121.43906612532949
light,322,115.96783880231362
light,323,118.3807376307326
light,324,117.85719958174465
light,325,117.45252694626002
light,326,117.95917094655867
light,327,116.98023034598806
light,328,117.46107332322258
light,329,118.76801732488383
light,330,114.03089884917368
light,331,116.41515384039349
light,332,123.1524550648118
light,333,115.79585290483307
light,334,118.17036953795761
light,335,117.80000920882993
light,336,118.79497263758323
light,337,118.61887674029379
light,338,118.8265179019906
light,339,118.60734685069427
light,340,116.35908047545752
light,341,117.28588257872458
light,342,118.09983234997077
light,343,117.02867496033508
light,344,120.64979661032605
light,345,118.94074529534839
light,346,117.10025524037826
light,347,116.53803171642541
light,348,114.62033030042022
light,349,118.48505637045095
light,350,116.10398955067144
light,351,118.4278441097312
light,352,116.0120004835101
light,353,121.55923549555155
light,354,123.27626137133248
light,355,117.71866625729486
light,356,117.28478930430357
light,357,116.2208087566285
light,358,117.46865208109621
light,359,115.41115702789384
light,360,114.13904317790376
light,361,118.01273850107665
light,362,114.64063909606963
light,363,115.7487203090561
light,364,118.43599807226649
light,365,118.06725231765382
light,366,116.94894920866065
light,367,117.14153178409137
light,368,118.16905753836228
light,369,119.09943565231609
light,370,117.58865374224293
light,371,118.25724215982227
light,372,118.41661711600919
light,373,119.6606986760791
light,374,118.40100695773856
light,375,117.65407810675241
light,376,117.34599010311311
light,377,119.02999350680663
light,378,122.27557868018889
light,379,118.24294821203118
light,380,118.17473316713627
light,381,117.63525427954973
light,382,116.46783035001485
light,383,118.15931212067771
light,384,117.56416846032319
light,385,117.18731853533501
light,386,118.29760574506601
light,387,124.74600181621607
light,388,123.46929628562506
light,389,115.85081470744905
light,390,116.03308817567253
light,391,122.30970538551809
light,392,118.2505376065927
light,393,115.50380779084128
light,394,117.48574238750274
light,395,118.49688813696724
light,396,117.55315843206932
light,397,117.82217834530722
light,398,119.65279493572123
light,399,118.14099548809065
light,400,117.69387913452232
light,401,115.90570379084781
light,402,114.40072523614475
light,403,121.38728881209482
light,404,119.66255087696356
light,405,118.55955963128311
light,406,119.82714021616682
light,407,116.2523141215885
light,408,116.00327621696462
light,409,118.62325541541405
light,410,118.45178698938395
light,411,116.51071352666229
light,412,119.84015410712878
light,413,120.499673373611
light,414,116.86098994638776
light,415,121.83768121430063
light,416,118.84505348477845
light,417,113.81929474919839
light,418,118.11816702089197
light,419,114.2353178987799
light,420,117.02061362015372
light,421,115.7415294116505
light,422,119.97913139020646
light,423,115.06041854330584
light,424,119.5220904467879
light,425,118.16866123265709
light,426,118.27971849081587
light,427,117.20053705166946
light,428,120.2295662094548
light,429,115.1650257224178
light,430,120.03650749455102
light,431,114.9977150013316
light,432,120.42836200384144
light,433,115.19901934935584
light,434,116.92703618843628
light,435,118.65694879463125
light,436,124.00655306959933
light,437,117.71012779655574
light,438,119.34921103087741
light,439,116.00932570590263
light,440,119.99666109419687
light,441,119.01756066985514
light,442,117.51981458263843
light,443,115.46142491359615
light,444,118.79423438862875
light,445,116.39949936351113
light,446,116.99829603603777
light,447,115.10237954959581
light,448,116.7107615517708
light,449,118.9598690851008
light,450,119.69025456981666
light,451,118.20189181065514
light,452,121.17831926183793
light,453,119.67910471095746
light,454,120.50741702656484
light,455,121.29498092289839
light,456,116.97936097142936
light,457,116.12994316882737
light,458,117.48251857085583
light,459,117.29509552557282
light,460,122.39624684821923
light,461,116.4740350357937
light,462,126.51367738388531
light,463,112.96308218410334
light,464,117.85507066190274
light,465,122.46466894336542
light,466,119.24370479231084
light,467,122.26020843922288
light,468,116.97369617387014
light,469,119.32791468569506
light,470,132.82075438714247
light,471,111.113970144903
light,472,117.15488442301456
light,473,120.36177087436275
light,474,114.81169899473353
light,475,116.59888145563741
light,476,117.43644255634533
light,477,119.40524695287907
light,478,120.29472392727388
light,479,114.86296024724258
light,480,118.95017997263608
light,481,119.50223244255298
light,482,116.25389133460995
light,483,118.75548337016598
light,484,116.87757771558773
light,485,121.22900487561523
light,486,117.08367134212682
light,487,118.52699588025399
light,488,122.28509314921818
light,489,114.94931639003536
light,490,118.96648158038876
light,491,119.0197497936914
light,492,118.82167869685799
light,493,117.95653806401066
light,494,114.21569761564747
light,495,116.94808758377559
light,496,116.97420855178503
light,497,116.37772544344014
light,498,116.69249579921693
light,499,120.90075263151363
