Item,Draw,Appropriateness
machine,0,120.46760813297203
machine,1,117.35363907426834
machine,2,118.62032935116143
machine,3,125.17415990460204
machine,4,121.83259023306879
machine,5,119.83118055751774
machine,6,117.34416386943845
machine,7,121.52791200200308
machine,8,117.17827794003999
machine,9,117.71110095070878
machine,10,117.84630101299136
machine,11,119.86301365527352
machine,12,121.24672955894782
machine,13,118.34427971963063
machine,14,125.35334611554256
machine,15,117.65944030196762
machine,16,116.33046076284668
machine,17,117.85871191748718
machine,18,123.97808854919374
machine,19,120.55524827281172
machine,20,123.34344449853896
machine,21,116.89838470268612
machine,22,119.26717956134227
machine,23,122.17511714290015
machine,24,125.67868078694804
machine,25,120.72512011731811
machine,26,123.40797409500162
machine,27,120.65137247422086
machine,28,121.16877535349973
machine,29,118.69411812416091
machine,30,120.1898602239617
machine,31,120.29096916338833
machine,32,126.13451638157582
machine,33,121.20169446628925
machine,34,121.95056266902924
machine,35,116.045032491528
machine,36,115.78782880324947
machine,37,121.88936584434937
machine,38,121.96431758489888
machine,39,122.84482179082912
machine,40,120.11039608893623
machine,41,117.91899840138281
machine,42,119.2809125259921
machine,43,118.10034314980697
machine,44,119.59186194406996
machine,45,120.95834387631686
machine,46,119.72640087948825
machine,47,118.09338982613906
machine,48,125.76296664298863
machine,49,119.78980649177113
machine,50,120.17885227315139
machine,51,119.93310295860957
machine,52,122.75041748456013
machine,53,117.89758531501928
machine,54,123.01134589394071
machine,55,117.48408126061034
machine,56,120.31995392823221
machine,57,116.2071954146856
machine,58,122.19427238097522
machine,59,120.32151728226874
machine,60,115.70132132486745
machine,61,119.4609650398267
machine,62,122.00673777148319
machine,63,114.3271819868468
machine,64,124.42313075691658
machine,65,122.53797446088888
machine,66,119.2496699198841
machine,67,122.56753140290519
machine,68,116.79852251542387
machine,69,123.67943330742688
machine,70,123.68068760909392
machine,71,122.74807351187253
machine,72,117.03897922960454
machine,73,121.30647221115917
machine,74,125.46986851930144
machine,75,120.03001030593825
machine,76,121.79188496604172
machine,77,121.17728852548308
machine,78,114.38076668205814
machine,79,122.84729017078591
machine,80,120.20043632370394
machine,81,119.03816929559903
machine,82,119.63922227401935
machine,83,116.83173930010949
machine,84,119.39602327037966
machine,85,122.19374862589831
machine,86,117.87837510872731
machine,87,118.34594953435807
machine,88,121.63021711990041
machine,89,121.04404384833525
machine,90,118.27845388936973
machine,91,121.8489693458757
machine,92,118.67784243357671
machine,93,127.33056524221136
machine,94,117.21521134936384
machine,95,121.85647533246294
machine,96,119.02892381616272
machine,97,116.68752423822373
machine,98,122.0123961053854
machine,99,118.42420587738201
machine,100,121.44333523706425
machine,101,119.66818659601886
machine,102,118.80410598393827
machine,103,120.5694297092877
machine,104,121.07059125706014
machine,105,118.67120412222351
machine,106,122.62398555094937
machine,107,121.04467198122879
machine,108,119.36954790698937
machine,109,117.85355412607055
machine,110,116.73017430669692
machine,111,117.94887744940712
machine,112,124.10362127341995
machine,113,119.2727804222766
machine,114,118.67641881587663
machine,115,118.94782001162373
machine,116,118.29493205102253
machine,117,119.31231917758241
machine,118,118.70190158768463
machine,119,122.2494841729093
machine,120,118.63668308427646
machine,121,121.5362306965698
machine,122,118.35728399656129
machine,123,120.88379267861413
machine,124,119.13874658930916
machine,125,117.5404316312894
machine,126,117.79418449127257
machine,127,118.33023067118592
machine,128,121.66298015736783
machine,129,121.01394541228134
machine,130,119.13838285186758
machine,131,114.4042883386237
machine,132,120.9371684208447
machine,133,120.74696274205246
machine,134,121.4949101452755
machine,135,120.90497073504768
machine,136,117.82753411315991
machine,137,123.11989094719729
machine,138,117.46381033667707
machine,139,124.68971610145343
machine,140,123.27821208919538
machine,141,117.783487605344
machine,142,117.0899781148579
machine,143,122.26739740900581
machine,144,119.52062455362564
machine,145,118.11481583426821
machine,146,120.63551140258537
machine,147,117.66497085339122
machine,148,123.12154917203873
machine,149,121.85127624201566
machine,150,121.18713487977305
machine,151,114.91723481924969
machine,152,116.99012977868215
machine,153,121.39532613418768
machine,154,121.58908865846598
machine,155,120.09741749693697
machine,156,118.27933579807566
machine,157,121.09825147254436
machine,158,115.3947918375591
machine,159,115.81462486286465
machine,160,124.40989925649188
machine,161,128.04570851439036
machine,162,121.68236048160408
machine,163,120.82510451831949
machine,164,119.72013014164789
machine,165,118.33661666678825
machine,166,121.07525208948104
machine,167,124.61932382901273
machine,168,123.2641451103746
machine,169,123.141380067356
machine,170,122.450789792424
machine,171,120.11748377964587
machine,172,120.19157933407365
machine,173,122.00762738756157
machine,174,120.63472978506536
machine,175,118.70045404050458
machine,176,116.91203144117821
machine,177,120.41473649450789
machine,178,122.3492180761854
machine,179,123.2026611924818
machine,180,120.92803372744059
machine,181,123.72719678127257
machine,182,117.90618942312072
machine,183,117.15424636488197
machine,184,119.78182854460766
machine,185,121.18250993701822
machine,186,120.95415268726373
machine,187,122.64230197757253
machine,188,119.1782961768981
machine,189,120.49934447794854
machine,190,120.79524805095087
machine,191,117.35002999144638
machine,192,119.09084418652125
machine,193,117.56113884061124
machine,194,120.71465611355782
machine,195,118.91064264301328
machine,196,118.20031456881837
machine,197,123.57099464750989
machine,198,120.29731414617146
machine,199,118.78991203187847
machine,200,121.14695570398138
machine,201,121.08218285645027
machine,202,121.56020208969824
machine,203,122.86780601241027
machine,204,123.73515865487603
machine,205,120.87195155745188
machine,206,119.91265866536784
machine,207,119.31637664796739
machine,208,120.63785878791602
machine,209,120.76766236836518
machine,210,118.85408918996593
machine,211,121.03891822612627
machine,212,117.41411517744211
machine,213,122.78232266704438
machine,214,122.92579862409643
machine,215,119.35514197296071
machine,216,116.68470695623749
machine,217,119.01792563084139
machine,218,120.21332707841819
machine,219,118.26755755807561
machine,220,119.7833404888149
machine,221,125.68727309411626
machine,222,120.66348261518738
machine,223,114.7971631920045
machine,224,122.73960305161762
machine,225,116.69752079568025
machine,226,122.09211440716452
machine,227,117.82888559321079
machine,228,122.43462058992027
machine,229,121.50575504473665
machine,230,121.52288130648475
machine,231,119.36056208765409
machine,232,118.50980921849137
machine,233,120.28983595720966
machine,234,117.86838885048022
machine,235,121.588218307294
machine,236,119.03308803159763
machine,237,121.34828327313396
machine,238,121.40144973730848
machine,239,120.46665641773771
machine,240,122.10368914019223
machine,241,118.44210205122165
machine,242,119.35234106169897
machine,243,123.68210692052288
machine,244,125.78852276401568
machine,245,122.11586434759283
machine,246,122.22180420528288
machine,247,120.3726360031427
machine,248,120.87501599749501
machine,249,118.10622210335464
machine,250,122.01312017250265
machine,251,123.56432346816544
machine,252,118.25687691575122
machine,253,122.63944208742667
machine,254,119.93688099026923
machine,255,119.79069869259877
machine,256,117.21858877067548
machine,257,114.46157306855909
machine,258,118.9714808300852
machine,259,122.0488322603478
machine,260,123.17253061939527
machine,261,119.26221511447359
machine,262,120.79961593895739
machine,263,118.35303212556603
machine,264,125.251397966408
machine,265,120.16129381417144
machine,266,122.62609538263465
machine,267,122.06229372709288
machine,268,118.63311107299832
machine,269,122.42882892324727
machine,270,120.7173332300472
machine,271,122.5582618567272
machine,272,118.10778649228905
machine,273,119.0838745023957
machine,274,121.7094973520211
machine,275,120.385888782376
machine,276,121.80305002085478
machine,277,121.32729405875982
machine,278,123.48829475386853
machine,279,121.2354625255465
machine,280,118.73386730320767
machine,281,119.40243497143715
machine,282,118.27123891617384
machine,283,120.68601874244614
machine,284,119.72731987630685
machine,285,120.04283393033926
machine,286,120.74903060322922
machine,287,121.26936323373496
machine,288,121.28886948055622
machine,289,119.15698882315718
machine,290,119.0258699735925
machine,291,121.61504744812228
machine,292,122.16299175478798
machine,293,124.27713763041734
machine,294,119.28126913678507
machine,295,120.99075767915761
machine,296,120.87841297939057
machine,297,118.57587856637603
machine,298,120.61024957211004
machine,299,119.80203378536147
machine,300,119.71635044093351
machine,301,118.95602770643394
machine,302,122.60098730033336
machine,303,121.59675102672674
machine,304,121.48867666360623
machine,305,117.7909291033696
machine,306,120.41199120500046
machine,307,123.16856138411009
machine,308,117.90763674308849
machine,309,124.33052698026583
machine,310,119.00164242485087
machine,311,121.30517757815744
machine,312,119.46262196579791
machine,313,118.68009051014836
machine,314,123.71636804925816
machine,315,121.93462531188881
machine,316,117.79763307985421
machine,317,122.07241015657056
machine,318,122.97384839605125
machine,319,119.9850073912464
machine,320,118.55629450743446
machine,321,116.43666189161537
machine,322,118.39605399778488
machine,323,121.43366099394899
machine,324,116.01932658083372
machine,325,118.43360239637019
machine,326,120.19516879289615
machine,327,123.0157889476678
machine,328,120.85949534683593
machine,329,120.22639122681859
machine,330,119.1034418477468
machine,331,121.28965552221447
machine,332,121.68033821959202
machine,333,118.63884823164221
machine,334,120.08415775907255
machine,335,121.4559083463646
machine,336,118.16885200382363
machine,337,121.33766338289615
machine,338,116.01335249363788
machine,339,116.58958803489053
machine,340,119.4752410667918
machine,341,117.15870994536857
machine,342,118.60925709689869
machine,343,126.48268266663419
machine,344,120.24679078380969
machine,345,124.72674805340169
machine,346,119.17362472435882
machine,347,126.08841704132112
machine,348,122.00436579441512
machine,349,119.42604438280459
machine,350,125.68075216166821
machine,351,120.15080752603376
machine,352,118.40283859740121
machine,353,127.17300876037334
machine,354,119.64789773347604
machine,355,123.78155649468454
machine,356,119.63480094062919
machine,357,121.09016907730114
machine,358,120.87260392867482
machine,359,118.6737272817387
machine,360,121.07714572205694
machine,361,118.01635698076407
machine,362,121.05220480601555
machine,363,121.26137327142558
machine,364,116.95314670807997
machine,365,124.42513695435431
machine,366,119.81312082503007
machine,367,124.24387249675324
machine,368,119.04603243022105
machine,369,115.58941337180484
machine,370,119.44286128425092
machine,371,120.3665800709876
machine,372,120.86453590705763
machine,373,126.8865227001354
machine,374,117.80006197721174
machine,375,120.12053248564456
machine,376,119.16375324168497
machine,377,122.8750401491187
machine,378,120.16404181740441
machine,379,120.98347989201983
machine,380,120.38327615138924
machine,381,119.50510037112643
machine,382,120.75837770621764
machine,383,120.10474982906231
machine,384,123.74849092500529
machine,385,121.1107285813816
machine,386,120.38708125897453
machine,387,119.68606392360981
machine,388,122.69566135850327
machine,389,119.55367060113088
machine,390,117.98151725703738
machine,391,119.77328639655602
machine,392,121.05273641263818
machine,393,126.50993013005089
machine,394,120.70418839346016
machine,395,124.69962821201437
machine,396,118.40790513230081
machine,397,120.25026233176823
machine,398,125.87955640429433
machine,399,117.19405879702427
machine,400,118.75178087549263
machine,401,122.40611178084626
machine,402,122.80408456915892
machine,403,115.6781194338238
machine,404,118.42942751518493
machine,405,120.05481860694664
machine,406,119.1629512196138
machine,407,121.8130306831158
machine,408,119.52984018379567
machine,409,122.09350841968234
machine,410,120.78575335215285
machine,411,121.90396291595198
machine,412,117.4672713634523
machine,413,119.68020423630745
machine,414,119.96346795580021
machine,415,117.67924980362099
machine,416,116.95552647438856
machine,417,120.45257260192383
machine,418,123.0786386357892
machine,419,121.22743217086409
machine,420,123.97501884047766
machine,421,121.60082347388801
machine,422,117.62681374379729
machine,423,119.27378553727017
machine,424,120.37557289161636
machine,425,117.44014975562533
machine,426,120.16543431891584
machine,427,119.66927129644259
machine,428,119.44025332401876
machine,429,116.80782690367164
machine,430,120.657290741279
machine,431,124.22968535866947
machine,432,118.58335242741092
machine,433,118.4076905228308
machine,434,119.15787790778019
machine,435,121.42828057460768
machine,436,121.7727892557718
machine,437,119.04112684763352
machine,438,123.06005339102548
machine,439,121.64632436388298
machine,440,120.81752955128493
machine,441,125.60490027097377
machine,442,119.1264091087272
machine,443,120.90598654526113
machine,444,120.05346235249135
machine,445,120.39417250676026
machine,446,118.57140093781511
machine,447,121.86518846822649
machine,448,121.67147533390586
machine,449,117.1899764425356
machine,450,120.95361830161231
machine,451,122.65485969782407
machine,452,124.11952538424661
machine,453,118.96824698733153
machine,454,123.9401048959299
machine,455,117.07321415137888
machine,456,121.88618983551703
machine,457,119.91881461499759
machine,458,118.09473634854608
machine,459,122.2963196123525
machine,460,122.42682978208508
machine,461,121.20532026934019
machine,462,119.24096594487446
machine,463,121.7366902440506
machine,464,121.24839029212208
machine,465,119.5842812285681
machine,466,124.33295897941936
machine,467,123.8847319826117
machine,468,119.92084081149719
machine,469,120.70904999408008
machine,470,119.87885132184263
machine,471,120.84229311801924
machine,472,115.74676481073658
machine,473,120.7348402135777
machine,474,120.35780000226575
machine,475,117.82774983818267
machine,476,118.8946674368427
machine,477,120.68053662743526
machine,478,120.9149990050718
machine,479,118.8778000629394
machine,480,122.73920948229436
machine,481,124.78678759166921
machine,482,120.28997470902844
machine,483,118.63500060773696
machine,484,126.0067095926388
machine,485,121.1778966655215
machine,486,117.65450848338801
machine,487,123.42393961273044
machine,488,121.11799020804621
machine,489,115.53281338460593
machine,490,119.42866588271113
machine,491,118.24037529178474
machine,492,119.02474234626045
machine,493,123.1462058142449
machine,494,125.84269781157992
machine,495,120.64776074979906
machine,496,125.22068974173486
machine,497,118.37697823049528
machine,498,122.74395072933719
machine,499,121.06860674334938
light,0,117.38825195305363
light,1,118.18590826921516
light,2,118.88285607440392
light,3,119.28418419545817
light,4,118.23303756108736
light,5,116.44186724494577
light,6,115.27912448738391
light,7,116.42089912079443
light,8,113.99026944801112
light,9,115.80475391242737
light,10,118.20182000581627
light,11,119.58925550462129
light,12,116.14531872558689
light,13,121.33123003708096
light,14,117.2882928655538
light,15,119.89732715671511
light,16,118.09948320347199
light,17,116.04038485310546
light,18,118.79246033140329
light,19,115.10642097573619
light,20,120.6545933758766
light,21,115.78932719614401
light,22,118.74727583524805
light,23,119.76994554290545
light,24,124.07734065860916
light,25,119.05004901669041
light,26,123.7736254297962
light,27,118.56634730403806
light,28,117.60972405357866
light,29,118.70436377352063
light,30,118.59396662847826
light,31,118.0203630719865
light,32,123.22460864456883
light,33,112.9720192350413
light,34,116.69892670021657
light,35,116.51248670939947
light,36,120.11791313599409
light,37,122.64800666980291
light,38,117.05076668283492
light,39,113.13204530810575
light,40,119.50963347513365
light,41,123.33087999681942
light,42,121.2553375847698
light,43,117.09125227358525
light,44,117.70502195549352
light,45,119.09143078439877
light,46,116.89407754916678
light,47,119.23568952872947
light,48,118.77506128769978
light,49,114.47762775929111
light,50,116.98028622532047
light,51,118.26221637285663
light,52,117.55908290096345
light,53,118.44659674213295
light,54,119.74332720508538
light,55,116.42314935524323
light,56,118.10070789683114
light,57,121.13995479997864
light,58,118.29182489410654
light,59,115.2813637845531
light,60,116.92021866012774
light,61,120.69305329375524
light,62,122.67055111610314
light,63,119.1373182340046
light,64,120.79894961043378
light,65,116.59504292352972
light,66,118.867325208903
light,67,118.37908104476413
light,68,116.12479159196786
light,69,116.548479417357
light,70,117.5216491194968
light,71,118.50753478420057
light,72,112.89458691000245
light,73,118.43986015108652
light,74,116.83556480768769
light,75,118.44425384602992
light,76,117.32250253560454
light,77,118.70866790155219
light,78,128.92337044200448
light,79,117.40329425433383
light,80,119.55333213758317
light,81,121.35082641003694
light,82,120.50891818160298
light,83,117.85954338592775
light,84,116.26646099317477
light,85,118.30286734246364
light,86,117.92765766290762
light,87,112.8773205094809
light,88,119.54053719494695
light,89,116.6854761366684
light,90,118.87927012448785
light,91,121.8926913338984
light,92,119.2638409568515
light,93,115.33451902967985
light,94,115.882685063379
light,95,119.82910983995374
light,96,122.42448083757982
light,97,115.82396189522295
light,98,118.97393632422322
light,99,119.55504750045371
light,100,117.44192174973765
light,101,122.79211925102776
light,102,113.27575258264847
light,103,119.21253365946399
light,104,116.67169056775475
light,105,121.35761893125563
light,106,120.54806060946788
light,107,118.74420728982535
light,108,115.29538598203091
light,109,120.53190405883976
light,110,115.54303348600958
light,111,115.40779501582806
light,112,121.5613374388461
light,113,120.50911422641872
light,114,118.08078356714253
light,115,114.66785468630259
light,116,114.57138452113315
light,117,118.7696201236564
light,118,115.02896345176707
light,119,119.02444065358264
light,120,121.51421875308432
light,121,115.9281601704978
light,122,119.01904739942961
light,123,118.75388567122407
light,124,117.15387529037093
light,125,117.9862573939735
light,126,121.62033265206271
light,127,117.93479461012686
light,128,116.60111354903364
light,129,117.54379752258754
light,130,114.83076954113736
light,131,115.29583275801052
light,132,117.74079188224403
light,133,115.88809653399727
light,134,114.74240627573826
light,135,115.51327230489451
light,136,118.43593629488419
light,137,116.74406174925136
light,138,117.15228341129259
light,139,118.56813417358951
light,140,113.86542848773584
light,141,119.80260989766536
light,142,120.6638590160204
light,143,118.71067352573348
light,144,117.06818314148447
light,145,117.00805056650303
light,146,116.02446265150851
light,147,114.43468930354368
light,148,118.92735637459563
light,149,116.12143367483945
light,150,116.64044917563355
light,151,117.09872325123764
light,152,122.939331557571
light,153,113.91466021913446
light,154,110.41663279788918
light,155,114.05104345013311
light,156,120.59040991460121
light,157,119.02423237870863
light,158,119.92235834684261
light,159,120.32058549014057
light,160,117.59174294346431
light,161,120.72281255577128
light,162,120.0805109356074
light,163,119.85824320686784
light,164,117.317795477375
light,165,117.65998826304016
light,166,116.80676579476965
light,167,117.34083676031166
light,168,118.72453946885808
light,169,119.11580597152332
light,170,119.6448987681045
light,171,117.17628407079413
light,172,118.62217591880129
light,173,119.31150506472459
light,174,116.69221192468864
light,175,117.013160769436
light,176,118.21167310294773
light,177,120.04368741278633
light,178,117.6502335866964
light,179,117.10778454705451
light,180,113.45324633507296
light,181,117.32345240910914
light,182,116.50765887383166
light,183,120.14590235083469
light,184,116.33147243525437
light,185,112.77240602482073
light,186,119.9441652765606
light,187,119.27973794159641
light,188,120.82831141871515
light,189,115.42470801071035
light,190,116.71569597689266
light,191,115.61189613659953
light,192,130.55641543889976
light,193,117.31939436577379
light,194,114.70355996327395
light,195,117.14742596366403
light,196,114.04524477386046
light,197,119.63850349852272
light,198,120.41953377680028
light,199,121.27223362186581
light,200,119.03443584287238
light,201,114.8765151266568
light,202,116.24000588236245
light,203,117.49658827474047
light,204,119.81563736837886
light,205,117.26267707177539
light,206,119.46045967635446
light,207,119.14869290057142
light,208,118.1962854512575
light,209,116.20485061680763
light,210,119.13270041251882
light,211,115.68669553505657
light,212,122.83065529593966
light,213,115.08295428412953
light,214,121.38810872343274
light,215,122.91835086968652
light,216,115.95469757889545
light,217,119.4892247016379
light,218,118.2783742798025
light,219,118.61938290487524
light,220,117.70636346771639
light,221,115.22779977874222
light,222,119.9236803706328
light,223,120.1540887399013
light,224,113.7974821500276
light,225,118.8327373073663
light,226,123.30894819369142
light,227,118.03037629960211
light,228,110.8414093218638
light,229,116.86215480630098
light,230,118.97360672181425
light,231,118.0399215298326
light,232,115.79024747400311
light,233,116.68798538748804
light,234,115.41610448440582
light,235,119.4291768640063
light,236,118.93811667916643
light,237,119.3523091885994
light,238,119.07932312324354
light,239,120.63957032979194
light,240,120.32400299189932
light,241,114.89551004402638
light,242,115.22154881905628
light,243,117.6319770778576
light,244,118.63175599589862
light,245,120.21798921911547
light,246,120.3125879747116
light,247,117.21463907453962
light,248,118.16220164611676
light,249,121.32922156806471
light,250,117.37900681099873
light,251,117.36336483678183
light,252,116.38341910111467
light,253,114.19976851005916
light,254,115.08289000127421
light,255,121.12668523983601
light,256,118.71688037146836
light,257,118.20735027614369
light,258,114.41997570686159
light,259,119.02607432114574
light,260,121.61733158652098
light,261,118.1483217842418
light,262,116.15519041471384
light,263,119.10009975421443
light,264,117.56292557354993
light,265,120.06755659912953
light,266,115.78827751646423
light,267,117.99185918086314
light,268,116.23044974258802
light,269,117.26539580328068
light,270,120.41815211235183
light,271,117.65479238652374
light,272,117.06897480436716
light,273,117.3174279698653
light,274,119.46520986229245
light,275,117.19728332911194
light,276,117.5600605483606
light,277,114.37529849222474
light,278,117.08548807014954
light,279,117.28537325166374
light,280,116.525880238043
light,281,120.47120136192358
light,282,121.73504285851237
light,283,125.10643843137927
light,284,121.64778490327282
light,285,120.49614990412267
light,286,114.75478442955567
light,287,117.55407278236025
light,288,118.48485516287262
light,289,118.55773190563241
light,290,120.68357269432421
light,291,117.93977139666015
light,292,118.22056051256136
light,293,116.46706137098465
light,294,118.6038291433002
light,295,118.18110725721762
light,296,119.57246081487294
light,297,116.51614997974491
light,298,118.86509035252995
light,299,115.17120474915433
light,300,120.48505757594268
light,301,122.63017394202156
light,302,115.98950232844858
light,303,118.32332716945916
light,304,122.80790159686086
light,305,118.21307893047633
light,306,119.72198951351925
light,307,113.6987128019985
light,308,114.73169038650866
light,309,119.54439351335135
light,310,118.80517398992797
light,311,116.59632540256766
light,312,117.0189054447092
light,313,117.49457661843337
light,314,122.02609382271
light,315,117.36716144226915
light,316,121.222011118571
light,317,117.18523932925694
light,318,118.39670555151191
light,319,119.65496437990808
light,320,120.45302743671915
light,321,116.81415157033146
light,322,117.73520991108603
light,323,119.41429687822034
light,324,120.03910258713
light,325,116.90792939294087
light,326,113.57542820624731
light,327,117.4271439529551
light,328,118.77657364649548
light,329,119.71549490622763
light,330,118.25751395293318
light,331,118.72311357170211
light,332,122.49905221840382
light,333,119.46850085858247
light,334,116.39743299504272
light,335,120.25050526752995
light,336,118.62573387759407
light,337,121.11982614313945
light,338,120.15199314631491
light,339,116.33825414310037
light,340,116.78251155420345
light,341,116.95504783092008
light,342,121.27796134326097
light,343,118.97743902936352
light,344,115.96874875595378
light,345,118.43910896660597
light,346,117.88666384690976
light,347,124.35847251517028
light,348,114.80504736134533
light,349,117.22639156250898
light,350,116.8309862606353
light,351,117.93945687701428
light,352,119.30522944010973
light,353,120.78107469578505
light,354,118.95284023080102
light,355,114.88652885513598
light,356,118.28430317290295
light,357,118.00296608004214
light,358,128.2000216999712
light,359,117.56876346083926
light,360,119.15967064744049
light,361,121.54722096416681
light,362,116.07332770943756
light,363,117.75376480013368
light,364,119.61510720420611
light,365,118.90741688536637
light,366,121.21544901570158
light,367,117.24423397021262
light,368,119.76304227449323
light,369,117.12077585785086
light,370,118.93863586160909
light,371,119.18283839762825
light,372,115.6064476584955
light,373,116.58623773759118
light,374,119.7321195521319
light,375,120.30139667821092
light,376,117.58338143096768
light,377,115.56390566938326
light,378,117.0648859693392
light,379,120.66258353031604
light,380,117.26981689921242
light,381,115.59726143694309
light,382,124.0720806604557
light,383,117.59503293389497
light,384,116.16163692940815
light,385,124.08395493893003
light,386,117.37854431137468
light,387,116.3927201967159
light,388,115.59335246921205
light,389,115.25984666080065
light,390,118.53870716043926
light,391,119.78866816556548
light,392,116.81030140530908
light,393,120.51678427984345
light,394,117.25607502293127
light,395,117.76646468206428
light,396,123.79666475293696
light,397,117.94342535301054
light,398,120.14801378565363
light,399,119.33210477433498
light,400,120.19901857695918
light,401,119.7673068964356
light,402,114.32928216535106
light,403,119.09495683627402
light,404,120.3814120762473
light,405,117.08666565395045
light,406,119.12213527238589
light,407,116.49997515610322
light,408,119.21915681496178
light,409,121.74300523161747
light,410,121.08478252492303
light,411,118.7484555567654
light,412,118.65416268546387
light,413,119.85743756690465
light,414,117.75459796859084
light,415,122.17905537452253
light,416,116.38666809270345
light,417,119.29840639150144
light,418,122.5963429791662
light,419,120.07053063133885
light,420,120.33415103934577
light,421,122.74987483439543
light,422,119.19592376743088
light,423,117.30411400567336
light,424,116.8205242483142
light,425,119.31296065172997
light,426,113.01215188772011
light,427,117.35430900943776
light,428,119.68565256477206
light,429,115.17280306756253
light,430,118.32754192378007
light,431,121.95305371299187
light,432,113.63948007076017
light,433,113.57391306953014
light,434,119.22836568378732
light,435,118.19116410053677
light,436,121.05610145194888
light,437,116.4296790172371
light,438,117.88607579497747
light,439,116.66066110420516
light,440,116.24351993001024
light,441,118.51429325540803
light,442,114.42540278850583
light,443,119.2881667111165
light,444,120.57800433866188
light,445,117.22681053372183
light,446,111.68205001499165
light,447,118.91136553108853
light,448,116.72376239442994
light,449,117.21344167764885
light,450,117.13880226599716
light,451,114.85170383047378
light,452,118.89939050525089
light,453,116.65476896168967
light,454,118.561223581201
light,455,116.97208082146193
light,456,117.5034549408128
light,457,114.96450939623809
light,458,114.41831889557147
light,459,116.69078940838011
light,460,117.83930510695788
light,461,116.35187186456919
light,462,119.29259021835567
light,463,119.33814236358546
light,464,116.82955840331084
light,465,117.50895517678175
light,466,117.40569251678828
light,467,121.48862962495564
light,468,116.65448568662823
light,469,118.36090838242662
light,470,117.6031891404689
light,471,117.17979324093679
light,472,120.45376252990268
light,473,116.89610043079124
light,474,122.65744510816444
light,475,120.92216547930903
light,476,117.20196281825051
light,477,114.72023340581869
light,478,120.6227837023398
light,479,114.96339942725442
light,480,122.05620125088146
light,481,116.85274668126193
light,482,118.63361815045681
light,483,121.31996453097496
light,484,118.06086246821326
light,485,116.19788141765686
light,486,119.57413102226681
light,487,114.8439323900849
light,488,118.31685338757008
light,489,115.18010520154876
light,490,112.26412851402823
light,491,111.69218313627272
light,492,114.81027203810321
light,493,117.12726504168536
light,494,121.00204466088572
light,495,116.9853515327592
light,496,119.05988279378552
light,497,114.650146127316
light,498,115.34383278349793
light,499,116.36226407855494
art,0,123.19040997679814
art,1,120.40937061427283
art,2,122.3769578513066
art,3,115.05523937934252
art,4,117.366470862324
art,5,118.41990397227504
art,6,122.41328340933823
art,7,120.06438390093285
art,8,122.8068914380047
art,9,120.96415636152085
art,10,121.08787256865199
art,11,119.46596823519057
art,12,119.70927322647135
art,13,120.78251913782768
art,14,119.76067287146664
art,15,120.35593295009586
art,16,120.371752401913
art,17,122.23465993474834
art,18,123.57847537612301
art,19,119.82265237129491
art,20,124.85200449141965
art,21,120.57614648713621
art,22,120.91926187321724
art,23,118.27417656424095
art,24,117.76202936201743
art,25,118.71656152113377
art,26,120.18288885362924
art,27,118.2799072248666
art,28,123.11856870742571
art,29,120.4920277936965
art,30,130.80252111728302
art,31,120.4784066254716
art,32,122.51279547311304
art,33,126.50413462638654
art,34,120.87332906116896
art,35,121.24958344435196
art,36,119.76954434530822
art,37,119.74366795639165
art,38,123.6616543240386
art,39,118.84300796113982
art,40,119.19049612532595
art,41,119.0130273168553
art,42,115.16884045137843
art,43,124.68484092853207
art,44,123.34540465181918
art,45,120.94052501915388
art,46,120.84344966305338
art,47,119.5192648945945
art,48,118.00430310981629
art,49,119.99755473736187
art,50,116.36137499343673
art,51,118.57774233439523
art,52,117.01808291317882
art,53,116.86041713806803
art,54,120.35153713340424
art,55,120.5846193509364
art,56,119.36256017932097
art,57,121.5108788298364
art,58,120.54696486170869
art,59,121.44678675403652
art,60,123.79507365391838
art,61,117.66549149709643
art,62,121.26068852555008
art,63,120.93672318286647
art,64,119.14533179682503
art,65,122.65751721728077
art,66,125.04951303613197
art,67,119.22576955399211
art,68,113.82072999208378
art,69,117.53974538580903
art,70,120.69327105051877
art,71,120.72144760851819
art,72,119.73915507438817
art,73,125.45156980941297
art,74,120.2122895133279
art,75,121.90488653262494
art,76,119.40137682602195
art,77,125.95916318396017
art,78,116.78566808742139
art,79,125.42488145568267
art,80,118.66495748130588
art,81,120.1010837094092
art,82,117.48019510753598
art,83,120.7525760191164
art,84,121.98188665022667
art,85,121.28329253634679
art,86,119.49452461058144
art,87,120.22722544534523
art,88,118.07509392883972
art,89,121.3036233491987
art,90,116.71030182004036
art,91,120.34606121635736
art,92,125.38175901337819
art,93,120.51073787093942
art,94,124.24593505349002
art,95,122.83143392801416
art,96,122.08723780086166
art,97,120.76406518197287
art,98,118.67658719238337
art,99,119.30993386492037
art,100,118.3114063186678
art,101,116.2665277493051
art,102,115.98649313801086
art,103,117.45836591042205
art,104,117.84141572344038
art,105,122.25281276621267
art,106,118.27800104853215
art,107,121.37197528332295
art,108,120.8678815294622
art,109,117.97088740565935
art,110,122.70366183028132
art,111,119.84920356816902
art,112,117.3796975289292
art,113,118.61421878853153
art,114,123.51019491516584
art,115,126.46990463174077
art,116,117.32597123281052
art,117,116.87566387946642
art,118,119.8051971686573
art,119,121.16105465956647
art,120,124.39453200407213
art,121,117.7915517633521
art,122,119.3606886851858
art,123,119.46142965700119
art,124,121.05964899181885
art,125,119.86658955194393
art,126,121.81929894757464
art,127,116.22113878233691
art,128,120.05542913311993
art,129,119.07043281053824
art,130,117.62771318009213
art,131,122.80074604061224
art,132,122.08476886466768
art,133,120.06976174983312
art,134,116.05200535508877
art,135,118.54232666566598
art,136,118.7514531639686
art,137,123.16702072843017
art,138,120.3735688306077
art,139,117.45839119845176
art,140,120.97487438368455
art,141,119.15017565292803
art,142,119.08342287765379
art,143,119.29634694327153
art,144,114.76575035056149
art,145,120.12549521901725
art,146,120.4355971721786
art,147,122.10836811056525
art,148,126.61939134842251
art,149,122.26956015677897
art,150,118.79868937301623
art,151,119.1854293450574
art,152,118.93067408211625
art,153,116.71895684732607
art,154,122.8799373222649
art,155,124.51178568513758
art,156,118.72296423013238
art,157,122.17173491292266
art,158,118.31690265227499
art,159,123.05913964923809
art,160,115.0753941369741
art,161,119.99240843526245
art,162,122.54005423795653
art,163,117.7963957351684
art,164,119.04795080265913
art,165,119.39994463248532
art,166,119.45468803804718
art,167,118.73868835064718
art,168,116.41286859966338
art,169,122.93902033767392
art,170,123.76143436029359
art,171,115.43424593234086
art,172,120.76556279665863
art,173,123.54463086827407
art,174,118.10870826221343
art,175,119.25360141973383
art,176,124.98875656505228
art,177,122.3519719388204
art,178,119.51128511511781
art,179,119.22311502631351
art,180,117.87915384077152
art,181,117.8974204486948
art,182,120.22717949362251
art,183,124.64481623442975
art,184,117.87784170207316
art,185,119.51893033074954
art,186,117.94624780496208
art,187,122.60670283932195
art,188,119.71078197538169
art,189,121.77015719365869
art,190,121.91641304189058
art,191,117.98651354146557
art,192,118.60893414687872
art,193,122.30466637773605
art,194,119.98044965824381
art,195,121.10456718535956
art,196,119.30756523439341
art,197,119.94183604334039
art,198,117.90310828545896
art,199,122.8573576926179
art,200,123.40479634215203
art,201,119.76546032155741
art,202,121.4812593128644
art,203,123.83665100309007
art,204,120.96211898332108
art,205,119.47420710057808
art,206,120.62045647807096
art,207,120.48088596205726
art,208,115.80515102228965
art,209,121.75557663381507
art,210,119.83194572742828
art,211,119.4970161024566
art,212,115.22042707988018
art,213,119.49008080672297
art,214,124.95910930648955
art,215,116.9717191744573
art,216,123.56118738095758
art,217,122.25130035213947
art,218,121.13685516815438
art,219,121.18230516893512
art,220,123.10945239299028
art,221,118.70909634535114
art,222,119.60103652410541
art,223,118.17434071142574
art,224,121.72442220672235
art,225,123.29112310118518
art,226,120.9547621666071
art,227,122.31570734606359
art,228,120.05950896257498
art,229,119.17697036815247
art,230,120.04505827877732
art,231,122.16637702531405
art,232,119.33760933932685
art,233,117.81025743650221
art,234,118.3281371369777
art,235,117.58946027309743
art,236,123.48976872902372
art,237,119.1871129973323
art,238,124.22133680364931
art,239,121.70488621313953
art,240,117.49651363820928
art,241,119.02432542829024
art,242,118.01767662192255
art,243,116.64565382584229
art,244,121.64844768763226
art,245,118.2184097495895
art,246,115.15997835702171
art,247,118.93970073655767
art,248,121.44553095347615
art,249,121.63980670760223
art,250,119.76238540435608
art,251,119.97077142997301
art,252,120.96553736655646
art,253,122.84152504158654
art,254,118.36978596944925
art,255,121.58067880424947
art,256,118.71798765973824
art,257,125.11118943347566
art,258,120.03866087204196
art,259,122.83003040445861
art,260,119.4232451170206
art,261,119.1987118355483
art,262,120.2934770588892
art,263,122.69069433956442
art,264,123.11146942443136
art,265,118.1718437292871
art,266,119.64667039066235
art,267,119.67859049103804
art,268,119.94168648912911
art,269,123.5014052661348
art,270,122.3114972712516
art,271,119.5015478059009
art,272,118.377835304714
art,273,120.9075040596883
art,274,118.91238992878823
art,275,122.86491664493535
art,276,122.71098732447466
art,277,120.59755607567733
art,278,117.57132466553209
art,279,123.16563698660275
art,280,121.83848223125153
art,281,127.66273862448863
art,282,121.00165648231787
art,283,121.04029838272616
art,284,118.25611990893815
art,285,123.60017022115055
art,286,121.34275697158145
art,287,118.87154971607785
art,288,118.57065092136192
art,289,119.82995704751336
art,290,120.42215429331087
art,291,119.49074478924828
art,292,114.26026702838708
art,293,115.92422613769078
art,294,119.94346043234422
art,295,123.43702404257199
art,296,117.74977237377908
art,297,121.98699683423453
art,298,119.00791631358065
art,299,120.89478376874612
art,300,117.89999775869498
art,301,120.56193002611289
art,302,119.1458146387314
art,303,117.38907481998544
art,304,119.47576723591055
art,305,118.09631031037695
art,306,124.26423552950716
art,307,121.63738688923222
art,308,117.9282392881627
art,309,123.04155960964142
art,310,119.92453985635638
art,311,119.27399797989555
art,312,120.02360670063041
art,313,123.533457453094
art,314,120.23665206962941
art,315,115.41379045682893
art,316,123.43588910308519
art,317,124.68356403265999
art,318,120.42705786471493
art,319,122.10951285327405
art,320,122.11445807044008
art,321,116.85399138511119
art,322,122.60921607488338
art,323,122.19547185123287
art,324,121.20504585247642
art,325,120.19081512730322
art,326,120.78854297850263
art,327,122.53844121938403
art,328,118.91884503026995
art,329,118.99757958796893
art,330,122.38933097712635
art,331,118.27538904221389
art,332,121.81983757088766
art,333,119.0857268900776
art,334,121.42813660620324
art,335,118.36782234334271
art,336,117.63101859454078
art,337,121.53409700606603
art,338,120.21989436178093
art,339,118.30383523775707
art,340,113.6169054640007
art,341,120.3124151004918
art,342,115.86491689332246
art,343,116.31322930873111
art,344,119.1151098230931
art,345,117.72959930828102
art,346,122.44868238341999
art,347,122.48650644661
art,348,123.36942942737711
art,349,119.64645606199986
art,350,118.37708861188251
art,351,120.42345276413526
art,352,122.41068562789368
art,353,123.49200164792029
art,354,119.37783477577804
art,355,123.18477715104177
art,356,121.41722676228876
art,357,120.57499928007311
art,358,122.14619744518642
art,359,118.96295054584805
art,360,121.56480567914198
art,361,116.86864977027088
art,362,120.3381035892441
art,363,119.9796871145568
art,364,120.5461617119391
art,365,122.81901818196397
art,366,122.21835562067037
art,367,119.37006165649132
art,368,123.45190811093254
art,369,118.84030694492928
art,370,123.14591830284378
art,371,121.33178345426077
art,372,118.0181919169703
art,373,121.82400783614658
art,374,122.25938951626047
art,375,117.92969046927797
art,376,121.20996689001066
art,377,118.85134234437893
art,378,121.469589981557
art,379,120.02295702623107
art,380,121.29719321636938
art,381,123.60426380297986
art,382,122.61966216885305
art,383,113.3719886008018
art,384,118.98289341184487
art,385,124.20593198239389
art,386,122.75814499335414
art,387,117.18210259327779
art,388,116.56057784203757
art,389,117.24646058899073
art,390,117.83845258976729
art,391,122.10109094117139
art,392,124.26133879098329
art,393,121.49262140014154
art,394,121.1240232108205
art,395,118.38391510069066
art,396,119.92305926074265
art,397,119.67956205874421
art,398,117.8363445491763
art,399,115.94478504878445
art,400,122.56224706597483
art,401,122.92405686444532
art,402,120.25894182069446
art,403,120.67422480149249
art,404,118.8536940296381
art,405,113.79035164111697
art,406,120.26084581249445
art,407,121.56910205501904
art,408,123.75531733216347
art,409,120.29553198617269
art,410,122.60664798383428
art,411,122.42103204894232
art,412,119.45505704213926
art,413,123.01818898918582
art,414,123.70298871550263
art,415,117.49840943490253
art,416,118.26884948988854
art,417,120.55878223793076
art,418,120.30094669638909
art,419,117.41743824310109
art,420,122.8868033408452
art,421,118.3934260563966
art,422,118.62393938563281
art,423,119.84539582657823
art,424,117.82680342569046
art,425,118.01579923275874
art,426,127.04976102300243
art,427,116.50320700662587
art,428,119.17616723517372
art,429,119.7980513143462
art,430,118.28599295401712
art,431,115.84603465301207
art,432,122.38561314282816
art,433,120.75182461287856
art,434,116.29580959532382
art,435,118.97531478725676
art,436,116.50183669328418
art,437,117.93155328585449
art,438,117.74298548574205
art,439,121.66178163002239
art,440,120.94706599655929
art,441,122.83535761078109
art,442,121.71281268217038
art,443,124.52445554734621
art,444,119.24014383580503
art,445,116.91108669256205
art,446,120.02504740497709
art,447,122.58131656569698
art,448,124.60882256970216
art,449,125.9600564863929
art,450,121.6809067111086
art,451,121.72819120763975
art,452,117.96261811409592
art,453,124.53167571870239
art,454,117.57465783710015
art,455,121.42225561236673
art,456,117.04326787819525
art,457,119.36686387377597
art,458,118.97883584429619
art,459,119.96748685603873
art,460,122.60289563393667
art,461,125.02711404658311
art,462,119.97199622435437
art,463,120.18022611167858
art,464,116.31861287413155
art,465,113.3489394522899
art,466,117.83919230673251
art,467,122.82026599328933
art,468,119.92967916091051
art,469,123.21750893157792
art,470,120.90949896554153
art,471,120.60497554657734
art,472,121.18064675513298
art,473,122.48254690654588
art,474,115.5790163912211
art,475,119.19446658798994
art,476,120.86021063976425
art,477,120.7336999348404
art,478,119.00799188900251
art,479,122.17635949224976
art,480,125.12639120572082
art,481,118.5241919891191
art,482,120.5278180930756
art,483,116.23461036236868
art,484,117.41060441745795
art,485,117.15899066399533
art,486,120.70359351418067
art,487,122.43773948246061
art,488,116.75291811887678
art,489,118.37085495799901
art,490,121.17734068004378
art,491,122.96757822314032
art,492,115.5790045749539
art,493,128.44678650013137
art,494,118.53490760091954
art,495,117.17082145748073
art,496,116.15184817568934
art,497,122.86417404188157
art,498,120.11813379736707
art,499,118.37931776291558
music,0,116.0615262431385
music,1,116.09752483861556
music,2,115.51352343897459
music,3,117.1468248938393
music,4,119.0502897865253
music,5,118.59700653738696
music,6,120.32521176815855
music,7,121.26886879287144
music,8,119.03636858261505
music,9,119.43775483210722
music,10,116.40779219806628
music,11,117.86064852244166
music,12,120.49225722716719
music,13,118.47969183310137
music,14,115.92852294087781
music,15,121.45025936236881
music,16,115.87992227612955
music,17,116.22506361077103
music,18,119.7073515579015
music,19,117.6246069453228
music,20,116.13180980864388
music,21,119.04059646579994
music,22,115.95033889514164
music,23,119.89365383394414
music,24,119.19632040743654
music,25,118.57806797025312
music,26,119.37765326267198
music,27,119.25248782014222
music,28,123.45044586689666
music,29,116.67462957593871
music,30,120.20069548745569
music,31,123.63747422895024
music,32,120.30219852351891
music,33,117.01986129725258
music,34,116.80623980718019
music,35,120.34250397431911
music,36,117.38579529635982
music,37,116.85710155679512
music,38,120.90613858977643
music,39,115.40653055335636
music,40,119.61518191575824
music,41,114.41588745515287
music,42,116.67214494277789
music,43,120.69406700725038
music,44,117.47828615909015
music,45,114.56258877019432
music,46,113.9900231796583
music,47,117.46820596128144
music,48,118.08427784866258
music,49,115.44742676788609
music,50,115.16990881209495
music,51,119.37338325154339
music,52,117.87996677492629
music,53,115.25841754162589
music,54,115.1453706312507
music,55,121.2537141226193
music,56,116.30350100759557
music,57,119.40212108798531
music,58,117.09300946833712
music,59,119.88105877641975
music,60,121.62112029391167
music,61,117.53575485963236
music,62,116.61035369139306
music,63,114.17758559520475
music,64,112.91769669583493
music,65,113.5526275247021
music,66,115.02898534749484
music,67,120.25259984835519
music,68,119.989094146417
music,69,118.93525633083415
music,70,117.1849580880553
music,71,118.31761167187254
music,72,119.74660098636483
music,73,118.83495585137965
music,74,124.46666347421866
music,75,120.13443442278968
music,76,113.22022181314802
music,77,121.38245318521166
music,78,120.23989595685352
music,79,116.2225212452825
music,80,117.28313163743603
music,81,119.42152232014342
music,82,117.18735953756456
music,83,116.52296502982513
music,84,115.85257598958749
music,85,115.07286869659568
music,86,118.70745453690662
music,87,118.06820835774465
music,88,115.61025064749828
music,89,115.47041701728745
music,90,118.09508058978761
music,91,115.88019525264433
music,92,123.82201241866272
music,93,117.18169978391022
music,94,119.90117179535982
music,95,116.4508115137495
music,96,117.24251555330821
music,97,118.09192062772627
music,98,118.68747784472238
music,99,116.92293917082348
music,100,118.26156507066763
music,101,116.44823010157023
music,102,121.90795097330623
music,103,118.67342076537733
music,104,115.73245352262869
music,105,115.7457919653319
music,106,117.10563389957436
music,107,114.92208090755072
music,108,123.71194718135445
music,109,119.18173883544951
music,110,118.00240461547233
music,111,118.78118667650608
music,112,117.2934144722854
music,113,119.32498940494214
music,114,113.87788964804332
music,115,117.31129411612147
music,116,115.38227309421896
music,117,115.4343591963524
music,118,121.18546597405846
music,119,120.54066129026018
music,120,115.87346925073345
music,121,118.12043824568168
music,122,116.4435500430017
music,123,116.80497858439338
music,124,118.9663771104885
music,125,114.87717142688763
music,126,115.40916695388776
music,127,120.62207167077568
music,128,113.18197254401423
music,129,117.99186225530718
music,130,116.82371074016733
music,131,115.95454309328434
music,132,119.67262497059212
music,133,122.57561145887152
music,134,112.79097378494818
music,135,119.2016865269318
music,136,117.01497158603875
music,137,115.99359937617939
music,138,115.5279931573286
music,139,119.31882598563719
music,140,121.03721044271845
music,141,114.47750298548276
music,142,123.72791185506269
music,143,117.0521621929249
music,144,116.54902855390094
music,145,120.92803437670763
music,146,117.69397239088907
music,147,118.56651910408405
music,148,115.08582310600505
music,149,119.7014103386508
music,150,117.71773570560981
music,151,115.97233840071736
music,152,117.5701827463963
music,153,117.57046181345525
music,154,117.4663875447511
music,155,117.82130063153544
music,156,116.74300066893525
music,157,112.93280995221396
music,158,120.90905026506871
music,159,115.87738506160844
music,160,116.81488165415286
music,161,116.8231430503796
music,162,117.5408755462986
music,163,117.07093909132233
music,164,117.85921811363198
music,165,113.39940829407456
music,166,116.6699887936893
music,167,118.85300090300703
music,168,114.25948456118313
music,169,118.23052125230345
music,170,115.80594828403214
music,171,119.07815851726187
music,172,117.79732512000245
music,173,118.9590113013553
music,174,121.0230444987681
music,175,115.97721469352844
music,176,118.25075546696947
music,177,116.39725206531513
music,178,122.173023937443
music,179,118.49605829586997
music,180,116.08407442688869
music,181,121.2671652091194
music,182,118.28763482869337
music,183,118.9261300554869
music,184,120.83913147355196
music,185,117.32111244171553
music,186,116.01072017067078
music,187,118.24147304097647
music,188,113.96231128932864
music,189,122.21647526685385
music,190,116.16411079638182
music,191,115.9032635824308
music,192,124.26752269611099
music,193,118.8345659913298
music,194,116.72130070444256
music,195,124.94169015707539
music,196,120.58920462340379
music,197,118.65489355452314
music,198,122.66398485757357
music,199,117.73442760413087
music,200,119.2980269847759
music,201,117.72914501262942
music,202,113.60920875431837
music,203,119.00353671756963
music,204,115.81733024330892
music,205,118.58330448228452
music,206,119.52871838776579
music,207,118.87648691892896
music,208,115.36204461749391
music,209,119.3860943177096
music,210,115.6088292709455
music,211,119.98175055190087
music,212,113.28077499464064
music,213,116.09940611951954
music,214,116.24850526022084
music,215,117.61984676274966
music,216,114.95662741229063
music,217,115.13128222934976
music,218,117.07369066562437
music,219,114.18793774730456
music,220,119.03926366572325
music,221,115.87493280417465
music,222,117.01406291343244
music,223,121.47550005449726
music,224,115.5704955318896
music,225,119.69237236977513
music,226,118.13493168586835
music,227,119.8407436145674
music,228,120.60318652719214
music,229,117.68487270893027
music,230,117.53493032443494
music,231,120.76390059438171
music,232,117.40425966310077
music,233,116.3103741346577
music,234,117.11501290735309
music,235,117.88253004136597
music,236,113.45049938822476
music,237,115.59202992516144
music,238,122.66596794089767
music,239,117.11627907008595
music,240,117.15788278726134
music,241,116.06948960336183
music,242,117.69498640611748
music,243,118.3241925992663
music,244,116.87109613310473
music,245,117.95840838658663
music,246,114.71193784007194
music,247,114.71831046598761
music,248,118.20763211768934
music,249,120.11563063834944
music,250,114.35170240039713
music,251,118.96125383813299
music,252,116.39439359676582
music,253,117.12770256965592
music,254,122.7322696810138
music,255,112.9011435751943
music,256,118.0220274220162
music,257,115.29273018389001
music,258,117.42403314392791
music,259,123.0501446705327
music,260,117.23333347767213
music,261,114.6690309260491
music,262,119.89697402149378
music,263,122.29576920789573
music,264,118.458579826955
music,265,117.66764855937184
music,266,115.27799451599725
music,267,114.04151474146727
music,268,116.06290261424567
music,269,119.93719860882466
music,270,118.44931499881508
music,271,118.72877050883639
music,272,117.63309193217904
music,273,115.96054056024518
music,274,118.90482045943304
music,275,117.95209130536819
music,276,120.42573070383271
music,277,116.70137191062881
music,278,115.86496007285957
music,279,115.51923572624571
music,280,116.24608254368344
music,281,114.68217080463027
music,282,118.33434739728929
music,283,119.0525717219245
music,284,116.81738490101617
music,285,118.49221173196992
music,286,118.80762639619367
music,287,120.17400808298413
music,288,117.23552534543677
music,289,119.67312596972961
music,290,117.01505335960086
music,291,116.87042420283238
music,292,116.82426141858717
music,293,115.45401741334717
music,294,117.33399096940478
music,295,122.83422423728325
music,296,116.23919328886187
music,297,123.70640338082544
music,298,118.2535572057859
music,299,118.52623164585536
music,300,114.15063952850983
music,301,115.89468299981995
music,302,121.1869485792587
music,303,115.9521055713277
music,304,119.34203866017536
music,305,121.6469310326189
music,306,121.8317544507629
music,307,114.48346766939281
music,308,120.31218267119131
music,309,118.02846713174264
music,310,119.18386093982731
music,311,116.97590927820454
music,312,115.67072310256836
music,313,118.03920675778234
music,314,117.46128011712929
music,315,121.47551230143941
music,316,115.11019038738759
music,317,118.0436499047809
music,318,115.21040868442698
music,319,122.4365535336142
music,320,117.83521316343537
music,321,117.7477356515704
music,322,113.21416516511403
music,323,117.07090188719502
music,324,120.77392408876035
music,325,116.48843412394692
music,326,116.37365297697819
music,327,121.56603937162107
music,328,119.81373712170952
music,329,120.8428693254538
music,330,119.59597409916742
music,331,114.56519202074382
music,332,121.36812837074248
music,333,116.90237412268954
music,334,115.7596022722278
music,335,121.08361091771567
music,336,117.69073156244805
music,337,114.04515420497302
music,338,118.94285077332947
music,339,113.68052288050026
music,340,118.79471817860714
music,341,113.61657205553699
music,342,116.8119952067274
music,343,114.79612357974511
music,344,118.50358847433617
music,345,117.49479163867404
music,346,115.37208435297264
music,347,119.01215846538362
music,348,117.11827694320083
music,349,121.66322631222486
music,350,111.95102377294732
music,351,120.19578663790702
music,352,113.10245873995541
music,353,119.63130143710757
music,354,115.1465605180382
music,355,116.08001281565888
music,356,119.95962108254277
music,357,117.45531814718821
music,358,120.09159793574011
music,359,123.81414715910437
music,360,120.14839494417569
music,361,119.17214233721036
music,362,118.14138228533004
music,363,118.4445080506636
music,364,118.5707575167269
music,365,117.67554816461288
music,366,113.97365220700418
music,367,116.80330367747503
music,368,119.56122765319321
music,369,116.83691239764751
music,370,118.47438035815068
music,371,111.94112144547088
music,372,118.38275312194324
music,373,119.2224544505601
music,374,116.84861457962133
music,375,117.66088921578502
music,376,117.38389187457273
music,377,117.24281961386839
music,378,119.18385945270515
music,379,118.22611317351586
music,380,120.33362291493393
music,381,118.9549183620586
music,382,116.90696251736463
music,383,115.25110468534376
music,384,115.45563063466192
music,385,119.1846234475173
music,386,115.45525632291267
music,387,115.85038231010626
music,388,116.4550469197917
music,389,120.38288246071464
music,390,125.46650846985673
music,391,116.38146488961212
music,392,116.43343187439629
music,393,115.34130463292482
music,394,119.82846063152657
music,395,118.39820440898453
music,396,117.87918281650016
music,397,117.77455215621337
music,398,116.92666495275594
music,399,116.59542260005693
music,400,117.68995131518352
music,401,119.32636438898305
music,402,116.15452448288619
music,403,117.5891869889927
music,404,123.0164128791523
music,405,123.34962146940846
music,406,113.99882268130594
music,407,115.15253210080674
music,408,120.22668521907387
music,409,119.36638657818592
music,410,115.85065615419816
music,411,115.79586576371419
music,412,113.807603941034
music,413,114.63086287021163
music,414,119.4908203615258
music,415,121.1008233568841
music,416,116.04924801382552
music,417,119.47199749023429
music,418,116.6829803994643
music,419,121.4197256127164
music,420,117.9797504899179
music,421,117.74376726673272
music,422,117.82276948109825
music,423,120.39946183149193
music,424,118.33481064737548
music,425,115.19414521886037
music,426,115.72856671785325
music,427,124.40023420430968
music,428,122.88960169531025
music,429,117.08605147919997
music,430,117.17243140758772
music,431,115.84984216806755
music,432,120.75023873056698
music,433,120.44250155296209
music,434,116.51746618503225
music,435,120.16043255214232
music,436,116.77252600374584
music,437,116.47757226519191
music,438,118.28950864813012
music,439,121.12941298141978
music,440,119.00884019924649
music,441,121.04192211328659
music,442,120.28069682493074
music,443,117.03568549963978
music,444,115.25309569755193
music,445,116.2906675433406
music,446,117.71800352094834
music,447,122.3272811008057
music,448,120.45675517660423
music,449,116.78370174472074
music,450,116.16358199796434
music,451,117.64462563281313
music,452,119.30277576613813
music,453,113.985777459227
music,454,121.75711682070691
music,455,118.8149785279339
music,456,118.37674989833971
music,457,119.32244411181642
music,458,118.74341722727341
music,459,113.54113778351372
music,460,115.82016320598012
music,461,117.38951169731067
music,462,113.39648737573627
music,463,121.00285979209342
music,464,118.05946577206943
music,465,117.70245175245084
music,466,117.84357999129452
music,467,122.26856141399985
music,468,113.71807141882395
music,469,117.37032020771056
music,470,119.98897297863908
music,471,120.89848378160835
music,472,118.70939633153303
music,473,119.45234196429035
music,474,118.51916505767099
music,475,119.05380033259286
music,476,116.50059306684359
music,477,118.03464077615222
music,478,114.89598427999958
music,479,117.62301822595798
music,480,122.55743403556791
music,481,119.12387112663798
music,482,122.12098855651506
music,483,125.58190430098594
music,484,119.01804114615932
music,485,114.73801581774079
music,486,116.00981327270503
music,487,122.72236793186715
music,488,117.39081394046956
music,489,114.09322513449641
music,490,112.62002959409875
music,491,118.03479964116363
music,492,116.77546298655339
music,493,123.87836451302934
music,494,113.94361445310682
music,495,118.97673336343549
music,496,116.55439970465622
music,497,117.2056515369066
music,498,117.77401386752378
music,499,125.71540410585678
river,0,118.08460024174761
river,1,118.90777867198268
river,2,117.65860997898474
river,3,120.26606908166696
river,4,122.00154369308076
river,5,121.38868643787339
river,6,116.76816250479472
river,7,116.9090996148453
river,8,118.14296621805715
river,9,121.54439301250264
river,10,119.91235711835293
river,11,117.68315556044942
river,12,123.86525502010934
river,13,114.49751455805537
river,14,117.17605832480413
river,15,119.08632624511239
river,16,124.40141910991494
river,17,115.95117847088656
river,18,120.56257888512378
river,19,119.37405127839614
river,20,117.41603693068019
river,21,122.01344209914633
river,22,121.53309037177793
river,23,119.72192468820171
river,24,117.69532902452326
river,25,122.56407601286116
river,26,119.57889000685743
river,27,121.88952177606436
river,28,125.0839288807663
river,29,121.86972651489083
river,30,120.11398797347219
river,31,118.49902774477124
river,32,122.09951054156474
river,33,118.82991190926656
river,34,119.0556804728134
river,35,120.33643690657823
river,36,118.02838111828031
river,37,118.6581346575768
river,38,117.76689616419063
river,39,119.43451377480277
river,40,117.68099333170137
river,41,120.61141877011232
river,42,123.56746905549821
river,43,121.02884853537665
river,44,121.30037837746859
river,45,119.71720206577568
river,46,124.79761994512127
river,47,122.07868052854474
river,48,116.3386146112217
river,49,117.45196695153592
river,50,117.93687242505342
river,51,118.75165005388418
river,52,122.56118942460552
river,53,120.44372600916329
river,54,121.90784658828836
river,55,120.29132145374149
river,56,119.17905754154306
river,57,120.4201112601323
river,58,119.63791531786767
river,59,123.81849056742458
river,60,116.67175053692173
river,61,118.2385223564816
river,62,118.05977382378596
river,63,119.38203105062487
river,64,120.29166340745296
river,65,116.02592192125844
river,66,120.0065855264788
river,67,115.67310325784601
river,68,118.73185714421659
river,69,119.48428925744963
river,70,122.66394772165523
river,71,122.48655871950595
river,72,117.93484651764774
river,73,124.03403116171351
river,74,116.93446626764408
river,75,120.17537574417523
river,76,120.77313304943851
river,77,122.65235904393046
river,78,120.99478496592597
river,79,120.2801938311644
river,80,124.54281066931838
river,81,119.398525782184
river,82,117.46336693568087
river,83,117.674896364909
river,84,116.04300132726696
river,85,121.8097772192627
river,86,118.6720519728383
river,87,114.20474234013085
river,88,121.21065634076034
river,89,119.41717368937366
river,90,115.88584160604849
river,91,121.44519836152719
river,92,121.41631295012618
river,93,123.09649843099561
river,94,120.48459394004402
river,95,117.46172482090304
river,96,117.18454771723603
river,97,120.45236504969652
river,98,118.21730340861829
river,99,120.87790588469613
river,100,118.99016646757335
river,101,124.59736109373416
river,102,118.09128688677339
river,103,116.14777548620019
river,104,119.41639702234836
river,105,118.71912568593667
river,106,116.47929096449225
river,107,115.3845782020732
river,108,122.52872115855484
river,109,120.1599315860941
river,110,116.71048681513948
river,111,116.91829387832439
river,112,118.05920223954855
river,113,117.38340127109268
river,114,121.86842851431547
river,115,120.14599247326625
river,116,119.91376657332202
river,117,115.59996851538365
river,118,119.740687296442
river,119,119.94166410988869
river,120,122.74900380676361
river,121,121.11268594033137
river,122,119.23108533715659
river,123,120.05456737903819
river,124,119.5694402357972
river,125,119.7023463424634
river,126,119.60287812749948
river,127,120.26388289784467
river,128,117.69643411287609
river,129,119.9916734604151
river,130,123.01741028845896
river,131,119.6124198692564
river,132,118.64416934421295
river,133,118.10631917296442
river,134,114.06812651051222
river,135,120.66271770327344
river,136,117.52998535272359
river,137,120.01694614638734
river,138,121.30991586077077
river,139,118.51619503178017
river,140,121.24478638049597
river,141,114.72399308038152
river,142,117.58784228171383
river,143,117.51103341929135
river,144,117.81033129911911
river,145,119.00086109423836
river,146,123.61747342252262
river,147,119.07805104836622
river,148,117.90549274567492
river,149,115.28686622611247
river,150,120.94227607909151
river,151,123.65780001435722
river,152,120.48229457131792
river,153,116.6281367082388
river,154,113.1137017355164
river,155,118.6788711715065
river,156,117.65581701901301
river,157,118.14509123194334
river,158,119.4079216480473
river,159,118.56074230919637
river,160,120.7678774418824
river,161,116.97465776066218
river,162,122.07326108748344
river,163,120.49589082051209
river,164,118.88492301858274
river,165,120.29889853522815
river,166,121.84754845291135
river,167,122.22074419534528
river,168,118.33662072502361
river,169,118.10795560344489
river,170,116.95942514739663
river,171,120.15080498190176
river,172,119.23136331986746
river,173,118.72533577222471
river,174,114.14530657236482
river,175,116.98080798624228
river,176,123.55326954290733
river,177,119.58406039388687
river,178,117.61450334267516
river,179,119.46544916266278
river,180,117.56963940955767
river,181,118.44086267068673
river,182,123.1093597347988
river,183,126.02614417486657
river,184,117.87877454700335
river,185,121.55638330070097
river,186,120.65772620218402
river,187,120.48647921779356
river,188,126.6829032717705
river,189,118.4453710588997
river,190,116.66556957636922
river,191,121.00993460181353
river,192,117.96482378204279
river,193,123.43752398085137
river,194,122.62000702816509
river,195,120.8109282423862
river,196,117.21085445740538
river,197,117.764579516233
river,198,120.73431716054175
river,199,121.55507526628551
river,200,117.60480063610834
river,201,118.96759134580495
river,202,121.4322058435744
river,203,119.1531993738738
river,204,118.00576851890372
river,205,120.79194276626171
river,206,118.91252249276145
river,207,117.46985743147238
river,208,121.3826310024999
river,209,117.83228035736097
river,210,118.42623018491223
river,211,121.34780904378992
river,212,119.75444232859114
river,213,119.22077476605459
river,214,118.04422292435264
river,215,118.05553607181724
river,216,119.79041578671799
river,217,114.14851000245874
river,218,118.46278367018495
river,219,115.56248332106935
river,220,123.55286080181929
river,221,118.47810208993059
river,222,117.19413263519685
river,223,111.38625927355577
river,224,115.90005294695753
river,225,119.25196981351829
river,226,118.30284974136748
river,227,122.10128271489063
river,228,123.12807871425007
river,229,122.00425035176899
river,230,118.34597235310889
river,231,114.91479425898933
river,232,119.32505582692323
river,233,121.47068714140413
river,234,119.67461619417932
river,235,119.51535306602612
river,236,122.22575876668319
river,237,118.29317352069535
river,238,121.87180918172243
river,239,116.727500370522
river,240,118.90000466578574
river,241,122.3531746294539
river,242,119.5483165811899
river,243,117.16747891888173
river,244,123.37670414490938
river,245,120.48336486329578
river,246,124.61361200253138
river,247,121.19764598562237
river,248,117.16221768514055
river,249,118.38490520357954
river,250,120.97570697721629
river,251,121.04078584862701
river,252,117.01135833261051
river,253,120.57546635888212
river,254,120.5566076822187
river,255,121.82248686417576
river,256,118.11025811759524
river,257,119.05610536647764
river,258,118.70320031436381
river,259,121.5146342558949
river,260,114.32784033634047
river,261,120.67449621688013
river,262,119.21731432757781
river,263,124.64114792322809
river,264,119.75017884419412
river,265,119.98489483068735
river,266,119.78425372411361
river,267,118.95567208561346
river,268,114.03090736961758
river,269,119.7353802168011
river,270,118.10244064513047
river,271,123.25623042234378
river,272,121.63054763104404
river,273,121.4009903653345
river,274,115.97710757655786
river,275,120.44389711665988
river,276,118.72862711061516
river,277,117.37908259332721
river,278,118.33627635353936
river,279,117.806039167345
river,280,122.76275056676404
river,281,122.87236969440289
river,282,120.26259670149967
river,283,120.38136200957206
river,284,120.56079584111275
river,285,120.11820740034989
river,286,125.20460557273523
river,287,118.60331477017338
river,288,118.70900900792383
river,289,118.61110201748954
river,290,118.5399688780884
river,291,117.91987287373556
river,292,122.95286199751021
river,293,117.0218756404522
river,294,120.4367546534052
river,295,121.60252369113742
river,296,115.6144478078178
river,297,119.81483006243568
river,298,119.83623423327785
river,299,119.73580606212799
river,300,118.74816389785792
river,301,123.22405525831232
river,302,118.06978222641497
river,303,117.34735546491473
river,304,115.45375501827091
river,305,118.14888757566251
river,306,123.4551151008106
river,307,121.21333436838083
river,308,122.54128958597275
river,309,122.71356150616117
river,310,121.88312558595568
river,311,119.06315879748949
river,312,120.89413443983312
river,313,122.10628822143603
river,314,120.64541191340798
river,315,120.16068116640051
river,316,121.55664764718297
river,317,121.7993354670247
river,318,117.57034234356351
river,319,118.55704317464438
river,320,118.09334753648812
river,321,123.27290857651694
river,322,121.96281139542631
river,323,119.69999761686252
river,324,118.93452818443404
river,325,118.76945453389513
river,326,119.90186997958897
river,327,118.77866955944452
river,328,116.06949293943487
river,329,122.01974641768984
river,330,116.12158015270329
river,331,119.52414312083933
river,332,118.37415486807654
river,333,119.8751931451032
river,334,124.41210210285246
river,335,121.2159129884785
river,336,118.22232121028715
river,337,117.85627151923552
river,338,120.62003026335404
river,339,121.23307209915866
river,340,119.0229848923346
river,341,116.99001391782156
river,342,117.69124326481463
river,343,120.11757235630978
river,344,114.29400756919985
river,345,119.2474353681969
river,346,112.888182866605
river,347,118.50567310507516
river,348,117.6440937325195
river,349,122.22243350852462
river,350,119.62303449111442
river,351,119.71136640621806
river,352,115.18525318291431
river,353,121.4192788458058
river,354,118.30973011647659
river,355,117.8759540895268
river,356,121.90545899164546
river,357,115.6725493249026
river,358,116.75353595926833
river,359,123.03181492068049
river,360,120.74498824443351
river,361,122.75758117953868
river,362,117.28089163745364
river,363,119.81788685197361
river,364,120.51037225498686
river,365,117.91873733003138
river,366,116.28435350674853
river,367,117.60486442390798
river,368,119.83525433395393
river,369,117.59129840680897
river,370,116.59170889323053
river,371,118.37719977094292
river,372,124.22560238812656
river,373,121.37782860774652
river,374,116.82508566119509
river,375,119.58061476209762
river,376,120.88701120682832
river,377,120.26511827542694
river,378,120.15438636355296
river,379,120.14421710736252
river,380,116.99271586904223
river,381,116.83176252779933
river,382,121.94964770872329
river,383,116.6413248568077
river,384,119.75621434490485
river,385,122.68688427613658
river,386,121.50225329588574
river,387,120.78448122390878
river,388,123.12556823989169
river,389,120.83662706633014
river,390,120.37922130441778
river,391,117.21854081781349
river,392,121.30348579005243
river,393,120.79983225013595
river,394,115.12603030337397
river,395,120.53176081053583
river,396,119.77229902083101
river,397,121.54571065835948
river,398,120.21928927759633
river,399,119.87859756639835
river,400,119.33012527586943
river,401,116.09810084642447
river,402,116.42515115738607
river,403,122.04816166720617
river,404,118.03605180119507
river,405,116.47105612722505
river,406,119.18722995673232
river,407,120.90239013727187
river,408,117.62776828019793
river,409,116.73604386719359
river,410,115.83725299419423
river,411,119.46108408887362
river,412,122.28088430042791
river,413,118.05440601287087
river,414,116.95822510964543
river,415,120.77038885077866
river,416,124.89999266451584
river,417,117.01051482604726
river,418,117.71869679392506
river,419,121.52658545934119
river,420,122.32385528449423
river,421,122.19959437571215
river,422,115.54864255708479
river,423,119.90883938354327
river,424,114.49647615731318
river,425,114.9724874258595
river,426,113.42771107429816
river,427,119.17467624564371
river,428,121.69501338688735
river,429,119.7346874301438
river,430,121.07641265678934
river,431,119.8229663206567
river,432,120.73865141762548
river,433,116.31508083759724
river,434,117.13711383106673
river,435,119.54794324035764
river,436,121.22214921880976
river,437,119.50369206331868
river,438,124.08933117272008
river,439,119.30684238530898
river,440,119.9089357628343
river,441,118.78553724037712
river,442,124.07499781016078
river,443,117.96049744230905
river,444,120.20877944136168
river,445,122.57393014647839
river,446,120.87721185332273
river,447,118.56324474280389
river,448,119.69659290024808
river,449,122.00292130794692
river,450,120.91362001886168
river,451,118.69133387221214
river,452,120.03403885129751
river,453,115.59102743662513
river,454,121.24193224351043
river,455,119.7905623538009
river,456,113.03900594746337
river,457,117.43758661557887
river,458,119.84671235322277
river,459,120.62126712903738
river,460,119.8632708522783
river,461,118.46806664885665
river,462,116.95287851716094
river,463,123.07866620566159
river,464,117.29351015490195
river,465,119.81718836372812
river,466,118.96680613377161
river,467,118.96596327368434
river,468,118.93125319652998
river,469,120.86489710469313
river,470,119.23757530239985
river,471,117.34178232845413
river,472,117.93496400559972
river,473,117.68077401113628
river,474,117.21787794664714
river,475,120.25642658187951
river,476,117.45619615619233
river,477,117.85279795174372
river,478,120.82117695585784
river,479,117.93718474184047
river,480,117.74901364661008
river,481,115.57197054488353
river,482,119.561464251436
river,483,121.72195807797448
river,484,115.37351789982941
river,485,116.29063113829972
river,486,118.11494542583354
river,487,121.3717085873625
river,488,119.43331773830772
river,489,118.96516402452684
river,490,119.78884454955005
river,491,119.95992224697302
river,492,119.40396700119824
river,493,122.34775622837671
river,494,118.48766174115059
river,495,118.79874313817704
river,496,121.12241028474283
river,497,122.21413574601385
river,498,121.93088910203163
river,499,122.27784434351243
time,0,117.69037582467179
time,1,119.8423005552787
time,2,116.82621127965223
time,3,117.81266600474756
time,4,119.23959172024985
time,5,116.40446469813
time,6,116.54038198820531
time,7,116.2359489640251
time,8,115.34486740569503
time,9,121.40766420427609
time,10,117.99251288923749
time,11,118.93609885810518
time,12,113.52651075206046
time,13,115.03349548693846
time,14,117.83608955154237
time,15,114.09596806817173
time,16,113.89290202333923
time,17,120.4723804113277
time,18,114.03369107769912
time,19,114.31470585094945
time,20,112.3108044588753
time,21,115.55848786304688
time,22,116.24448470620811
time,23,117.67771848945092
time,24,117.5897287280955
time,25,116.88721007552003
time,26,117.86496625379199
time,27,114.93770998718212
time,28,118.6050122394035
time,29,115.20500938686811
time,30,114.59767368139178
time,31,119.22977935313763
time,32,115.69161340793008
time,33,119.29869426676787
time,34,118.95643539691379
time,35,120.86198668667699
time,36,119.01478106740602
time,37,119.23686108960969
time,38,117.18170668991495
time,39,116.0168525101011
time,40,116.86173475512456
time,41,117.80625245968707
time,42,118.13660408461514
time,43,115.48465506454914
time,44,116.96684510629034
time,45,115.75141886295157
time,46,116.00490515389943
time,47,117.66541719386834
time,48,114.9376816077064
time,49,120.82408648941735
time,50,117.20755172246791
time,51,117.22963086085826
time,52,117.50310134148782
time,53,118.23505257238128
time,54,118.13301509652064
time,55,117.46572559913244
time,56,117.73568180903598
time,57,120.55775464740299
time,58,117.83572695959938
time,59,116.80170422801595
time,60,113.50990727929127
time,61,117.63498743893268
time,62,114.77272876156152
time,63,119.32682417611551
time,64,120.15116359521633
time,65,116.41161697728495
time,66,119.88320769692677
time,67,114.78888370121554
time,68,116.56351008903741
time,69,115.26743215097919
time,70,118.17605627903158
time,71,113.1829259526429
time,72,115.89455047687083
time,73,116.46894507318615
time,74,118.22215900316118
time,75,117.55750035448256
time,76,118.046300666823
time,77,118.94229312966613
time,78,120.75146091706819
time,79,119.48544426668097
time,80,117.98772103885263
time,81,120.13678981368021
time,82,114.71635417877259
time,83,120.89249892217258
time,84,119.00956270388667
time,85,116.16243952226557
time,86,116.03912163478165
time,87,115.83102050563963
time,88,115.87237657068832
time,89,117.54944629202389
time,90,118.92078877816294
time,91,115.88009152188816
time,92,118.50171354291031
time,93,120.95569841374505
time,94,120.88933438814522
time,95,117.3492007569678
time,96,116.30961650624221
time,97,117.2033598999848
time,98,118.21183465125604
time,99,117.750615037722
time,100,118.31365166030889
time,101,119.62184343838085
time,102,117.53360329257288
time,103,114.65941086576379
time,104,116.78546550777804
time,105,117.43987495453237
time,106,116.24765208928083
time,107,120.73414895219534
time,108,116.85893838710551
time,109,114.93956719892591
time,110,118.46716705862943
time,111,116.44397675309663
time,112,119.86903876009866
time,113,118.60837071429128
time,114,114.38616171424596
time,115,113.84792298326221
time,116,116.55458607488158
time,117,116.15671414414675
time,118,116.04932897467263
time,119,119.98244064191923
time,120,117.6436511102285
time,121,114.40269903465557
time,122,117.42603517847259
time,123,121.12604445282098
time,124,117.68300372956315
time,125,114.6238881255192
time,126,119.59323761138738
time,127,118.58292650431046
time,128,117.9692941815363
time,129,118.62904521464816
time,130,116.38641669023808
time,131,120.94722815686214
time,132,115.89573600000169
time,133,116.4983788579476
time,134,112.45865928281037
time,135,119.58248923111934
time,136,116.94650487393672
time,137,116.75176001427778
time,138,116.72046701456364
time,139,117.91506243219803
time,140,113.55176611588462
time,141,115.16890578916173
time,142,118.90585372480483
time,143,116.70165809834623
time,144,113.2663494796472
time,145,115.17350596357711
time,146,115.42741326691903
time,147,115.0232603522359
time,148,117.03112404339515
time,149,117.45798862226293
time,150,116.708625111585
time,151,115.44288850237537
time,152,116.41640623688971
time,153,116.85390459205485
time,154,117.45429461004444
time,155,116.20331192898692
time,156,113.98395702018074
time,157,116.90215590892146
time,158,118.16698281413609
time,159,117.00221619596967
time,160,117.75218526363851
time,161,115.11646834677211
time,162,113.93887040196748
time,163,117.48546872185632
time,164,116.63406596399213
time,165,118.49252089755448
time,166,117.06517579901082
time,167,117.85035273883828
time,168,115.943628695251
time,169,117.52764293933143
time,170,116.10570237489668
time,171,122.17169419083864
time,172,115.9282498881424
time,173,116.88670988977552
time,174,116.86761549382432
time,175,113.35709042873336
time,176,119.47557522761072
time,177,116.70424106288418
time,178,120.60558810258775
time,179,114.27502667048073
time,180,120.82465319283153
time,181,119.73550343985183
time,182,121.23061449812678
time,183,116.55465627986032
time,184,117.6217484749829
time,185,119.23735331954329
time,186,117.95354414385642
time,187,116.79201165337312
time,188,115.16795468856462
time,189,116.73595180012042
time,190,113.98800100654292
time,191,116.87699347834095
time,192,116.00304065770605
time,193,118.96976256674911
time,194,119.78550955170758
time,195,117.93893775966187
time,196,119.42874352166702
time,197,118.40254415837184
time,198,116.92989686579074
time,199,112.92405936864473
time,200,116.62483276406843
time,201,118.18438125575295
time,202,117.23207911821572
time,203,119.67730303077533
time,204,119.44069336456924
time,205,118.77868787602179
time,206,118.18349257330037
time,207,117.95942948338605
time,208,119.56420267584178
time,209,116.00917620182597
time,210,117.69516013175986
time,211,119.47006728822132
time,212,115.39379362777098
time,213,115.31034190137579
time,214,116.05696866648016
time,215,118.91927270846227
time,216,116.99243216824229
time,217,116.2621996810113
time,218,116.08769957298848
time,219,118.50353847230248
time,220,117.89767135762044
time,221,117.09444601836212
time,222,116.53685142157151
time,223,117.86626929023735
time,224,118.02326032915052
time,225,116.67911151353361
time,226,117.48123547370832
time,227,116.07817791240068
time,228,117.02206468453744
time,229,118.05596465515953
time,230,117.55963991317935
time,231,116.51113608147145
time,232,117.21880304952437
time,233,113.4199109286742
time,234,116.75386251028634
time,235,116.60214865833711
time,236,115.409748700996
time,237,114.48572574990794
time,238,117.94425379285724
time,239,113.55377842726875
time,240,117.41430262393442
time,241,116.07240056933095
time,242,117.76655557903956
time,243,113.39398784105781
time,244,118.6391501156671
time,245,118.38017120873894
time,246,116.22150678223211
time,247,114.706154740006
time,248,119.56336567967418
time,249,115.11284197162841
time,250,118.05350533610984
time,251,115.47943377800487
time,252,121.14392084113786
time,253,113.04815830936101
time,254,116.96278217729986
time,255,118.10098305993837
time,256,114.85228704709576
time,257,116.57133945273883
time,258,116.9136464503278
time,259,116.04680777142273
time,260,119.25812951415185
time,261,116.46735224522635
time,262,117.86305445171283
time,263,117.39622614152891
time,264,115.45670763101114
time,265,116.95103643660568
time,266,114.51321952588884
time,267,115.59306249979578
time,268,114.25432319953974
time,269,116.50707277139082
time,270,117.37224956025689
time,271,119.08278539586587
time,272,116.29544493306112
time,273,116.46968895339236
time,274,114.15780548162127
time,275,117.63536581247247
time,276,115.8303503028471
time,277,119.52142000547279
time,278,120.00368630173257
time,279,119.58133607855447
time,280,118.19827227121256
time,281,115.43591801178053
time,282,116.54181932947955
time,283,114.41713388196746
time,284,119.83329260297555
time,285,116.25161035517722
time,286,115.95006432118086
time,287,117.69992951630293
time,288,119.61392815906594
time,289,117.98288417176485
time,290,120.84961267772236
time,291,116.83497087287995
time,292,117.17711917112996
time,293,118.84548235477001
time,294,114.30530641245258
time,295,117.01574211074937
time,296,120.58849908053091
time,297,118.25374073042542
time,298,116.93077597859829
time,299,116.09766515541351
time,300,117.55381801882996
time,301,116.43073547408495
time,302,117.00779201948504
time,303,117.89698462389602
time,304,118.40949633481814
time,305,116.70089268101658
time,306,116.4436219138598
time,307,114.21962799057522
time,308,115.1426871593072
time,309,114.82106512152934
time,310,115.85920931677207
time,311,117.33926393185587
time,312,118.11684582106471
time,313,117.53569828213746
time,314,118.50439922508949
time,315,117.12558541251998
time,316,118.85457798834868
time,317,114.93981606541215
time,318,117.87486646590828
time,319,113.40788837366331
time,320,118.43683722559022
time,321,115.27828373389268
time,322,117.92027417476318
time,323,119.49669814103297
time,324,118.94680717084756
time,325,117.14058901485474
time,326,116.76714459837905
time,327,116.96408630576107
time,328,115.26198809501314
time,329,119.07113552142938
time,330,118.05864841730482
time,331,118.46853369082184
time,332,116.72783938027389
time,333,118.20461875692826
time,334,114.18469998920631
time,335,117.96438344083249
time,336,115.13118729468717
time,337,116.93441054939231
time,338,112.73039755245864
time,339,116.51822819011046
time,340,117.27401982222443
time,341,116.26597372820284
time,342,116.5467125851379
time,343,109.94006743026678
time,344,118.02096751402078
time,345,116.66304867461146
time,346,118.43320207150725
time,347,115.29808766119305
time,348,121.83883864065155
time,349,116.12540912980909
time,350,115.20841315777164
time,351,116.13646763821734
time,352,117.91877748901226
time,353,115.08507966577774
time,354,115.2304735887571
time,355,115.4232224676966
time,356,115.4528354629051
time,357,117.33829812620371
time,358,117.84703703192912
time,359,116.94060933912358
time,360,115.44582681435543
time,361,115.97302423644973
time,362,117.46890843761315
time,363,119.09084471657663
time,364,116.35159141617054
time,365,114.50545578162044
time,366,116.40447968047911
time,367,116.92526158620933
time,368,119.97818946594445
time,369,115.57364755285724
time,370,116.60798843268208
time,371,114.90472905424538
time,372,115.85089062082108
time,373,118.734677166789
time,374,116.80245676902494
time,375,117.68525102222294
time,376,119.379626964774
time,377,120.06230081128865
time,378,121.0678174334539
time,379,115.98027746454298
time,380,117.75918973838102
time,381,115.99163273805577
time,382,119.3847962428595
time,383,116.00111079350965
time,384,117.17567860778017
time,385,117.13171130805058
time,386,116.18694871205086
time,387,115.71544734530943
time,388,117.73345723981205
time,389,116.11302859585658
time,390,118.81028137273779
time,391,116.02629732434049
time,392,118.49920289145504
time,393,114.35249989420362
time,394,117.68779056049128
time,395,117.50952753804609
time,396,115.94098326108495
time,397,116.54873549566133
time,398,114.74756401403276
time,399,117.12985602598931
time,400,116.64280190267147
time,401,116.54523459159023
time,402,122.69924205815752
time,403,115.32417306266464
time,404,114.71280402049835
time,405,115.45940849133729
time,406,119.11971787080762
time,407,115.35991531812562
time,408,117.20748915471202
time,409,117.78941129535848
time,410,118.2247249738133
time,411,117.83972826544115
time,412,115.36315679552925
time,413,116.76105818929317
time,414,117.784932750309
time,415,112.64236752275612
time,416,115.05982247692259
time,417,118.41730682582028
time,418,115.89217404793163
time,419,117.4147029912636
time,420,115.39927680926641
time,421,118.41514738009633
time,422,114.64695766706643
time,423,117.05929825732746
time,424,114.67040741196483
time,425,118.51948843520557
time,426,114.1459988429623
time,427,119.12538972706163
time,428,117.85001219258227
time,429,121.07272526010308
time,430,115.75387871033762
time,431,115.30743582068894
time,432,118.12865612805987
time,433,115.30294417061594
time,434,116.41949201435673
time,435,115.50557621205013
time,436,121.05009782180154
time,437,118.50750635785235
time,438,118.16749053594602
time,439,115.34328051834477
time,440,113.66924329155938
time,441,115.65977720328173
time,442,118.46250641438516
time,443,121.13924821263448
time,444,115.26437278506505
time,445,115.97426198758033
time,446,118.21552185148829
time,447,116.80483752087977
time,448,116.0883423135503
time,449,116.76001699544709
time,450,115.60666237023139
time,451,119.90010861299749
time,452,117.27452918317087
time,453,115.69329720434698
time,454,115.04885024284503
time,455,117.3055872838516
time,456,118.00016029122635
time,457,116.05986437266895
time,458,115.00475783864464
time,459,121.07313333568158
time,460,116.4773968338819
time,461,115.26590188726702
time,462,116.28278640275929
time,463,117.91102151816611
time,464,119.59147423510248
time,465,116.40588582934537
time,466,118.0035179457384
time,467,117.45743853550607
time,468,118.69384916225323
time,469,120.07347862274801
time,470,119.55280394794094
time,471,116.37286129203108
time,472,115.45471822824732
time,473,115.00035243916602
time,474,120.05177845362257
time,475,120.13390122121118
time,476,117.42390348104354
time,477,116.84634253836441
time,478,116.94047997100296
time,479,120.46207883440559
time,480,116.98776132656121
time,481,118.71153438064721
time,482,115.02181394846554
time,483,115.28987585342634
time,484,116.24129313074963
time,485,116.77757561580131
time,486,115.99048951652351
time,487,116.14741298067668
time,488,115.36549991653769
time,489,116.39469678744472
time,490,117.77717641848615
time,491,116.2618963889168
time,492,115.5916714545641
time,493,120.4357523535973
time,494,117.05513275953996
time,495,115.19037730392674
time,496,115.41013262471907
time,497,117.28987152028583
time,498,116.28178659227521
time,499,116.91917578376987
plant,0,124.7319455614901
plant,1,119.64932966160791
plant,2,116.11896155364742
plant,3,124.6331641281369
plant,4,116.68082919032467
plant,5,119.16825879395556
plant,6,125.94494497230929
plant,7,118.41003001134605
plant,8,118.99906366094517
plant,9,118.31918217213102
plant,10,121.34622180574586
plant,11,118.78200038522134
plant,12,118.47894207019547
plant,13,124.33461931578222
plant,14,121.4160853001568
plant,15,115.19872127530087
plant,16,121.80350905886719
plant,17,123.28684855364129
plant,18,120.44156338899579
plant,19,119.85999503181921
plant,20,122.90229733326352
plant,21,122.67292244948239
plant,22,120.18954445594655
plant,23,117.5078617385773
plant,24,119.55021722907355
plant,25,117.28859395619374
plant,26,121.08916444851194
plant,27,120.64824880538563
plant,28,122.93218531656147
plant,29,117.15986678710013
plant,30,125.06838268634384
plant,31,116.36316894464962
plant,32,123.63597301300149
plant,33,119.62516295302063
plant,34,116.8626083066306
plant,35,118.37551889030013
plant,36,119.20002661360797
plant,37,116.42233006783565
plant,38,120.52627731910125
plant,39,118.98483472373067
plant,40,121.8688922259502
plant,41,120.592166804696
plant,42,119.6637127489898
plant,43,123.98714968486127
plant,44,120.7182527583877
plant,45,116.62025064470183
plant,46,121.39749443619408
plant,47,118.48795071282174
plant,48,118.22334192712245
plant,49,118.18276036877467
plant,50,117.9623942642494
plant,51,119.77930816343732
plant,52,119.47773183898198
plant,53,123.0557967580448
plant,54,121.56269674779358
plant,55,119.81462920641273
plant,56,118.47778129870998
plant,57,119.43179972140645
plant,58,122.65945070468496
plant,59,122.69934490819206
plant,60,115.80304250314195
plant,61,120.41479550862226
plant,62,117.69627541867816
plant,63,116.7837543228371
plant,64,117.38090848493347
plant,65,124.03134539455027
plant,66,119.27042709628235
plant,67,121.05761496746521
plant,68,122.81889124768031
plant,69,121.13812458050108
plant,70,120.20216729817189
plant,71,119.08230778429242
plant,72,118.75239809270535
plant,73,120.38222332623789
plant,74,118.83974180679107
plant,75,125.09050037987078
plant,76,131.011653808537
plant,77,117.7990306818107
plant,78,116.97434608135013
plant,79,118.8931191542262
plant,80,122.58299637157204
plant,81,126.82167302245502
plant,82,118.98599352146255
plant,83,121.22979421757967
plant,84,126.11686824900785
plant,85,117.08994675232785
plant,86,120.41653268308646
plant,87,121.3669800801306
plant,88,121.42017566677552
plant,89,122.97964769426675
plant,90,118.87264486696978
plant,91,117.12281500805094
plant,92,118.87470480289224
plant,93,118.74601227687569
plant,94,119.47291711035287
plant,95,120.03208676002441
plant,96,120.28729837303298
plant,97,120.20167695351904
plant,98,120.61418026428458
plant,99,116.62546811583485
plant,100,118.44145675270201
plant,101,125.53601695627947
plant,102,127.88036754596772
plant,103,118.58261799008523
plant,104,120.87209162103892
plant,105,118.26389903142076
plant,106,119.24482484070036
plant,107,124.64893485818965
plant,108,119.534767007289
plant,109,116.7469883965063
plant,110,120.55627594427631
plant,111,117.74487549645438
plant,112,121.30785992612887
plant,113,117.31781069637772
plant,114,122.11888465698901
plant,115,120.10791926916038
plant,116,120.39513102200678
plant,117,119.73338081104363
plant,118,117.92615699169428
plant,119,118.64484580648042
plant,120,126.21109547607468
plant,121,119.12304015215676
plant,122,121.08577412178853
plant,123,119.35771031939395
plant,124,118.68307031784352
plant,125,117.80417525277136
plant,126,119.93466640428142
plant,127,116.69513955325938
plant,128,122.00347604216755
plant,129,118.24686623784682
plant,130,125.6514873468708
plant,131,117.05064121115785
plant,132,120.0002936269365
plant,133,116.2401200496106
plant,134,116.33566791254853
plant,135,124.8094824511425
plant,136,119.44200653205665
plant,137,118.69340722993171
plant,138,121.57281417158747
plant,139,119.9264024677174
plant,140,122.72441588055307
plant,141,122.23945126077562
plant,142,122.42349712437657
plant,143,119.85410143618924
plant,144,119.63732563357506
plant,145,122.86176774639938
plant,146,122.54456388670482
plant,147,119.69427433780244
plant,148,119.43858445362554
plant,149,121.17689443388196
plant,150,120.01488892235932
plant,151,122.33819909060333
plant,152,118.93058169480766
plant,153,129.2264518063613
plant,154,119.49404471815161
plant,155,116.10429563253788
plant,156,119.44907990306395
plant,157,122.09938980751329
plant,158,120.1898720987138
plant,159,127.59448362651749
plant,160,121.08581471688098
plant,161,118.8858835090686
plant,162,120.40753460742228
plant,163,122.26686991764484
plant,164,124.18196245063271
plant,165,118.96631145444303
plant,166,123.2674681008098
plant,167,121.79533363105384
plant,168,120.44370773692552
plant,169,119.62110468516873
plant,170,116.87384527230584
plant,171,118.52852980258659
plant,172,118.09575945685442
plant,173,120.69750894085286
plant,174,119.35315767536554
plant,175,117.09858105632276
plant,176,122.07428138548548
plant,177,119.39349356722799
plant,178,118.47002040421958
plant,179,116.37730774424122
plant,180,120.79208687075611
plant,181,120.84916512306604
plant,182,116.64770064414856
plant,183,120.19240034317598
plant,184,120.4973568961907
plant,185,124.08785674673024
plant,186,118.14478309711045
plant,187,122.45802674715691
plant,188,123.3308870104762
plant,189,117.66802070104967
plant,190,115.98126750322257
plant,191,120.29681666349379
plant,192,114.51377240062028
plant,193,122.6739531222263
plant,194,118.2006550853085
plant,195,124.92209224515001
plant,196,120.95204367951105
plant,197,120.95494090897813
plant,198,118.59360860777237
plant,199,120.73815254714748
plant,200,118.60411996455244
plant,201,119.1650181280848
plant,202,118.22658262734565
plant,203,121.2992204200305
plant,204,116.47766542031962
plant,205,121.27157662862855
plant,206,117.44549344151109
plant,207,121.88899322498219
plant,208,123.23704821679604
plant,209,120.56923772439016
plant,210,122.4803108205466
plant,211,122.73670711466778
plant,212,118.2429052751838
plant,213,120.49201262565603
plant,214,118.79668333168138
plant,215,117.9702234623349
plant,216,119.46818093620021
plant,217,119.6845214305089
plant,218,120.45214070916843
plant,219,116.56426709191892
plant,220,118.01892043843564
plant,221,121.87605497412892
plant,222,118.00358345669868
plant,223,122.97545878787786
plant,224,121.1639945435671
plant,225,120.0503891854579
plant,226,124.60385859470196
plant,227,117.86531029729676
plant,228,119.35429067396461
plant,229,120.32618207515901
plant,230,124.6261617547319
plant,231,123.45167634809486
plant,232,116.70477355731124
plant,233,116.35795427616043
plant,234,116.34327484520529
plant,235,118.21146744868891
plant,236,119.79870129884979
plant,237,121.05097993473531
plant,238,121.8786484323205
plant,239,117.44758534398912
plant,240,121.20864439460064
plant,241,118.90661281960422
plant,242,115.63568619634863
plant,243,118.61780247426077
plant,244,123.38727381976415
plant,245,118.81666652805905
plant,246,118.00257889853421
plant,247,117.06525675540287
plant,248,117.68283407487512
plant,249,124.41891799062074
plant,250,117.38769466581782
plant,251,122.72376397892135
plant,252,114.43384478859949
plant,253,118.70058697708923
plant,254,118.74447799254627
plant,255,119.02463572514937
plant,256,119.73064661733572
plant,257,115.26594674625929
plant,258,120.42426937651673
plant,259,119.84130356150769
plant,260,122.5289454349791
plant,261,119.90911537690778
plant,262,122.26370097767494
plant,263,120.1810931322483
plant,264,116.12131505105108
plant,265,118.32779767817416
plant,266,119.84257335079431
plant,267,122.08408461603359
plant,268,119.95546012978397
plant,269,120.06650064104814
plant,270,119.64649632635316
plant,271,118.30712184024665
plant,272,119.57393323818921
plant,273,117.80004184540005
plant,274,119.05881863718422
plant,275,117.78100204509177
plant,276,123.42555324967404
plant,277,124.10205437205497
plant,278,123.86040797705739
plant,279,117.02780535452708
plant,280,118.22227010171392
plant,281,120.66397818368561
plant,282,120.76107093862869
plant,283,124.36487439403052
plant,284,122.0858678041111
plant,285,127.13510232509842
plant,286,120.97131085238175
plant,287,118.65197297504217
plant,288,123.46686889361432
plant,289,117.16830625669523
plant,290,119.1578921868992
plant,291,121.24270777478579
plant,292,123.3910377936034
plant,293,123.23415073702597
plant,294,121.29664072962112
plant,295,126.58000791210083
plant,296,123.87768302401696
plant,297,118.27107365477735
plant,298,114.97498901997685
plant,299,123.17593505991387
plant,300,120.90671592184745
plant,301,121.44757013199666
plant,302,119.34050811839545
plant,303,120.51383244340532
plant,304,120.99618043414455
plant,305,117.26785408794956
plant,306,117.26359071690311
plant,307,124.83566298166184
plant,308,119.16672721725898
plant,309,123.89704843716771
plant,310,122.69913940234593
plant,311,118.33892924044815
plant,312,119.20208337186047
plant,313,117.08226904939202
plant,314,119.67736927624102
plant,315,127.44281366061081
plant,316,120.10478606588555
plant,317,118.65704913908519
plant,318,122.95054131202843
plant,319,121.04396428092397
plant,320,120.899419139418
plant,321,121.90958789734319
plant,322,124.4483692174102
plant,323,119.5602237758491
plant,324,120.74995259907143
plant,325,119.18536602855312
plant,326,115.00088897988579
plant,327,115.26286822619444
plant,328,118.47926722444116
plant,329,117.65024845766744
plant,330,119.61621472153024
plant,331,119.88978301398035
plant,332,124.57414887911133
plant,333,119.262612861267
plant,334,123.69298005283507
plant,335,124.10203603980305
plant,336,121.47719772225594
plant,337,121.76911120999414
plant,338,120.95291559697183
plant,339,119.75917413550263
plant,340,120.99362125947692
plant,341,123.05824186452377
plant,342,118.12984597740694
plant,343,117.78191956182475
plant,344,121.3926177717557
plant,345,122.46079682899716
plant,346,116.46863618647909
plant,347,117.79621413079411
plant,348,116.79415301590221
plant,349,126.94076890589395
plant,350,117.42019261067642
plant,351,123.10021640556843
plant,352,115.33538354124605
plant,353,121.13207920353513
plant,354,114.9471743273717
plant,355,119.66126245131031
plant,356,125.58645705735768
plant,357,120.27095708410724
plant,358,118.99134320793816
plant,359,119.57924393137031
plant,360,120.0385892788709
plant,361,120.12744946646055
plant,362,120.28762549147089
plant,363,125.72396723417536
plant,364,120.00172234110882
plant,365,120.70203332110339
plant,366,115.31302511581862
plant,367,115.63183949250528
plant,368,117.79205721167061
plant,369,124.13853032741756
plant,370,120.04168757538005
plant,371,121.22546658456719
plant,372,119.34496705920881
plant,373,126.68402484658799
plant,374,124.03309088885095
plant,375,119.44558957662895
plant,376,121.21643605332497
plant,377,118.68968745661601
plant,378,121.24869405676704
plant,379,117.46365009906296
plant,380,118.90376858592882
plant,381,119.58050795037197
plant,382,119.00885798938366
plant,383,115.59449802781785
plant,384,122.09620712686416
plant,385,117.6085821947741
plant,386,119.56258617149203
plant,387,119.45132844567756
plant,388,117.8719195007036
plant,389,118.78752481861758
plant,390,120.28934902661106
plant,391,117.26420029117442
plant,392,120.59944667758609
plant,393,119.9349255905193
plant,394,121.0397225921647
plant,395,117.91964124250394
plant,396,121.56192709792681
plant,397,124.3083886622381
plant,398,117.92212839384035
plant,399,120.09022197826727
plant,400,119.97513424927261
plant,401,118.94171416231403
plant,402,122.29469404866758
plant,403,120.08199168965999
plant,404,115.9637613595587
plant,405,119.64340904944409
plant,406,119.66213998982423
plant,407,121.25667580583304
plant,408,123.23430844332009
plant,409,120.6396528506204
plant,410,122.67403540896692
plant,411,119.55430803588254
plant,412,123.1255920406366
plant,413,117.52271251633401
plant,414,121.04882475090015
plant,415,116.65518910579284
plant,416,120.88889075341882
plant,417,124.40152578533718
plant,418,118.63922433197054
plant,419,121.82203576586382
plant,420,119.21025320349831
plant,421,114.06926840754284
plant,422,119.84995498268805
plant,423,119.00855334113263
plant,424,122.2768672370121
plant,425,120.89114555787621
plant,426,122.53481413711675
plant,427,123.32863430700023
plant,428,119.62892149661062
plant,429,122.85178303398546
plant,430,121.23602999319914
plant,431,117.0855884188644
plant,432,114.7793089355348
plant,433,124.07333782851578
plant,434,118.5268728366206
plant,435,118.60180866555471
plant,436,117.32709125605996
plant,437,121.89259897054481
plant,438,116.68506646160724
plant,439,121.125645652855
plant,440,117.79008782663145
plant,441,119.37352497463363
plant,442,119.93056917783753
plant,443,119.80888646824863
plant,444,121.12258906499709
plant,445,117.20337053138785
plant,446,120.11229546641479
plant,447,122.15291561526642
plant,448,123.20490603511183
plant,449,124.77705986253167
plant,450,122.03202969950273
plant,451,115.81286941732665
plant,452,118.39591742646662
plant,453,119.32309339554685
plant,454,118.9326744912109
plant,455,122.09744172644359
plant,456,118.33764535914493
plant,457,119.3284931772671
plant,458,119.3237096294208
plant,459,121.75557584602082
plant,460,121.55513018167503
plant,461,118.80633522676763
plant,462,126.23345560795379
plant,463,122.6440312457329
plant,464,122.31015932239333
plant,465,121.62148931804649
plant,466,120.58919139254107
plant,467,126.2459204313523
plant,468,118.61244324788535
plant,469,120.58958077904028
plant,470,116.43318844480473
plant,471,120.9497492686858
plant,472,115.65995728269446
plant,473,119.74469099369085
plant,474,119.08901955779847
plant,475,116.31846703889086
plant,476,121.24844302076438
plant,477,121.77007878505097
plant,478,119.63695597149113
plant,479,121.40711240980082
plant,480,117.77810435031336
plant,481,119.50851529787133
plant,482,124.26526047207346
plant,483,118.34466648358422
plant,484,114.81467327735344
plant,485,119.53822733603008
plant,486,116.29942695776518
plant,487,119.56192586711086
plant,488,123.89974222374698
plant,489,116.97479695880808
plant,490,117.3488607344207
plant,491,119.57635427550383
plant,492,117.84708467460247
plant,493,119.07931473574416
plant,494,117.83042997837173
plant,495,118.8053274885524
plant,496,124.36942296504179
plant,497,119.8761410317785
plant,498,118.98070387565127
plant,499,116.59507529645059
city,0,120.71248265468869
city,1,121.88172611981824
city,2,121.94691629912901
city,3,126.07064238218526
city,4,120.19701073405848
city,5,117.96700236381743
city,6,123.41837883259201
city,7,121.20566184255526
city,8,114.98538814554406
city,9,121.0126128931417
city,10,127.09677141355951
city,11,115.92962231474431
city,12,121.3749125342158
city,13,120.85093725232261
city,14,119.35365118619828
city,15,118.95264118276927
city,16,117.31316990189866
city,17,119.69943818422482
city,18,115.55141189078975
city,19,117.98895277612596
city,20,124.47218756026442
city,21,113.98085153407298
city,22,125.18512753113937
city,23,118.98377644078806
city,24,115.35350830053488
city,25,117.47883134346695
city,26,120.86872110555642
city,27,116.37602286362842
city,28,118.17716551875701
city,29,118.0949821849909
city,30,119.1702080230703
city,31,120.63732751129446
city,32,117.45872146464795
city,33,118.49162123934786
city,34,121.22818294610963
city,35,125.8407579053592
city,36,118.0459959048029
city,37,119.54762570284576
city,38,121.73729538980673
city,39,119.0010749458102
city,40,121.82109153201084
city,41,119.53468240435186
city,42,118.22082312424004
city,43,122.42740572851203
city,44,118.6933796287359
city,45,114.85674208299035
city,46,120.96537282746311
city,47,114.80150123163475
city,48,115.65927083970762
city,49,118.1664872753857
city,50,117.39924026629774
city,51,121.06803298255997
city,52,119.01622408762616
city,53,119.1171396604911
city,54,119.10340893848097
city,55,115.65317185636255
city,56,120.23983529172233
city,57,124.77046866282832
city,58,122.61768322409648
city,59,117.25877910598668
city,60,119.91796212660748
city,61,119.92533623148651
city,62,116.34156805125271
city,63,117.67956102699027
city,64,119.62301793459366
city,65,115.5316783788019
city,66,116.48321076564112
city,67,123.91119861471776
city,68,120.49810340131218
city,69,115.65852958054863
city,70,119.327001252441
city,71,117.23118753623038
city,72,121.67022613811046
city,73,121.30792819356722
city,74,122.6905481797949
city,75,120.33285646979508
city,76,121.41939557148376
city,77,119.4764596677645
city,78,120.10344415722084
city,79,117.23661317216134
city,80,119.86486584325036
city,81,121.26562669893563
city,82,118.55799744882411
city,83,115.71291102436756
city,84,123.33199027715689
city,85,113.11639089197737
city,86,117.55113977958236
city,87,113.90050910481403
city,88,119.46496849344605
city,89,117.33197549934842
city,90,118.04765002391512
city,91,121.63676065453896
city,92,120.23080990845494
city,93,117.86561017596875
city,94,127.08633860297482
city,95,119.02102193026636
city,96,118.04325676863616
city,97,121.46989407677711
city,98,122.41509583968705
city,99,118.72456304587489
city,100,119.55697531546723
city,101,122.24793503754756
city,102,115.71002698080044
city,103,118.52322323022975
city,104,118.44480830447
city,105,120.42148602950735
city,106,112.69125354242868
city,107,120.26144950428372
city,108,116.69086387760288
city,109,120.50728284604915
city,110,123.61240756912491
city,111,117.81038726886639
city,112,118.30218841093811
city,113,121.98767914066246
city,114,117.37323273364375
city,115,117.3663860089849
city,116,125.79851240892856
city,117,116.61027391894751
city,118,120.71863361713504
city,119,119.66328505154569
city,120,115.47394228264712
city,121,117.30700142725048
city,122,119.50933199200176
city,123,123.31722049411671
city,124,115.19813751697596
city,125,118.35358789846613
city,126,120.11313325224025
city,127,122.43812153232511
city,128,123.09809860191667
city,129,117.59345731413357
city,130,118.02977582548183
city,131,122.04369264471835
city,132,116.72735001303703
city,133,120.0803540189164
city,134,118.13331953339996
city,135,122.71673513529713
city,136,119.67103099912713
city,137,126.12430530994307
city,138,118.27539619669041
city,139,117.94083579148658
city,140,118.52883781557703
city,141,120.85808565762144
city,142,115.95192988411888
city,143,126.25718899167549
city,144,114.69347523807134
city,145,120.94661125317117
city,146,122.32944942966635
city,147,115.29105386454792
city,148,120.37945058091834
city,149,119.2919884100306
city,150,117.86389253040024
city,151,117.0605613768048
city,152,117.37851136214974
city,153,121.07769821179504
city,154,117.77559936688
city,155,125.26503585173636
city,156,120.50019342240559
city,157,121.62565569762509
city,158,118.1980107507004
city,159,123.0523617001936
city,160,118.65676003741288
city,161,116.80546201542828
city,162,122.56168544993251
city,163,123.18173666822945
city,164,120.88799234551541
city,165,124.17270578405544
city,166,119.08763011205224
city,167,118.13452338609241
city,168,122.01495951894987
city,169,118.89524246860941
city,170,118.69627778437268
city,171,120.38959301579142
city,172,118.99227451032127
city,173,117.02227090150106
city,174,117.93538358230167
city,175,122.30967715022109
city,176,124.37267495488781
city,177,118.63181442611703
city,178,125.64952890660489
city,179,119.97162650945019
city,180,119.97703455362674
city,181,122.55834529874356
city,182,118.51805588535171
city,183,121.35367657133165
city,184,124.33359790064323
city,185,124.13225647428021
city,186,117.35426269207585
city,187,121.98322689701348
city,188,120.10981860480427
city,189,119.53403096438906
city,190,120.24242158986316
city,191,121.10458296784954
city,192,125.51875438518067
city,193,121.70825065776485
city,194,119.3936883529472
city,195,117.82149964847018
city,196,117.12344540582964
city,197,121.24678363147929
city,198,122.16408200071511
city,199,119.79357448298562
city,200,116.75797803796091
city,201,120.90854455472582
city,202,116.67444484595894
city,203,118.83158994340042
city,204,120.31255537513883
city,205,122.90232682624922
city,206,113.16960863800654
city,207,118.77334096582454
city,208,119.7869356108405
city,209,116.24753557579221
city,210,118.76432086031159
city,211,120.92451567278466
city,212,126.19894175757689
city,213,118.30328577093358
city,214,117.16169709400872
city,215,120.71929647741244
city,216,120.36230805129094
city,217,122.52996151335469
city,218,118.95811031621419
city,219,117.65736303189327
city,220,118.38245754341095
city,221,117.92053101962125
city,222,123.92559879655781
city,223,122.39445748294993
city,224,121.60003991403218
city,225,124.68451437994001
city,226,118.95393064793612
city,227,120.75583031979153
city,228,122.72176980867742
city,229,118.4196057120189
city,230,118.46228043915367
city,231,115.79304538050246
city,232,119.35955896631711
city,233,116.26933525226558
city,234,118.62379517916175
city,235,119.03854086309147
city,236,119.09430175503158
city,237,118.11991286465326
city,238,118.92627656483086
city,239,114.67543278366267
city,240,119.92670997513027
city,241,122.31724927763123
city,242,120.60688321248958
city,243,122.11210277545909
city,244,113.57459913704066
city,245,116.43241271835964
city,246,120.2716868606472
city,247,117.61587630749297
city,248,118.57766688646106
city,249,124.57397204434722
city,250,120.14863826930562
city,251,123.69556189579478
city,252,116.24440527830224
city,253,124.10813815521846
city,254,119.07195386717785
city,255,122.11488724334956
city,256,120.59366436223766
city,257,128.04359423212927
city,258,115.33578907541082
city,259,122.50408653610936
city,260,118.90976102803805
city,261,120.67829908948251
city,262,116.89404554441458
city,263,122.77272576913457
city,264,120.10831697678978
city,265,119.17717642506425
city,266,121.80032023326677
city,267,118.46903241695568
city,268,121.21882626968232
city,269,118.53020187551384
city,270,122.70136499331801
city,271,118.1293345151331
city,272,117.66478534536378
city,273,113.70262860593662
city,274,117.73337388384486
city,275,120.80565357652715
city,276,119.06903709595834
city,277,119.2020362217253
city,278,122.69848213703101
city,279,118.70898198739704
city,280,116.50069580586077
city,281,118.75929837003292
city,282,119.99809330221225
city,283,126.25741205037397
city,284,120.24259856679656
city,285,117.81405122563129
city,286,123.43119802819149
city,287,117.02559582310772
city,288,122.83486020234153
city,289,117.54117051958318
city,290,116.13860104294606
city,291,120.44872781627787
city,292,119.07669557762037
city,293,120.30312350831065
city,294,116.09183010162636
city,295,119.9193902612082
city,296,118.16759280638169
city,297,116.6160353935622
city,298,121.39312035398449
city,299,122.74222102995506
city,300,121.36552668831402
city,301,116.88876205868668
city,302,117.51791572327028
city,303,122.75368412517153
city,304,121.02639651291898
city,305,121.00222859797591
city,306,114.73948938612357
city,307,117.76865560085525
city,308,120.60290031598346
city,309,118.35460817557319
city,310,116.17372852377501
city,311,120.97140585478961
city,312,118.35246975312756
city,313,120.03658517785513
city,314,121.53688636537274
city,315,124.70554582995574
city,316,117.00414400881436
city,317,119.58550837280389
city,318,120.6152491533261
city,319,125.18826653110227
city,320,118.55731381082408
city,321,117.03577637464957
city,322,114.54397207273519
city,323,118.96988650173077
city,324,117.21774134689191
city,325,121.89337019838572
city,326,120.79768051398945
city,327,120.11033934493173
city,328,117.84009814556156
city,329,117.47132333641726
city,330,119.42877379480592
city,331,122.68400280574345
city,332,122.25169752897823
city,333,120.03630328225286
city,334,122.70415307133213
city,335,119.12420641293211
city,336,121.49308696013381
city,337,121.00773982617415
city,338,120.37171054640497
city,339,116.23282754909768
city,340,118.9997325092256
city,341,119.74315590221735
city,342,117.48820222616061
city,343,119.51530779694377
city,344,123.92896940686231
city,345,119.16659156005373
city,346,122.19685475905506
city,347,119.4647955366406
city,348,119.40688051375888
city,349,123.33963533373287
city,350,114.49081299767421
city,351,116.59921804813504
city,352,120.24423724071657
city,353,123.16055667928774
city,354,123.0909488462105
city,355,122.10000762479997
city,356,119.89093941752861
city,357,118.93823209744635
city,358,122.12945461352487
city,359,123.58203693023229
city,360,117.17321598202777
city,361,122.73405340710535
city,362,119.25911563316343
city,363,117.0089912080364
city,364,119.04620591874466
city,365,122.1161810003812
city,366,128.02281862436385
city,367,120.14463978706718
city,368,122.82042364470986
city,369,122.64744298310359
city,370,120.2941492241028
city,371,123.15986054469452
city,372,120.21585140368394
city,373,116.40478745118492
city,374,117.46774763529311
city,375,123.77773909993365
city,376,117.01850065042039
city,377,117.4063110955633
city,378,114.5834408883115
city,379,119.58761646729954
city,380,116.65623057209851
city,381,122.90160667146542
city,382,117.38726782722344
city,383,122.89268002062528
city,384,116.77526485798609
city,385,122.00015507412884
city,386,121.87267107193374
city,387,123.76661072655753
city,388,120.11865624388555
city,389,119.6971390180867
city,390,126.78472747938454
city,391,115.52066161092758
city,392,117.85186524534683
city,393,121.01840446139019
city,394,118.30084682828048
city,395,120.90205073958538
city,396,119.03626904860984
city,397,121.82796684328108
city,398,121.2747741872642
city,399,119.5197341766215
city,400,119.75965789847697
city,401,122.62959247422738
city,402,117.87633256087591
city,403,119.02582824687788
city,404,124.14077601376268
city,405,118.28134303849782
city,406,116.51159516425278
city,407,120.89299437132948
city,408,120.08658718889065
city,409,123.49055910868059
city,410,122.12998533272928
city,411,118.79444667385877
city,412,115.83314970885009
city,413,115.2529119798847
city,414,114.89832375968076
city,415,125.73605447558751
city,416,119.99734172336431
city,417,118.81304863049245
city,418,118.99645610416039
city,419,117.52135412061509
city,420,119.60398324348402
city,421,116.09302256682999
city,422,121.87150458869684
city,423,114.09894513826413
city,424,119.89419716175772
city,425,120.06039066715022
city,426,113.65186621762953
city,427,121.95380451084958
city,428,118.20857686856061
city,429,118.64962111495562
city,430,120.65335476239838
city,431,116.211126072911
city,432,121.62908314617702
city,433,117.14627946305225
city,434,115.37601042138259
city,435,117.57727889975959
city,436,120.06514444875229
city,437,120.58670603002197
city,438,119.31616225842083
city,439,119.02864730577932
city,440,123.28804044143271
city,441,116.17252166710608
city,442,119.8672154981988
city,443,119.12535918865541
city,444,117.48607923035384
city,445,124.05771413466036
city,446,120.59445491103955
city,447,121.03525326165874
city,448,118.06670447905074
city,449,118.74203296587827
city,450,119.5972842348828
city,451,118.66638426524736
city,452,124.11989653465987
city,453,121.96061296176548
city,454,117.33574022352695
city,455,123.09334444518854
city,456,118.91177858490127
city,457,117.12621447775608
city,458,129.05891029755182
city,459,117.16864173452221
city,460,120.24560009084043
city,461,117.30922862987015
city,462,117.16002956013622
city,463,120.03102074093239
city,464,117.87500341122322
city,465,120.64046436739308
city,466,119.98322245914221
city,467,117.90609046295921
city,468,117.04320994152408
city,469,119.81442342525246
city,470,119.93263305352961
city,471,126.25851934378846
city,472,117.40849881383649
city,473,115.09436544928136
city,474,123.35233909535953
city,475,119.67345999764962
city,476,121.87746271702058
city,477,126.7818560048004
city,478,117.24884959769055
city,479,115.41543636886587
city,480,120.63553442992301
city,481,121.83886084241249
city,482,119.40384701321793
city,483,120.0445699457793
city,484,121.82987112628285
city,485,126.09680584283478
city,486,117.37414554370298
city,487,119.19990188748106
city,488,121.87927208684602
city,489,127.88038556805088
city,490,117.70679242020614
city,491,121.75490141778585
city,492,121.88095593470725
city,493,118.26239209027614
city,494,116.09272411323244
city,495,118.73131654515994
city,496,119.16421328822211
city,497,120.25007971963184
city,498,117.8384646728149
city,499,119.91990135965138
food,0,123.28826677649268
food,1,120.32201427147824
food,2,119.97881882362498
food,3,118.56993457174991
food,4,117.81620512752428
food,5,116.58077287424898
food,6,119.67509439936259
food,7,121.61429452826387
food,8,121.19656840929036
food,9,120.6499287860385
food,10,122.68913823137095
food,11,122.4549979049073
food,12,121.69937692823791
food,13,125.17876135830082
food,14,119.08257275900877
food,15,122.61876395282026
food,16,122.6992191150071
food,17,126.30842144329029
food,18,118.82350471418222
food,19,119.24035044841025
food,20,121.54946167844953
food,21,118.08494971829846
food,22,120.60030939644781
food,23,120.51803064171813
food,24,119.47259987925707
food,25,121.23916059082826
food,26,117.42158227591666
food,27,120.22244869049301
food,28,123.56825791386423
food,29,123.58953583556523
food,30,120.39671207538399
food,31,119.02216410638857
food,32,118.7061952628822
food,33,118.86708502809198
food,34,121.24460992395616
food,35,121.9961149979877
food,36,125.50629155085737
food,37,115.9690771760171
food,38,118.89815307155817
food,39,119.60437212149164
food,40,118.72221831249203
food,41,122.64028521257424
food,42,120.00089047271403
food,43,117.18883054071429
food,44,116.04786001887
food,45,122.30238542111569
food,46,129.87831159723865
food,47,118.55043032429538
food,48,122.08605424029567
food,49,115.03621688506051
food,50,122.51689892932771
food,51,119.17532560633417
food,52,118.5955437861612
food,53,121.8146250619243
food,54,124.92546892210856
food,55,118.12112768480978
food,56,123.98663003773886
food,57,121.10300577516075
food,58,116.33459520976533
food,59,118.00473651895385
food,60,122.12401266111657
food,61,121.08115970078211
food,62,120.42058707113836
food,63,124.83291191154522
food,64,119.73196065211373
food,65,119.10425026337688
food,66,122.60565849463723
food,67,119.50027955171765
food,68,117.38947118731222
food,69,120.25802057569064
food,70,121.53008790984596
food,71,117.16554509720763
food,72,119.93508576419842
food,73,120.02470215638898
food,74,120.98224512755283
food,75,123.24402973237727
food,76,121.50588540111542
food,77,115.12632331041111
food,78,121.82609598027622
food,79,127.24314614262
food,80,128.70747600269044
food,81,122.72544300378733
food,82,122.22056147896272
food,83,120.15607402562824
food,84,122.457984070097
food,85,116.00789958704156
food,86,117.07315578116106
food,87,120.35768889915377
food,88,117.745396899864
food,89,122.81820237104897
food,90,117.47580648990663
food,91,121.77889809704898
food,92,121.16040126171103
food,93,119.76962310548491
food,94,119.37593758130502
food,95,124.35929333510371
food,96,123.6102118276302
food,97,120.71305102051551
food,98,122.33990577546301
food,99,122.70304279671598
food,100,116.6351357582142
food,101,120.63480171332598
food,102,114.5123936832466
food,103,123.421379192566
food,104,120.33783740198307
food,105,120.14708963821745
food,106,124.44704159634763
food,107,122.1602580786596
food,108,119.10972564948364
food,109,130.0963953783673
food,110,120.25112339658276
food,111,120.7807161686778
food,112,118.68575303380318
food,113,122.54923028737174
food,114,121.40969239297416
food,115,119.5529733582681
food,116,118.73523630873055
food,117,117.29171355343297
food,118,115.92687913205796
food,119,121.19390655544373
food,120,118.0411412106596
food,121,122.72963577061262
food,122,117.71240411404462
food,123,121.15840211783507
food,124,119.71641800159975
food,125,121.25034548643792
food,126,119.09310808418377
food,127,120.20998595764532
food,128,120.9278675559253
food,129,120.85472067414742
food,130,117.55999580969603
food,131,115.79033290040412
food,132,121.69702507286225
food,133,123.63356306651707
food,134,124.59260048239771
food,135,120.99016370240308
food,136,116.93266440540285
food,137,119.95835560806394
food,138,126.96063454337838
food,139,122.47107257268352
food,140,118.44807305324498
food,141,122.74504715812165
food,142,119.62033779233519
food,143,119.79781126900382
food,144,120.50206585107262
food,145,122.8581883351095
food,146,120.70774258276677
food,147,122.94040225267445
food,148,122.15720190863013
food,149,123.28348791876498
food,150,122.6743855137334
food,151,117.63785334584999
food,152,119.28029220469767
food,153,119.74406451084899
food,154,123.18431917190978
food,155,118.48426626841176
food,156,118.77687935941184
food,157,120.32569196075936
food,158,121.93775376677046
food,159,118.87041330390196
food,160,122.66727094488463
food,161,119.49504122425213
food,162,118.8396419918228
food,163,122.41055478201139
food,164,121.59460317560067
food,165,117.99145434333853
food,166,117.44437509988501
food,167,118.65078684804236
food,168,117.76955286498232
food,169,123.08592372823246
food,170,122.95324949814493
food,171,124.56191695449914
food,172,121.19547420847626
food,173,119.24790532194274
food,174,119.0709630210842
food,175,120.28751855973925
food,176,120.01868707531196
food,177,118.45381583816477
food,178,117.32170400335471
food,179,118.63726064724709
food,180,119.58856319490106
food,181,118.81157048164161
food,182,125.68668085668568
food,183,119.98117485077525
food,184,120.36118976808827
food,185,118.42590515050362
food,186,121.72877662592387
food,187,116.40742287151227
food,188,121.46379406296685
food,189,117.52699757970223
food,190,122.69394938920222
food,191,123.58520246201132
food,192,121.28435651774276
food,193,118.41042334039199
food,194,120.75375946293698
food,195,121.29671272374762
food,196,118.2714479099763
food,197,116.08181508962123
food,198,120.81810512590488
food,199,117.00681629077938
food,200,119.97538815464732
food,201,118.66476397986065
food,202,114.0490068207195
food,203,119.82717861792071
food,204,115.75560111333974
food,205,122.748154940879
food,206,124.28490313439416
food,207,125.26394996048782
food,208,118.66638703127283
food,209,120.46474540492629
food,210,122.60225491748433
food,211,119.3387519382519
food,212,120.16888384831996
food,213,115.88706185754873
food,214,125.68391803126315
food,215,117.24456968143208
food,216,122.65271121999857
food,217,123.10453531179475
food,218,123.3861305931819
food,219,121.84259959095465
food,220,119.19515535909981
food,221,123.82257417066998
food,222,118.30653895229861
food,223,121.39672175212135
food,224,122.46876916147538
food,225,121.36773676473199
food,226,121.02265090008875
food,227,116.66360022819049
food,228,119.82947651266218
food,229,117.69008422608398
food,230,117.87256779039468
food,231,118.94941773122679
food,232,119.12155776109388
food,233,118.6983497436924
food,234,118.90632574061894
food,235,118.20576100418394
food,236,119.51605345276468
food,237,123.55271471399571
food,238,116.76884175143785
food,239,122.706473289578
food,240,124.5347683291093
food,241,116.33227857145923
food,242,119.65104731031673
food,243,116.2265285567997
food,244,117.64744389539794
food,245,120.07240895337254
food,246,118.84061690698753
food,247,119.8728973810278
food,248,120.09013720678216
food,249,123.42966937551654
food,250,122.66768524708613
food,251,123.01388658520602
food,252,121.72985814821861
food,253,121.68232605749849
food,254,120.435797008537
food,255,125.24241845252604
food,256,125.24864029412215
food,257,117.92224174432211
food,258,122.23722974748767
food,259,120.76855178660875
food,260,121.17141569865584
food,261,117.02416381740055
food,262,116.50981593130196
food,263,122.50419425878914
food,264,121.78158368729568
food,265,121.29309348869384
food,266,120.42405931715085
food,267,119.24751916156846
food,268,125.54728693380805
food,269,121.85503407037434
food,270,118.62494374354671
food,271,121.0317844188242
food,272,122.0356856789019
food,273,119.78668012153861
food,274,116.23607370660534
food,275,118.82642025988022
food,276,121.79914087275472
food,277,120.13147762476098
food,278,122.29782545510939
food,279,123.62977230273732
food,280,122.04754273668514
food,281,120.2262452293009
food,282,117.91347583695585
food,283,122.18402394883168
food,284,121.81194178956152
food,285,120.29394850961972
food,286,121.69356673470453
food,287,120.8685653818512
food,288,120.14966778916647
food,289,119.37734462920425
food,290,122.07857827289898
food,291,118.80529034992702
food,292,119.97754557165045
food,293,113.64388770674645
food,294,119.5688131753545
food,295,124.89764220395334
food,296,123.41463712968483
food,297,117.85272678861244
food,298,117.78418908548474
food,299,122.10265982828201
food,300,118.0401667489114
food,301,120.31089090527327
food,302,121.91133563525278
food,303,121.15159238853546
food,304,116.90367094108345
food,305,121.34057517709793
food,306,116.6847460012427
food,307,113.42663794249275
food,308,121.93487634130045
food,309,117.12528343335069
food,310,120.09850703946496
food,311,121.94670057701298
food,312,125.81952927291997
food,313,121.2197654403695
food,314,118.11692910405928
food,315,122.47165775391787
food,316,118.75805440306004
food,317,117.70217992221762
food,318,119.05930861842324
food,319,122.52547615700833
food,320,121.66513700043964
food,321,124.76579219634635
food,322,128.85486851905068
food,323,120.25366073047343
food,324,116.72509700596439
food,325,118.42848735895484
food,326,122.90779296247617
food,327,121.10609441471605
food,328,118.91992601293417
food,329,120.02704527992798
food,330,121.77495221867842
food,331,121.00231290803917
food,332,119.2476202091901
food,333,121.67349173457127
food,334,120.64334926669777
food,335,121.06655240709725
food,336,119.33975567964971
food,337,124.217186802586
food,338,119.37617814473576
food,339,124.71353931473624
food,340,116.53966878339112
food,341,123.17850472620566
food,342,120.2888355136851
food,343,122.13927183271326
food,344,118.00364917610493
food,345,121.03593983290446
food,346,121.03350898683966
food,347,123.54654716016282
food,348,120.24932709765845
food,349,116.56343145686094
food,350,119.02264425385556
food,351,114.87987251161246
food,352,122.00998237423943
food,353,122.13976486455194
food,354,116.82028618214827
food,355,120.56758612941792
food,356,117.47925272752906
food,357,118.07687119190913
food,358,119.55056315540932
food,359,116.59349452484807
food,360,119.85126904649006
food,361,121.66275849041138
food,362,120.88682555481131
food,363,120.86444058111854
food,364,120.53516128298558
food,365,117.87177606062458
food,366,119.57352661007425
food,367,120.24519009182737
food,368,122.27099504342914
food,369,116.87581612864642
food,370,118.83231791480688
food,371,126.99064401008084
food,372,125.57207564080959
food,373,121.49094546626327
food,374,123.09457941811775
food,375,116.95232081319864
food,376,120.47484343392732
food,377,120.82577413058888
food,378,118.11676752208962
food,379,117.16632238421964
food,380,115.85138323677842
food,381,118.84517042470281
food,382,117.3471473849433
food,383,117.43096571446874
food,384,118.01024284921576
food,385,120.21398528632538
food,386,118.16609018984607
food,387,119.61590761383903
food,388,118.06434184402393
food,389,115.5061886373791
food,390,117.36383874365255
food,391,118.53055417436576
food,392,121.12973864146454
food,393,120.80530019314159
food,394,116.51620286237588
food,395,117.418305520066
food,396,124.5036198974961
food,397,115.30883615961646
food,398,120.85923658530977
food,399,122.95972434037401
food,400,120.92279997852494
food,401,119.68373756414417
food,402,120.3974089558395
food,403,119.07496315099242
food,404,118.60292335115761
food,405,121.49268606320807
food,406,120.30407837703501
food,407,124.4013354666939
food,408,126.92114111685609
food,409,119.63090815475901
food,410,115.99427837729681
food,411,120.73916633234252
food,412,121.03395515335372
food,413,118.06355903100167
food,414,116.39923615248449
food,415,123.00419635643163
food,416,119.94266941838629
food,417,117.88540961418836
food,418,121.11830043749971
food,419,123.82401363616586
food,420,120.07367256223993
food,421,116.96970590844589
food,422,120.21350140033746
food,423,123.04557014238964
food,424,117.87352662931774
food,425,123.19837869433744
food,426,121.05023111044953
food,427,121.07271812012883
food,428,125.41813422159349
food,429,119.86980264184876
food,430,116.77904704662487
food,431,121.53208530220556
food,432,119.99929186489346
food,433,122.40110122651677
food,434,125.27897823311196
food,435,121.82876402383893
food,436,124.12403212496201
food,437,120.89211657300727
food,438,120.13433407552267
food,439,119.5251458246307
food,440,120.57885300177935
food,441,124.64401095554017
food,442,120.64294834065232
food,443,120.42872587018627
food,444,120.59249036205142
food,445,118.40644412790557
food,446,119.06891160143978
food,447,120.29537399035455
food,448,119.21331629526577
food,449,119.39729927940579
food,450,116.0805511250133
food,451,122.95593116223927
food,452,120.70705449645138
food,453,120.47654516892965
food,454,118.30686622696614
food,455,120.6230332565953
food,456,121.50934547428791
food,457,121.67359809319953
food,458,118.01276795955114
food,459,117.41962315079266
food,460,124.87877629241899
food,461,121.12634920350118
food,462,119.79238835554374
food,463,127.5245672361132
food,464,120.72728780762638
food,465,124.05370986494194
food,466,120.77510728939329
food,467,125.28775447843017
food,468,123.92164897609719
food,469,118.80591254416026
food,470,122.44340137604613
food,471,122.36345608696821
food,472,125.21696656782073
food,473,123.54234915304858
food,474,118.7421600428897
food,475,121.58687191366056
food,476,122.7033134735468
food,477,119.51522113684894
food,478,118.00964143251755
food,479,124.05130308471315
food,480,120.7397710413874
food,481,124.30194682460657
food,482,121.31408352887057
food,483,122.84888261087832
food,484,122.25411716070127
food,485,120.87930212342744
food,486,122.45857372510748
food,487,121.16201596009455
food,488,121.63229107676699
food,489,123.12938896452886
food,490,120.99566465595673
food,491,125.64775407103663
food,492,119.584468851783
food,493,117.17744233865608
food,494,121.92147806613744
food,495,118.64073700795907
food,496,120.25544907614503
food,497,118.84227696539314
food,498,119.12254875646171
food,499,122.26702728614802
school,0,120.00869540271633
school,1,118.27948660955845
school,2,120.56835970694249
school,3,121.5709918596091
school,4,117.78611358857378
school,5,121.28968166684406
school,6,117.81665158621169
school,7,118.89364450530142
school,8,117.60010896908545
school,9,118.58330710056006
school,10,115.69980924861574
school,11,116.68040440091984
school,12,120.09535877648736
school,13,116.13863047428829
school,14,119.27613308668572
school,15,120.78854122417349
school,16,118.82890188462068
school,17,120.01435429958913
school,18,120.93679490992702
school,19,117.10344566181452
school,20,117.57553882020592
school,21,115.57876119058486
school,22,119.42513534549948
school,23,119.18613441892514
school,24,118.5172327128973
school,25,121.34882748947899
school,26,117.61043536637963
school,27,119.95811567359544
school,28,122.63910437036446
school,29,120.61123228157302
school,30,119.99810359965942
school,31,121.46655002966129
school,32,120.60103649804326
school,33,118.18521665271842
school,34,121.16453990011027
school,35,122.60615321251618
school,36,117.47834737937335
school,37,120.80520309213274
school,38,119.58582137682723
school,39,117.60535306555897
school,40,121.3983757030475
school,41,117.28906225612603
school,42,116.34791824002737
school,43,123.96845105289486
school,44,115.98946613949003
school,45,119.38354748055538
school,46,119.84424138517637
school,47,119.77339326130081
school,48,116.49653225824184
school,49,120.12509717517091
school,50,122.76535989765236
school,51,123.37221320619025
school,52,119.15252059306258
school,53,118.82203459867387
school,54,120.00535296561658
school,55,122.64695677444266
school,56,121.29730002813817
school,57,117.58124201428444
school,58,120.17640940812753
school,59,121.58934258621909
school,60,120.3583216135274
school,61,120.44361478382422
school,62,115.98928216891873
school,63,119.68884639009684
school,64,118.9703168655807
school,65,118.77743723943843
school,66,119.73844058882956
school,67,120.79383560570345
school,68,120.21257672147725
school,69,121.58411251169706
school,70,118.26419046049601
school,71,127.21657432284765
school,72,122.60861607152052
school,73,117.36598280082056
school,74,120.05375416636628
school,75,118.29202131004021
school,76,117.14986507516288
school,77,119.65893349176098
school,78,123.95843563190066
school,79,118.3509804480853
school,80,118.69738178509799
school,81,121.43163861356095
school,82,118.74436776987132
school,83,116.49444188025898
school,84,124.02859790804311
school,85,117.82195852577075
school,86,120.46786852051082
school,87,120.4558709424168
school,88,119.23333017485113
school,89,116.61698234002624
school,90,118.20784182766405
school,91,123.65392327163245
school,92,118.78113867410892
school,93,118.86056928394935
school,94,116.06194462722101
school,95,119.51584843318834
school,96,119.74731232939493
school,97,118.03703710434479
school,98,117.01706794705564
school,99,117.17771385805638
school,100,120.08057310944504
school,101,121.12374467719751
school,102,119.10567194302415
school,103,120.89459396513914
school,104,122.1913882484303
school,105,118.24013620335361
school,106,120.42441000237834
school,107,117.32662767194417
school,108,114.93478716748183
school,109,116.19140669017666
school,110,119.8499823296093
school,111,116.86438626522069
school,112,117.12336823438835
school,113,119.11427379753998
school,114,121.49151085916488
school,115,115.29872955599774
school,116,115.67565839079568
school,117,124.21224638059576
school,118,120.16526833950265
school,119,124.28587860743508
school,120,120.76521543704644
school,121,123.66698834603793
school,122,121.48195833608581
school,123,122.18595592814196
school,124,117.47075722101772
school,125,120.28917714382199
school,126,114.92565826956145
school,127,116.64000483908087
school,128,116.85110941510818
school,129,119.97848954978151
school,130,121.5906127724661
school,131,121.21055570607469
school,132,121.29264133035956
school,133,121.12098858754787
school,134,123.02800795845666
school,135,117.88421649735743
school,136,121.92455236936925
school,137,120.20473697814052
school,138,122.50301508733624
school,139,119.7136793460911
school,140,117.99392128771788
school,141,118.30418253228689
school,142,116.79575975330036
school,143,122.96022079379566
school,144,121.76360708458493
school,145,125.6569909463057
school,146,121.30408533287216
school,147,116.84462642490597
school,148,124.01877881621463
school,149,120.06405725192448
school,150,124.16860735361122
school,151,121.16257298140651
school,152,124.92901418105635
school,153,121.0452537788799
school,154,118.82824679035416
school,155,121.44347467634272
school,156,119.00852833350615
school,157,117.93815949281206
school,158,117.29366454938474
school,159,120.49237232832328
school,160,118.42495253024656
school,161,122.46738547272156
school,162,118.25381195256821
school,163,130.87107163965376
school,164,119.67886957105836
school,165,119.83313149389774
school,166,119.8486964256117
school,167,121.00441449802328
school,168,120.49355814440428
school,169,124.541802193829
school,170,121.43084405493822
school,171,114.91420813154103
school,172,123.02854472452087
school,173,118.32886383351612
school,174,117.00908503034842
school,175,122.98271885331624
school,176,116.19223146208404
school,177,115.5923664403534
school,178,122.50665113272656
school,179,117.0075101403994
school,180,118.96877659958618
school,181,117.27544953736955
school,182,119.87367679502927
school,183,116.75384663194059
school,184,120.01295321056999
school,185,116.42067006649128
school,186,119.93828174006302
school,187,116.57768547042824
school,188,117.48241279765092
school,189,123.34829974003108
school,190,119.04142328107399
school,191,121.16022457468847
school,192,116.22250806679142
school,193,116.09773577287943
school,194,118.0927303690559
school,195,119.70861574449354
school,196,118.36664710240103
school,197,119.0091706892612
school,198,121.50818536704875
school,199,118.88388946665309
school,200,120.12178172464994
school,201,122.33478328490442
school,202,120.39011966690758
school,203,118.97553724304564
school,204,117.41841150869692
school,205,120.81882083376325
school,206,118.66305695396484
school,207,121.39734698581566
school,208,114.38327878139891
school,209,119.55449945609334
school,210,119.94400865898433
school,211,117.25620585166942
school,212,118.82341426849858
school,213,124.97977998448148
school,214,118.50344634770751
school,215,116.65920154225375
school,216,119.36824266050866
school,217,121.89703032335852
school,218,117.99356822877398
school,219,117.80462279115125
school,220,118.57958496818259
school,221,117.63913431204791
school,222,119.54068558547442
school,223,119.66943878988066
school,224,118.69178133798897
school,225,120.58635088559129
school,226,118.93241205704999
school,227,121.26254100845095
school,228,119.59403076330698
school,229,118.6677727352279
school,230,121.49424352005538
school,231,123.76388120996562
school,232,116.94080676036234
school,233,118.24718209961758
school,234,115.54642537601343
school,235,117.9488533127735
school,236,122.24777293619327
school,237,120.71559399206603
school,238,116.37984439416893
school,239,119.42556198131177
school,240,119.87393487270748
school,241,117.78177502519165
school,242,120.4693853132392
school,243,118.86537816303593
school,244,116.84987600122183
school,245,120.3808664940076
school,246,118.4243452101541
school,247,117.88854902545916
school,248,115.39364137248552
school,249,118.43594624983768
school,250,120.09787913842938
school,251,118.0669337103382
school,252,115.42392904037553
school,253,117.69454975100868
school,254,122.82052286219903
school,255,122.03562685772707
school,256,122.44215681514959
school,257,121.87575693578687
school,258,119.43826358077814
school,259,117.92813547298913
school,260,120.49866410349104
school,261,116.21469756959048
school,262,121.85728344497252
school,263,124.54713891400178
school,264,122.64659668134772
school,265,121.32345813300151
school,266,118.60581638657631
school,267,116.2053446120195
school,268,116.94641681060862
school,269,118.83599303737003
school,270,116.82046416199438
school,271,118.68787794236017
school,272,120.64717021230848
school,273,119.50211226645291
school,274,118.09816221903498
school,275,120.92169014246016
school,276,118.47722554814753
school,277,117.00203591233456
school,278,116.35647258894097
school,279,119.22218816217544
school,280,122.03179242486841
school,281,118.61840513497843
school,282,120.85291981020256
school,283,118.56138971097938
school,284,120.32902661812557
school,285,122.65961492502801
school,286,120.77280828442116
school,287,122.51555951615687
school,288,119.14070218588935
school,289,125.25818196028628
school,290,130.3990876336253
school,291,120.43192831987125
school,292,114.4480370831596
school,293,120.17684998462674
school,294,117.19697429392359
school,295,118.04882196851226
school,296,115.01054695082883
school,297,116.291096984293
school,298,119.70721210566262
school,299,119.26503190386701
school,300,122.93826462635451
school,301,122.31076620726962
school,302,123.68188043641702
school,303,119.93692665573008
school,304,119.96650418952679
school,305,121.28442514011684
school,306,121.30796682730617
school,307,118.53349441342561
school,308,121.75558922541288
school,309,123.72618644125981
school,310,122.16475357255561
school,311,118.06167932425069
school,312,117.27921798123613
school,313,119.49689095275338
school,314,118.67282419691743
school,315,121.06202895397915
school,316,122.68433119208346
school,317,121.44350431888451
school,318,124.65503276145371
school,319,119.20122969256369
school,320,117.46012851996814
school,321,120.77760688616806
school,322,118.55347704094316
school,323,118.03001505305161
school,324,120.58205092441614
school,325,117.86847122638655
school,326,122.55647542878927
school,327,120.4998465088813
school,328,123.35133778112979
school,329,119.75169922699244
school,330,115.9462945957138
school,331,118.30909967946215
school,332,119.53620428951142
school,333,118.83917030829139
school,334,121.12342398706326
school,335,119.67222868536929
school,336,122.58225499138773
school,337,118.80801368264832
school,338,117.04375800494155
school,339,121.0754027195764
school,340,115.01481700194078
school,341,117.99853545489756
school,342,118.04139141273846
school,343,119.80937363503332
school,344,117.2321045905987
school,345,119.58637190734171
school,346,115.08368430768357
school,347,120.43829828768015
school,348,121.20640869233641
school,349,115.25579144068718
school,350,117.49127474957042
school,351,121.5395170044157
school,352,120.25045090043243
school,353,122.32537381735162
school,354,116.66910423069297
school,355,125.42828597533212
school,356,117.25334554470572
school,357,121.61149065983952
school,358,120.63732161871657
school,359,119.5709860362577
school,360,117.70639396725583
school,361,121.8408370356691
school,362,121.53323676209496
school,363,116.05337611513811
school,364,120.4777556260898
school,365,124.6161109383797
school,366,120.8450891027431
school,367,119.06310348672235
school,368,119.11797083781568
school,369,119.40276148508164
school,370,119.8541728057424
school,371,117.4512705367065
school,372,121.68645942985967
school,373,119.10108532807853
school,374,117.63779454863692
school,375,118.58306196287288
school,376,119.66964316037756
school,377,118.92677366321875
school,378,127.2498543645027
school,379,116.72711568393947
school,380,119.44519171644916
school,381,120.41515128203007
school,382,120.19158112896943
school,383,119.23672821165312
school,384,114.89961822764825
school,385,120.15489844038332
school,386,125.10841426785346
school,387,124.174024455935
school,388,122.14291582820887
school,389,120.12470273369347
school,390,120.18415982413322
school,391,120.89112837908486
school,392,117.09746748733434
school,393,118.46263478844621
school,394,118.32638870119322
school,395,124.34980624590348
school,396,121.0195711760178
school,397,121.125565320204
school,398,119.97107965310593
school,399,120.12518289079614
school,400,122.52225653789033
school,401,118.56526819882738
school,402,114.56119514805042
school,403,124.00482496686753
school,404,118.3455759093899
school,405,121.00735057988476
school,406,125.46565709711734
school,407,117.58933869702666
school,408,118.86604012382114
school,409,123.50727503882122
school,410,123.91943863909486
school,411,117.59285208266996
school,412,123.93786771701198
school,413,122.9361031369223
school,414,120.9336431967125
school,415,120.0284104993584
school,416,120.28663078501513
school,417,113.62866612748424
school,418,117.71111355540262
school,419,122.3132134673097
school,420,118.81801079112628
school,421,122.277054824386
school,422,120.06951485108918
school,423,117.49738839530046
school,424,123.17468958361302
school,425,117.24496412633631
school,426,116.27672282920052
school,427,120.86528938249236
school,428,119.29490108548582
school,429,126.03785678974522
school,430,118.7003181338101
school,431,115.39526952052401
school,432,120.5958476826819
school,433,115.69680466110472
school,434,120.56496986385426
school,435,120.45682045969535
school,436,115.97107884936659
school,437,115.81484828050111
school,438,121.20576984061142
school,439,118.09368042273778
school,440,119.99459521045186
school,441,125.19143137392454
school,442,117.90358734769353
school,443,113.32255477493511
school,444,117.88145875114107
school,445,118.449234592367
school,446,117.32601306772193
school,447,117.05924701186723
school,448,119.08485289102768
school,449,118.55916749045625
school,450,121.22235957432186
school,451,118.96023754277503
school,452,123.51134991349493
school,453,122.82169132742698
school,454,119.38944937247982
school,455,116.68415694472681
school,456,122.72699759621264
school,457,117.51756100259492
school,458,117.91551194151302
school,459,120.48333797677284
school,460,124.1099381053053
school,461,117.60466563246494
school,462,123.93889242723775
school,463,113.23874279907298
school,464,117.14118233277375
school,465,124.24183029150448
school,466,121.48986060458515
school,467,118.38734987074227
school,468,116.85994317946302
school,469,119.65917500535627
school,470,120.99726793494237
school,471,115.94338551181113
school,472,122.92795544192654
school,473,120.97582968022596
school,474,118.64638243864485
school,475,115.83271215234541
school,476,118.09619431132272
school,477,123.45272533497749
school,478,116.78104219769725
school,479,121.4680182640145
school,480,126.166542421041
school,481,120.35229067047067
school,482,117.25648347225174
school,483,116.6894959549831
school,484,116.61852548698282
school,485,120.30742569385573
school,486,118.35223382576542
school,487,119.91332089604381
school,488,122.41107175136317
school,489,113.21959419741397
school,490,118.20324684910514
school,491,119.77465010113121
school,492,123.09026945833588
school,493,117.96611539512026
school,494,118.85053100830396
school,495,120.20262155370716
school,496,117.52366958646729
school,497,117.48013124919801
school,498,120.38583851614553
school,499,121.7973587146117
