Rating_ID,Item,Parsed_Ideas,Rater_ID,Originality_1_to_5,Usefulness_1_to_5,Valid_Use_0_or_1,Notes
d587a81e76228bf6e56d,book,Toy,,,,,
3735a90deb1479a99736,can,Border marker in gardening,,,,,
bb6a2612cc34ff8b4df3,fork,Opening tight lids on jars,,,,,
bb6987f7a8393708b704,towel,Dusting furniture,,,,,
cf211b31f2eeea98cbfb,book,Toy for a pet dog,,,,,
c6b6e609185f4b714499,paperclip,Reinforce the back of envelope addresses,,,,,
a4cef1e4d0b193d9455e,paperclip,Securing labels on packages,,,,,
f57925e0f7a0ac2ea9d8,book,Dog toy,,,,,
8f405be1422fe540abac,paperclip,Fixing broken book spines,,,,,
ccf71be0aabc5ce49b93,can,Playing a percussion instrument,,,,,
7292efb67b8dd89b344b,towel,Creating a makeshift sling for a sprain,,,,,
44b6e4376dc5071a4457,book,Book as a paperweight,,,,,
65297661d95364459ede,towel,Carry wet swimsuits,,,,,
2f9d92b8e66224fd1b1b,can,Support for gardening stakes,,,,,
2f8e318e4ec999e6e50c,can,As a weapon in a pinch,,,,,
a4a8908cc60b5e207f29,can,Cover for vents or air grilles,,,,,
30ddd158fb1f95c51295,paperclip,Hold papers together temporarily,,,,,
d6fa295c45ec0df73bbb,fork,Holding pages of a book open,,,,,
ae4a721074b90e199fb2,can,Protecting objects from impact,,,,,
b5952fa1670e50d5be47,fork,Creating gaps for wires or threading,,,,,
1669b6fb75c374de829b,can,As a starter for planting seeds indoors,,,,,
41ded5f92209ca02349e,towel,Teach physics principles of buoyancy by floating it in water,,,,,
cdc5a32c19229b470cd4,towel,Dusting off bookshelves,,,,,
19e0799fb9d19be15fec,fork,Opening jar lids,,,,,
afa64247dd32c35a4084,can,Creasing paper quickly,,,,,
7f4cc1ee8eb4abf54e3d,book,Fan,,,,,
21998a3e9254d40995b9,can,Creating a barrier between objects,,,,,
87054c916301ef6f8a98,towel,Polishing surfaces,,,,,
0bcd725a7796993cfe6b,can,Plank for stepping up or standing on,,,,,
dc39c5330b99ba27d157,paperclip,Creating a weight balance for a scale,,,,,
a7379b9d84da9fd7d7d0,book,Paperweight,,,,,
4b8393d2fdf6a3c0d58e,book,Fan,,,,,
e5f98e28810cf55aa439,can,Can as a plant holder for small succulents,,,,,
08a803c1712c01fc071b,paperclip,Indicating a document needs additional information or signing,,,,,
f2e25ab37fea6ae1d23e,can,For storing small electronics like chargers,,,,,
cce2a52dd755ea998563,book,Stool,,,,,
b3f6c96224be0eca052f,paperclip,Hold pages together in a file folder,,,,,
531f54982cad44645519,can,Serving as a grip for small objects,,,,,
72ba998b9ef140d2a090,book,Paperweight,,,,,
21cdb73dc86d1ed1a5af,paperclip,Creating jewelry components,,,,,
12b83d2dda97836e8670,paperclip,Fashioning a simple paper airplane propeller,,,,,
98e4109d728b59245384,book,Paperweight,,,,,
265c82450364e0ac6a74,paperclip,Making small weights for scarves or hats,,,,,
5076a0d8a92cd248d0d6,towel,Placing under hot pots,,,,,
3f60c9d00867849917b1,fork,Aligning teeth when using dental floss,,,,,
46e9ac085665f8e58257,fork,Dislodging crumbs from hard-to-reach spots.,,,,,
2a4a34f788701fbf49c5,paperclip,Securing small items to a list,,,,,
2984fe2e5d89ad73912b,paperclip,Making small hooks for hanging things,,,,,
cd21422780a320828447,towel,Absorbing ink spills on paper,,,,,
ad14a38f6ac6b3d95410,towel,Holding onto items while wet,,,,,
43e04432539b6b0c08ab,can,Small container for seeds or nails,,,,,
d6679b432c33f6f2d2b6,towel,Wiping hands after meal,,,,,
e146fcdb43fcc268e94c,paperclip,Marking bookmarks,,,,,
a765d0f1c3bb6597e7c6,can,Temporary container for liquids,,,,,
f451077063d134606007,fork,Marking space on a board game,,,,,
2a533990f9e79fba341d,can,Hammering small nails into soft surfaces.,,,,,
3048feb14b1e3ccfdd39,book,Toy for children to use in pretend reading games,,,,,
7dea0327706edb842fb0,towel,包扎小伤口,,,,,
aa270a507fbb58257654,can,Tapping on a drum,,,,,
929b78a27fb5b7d8343a,fork,Winding hair,,,,,
c54d7915f907f4ca85dd,can,Decoration for home or office,,,,,
aca98107a40651323330,book,Sound amplifier,,,,,
b766df9674650705cdf3,book,Firestarter,,,,,
02644978361664d67fc3,towel,Absorbing spills,,,,,
c80cebc23f66be17bad6,book,Source of wood for paper production,,,,,
23934227b20b13a0c955,paperclip,Holding nametags together,,,,,
d88387af92a662090c17,towel,Removing makeup,,,,,
9e1e5c001cca4f5ef243,towel,Sling for light objects,,,,,
66b7e4016fd76d863cb2,fork,Pricking balloons to deflate them,,,,,
fabee44563720beb4c49,paperclip,Secure fabric during sewing,,,,,
7d8f775c6e81f866bfd1,book,Conversation starter,,,,,
2adeb1c1c1b3ed6e4c59,book,Surface to lean against while standing,,,,,
b61e3a280d6376cf3604,fork,Fixing loose threads on garments,,,,,
6a6c12e82320cb10dff6,fork,Pricking or piercing material for needlework,,,,,
b5c56d7ce7c63b09b85e,book,Level when flat,,,,,
cc2df4f44a50e6120414,fork,Fluffing up cloth for quick drying,,,,,
20877ac3c7025211c2fe,fork,Scratching itchy spots when no hand is available,,,,,
0a2afb4ffd90054d5e47,fork,Opening jar lids,,,,,
8eb610e05e8aeca090dc,paperclip,Create a holder for pens,,,,,
c9a8606f9768d9099d4d,fork,Kneading small amounts of dough,,,,,
3f10cb20d8b71a443aa8,paperclip,Organizing small office supplies,,,,,
bd7276aa4da90fdad35f,fork,Polishing metal surfaces,,,,,
59e56c8867f4d3593f43,book,Decorative item,,,,,
c48ca971c403da61974e,towel,Tying up hair,,,,,
cb82d6f2529382aa6455,can,Alarm system when thrown,,,,,
3f47c339407954734bef,book,As a doorstop,,,,,
2cd8eb5fbcf6ab68fb8e,fork,Spreading paste or glue on fine paper or fabric,,,,,
1890b72bc97d6d40398f,book,Weight,,,,,
b898bdddb4961a6c2b6c,paperclip,Attach information to belongings,,,,,
9c4a66338afbc9e85245,paperclip,Creating a paper airplane for a fun break,,,,,
011da6093ad7ca184b04,towel,Cleaning a手机屏幕,,,,,
f1cfa75af912de1b5cf7,can,Express approval or agreement,,,,,
4f2aa1f6ad0b0b09172c,paperclip,Bracing for small flexible items,,,,,
e4756786addff8ddee58,book,Bookshelf decoration,,,,,
f1dea64c028be3e8f1d6,can,Placing plants on a windowsill,,,,,
449ad83524cf3992987d,towel,Cleaning jewelry,,,,,
d9f77755588df8f705c2,book,Toy for a pet,,,,,
ceab42f4b4908f43cceb,book,Diving weight in scuba gear,,,,,
c598aa9a65513bd9d722,paperclip,Wrapping small gifts,,,,,
cffcdc35138187db301d,towel,Covering books,,,,,
f3181739d13e8ba58e97,fork,Measuring water depths in shallow areas,,,,,
c007febdb8ac94af0f97,towel,Making a simple weapon (for martial arts practice),,,,,
5297c7c97b7771262e38,can,As a doorstop,,,,,
e628f95366769cf1371f,paperclip,Mark spots in books or manuals,,,,,
8542c5219b2878b25316,paperclip,Constructing simple bird houses,,,,,
0aac5a74bcdc31f4b232,can,Surface for labeling notes,,,,,
5781b28543b35cc14a76,book,Book to lie on as a pillow,,,,,
e0d96eab064bf06ac6fd,book,Doorstop,,,,,
a2293f295c5f3f3e01ba,fork,Digging small holes in soil,,,,,
9d0b9af4f18c84eb4c4a,towel,Serving as a make-shift drawing or coloring surface,,,,,
4b812d06defbd7ef6b45,book,Seat cushion for a chair with a broken seat,,,,,
20e527ced001f0857e47,paperclip,Linking index cards in a file system,,,,,
cb0314dd115ef27a4202,book,Flower pot,,,,,
3dbd17f3d70403c103ee,can,For striking tuning pins in pianos,,,,,
4c4417629261d6d0d399,book,Book as a gift wrapper,,,,,
9fd2e2cd7710565c5f7d,paperclip,Fastening tickets to prevent loss,,,,,
a78f78a5b747ba4832ea,can,Hammer handle,,,,,
1b27b3a3c57da3cb90d2,can,Upholding or propping up something,,,,,
c59a11e578afcf5b2dff,can,weapon in a pinch,,,,,
f7ae124726ea1a94d91e,can,Dust collectors in workshops,,,,,
58848239b0c2759ae244,towel,Blotting hands of freshly washed dishes,,,,,
2886cab59bd6ba98dc7a,fork,Pry open stuck drawer slides,,,,,
2cc9befe0f7276d58809,book,Weight to hold down papers,,,,,
7651ba91c97da6e17bfb,towel,Stabilizing frail objects,,,,,
f530660e125b1d736896,book,Marker for pages in a book,,,,,
1415fc874e416fc47001,book,Book for note-taking,,,,,
810a088a27fe87f9f161,fork,Stabbing vegetables,,,,,
a4945254ca1e1214a75b,can,Container for smaller items,,,,,
990462ed353ba7880bd1,can,Shield for protecting work surfaces,,,,,
1ee5ee24aa4423cdc8ff,book,Using pages to remove fuzz from clothing,,,,,
fa0c138c4253893610ee,fork,Spacing out papers in a stack,,,,,
9800b86da8854e64623a,can,Decorative item in floral arrangements,,,,,
348c42a442b1154718ab,book,Machete for hiking,,,,,
49c64e3a5803ebdada7d,book,Stool or support while sitting,,,,,
2aa5d52e9c1c41f94151,paperclip,Hold nametags together,,,,,
91394e0857a2d3e45b1c,towel,Gripping tools during exercise,,,,,
291444fd141fc2ea2ef8,can,Tapping plants to serve as stakes,,,,,
1fc1af6e2de03e2e864d,towel,Soothing bug bites,,,,,
33a3646278cc49801525,book,As a hammer,,,,,
d7c2ebeb24eec0e0272e,towel,Treating minor scrapes and cuts,,,,,
85110dc4ded1e3307254,towel,Protecting surfaces during painting,,,,,
0dfb8403ef9e1196b1b2,towel,Wiping down a computer screen,,,,,
ede95940ddc40aee6f1f,fork,Crafting decorative elements for arts and crafts projects,,,,,
de394602706f345b6f40,fork,Stirring small quantities,,,,,
c8c2c77edc13dec26781,can,Hammer for轻敲物品,,,,,
c275e427abf1d8fc1696,fork,Adding texture to pottery,,,,,
9fa9471b6d13a3ed8ebd,fork,Opening jar lids,,,,,
d50b01b06804a88bebaa,paperclip,Making simple paper loops for hanging,,,,,
c633791f4773a0286810,towel,Covering food,,,,,
9da80dbabff7f13f0326,can,Can to temporary store small tools,,,,,
c2ec2a86102d38604f6f,can,Starting a small fire (kindling),,,,,
0063708b8b53216bda2b,towel,Wiping facial sweat,,,,,
e959c0495fd532dad767,book,Dictionary for lookups,,,,,
7ba7075755ab60a8d3db,can,Used in artwork as a medium,,,,,
f2425d363c610d5593dc,book,Sound dampener between boards,,,,,
1441c95c23095a7042cb,paperclip,Keeping pages together in a loose-leaf notebook,,,,,
d3105e5ce30b743146eb,can,Holding tools during home repairs,,,,,
6f18acd3944fc2349dfb,can,Rocking toy for infants,,,,,
ab7295229b48d473be79,book,Fan,,,,,
75fdc6e0aaa77ec887f0,book,Valentine’s Day card decoration,,,,,
a535b041c53e87243e02,towel,Wipe hands before entering a sterile environment.,,,,,
a0caa217679d2b1dee19,towel,Creating a makeshift bandage for minor cuts,,,,,
df810af85b30784332f3,can,As a holder for jewelry or trinkets,,,,,
2daf457f158a584bc582,book,Toy for a younger sibling,,,,,
3565db58ea98d723b3bc,paperclip,Holding flowers in place for arrangements,,,,,
60fbb42a8dfd50664ca9,fork,Holding papers together,,,,,
aad5620357944b78ae29,paperclip,Marking the page in a book for easy reference,,,,,
8d5e8f2a182235900bd8,fork,Scratching itchy spots,,,,,
d7710ba49790e5d085f0,towel,Holding plants upright while transplanting,,,,,
32c3b4fdf3a17232b6d3,towel,Wiping surfaces,,,,,
3465749436f62f495e30,book,Hammer substitute for light tasks,,,,,
2e2bcd75e5638847ca29,towel,Wiping hands,,,,,
f5374d1348dddc5b09a7,paperclip,Pinning fabric or paper in art projects,,,,,
c8bf5eb327c730ed912c,towel,Cleaning mirrors and glass surfaces,,,,,
66d90eb4218f064f7760,book,Pillow,,,,,
7e191d9a772d0c4295cc,book,Conversation starter,,,,,
27beecb12e676855f0f7,towel,Wiping hands,,,,,
fcad11e09dfbbb11a96c,towel,Squeezing water from wet hair,,,,,
ee8859e27a13fdb5c898,fork,Mixing small quantities of ingredients,,,,,
f841d11dcd4c09204821,can,Defence in a pinch,,,,,
aea51928597254da27f3,towel,Absorbing ink from spills,,,,,
7d61784d335c24336f99,can,Generating sound by tapping on other objects,,,,,
74e395dcc1f3fb234b9a,book,Utensil for stirring paint,,,,,
e84c6a913b492a3ef38a,paperclip,Hold pages together in a binder,,,,,
9e4b67ed113b5fc173d7,can,For supporting small plants,,,,,
28ccc2b0d7393226acbe,paperclip,Creating separators for documents,,,,,
482daa4a023a7dd95fde,book,Painting canvas,,,,,
b33317ea75db91e1f435,paperclip,Holding pages together in a folder,,,,,
d81c5d368e60fbe65e73,fork,"Pressing buttons gently, especially in delicate machinery",,,,,
103ecc755b9daf9e6bfc,towel,Protecting surfaces,,,,,
0a6a8536bab77fc57ac1,fork,Removing small insects from food,,,,,
c83712b009a8c399d4ac,book,As a decoration on a shelf,,,,,
d74c6c88a80bae0111f1,paperclip,Tying small objects into a bundle,,,,,
df19bd4c7cb28f2ab76d,paperclip,Indicating start or end of a section in a document,,,,,
6360414f1c2a7ef6cad3,paperclip,Reinforce stitching in hand缝作业,,,,,
4c6fbba47bedd293759b,fork,Cleaning small spaces,,,,,
108e2053d492e4e404bf,book,Toy for pets,,,,,
5270a250e9fc0f279d7e,can,As a resonator in a homemade percussion instrument,,,,,
d9982d516c70a662e8ba,paperclip,Holding pages together in a binder,,,,,
3ea3645bb7dcddcdc32f,can,Holding tools in workshops,,,,,
07198b354fe40bc6f28f,towel,Dust surfaces,,,,,
6f5f6e32cb1085187d9f,paperclip,Tethering a cord to prevent it from getting tangled,,,,,
d394a760cb9dc19c21be,book,Firestarter,,,,,
be4b9d64259afa53de29,fork,Removing splinters,,,,,
e8ad702ea89d6469a95e,book,Weight to hold down papers,,,,,
36e44e6dd77ea3eed2b2,towel,Absorbing ink spills on paper,,,,,
f7e911329b6c569e003b,towel,Mopping up small spills,,,,,
71721bb54ebe312829ee,book,Weight on a window sill to prevent it from opening too wide.,,,,,
efe7855e958cb7775aa0,paperclip,Adjusting small gaps in devices,,,,,
09c64d3a2d0c6d4e786d,paperclip,Keep file folders closed,,,,,
0d10c799eec2ce5966b8,paperclip,Mark items in a list,,,,,
8418bcf79e7e9f93d62a,paperclip,Hold together small components,,,,,
cf5c8ee47e16a9936cbe,can,Alarm system when filled with water and inverted,,,,,
65f772f7ecf53aa87bd0,paperclip,Connect multiple sheets with a ring,,,,,
443a73803f766d0f4fa8,paperclip,A simple paperweight,,,,,
cd33589434393288a079,towel,Cleaning greasy pans,,,,,
2e5a713eb2679cd19f54,fork,Cleaning small crevices in furniture,,,,,
d9929348cba47b47e34a,can,Marker stand for camping,,,,,
07601f099ddc077061f3,book,Shelf decoration,,,,,
23ac081a8d82c6d0fef5,can,As a clothes hanger,,,,,
130fb25208e08edf8e9e,paperclip,Hanging plants,,,,,
ca937f3cc5a2496b2337,fork,Opening tight lids on jars,,,,,
6dc6e121d01cccc0d262,can,To collect loose change,,,,,
6c9158058f56b0ba6b4e,paperclip,Holding papers together,,,,,
922795cebe3b28aaaf80,towel,Dusting electronics,,,,,
6a55ee38fe72b5fb4922,book,Toy for a cat,,,,,
f1cf1c8ac439185fac8a,fork,Creating small notches in wood,,,,,
ca3d7833ad4a9b52ed48,towel,Cleaning electronic screens,,,,,
370c195ce281c3a6d15f,fork,Small picture frame hanger,,,,,
413949dd94797f81fa6b,fork,Removing small insects from food,,,,,
82acda9aaef6a8782783,book,Emergency signaling device by reflecting sunlight,,,,,
383c6be39bdbd01caaa0,paperclip,Keep post-it notes attached,,,,,
c2bc8f10589c81974d0a,can,Seat cushion for temporary seating,,,,,
6a63e550ce0306287477,can,Material for cleaning cloth,,,,,
16b1ec78391d4d5c5882,paperclip,Creating simple paperweights,,,,,
81c9dbda03514a594441,towel,Washing a pet's paws after a muddy walk,,,,,
59ababe241be5d970513,book,Sustaining plant life as a support structure,,,,,
a344b636593deef4cec0,book,Book as a flower arrangement holder,,,,,
680da118163efd32d42a,book,Lunch bag,,,,,
01c682475a7f6b077491,book,Casual fan,,,,,
41c9f0c7e800e3237af9,can,Locating pinholes in fabric,,,,,
f7409a2dcea4a2c6b784,book,Yo-yo,,,,,
8815a5975046fe610e4d,fork,Unraveling yarn or thread,,,,,
6f34936f7da68e05b569,towel,Protecting a phone from drops,,,,,
a9c02e62f63f231437f3,towel,Wiping hands,,,,,
a09c0c3bd54310b03c08,paperclip,Creating small clips for binding,,,,,
c198fab6d39a4065abb6,paperclip,Opening chip bags or crisp packets,,,,,
0f6cc24703f5a6041f67,book,Musical instrument,,,,,
eb930880679ad1e1f6aa,paperclip,Making simple toys,,,,,
371529314085a60577b3,fork,Assisting in light woodworking tasks,,,,,
6b3e18d8bb33d5c26774,book,Toy for a small child,,,,,
a08a76f327b131ca9702,paperclip,Bind together small hardware pieces,,,,,
b617b6a87b7279ac28ca,can,Supporting plants in a garden,,,,,
8037cd149c69129142f4,can,Creating a makeshift pen holder,,,,,
fbcfe86d2a22b8b81c7c,towel,Polishing shoes,,,,,
cec4727f869a573103cd,book,Shadow projector,,,,,
732effba6128ecab35e2,can,Using it to block a door,,,,,
1776777f9839848a95a1,can,Padding a chair,,,,,
5ff975cb9d6d8612150b,paperclip,Securing loose papers in a folder,,,,,
692d05b40d954e332322,can,As a gripper for small objects,,,,,
e8108abdc866125e6c97,can,Marking distances while camping,,,,,
7c3a8b512778337a80eb,paperclip,Making bookmarks for easy page markers,,,,,
c76531382fe4a04c7e0c,fork,Pick for opening letters or boxes,,,,,
cec5c1f2685d42f0a703,fork,Creating patterns on wood or metal,,,,,
e516708c33b74f6633e0,towel,Folding laundry,,,,,
64b345765e3f09b244a8,paperclip,Representing a paperclip in art or collages,,,,,
cf8194ac96f66480547d,fork,Studying small parts under a microscope,,,,,
beb3cca7265cd9752f82,book,Absorbent material for cleaning small spills,,,,,
ba6806807f0eb430d50a,book,Bookmark,,,,,
4579c6141f471231a452,paperclip,Mark edges of book pages,,,,,
01eab25fd2efe084593b,can,Supporting a plant pot without a saucer,,,,,
beed01458e51eb15356e,book,Sp[G]on base,,,,,
1bbf2289ac525691741e,towel,Catching spills on an uneven surface,,,,,
041f20b77a3bcdfdb457,paperclip,Securing business cards,,,,,
59c1db9caa1aec7dd9ff,towel,Wrapping gifts,,,,,
750028854b532d54bacc,fork,Pricking fabric to check for stretchiness,,,,,
48ea7790f896e8e0dbd1,can,Burning small openings in fabric,,,,,
f2540a00ccf622b9366c,towel,Absorbing minor spills on floors,,,,,
7d8248b5845967d61e05,book,Fishing weight,,,,,
e9593ce8a4f1a558fcd5,paperclip,Creating a paperclip chain for decoration,,,,,
96fae1d10deb4f4abb06,towel,Cleaning car windows,,,,,
b992a7150f03d4ddcbfd,fork,Opening tight jars or bottles,,,,,
3b812326ae56baf3279f,towel,Dusting furniture,,,,,
a7faa98f3e0912b25a74,fork,Holding paper or documents together,,,,,
1160035fe19a1ac6d143,can,Shield for delicate items during moving,,,,,
e08b6c851c3b5d24c5dd,paperclip,Looping and hanging keys,,,,,
76e511477ab77d9df531,book,Fan,,,,,
af60cc90dd3d9da09236,can,Opening stubborn lids,,,,,
2980ee2878e4dde6f90c,towel,Covering hot surfaces in the kitchen,,,,,
b0530e6d08dd3770ea64,can,Used in first aid for applying pressure to a wound,,,,,
df0d79dc9eb9c3b01316,towel,Absorbing spills,,,,,
e75e3623c92deca34b7b,fork,"Cut thin, precise shapes in paper.",,,,,
ec832d95ef00f1753283,fork,Constructing small machinery with moving parts,,,,,
f6350c94214140e1ca46,paperclip,Marking改 as“已完成”的便签,,,,,
2c79f653b747a07ca418,paperclip,Anchoring magnets stuck on a fridge,,,,,
0b3f9874ec1659a6d578,paperclip,Creating time capsules,,,,,
95b40e62f10698e0e699,towel,Tying hair back,,,,,
e86293a66bc0d1d01b1b,paperclip,Crafting简易飞机模型,,,,,
a12ebaf53069b02ce0d4,can,Support for hanging objects temporarily,,,,,
977734212a21e71d9f20,towel,Polishing glasses,,,,,
b4776e5d42d5606d62da,fork,Holding notes while playing a musical instrument,,,,,
a6d6e0aa55f93b19577b,can,Hinging multiple cans to create a toy kaleidoscope,,,,,
86a8b352bf8a9e8c18cc,can,Temporary planter,,,,,
eaab609e8676e8549880,towel,Wiping hands dry after washing,,,,,
c8c4a40f23ee755ef70b,towel,Removing makeup or excess skincare products,,,,,
299922457a9996e288e9,can,Frame for attaching paper art,,,,,
6a53b8645d1ce78350fb,fork,Moving small items in crafts,,,,,
05ca2e3865ca69c308aa,book,Absorbent material for cleaning spills,,,,,
ff7fb6c08e0730b7b9ed,towel,Insulating glasses during steamy showers,,,,,
7cfb140e4105819a64da,towel,Polish silverware to a bright shine,,,,,
7c140b0bfe635d6867c3,book,Using as a weight,,,,,
ad5ba640fb2f6e18abe7,book,Kindling,,,,,
8e31e5eb8541b6edb6a3,towel,Drying hands,,,,,
01c55da8c99ae774e124,towel,Cleaning computer screens and monitors,,,,,
e9cf371eed1bd4209ee6,towel,Absorb spills,,,,,
a650868f6ed63d0832e5,fork,Moving small objects,,,,,
d80e63594ca23e422865,can,For announcing presence by banging on doors or walls,,,,,
5d7bb101164c408fcca9,can,Escaping from束缚,,,,,
16eda404e3667f617e72,fork,Opening tight jars or bottles,,,,,
fa760c1be3d2336bd14a,can,Cleaning keys,,,,,
8ef5257a916ca4546b98,can,Cover for small openings,,,,,
027dfaf7f5f47acdad18,paperclip,Bridging gaps between small objects,,,,,
18e35bc967b41958fd42,can,Mark boundaries,,,,,
ec5859d2964c498201a3,towel,Binding minor cuts,,,,,
abb3634206bec1152de3,can,Acts as a lever for prying,,,,,
9dc127c898ecaa04a2f6,can,Hammock support,,,,,
6e1442cc3b083cabfb97,paperclip,Securing staples that have come loose,,,,,
d028bbcc13a926dee924,can,Hammering small nails,,,,,
f7675e15f0ca58ef7891,paperclip,Holding pages together in a binder,,,,,
68f2e0926919560cb0f2,can,Holder for small screws or nails,,,,,
23d44553f9db727db1c6,fork,Marking pages in books,,,,,
63f7be232f4a63548821,book,Book as a paperweight,,,,,
59901bcc6a07146429d5,fork,Flute player's cleaner,,,,,
f0b09f9f1cbd66391559,book,Firestarter,,,,,
fe54fb074eea8a210ca6,paperclip,Attaching lightweight items to a memo board,,,,,
876cb5e42c032fb590a6,towel,Window cleaning tool,,,,,
cb3069a2895517ebc794,paperclip,Organize bookmarks,,,,,
d92fe7e3dd5862960e34,fork,Serving as a basic tool for emergency fishing,,,,,
9df93a2f04f39227da0a,book,Meal delivery container,,,,,
283590d0c0f4db4aa5fc,book,Birdhouse,,,,,
622724914c8959c070fd,fork,Piercing or breaking small objects.,,,,,
c3880b47cdf99973d804,fork,Measure for substances,,,,,
da77c7de3d11ecbd89b6,book,Tool forbirdhouses,,,,,
987b27021eddd6256052,paperclip,As a weight for homemade spirit levels,,,,,
6d6b63ea25894b13f4fc,paperclip,Hold pages together in a folder,,,,,
36f5428b597e7d5b3f78,book,Fishing bobber,,,,,
45634ed961aff5b817bc,towel,Polishing shoes,,,,,
31ef1f37c117fda11276,book,Weight for a curtain,,,,,
b6328badd7d69a49032f,book,Book for bookmarking pages,,,,,
3edbdedbd56986ded98c,paperclip,Bridging small gaps,,,,,
6055559dc2ed5e34e0f1,can,Weapon,,,,,
ba63193724b3a12b49e9,can,As a temporary door stop,,,,,
3373243711dbc1e866d4,towel,Wiping condensation from windows,,,,,
364c055aeabfa37f2364,towel,Cleaning windows and mirrors,,,,,
ffd94cbc496344583522,can,Camera lens protection cover,,,,,
558cf6400055970df81e,paperclip,Holding papers together,,,,,
a8e2a4e3028dc66c4d5f,fork,Holding pages in books open while reading,,,,,
d35b93e975d3871dc733,towel,Drying pets after bathing,,,,,
8b1f1e8cb8edc88e5347,can,Plant pot,,,,,
8d1566a76f2ac2aa392b,paperclip,Marking the middle of a book,,,,,
c0c10d9d9e90587cc54f,paperclip,Stripping the wire to make small ties,,,,,
3aafb3fdf15c58beab03,book,Bookmarking pages in other books,,,,,
0542ba70f33d956b5556,book,Paperweight,,,,,
381c1555066af51b699d,book,Signal for door closing in some elevators,,,,,
41a883d57beb44993390,towel,Absorbing spills on tables,,,,,
d9ae121504e0891774db,fork,Stabbing food onto skewers,,,,,
bad9773a9a9f55eba318,book,Toy for pets,,,,,
290e5b1326e1b3b2f2bf,fork,Serving as a tent pole in emergency situations,,,,,
ca34a11c3fbf160e74e6,fork,Cleaning small electronics,,,,,
325618c5403efc7f73bc,can,Holding up plants in repentantṭrainers,,,,,
963be44f61652373029a,can,emergency shelter component,,,,,
b3c617c5ec905344f1da,book,Drawing board,,,,,
ad5327dc97877c37944b,paperclip,Creating paper weights,,,,,
eef29bfbb23aac6fec14,towel,Creating a temporary barrier from heat,,,,,
0fbb926520f3d58b108c,fork,Cleaning keys on a keyboard,,,,,
bf251e2a8a0c0ff431fe,paperclip,Marking small objects for organization,,,,,
2b2e4b3cba0187cc17ff,can,Media for storing vanity items like combs or small makeup items,,,,,
aa18e2c7266fbc46884f,can,As a makeshift hat for head covering,,,,,
f859bc1810a83bac464e,paperclip,Creating a simple paperclip chain decoration,,,,,
f738fb850dbf18401659,book,Hammer,,,,,
f5364b529d8a991130f8,book,Fishing lure weight,,,,,
14719641e4dc114209fb,paperclip,Holding papers together,,,,,
846ca3f57558d7a5a5ec,fork,Marking pages in a book,,,,,
221f4e05bdd6f94a1087,paperclip,Creating a weight anchor for fragile items,,,,,
661ac7a780d316d669c5,towel,Polishing eyeglasses,,,,,
0386354241625efaef03,can,Shielding eyes from sand or wind,,,,,
50ffbd2f39594ae4ed8a,towel,Protecting furniture from knocking items,,,,,
8a46cb9621900ad392e8,fork,"Holding items to be inserted, like toothpicks into cookies",,,,,
47a81297f6fc811477c8,paperclip,Bend into simple shapes for craft projects,,,,,
bd8720fb02140e09b8ae,paperclip,Hold-together small tokens or chip stacks,,,,,
ec6213a5fb61c85dbd97,towel,Cleaning makeup brushes,,,,,
59d948321ce6450d2272,can,As a container for miscellaneous items,,,,,
a057999fe13f688569ea,book,Hammering small nails,,,,,
874f6c20221ac929f1f3,can,As a shield for blocking small animals from cages,,,,,
5641e0c3b7d700887bdb,can,Holding stored ammunition,,,,,
ee51dd6d207b69ea61a5,paperclip,Garnishing sandwiches or other food items,,,,,
2b0dd6be3825a8b7efdb,can,For holding up tools or equipment,,,,,
4cde8e8766c9f7e5eabb,can,Weapon in self-defense,,,,,
d294c60365a716c41afa,paperclip,Divider for organizing tasks or lists,,,,,
e12af8c4d86e6c379995,towel,Wrapping presents lightly,,,,,
b7be78c8999c3bf6ecdb,paperclip,Securely fasten papers together,,,,,
ab31ce2d59607b534212,book,Weapon in self-defense,,,,,
7055b71fada0bea76c66,book,Gift,,,,,
f254e36f39d0bbe07a67,paperclip,Hold together sheet protectors,,,,,
6e40e668917f2b6a9e05,towel,Squeezing water out of vegetables during preparation,,,,,
195a8c16cb9a79fe8ef6,fork,Creating intricate designs on frosting,,,,,
38985c67647372b33e2c,paperclip,Create bookmarks,,,,,
f5cf14b91c25c25939f7,towel,Polytrimming fabric edges,,,,,
f2dde68bfda9d1a68f00,paperclip,Creating small weights for balancing,,,,,
339f094bb6d27d1b41e8,towel,Holding onto small items,,,,,
921c4888a32e55e90a03,fork,Straightening bent wires,,,,,
f9436b46492638cbc68e,can,Marking pages in a book,,,,,
55d78fe0d2e87a1c09f4,book,Plant marker,,,,,
117875f63f199ac0f358,towel,Starting a small fire,,,,,
c12163d23c2d134bd72a,book,Fan,,,,,
08a6944d9986c892fb12,towel,Drying a wet washcloth,,,,,
b328423bf43ba4295a6c,fork,Testing the temperature of food by pricking it,,,,,
6c945fc6b732d2b5ab1f,can,Can to mark the center for nail placement,,,,,
4f5b5cde9723c27a214f,fork,Assisting in tying shoelaces,,,,,
44f377701ed90e894e59,can,Cleaning small parts,,,,,
38fbe0b0b995025c80da,towel,Wiping dusty surfaces,,,,,
2ff5b245dc537ec4aae0,towel,Absorbing spills,,,,,
fb70af3d5ed3c4976466,fork,Serving as a makeshift paperweight,,,,,
eda373afc06aef8e1c77,can,Mini paint palette,,,,,
e1c20416f90a2b85a767,fork,Marking pages in books,,,,,
f712714cfb507d6e9927,fork,Holding food while cutting,,,,,
461535616fbe9b876893,fork,Cleaning small holes or pipes,,,,,
3d6d8cebd0ffc6d117cd,towel,Scrubbing dirt from dishes,,,,,
971a8b51fedd87d7a731,book,Musical instrument,,,,,
d74f913a13ad2c5f2688,book,Sp[Gedit],,,,,
d059c54588e268c206e8,fork,Straightening wire,,,,,
7e2d06c12ce5a5526cdc,fork,Holding onto vengeance for the purpose of revenge,,,,,
77bcf65bdb8bdb6db77c,fork,Spreading frosting or peanut butter on crackers,,,,,
2b6f550ead1fe4f5f5ad,book,Weight,,,,,
6997d2760f94c579de32,fork,Removing packaging tape,,,,,
2a00e1f406107b8fed4b,fork,Pricking fabrics during embroidery,,,,,
826a9c5d90447e08dbdd,book,Decoration for adding vertical interest to a bookshelf,,,,,
a803bdf5dda07e917fae,book,Child's toy for climbing,,,,,
3f666b33a6f5d98b4c41,paperclip,Anchoring a bookmark in a book,,,,,
8035ecc914ca22a10ded,book,Book as a door stopper,,,,,
4d5a514ab770018126b5,book,Stand for a potted plant,,,,,
d01c63c1d1e2b52208ab,can,Mixing ingredients,,,,,
59c4c4f085765484b311,paperclip,Mark important pages in a book,,,,,
4364fc08bc74eae37829,paperclip,Prop up a held door gently,,,,,
e2914836e5f27dc8011d,fork,Cleaner alternative to planting sticks for seed starting,,,,,
a4f119c2662bd875de5d,towel,Dusting surfaces,,,,,
41e20421af8d6d523567,can,To stir mud in scientific exploration.,,,,,
3fb1c5d1e7625e387ea9,can,As a container for holding small items.,,,,,
0ecf3f0a45a4546581fe,can,Plant pot,,,,,
1b539eedfe5f0eb229df,book,Skateboard grip assist,,,,,
00249639cf5dbdf4676c,book,Weapon in a pinch,,,,,
872deb8514ef1f6a03dd,can,Level to mark straight lines,,,,,
4e812bf00f31826690e0,can,Rest for a book during reading,,,,,
c74c9a168ade83c51073,towel,Absorbing spills,,,,,
95f9724b6501e19b6c08,can,Sharpening pencils,,,,,
7444443d65d722356218,book,Sound amplifier by tapping pages,,,,,
b07e540904d93366d2af,paperclip,Decorate craft projects for added texture,,,,,
86e5ba8394383bdc1874,can,As a handle for DIY projects,,,,,
c374d7a51d2f921bb163,can,Stand for holding maps or posters,,,,,
7d20ae285a99154431d2,paperclip,Fixing small buttons back on clothing,,,,,
eb2f4285699974637665,paperclip,Balancing scales lightly,,,,,
97cafc26adf1020ff63a,paperclip,Indicating finished tasks on a to-do list,,,,,
e9fc21f19f5f4a97b811,book,Fire starter,,,,,
00eb2e72a00fd7a5c938,paperclip,Twist together for small weights,,,,,
1dca6df2beeb82e792b7,paperclip,"Attaching labels to glasses or g,omitempty""",,,,,
54cadbe971ef4dfdf766,book,Toy for a pet bird,,,,,
cde28568bc411e7b5077,fork,Piercing holes in wood or paper,,,,,
3e17a34d0ef724462c2c,paperclip,Straightening bent pins,,,,,
507b75c194fd0c5d300a,paperclip,Attach small objects to documents,,,,,
2cb536859e3893c500c8,book,Bird feeder,,,,,
657d05831e1411def862,can,As a doorstop,,,,,
cd51570addb69aac936f,book,Kindling for fire-starting,,,,,
e5a25dda29d3b7c45841,towel,Cleaning a keyboard,,,,,
70eabcffab9e0ae2d998,book,Doorstop,,,,,
84c76993cf51f8d5b199,towel,Wiping muddy boots,,,,,
13c102d0fe2b608b4df0,can,Lantern during festivities,,,,,
4fd7a252d0351fb692e2,towel,Covering hot foods,,,,,
3b6222a35b574b4eff9b,towel,Covering food while cooking,,,,,
b2a1e1af1de6d15646ca,paperclip,Mark page numbers discreetly,,,,,
8a1ad6c50ac78db5b792,can,Plant holder,,,,,
341ce9fb103a1c800473,can,Weapon,,,,,
561f7e0647e9c48454c0,book,Sunscreen,,,,,
781741dcd9bbcdf625f5,can,As a toy for pets,,,,,
94aa9f1ea678c8c3bd70,can,Defending oneself,,,,,
8ca9e6b2eb35ba4085cf,can,Using as a doorknob in a pinch,,,,,
2fdc71b79095a1ed0e3f,fork,Holding lawyer cards,,,,,
79a82a69448a6a7a7139,can,As a tool handle for other objects,,,,,
1d75dda3606f71bed875,book,Weight to hold down papers,,,,,
d9024ed47828822596bb,paperclip,Adjusting the tension of a wind-up toy,,,,,
00191ed16ba1c386d923,can,Branding bottle,,,,,
18428d4751d42560b8bd,towel,Wiping spills,,,,,
75dc3ffc390e08e9f28e,can,Blowing air through the top to create a makeshift whistle,,,,,
9092c1d37e11dc052a54,can,Fashioning a simple fishhook,,,,,
fe636a643247d04110f9,can,Serving as a small weight,,,,,
1a8dd7c51e8b70d08f80,can,Base for homemade planters,,,,,
2d05e8f5965ac8974203,book,Temporary privacy screen in a room,,,,,
efdf51319d737c354e56,fork,Opening tight lids on containers,,,,,
ea4f81af693fcab4cc88,paperclip,Serving as a简易书签,,,,,
dc09b73fb7a70e4c99a6,book,To flatten clothes,,,,,
5fc3f5dd76844bed9b54,book,Marking place in a document,,,,,
fa86195eff85c9a9e152,book,In bookbinding classes,,,,,
dfe50b0a850b97199c38,towel,Pressing flowers,,,,,
f44235e86dc2a7d6f6a5,fork,Moving small objects,,,,,
b95f0e7518860485e347,fork,Resting chopsticks while eating,,,,,
4e6ac9cf58476375e283,paperclip,Creating a simple lock mechanism for a container,,,,,
815d2ad23d890715c364,fork,Creating small pricks for herbs or spices in bread dough,,,,,
11060777f39d578c30e7,paperclip,打开放置 (Keep doors ajar),,,,,
2077235854b74bf2d5bf,book,As a weighting for a pot,,,,,
40d53b6428e537170347,towel,Clean counters,,,,,
6b87deda886e4621baa8,book,Decorative item,,,,,
43efd7e325898425892d,paperclip,Marking page numbers,,,,,
77370a6bf76bc91b8f37,book,Doorstop when needed,,,,,
98be4e2549e914de51be,book,A base for attaching plant stands,,,,,
353dce37508e5b32101b,can,Lightweight step stool,,,,,
d7ba1d5c5fb5096d8220,can,Holding paper,,,,,
50caa2f38c18ddfb66d1,can,As a weight,,,,,
ee8b54f133c430b24561,fork,Separating delicate foods,,,,,
ce0d9e575221ce4bda13,paperclip,Creating small loops for hanging items,,,,,
7018a70b18d514d68c8d,book,Nail hammer for light-duty use,,,,,
1ba1a60e16a49b2884a9,book,Material for kindling,,,,,
26bec7c483836f42ef3f,book,Sun visor,,,,,
e863ced2d55a4a3cc4cc,fork,Holding paper while writing,,,,,
3520b7d697976076c091,paperclip,Attach labels to files,,,,,
381fa4a0a050aba51093,can,Whistle holder,,,,,
08eee542d0dd2f778b86,fork,Holding up lightweight items,,,,,
61d9b70ac018081513ef,fork,Holding small objects while crafting,,,,,
b3d813cbace52db65f39,can,Creating shadows on sunny days,,,,,
766b04c6e3f4c19a0a41,towel,Removing makeup,,,,,
85250224478ba645c571,can,Using it to scoop sand at the beach,,,,,
09fb66034d2932ce07ff,book,Doorstop,,,,,
b597de40ce1fd961981f,can,container for small objects during travel,,,,,
5bcf3d4c3f32c7576c8a,fork,Pricking tiny seeds for arranging in artwork,,,,,
d974f9ff3075305ba3ca,towel,Polishing silverware,,,,,
9b8d772618ef6728dbb1,paperclip,Connecting business cards,,,,,
2e0d29da11b3aa7baa05,book,Firestarter,,,,,
e2e7f3d0396383566390,can,Base for small sculptures,,,,,
a1509d2c1f81ffb11f6a,fork,Piercing food skewers,,,,,
7484070ec173b328ae2c,fork,Prying open stuck drawer pulls,,,,,
d2c6377696e6b1f4c097,paperclip,Temporarily fix broken eyeglass frames,,,,,
2ed3a77da5fe0e541767,can,Sound amplifier for outdoor speakers,,,,,
eb9fde90213cb3986394,can,As a tool to knock on doors.,,,,,
01bdaad778db171b8a4f,can,Base for a plant tray,,,,,
aa1c91d014ac8f6ed67e,paperclip,Tactile indication on keys or switches,,,,,
fc2d1c1bbc6cdbc2ce76,book,Weapon,,,,,
04e77de5ac00811d732a,can,To mix small amounts of paint,,,,,
f9392c0ed372a6545a0f,paperclip,Straight edge for trimming paper,,,,,
fc943e72ed1f50dccd0f,book,Weight to hold down a newspaper,,,,,
27290f48ec126f69d06e,can,To mark a page in a book,,,,,
b770aa90a10384cd22d5,towel,Drying wet hair,,,,,
42cd769081dde3c81812,fork,Tapping code in Morse,,,,,
984395567539b6390c80,towel,Polishing shoes,,,,,
f19b10fea04cc41c19a4,fork,Twirling hair,,,,,
efde32f01fc080a7fdea,book,Doorstop,,,,,
cc980a3baf2ec7220a36,book,Baseball bat,,,,,
462a5d9c3cfccce751ba,can,Beverage container,,,,,
ffae46b4e02753cbcf07,towel,Cleaning computer screens,,,,,
c4ab3c1dec57514c075a,book,Sharpening a dull pencil,,,,,
648dbcdbaf77e73cd35a,can,Using as a handle for a grip,,,,,
dda80e17252ccd02c58e,book,Umbrella holder,,,,,
6ab00cdde4ab36a9e156,can,Cushion for pet beds,,,,,
4eb6a10a0b6bb95dd5ba,fork,Spacing seeds when planting,,,,,
4bc3c67525cd38b44689,book,Signal mirror,,,,,
38ad9b957a12efcbd8b1,book,As a toy for pets,,,,,
cc78cfedaf2124f3d2ee,towel,Blotting sweat,,,,,
1756a2b7ce85b65ea5b7,book,Baseball bat,,,,,
34cf8f800602b47eb6bb,towel,Cleaning oven surfaces,,,,,
948227611176eb6d6999,book,Fan,,,,,
3c515a9f46ffabaf402f,can,Hit for percussion in simple games,,,,,
4c3a05c74e78912a3413,fork,Serving as a paperweight,,,,,
9d31bf2b38b4ab7309fe,book,Emergency splint,,,,,
1fa77f4ccd3516ba4563,fork,Creating indentation marks on soft materials,,,,,
eb64afd48aecc4d91c65,fork,Measuring small distances,,,,,
d0a87297ec395d2d499f,paperclip,Hold pages together in a binder,,,,,
24bfd37bf0e99afaa85e,paperclip,Holding papers together as a makeshift bookmark,,,,,
a44ad1f03972cb62a3d7,can,As a lever to move heavy objects,,,,,
54372bbc5674c0b8ebcf,can,Marking surfaces,,,,,
e8d2e09e14005f7dc085,paperclip,Weighting down documents while faxing,,,,,
420d0cc9d76f9c3010c3,paperclip,Marking corners of books,,,,,
21e1111627b3012b5050,can,Nixing garden weeds,,,,,
d9a2c811d8b036cc6675,can,To serve as a musical instrument (rhythm),,,,,
d0fc89acea4b95e3ed1a,paperclip,Hold push pins in place,,,,,
34cb8076e15dbb0dee4b,towel,Drying hands,,,,,
bf391913ceff8d226ab6,fork,Whipping cream,,,,,
97d6e2450c19aa26182f,towel,Fluffing up hair,,,,,
9ee5faf6438c6fb74a5f,towel,Cleaning greasy hands after cooking,,,,,
81df5b47686252563ca5,towel,Scrubbing countertops,,,,,
653411406ed4f6355979,fork,Digging small holes in the garden,,,,,
30c90576033a92f26be9,book,Fan,,,,,
daeba915718876558cbe,fork,Open jars,,,,,
87b0b6a89e978a13c40c,paperclip,Creating simple machines or levers,,,,,
378fe40ad8f04173a9cd,can,Cover for blocking drafts,,,,,
bf5a579fd82ea863ff65,book,Strike a match as an emergency light source,,,,,
e172faebd730df8e1193,towel,Cleaning electronic screens,,,,,
886e1b938f2d9bd58c07,towel,Polishing car windows,,,,,
f265e3ac27c878fd0794,paperclip,Creating a small payload for model rockets,,,,,
ef2552eddaee899884b9,can,As a basis for plants in a vertical garden.,,,,,
c3049253b2e50b904ca3,paperclip,Creating lightweight weights for balance scales,,,,,
496f619621c781d8e251,fork,Holdingpaperswhilewriting,,,,,
0e9aa21ebddf9bede665,towel,Polishing silverware to a shine,,,,,
cf60f77e15c626eefbb9,paperclip,Securely fasten documents together,,,,,
95187653308cc31cd643,book,Stamp frame for postcards,,,,,
0d20764cdf930b52f020,towel,Wiping a bicycle chain,,,,,
9318821ac85d2ce1d272,can,Protecting a package during moving,,,,,
619c44c84fa0de1112c9,paperclip,Hold nametags together,,,,,
918c1a5242b14e3ccb40,towel,Wiping hands,,,,,
678fd82080974816b1b6,can,Grip for starting fires,,,,,
82f719fe862eeda2f339,towel,Using as a makeshift bandage,,,,,
354a57211a2d20a1d1e3,can,Bird feeder holder,,,,,
ffe6dc3b566c46feee76,can,As a lever to open tight jars,,,,,
1bceed77e9deac26ddcc,book,Paperweight,,,,,
ac7aff7d27fab15cad06,paperclip,Darning small holes in fabric,,,,,
1012c96be528d1e005fc,can,Use as a pinch grip for delicate items,,,,,
5d8a80ce3989404511c2,paperclip,Dividing groups of papers,,,,,
49072cc05adb8d251325,can,Indenting metal sheets,,,,,
504e4d52685c533985ad,fork,Pricking holes in dough for baking,,,,,
0b1597de869d57077f89,fork,Holding paper while胶水粘贴,,,,,
f0ee2ca5f96c1729185a,paperclip,Keeping pages together in a loose-leaf notebook,,,,,
db9a6a06cac11302c6dc,fork,Opening tight containers,,,,,
0c41d094f63548a7717c,fork,Disconnecting small electronic components,,,,,
983e70d53ee77a3955e2,paperclip,Marking positions on a map,,,,,
225b29b51457c2f1c93e,towel,Hanging plants,,,,,
ca4c781bd1e9777ad358,book,For wrapping small gifts,,,,,
a5c32029c552c43841a7,paperclip,Fixing bent metal or wire,,,,,
3635fc291d763eee207a,fork,Piercing tape,,,,,
7bf330e71c7d230f96d7,towel,Absorbing spills,,,,,
5ed52a9d3642c5f122ee,can,Marker for indicating heights or levels,,,,,
483fe901f9863c154c5b,fork,Indicating turn in games,,,,,
c727eb02c77e581b2a7b,paperclip,Edge weight for paper folding,,,,,
fb8ad7b21b03dd4b15ea,paperclip,Marking bookmarks,,,,,
86eb02a358c46e443eff,paperclip,Attach price tags to merchandise,,,,,
a4ab737dff058c69c806,can,Covering broken glass for safety,,,,,
46b089162428700e711c,paperclip,Create simple mechanisms in paper models,,,,,
11c86d94a2cc0b7d8dd0,book,As a bookmark in another book,,,,,
39a415a3b2026a15e2ca,towel,Fanning oneself on a hot day,,,,,
2a1e597161320e9c6cb7,fork,Holding papers or documents together,,,,,
42f3722ea321a5c0830c,fork,Nailing items into place,,,,,
87bc77871bcf4b9bf7f6,towel,Covering fingertips to unscrew tightenable objects,,,,,
d00bafa893715d5055fc,towel,Absorbing spills,,,,,
f15e72435599e92ff51f,book,Fan material (if large enough),,,,,
7df08a2f517966920b7d,can,Holder for tools in toolboxes,,,,,
096727614f1a6f2f6d87,book,Pillow,,,,,
0490bf02d1c9f90b7166,fork,Holding notes while sight-reading music,,,,,
6a416bd2b55253112de6,fork,Unlocking small mechanical devices.,,,,,
0b13fd46c32d9e0a1466,fork,Gently measuring small quantities of ingredients,,,,,
72028ac84fc91d867448,paperclip,Fixing sequins or beads onto fabric,,,,,
c92a353ce7a2c4cb1947,can,For creating shadows during storytelling,,,,,
1b1f71488ad9c4e6a75c,fork,Measuring short distances.,,,,,
8691e264532e61574944,paperclip,Fixing small items like beads or sequins,,,,,
07aacf794f4e724e1dfc,paperclip,As a small protective device for edges,,,,,
618f4be331422724df5f,towel,Cleaning windows,,,,,
b20a6b43819e619beca6,fork,Moving objects in a glass container,,,,,
f897642b89076326e0eb,book,Sign for blocking access to a confined space,,,,,
85d6e5783a686d8666dd,book,Compass for navigation (based on magnetic properties),,,,,
8661139ab25620813daa,towel,Absorbing spilled liquids on a countertop,,,,,
065b4b7099840264cedf,towel,Wiping faces,,,,,
be1c1417ada865248f87,paperclip,Attach small items to notes,,,,,
c00066d794696e43bfe0,fork,Scrawing lines on paper,,,,,
ca0a12530ee4d704b8fa,book,Paperweight,,,,,
7a11a913b8499b05fd89,paperclip,Creating a makeshift paperweight,,,,,
d69f1500fb968390b308,can,As a percussion instrument,,,,,
483fa59e0171ba12b37b,fork,Opening tight jars,,,,,
bd3439092474b692d8eb,paperclip,Hold string or thread ends,,,,,
cd2aeadb0c5e5c347d56,book,Using as a weight to flatten paperwork,,,,,
bfcbefba25d6e8322503,fork,Cleaning small spaces,,,,,
7be59e959505caf53c3d,towel,Wiping hands,,,,,
042fdc52ea1c86bd8f9c,towel,Wiping grease from windows,,,,,
d6a9098a1f026fce967b,paperclip,Secure staples within documents,,,,,
bc49ac161fb8b1287176,towel,Polishing silverware,,,,,
674ff9d9fdfeaf0963dc,book,Doorstop,,,,,
50dea94233b6852791cd,book,Doorstop,,,,,
6dfa021a6b335267658b,paperclip,Holding together business cards in a display,,,,,
cf886e4c4d9e7f8c0398,fork,Punching small holes in paper or cardstock,,,,,
8a8c1a2397b230cf1862,paperclip,Create a small weight for trimming,,,,,
72ea0cd54b016fa38cd2,book,Bookmark,,,,,
bb66774bf117942cd5fe,paperclip,Marking places in books,,,,,
aa44a1c9c01fc4468826,book,Doorstop,,,,,
02692bc2752a6dea701a,can,Support for hanging lightweight decorations,,,,,
d1070a2042d06e516178,book,Doorstop,,,,,
22f8762f14cbc3fe891b,towel,Polishing furniture,,,,,
60d8d43dd1516b4da095,can,Pencil holder for an office desk,,,,,
bd615a77dc21e079cdaf,fork,Marking numbers on soft waxy paper,,,,,
6e7f09c14e6a89a9f424,fork,Pound nails carefully,,,,,
c7ae5aa29f434e2e19ee,book,Writing surface for origami notes,,,,,
1b3b73e62f11f47487e2,fork,Opening stuck bottle caps,,,,,
e77af88cbbb2d6e86f32,can,Base for standing small lamps or night lights,,,,,
9f5e21e0933b9f1995a7,fork,Opening jars,,,,,
ad65b9ae4eda04f94d33,can,Doorstop,,,,,
c75ea42d968db6d0d8dd,book,Paperweight,,,,,
64755181eabb2eb4df94,can,Used as a signal or distress marker,,,,,
80cb32ea180fbd0b6d25,towel,Removing makeup with a makeup remover,,,,,
d883ee5fb7f0701b2e8a,fork,Marking pages in books,,,,,
3b2609bdf28d68af7331,can,To act as a seat for small animals,,,,,
9216f95516f616caf787,can,Serving as a doorstop,,,,,
ef786d5d055a7a39588a,paperclip,Creating a paper chain decoration,,,,,
2a54eb10f90e9c955b64,paperclip,Securing boundary markers in place,,,,,
13b387d537f6e57a08a3,book,Birdcage perch,,,,,
d4a85016cca3aed72c38,book,Fire starter,,,,,
d280678d1d2680cd02b7,paperclip,Hold pages together in binders,,,,,
d8be69ff12821f29f97c,towel,Polishing brass and other metals,,,,,
f473ebb9699de20ff11a,towel,Polishing surfaces,,,,,
91312b339d3ad99e5034,towel,Cleaning computer keyboards,,,,,
83e722c860dbc2daa722,towel,Cleaning makeup brushes,,,,,
44eeb7243974001a54a3,can,Support for plant potting,,,,,
d2084f71b2c0698a715a,paperclip,Secure ribbons or tags,,,,,
e6b2e66e15a850c91f12,paperclip,Plant label holder,,,,,
a7d2e7e788b0459889e1,fork,Holding small objects in place,,,,,
8af09b748a2717e1c154,can,Containing soil for starting seedlings,,,,,
ed448799f848670cc7e2,paperclip,Fastening worksheets for classroom activities,,,,,
fa07d342caa17c051317,paperclip,Opening bottle caps or lids when a screwdriver is unavailable,,,,,
f959c566c537c88f2265,paperclip,Pinning up fabric or light materials,,,,,
8debd3dc369d1df3a6cf,towel,Cleaning car windows,,,,,
ee0861f2e4f4d9f223fa,paperclip,Creating a makeshift paper cutter guide,,,,,
2ccbd3958c4bcec951fd,book,Plant pot,,,,,
84506a2a262f6c3f0fca,towel,Wrapping gifts for a rustic look,,,,,
604b92ea38500487cead,towel,Absorbing spills on the countertop,,,,,
bc1912e6728f13b17316,fork,Replacement for a nail in woodwork projects,,,,,
1bc5cd0d864efff0c3fb,can,For levering or prying,,,,,
a18e4ca0c5566dbe7b21,towel,Absorbing spills on tables,,,,,
643eadd0bfef5c5e8170,paperclip,Opening screw caps on bottles,,,,,
3a0a9ad6ba8add2cb364,book,Dinner plate,,,,,
cd7dc3691c76514e2dd7,towel,Drying pets,,,,,
10041f57cd3b3b5925b3,towel,Dusting surfaces,,,,,
ade27ed8f64e906dfc52,book,Crafting a homemade shield or placard,,,,,
d5892da42387e9f0cb11,paperclip,Hanging small objects,,,,,
acc46510e62027621551,towel,Wiping dogs or other pets after bath,,,,,
23602621db76cb8ae37d,fork,Measuring water depth while swimming,,,,,
e4a804f874859ab5f092,can,Opening bottles,,,,,
66016235b2a6992c0e3d,can,Frisbee,,,,,
2a237a0e142d77df5a70,paperclip,Creating small weights for balance scales,,,,,
ca669e459c941737c2aa,fork,Opening tight containers,,,,,
f126937ef8cb733c12f3,fork,Fishing out nails or small objects from walls,,,,,
ef5389db5244ecee1b5e,towel,Emergency bandage,,,,,
64f2974d7a775f6c1b31,book,Igniter for starting a fire by focusing light,,,,,
eb75bd5b0ff51c571fa3,fork,Hold up lightweight items for inspecting,,,,,
4fb9937dae242964249c,paperclip,Secure business proposals,,,,,
e8bebd0e1ecec91229f6,fork,Scratching an itch,,,,,
920b77ce9f2aa6706e3d,paperclip,Hanging small decorations,,,,,
105c835bc177359637d9,can,Task list marker,,,,,
b35523253fa68901d0e4,can,Marking heights on flags or poles,,,,,
c013d5e164f13496340e,paperclip,Anchoring clothespins to a fence,,,,,
54cb4e60b97fd219918b,can,Support for small sculptures,,,,,
b05c636d130c9d1260df,fork,Toy for pets to chase and play with,,,,,
ff62c41d41090e1922ed,fork,Cleaning small gaps or crevices,,,,,
541d0b19f537822052bc,paperclip,Hold reports together,,,,,
2ba45ac6f0d21078032f,paperclip,Hold up plants in garden stakes,,,,,
849da4a50aa49ee36790,paperclip,Opening jars with a modified clip,,,,,
96e0de1bf1e43a48420a,book,Book for kindling,,,,,
10bc2af6c13cc65992e7,paperclip,Magnet holder in workspace,,,,,
f68c598d7202af17bf87,towel,Cleaning up small spills,,,,,
957a53caeb62dff3c76c,can,Can for temporary planters,,,,,
d5f5eb7b10d17c96e872,can,Opening bottle caps,,,,,
a72ad1aa484a82a3fb8e,fork,Unwrapping small food packages,,,,,
9a50365837e8e377b26a,book,Seat cushion,,,,,
e95afdd4cd0458638fb0,paperclip,Indicating priority on notes or tasks,,,,,
99a650c89c6111a60368,can,Whacking small objects,,,,,
8bfe715f41ae2853462b,book,Weight to anchor a blanket,,,,,
611b7b28a622c49f9512,can,Planting small seeds or plants,,,,,
88968724dae91fa04527,towel,Dusting furniture,,,,,
7d3b9102f1c5674881aa,can,Scuba diving weight,,,,,
d7732055c1b3fb3d4491,towel,Using as a makeshift emergency blanket,,,,,
4fa4d61d108449e3b195,fork,Opens cans by scratching the edge,,,,,
96e317295d117d3137c0,can,Holding paper clips,,,,,
8ad2c77995c8711caa42,fork,Cut soft foods into manageable bites,,,,,
ea947fd3d8336697070f,towel,Cleaning computer screens,,,,,
03b5ffceb18096b2f7b3,towel,Cleaning computer keyboards,,,,,
c15a8ab9d1967964e102,book,Botanical press for drying plants,,,,,
165fe7f9598a44dd246b,towel,Cleaning camera lenses,,,,,
808a9b0c92338acc35df,fork,Plunging a clogged drain,,,,,
b5133338ee0b31a472d3,fork,Creating small holes in fabric,,,,,
15ba086cdc4ad5b5f4d0,towel,Dusting surfaces,,,,,
8b71eed622f064b42396,book,Pry bar,,,,,
191eab5bcfd8284dcb6c,towel,Cleaning glasses,,,,,
ea7a9517137844e31d53,paperclip,Keeping pages together in a stack,,,,,
1cada13d45f68cc8a4b0,towel,Keeping hands warm,,,,,
21c4bd693d7ba77c3927,fork,Twirling hair lightly,,,,,
654c311768501da8c18d,fork,Leverage for prying loose lid seals,,,,,
b94c333a8ecfc7f08781,can,Serving as a makeshift fan by waving it,,,,,
6af44e94e618a70d764f,fork,Opening tight lids on jars,,,,,
62a09848ef567028641f,fork,Straightening bent wires or nails,,,,,
914f00228619a6aa6f1a,paperclip,Fixing labels onto containers,,,,,
329e64a8a7c705cd200d,towel,Wiping glasses or lenses.,,,,,
bbc15a6ffed7f0d3bbe1,towel,Wiping windows,,,,,
1c652557b60c81de8609,paperclip,Connecting note cards,,,,,
f8fa6c4ddd972e385c37,towel,Wrapping gifts,,,,,
61a1e8033fd07ab065ff,can,Weight for sensory play,,,,,
02fa37681bf3b3ec88f1,book,Paperweight,,,,,
e5144b0444699fc85df3,can,Serving as a decorative element in crafts,,,,,
cd325d48464506e079fa,can,Coaster for drinks in bed,,,,,
c97e9f913a89d45acdf1,towel,Emergency bandage material,,,,,
ea08d309cede88d15566,towel,Buffing jewelry,,,,,
4700af78973eeb9b58b9,towel,Wiping hands,,,,,
fb46608e7b687e13dabb,paperclip,Sizing small objects for comparison,,,,,
07cfa11dc5ef4419ac7c,book,Doorstop,,,,,
4420d665d2dba3fc95e5,towel,Making temporary patches on clothingrips,,,,,
b471986c0ecdfd6da094,fork,Serving as a makeshift weights holder,,,,,
61c4dc6794aedf0f2703,paperclip,Bottle opener,,,,,
124a73e085ad4f51ed06,paperclip,Weighting down pages in a binder,,,,,
f7d5c1570edfdebb33f9,paperclip,Connect multiple documents for binding,,,,,
1c43ab6a8845601e445f,towel,Scrubbing hands before a haircut,,,,,
9d95b119f8f64771913a,towel,Drying hands after washing,,,,,
b89e72b8f8041559ed2e,towel,Dusting surfaces,,,,,
4dbdb2f014f50d077aae,fork,Opening tight jars,,,,,
4359fcd1f623db224202,fork,Adjusting small objects in tight spaces,,,,,
5a793358fc943dda6cec,book,Fishing bobber,,,,,
66fb1fb491ef47559805,book,Doorstop,,,,,
4780a7baaf5d38740fd6,book,Plant pot,,,,,
4f05ff39fc10a90f9500,book,Creating a unique flower pot,,,,,
542bfebdfb6ee5a7d7cf,towel,Collecting and holding small accessories like keys or coins,,,,,
562e5ca00d0d7b118ca6,fork,Cleaning small electronics,,,,,
eb6a1a65ad4a305891ba,paperclip,Support small plants for labeling,,,,,
19c9d4fcce37421d8fa3,can,To serve as a prop for holding up a plant,,,,,
40e2182e66ced4d3ff7b,book,Barrier,,,,,
0f38f3b39cb452c901a6,paperclip,Holding nametags together,,,,,
9e329e0e186f36a038e7,paperclip,Keep small papers together in a holder,,,,,
25505d521197564bbc14,book,Reflective signal,,,,,
a2283a66bc1e78cf0dc4,book,Baseball bat,,,,,
fde7c2e070942a631509,paperclip,Holding pages together in a folder,,,,,
b109430256bcaa089f9c,towel,Dusting frames and photos,,,,,
d7ac11492542cf2d302e,towel,Stinky items in a drawer or clothing hamper,,,,,
d54919bdd499f2b134fd,book,Ingredient in compost,,,,,
f88d565af02038be9554,can,Insulating pot handles,,,,,
53dd1c72fa925d93cbea,fork,Poking holes in wax candles.,,,,,
c78e8b5ed0434f26bdf0,towel,Scrub dirty dishes,,,,,
d229f8a947940c064cf9,paperclip,Mark the place in a book,,,,,
8145fd0a5a32040c0507,paperclip,Adding weight to mobile phone or camera,,,,,
9ad2c243bb2dd890278e,fork,Opening bottle caps,,,,,
6eca1f7d92ca3b66308e,fork,Fishing with string,,,,,
bd86b3b32e9dc8af6438,towel,Healing minor cuts,,,,,
91ef3215db4899a47753,towel,Cleaning small electronic devices,,,,,
9dbc7ca889f3cce9c34b,paperclip,Making simple weights,,,,,
1a26fbc008675ba7de79,towel,Binding minor cuts and wounds,,,,,
ace0c8ac55b0aa837877,can,Used as a tool for unfolding maps,,,,,
fa77f9ada637fb3c7deb,towel,Covering a bowl to keep food warm,,,,,
23b0fb34af67818dcff2,fork,Skimming oil from top of soups,,,,,
81d1041cdd3b0e482784,book,Book as a gauge for measuring thickness,,,,,
aaddee67478570adacc7,book,Book as a paperweight,,,,,
5ec8caff7446b70075e5,towel,Drying utensils before putting them in drawers,,,,,
cf71010d36b3f88f2ae3,towel,Wiping hands,,,,,
186a0ea97932a7feac4b,book,Using as a weight to hold down papers,,,,,
b4bfaf502c8224f909dc,towel,Cleaning computer keyboards and screens,,,,,
2ee0003a877a436897bc,fork,Uncoiling wire gently,,,,,
3de331fb4bbd2c2034ed,towel,Dusting surfaces,,,,,
6924968b33c2fd7b4530,towel,Dusting electronics,,,,,
6a7042b7c74a6cd26865,fork,Auxiliary tool for fishing,,,,,
48a160e364ffe2429e3f,book,To use as a fashion accessory,,,,,
d46b1c3d64b64836215c,paperclip,Attaching small tags to clothing,,,,,
5e519099f499f7439fbf,towel,Polishing jewelry,,,,,
9e05a1fd36f066831d99,fork,Fluffing up cloth for stuffing,,,,,
5e524d6ab581e2c2d4d0,paperclip,"Safely moving small, fragile items",,,,,
69a6cc9d8fad25fe181f,book,Heavy object for yoga balancing,,,,,
b54977055f814610da93,can,To fan oneself on a hot day.,,,,,
55f516f45a0dd97a547d,can,Toy for children,,,,,
a9e057075b9faacb93a9,book,Bookmark,,,,,
abbba11755afc2a6b8b9,paperclip,Securing labels,,,,,
ab92aaff2f57d9f86aea,fork,Holding papers together,,,,,
c7cc4073e68cdb137304,paperclip,Mark items in a sequence,,,,,
533396a9c14c64364d3e,book,A weapon,,,,,
3941c85877beb8894a57,paperclip,Holding post-it notes together,,,,,
67076b944c9b89578ba9,paperclip,Hanging decorative items,,,,,
35293fbcc3042f9660b9,towel,Cleaning shoes,,,,,
4260d9be178827d675ea,can,Mushroom umbrella,,,,,
30fd37d9d1d7e8facc55,book,Hammer for driving nails into soft surfaces,,,,,
8027624f388cb364038e,can,Opening-a-door assist tool,,,,,
4a2110b6269b116b4395,paperclip,Keep small paper clips organized,,,,,
e7f165d6300800dcdeba,fork,Pry apart small parts,,,,,
53ec0bdddcac1d529f48,book,Craft for bookmarks,,,,,
a65e1683089c4e75023a,paperclip,Fixing broken zippers (threading the paperclip through teeth),,,,,
0a3975529b659fb6349f,towel,Cleaning glass,,,,,
9a5ed2071d2f757ea566,can,Holding plants as a decorative support,,,,,
eb28b123dcdf18342ac4,fork,Piercing food to check if it's fully cooked,,,,,
6a392ec2360d883dafc1,book,Ink absorber for fountain pens,,,,,
d71acb04d5fae6035312,paperclip,Temporary tag holders for files,,,,,
70c979020577016dfebd,paperclip,Mark place in a book,,,,,
ef9db8d4d308985d6ba0,towel,Emergency first aidIsraeli-Palestinian conflict,,,,,
2aa6976f07d0ab93f3a9,towel,Drying hands,,,,,
8e105ca181e3ff07dd51,fork,Holding pages while turning in books,,,,,
ce66ac01886af7338818,towel,Scrubbing non-stick cooking surfaces,,,,,
239a1a119f24ff989694,can,Hammering small nails or pegs,,,,,
840ad5f9f92c492c4182,fork,Separating threads when hand-knitting,,,,,
1f9056c050c230c1107f,towel,Drying hands,,,,,
d385960c6ec30c352eff,fork,Aligning small parts,,,,,
46ebea6aab5845af8d33,paperclip,Holding stakes or flags in the ground,,,,,
47f8747b9a0840fe937e,can,"For improvised climbing, finding handholds.",,,,,
55c08b88925df52aad7b,towel,Wiping spills on furniture,,,,,
60295f4691825d98f615,towel,Wrapping gifts,,,,,
c452ba80b23f453ef083,book,Doorstopper,,,,,
628c34c067f19af9a98e,paperclip,Holding pages together in a folder,,,,,
8413812cc71ca93d99d0,paperclip,Small weight,,,,,
471acd61d9905d17a42e,book,Straightedge for drawing or cutting paper,,,,,
8fad6d15d0966afee646,book,Token in board games,,,,,
d41cfa9da3c6a16ed555,can,Temporarily using it as a shield,,,,,
6fd7a746959312300f42,paperclip,Connecting notes to reminders,,,,,
5ef1cc20f000c81d893d,can,Hammer to knock things,,,,,
db62abc379d4e12dcb03,fork,Cleaning ears,,,,,
8dec3c6a6523b5121095,towel,Polishing silverware,,,,,
a3047fa2cd830bb97c5a,can,Placemat,,,,,
23759485c01ab20a8c2c,fork,Curing small electrical circuits,,,,,
a631272a8895dacd350c,fork,Punting a hockey puck,,,,,
f667db987b86f0300544,book,Pillow,,,,,
2d731cc17a760af3bdeb,can,As a lever for prying open objects,,,,,
4c61ad8222fa4c711255,can,Astrolabe,,,,,
1949ff4dd8692a5081a0,book,Doorstop,,,,,
39d34b39670b6d039f26,towel,Cleaning computer screens,,,,,
1455452318c7e3786225,book,Wiping small spills,,,,,
5ec6661bdd1630902298,fork,Pick fruit from trees or bushes,,,,,
bc8207ad90cd6fae00b3,paperclip,Keep pages together in a binder,,,,,
6c78a5dc83f603079e29,paperclip,Hold papers together,,,,,
4df2f7c81e6ba0de7bb7,can,Fan for cooling,,,,,
83f5181f524858c562a1,fork,Measuring small lengths,,,,,
de0b7c1cdeb2984391f4,towel,Temporarily mopping floors during emergencies,,,,,
4db6718f74242ba60e42,paperclip,Keep ribbon tied on packages,,,,,
c4ccdd93f32349d06940,book,Fireplace kindling,,,,,
c51c9dc2c65e1f72067d,fork,Opening tight lids on jars,,,,,
560ef137a6ccefbb9f81,paperclip,Fixing loose threads on clothing,,,,,
2fd15786024f4c955246,can,Waving at passersby,,,,,
23616379d65c1cd2a658,paperclip,Holding pages together in a binder,,,,,
92d69e3d76950d4410e5,towel,Scrubbing a plate,,,,,
720d89e0043ba8e3f5b5,book,Firestarter,,,,,
7168b802c204f509a33c,can,Container for holding miscellaneous items,,,,,
c101dbddc8e14ed256aa,fork,Keeping skewers from falling into food while marinating,,,,,
36361e7a51d09c46f8d1,towel,Wiping hands,,,,,
aaa317795534225a733f,can,Advocating during a crowd,,,,,
cba2cbcb33c9d067bcae,paperclip,Making a simple paper airplane arm,,,,,
a74ad3748644b8cb48f3,can,To serve as a weight or counterbalance,,,,,
306c8870bff958a7db13,towel,Wiping your screen during a rain shower,,,,,
1f8c375189aeb2b9bbc3,towel,Absorbing ink to spot retouch drawings,,,,,
953ab482b70de8fbf8b7,can,As a tool for prying open objects,,,,,
65b65059539e3be2b086,can,Frame for temporary signs,,,,,
331242dfe05246d6c7bc,towel,Removing makeup,,,,,
7bf7082af3db9fffa54b,towel,Cleaning glass surfaces,,,,,
57746a7b7ede5b71464b,book,Using the cardboard as a base for origami,,,,,
b16809da866850754feb,paperclip,Bookmarking pages in books,,,,,
0c7440eb49fc23ef418f,fork,Cleaning small gaps,,,,,
efe35f792015ad9d0c2f,towel,Scraping sneakers before entering a building,,,,,
4039e9c95d597eb5ee3d,can,Signaling for help,,,,,
19a93206c57a135985c3,paperclip,Connect paper tabs for labeling,,,,,
0215646542d1a3c24c4c,paperclip,Mark page numbers,,,,,
a813b6531bfd69fe0362,paperclip,Marking page numbers in books,,,,,
f755d5e29a60ead8a4fd,book,Fan for small spaces,,,,,
bd7b8263f0829cff5c15,book,Shield in a pinch,,,,,
b142e96a861672dcdcb8,towel,Creating makeshift leashes for pets,,,,,
bc862ed863f22a080149,paperclip,Marking the corner of a book without damaging the cover,,,,,
a043550f4464c7bae03b,paperclip,Sewing thread ends together,,,,,
bed0357a24abf5262f08,can,Beating egg whites,,,,,
70d66624680c9f6d9663,book,Painting canvas,,,,,
379c5dbb681c69e12510,can,Placed on door hinges to hold it open,,,,,
9d3db041db52dc029ae5,paperclip,Creating paper cranes or other origami,,,,,
1d65f3fd430dff5d720a,towel,Drying dishes,,,,,
3fddc63d0526779c4038,towel,Wiping hands after washing them,,,,,
5178d2e62971f7fe12ee,fork,Tapping on surfaces to get attention,,,,,
9235c4f72f81b86d6d5c,book,Toy for a pet dog,,,,,
a2d8462c92d4257f953f,fork,Marking pages in books,,,,,
2279df53070dba5452df,can,Holding small tools or gadgets,,,,,
578705ceae29d39bb99f,book,Plant pot,,,,,
c572743ba9658650d0db,paperclip,Organizing desk items,,,,,
2dbd5da1f2f10f63f2f1,can,To serve as a signpost using paint or sticker,,,,,
88eee764a8b59bdf41bf,paperclip,Using as a paper weight,,,,,
5e0090749e42784184ef,book,Toy,,,,,
f01f2d0547c622ea61e7,paperclip,Create simple paper clips art,,,,,
8b339cb2908a6f831a41,can,Disguise as a regular item in games,,,,,
d20bc56edee8a989ba78,paperclip,Attach tickets to forecasts,,,,,
95c229bc8b6ed2965f6b,fork,To open stubborn lids on jars,,,,,
05eac840dbbc50324fd2,book,Bookmark,,,,,
cc1959a1b910acb82ddc,can,Hammered into a simple book end,,,,,
5afe590cfb950a872526,paperclip,Opening bottle caps,,,,,
eafbdac1c6ffafc6305a,fork,Holding papers together,,,,,
59fa7c619f7e90f57411,paperclip,Fixing labels onto containers,,,,,
3fa86500f6b947f4ebb1,towel,Removing dust from furniture and electronics,,,,,
e1efcb6d70921f2da399,fork,Measuring short distances or objects,,,,,
dd59a4194fdeed1163c1,can,Tapping to check for hollow wood,,,,,
e6cae873bb794d596a6a,can,As a stopper for bottles,,,,,
9f78ed7d7bb65dcf73a3,paperclip,Adjusting the width of zippers,,,,,
f2ce537a22a344e6afc9,towel,Wiping surfaces,,,,,
acacd59500299f74f5c5,book,Weight to hold down papers,,,,,
4d022e59f9773555c670,book,Sign,,,,,
99540ce7ef8ca66684ed,book,Costume accessory,,,,,
38325bedd219eea43797,paperclip,As a toy for small animals,,,,,
6ab33f5a204a68213ce2,can,To hammer very small nails or tacks,,,,,
406745a8709f62e1ea5d,book,Tool to open gaps in doors,,,,,
98088a82a38e83a36b4a,book,Fire starter,,,,,
bc97b8e27241a1e803fe,can,Guitar strap holder,,,,,
923c4e76e7a2579e3f5f,book,Baby rattle,,,,,
e5c6b1a6df14a98d9c14,can,Dusting surfaces in tight corners,,,,,
9bd5a9cd5a76e1ca9a65,paperclip,Holding together loose change,,,,,
aa2df3a9fc2c751b8b54,can,Signal for help,,,,,
c42e52489d95b292d25e,paperclip,Securely fasten small pieces of paper in a presentation,,,,,
19d7091614d9361091c6,can,Solar still component for water purification,,,,,
20009572abef2a9b1d1e,can,Edge for scraping labels off bottles,,,,,
197241815027d151ea9b,book,Paperclip holder,,,,,
c6f7622d3e0afde5693a,paperclip,Looping a small loop to hang items,,,,,
d9b716573a8591ff24aa,paperclip,Keeping together sheets of tracing paper,,,,,
e389f635fb329d39feb0,fork,Pricking balloons for quick deflating,,,,,
b03e303aaf53735a2f94,can,Can as a makeshift hammer,,,,,
13947f3ac7747e79c104,paperclip,Indicate importance or urgency on messages,,,,,
74a918d00bf2effc25aa,book,Musical instrument (by tapping pages),,,,,
0ae36a2f9c72e219ee28,can,Small mirror for grooming,,,,,
434b49e1cfe8f9957c69,paperclip,Making simple origami elements,,,,,
c9f23461d2cef162ccbb,can,Defending oneself,,,,,
620ead3360076b3c2d12,fork,Marking pages in books,,,,,
7fc41473881c232a759d,paperclip,Creating a simple paperweight,,,,,
6e00a84faecaaf8d4d2d,paperclip,Toggle switch cover in electronics,,,,,
d0a95dd15d589ca6549b,towel,Cleaning computer screens,,,,,
655c95c5e0201183550f,fork,As a hair styling tool,,,,,
04d6113f6e977e31c2e4,can,Employing it to block sunlight,,,,,
44242ae68500438ae3e7,can,To load beverage into a cup,,,,,
27396d71748edd84fe2d,fork,Scraping the bottom of a bowl,,,,,
8e6a623193921a0d876f,paperclip,Creating a weight balance in models or toys,,,,,
64ea72b1dcadd5b471b7,fork,Prying open small containers,,,,,
ca46989860adc022d974,towel,Drying wet hair,,,,,
5e15b167194b4ce16f73,paperclip,Keeping skirts or pants in place,,,,,
fdf86855ac9beff37e22,fork,Fishing for small objects in water,,,,,
04d0a82cfe9b35a0041c,can,As part of a plant propagation method by making small indentations in soil.,,,,,
03b1c0cc10c1418335c9,paperclip,Acting as a grip for delicate tools like tweezers,,,,,
2bddad2db071095717b5,paperclip,Fixing a small tag or nameplate,,,,,
7f99daadad9e20d04b8d,book,Child's toy for playacting,,,,,
e964c906d75029f72829,can,Temporary plant stake,,,,,
b085e9f20eaa386aaa91,can,Prop for small plants in a vertical garden,,,,,
f73b590725514657de4d,towel,Removing makeup when applying new,,,,,
252d92ab4bdbe38f5b94,paperclip,Holding papers together,,,,,
7633bc17fd2553886b96,fork,Indicating choices in a menu,,,,,
7ee21fba209497d1d3bb,can,Opening stuck jars,,,,,
7401e920bd2355df8f13,can,Counterweight in scales,,,,,
58f6446a973baf21fb40,book,Headrest in a pinch,,,,,
c3a859e878db10259329,can,Transporting lightweight objects like nails or screws,,,,,
0608f2b94e9b1228f548,towel,Air freshener diffuser,,,,,
70e8d83d2d22f490555a,book,Signet ring base,,,,,
b9051b44877be296c9e1,fork,Fashioning简易手工艺品,,,,,
0c6948ab28f8fb2e70bb,towel,Replacing bookmarks in books,,,,,
f8f4d802c53551aff6af,book,Paperweight,,,,,
8c12a10b44ad517aa3a5,towel,Absorbing spills on cleaned floors,,,,,
162405c684445d43bb70,paperclip,Bookmark,,,,,
a9fcb1ad060aa1a02e61,fork,Skimming small items from a surface,,,,,
289df9c0f9f22ec653a8,book,Phone charger via magnetic strips,,,,,
2eec972528555180b5be,can,As a make-shift tool rest,,,,,
e4b8b1069f8e7a75fbff,towel,Protecting surfaces from drops,,,,,
1e55ddd57c129ee741f9,book,A weapon for self-defense,,,,,
960ceaab6ed173eeeb1d,towel,Wiping hands,,,,,
4dc44ee9ce912487e687,book,Doorstop,,,,,
7438b94aeefe9cfd5d95,fork,Opening tight jars,,,,,
5a56f1a5f302ba2a19a6,book,Book as a musical instrument (tambour),,,,,
1c712a194070edfe1fb7,paperclip,Tactile keychain fob,,,,,
6c24515c0a142c77c307,book,Mug rest,,,,,
ee4142629b6c16cf3b8d,fork,Stirring small amounts of liquid,,,,,
f4835760eb7a4136a438,can,Hairbrush,,,,,
57b08d69f5771c257c79,fork,Piercing food,,,,,
d103413123f103b42168,fork,Measuring small distances or gaps,,,,,
97796030cf086da3b5d2,book,Toy for a pet bird,,,,,
cca3db40228d38f1add0,paperclip,Spacing elements in crafting projects,,,,,
bca5e268fe1ed9b799f9,book,Level,,,,,
4ae1d2905a354a61016c,towel,Clean glasses,,,,,
f020a624792946313d1c,towel,Insulating hot objects,,,,,
a5bbaca17011b99156af,can,Picture frame holder,,,,,
1f691f83ca84e9abe447,can,Container for small items,,,,,
3a8f7cd32f1eed864cad,towel,Dusting furniture,,,,,
cf85695ea4b7447688f6,can,Bungee cord anchor in campgrounds,,,,,
0ebda7faa6ac3cdcec3e,can,Striking objects gently for testing sound,,,,,
32fa72743f7f881433ef,can,Temporary shelter,,,,,
fb0e72e030fe8ed6381b,book,Doorstop,,,,,
be281397af411cd667f8,towel,Drying wet hands,,,,,
79d756cc804cd9fbad0b,paperclip,Mark bookmarks,,,,,
5e1efe2678a1e65760aa,fork,Holding lightweight tools like a screwdriver by rest,,,,,
18e3b28a038b736f9b9b,towel,Starting small fires,,,,,
7dcf7f38d0c2d1cd3a59,fork,Piercing and removing splinters from skin,,,,,
da3ef8516708d584bcc2,fork,Straightening wire or metal,,,,,
11fe779dcf8f8ce57d9b,paperclip,Stand for small objects,,,,,
e578038b8032383cfdcf,towel,Absorb spills.,,,,,
b11d351f4629eb81ac60,book,Decorative element in bookshelves or rooms,,,,,
0f79f649d67dc8579e00,towel,Polishing silverware,,,,,
58693d79a5e5a44b0725,can,Container for holding snacks,,,,,
7db166ff93aeb6dda14f,book,Firestarter,,,,,
765108ac344848da4df1,paperclip,Scratch itches,,,,,
d5cab73b02cfb13d4309,fork,Gently stirring powders or flakes,,,,,
8f5e69d0e139354550ee,fork,Temporarily marking positions on paper or wood,,,,,
cd64da871a1c5379edd4,book,Compost,,,,,
8345f4282871c52a85c8,paperclip,Fastening together loose receipts or invoices,,,,,
3897948c356253f83371,can,To mark pages in a book,,,,,
f91ac4213d9934787c6c,paperclip,Use as a simple paper easel support,,,,,
afdb935ef1e1bbeae1ee,book,Bowling ball in miniature golf,,,,,
eee101ecd9eb0d1743a7,paperclip,Securely fasten less important documents on top of important ones,,,,,
12d88bc38ac3edef5b24,book,Fire starter,,,,,
1b276353e2be88405f72,book,Toy for pets,,,,,
bed82729ec105477f9c9,towel,Drying dishes,,,,,
6a83f11c891f3f972c2c,paperclip,Hold pages together in a booklet,,,,,
47a97d36fb76b50f88c8,fork,Opening tight jars,,,,,
c7929188baaacb978646,paperclip,Marking corners for easy folding when crafting,,,,,
f5d2099c517ea5d6e46f,fork,Skimming liquids,,,,,
50bf75d9a6044ff368e2,can,Digging small holes in loose soil,,,,,
b87f258567e2d53905c1,can,Cut pizza slices,,,,,
1c3837e23ddbd4a76be0,fork,Moving small objects in crafts,,,,,
b110f76aa73e2f9cc252,book,Gift wrapping,,,,,
7d9e54ddd0126d847d58,paperclip,Serving as a makeshift stylus for touchscreens,,,,,
d15f76228738b2ee628b,can,Tool for starting fires,,,,,
9b1f23e5bd71fd6210bf,book,Fire starter,,,,,
07ec542b8217823a0ffd,can,Tap keys gently (metaphorically),,,,,
e00d813e21da06c1c0fc,towel,Cleaning the screen of a phone,,,,,
1586f0b658360893b487,fork,Opening tight lids on containers,,,,,
2da12baa4e92c83b2502,fork,Cleaning small parts,,,,,
3dbb6fc0153d0fcd82fc,can,Dropping to see if it makes a noise,,,,,
e0692f45f3c5dac9ce5c,paperclip,Secure post-it notes,,,,,
75fb643d74784356c6cb,towel,Cleaning car windows,,,,,
41c3b65dcaa161e62586,can,Camping chair,,,,,
463947aa3a59ac101fb3,can,As a container for small items,,,,,
d84774b59906f22445d2,fork,Unjamming zippers by pushing the slider through teeth,,,,,
2bc5b61366d954159fed,paperclip,Keep small items together,,,,,
8751d9d74c8a87f1b9e7,paperclip,Repairing small tears in fabric,,,,,
1b7a4bfadff577c69020,fork,Digging small holes,,,,,
50da807d3f080455ce4f,towel,Tying up bundles of clothes for easy transport,,,,,
906bc363e5c24b945697,paperclip,Securely attach small papers to a larger one,,,,,
e649ceb575778737ebd5,paperclip,Marking pages in books,,,,,
1744f919a65ead8e5b50,book,Nail punch guide,,,,,
cd1cac762854b07df25a,paperclip,Create a tool for folding paper hats,,,,,
40606cf5ee345192700a,fork,Scratch itchiness,,,,,
2cf7237cbc4cefedc548,paperclip,Wire binding assist,,,,,
c600acbca8de826c55e8,towel,Scrubbing mild dirt from plates,,,,,
4ea2645363ba15db1498,towel,Covering wet areas to prevent slipping,,,,,
176141be7bb65a94dfea,book,Kindling for starting a fire,,,,,
a5371daddf37ba59da93,paperclip,Holding together ribbons for gifts,,,,,
3b78810f48b5b678f94a,towel,Drying wet hair,,,,,
e50e94c506f4c87b8883,towel,Plugging leaks in pipes,,,,,
60fab1aa46d845546668,paperclip,Mark the top of a file folder,,,,,
c80953777418c6e76821,book,Plant pot,,,,,
1ab2a0c18031930309d0,towel,Wiping hands,,,,,
eb49c24f3ca003e2ace1,can,Employed in culinary arts for pureeing foods,,,,,
161065762dfc6f146bba,towel,Cleaning spills quickly,,,,,
1687710113dbf3814d3d,towel,Dusting surfaces,,,,,
a84ad99607dfa9b91865,paperclip,Connecting straws for a drinking fountain,,,,,
07cb26dea6decbee0856,can,Defending oneself,,,,,
5747e923eb4c7c02ce77,fork,Marking small distances on paper.,,,,,
a3f369e52120f6a6d107,can,Serving food at a party,,,,,
8abcd2b48192176967b7,towel,Sniffing for strong odors,,,,,
d0c3685990831d0c8b71,book,Musical instrument (when tapped or shaken),,,,,
8b326f1f5c143d652185,fork,Opening tight jars,,,,,
32a591047d7154cec723,book,Shield for protection,,,,,
00ad6ef61ae65b0c6f82,towel,Absorbing sweat,,,,,
9765f2c38d392e6f9d93,book,Book as a identification tag,,,,,
8d6bcaf0d58275c3fa61,towel,Tidying up pet hair,,,,,
9f9cd47a0a5686f6f747,towel,Cleaning screens and electronics,,,,,
f1082e0ee543f2289839,paperclip,Keep business cards organized,,,,,
8315120c4b0df50d4f87,paperclip,Marking spots in knitting or crochet,,,,,
4be6869131db21a7f849,can,Holding and shaking hands,,,,,
856812de59a0fbc61fef,fork,Piercing balloons during party games,,,,,
f203aef56ff836eca0b6,book,Toy for a pet,,,,,
fe909e8b4f466ceafd51,paperclip,Relaying messages in a game,,,,,
adda091034bc01344f10,paperclip,Bend it into a hook for hanging items,,,,,
9de07852065e1d5d5cc7,book,Magnifying glass,,,,,
5a605fd662fe7e31bb58,towel,Firewood starter,,,,,
0303824f5192001c0ce5,book,Collectible item,,,,,
1d9f3c37d054c5bb4e55,can,Tap emergency buttons,,,,,
949b9747d44dc4e37a2d,fork,Marking pages in books,,,,,
e757cc152e64b013c4c7,towel,Blotting oil stains,,,,,
5a69ddca4cbc58bab862,paperclip,Marking page numbers,,,,,
af50310a4aad1ecea1aa,book,Surface for writing,,,,,
b5d185152898c79d7ced,fork,Spreading butter on bread,,,,,
55e1af5a234f7ea63690,fork,Holding paper while writing,,,,,
936356a8fabd46d1563b,book,Ingredient in paper mache,,,,,
3de200203de283284e36,fork,支撑照片相框,,,,,
bda19eedfdf498af7a83,can,As a walking stick,,,,,
c269948f36a9e040cfd0,towel,Collecting small spills,,,,,
a17864d35c806d73f923,paperclip,Holding papers together,,,,,
1bf3fdfcd0b07690deda,towel,Binding small packages,,,,,
07df4320da9b66086772,book,Decorative element,,,,,
24f9aabb523523c7fbc1,paperclip,Tools for small objects,,,,,
7fdfb58ea357bbf948a0,book,Book to scrape wax off a record,,,,,
3a2be5afcfa426275e35,fork,Opening tight lids on containers,,,,,
f343531194405c1bbd00,book,Bookmark,,,,,
d32f10ac33b3cf88f82a,towel,Drying hands after washing,,,,,
bcf05ca439f799d5435e,fork,Cleaning small parts,,,,,
b9a6338042a95541f0f6,can,Portable seating pad,,,,,
d6b9894ea4eca7d54b57,towel,Plugging gaps in doors for better insulation,,,,,
5f0953c6e8770804c9b6,towel,Drying dishes,,,,,
de01c0d2623f7cae8bb5,book,Doorstop,,,,,
fa36db1a150f26bc1b84,towel,Wiping hands dry after washing them,,,,,
1cd90999ab6004b8ae47,paperclip,Holding groups of small wires or strands of fabric,,,,,
ff21942f960f7a59591f,book,Bookmark,,,,,
fba8d26b5e1bd9274fa7,can,Adjusting valve stems,,,,,
eb62446df1cb6f0a5c17,fork,Crevice cleaner for intricate parts.,,,,,
67d3cae1cc3e98c4162e,can,Bird feeder,,,,,
d0889446ca4c05f55ade,paperclip,Adding authenticity to handmade crafts,,,,,
98ad2ba475a9db8d2aa9,can,In puzzle games,,,,,
f85448314340af234a98,book,Pillow,,,,,
989d34f6c7abf55a4bb8,paperclip,Holding pages together in bound books,,,,,
efea9faffa4d5beb3248,paperclip,Sleeve for small items,,,,,
36e5c3cce8138bcf24f0,book,Bookmarking pages in a magazine,,,,,
c27efb50409fca19ed6a,paperclip,Securing notes to a wall,,,,,
b5054ee01d676befd8cb,book,Decoration on a bookshelf,,,,,
ae912468e7d3f31e49d9,can,As a makeshift paperweight,,,,,
865db7835da6b81e803f,fork,Grooming pet fur to remove tangles,,,,,
415322426ccce57b84f9,can,As a handle for painting,,,,,
0142ff61e4cfad4c2f93,book,Hammer handle,,,,,
ef726ffc5d19c9ee5600,can,Surface for cutting paper,,,,,
43d03768abaef3ff5e3c,towel,Binding small cuts,,,,,
a0f2b7fe54bd857ee5e1,can,Use as a toy for pets,,,,,
f5362ba91942597c6b38,book,Stress relief toy,,,,,
80605ac54dae70dadeb2,paperclip,Creating bookmarks,,,,,
63d1da5fccb231f32ecf,paperclip,Mark items for removal from a desk drawer,,,,,
7ae73c1f3815cec02d20,fork,Makingquickmarksorsectionsonpaper,,,,,
980c88aff4e7370432ca,can,Can as a weight for clothing,,,,,
77b07a4ea95d5a4aa11f,book,Hammer (in an emergency),,,,,
7c6cb3dd063d41a95ff3,can,Kicking in soccer if no ball is available,,,,,
23d9cb67f60287986ec0,towel,Covering food,,,,,
57d9d226ec0e73cfd4ee,paperclip,Securing loose tags on documents,,,,,
32ee6a74d9ede80c0a11,fork,Opening tight jars,,,,,
80afc99bd2d6fed8dbd8,can,To prop up a fallen plant,,,,,
5f97999e92408f0c490e,paperclip,Mend torn fabric or paper,,,,,
23d9fbca56b1e62c647a,towel,Starting a small fire in emergencies,,,,,
dcf6f4135506fcf788bf,towel,Cleaning windows,,,,,
51aea9dec63c749a240b,can,Portable shade for a pet in outdoor activities,,,,,
075c733f6387b1ce9a2d,fork,Opening tight jars,,,,,
b31b827af9e745af5dbf,towel,Cleaning up small spills,,,,,
0a54b9622225688fd1fa,can,Serving as a temporary shelter for insects,,,,,
c951b6d73d2e34f81c8d,can,Book end,,,,,
41c34cbc9852249fe118,book,Bird perch,,,,,
e8b2c478c6ddeadd8d48,towel,Cleaning screens,,,,,
1d74c3fecfba4fdae242,can,Crumpling paper to create packaging material,,,,,
3f63de6c540471aecb21,paperclip,Knotting with other paperclips to form shapes,,,,,
e2b864bde1922bac7ad2,fork,Scratching an itch,,,,,
cc8ab797d9cb3b070865,can,Bracelet for fitness tracking,,,,,
2581a493e323e9edb948,towel,Absorbing spills,,,,,
7e88de71aab5eeaa5d23,paperclip,Attaching notes to a document,,,,,
9d543d4d78c562747779,fork,Whetting a knife's edge,,,,,
4272e3e7472a8d39c0a6,can,Seat during outdoor activities,,,,,
a683af8ae072a7e87f3c,towel,Covering food to keep it cool,,,,,
d6bcb81990cfcc3be7f3,paperclip,Initiating a chain reaction in paperclip art,,,,,
b2e1952c288cb7b9d361,fork,Holding objects while applying glue or adhesive,,,,,
354baf20a84cf916204f,fork,Playing the triangle instrument,,,,,
d9d797fe3a69ed8929b9,towel,Squeeze water out of a fish tank,,,,,
48723116c36b5fdfccd7,paperclip,Weight for sewing,,,,,
3fb8a2eb9f7ed762e422,paperclip,Creating simple paper sculptures,,,,,
f3680ff56871871988da,towel,Wrapping gifts,,,,,
0c48632dbbbd21c9e56b,book,Paperweight,,,,,
e551806cabf32d777be4,book,Doorstop,,,,,
442d0b322e20044441ad,book,Weight for a curtain,,,,,
8dce5e8184bdd069b2a6,paperclip,Securing papers in a scientific journal,,,,,
292696808865b3c22696,can,Breaking ice on a drink,,,,,
179ee5ee668e37d533e1,book,Fish bait container,,,,,
77549939658b4e1edd22,fork,Spreading butter on bread,,,,,
206b6bb030e4327e2392,book,Marker holder,,,,,
fcb846479509cce182ad,fork,Marking pages in a book,,,,,
b9f127377524a6eb4ec9,can,It for marking pages in books,,,,,
f811b2020849e335cbf3,towel,Fixing slight rips in fabric,,,,,
83afd36d58c26747fd75,fork,Opening tight lids on jars,,,,,
c0b2b787d3bec9fdf6da,can,In a flower arrangement,,,,,
73a557f9402cb8f32056,towel,Drying pets,,,,,
5398822b3f122771864f,can,Support for small structures,,,,,
26e40a724115943be7f6,paperclip,Marking a place in a book,,,,,
fd4bcb8e13de81b0835b,towel,Cleaning computer screens,,,,,
d0d06b1ba52431fa28b8,can,As a stand for holding plants,,,,,
c3e04d39a3f828ecd15e,fork,Tapping rhythm for knitting needles,,,,,
47590f38d3be6e55b778,can,As a shield in a play or performance.,,,,,
f4a54d3cc13bf6658af7,towel,Dusting off books and surfaces,,,,,
7f0beb7e431823aa3342,towel,Scraping off mud from shoes,,,,,
2deee2ebc72515a9b1b4,book,Bookmark,,,,,
735cd1b12135ebcd35a7,can,To tap nails (lightly),,,,,
2af08b7b983f4720224f,book,A paper weight,,,,,
09268178f46ef9d38b18,book,Lunch container,,,,,
5f4f00eedbfbff8c2813,towel,Polish shoes,,,,,
d2116309ec67399904ff,towel,Insulate hot pots,,,,,
4dd3ed31ac42c9d52445,book,Sign,,,,,
0436df40983f7aff7291,towel,Wiping monitors or screens,,,,,
3c7391e2ee04df83684a,book,Flashlight reflector,,,,,
ca4f8d3a2b2e8a6957b4,fork,To tap on tables for get attention,,,,,
af004dd1603192090c3f,book,Plant protector,,,,,
60c45a5ca5682307bb3f,paperclip,Miniature weight for balance scales,,,,,
274368aa3de00b9b8eb8,paperclip,Tempting birds in bird feeders,,,,,
4a5bc35f6a4f4768c7aa,towel,Tying up flowers for a bouquet,,,,,
52b6ba50b62f8ae75862,towel,Controlling a leaking tap,,,,,
e97f4ec1d4a4188ac58b,fork,Tool for prying apart sticky食物。,,,,,
fa11aca2e69e21e42e33,can,Shield in a boffer LARP,,,,,
1d1de8b9d2dd58955b6e,book,Sound muffler when placed around speakers,,,,,
32bc399425a88bd26cc9,towel,Cleaning reptile enclosures,,,,,
7fa0c574da5d06d1c98c,towel,Dusting surfaces,,,,,
814ecd0ce71a1a9925f7,paperclip,Keep business cards organized,,,,,
62f137855d02357393d1,paperclip,Balancing scales or makeshift weights,,,,,
eb482992cf5211457cac,fork,划切割纸张,,,,,
7184a02e7238671b2885,towel,Packaging gifts to protect wrapping paper,,,,,
d5df14716ddb7c2e3724,book,provisional weapon,,,,,
a425c0ac1d3fb52c3017,can,Torching with a flame,,,,,
e484679d5d49b3f9605a,towel,Placing under a tray to catch accidental spills,,,,,
9f005bd537889f4a0302,fork,Turning small items on a skewer,,,,,
abd84647a93948b9a828,fork,Feeding pets like goldfish or birds,,,,,
026d2f784584378f2058,book,Dart target,,,,,
1e5e0d5b000b2f33657b,fork,Create decorative marks on wood,,,,,
261e5ee90fc2b2f20b07,can,Acting as a paperweight,,,,,
f2f270cdb9337183d5b1,book,Hammer,,,,,
4d16986780b31cdfe579,book,Illume a flickering candle,,,,,
98a1a8e8e32cbc30746a,towel,Absorbing sweat during exercise,,,,,
4f0029dd6ae527f36a1a,towel,Scrubbing dishes in the sink,,,,,
6b55878b9660e24c281b,towel,Cleaning minor spills,,,,,
32815f1043701d4449b6,fork,Braiding hair,,,,,
f63bdc951cb62ffbdb28,can,Fishing lure weight,,,,,
5a38dbe2c3f8ebf05f3c,can,Weapon in self-defense,,,,,
158c983b888d1b72d8fe,book,Spacemaker between furniture,,,,,
8cc3c4c1575dd08340e2,book,Weight for holding pages open,,,,,
23a4f6a8d37a15f074b5,can,For serving as a coaster,,,,,
b04e21d8af7d70459d41,fork,Aid for individuals with certain disabilities for pointing or manipulating objects,,,,,
ce599e9142d6e26885b1,book,Baseball bat,,,,,
3c9678bca93d262c2885,fork,Polishing surfaces with abrasive material,,,,,
7818914e89a57404b391,can,Straining small seeds or fibers,,,,,
df33cbff1a126f9331fe,towel,Wiping hands dry,,,,,
4e065bcd1658432fce3a,book,Small musical instrument (when played with other books),,,,,
256a981970c3c108d453,towel,Absorbing sweat while exercising,,,,,
6d04429889231d4bcd13,can,Fishing net holder,,,,,
c78f540401a22fe744d2,towel,Neck warmer or scarf in cold weather,,,,,
083c4e1ce6715d3f867f,book,Pulse tapper,,,,,
2bff7def50a9df7600fc,book,Surface for writing,,,,,
d506db6f264f92d40104,towel,Absorbing water from wet hair,,,,,
72928da450dcd54d413a,can,Can as a musical shaker,,,,,
cec87194c596ab087c73,paperclip,Using as a makeshift paper cutter guide,,,,,
bf900469082421806dc0,fork,Creating small holes in fabrics,,,,,
1ae42d359c9f0e6bd6b6,can,Wind block for a flame,,,,,
e1e56d960d440f0d8e79,book,Diving buoy to signal for help underwater.,,,,,
d0890e77cd2056183eb9,can,Protecting a book's cover from spills.,,,,,
8b7764434a5342ef4484,book,Refrigerator magnet,,,,,
be163639d10b5f8ed229,fork,Cleaning minor kinks from plastic tubing,,,,,
a346412ef3188d31a901,book,Toy for younger children,,,,,
37a83281c53e636a85f7,can,Drink container,,,,,
850dd70dde83dba2e0d4,paperclip,Tying together small notes or messages,,,,,
f07e5649b90075d33eb4,book,To scratch itch spots on furniture,,,,,
5993410c0f8a997abb82,can,Child's seat for low surfaces.,,,,,
5e4bc34d957665eb1709,towel,Wiping faces,,,,,
a0f3c7c0b9e51513df18,towel,Mopping small areas,,,,,
7d9a8f88131e548341a9,book,Weight for a curtain,,,,,
2962e1464ed3525c93a9,fork,Scratching itchy skin,,,,,
004581078ecb0f7fb93f,towel,Cleaning sticky surfaces,,,,,
965fae0e607d67059b2b,can,Fan prop,,,,,
941c45abc02da82e31eb,book,Bookmark,,,,,
ad9cb176b0a43a5e8907,can,A divider for organizing compartments in a larger bag,,,,,
37596fb08df20a4fa608,book,Shelf filler,,,,,
b31fb42271788e521a58,book,Fan,,,,,
eca40ceaaccdf0b56f3b,paperclip,Holding papers together on a bulletin board,,,,,
2cee2c02df0904d2aa8e,fork,Creating patterns on frosting for cakes,,,,,
30d29dc8528671f2d53f,book,For emergency kindling,,,,,
ed2a11da7232684e0140,towel,Cleaning shoes,,,,,
4adffb203a8e3b32d923,fork,Polishing small jewelry items,,,,,
5a146ea26de6ec86c156,towel,Covering food to keep it damp,,,,,
f9020e5cde54b6f953d3,paperclip,Marking items in a drawer,,,,,
0545369006de29129f1b,towel,Emergency bandage application,,,,,
7cf5911319b0894650cd,towel,Covering books to protect them from spills,,,,,
2437a82c1d7cb0afee40,can,Bicycle bell cover,,,,,
b798df9b8f8484f3ee63,paperclip,Creating a makeshift bookmark,,,,,
3e9ca89a90eb251a91bc,towel,Absorbing spills,,,,,
185ff2fc8a3cbf911f7c,fork,Unjamming a stuck drawer,,,,,
59597aa2af2545b5d7a3,towel,Wiping counters,,,,,
7abf71e48d43b6142fd2,book,Decorating a bookshelf or room,,,,,
61291182a94109b2a97c,can,As a container for small items,,,,,
b2e327654396aa52d8d6,paperclip,Mark the top of a stack,,,,,
3122d3ce9d85b0421e0d,fork,Serving food on a plate,,,,,
f45de2049e1c2cf46644,fork,Poking food on a grill,,,,,
1167072c317a2a01cf5a,can,Holding small tools,,,,,
d1bb6882f08f6803b1e9,fork,Opening jars,,,,,
00dc19a1224256f3e1d5,paperclip,Fasten survey responses,,,,,
21917e8009fe4b2c6129,towel,Drying wet hands,,,,,
e42cafaabb4959589fdf,can,Distributing small items into containers,,,,,
ebabecdb588e930f6cc3,fork,Making small holes in soil for planting seeds,,,,,
0ab86ac1ca9c983de89f,towel,Cleaning spills,,,,,
a3b568536ac4b4d64644,towel,Filtering coffee grounds,,,,,
301a089f5bc160e038d5,towel,Draping over shoulders when wet,,,,,
ed6e9096eb75e4e37a0a,can,Inserting into a cork to lift it off a bottle,,,,,
ead42ee2d9e504101721,book,Surface for writing,,,,,
5ecc25bdcad966887e00,paperclip,Connecting paper tags to items,,,,,
74906917db225e785ea2,fork,Measure distances on a flat surface,,,,,
12480f2ff65a633fd6f1,book,Lantern when covered with a burning candle,,,,,
ed82acdbfc26681ffc01,fork,Creating patterns on wood or metal surfaces,,,,,
6ba9b9acd4d3b1eb1f8a,fork,Moving tiny objects,,,,,
4c18c22fcd603199828f,towel,Wiping down surfaces,,,,,
6890c1531357c77be89b,book,Seat cushion,,,,,
78caab0829cbe9d28456,book,Toy for dogs,,,,,
e7fc89194b5cbadb6895,fork,Cleaning small objects like screws,,,,,
f938009bd35b8222d62b,fork,Gripping small objects,,,,,
e07cdc696c7507b2c209,fork,Stabilizing paper while it's being folded,,,,,
aca1157041639246fb96,book,Branding iron,,,,,
a2ad92fa4cc982804718,towel,Cleaning a camera lens,,,,,
4f34c91c63aefe42f761,can,Strike surface for matches or lighters,,,,,
75baaaa608b46c74f66a,can,Use as a temporary weight,,,,,
a2a886de830f4bea1216,can,For digging small holes,,,,,
d427eb4bf05b2e13e3d7,paperclip,Securely attach small papers to notebooks,,,,,
c5830967aea0450ee149,can,Slicing and using the top as a miniature plate,,,,,
dd578e64f64be9b1bed7,towel,Scrubbing surfaces,,,,,
164ba3c2a8ade8f2e011,book,Vitamin C case for pinching,,,,,
6a43f487c3d1d622e231,fork,Marking lines on paper,,,,,
d48d4aa43a58a716c0fa,fork,Making scratch marks on furniture,,,,,
a24470b892fa0481fefc,can,Marking boundaries in a yard,,,,,
3d9bce27ea464dd7c65e,can,To bang on in rhythm during a parade,,,,,
c2c6d07b12006d572b3c,fork,Spreading butter on bread,,,,,
909088783f95a5bbe26a,fork,Scraping small objects from a tray.,,,,,
22e95c018295a8ec3421,can,Ballstop in lawn bowling,,,,,
a2bff96dc30b46f48e7c,towel,Neck warmers,,,,,
e0ef9dba53fe1d66dbe3,can,Clipboard extender,,,,,
7468e36bd884826e2b6d,fork,Holding papers together,,,,,
f32dc4daaff24ca5bf95,fork,Moving small objects in crafting,,,,,
253f6f1c8eaf155b4752,can,As a doorstop,,,,,
835bdf36686374d354e7,towel,Protecting furniture during light moving,,,,,
384ec27cf0d1d4fc6a26,fork,Holding papers together,,,,,
4560ca20a2a639e6e18f,towel,Playing a small drum,,,,,
4616254cd8b2e87d202f,fork,Holding pages open in a book,,,,,
07cd7e2bb0e7a7b10c46,paperclip,Create small weights for DIY projects,,,,,
16f3d3e209aa1fe0f87c,can,For blocking narrow spaces to prevent children from entering,,,,,
1ca0547acc782fedf78b,can,Seat cushion in a foldable chair,,,,,
97b4809f02ad57567288,book,Seat cushion,,,,,
f612087249373cad3f49,paperclip,Securing small flowers or decorations in hair or on clothing,,,,,
4caa7c793c6b5ab7255e,can,Serving as a temporary doorstop,,,,,
fcd1257819af07b20b39,towel,Cleaning hands,,,,,
9d72950f182c1d6d1f40,fork,Pricking food before freezing,,,,,
2a4322c0485e574ce375,towel,Removing makeup,,,,,
3087981d6af0f7ecd936,fork,Holding papers together,,,,,
95d5b16186212787e5a8,can,Open jars,,,,,
877945db026c073cd0c0,paperclip,Connecting parts of a paper chain,,,,,
b6052fa9170c355acb05,fork,Garnishing dishes in cooking,,,,,
312dcaea52a6db62ff09,fork,As a decorative item on a dinner table,,,,,
2a310fbba81e7b30a330,book,Baseball glove to practice catching.,,,,,
822c8630512f591d2ab1,towel,Absorbing spills on drawer bottoms,,,,,
28298680d455f63fb6f1,fork,Mixing clay,,,,,
cff2d7db6a77f64f8129,fork,Pronging plants to stimulate growth,,,,,
45b28f5dc28ce08e1396,paperclip,Marking items for shipment,,,,,
65f1eac0b331e72fd34d,towel,Open jars.,,,,,
59f9b350d5f2bbd040f9,book,Weight to keep a magazine open,,,,,
fa776911d01483dd911c,book,Teether for infants,,,,,
4b488aaad0e054e690cd,fork,Removing small insects from one's body,,,,,
e82611d643e56c06c62b,book,Temporary headrest while lying on a couch,,,,,
cb273cc1270bac40c27d,towel,Cleaning spills,,,,,
c5212be2cd0009fc8c27,book,Paperweight,,,,,
e108369d23b5f55a5bf9,fork,Scraping food residue from plates,,,,,
f17399b2acb9fcedd269,paperclip,Organizing bookmarks in books,,,,,
96dd260f901c40d157e1,fork,Cleaning small parts or tools,,,,,
ffb1d6a0e8b0a1497149,fork,Pricking cheese,,,,,
fcc772a1137bbaabbcd3,paperclip,Attach small items to a keychain,,,,,
7a048cec961790718fb4,towel,Drying small tools quickly,,,,,
ec8826449f93461a4fa2,can,Acting as a signal in emergencies,,,,,
9e59d9491ea21e5a23c0,can,Edge protect for packages,,,,,
677fa31bb0b9c42ec813,fork,Hitting small pins inトン费,,,,,
802e5553ddc45e868cc1,book,Fan in warm weather,,,,,
46e07743941555405c39,fork,Digging narrow holes,,,,,
5751b81548cb42edcf19,fork,Cracking code keys to match keyholes,,,,,
7bb91d62f3473f06b729,fork,Spiking a tent for additional support.,,,,,
71be4bfe1a638ee49d63,book,Bookend,,,,,
c38dad54544840525a03,fork,Opening jars,,,,,
dad21b371bf5c781f308,towel,Absorbing spills on countertops,,,,,
450c0917053907b41ecb,towel,Drying hands,,,,,
0e130f773773c0cc7a01,towel,Cleaning car interiors,,,,,
3cff51db75cfe7ee5fb1,book,Toy for a pet dog,,,,,
a2e4402a5e4dc2ec6b68,book,Door stopper,,,,,
f66bb75ce1117dc26965,fork,Weapon,,,,,
aefc00b31155562a5781,paperclip,Measure small distancesabilidad flattering,,,,,
18e41caee36ea40daf3e,can,Acting as a small container for jewelry,,,,,
1e0fe01cd3cfa52006e6,can,Support for attaching pictures,,,,,
a2b51cd416e29ebb665b,book,Paperweight,,,,,
dc648681368f93c7ba41,book,Bird feeder,,,,,
16d8b7ee643555066b34,book,Decorative element in a room,,,,,
24e9b461e39a2d8213c8,towel,Blotting oil stains,,,,,
3c909b4f5a2deaf1b1e0,fork,Opening bottle caps,,,,,
ae84d9b3ffd3ce5267be,can,Weapon in self-defense,,,,,
ac5cd0b31bf77c2e2a0d,book,Pet bed,,,,,
fdfddd1974c25e77d18b,book,Thwacking tool for swatting insects,,,,,
1e7ce70d96b78effdd7b,towel,Cleaning a keyboard,,,,,
c388c23c30eab794a41b,book,Seating cushion,,,,,
b50ff8a5793304ca9f6f,paperclip,Connecting magnets for hanging objects,,,,,
3abb864bdd2c6f174b4a,fork,Cleaning small parts,,,,,
070bbc7c75ef9d8d01d8,towel,Plugging gaps in doors,,,,,
3f3974ebcd0246305d2c,towel,Absorbing water from floors after mopping,,,,,
5dcb75ba9d65f192471a,book,Fishing bobber,,,,,
d1f3ed9c84220e77280c,paperclip,Hold pages together in a folder,,,,,
4a2286c5be8bc44c4982,fork,Mixing ingredients in a bowl,,,,,
26517284e7120a95ae64,fork,Holding pages in a book,,,,,
177f6656f5a1926d3aa9,paperclip,Securely fasten notes,,,,,
e3eed6bdfe09c34fb85e,fork,Marking paths or temporary signs,,,,,
df5cd905e9818322e995,fork,Scratchmarks on furniture to mark territory,,,,,
97b032c5b80d34391380,fork,Mixing gravel or small stones in crafting,,,,,
597bbb3a686e52263bed,paperclip,Magnifying helper (under glasses),,,,,
4648c11899dcfa2f1b60,book,Fan,,,,,
c6a773dc6b5cad80e8da,can,Screen cover for electronic devices,,,,,
4472272c762f96ba28a9,fork,Piercingfoodfortricky foods,,,,,
65f6ef715ff2dc1c785a,towel,Squeezing excess water from produce,,,,,
d4c7999614aef722e0b4,book,Napkin,,,,,
5379ad28df14fd30a620,towel,Cleaning shoes,,,,,
18c82576894f9ef97adb,can,Plant pot,,,,,
0000ca44165b595b7bec,can,Strikes matches,,,,,
c95eea9cc5d1fea3b30f,fork,Creating decorative borders on paper crafts,,,,,
531a214968f13b2ef60c,fork,Fastening smaller paper clips together,,,,,
f78b030a989379310a90,towel,Drying dishes,,,,,
ca41bcda357ed2ddf6ec,towel,Stabilizing a cell phone during a drop,,,,,
559f1c3c7d255d81325f,towel,Polishing silverware,,,,,
b13a460fc2814004816d,fork,Opening tight jars,,,,,
2af27b4446837a69dcc4,paperclip,Securing票据,,,,,
59ec04935f73c0e11d93,fork,Cooling hot spoons or forks,,,,,
45843d5f45eebd052d4d,can,As a paperweight,,,,,
e549a1f77b643db8d1e1,towel,Drying dishes,,,,,
801e66627f54653dff60,book,Fan,,,,,
c96c998fa3497950e369,can,Emergency shelter,,,,,
5e928d99819445846f3b,paperclip,Securing loose tickets or receipts,,,,,
04d169b1c2da543919df,can,To hold paper clips,,,,,
89d4d6285a29e92ad506,towel,Cleaning computer screens,,,,,
1fdbebf92fad65e95f52,book,Solar cooker handle,,,,,
d9e1a83cfa8576322d69,paperclip,Locking clasps or small rings shut,,,,,
5519ebb6c1f0aba5b76c,book,Using as a doorstop,,,,,
29217a6d6490bed1eb91,towel,Rinse fruits,,,,,
51fade9dc3c97228551d,fork,Holding place in a book,,,,,
58a83d6c515674b2cb42,paperclip,Securing labels on packages,,,,,
d9fd5bc6ffffed615af3,book,A weight for printing or printing projects,,,,,
5690f8648cb6d1e8e518,book,Toy for toddlers to stack,,,,,
b7471267b3146d28b7ba,book,Fan,,,,,
60effabc6f384b374159,can,Can as a planter for herbs,,,,,
920f04f5aa1129c64176,towel,Dusting surfaces,,,,,
4746c05bfb1465871642,can,Vigorously shaking hands to offer a firm grip,,,,,
f8d2be05cec2205a900f,can,Mixing small amounts of adhesives,,,,,
3b50e8202c6339a53826,fork,Holding paper while writing,,,,,
a8b6a4248ca01d3126fb,can,Indicating availability in a display,,,,,
e312bd2129b2a4acd9ac,can,Balancing something unstable on top for temporary support,,,,,
e5c5f7c3c4007d7a94af,book,Stand for holding up plants,,,,,
0b96386cd8c9ce1e4d1e,can,拖鞋容器,,,,,
2d7eaaa30619b4601d39,fork,Plant stake for holding up delicate plants,,,,,
a5b13a3563a9c12c40e6,towel,Wiping frost off windows in winter,,,,,
f6b8e8ad409386b757d2,fork,Playing simple musical notes by tapping against other forks,,,,,
8f7894e88ce0151a6b3f,paperclip,Linking together documents,,,,,
af6dea55e5503624aeaa,fork,Holding objects while gluing,,,,,
b0ac03d29204d9eab35c,fork,Surtoolbox handle,,,,,
55d2343a437a6b8ebe21,towel,Plugging gaps under doors to keep out cold,,,,,
f007ba9718925ebf7ab9,paperclip,Making simple paper cranes or other paper crafts,,,,,
7bf004bfe03288eec9ce,paperclip,Attach labels,,,,,
0a681249186a9b3b15ae,book,Cleaning tool for glass,,,,,
b1e2ae135c6076367801,can,Sunshade for small plants,,,,,
5d75d9a2486d92e307fd,fork,Scraping labels off containers,,,,,
0609fdc5d1d6b153fe1e,book,Citizen ID card,,,,,
28bbf5a23f787bc8494d,can,Camping item for shelter,,,,,
0ad4fd6bf1d385c10ce3,book,cosmetic mirror,,,,,
1131015c1bc8b1c8bbf1,paperclip,Hold papers together,,,,,
224ab893c8f615b04a48,towel,Cleaning computer keyboards,,,,,
3accd729ba98a21cef12,paperclip,Securing pages in a binder when no staple is available,,,,,
1b33f0964bf020d9b1ee,paperclip,Holding together receipts in a wallet,,,,,
0614749e8ccc0a715112,can,Planting seeds,,,,,
a2d53b31383466cf752f,paperclip,Tool for lifting light objects,,,,,
9ece0abc2793787667c3,towel,Insulating glass mugs from hot surfaces,,,,,
05e9aa45f80e6fcd37ae,paperclip,Making a simple paper airplane propeller,,,,,
f9009f1c3913678ea653,paperclip,Marking page numbers,,,,,
198673b0497485414741,fork,Holding glasses or plates,,,,,
f11f26404f24b0fdc34e,can,Used to carry small tools while gardening,,,,,
946d620e8c1677e100cc,fork,HoldingAwetwipe,,,,,
e18c6c6e29ff47b55cec,towel,Wrapping gifts,,,,,
940745fe123ed69a2b59,book,Marking the entry point in a directory,,,,,
77cc2027966e5737adad,book,Signal mirror reflection (polished cover),,,,,
8d3ee65ec4daa11cc2a4,paperclip,Holding receipts together,,,,,
b770e927c852ea9f62dd,paperclip,Pinching and holding small objects,,,,,
222664e0b21d825ef5c6,can,Hanging objects as a nail substitute,,,,,
e2d75ff20baf709cd97d,fork,Making scratching sounds for emphasis,,,,,
8b706dcdc7d06bfacb72,book,Bookmark,,,,,
0bfe0fe7cdaf984fb0e5,paperclip,Creating a makeshift flag or tag,,,,,
4d659925e22cc9a9e3d2,book,Bookmarking pages in a magazine,,,,,
08ec1faa9c79df6f9ee5,fork,Measuring small distances,,,,,
76092fcaec0dd2a7c94b,can,Marking the ground as a makeshift tent stake,,,,,
fed687b88e3fd783e04e,can,For prying loose items or materials,,,,,
55702d06bb2fb463a476,towel,Drying dishes,,,,,
a2efeef965f5fca5b852,fork,Holding objects together temporarily,,,,,
8973664c44fd32ac4b72,book,Ruler,,,,,
67b5f243e539d5880419,book,Medium for collage art,,,,,
feac10e2bbd9d8ccdf9b,towel,Holding small物件enchmarking,,,,,
6da2672d9ae10b230fa8,book,Sound amplifier in public speaking,,,,,
7c0b4fc58e4a4bb2ec24,fork,Spacing items on a tray,,,,,
1ebb8f87cfea20c96db6,book,"感恩节晚餐的装饰品 (Note: This translates to ""Thanksgiving dinner decoration"")",,,,,
1ff6d3fd867ee7b2956f,book,Elevation for plant pots,,,,,
3e3ee9cf7963b2f775a5,book,Door stopper,,,,,
a0b9ae460f72aa7f9183,paperclip,Mark place in a book,,,,,
b6efdb941a53be17bcf6,can,Holding screws or nails,,,,,
c2bd6c016504a13ef02f,book,Bookmarking pages in reading material,,,,,
2a3f0942516986217fe2,can,Balancing items on surfaces,,,,,
f24612148735a723974a,paperclip,Create a simple paperweight,,,,,
939d96dce7f724a4bbef,paperclip,Creating a paper weights,,,,,
4d9768e62f4abe89f1df,can,Toy for children to play with,,,,,
d6bdb1bc6aca3d8d737f,paperclip,Mark place in books,,,,,
cd799c3e8adf4a7a1887,fork,Cleaning small parts,,,,,
c1cef90ff42c9fe72681,towel,Drying hands,,,,,
80dca8adfd716ce8841f,paperclip,Securing small parts to a craft project,,,,,
51f61068519d9f0cf76e,towel,Cleaning shoes,,,,,
5229e039c7127b45142b,paperclip,Open small packaging,,,,,
d6523ab6c72024c0cd65,can,Knocking objects down,,,,,
66c5b33c10a4cb5dcc59,can,Measuring small items,,,,,
77c7225b3e09bb8c4563,towel,Insulate a hot plate,,,,,
7c17fc03e1e95e7d49e1,towel,Holding small parts together,,,,,
e5e812565050ed5f05f6,fork,Serving as a tent stake,,,,,
febb4bbf752739826dc9,towel,Clean bicycle chains,,,,,
058830732c0a752959d0,can,Containers for fruits and vegetables,,,,,
20d1cca0126348406b00,paperclip,Marking items on a desk or board,,,,,
fd4cc29403964baf40fc,fork,Untangle strings,,,,,
883f9af8e193c8bda313,can,Pigeon cage,,,,,
4280303b491ffd830f31,paperclip,Creating anchors for fishing line or string,,,,,
b84fafd59cd0f2a00d25,towel,Starting a small fire (under supervision),,,,,
487384d85069651c54fe,book,bookmarks,,,,,
538cba428eb2599b4008,towel,Covering food,,,,,
4315cd9e5c84b36d0950,fork,Turning pages in a notebook,,,,,
109537e1d334474e6cad,book,Doorstop,,,,,
16bce99d390522c69a81,book,Fan,,,,,
8ef54d71702939b133c2,paperclip,Hold pages together in a binder,,,,,
c5e3f04e925d4eb5e094,towel,Cleaning frost from windows in the winter,,,,,
045a9e067f062c787fda,can,Baby toy for grasping,,,,,
fc4cd5ba87f1193aafd8,fork,Gouging out soft materials,,,,,
531ded2d7faf955b03bd,paperclip,Creating temporal food packaging,,,,,
a92b075420fababf7df3,towel,Wiping windows and mirrors,,,,,
6470a037cbc96c2c300d,fork,Creating decorative patterns on food,,,,,
fe1769afd5f066faf4d0,book,Toy for younger children,,,,,
e3b9478dd708b5207078,can,Storing magic tricks or small props,,,,,
52dfaad776178b2ad4cc,fork,Opening tight jars,,,,,
6b643f8bfb501bae1871,fork,Poking small holes in gloves,,,,,
9d11a31628e25619af19,can,Generating sound as a bell,,,,,
957f0e495249f6dd1ebd,towel,Drying hands,,,,,
052bf9cdfee59e32e5fe,book,Identifying plant parts in guidebooks,,,,,
c737cda498cbfe2696cf,paperclip,Securing a safety pin in fabric,,,,,
06994a6d9107747e399b,book,Fishing lure (used as a heavy bait),,,,,
5e680bf8ed78e3337b57,paperclip,Mark items in a stack,,,,,
cbf4c4e9b1a2049e69a7,fork,Flattening nails or staples,,,,,
3f75c9c3e77274bdff96,book,Paperweight,,,,,
24b4055ddecf1892c088,fork,Valve core,,,,,
a4b78f3199100bb80018,book,Kindle replacement cover,,,,,
37830141db1770359da4,can,Shoe stretcher,,,,,
4b44496ddf872c9ea4cb,book,Source of kindling,,,,,
b5416f662c72a730131e,book,Toy,,,,,
81422eb03c855ba7097a,fork,Marking your place in books,,,,,
a79527148946503e1102,fork,Poking a clog to clear a drain.,,,,,
4c37694202b22ddb6c19,towel,Polishing surfaces,,,,,
83862eb5c73cfc913a1f,fork,Holding pages when flipping through a book,,,,,
048e3654ea9a594e2ebb,paperclip,Descriptive labeling on inventory items,,,,,
92348d6ec5f8864571f5,paperclip,Temporarily fix small jewelry findings,,,,,
75a8a38570e37280b5b0,book,Table leg,,,,,
313c28da987f56514603,can,Cutting tool with a blade,,,,,
e01622a88c60302b899a,towel,Rolling out dough on a counter,,,,,
4a85c9ebf3e1b7e9cdc4,towel,Contouring hair with heat,,,,,
afedf6438a8c1468a098,can,Face mask in theater productions,,,,,
072e10bcbc62c358bd11,book,Fan prop,,,,,
8ce4bcad28f553ce3974,book,Doorstop,,,,,
80f625a9af0e756d10ba,paperclip,Open containers with small openings,,,,,
ea4f0dff33954d799c22,fork,Spiking a tire for service,,,,,
63aa5a4db9e350da0c38,towel,Dusting surfaces,,,,,
320dae558f9ee0b68245,fork,Using as a clothes hanger for small items,,,,,
057f10ddf85587fd5047,can,Prop for holding up photos on walls,,,,,
7c900849b3526b96ad39,paperclip,Creating a simple paper fastener for light documents,,,,,
e7f49324ca2652681434,fork,Mixing small amounts of food,,,,,
c4b32d6ef921a9dc7758,towel,Starting a small fire,,,,,
95b2da0f5e9c5f2438b1,towel,Using as a makeshift hanger for small items,,,,,
23de095e812351e0a144,can,To clean small crevices,,,,,
0d166ab87abc24be9525,book,"Strainer for liquids, makeshift",,,,,
00966bf2b681d467f103,fork,Serving as a tool to hold papers or notes together when they need to be read one by one,,,,,
2995d81741af0a061cc3,can,Creating a fort or hiding spot for children,,,,,
1af3aa3d74cef5c27e46,can,"To cut thin materials with (e.g., paper)",,,,,
013bebaec21bd134451d,paperclip,Temporary label holder,,,,,
e9dfdae626c7b76b6736,fork,Marking pages in a book,,,,,
420a148cb5a2efc62de4,book,Fire starter,,,,,
0e1e47396a04b1b85e9d,fork,Opening jar lids,,,,,
b1abf43bd32a01e72a45,can,In DIY projects for containment or support,,,,,
6d551345fa55b3ba8f8b,towel,Collecting hair in the shower,,,,,
c12e613153b7dc4fd665,paperclip,Adding a tactile element to tactile graphics or maps,,,,,
f78ad7307bfb16edf7e2,towel,Dusting surfaces,,,,,
147a199eecd3564a0a84,towel,Absorbing oil spills,,,,,
595956e697c6e184d870,paperclip,Hanging plant labels,,,,,
d3687877e2f4c4309fe2,paperclip,Reinforce paper edges,,,,,
2e3260241bef2380ae09,book,Marker or pointer for indicating spots,,,,,
fd693a05ea4c708e4e61,paperclip,Opening stuck folders or binders,,,,,
374479cbf0391f35c633,paperclip,Insignia pin for clothing decorations,,,,,
7e80d7d51b933094ac05,book,Bookmark,,,,,
ef0bfd98d6d8df0911a3,fork,Opening tight lids on jars,,,,,
46cabfb6cdd0d1308758,paperclip,Indicating urgent items,,,,,
cefc65d34824bb56510e,can,To scratch an itch,,,,,
682818e342ba2db3f4fa,towel,Plugging small holes in fabric,,,,,
e31d5ebce3f2770bf4fc,book,Weight on a blanket to keep the edges down,,,,,
b67060675363887619ea,fork,Cleaning small electronic devices,,,,,
81f18ccabaff414cfa67,can,In crafting small containers,,,,,
af48808c1d0fd7d62c04,can,Can to store screws,,,,,
28576a77e710b54b69aa,paperclip,Staple remover,,,,,
c5d2df10d9eb63f8c98d,towel,Collect and remove lint from clothing,,,,,
9bb5fb073b7ccef76324,towel,Cleaning hands while traveling,,,,,
29fde41bd4c17a6c3852,paperclip,Making simple paperclip chains as decorations,,,,,
ba77fe945058d5dbf14b,towel,Wiping surfaces,,,,,
dd91ad50ff009a784eba,towel,Assisting with pet grooming,,,,,
bca5acde82071b1f11e6,towel,Cleaning spills on floors,,,,,
8e7dd60f2618753f3133,book,Doorstop,,,,,
35d942b24f84b4209851,paperclip,Mark bookmarks in a book,,,,,
551acbca11b4b12ca81a,book,Doorstop,,,,,
0fbe7f26e3bee952ccdb,fork,Serving utensil for salads,,,,,
f4cdd8aaec78f2c3c472,paperclip,Hanging jewelry to dry,,,,,
635083aada3e67a223c1,book,Artwork fundament (as a canvas),,,,,
25b0a856bcfb5549b08a,book,Container for small items,,,,,
61945d44e6f454eaf8d5,can,Serving as a hammer holder,,,,,
5ce45f8be48f2a129b41,towel,Mopping small areas,,,,,
142c803dd8eb11985a70,book,Bookmark holder,,,,,
1433e85f33b8898b14f7,book,Shield,,,,,
1be79615d033a1bdc171,can,Mixing paint colors,,,,,
82f685bd7761d6b94141,paperclip,Mark post-it notes to attach to a calendar or planner,,,,,
b3ed79b9ab1beadc2ae1,towel,Cleaning computer screens,,,,,
ba7b02c6cb3d988c39c5,book,Paperweight,,,,,
c32a4a2cf3cac8de94b9,paperclip,Support a small plant marker or flag,,,,,
dcc58e2534ea8dd2879c,paperclip,Tightening loose screws,,,,,
b6a16e0da7e814b22545,can,Insulating hot surfaces,,,,,
9f42df66fbf1dfbb2ba7,can,For signal indication,,,,,
5cc185aeee66bd8fc0a4,fork,Mixing frosting for cupcakes,,,,,
752e7aa48c5fb0820538,towel,Insulating hot surfaces,,,,,
0b78987d58e6ef1008d9,paperclip,Suspend light objects for measurement,,,,,
e1f0acded4ee93abeae2,paperclip,Creating a simple weight for small objects,,,,,
89c3c54c9ffe670ba328,paperclip,Holding paper together,,,,,
8a9845a60f2d6da3f6f4,book,Tool for self-defense,,,,,
e0e73042c51d8aafcb6c,book,As a door stop,,,,,
602b6e537f3a49f2fbc7,can,Insulating material for electronics,,,,,
8a1d382452999e52035a,towel,Absorbing spills on the floor,,,,,
7bda93e98d2dbd107af4,book,Doorstop,,,,,
30dee9ca1dfe624a11ac,paperclip,Measure short distances,,,,,
ea9bb424f8c1d8163825,book,Weight for keeping pages open,,,,,
1892f31bc0ff245c76e2,book,Kitty scratching post,,,,,
9614f08cffe49cffa10b,fork,Holding objects in place,,,,,
b526709c86be68f735b3,fork,Opening tight spaces in jewelry,,,,,
7c2621679bc775633e27,towel,Removing makeup,,,,,
c6b583bd3f899e14e79a,fork,Probing for hidden items in a box.,,,,,
a531687203a673361375,towel,Temporary pot holder,,,,,
f92d32b9120a78755e6c,fork,Drawing patterns in sand or soft earth,,,,,
fd043233b0a6c7952fff,fork,Skimming oil from the surface of water,,,,,
8495055738f9270d7274,fork,Holding pages while turning them,,,,,
f14de52db11ae7716b05,can,As a tool for signaling for help,,,,,
982c1c2aac8aa9c4d70c,can,Batting practice tool for baseball,,,,,
ebeca10f23151bf9c806,towel,Cleaning makeup brushes,,,,,
a811f17edd3d7cee6597,towel,Covering food while storing,,,,,
f78587f9f54d6cdb24c8,can,Tapping small objects to align them,,,,,
893316debc2effa0e652,can,Marker holder,,,,,
7433e98734cb46ea885b,can,To relieve stress by squeezing,,,,,
1c6355bd9aae2343936c,book,Fan,,,,,
df053083a596815b5575,can,Holding plants upright for support,,,,,
f425f93e242f80fde34c,towel,Holding plants upright while transplanting,,,,,
b28905a26a39571c0b96,fork,Prying open crevices or gaps,,,,,
85ab62d0568e307cf3a6,book,Using pages to mark grain while cooking,,,,,
23557c4fd68394294554,towel,Dusting furniture,,,,,
d8b29da0a91ebab13e33,book,Paper cutter template,,,,,
c17ff3dc79006437f196,towel,Plugging gaps in doors for better insulation,,,,,
f8fa7299eea8d162cc51,towel,Wiping a camera lens,,,,,
c3899d7195f4810facb1,paperclip,Organizing small items in a wallet,,,,,
02f5c2c1a22401b86cc4,towel,Wiping hands,,,,,
0662d544172ef12fa031,book,Shield in a pinch,,,,,
ce9ffaf7fe7016923271,fork,Chiming to get attention (like a bell),,,,,
52039231b3b4905a46a3,fork,Making simple musical sounds for entertainment,,,,,
6b99d4d77d91481c1a12,fork,Beverage stirrer for iced coffee or cocktails,,,,,
011ddfb9e185c174fa45,book,Fan decoration,,,,,
ef7b981a876839989033,paperclip,Securing loose papers in a file folder,,,,,
01a42bcbbea9e1c27fa4,paperclip,Marking pages in a bound book,,,,,
63a76d62e570ce366002,towel,Covering foods to keep them fresh in picnic baskets,,,,,
9e2018d3d4f751e01ed0,paperclip,Trimming excess length from strings or threads,,,,,
de1e2759a2daf5ae70ac,can,Tray for displaying items,,,,,
56bb0f51711d92b3067b,fork,Cleaning small spaces,,,,,
5df56b94e1432141aa36,can,Acting as a cover for a small opening,,,,,
c96c96b89e5f4663bdd3,book,Book for kindling,,,,,
58fec211f2d73d46eb66,paperclip,Relaying small items like safety pins or staples,,,,,
f0b930a4c4283fbd5ada,towel,Cleaning windows,,,,,
00652a70e3b7ee53a9f4,book,Blade sharpener for fine metal objects,,,,,
eaa2152d18bd9462f07c,book,Surface for small objects,,,,,
cd32d9277143f14fd0a9,towel,Wiping condensation from a glass,,,,,
1dacccba1e37581bea97,can,Adjusting volume in radios,,,,,
e0407dae1d2a0af12f2a,towel,Burying small items while camping,,,,,
2439a2f7557e4eaec7cf,fork,Cleaning small gaps in dishes,,,,,
bf3b9eb6f5b1bf53b0d7,fork,Opening tight lids on jars,,,,,
76847cd52b08be2ff1f1,towel,Walking traction aid,,,,,
f64d597a9a6d173fef23,paperclip,Securing loose receipts or tickets,,,,,
0ffc8584f793f182ef18,can,Hammer handle,,,,,
6d0b9f4e807a9f543434,paperclip,Holding together hat brims,,,,,
350261017741264f3dde,book,Learning tool for flashcards,,,,,
2221b5513211860ad2cc,paperclip,Folding into modular origami,,,,,
cc1c39a9f1d5c0925107,fork,Holding papers while writing,,,,,
54190672b68d1f0cdc4b,towel,Drying small pets after bathing,,,,,
5cb10e8774bb2585c303,book,Tool for breaking a tie in rock-paper-scissors,,,,,
b752ba38709cfc2ba388,book,Meditation aid,,,,,
3ad60a0cb1cafe8e32e6,fork,Prying doors or drawer pulls slightly,,,,,
30be6ac6d04197320283,can,Seedling pot for gardening,,,,,
d13282c6c88569f14a92,fork,Spreading butter or jam on bread,,,,,
3bb5db6534f0575d0988,book,Doorstop,,,,,
efd51aef7652210bd54c,paperclip,Lifting and moving small objects like screws,,,,,
177302d7f8637403294f,paperclip,Securing loose papers,,,,,
8ee4b2fe033f90ed4cbe,paperclip,Hold together reports or documents on a desk,,,,,
61ee435ef0ed05ce7524,towel,Moistening contact lenses,,,,,
a9d47f75de434c5f9d48,fork,Playing simple musical instruments,,,,,
665a8fe1dce7c49ac355,book,Signage,,,,,
ecb12defcadfbc1d25c9,towel,Covering hot items to cool them down.,,,,,
47583f65a9026a47486b,book,Doorstop,,,,,
0e7defdf9cf99e2d9e3a,can,Savannah habitat entertainment prop,,,,,
6cdccb5441a1ffce870f,paperclip,Attach tags,,,,,
cfe1631ef0c1ade88422,paperclip,Creating a dimple on soft materials for measuring tools,,,,,
ebceec72d97dbbed6d52,towel,Covering food to keep it warm,,,,,
48c715f722d6a056b8cc,fork,Mixing light ingredients in cooking,,,,,
a3b91d12bb4285321534,towel,Polishing silverware,,,,,
abb5911842f2c63d474f,book,Fire starter,,,,,
bc27f563083d49173148,book,Kindling,,,,,
079ecc144f5c5f140460,book,Bookmark,,,,,
21d6c29c1a6700c88234,fork,Pry open packages,,,,,
3b9498b49902c1a06168,can,作为临时夹子固定纸张,,,,,
274c725acf2e80998d99,book,Weight to flatten heavy papers,,,,,
c0644fed3941c5ffafb4,can,Opening tight jars by levering the lid,,,,,
e0744f6e0d35ea025321,paperclip,Bridging gaps in paper folds,,,,,
fabc39f2be10509497a3,can,As a decoration,,,,,
640de450f62a4ba48521,fork,Piercing food to check doneness when cooking,,,,,
9f3700ff77a675009b2f,paperclip,Fix a small tear,,,,,
854cf29ca4e3f4f84da9,paperclip,Disconnecting wires in electronics for testing,,,,,
bbf5b39ae94e8a40296c,fork,Spacing out deserter ingredients,,,,,
d2978eeb85042e442588,can,For hitting objects in games,,,,,
d55c778d8656d2b12309,towel,Polishing car surfaces,,,,,
58b7e924778e187225f9,fork,"Indicating choice, such as voting in a poll",,,,,
ae4f7f71f3a9a3ec83ca,book,Paperweight,,,,,
eaff05ebe7b46f2f60f8,can,Baby's teething toy,,,,,
1da60a1b4192c30f4521,paperclip,Ligature for securing bandages or medical supplies,,,,,
41e22d5cc4bd30944d1b,fork,Cleaning small spaces in gadgets,,,,,
8abb6328a904cf0df8e7,towel,Polishing glasses,,,,,
cddfbc96881a659e450a,book,Magnetic holder for notes or photos,,,,,
c3b02a921cefea0e7038,fork,Turning off light switches in some hotels,,,,,
26cb1af8bd0750528f31,fork,Removing labels from cans,,,,,
b79400fc08e8361eff05,fork,Cleaning small cracks or corners,,,,,
eec49a6114df4a4bc859,fork,Marking pages in a bound book,,,,,
f70a9116e61b9f07f822,can,Can to hold paint brushes,,,,,
db0357a9b8af33ca2678,towel,Holding small items while crafting,,,,,
e17bba7f6add3a7e45d9,fork,Winding hair for styling,,,,,
7c4b1354091799d3a1a9,towel,Absorbing spills on tables,,,,,
fa1ba2f266ba544c7e08,paperclip,Securing paperwork in batches,,,,,
7f885fe49f47f4179f26,towel,Open jam jars,,,,,
336c78f653efb2a66f9a,paperclip,Adjusting minor misalignments in frames or photo mounts,,,,,
115515afaba33d401476,paperclip,Circuit breaker mechanism in origami,,,,,
7db025db524e5c7e01b8,towel,Covering a bowl during cooking,,,,,
2fd75814b18742f311b4,towel,Dusting light switches and outlets,,,,,
e41f6a9e3b3ed70d4a74,fork,Mixing dough,,,,,
0db4b30d9286291bfcbe,fork,Marking pages in books,,,,,
e5fcd71b24ef0bd624d6,can,Desiccant bag,,,,,
dd5f0f79e55832d39204,paperclip,Marking heights on a rope,,,,,
1d3e196d577632b4f686,book,Plant pot,,,,,
4c3079137c64a055e3b3,fork,Flipping pancakes or other food items,,,,,
e27274504b349070d698,book,Ruler,,,,,
a191cd037187b139159f,fork,Scraping food from plates,,,,,
c5b576197710115adfe8,book,Baseball bat for indoor use,,,,,
e11ed55962be597f6812,can,Toss in a survival kit,,,,,
70c8d41f3efd3b07cc84,can,Cover for small containers,,,,,
cd5cbee5218d238c74d0,fork,Creating small holes in wood或纸张,,,,,
750ed25e0cf49b431cd0,book,Bookmark,,,,,
2ef72fba5e3aa117cd27,book,Dice for games,,,,,
910cd08cae3d37497d52,book,Compost material,,,,,
5c694eb4ca8603c2f96a,book,Fire starter,,,,,
1c4b68c947dd2c7ce828,towel,Scrubbing surfaces in the kitchen,,,,,
e3c8f095d17c867439c4,fork,Holding notes while reading music,,,,,
7c18ff13ae640b28edca,book,Edge for cutting paper,,,,,
dba90683f4f67979da69,can,Hammering small nails or tacks,,,,,
00e3a894bebfb3b4aa62,can,As a grip aid for opening jars,,,,,
7a788832d8010bac66f1,towel,Covering hot surfaces,,,,,
cf4d90b6fc6c666c8194,can,Opening bottles,,,,,
21827cabb4c231330285,paperclip,Attaching a note to mail,,,,,
e28e08a16f116f5da353,towel,Removing makeup,,,,,
4e11c682807e6fb919e3,can,Used to fan yourself on a warm day,,,,,
295e1d78ce5e5220c3fb,towel,Polishing surfaces,,,,,
b8c3e5e592b95a4db227,towel,Opening jar lids with leverage,,,,,
4f9c959d64ba3fa48e04,towel,Wiping hands,,,,,
5e2cf9efdf6a02ca624e,paperclip,Paperclip can be used as a简易版Arduino接线夹具,,,,,
dc33a589a3932304cc73,towel,Wipe tables,,,,,
7a634ab1d70e50345c8c,fork,Marking pages in books,,,,,
48943e5a1fc0b78ebf5f,book,Musical instrument (turn the pages quickly),,,,,
d28b660382b728c7e7c8,fork,Scratch itches in hard-to-reach places,,,,,
1068f7ca57531662bdd0,can,Serving as a decoration,,,,,
f4c991917d5139f844bb,can,Ice scoop for beverages,,,,,
aedd58ec6fb39ba3e3e6,book,Weight to keep a magazine open,,,,,
4f7c2b5807baaf8b9101,can,Cleaning grout between tiles,,,,,
e446639e06cc2d536461,fork,Indicating approval or disapproval,,,,,
b7de334325eb1977227b,book,"Signal for visibility (e.g., when stacked on a roof)",,,,,
ad1bfe256079aacea175,book,Tool for opening jars with flat edges,,,,,
6df5e235d95d766b6209,towel,Rubbing polish on furniture,,,,,
2749e4242eafade77830,paperclip,Holding pages together in a binder,,,,,
f4fc09d882b02c400ffd,fork,Holding objects together temporarily,,,,,
73068ecebea8957c878c,book,Signal mirror,,,,,
2b05296700f89278e9ab,can,Marking pages in a book,,,,,
5ccfc7c8825c0bdac93d,towel,Feeding small pets like hamsters,,,,,
5dba5a97b46d44a32f4b,towel,Covering food to keep it fresh,,,,,
b99cb765f49954258c35,book,Walking stick,,,,,
17c1a9e8764c58ce34af,book,Firestarter,,,,,
84cbdeec9ffe82726a49,can,Tool for raising heavy items,,,,,
a8a1eadc8f2deca1699f,fork,Poking holes in objects,,,,,
07adfeb2c2ecd11be141,paperclip,Marking page numbers,,,,,
b910f03a61a31c46fbec,book,Table leg stabilizer,,,,,
05a07c41c28ff73e870b,paperclip,Creating small weights for letter balancing,,,,,
d32f2972d8e7202a4224,fork,Holding pages in books while turning them,,,,,
b30773069ea17a6ebd0a,can,Batting practice,,,,,
525cb073e8861f0897da,book,Tool for knocking on doors (if attached to a string),,,,,
71d313e7daeca35c4b83,can,For hanging plants,,,,,
e9355a13354ec55b1e8a,fork,Marking pages in books,,,,,
6e8defe5c4374190299f,fork,Guiding a pen or marker to trace outlines,,,,,
48a6c830666936fbd39e,towel,Drying surfaces,,,,,
cfc563cb65e2923df20d,fork,Opening stubborn jar lids,,,,,
696b8ee81ff4077e05d7,can,Opening bottles,,,,,
6b925bb371ea52afd087,paperclip,Securing business cards in a wallet,,,,,
4c5347e5a1cd51a9f4d0,can,Beating loose dirt from clothing,,,,,
e140c0667c4e6bc229e7,paperclip,Organizing small accessories in jewelry boxes,,,,,
1312b317c17bceefa664,book,A fishing bobber,,,,,
34084719a8f771adab2a,paperclip,Attach labels to items,,,,,
55611f167639227da4e4,towel,Hospitable greeting (drying wet hands),,,,,
752b1badfdd2813f00ef,towel,Transferring small objects,,,,,
2d4a9161036db3f1cc48,towel,Stabilizing or padding furniture during moving,,,,,
465a5053910e8495ea34,fork,Stirring small amounts of liquid,,,,,
15aace0b24bbc1eca211,towel,Creating a signal for help,,,,,
3eeca2926d7685bf6311,paperclip,Connecting two pieces of paper to share notes,,,,,
87dd2e5c2455ea5f82cb,fork,Unsticking zippers by scraping,,,,,
fa56454b930720019ba8,book,As a prop for yoga poses,,,,,
c3ea7686d7e7e0d2cb44,book,"Musical instrument (e.g., in origami)",,,,,
e4c0acf0215913e57c7f,paperclip,Creating home-made fishing weights,,,,,
c5ddca39c8dc329273c9,fork,Piercing food to check if it's done,,,,,
f7e89ad3ac1df09ae80c,book,Frisbee目标：投掷和接住（书本较薄，可能不适用，但作为常规回答包括）,,,,,
612ba8a11db3651287da,can,Break window emergency,,,,,
ae097b94fc0216614179,fork,Spacing plants in a garden,,,,,
9dcfc692f4b421ed7933,towel,Absorbing spills,,,,,
c3ff379b951c512f5b54,can,Thrashing weeds and small brush,,,,,
75c8523f93f5af179dfc,book,Sunshade,,,,,
6d9f55bc84499fd21253,book,Magnet for collecting metal debris,,,,,
1bbb2eeada689a22bd89,can,Temporary weight during exercise,,,,,
cdeaf80bbed5081a4a08,towel,Wipe countertops,,,,,
e48db7e247b74bf66d49,paperclip,Measuring paper edges,,,,,
e654559ca5f7eca000b2,fork,Opening tight jars,,,,,
63efbfe14e10893b88ee,can,Walking small pets,,,,,
ccf20e0775f6fa4cf54e,can,Adornment holder for costume parties,,,,,
588ab742282761f9cffe,towel,Cleaning computer screens,,,,,
0ff9500bf12eecbff89e,fork,Pound nails (lightly),,,,,
dbd6aead6b568fada33b,fork,Mixing small amounts of dough or clay,,,,,
df6196816d3ab8ffd3cc,can,Holding small children when seated,,,,,
e0413cbb3e83839e68f0,fork,Holding papers together,,,,,
2667aa5313ab6e2f003c,can,Using as a percussion instrument,,,,,
360e2e5766fe3a26dc82,book,Decoration,,,,,
80a23369e5044fcedf39,book,Pendulum for a magic or science trick,,,,,
40f00372290e9b93f2de,book,Bookmark,,,,,
e6c3bb3532686164ce9d,book,Curling tool,,,,,
b49d950c5623bdcb16a1,fork,"Indicating choices (e.g., in surveys)",,,,,
5158b7c4b78c6f1ad5e0,fork,Spacing small electronics components during soldering,,,,,
55da27ceda90ee69a61d,towel,Drying spilled liquids,,,,,
3003c98684e463ee885c,book,Stand for holding a pen or pencil,,,,,
c99b314334e63048f848,fork,Opening tight jars,,,,,
bda02312a4917ce14b2e,book,Small container for holding odds and ends,,,,,
56813d8222482fad45af,fork,Opening tight jars,,,,,
5b3b77e22cbf02a702b1,fork,Weaving floral arrangements,,,,,
edd17190c07925418cab,towel,Scoring glass for etching purposes,,,,,
cb21a9a1b40912597f14,fork,Fashion jewelry or accessories,,,,,
43c360fb8f3364defb71,paperclip,Reinforcing the end of a torn piece of paper,,,,,
d10480058e5bc16d58eb,fork,Removing small thorns from plants,,,,,
fdf55968f5c7fc2ae34a,towel,Cleaning glasses,,,,,
3c8a49786f24f00d8a51,towel,Wiping fingerprints,,,,,
3a69fae4ca4d273468dc,can,As a makeshift tool for opening jars,,,,,
51005b2d161f607ac2a9,fork,Turning pages when hands are dirty,,,,,
cbd1e06659836b1b86ef,book,Emergency ignition material,,,,,
323b125869f8769990f2,book,Writing material in a pinch,,,,,
338ff44af6548ad139cc,towel,Stuff a small parcel,,,,,
3c5bafb27c684c142819,towel,Covering hot dishes while cooling,,,,,
4b94821e4245f2914a2e,paperclip,Keep maps together in a stack,,,,,
63cdf12f060bf5f30a96,book,Finding small items in pockets,,,,,
9cc3dcc7bfd8fd7244b3,fork,Cleaning out USB ports,,,,,
47ff7c1a29134237242d,fork,Folding napkins for presentation,,,,,
5e3039366cfd9f48758e,can,Support for plants when stakes are unavailable,,,,,
80e8ac08aa8cfb24fdb5,paperclip,Securing paper flags or tabs,,,,,
a79840431dcde995a0ae,fork,Distributing food evenly,,,,,
ddf29c89860ec363eb06,book,Jewelry box,,,,,
eb9419768c0dfdb05e15,can,Hammer dừng-handle,,,,,
fb2f077ff32b91d5e119,paperclip,Creating a clip-on name badge,,,,,
d5eae8c75bde7bd18172,can,Fan for cooling,,,,,
cf4f1fbd79a5c7f20d44,towel,Cleaning computer screens,,,,,
1d4b8104848c3a981099,fork,Dislodge small objects from jars,,,,,
16cacc4324d158d29857,fork,Discartment of electronic devices for recycling,,,,,
a873af10b22939be3443,paperclip,Holding papers together,,,,,
d972a0ee484429c28451,paperclip,Attach labels to items,,,,,
e721d16e56452836efa8,towel,Dust surfaces,,,,,
89bb27cde7ccb8b23461,can,Support for small plants during transplantation,,,,,
c68f1f5bb114ae98bb0e,towel,Spin dry clothes in an emergency,,,,,
e486436006bd3a97d106,paperclip,Door stopper,,,,,
9743445ad8295205c121,fork,Cleaning small objects,,,,,
2596b5b671af52f12dc1,towel,Absorbing sweat,,,,,
01b9b08068f3f5309347,book,Seat cushion,,,,,
e59d7875f085fcaf36ef,book,Toy for a cat,,,,,
949c5bcae6dcbc4d0ea2,can,As a prop in performances,,,,,
eeff01988d7455919f69,towel,Cleaning computer screens,,,,,
c326605b053404355425,paperclip,Temporary handle for small items,,,,,
cd9cd621a3875ca7bfb6,fork,Inserting small seeds into clay pots,,,,,
121fc3b70bf6a80120bd,fork,Marking pages in books,,,,,
c13e064e7c1ca15db97d,paperclip,Securing papers and documents,,,,,
e32c7a1f2294b9122151,fork,Indicating play pausing on gadgets,,,,,
30482a1bca43a6060961,paperclip,Weighting down the corner of a document,,,,,
6a72a9e6fd74d5b2521d,can,Use as a temporary doorstop,,,,,
2e936bd2e31f612c9c06,book,Plant marker,,,,,
0008067a2ca4f3e7b433,fork,Used in theater or film for prop purposes,,,,,
606f0dcd6c986b1a7ad3,fork,Fishing out objects from small holes,,,,,
f74ae49d9cefcf356bf5,towel,Polishing shoes,,,,,
4d35eef9e2f6e281edef,can,As a spacer for stacked items,,,,,
47e5a5dfe15afb82545f,can,Swatting insects,,,,,
204ce996203640a0051d,can,To hold paper clips,,,,,
d95ab429d0ad97acb025,fork,Serve as a makeshift ruler for quick measurements,,,,,
40cbef1f067b6881c879,paperclip,Securing notes to a schedule,,,,,
2f230bce7807f85c0167,book,Leveling tool,,,,,
eb2dc01f1ca227249869,paperclip,Attaching receipts to files,,,,,
e456bade487b2b7f9267,fork,Stirring small quantities,,,,,
ee62fb075e25cd7f0f10,paperclip,Mark page numbers,,,,,
9c0697f0f3636a6ad0ee,paperclip,Making bookmarks in books,,,,,
85ade185d0d45b70be79,fork,Polishing small metal objects,,,,,
5bb8f970c52177fb6026,book,Mug rest,,,,,
3885d18c84fd88191f13,fork,Picking up small objects,,,,,
038f44e10741808dd5db,fork,Pry open tight jars or bottles.,,,,,
7b53fbe101f6a9b5bd4d,can,As a base for mulch in flower beds,,,,,
800b4a3d91c5c1d74cb5,fork,Propping up arms while reaching,,,,,
ea66222b4291b6e841dc,can,cover for indoor pots during moving,,,,,
8844661f2092653aeabd,paperclip,Wrap small gifts with other papers,,,,,
37804a712478103d5a24,fork,Stirring hot liquids without burning hands,,,,,
a58b27472a26b4041408,paperclip,Organize business cards,,,,,
0d4891d0185997aa4977,book,Baseball bat,,,,,
8962c923e7707cec0492,fork,Use as a bridge to transfer objects across gaps,,,,,
68ece8068b24baae58ce,book,Bouquet filler,,,,,
ca2da7783d1ea6224dd1,towel,Wiping hands after washing them,,,,,
d863bdee89e9d585f7fb,fork,Fashion accessory or costume jewelry.,,,,,
3d177cd14ebc236cf9b3,paperclip,Mark thẳng pencils,,,,,
418130cc6b4c98d63174,towel,Opening jars,,,,,
7d58eb6062bbd2511b8f,paperclip,Suspend lightweight objects,,,,,
ba0fa55a182baf14cf9b,can,Eco-friendly trash bin,,,,,
443e1f03b240417c23d2,paperclip,Mark the page in a book where you want to return to,,,,,
0a3b613fb88906bb3931,can,Impromptu table lamp base,,,,,
21338d11aa422aea52a7,towel,Covering hot dishes,,,,,
9f5e416e250a45b2b1a4,can,In a handbag for extra weight,,,,,
e934c2776dfd8432a676,can,To cover cryptic crossword puzzles,,,,,
c19a0ec29c7390fffed0,paperclip,Securely bind receipts,,,,,
d3954bd6ead876fefa1a,paperclip,Making a simple paper airplane component,,,,,
a8812c7eebfbf051379d,fork,Holding pages in books,,,,,
1d3795b60f04a5fa179a,can,Decorating as part of a sculpture,,,,,
a97760dc329ff0213ea3,book,Fan,,,,,
b1806674b503ba218cc0,book,Toy for pets,,,,,
cf0cc42a1a6da38f8725,paperclip,Creating paperclip art,,,,,
adc5d5b283546df00f36,towel,Protecting furniture from scratches,,,,,
45a43e8d32e90bf0f38c,can,Plaster with tape,,,,,
7fa0ec6ca23e6563bf9f,book,Decorative item in home or garden,,,,,
72652b0aa6b9cbe6ac76,towel,Wiping gears and machinery,,,,,
13da66d8d1855a014c64,book,Doorstop,,,,,
53e3c7f0d9251ea2b95b,towel,Covering hot pans,,,,,
44308b920887362e5002,book,Insulation between cold objects and skin,,,,,
bb671d4510219de4348d,paperclip,Create simple weights for crafting,,,,,
cea3debdc4937060943f,paperclip,Fashioning a small paper-clip chain for decor,,,,,
d1c84274fd620e55e8b5,towel,Placing hot dishes on to protect surfaces,,,,,
8a9d0b7ac8ab93abbf2a,can,Kept as a decorative item,,,,,
b1870960ababab4d2ed0,towel,Wiping a table,,,,,
62d1a792113d38f11a41,fork,Dislodging stuck items.,,,,,
56ca609c64cf04aba371,fork,Holding papers together,,,,,
c8adae26220235cb8e66,can,Making simple crafts,,,,,
7f7e123f3be669388be9,can,Scraping paint from a wall or window ledge,,,,,
2cb8b3ddce6a85bb94ab,paperclip,Hold edges of paper while cutting,,,,,
a93b82c05d1bc50d9e1c,paperclip,To mark office supplies,,,,,
8aae71f4d2a648185cc5,can,Portable object for counting pulses,,,,,
cb7b381bcce53e3acfa2,book,Paperweight,,,,,
4a01a8025debe6927c05,paperclip,Holding sheets of paper together,,,,,
5792cce95351549f145a,fork,Holding glasses or plates lightly,,,,,
7017c17abc3b6d08903f,towel,Sketching light charcoal drawings,,,,,
726e41f4ceb7dce44634,paperclip,Keeping pages together in a notebook,,,,,
7e80a6c66798e6727e96,book,Gyroscope for very small aircraft,,,,,
7b8505662fec152817f4,book,For paperweight,,,,,
232912372df48a81396a,can,As a container for small items,,,,,
fee4f67f77894ee570f9,book,chopstick,,,,,
d5153519a81ffa21d5d8,book,Firestarter,,,,,
eb72d0202d245edfdd8a,can,As a container for holding smaller items like nails or bolts,,,,,
a0cc702965c1583fee4e,paperclip,Marking numbered items sequentially,,,,,
681c042dc16f83477f15,can,Planting small seeds or bulbs,,,,,
c4929a38353a9e118764,paperclip,Measure small distances,,,,,
11cc194462c010661661,towel,Covering food to prevent spills,,,,,
0711d2ccc19ab1b06937,paperclip,Mark items on a shelf,,,,,
38e952aa3282bcdbad0b,paperclip,Holding pages together in a binder,,,,,
f2b142acfe233a7c42cc,paperclip,Making simple paper crafts,,,,,
5b3f8c240ebd26e41932,book,Paperweight,,,,,
e034a309b389c509d42b,can,Open small containers,,,,,
500163f5daf110904d10,paperclip,Marking items for assembly in instructions,,,,,
27ef6dc8e49975095800,book,Musical instrument (when made into a crude drum),,,,,
30ad901853ac24f1b9f4,paperclip,Attach labels to documents,,,,,
939d9ca2e21eda9d8ecf,can,Vibrating floor in earthquake drills,,,,,
134ac79289004fb43263,towel,Covering food,,,,,
4f094edba24ab0ba061b,fork,Opening tight jars or containers,,,,,
9054c42f657505984e90,towel,Cleaning spills on floors,,,,,
e79ceddfc0e0a29795d5,can,Writing instrument holder,,,,,
2257e001e4cf8089cfd9,can,Surface protector,,,,,
682fc4ef76a0fa172b49,paperclip,Mark the page number of a document,,,,,
684f0e3e597804265191,paperclip,Secure staples,,,,,
e5190bb7c9eb0e1bad47,can,Temporary plant pot,,,,,
87bb3c200dd73c7690c5,book,Paperweight,,,,,
fbbafe49074239f12d3e,paperclip,Create small weights,,,,,
9e72dd5d210e0cd30f9f,fork,Opening tight lids on jars,,,,,
8c593e147f8aaddced19,paperclip,Binding tickets,,,,,
15d8a15f42d267b9df9f,can,Holder for keys,,,,,
9988473a94ca9fe601c4,paperclip,Bundling index cards or cards into menus,,,,,
4f50cbbf0d4208c5d38f,book,Crowbar substitute in emergencies,,,,,
36943cd88037b63f8963,paperclip,Connecting notes to a calendar,,,,,
e9e9ad9969751764b930,towel,Making a makeshift sling for an injured arm,,,,,
0e979523192c262912f4,book,Toy for dogs,,,,,
177de8e0e2a00320e49e,paperclip,Holding sheets of paper together,,,,,
c744c8226840aff14d71,fork,Mixing small quantities of ingredients,,,,,
62de7b3c93715bed54e5,fork,Holding small objects while screwing in large screws,,,,,
45b5f52d38a8e5a3b6ec,book,Bird perch,,,,,
b5cac4cc0a096fee010a,book,Door prop,,,,,
53e6248235431cd862db,can,Serve as a doorstop,,,,,
72d4a78520312a40c9c1,paperclip,Holding papers together,,,,,
c5b680f3f7c065b57d70,paperclip,Feeding birds,,,,,
ae522644860b1fc41053,fork,Piercing soft fabric,,,,,
1927b5f20eea83aa0b93,fork,Holding up seedlings,,,,,
e5e18a43f3ab313b2506,paperclip,Creating simple bookmarks for holding pages open,,,,,
51ac90373e8eeaa18c6b,can,Impromptu mirror for makeup application,,,,,
fd8fa2f4b6910685c295,towel,Scouring minor dirt from dishes,,,,,
00c0bb1721ced50e38f4,fork,Cutting soft fruits into smaller pieces,,,,,
3aad1412eeaf85a9149b,fork,Opening tight lids on containers,,,,,
7c41909dca746dabc0c0,fork,Feeding small children or pets,,,,,
ff7530bf2472f9e94657,can,Evidentiary container,,,,,
70df0fb4227e5fb058af,fork,Scraping labels off canned goods,,,,,
8fd64508560862f28017,paperclip,Keep push pins in place in a board.,,,,,
c5e8dd00d46b8297900f,book,Walking stick,,,,,
8f042bd27c3a677829ef,can,Decorative object for home decorations,,,,,
6a4e219ba2f4b37561bc,paperclip,Making simple paper toys,,,,,
06d4c6dd1e22d7fc41d3,towel,Scrubbing dishes,,,,,
b8f900027f8aebc6b31f,paperclip,Keyboard cleaner,,,,,
a75ed9670d7791ad7552,can,Folding as a supplementary door mat,,,,,
7eb7c997460eca35ae6f,fork,Removing seeds from fruits,,,,,
369233b8c231733ae734,towel,Mascara remover,,,,,
16608cf08de93293b46d,fork,Distributing small items evenly.,,,,,
901685ce4ef2ad1b497f,towel,Holding plants to groom and shape them,,,,,
8a1b3dca46e9ad26861e,towel,Absorbing spills on floor,,,,,
91305a5fbf70a2a2ebbd,towel,Plastering mud on a wall,,,,,
d808227e274f498b9df9,fork,Small container for storing small objects,,,,,
5ea92b57a6b2bdecf97e,towel,Drying dishes,,,,,
ce4ba7614e66a9a10251,paperclip,Securely fasten recipe pages,,,,,
e5cc8df69756caef2644,towel,Thawing frozen food,,,,,
7a7fe83443232c6805a6,can,Making a quickie shield,,,,,
d6fea8d49cf61a640c19,can,Protecting objects from moisture,,,,,
c187e8390c2ef3984085,book,A pad for practicing calligraphy,,,,,
35cdf5193b7de56f9a73,fork,Dividing thin slices of paper or cardstock,,,,,
2cd8a931a1a9c6bec90f,can,Torch holder,,,,,
358c9a23a5bd58aaaee5,paperclip,As a simple jewelry element,,,,,
8cb0ca3ac54cebdb8971,towel,Creating a makeshift barrier from wind,,,,,
c8b987863108a918f9ad,paperclip,As a paper folding starter point,,,,,
3b2d6c6a2925823706e2,paperclip,Temporarily hang small objects,,,,,
5a9c6da93c4229aee162,paperclip,Attach notes to items,,,,,
be2a69134a4a766b241f,can,Flicking away small flies or particles,,,,,
3ddcc3aaa03804d6c034,book,Fan,,,,,
496e08db2860a5ecab76,can,Protecting the hand when stirring hot liquids,,,,,
4ef834e7011883c72a3d,book,Signage,,,,,
8a6d7ff2d351581d3834,towel,Absorbing ink on paper when drawing or painting,,,,,
4756a1a681ddc2f1eaa0,paperclip,Secure business card in notepad,,,,,
e6c894fc5bd5f18a6169,towel,Cleaning spills,,,,,
28ef59a53671fddee081,towel,Playing a drum,,,,,
8fa00cbd3fc4dc55a2ca,can,Whipping seeds out of popcorn,,,,,
68418afd4dbef027263c,book,For decorative purposes in bookshelves,,,,,
442b9d996ff3e03ca18f,fork,Opening tight lids on jars,,,,,
aeb574fc7deb84529039,towel,Scraping vegetables clean,,,,,
5cfdaa1975d282885ed4,towel,Scooping out small objects,,,,,
3c52c9272dd8f9927267,fork,Working small nails or screws,,,,,
a8fc018bb3030e7e7f13,can,Inпрактикative window decoration,,,,,
4bb2c77d0130f2c14307,fork,Tapping rhythm on surfaces for music or signaling,,,,,
bdc5d5b49960e3da7fca,paperclip,String beads or other small items together,,,,,
5c1ba9e9d47ffdebcb8f,fork,Making small indentations in surfaces.,,,,,
86919170dff2f6d874f9,paperclip,Mark identical items in bunches,,,,,
27b1226de90b48bfac90,book,Scrap paper for notes or sketching,,,,,
1033c9adbfd0f704d600,towel,Cleaning computer screens,,,,,
2ef75a3ef7b7f6c1a918,fork,Opening letter envelopes,,,,,
79596e241792969d6171,towel,Cleaning greasy hands,,,,,
9d51dcaf856ca64de1e1,book,Tool for tapping nails,,,,,
38de369e99196dd06322,towel,Blotting a spill on paper,,,,,
833997ba6fcade082305,paperclip,Holding together bundles of printed circuit boards for prototyping,,,,,
8e47ac7056beb7bf313a,can,Temporary seat,,,,,
20d75d93ccecfe673e9e,fork,Opening pulled-tab cans,,,,,
6b8893b3bd8bba312b71,fork,Remove seeds from fruits,,,,,
c754bc876c3c3d669f16,fork,Removing seeds from fabric,,,,,
7287629f447515941262,book,Baseball bat,,,,,
27899ab04a73269aeb4c,fork,Opening jars,,,,,
47d306734bd094740dfa,fork,Mixing soil for potting plants,,,,,
4f84416c5ddef1975e79,can,It to hold up a fence panel,,,,,
9005e34dade17f4056df,paperclip,Storing small items in a desk drawer,,,,,
4c1feec73e7791ce5352,can,Opening bottle caps,,,,,
2766b4cec7d60aeec789,paperclip,Mark place in book,,,,,
0c2a1629b9e020d5a60c,towel,Cooling down food in summer,,,,,
bd15e79be8382f2d8ac2,can,To hold up a small tent,,,,,
bf036f36df549e011b61,towel,Protecting skin from hot surfaces,,,,,
48b5cd52e2bdecf7fa63,fork,Stabbing and moving food on a platemise,,,,,
22e440449ad35fc422ac,paperclip,Separate threaded ends of needles,,,,,
aac201dea62273d1ea4c,towel,Wrapping gifts for a rustic look,,,,,
0c639e3a1a5caa2df091,can,Noisemaker by shaking it,,,,,
1bef97c556aec6df752e,paperclip,Creating a simple paperweight,,,,,
e6fbbae3a4ddaaa31719,can,Temporary boat propeller weight,,,,,
10340395a0d616a0b4ee,towel,Starting fire (in an emergency),,,,,
65b96ec4a5bc618dfa32,towel,Flattening bread before grilling,,,,,
ea9317a51d692b5e8c1a,towel,Cleaning eyeglasses,,,,,
a510f64822006483f516,can,Opening bottles,,,,,
42eb095c03ad985a6a1d,paperclip,Marking the page in a book,,,,,
0f70ad45b35dd74cf191,paperclip,Opening a soda can tab,,,,,
5eb38ad84fea8fbe4f04,paperclip,Testing conductivity in basic electronics experiments,,,,,
28dcc67872ab1da00b8e,can,Used as a cleaning brush lightly,,,,,
455cae8f4a85f24944df,book,Door stopper,,,,,
edd76bbe9d1322825d0e,paperclip,Bookmarking pages in books,,,,,
cf4a613fe784ea9b8dc8,book,Lever or fulcrum,,,,,
d3ce2037edd994c750f7,towel,Scraping hair off of clothing,,,,,
de3570eeb7b58d36b0c4,fork,Opening tight lids on jars,,,,,
538965562a5f2d537442,can,Scraping paint from brushes,,,,,
0dd8876c72caf955b233,towel,Catching spills on a countertop,,,,,
b1e21912990118262047,book,Blanket during relaxation,,,,,
222ed27b7cdbb8428b3a,can,To carry lightweight debris for easy disposal.,,,,,
22af9a80e36225b69d8f,towel,Polishing shoes,,,,,
a6fa3f45b3ed137a6bd4,can,Toy for throwing and catching,,,,,
0e2d3540daa8d2fd1ad9,can,Support for small plants,,,,,
29a37f9f9c180963c816,towel,Polishing silverware,,,,,
8c865b17b295e8314c77,can,Coffee cup cosmetizer,,,,,
a02b6e82f8aa3963bd4a,paperclip,Securely fasten receipts for reimbursement,,,,,
ba35867deb90748ef552,paperclip,Creating custom tags for household items,,,,,
a11cf580dba60d4a01fe,paperclip,Hold together strands of hair,,,,,
2548748f3932f7ac0d08,towel,Starting a small fire,,,,,
f243168685b973fde7f0,can,Defend oneself (in a pinch),,,,,
ae475568d2d8d82f016e,fork,Quick-to-assemble speaker stand,,,,,
14250d82fae05c06defc,fork,Twirling hair when absentmindedly thinking,,,,,
98d5189dd1ccc476a275,book,Surface for writing or drawing,,,,,
445cd3bae91458c30df8,can,Cleaning small spaces in a computer keyboard,,,,,
f0dcda5f14e4785d23a6,towel,Cleaning small spills on floors,,,,,
331ee8b2364bc95e7ae0,book,Bookmark,,,,,
2d56d4075f136d9b9e29,can,Decorating a camping stool,,,,,
e9ca0c142f2a2b366325,book,Paperweight,,,,,
535c1496ac0b4234fc7f,book,Gift giving,,,,,
df6f76af8c42222447e0,fork,Whittling small wood pieces,,,,,
270686a8a36da47bed2a,book,Tool for door_prying,,,,,
c8053db85b85fe4e526a,can,Defending against small animals,,,,,
a38ed4db54877a42e4b1,book,Fan,,,,,
6aa0e76eefd77fd780b9,can,Keeping office papers organized,,,,,
00e71b56f66931591192,can,Container for small tools,,,,,
2d7bfabeca2f89c996ba,can,Opening jars with its rim,,,,,
eab0ff9e2659a9311c76,fork,Holding paper or light objects,,,,,
55f7fa544a4e869195c4,towel,Cleaning spills,,,,,
3db41a5bbce0f323ae4f,paperclip,Creating clips for sewing,,,,,
862e9c687cceec8410e7,can,作为教具进行物理性质演示,,,,,
5dfcee4dcce3187a4b49,paperclip,Add pinc联谊为例),,,,,
971b4b2bde81cb872dd1,towel,Assisting in changing flat tires,,,,,
600b4f7fae0368b011ed,can,Holder for writing utensils,,,,,
22bfe51071a8195966b0,book,Surgical tourniquet (in reminisce of the yesteryears),,,,,
2b9b5fada0440b7b016b,fork,Pick up paperclips,,,,,
30594ad90edd4eac3f01,fork,Temporarily securing clasps,,,,,
413c40d3a6b42271ebf8,fork,Unugging ear wax (caution advised),,,,,
d7969ded00cba786811b,towel,Binding small packages,,,,,
3f4ba34380ddb46725ca,towel,Absorbing condensation,,,,,
31286b380012a12af6e3,fork,Piercing food for grilling,,,,,
6a5f1a865580c7b8d229,fork,Skimming oil from soup,,,,,
181c729f39ae9ec0cdb7,can,For gentle tapping to check if something is alive,,,,,
6b91819c82b413028e10,book,Weight for a curtain,,,,,
919a72f8fc3499073cb7,paperclip,"Hang small items, like jewelry, in a pegboard",,,,,
e32bb0650a6f0c7624d1,book,Door stopper,,,,,
b3715ee632caf5951ec8,towel,Cleaning electronics,,,,,
cee36f48ce6c288be1c7,fork,Spacing food while grilling,,,,,
7d5412ea40d68fea2db5,towel,Absorbing condensation from windows,,,,,
797d8351273e01a5a3b3,can,Splinter removal from skin,,,,,
b3b7338432b6cff83e24,paperclip,Mixing two substances together in small quantities,,,,,
a87467c026abbf42c5c0,fork,Creating spaces between wires in a bundle,,,,,
8cd91861ebec49aaca25,book,Sound amplifier,,,,,
131b31c706b9a41983b1,can,Wine opener,,,,,
a341bb45cb1958c71f8d,paperclip,Mark bookmarks in books,,,,,
91312cf036c63a5b66e2,paperclip,Stand for small objects,,,,,
eb4ff4180f3b49771132,towel,Drying wet hair before styling,,,,,
62280cbaad4a75c42d36,paperclip,Marking items or notes,,,,,
f482d15fa08602ad8f74,book,Musical instrument (shaped like a book),,,,,
426e9fb78d9a8e431240,towel,Lifting items from hot surfaces,,,,,
5d11abb1b502bfac833d,book,Book for marking pages in another book,,,,,
1cdb298925fb1b82e761,paperclip,Attach a small tag or label,,,,,
dcf6cc5d363d4092099b,book,Doorstop,,,,,
04c0a17b3cf3b97bc188,fork,Mark pages in a book,,,,,
87ffb98664a66f0736f8,paperclip,Hold pages together in a binder,,,,,
baaabff743ac211945ad,paperclip,Label boxes temporarily,,,,,
aa6af2302465f1b2f326,fork,Fashion accessory for costume events,,,,,
769a1e5b73f77debf211,can,Stabilizing a wobbly table leg,,,,,
c3eafbe562be57998f29,can,Serving as a container for small items,,,,,
0203ab14dc7cbe50e51e,book,Measuring small heights or gaps,,,,,
197cb70892f184f8f232,towel,Polishing silverware,,,,,
0af13661ffca8f8160a1,can,Lever to open doors,,,,,
32bf617174b1361bf4fc,fork,Opening tight jars,,,,,
e67b86b388bd04cdc693,book,Napkin,,,,,
e1ca96dbbc6dd19e4e6e,can,Tool rest for pencil sharpeners or similar instruments,,,,,
382749030d4c3e952544,can,Weight for sewing projects,,,,,
79a001e83d375f3581d5,fork,Scrapping food off the side of a plate,,,,,
ea843ed3f7e2e08acdb3,towel,Polishing silverware to a shine,,,,,
752b366fc41453f97860,paperclip,Mark post-it notes for easy removal,,,,,
601c341efb9586411e73,towel,Absorbing sweat from hands,,,,,
1dc4e834198d70615fea,book,Doorstop,,,,,
11737fe9d9f0638a78fb,towel,Collecting small spills,,,,,
2b67b8cb0ba40d6c5290,towel,Absorbing spills on a desk,,,,,
95d5c5d14d5f69daf985,towel,Wiping muddy shoes,,,,,
ca7a41daadf215328c61,towel,Hanging plants for water,,,,,
005e007cd0f3ea2a8123,fork,Straightening wires,,,,,
3e7e66cf7f36be0e0a7c,fork,Tightening loose screws,,,,,
c2aba771961ca7b4170b,paperclip,Creating small weights for sculptures,,,,,
edf171ff99d5fd151e55,fork,Fastening small objects together with wire,,,,,
922ed3c01d2e7d6cbea5,book,Marking pages in a notebook,,,,,
92083df1b5365953204b,towel,Wringing out excess water,,,,,
0899f907b2a9f50a9bde,book,To wrap gifts,,,,,
64b5358c483bd2496072,book,Ink blotter,,,,,
4153b1f67eb953832cf0,fork,Indicating turn signals when riding a unicycle,,,,,
d74e31fe3cd2cc16a1e0,towel,Holding small items,,,,,
e5e36e22dc3b06fe7e93,towel,Dry hands,,,,,
1a0ee48315ea363235c8,towel,Clean mirrors and glass windows,,,,,
7927e3d35fa0e24c03a5,fork,Holding paper while applying glue,,,,,
6051c797517754b7a1f8,fork,Opening tight lids on jars,,,,,
18b6818765b7414767fe,towel,Wiping a bicycle chain after lubrication,,,,,
a2a042bc4572f5847ec5,book,Dinner plate,,,,,
b246733023fe827ecf0a,book,Foundation for small sculptures,,,,,
f54aaa5e12224c95f825,can,Provides a handle for attaching hooks or strings,,,,,
e22cf4765789f4107a09,towel,Cleaning a fish tank glass,,,,,
b6d94ab2b5a0b777749e,towel,Wrapping gifts,,,,,
82386ef7edd876134dde,paperclip,Fixing tags to packages,,,,,
e56a4ad40c0052997c63,towel,Heating up to signal distress,,,,,
1af5b7c9176616920dbe,paperclip,Craft embellishment,,,,,
a08d4108a34164a87603,fork,Piercing food before grilling to prevent vegetables from sliding,,,,,
e1e7be33bd6f31b9a286,towel,Polishing silverware,,,,,
665a452796b028fa0b52,towel,Absorbing spilled liquids,,,,,
ab336d55d65cb80a19f3,paperclip,Serving as a simple paper worm for entertainment,,,,,
cf72b898a0698815607b,towel,Absorbing spills,,,,,
cd6fca680985be94bb6f,paperclip,Fasten jewelry findings for crafting,,,,,
3c739da9967469a25ba6,fork,Scraping labels off objects,,,,,
c2d1a156c96115d08a95,paperclip,Marking the place in a book,,,,,
5d3110983a556e546806,fork,Creating small indentations in soft surfaces,,,,,
6957c21fee57acb9efa0,can,Balancing objects during origami,,,,,
dafaba06b992f76c03af,can,Hammering nails,,,,,
b90fd2656166cd7067be,can,Making a small container,,,,,
467a7da6a8894f476b28,can,Tool to scoop ice cream,,,,,
7228d3550a2158412a1f,towel,Blotting excess moisture from skin,,,,,
054bf6701c77e5213351,book,Book as a bookmark,,,,,
0d7cbe1e581e10f829ea,fork,Tempering food by pricking to let steam out,,,,,
ee84daccbf37d78dd9de,fork,"Polishing small, hard-to-reach areas",,,,,
2d6e0d2720711de1769c,book,Plant marker,,,,,
3ab530e50fea08deff83,fork,Mixing small amounts of substances,,,,,
ff7772c9808ebd331ef1,fork,Striking a tuning fork for calibration,,,,,
5fb4843c7b6ba8d11d73,book,Marker in a newspaper,,,,,
55002fae462631f33c28,can,Weapon钝化物 (dull object for dulling sharp edges),,,,,
5e7e19318a62e9a60547,towel,Marking pages in a book,,,,,
7c78b9e2e97cfb33c01b,paperclip,Securing staples that have come loose,,,,,
b79f6197f625085647b5,book,Container for holding small items,,,,,
3eda563897ea9168fbca,paperclip,Connect loops for hanging,,,,,
66e5daa4c6fcaf0b9815,can,Cutlery holder in a drawer,,,,,
e09ad85fd18cf647c0f8,book,Musical instrument,,,,,
353257d184adb6f94664,can,Shield during a light rain,,,,,
795d78f399ef9d873b28,fork,Leverage for opening small boxes,,,,,
a6791f684ff8035f1b22,can,Pick lock (pry tool),,,,,
2cc24986a3c58b8d36d1,fork,Opening tight lids on jars,,,,,
54543cd5e39713b163a9,fork,Crutch for short distances。,,,,,
70b23407642ef4d599d4,can,Straining liquids,,,,,
6639338f29c06ad975a2,towel,Creating a makeshift flag for a camping trip,,,,,
33b8108e12392af68d73,paperclip,Create clasps for notes,,,,,
ffaa4fd4666e991f3c38,paperclip,Attach notes to objects,,,,,
e9b462b0533a673ce8f0,book,Pillow support for reading in bed,,,,,
2b84c36f021427027a27,towel,Rinsing vegetables,,,,,
885de4433ddd1ad1cb15,towel,"Plugging gaps (e.g., around doors)",,,,,
de9a5c13400c5ca827d4,towel,Tying up hair,,,,,
6a7fa8d4c47f0a17aefe,paperclip,Mark prices on items,,,,,
11eae23a6f163fbfd260,can,As a cửa mở (door stop),,,,,
8aa750db19b6433e6c55,paperclip,Hold leaves together in a leaf specimen collection,,,,,
194002ab4dac392220ce,fork,Sifting through lost items in a pocket,,,,,
6e7d83460bf2e1ff898e,fork,Opening pulled-tab cans,,,,,
a4e1bad5d3ceb08d3760,paperclip,Fastening items in a bulletin board,,,,,
0892e0b4cf5ac15045da,fork,Removing small splinters from skin,,,,,
e4b3d1609ee1ffcc40c6,book,Clicker,,,,,
faa84dfa84738ab8b81a,book,Paperweight,,,,,
d99d2e2073abcedc287c,book,Baseball bat,,,,,
ebdfd5a9fe012d53d76e,fork,刮取碗边残余食物,,,,,
92da82f179891b768986,can,Marking a page in a book instead of a paper clip.,,,,,
ff359c035bce9fb48d6b,fork,Lightly tapping on objects to determine if they are clean,,,,,
a4de682bad8067838c3b,book,Toy for pets,,,,,
f1fca605c57b930e1db4,paperclip,Dust collector,,,,,
e9ebdcf1a9482a746865,book,A tool for decorating bookshelves,,,,,
cb92aacd9bda4207fb3a,can,As a weight for measuring ingredients,,,,,
463c24c7d70603a644ba,can,作为颜料搅拌棒,,,,,
774721c5a4de0b03229e,book,Weight,,,,,
ad18834fefd77f62d9be,towel,Drying hands,,,,,
d2213a41be6166ccdb99,can,Sound diffuser during music practice,,,,,
71a37d0a327bb96e6159,can,For sun screening by holding up to shade oneself,,,,,
cc6a542d21bee6ad0d9c,can,Functioned as a tool for stirring small quantities,,,,,
4f35d0f856e7cc261025,towel,Cleaning computer screens,,,,,
04ccf539c3f5f7a2e9ed,towel,Polishing shoes,,,,,
9361d56a162e5a73874d,paperclip,Securing ribbons during craft projects,,,,,
6e79b2c44ec8168fbb50,towel,Absorb condensation from glasses,,,,,
978ccc1b44da6a34338e,can,Scraper,,,,,
c30f859341cdfbc0cc8b,can,To hold small tools,,,,,
a6ec7b4c388ccf1d3d39,book,Book to cushion a fall,,,,,
2b266d8df69004a27a8f,can,As a tool for self-defense in martial arts forms,,,,,
224bb9e92cab03660e71,can,For knocking on doors,,,,,
9ca01d375f2f8d2696ef,paperclip,Securing loose receipts or tickets,,,,,
e69757236a57028f6b45,paperclip,Attach cards to a wall for organization,,,,,
7bfb4b78cbff12fcb989,towel,Insulation for hot objects,,,,,
50ada796e41771e503bc,fork,Making holes in thin materials,,,,,
be21dd4bb05ed6161f32,book,Small signage for labeling items,,,,,
4bfa31d4b98b512cf210,fork,开启罐头盖,,,,,
c2eaea28608426c8a875,book,Musical drum during storytelling performances,,,,,
b2c1181e295e95b8ed1e,paperclip,Take notes during presentations,,,,,
e2046d5e6ae201ceed29,paperclip,Hold paper together,,,,,
2d6a0a9c9ef964bd9d31,paperclip,Creating simple paper hangers for signs,,,,,
fb821154f4ae7b4a33b2,paperclip,Marking pages in a bound book,,,,,
96ff446f216c00811250,towel,Scratching an itch,,,,,
ed2347cb5c97b990b15c,book,Doorstop,,,,,
50f42505864a807fc8f1,paperclip,As a grip to activate a trigger or button difficult to reach,,,,,
59cb9a4b97d713ba12c8,towel,Absorbing spills on tables,,,,,
9f2e4e9efe86ebbe1673,book,Squeezing out water as a mopping tool,,,,,
66198fe86e4bd6b0e6ed,book,As a weapon in a pinch,,,,,
ffc69e4cd201ea73f552,book,Tool for keeping insects out,,,,,
339c9a65fa5a4d2f6343,can,As a screwdriver when pronged,,,,,
ae56498c54e0a5181bd2,fork,Opening jar lids,,,,,
9e1363c453572a1e2709,can,作为计数器标记,,,,,
9cfe772ba6526ea54550,can,Opening cans using a smaller object,,,,,
36c721d1fc400b171ed7,paperclip,Serving as a makeshift paper cutter guide,,,,,
6f07ada215e483061ac9,book,Cushion,,,,,
6be260ec72c33772e55f,can,Ring stand for crafts,,,,,
91ae5b7db186d7b98883,can,Signage holder for health warnings,,,,,
6b172b42205a697fbbba,fork,Serving as a simple tool for tightening or loosening small screws,,,,,
4fc9d81a55940be0777d,paperclip,Holding pages in a photocopied fold-out sheet,,,,,
c7256c9d5ca1c8b0bef4,paperclip,Creating paper fasteners,,,,,
892c00ffbe8aed83d838,fork,Holding pages in books,,,,,
9f178521aebe3256d422,fork,Scraping plate edges,,,,,
e81f8afa4d89f3006220,towel,Cleaning mirrors and glass surfaces,,,,,
fac20a87a3860fd4d53d,book,Art medium,,,,,
a61465333b782d0c7c9e,can,Using as a marker or divider,,,,,
ed1d486978d9eccb14cb,can,Cutting thin materials with a knife,,,,,
9f06c3190c1268e8253f,can,As a temporary planter for small herbs,,,,,
6c3c22d101b01a07687b,fork,Uncoiling wires,,,,,
354cab1d946b3de3f6ec,fork,Marking pages in books,,,,,
31a36ab1294201b36a71,book,Leveling tool,,,,,
093c772a0cc274c31d86,book,Bookmark,,,,,
5d12843e7c5dd60a1375,towel,Absorbing excess moisture from skin after bath,,,,,
9421a971d64d3448e7e1,paperclip,Hold pages together in a file,,,,,
47d238550fc76e285ec9,towel,Stabilizing heavy items while moving,,,,,
1133dcc6ce8688bf474e,can,Decorative element in crafts,,,,,
501f1eb3f60b5ec21105,fork,Pricking through wrapped food packages,,,,,
351b99740278e47753d2,fork,Holding pages of a book open while reading,,,,,
b4143f64205093399001,towel,Sealing envelopes or packages temporarily,,,,,
0824e14a78ab506fd556,fork,Opening tight jar lids,,,,,
09110435e56d27c8f039,can,Handle for hanging from a hook,,,,,
4752d1c31ae05a8de49c,book,Instructive manual,,,,,
c793f22394e4a2f60988,fork,Indicating choices in a menu,,,,,
31e61af34454539f9a4f,paperclip,Serving as a small paper bookmark,,,,,
c2712a6318881011ce6e,towel,Hold plants while watering,,,,,
54da3676f568ebcc9aa3,fork,Suppressing insects in small spaces,,,,,
c3a067207c556ea0f427,can,Melting wax for crafts,,,,,
64965a7aa4cef9ec8692,can,Beverage container,,,,,
468cffa9777203156332,can,Emergency signaling device,,,,,
45de6da45f8664f4b890,can,Banner hanger,,,,,
6cfa890c45e2978d7d9a,book,Doorstop,,,,,
6937124b9f37d74a659d,towel,Cleaning greasy hands after cooking,,,,,
b2013156568057d16c2d,fork,Tine tip for turning soil in small patches.,,,,,
1a06e0f025ab446e2fe1,fork,Moving objects in crafting.,,,,,
e26538e697889d622c60,fork,Tactile distress toy for cats,,,,,
68b0769a358ae89231a2,towel,Wiping down surfaces,,,,,
50f17a3f6254ef638d96,book,Adjusting picture frames,,,,,
7a4a922cd096bc5bbc09,paperclip,Connecting parts of a cardboard box for reinforcement,,,,,
fa1b1bd0d7dfe3390e9f,paperclip,Securing greeting cards closed,,,,,
80e400c1f35f69039428,towel,Wrap food in a cooler,,,,,
856eda7d8b10396df5d4,paperclip,Decoration for greeting cards or scrapbooks,,,,,
c4ff264d2081694964d0,can,Temporarily marking objects,,,,,
3eeeedb4766d0210ccb8,can,Stir small amounts of food,,,,,
09aad80791f4482376dd,fork,Holding and flipping pancakes,,,,,
c2d7261f27c3f360f8e0,paperclip,Wrapping small gifts or tags,,,,,
85967573b5c2cd0a671d,book,Payment in lieu of a fare,,,,,
99a9a2a31edb7bb8b7a9,towel,Transferring heat when grilling,,,,,
4476e9703b6885b9c6d1,towel,Dusting surfaces,,,,,
e35d91996f87d5cf9303,paperclip,Securely fasten documents together,,,,,
4f828e29c45b2bb4a219,paperclip,Securely fasten documents in loose-leaf binders,,,,,
a7646105d5c6e91d02b8,paperclip,Indicating items for packing,,,,,
91bbd268b30353c7a0d3,towel,Holding small items together,,,,,
e919d028fe8bd6b59ccf,book,Bookmark,,,,,
724fe11030be16f13f73,fork,Polishing small metal objects,,,,,
2422c3c4fafa05a9e248,can,Opening containers,,,,,
aef7605eb026a2b6b986,fork,Creating pattern disorders on fabric,,,,,
2baa200257d731067bdd,can,Marking heights on flags,,,,,
2c8b1c61b873f58446ba,paperclip,Attach to clothing as a decorative or functional embellishment,,,,,
4f774644678a82d69083,fork,Opening tight lids on jars,,,,,
c5d38333bef2bcbf7d35,paperclip,Creating makeshift weights for pins,,,,,
fe9ffe1dd04e1f79522d,book,Paperweight,,,,,
9444cf25fd46490010d3,fork,Skimming surface dirt from water,,,,,
68a52a7a9cc25ca993e3,towel,Cleaning camera lenses,,,,,
535d11feb41300a8a751,towel,Absorbing spills on tables,,,,,
1e55aa38cbfa15ca9c4b,towel,Cleaning windows and mirrors,,,,,
5200e41c10aac8aa1113,book,Pillow,,,,,
32cf76328b16ea21d552,can,Hold lightweight objects,,,,,
5e9d59e61eb6c0af92bd,towel,Plugging small leaks with its edges,,,,,
a33f33b9b77864d42dc7,towel,Drawing small pictures,,,,,
85eb8b482c24b0324624,fork,Cleaning small gaps in furniture,,,,,
c3903590d0eaba7168ae,paperclip,Organizing small items like pins or buttons,,,,,
d8844cd4b059f6ce7fba,towel,Adjusting spacing between plants in gardening,,,,,
a8ee82b37b3389abc63a,book,Weighting down a newspaper,,,,,
e82e7f9d14ef0ee14619,can,In role-playing games,,,,,
9adccbac6a91e32c4934,can,In a game of toss,,,,,
bf98448306ddd5a59f64,fork,Opening tight lids on containers,,,,,
ce4d974897e2e7995cf0,paperclip,Making decorative hair clips,,,,,
baf1053cf6e4a1f3fe4e,book,Level for checking vertical alignment,,,,,
d1ef3576e05e5506091d,can,Marker holder,,,,,
71ba0db8486b43928fbc,towel,Wiping sweat from the face,,,,,
854a1b45b9189ae74993,fork,Opening tight bottles or jars,,,,,
ff3233e04f64e596ecc3,paperclip,Temporary label holder,,,,,
48b412035ab25ba5dfb0,fork,Emergency splint for minor injuries,,,,,
8ac31bd3da412ff393d8,towel,Snatching hot items,,,,,
835bb21aa52cd350b659,towel,Absorbing sweat during exercise,,,,,
66cbbe0b82799afe11d3,can,Using as a convex mirror,,,,,
07ea4f27f2eb646d15bc,paperclip,Holding sheets of paper together,,,,,
fa8809d1865da64b2c27,fork,Unwinding tangled jewelry,,,,,
d770073cfca5161c7762,paperclip,Adjusting the tension of a rubber band,,,,,
8c382ea16e8803069f6f,towel,Scrubbing non-stick pans,,,,,
609234f8c0066df32421,paperclip,Creating makeshift hinges or pivots,,,,,
6bf19e37e23c0943060a,can,Child's learning tool for size comparisons,,,,,
9b26885b08d86c0034ba,towel,Cooling hot surfaces gently,,,,,
cea478416b4df0caeccc,towel,Creating a quick barrier against heat,,,,,
510c7196e105469c6a6a,fork,Pry open small objects.,,,,,
a31554f7fc2510b67f11,paperclip,Anchor small objects like safety pins,,,,,
09ea674dcf266159d0bd,can,Covering small openings temporarily,,,,,
f39e8fa6f0d3becebb8e,paperclip,Holding pages together in a binder,,,,,
0f3a6f3b341635dc0cc6,towel,Wiping hands,,,,,
2c316abdb0dad5f45161,fork,Pruning small plants or herbs,,,,,
5093b60806886a222ef7,towel,Scrubbing dishes,,,,,
b2ab14b2ea2bcd814c12,towel,Drying dishes,,,,,
95d04cfbd3cea7d8c83e,paperclip,Plastering small areas for crafts or art projects,,,,,
a281d181a200b086b96d,book,Serve as a signpost or waymarker,,,,,
6c7a4f727464543aa90c,fork,Digging small holes in soil for planting seeds,,,,,
fb02be2b9145d870ce71,paperclip,Holding sheets of paper together,,,,,
924632c35b961cf56113,can,Temporarily holding a handwritten sign,,,,,
b172dbee93c1c15d0762,towel,Wringing out water from hair,,,,,
08ed65ac8ccc91b5a203,paperclip,Making simple origami models or decorations,,,,,
f801c5a396552c392a92,towel,Wiping a bicycle chain after润滑,,,,,
749ea7f616743add26dc,towel,Spotting paint,,,,,
d210414d9805364f80a3,towel,Cleaning spills on a countertop,,,,,
1d185527d1a83148c47d,fork,Stirring small quantities of liquid,,,,,
52f8fec0af9bcea5c124,fork,Opening tight containers,,,,,
3376156f9e07317fd17a,book,Paperweight,,,,,
e15000c4e1fd7eb1fb60,can,Container for storing small items,,,,,
f205208d6bfebf60ddf3,towel,Polishing shoes,,,,,
02fadd899c1fbfb642eb,fork,Holding up plants in a garden,,,,,
a05dd1b257dfa56a7ccb,book,Toy for pets,,,,,
32e9f90f0b1f04c51490,towel,Holding up heavy objects temporarily,,,,,
c2d31af590a6f04cb40a,paperclip,Pin up fabric or clothes for sizing,,,,,
776d3b4e32ddf60d156d,towel,Dusting furniture in a non-abrasive way,,,,,
8f3efff2adbf44218cd6,fork,Opening jar lids,,,,,
a816e2c3e1f5c99caf38,fork,Pricking fabrics to aid in sewing,,,,,
d879204510261d0580d0,can,Stand for stamp collections,,,,,
ccb2b34df82ac6e93320,can,Can as a container for snacks or small items,,,,,
77437da3c1967eb8dd50,fork,Pry open paint cans,,,,,
fabaaf4a73cec764a80c,fork,Marking intervals on dough during baking,,,,,
08fa169b216c37312d9b,paperclip,Attach small notes to documents,,,,,
d7e173b0ce888c6e9ce3,paperclip,Create a paper holder,,,,,
7621a49b942b18b4c065,towel,Removing makeup,,,,,
e641efd39693c6292fb2,paperclip,Scratch when all else fails,,,,,
b3e25cffb03b47b29613,towel,Dog grooming,,,,,
0f100387b1ad2cd1eabc,paperclip,Securing tags to products,,,,,
0a07240dfb5353576242,paperclip,Mark the edge of a page,,,,,
cc4fa6f249b2c0c601b5,book,Tool for prying open tight jars,,,,,
be4238ed917910602d83,fork,Creating patterns or designs during arts and crafts,,,,,
746dd923abc68038368a,book,Bookmark,,,,,
2505d642779db5ec9ec4,paperclip,Fastening together small parts during repairs,,,,,
eb9d16dcf6c01287e8ca,towel,Absorbing oil spills on the floor,,,,,
64ba4e6d0eccd58cc17f,can,Holding pet treats,,,,,
2e5977cfeb4942409aed,fork,Straightening small wire ends,,,,,
47ef35fbd85e218422a6,fork,Clear hair from tapped surfaces,,,,,
0af43fa2487c17b56b70,fork,Scraping work surfaces,,,,,
084c7a2f05b8f6ef57d6,towel,Polishing shoes,,,,,
04de4a3deb144c0f2959,towel,Serving as a catch basin for spills,,,,,
b617e000e2816dd27c3d,towel,Polishing silverware and other metals,,,,,
98297d069453f57edb64,paperclip,Creating bookmarks,,,,,
5dbbb1834ab6c1ff3e13,fork,Serving small candies or sweets,,,,,
4e2b8ad809cf500c2518,towel,Wiping sticky residue off windows,,,,,
92e7dbc9bde60b18e133,paperclip,Hanging lightweight items in art projects,,,,,
2bc6bfc33c5878f04e5f,fork,Cooling down soup,,,,,
6df70f4468fdfbda6972,book,Surface for writing notes,,,,,
72537b516933cfc590ce,can,Hat prop to showcase,,,,,
a0af2f77897db392d566,towel,Scraping dirt from shoes,,,,,
372a4ebb4d013e27eef6,paperclip,Mark the place in a book,,,,,
9eb85c4709cbbe7630c9,book,Fire starter,,,,,
a4e358b93eacb9943b32,paperclip,Hanging projects on a wall,,,,,
5e9dbd14af148c0abbfb,fork,Reaching small objects in tight spaces,,,,,
344df5783aa48d82267c,can,A tool rest for a pencil sharpener,,,,,
1e452b5dd210eeafa3ee,can,Small storage for travel,,,,,
02a530dacb91ae78a2cf,book,Firestarter,,,,,
25aa8ddd1df4ca9ecfd7,paperclip,Securing labels on small packages,,,,,
603e034722b3b1ad5123,book,Bookmark,,,,,
817f499448065978c5fe,can,Decorative item,,,,,
39a0b8bc5ca995d32c95,paperclip,Holding papers together,,,,,
8ac672ebefb923f05b53,fork,Measuring small amounts of conductive paste,,,,,
d52e884a7f4d7c3e9584,can,As a shield in a crowded room,,,,,
9ea19a907a57a1c03e9e,can,Insulating hot surfaces,,,,,
dd020e9318f271bdd622,book,Fire starter,,,,,
51569589bdfeaeeebd3b,towel,Cleaning glasses,,,,,
e8206b339ac672a3598c,towel,Making a loop for hanging plants,,,,,
f37c339e36208a4e9ccf,paperclip,Attaching labels to documents,,,,,
6339f39dd5ec6fd64b2b,towel,Buffing shoes,,,,,
9d570c396096c373fc12,paperclip,Create small hooks for yarn,,,,,
1e9350c242154ea87215,book,Blanket for small pets,,,,,
20f96808396381cedc4d,paperclip,Attach smaller objects to documents,,,,,
e815cfdba5bf7b307163,towel,Loosening stuck labels,,,,,
a6e0b1d1463925de8b04,can,Being used as a reference point in art,,,,,
19eaa1f69b449da5300d,paperclip,Making a simple paperclip chain as decoration,,,,,
8bb3cbd659098ea5971c,can,Cover for shoes or small items in storage,,,,,
41de2bdac28d551fdae0,towel,Cleaning shoes,,,,,
e1abb96decbb4759241f,paperclip,Assist in making simple paper sculptures,,,,,
abee8e4579ee16814c57,book,In crafting paper mache projects,,,,,
0989a583785d48df3637,paperclip,Organize small items like beads,,,,,
676fd6159e21a495043f,can,Musical instrument in percussion ensembles,,,,,
04b27c52dbe48b5567df,towel,Draping over shoulders when wet,,,,,
6bfcc99388abe60e94d9,towel,Teaching sign language to deaf children,,,,,
deb79307a0b87a79fd5f,fork,Scribing or scraping surfaces,,,,,
68eec8cd79666d495bf3,towel,Absorbing spills on countertops,,,,,
4c2058e63ee3953cc9ae,can,Giving plants a drink (for porous cans),,,,,
f8744d7afc3d60483b49,fork,Stirring small quantities of food in tight corners.,,,,,
04dc78b983fa8b773cfa,towel,Wringing out excess water from clothes,,,,,
80a6bc52c3ef69bb788f,paperclip,Securing loose papers,,,,,
9cc655eb50d77026b100,paperclip,Securing post-it notes,,,,,
91952b5a7a00a77971ec,can,As a weight in crafts,,,,,
33d80263fe5fd9b74202,can,Insulating pot holder,,,,,
cf486753754ea9516a60,towel,Dusting surfaces,,,,,
ca94f9ba6e566b144529,book,Theft tool,,,,,
e23f102a8d33433e74ae,fork,Scraping paint or varnish from brushes,,,,,
0f62fa0d688415aed796,paperclip,Organizing clips or small items,,,,,
2b5c12957e51f6a13d41,towel,Blotting spills,,,,,
012a420cd9d57748f97d,fork,Piercing food skewers,,,,,
987c1884575c5c319408,book,Marking pages in a stack of papers,,,,,
8bf5154fb49b93984236,book,Book to press flowers,,,,,
16a264b8f73e2906453f,book,Detergent container (if made of plastic),,,,,
4e35d1fbb4dae0760402,towel,Absorbing sweat during exercise,,,,,
d5f4a615ae930ea0aef6,towel,Squeezing out excess moisture from clothes,,,,,
3d11df169e77765821ec,book,Mend broken chinaware,,,,,
fef2c42a8f06db314b62,towel,Wiping hands after washing them,,,,,
00edf01d2478350de139,towel,Wiping hands or face,,,,,
e7a6c2cf003f980abcfe,towel,Wrapping gifts for a rustic touch,,,,,
669a777b360f27e2ae40,paperclip,Creating bookmarks,,,,,
d91a668fafa1bd33b559,can,Tapping plants to serve as a natural tent stake,,,,,
3530239b2f4461828aa7,paperclip,Creating a stopper for a small bottle,,,,,
e672ce3e4d917060f111,paperclip,As a stand-in for a small pushpin,,,,,
3a16bee4548f04251e99,book,Doorstop,,,,,
73df564a55f4f5edf3d5,can,Serving as a makeshift ruler,,,,,
967ce5cebf57b63eb1dc,paperclip,Marking the last page of a chapter,,,,,
decf071ec88953d4a866,can,Playing bongos,,,,,
c922ffa303d711789c39,paperclip,Fastening envelopes,,,,,
8294e67053b3ff212117,can,Baby's play mat,,,,,
65bb343b9bf4f3ae374b,fork,Serving as a gardening tool for pricking,,,,,
e21921ed4400290767cb,paperclip,Measuring small distances,,,,,
5fcd7c2ecd47b5c3aa77,can,Marking surface for drawing,,,,,
c4b622f011ce2c54fb2c,can,As a temporary toy for a pet,,,,,
71a57248abc6f131c5d8,fork,Holding papers together like a paper clip,,,,,
2f5fe0c3d2cb8d0d10ac,book,Hammer,,,,,
bd2ec15acd194acb2a55,towel,Dusting surfaces,,,,,
f79a260d6cabf3e33f7d,fork,Holding papers together,,,,,
3c01ca63485071f3b041,book,Closing mechanism for small boxes,,,,,
97438921494506693685,can,Plant holder for small potted plants,,,,,
2cadd4a844a6ef29ebc8,towel,Wiping makeup brushes,,,,,
90bbc3387831260c93ea,towel,Dusting small objects,,,,,
280dcd5eb2640ca13947,book,Emergency shade during sunny outdoor activities,,,,,
2c12bbccfbd7ff5cdcaf,fork,Removing stickers or labels,,,,,
cac4e478c4a85eb6ba44,fork,Measuring small distances,,,,,
fed5bddf5948ce7cc341,book,Tool for distraction,,,,,
e953c5e975e3c7836a87,can,As a support stand for small objects,,,,,
d936d85bd21b6f0319bb,fork,Hold papers together.,,,,,
181d76c6b6b36b6cdf4a,book,Design element,,,,,
866ba707a5fc7d833b9d,book,Playing bocce ball (mini version),,,,,
00cf5b1dce5aeaf3578f,towel,Marking fabric patterns during ironing,,,,,
af320f41989117d323a8,can,Shielding oneself from splashes,,,,,
7a05c3c75aaf26ceb293,towel,Covering utensils,,,,,
4c52f732e340812a6048,book,Plant pot,,,,,
29da4480f01bece56060,paperclip,Hold strings or cords together,,,,,
bbc6604f9fe1272e17dc,paperclip,Wrapping small gifts,,,,,
78350084d138b6feab82,paperclip,Make small washers in repairs,,,,,
2874b12c8f11a60e94e2,book,Shield from minor impacts,,,,,
cb4005bcdc2c1954f762,paperclip,Fixing broken chain links,,,,,
a10f0d48ea90c0bd3a41,fork,Pricking chicken,,,,,
51795b1d5d0f2ffe1d55,can,Holding small tools,,,,,
b0f34f914fcdfb35ad07,towel,Removing makeup with makeup remover pads,,,,,
00c2bcdff3123c47af55,can,Toy bucket,,,,,
99a40fab838cfa58e174,can,Hammering nails,,,,,
cbc56ce09fc039cc3955,can,Decorative object,,,,,
f02c362d1d668f707438,towel,Scraping snow from boots,,,,,
4dcb6c75369b65f9d0f6,towel,Lifting heavy objects with protection,,,,,
5074718e797562d87007,towel,Serving as a barrier for heat when opening hot doors,,,,,
8da342325840c7fa03ce,fork,Holding pages in books,,,,,
d66c9934f652814f3bc5,towel,Polishing silverware,,,,,
89d8ad0a03c328901582,book,Chopstick for eating sushi,,,,,
a2ae3360d0aa98ad3f3f,towel,Absorbing condensation from bottles,,,,,
5eca39c4ceaf868f0e85,fork,Opening tight jars,,,,,
51a0a804d5b1b94d48c5,towel,Clean fingerprints off a glass door.,,,,,
68fb881a5242af7690a7,towel,Absorbing spills on a kitchen countertop,,,,,
30ef96d25cc998667fa1,fork,Piercing soft foods for easy consumption,,,,,
9147155ab00909a5b56a,fork,Opening tight lids,,,,,
4d99fb561b3e18fb534c,towel,Absorbing spills on floors,,,,,
c54c9fda5abba8e7e643,towel,Cleaning greasy hands,,,,,
72b56ced04135c39ce23,can,Protecting hands from sharp objects,,,,,
4900e7b553103d676a76,paperclip,Securing post-it notes,,,,,
9a008a3785e7b4abb138,book,Lever or fulcrum,,,,,
5c7394241865782e763f,book,Baseball bat,,,,,
e8a7a9b26259211afafc,book,Toy for small children,,,,,
13edf1306ed4f2f7c51d,paperclip,Attach receipts to expense reports,,,,,
213fed7d5bd7bf8fa055,paperclip,Decorate scrapbooks,,,,,
8d0a0514cb338b24f914,paperclip,Creating a makeshift bookmark,,,,,
2257986fc981f37af94f,towel,Absorbing spills,,,,,
8cbd2991447c259f9ab0,fork,Whipping hair dry with kitchen towel,,,,,
9015b8ff2269a6911d9b,book,Toy for keeping cat busy,,,,,
e5e2946ed30afa64a450,towel,Wiping condensation from glasses,,,,,
cafcf264f615de95370d,paperclip,Stabilizing a loose pen clip,,,,,
627601e09429e586661a,book,Scrapbook,,,,,
81185c77a27c33c70821,can,Emergency-whistle body,,,,,
ee6eb50779a5f270ef25,can,To lean against while standing,,,,,
77ac3d422444fed6663c,fork,Serving oneself from a communal plate,,,,,
be4c989c04c745f44473,towel,Absorbing condensation from glasses,,,,,
36b4a7ab099bad98ab54,book,Shielding small children during tantrums,,,,,
95d07ddd13683e842ef2,can,Appliance for crushing soft objects like fruit,,,,,
ef38c99c0c76f48709aa,towel,Scrubbing kitchen grime,,,,,
679d206264b971a64c46,towel,Insulating hot plate handles,,,,,
41ea567cefdfa8569e7b,towel,Assisting in basic first aid for minor cuts,,,,,
f39ae5e67dd095204cfa,fork,Holding pages while reading,,,,,
f9abf0c2610fc46829e9,paperclip,Pin a name badge to a shirt,,,,,
0b7446d58d63ac279dc9,fork,Unwrapping small items,,,,,
4ff51fbb9033686d2462,book,Tamping tool for certain gardening tasks,,,,,
3a8764db12fef0f9ea9d,fork,Separating small objects like candies,,,,,
4b91a7f5b6485fc0bec3,fork,Marking树中的结点位置,,,,,
eb2ff31de67406ac4e39,paperclip,Fashioning simple clips for bracelets,,,,,
be7dd492caffda049e1b,fork,Holding items while gluing or taping,,,,,
a80ab2361e87f82e932e,paperclip,Marking the last page turned,,,,,
c5e04810c34fa96b9741,paperclip,Organize small items,,,,,
668de3364757eb3fedde,fork,Opening tight lids on jars,,,,,
c1a5238caa6319dd03df,fork,Fishing for small objects in water,,,,,
d46579bb7925a5f247cb,can,As a percussion instrument,,,,,
7e7bdfec1ce80beaf288,towel,Cleaning muddy shoes,,,,,
8d26f5e6dac520eb86d8,fork,Piercing thin wooden sticks for skewering,,,,,
274f594e2cb2a39d7afb,fork,Opening tight lids on jars,,,,,
917e1c66a0e931e438d2,can,Can as a pencil holder,,,,,
0e1437a1a236c677be11,book,Cricket bat,,,,,
195466ca95d6bcb003fa,paperclip,Separate sections in planners,,,,,
f4ef1107f98a7aa3921d,can,Spreader for lightweight materials,,,,,
7473de7ca44c39dd9464,fork,Spacing tiles or stones,,,,,
781db0f5d5ae2d8e7134,can,Decorative piece for patios or porches,,,,,
7067b8911f7e1c34d138,towel,Cleaning a keyboard,,,,,
70a22ce397a27d12e7f4,can,Serving as a makeshift towel,,,,,
da8c9ff51587ca037d68,paperclip,Weight for homemade paper airplanes,,,,,
af47f90818e47ce16575,towel,Absorbing condensation from glasses,,,,,
15035533920a23fe3a56,towel,Wiping hinges to clean them,,,,,
f3366016b6095d937719,towel,Cleaning mirrors,,,,,
71aee5586b188542d670,towel,Blotting sweat,,,,,
36301ab2bb37a74cf96d,fork,Clear hair from tapped surfaces,,,,,
447c306186c260ca7bd7,paperclip,Mark page numbers,,,,,
9aaecec6b2e2821dfb6f,towel,Polishing furniture,,,,,
691b18c8dde2a5f2bb3a,fork,Holding food while cutting,,,,,
c0d35c72b52225c96c83,fork,Quietly tapping to get attention,,,,,
ff8278af16f8a0eb25ae,towel,Holding up a picture frame,,,,,
566f1e7a4650f3a84f74,paperclip,Marking page numbers,,,,,
d4578f8e3f9e9ef8ccae,fork,Invent a musical instrument,,,,,
812d069f594175090862,can,Can as a planter for small indoor plants,,,,,
95a84065fde443a22a82,towel,Protecting surfaces while painting,,,,,
6bf9f93ebddae8b1be55,fork,Twirling hair when nervous,,,,,
c2671997854e9d9d9de7,towel,Polishing leather shoes,,,,,
330d5632376155b6809d,towel,Wrapping a cold drink,,,,,
5400f06e9d13e079b060,fork,Creating indentations in clay,,,,,
460077d48a513c99f739,towel,Wiping hands after washing,,,,,
8a6228432b2212df38fb,fork,Opening jar lids,,,,,
72b22f5d5f118fcefa4c,towel,Drying hands,,,,,
677ef1307539f0ceb034,paperclip,Create small weights for crafts,,,,,
0c96a19b63056de9ef2e,towel,Tidying up electronic devices,,,,,
a77b4d7a5a35098746f9,book,Toy for small children,,,,,
0a6ebaad0675a448a171,can,Can for placing loose candies,,,,,
ee9c1c67b18c16cb7727,can,Attach items with string,,,,,
6318edb93434973a1569,towel,Squeezing water out of plants,,,,,
62ac759aafa41d7912ba,can,Can as a surface for small plants or herbs,,,,,
022cd9677455b2a00c6a,paperclip,Hold pages together in binders,,,,,
8377df13d912082e3f72,towel,Cleaning makeup brushes,,,,,
22b7b0c9e7b3678fb1e0,fork,Pricking vegetables before tossing them on a forked stabilizer.,,,,,
43ad5456731b5d7b322f,paperclip,Secure paper edges in reports,,,,,
e16ea1db816621c55986,book,Cov Wochennotizblock,,,,,
ecda810855b158238c76,towel,Drying hands,,,,,
9c9188cfce7e2e8b1ff5,can,Leveling tool for uneven surfaces,,,,,
fe53b183f7f247b64328,can,Support for small plants in a greenhouse,,,,,
8b03d7147f0e545a1dc3,paperclip,Mark items for sorting,,,,,
6982c754b2f59e4e90be,can,Creating a homemade stand for vases or flower arrangements,,,,,
b3b694cab0e6beaccc00,book,Toy for pets,,,,,
eb56f6d63657b542f340,towel,Cleaning makeup brushes,,,,,
3ae4f0c6707fcf774dbe,can,Surface to cut foods or other materials,,,,,
98196b580cf9d36959de,towel,Dusting surfaces,,,,,
abf426b393a7c97a765d,paperclip,Creating hooks for earrings or jewelry,,,,,
ae06998ca996f6d333f7,fork,Cleaning small crevices,,,,,
78c1d6238abeef705c57,book,Bookmark,,,,,
e6198f574bc884b43e46,book,Paperweight,,,,,
adc5ba6ec7d6ee393ea0,can,As a components in crafts,,,,,
f8076c9f5cfd21c8b6fb,towel,Marking temporary camping spots,,,,,
02eda5b7fce5aa5a73ed,paperclip,Organizing clips in a filing system,,,,,
45ffc548403fd0fe3300,book,Thermometer holder,,,,,
ba617f4f9ae1923e1e2b,towel,Wipe desktop surfaces,,,,,
3c85474c3bbaab161590,book,Hockey puck substitute,,,,,
b351a2f586390b858664,paperclip,Secure business cards,,,,,
2f4ef42f5e89b77ee713,towel,Tying up hair,,,,,
a0730327cbf209af26a5,can,Sifting through small sand or cocoa powder,,,,,
38a2eea44513842f9f17,paperclip,Mark the place in a book,,,,,
1c2be0886eac723fe8ba,book,Musical instrument (turn the pages quickly),,,,,
77bc60898a4693cf21f2,towel,Drying dishes,,,,,
261f8daeb18d56b7fd55,book,Mathematical straightedge,,,,,
512551b3e829339df3f8,fork,Kitchen scraper for removing food bits from dishes,,,,,
2c1a5b6b292c7546fca1,towel,Scrubbing surfaces,,,,,
90c9bb69eac667889961,paperclip,Secure business cards in a holder,,,,,
fd993fd984808cc39567,fork,Holding papers together,,,,,
060ed31d52d6a5cf7ee6,fork,Fashion accessory or jewelry,,,,,
c71407c15d14c1d5f29d,can,Seat for a birdhouse,,,,,
9d54dc87fd0fba6f7057,fork,Creating spears for impaling food items,,,,,
1fc961e086a054db7e30,can,Stabilizing a tilting bookshelf,,,,,
6b29deec9ac4dc131b3e,towel,Cleaning a pet's paws after a walk,,,,,
2af0fb4ae433372172fd,paperclip,Fastening notes to a bulletin board,,,,,
2b0a291292982056c896,fork,Opening tight lids,,,,,
ad70178fb06c42e6fd7c,book,Custom jewelry holder,,,,,
c98e3879a539d26cad2d,book,Weight on a window sill to prevent it from opening,,,,,
4840bdbb053a35c8de47,paperclip,Securing small parts to a craft project,,,,,
de6b978516b1283c9236,paperclip,Modify locker numbers,,,,,
8f26664a4a92a4a2a02d,paperclip,Holding papers together,,,,,
3cc0eba913ad8d1d68a5,paperclip,Serving as a small weight in crafts,,,,,
6bb296cb61435fcabfca,book,Tool for opening jars,,,,,
a5c561bd7512bd53fbbc,can,A signal during an emergency,,,,,
b350b1b6282d13c65e61,paperclip,Straightening small wires,,,,,
7f6f23a10024f2abfe1b,towel,Cleaning muddy shoes,,,,,
7a1b0cccae1ea6e5a077,can,Stabilizing fragile objects,,,,,
97a109ff2429e4b04abb,fork,Create indentations or scratch details on soft materials,,,,,
13d1e9ff3ef557be9b16,fork,Measuring short distances,,,,,
d14b3c7da29762045056,paperclip,Marking positions for cuts or notches on paper,,,,,
5c42371ff82f0f56babe,towel,Making a simple tourniquet in an emergency,,,,,
e154a623caa973466a3d,towel,Cleaning mirrors,,,,,
38635dcf66124dfe5153,book,Kindling for starting a fire,,,,,
046366b691321d0b5a0a,can,For tracing circles or curves,,,,,
3be34207283d861f9265,towel,Wrapping gifts,,,,,
70a953b844300e2cb2cd,fork,Cleaning small parts or tools,,,,,
a69c1947d0d513271abf,paperclip,Marking items with bends in the wire,,,,,
4452ced17eb0a2a6432a,towel,Drying hands,,,,,
1788079100857f21fa28,book,Toy,,,,,
f4fd4250694321b55a40,paperclip,Create paperweights,,,,,
161cdf9100564de7f52d,fork,Making small holes in pottery,,,,,
5965ea73ece65ec73b88,fork,Mixing small quantities of dough,,,,,
3998dfca60a126422a8b,fork,Measuring very short distances,,,,,
8b24cf9fca77a37fca89,can,Scratching itchy skin,,,,,
71613fd992bbf07343b0,book,Firestarter,,,,,
0084f4cf6569c6a3bf29,can,A cover for keeping objects clean,,,,,
2ff2973455fee11e5674,fork,Cleaning small gaps,,,,,
3ff3ba0e73d8b113479c,book,Valentine,,,,,
419d50dff53532592738,towel,Wiping camera lenses,,,,,
e56dbba85378e6d82134,towel,Plugging gaps in doors for a tighter seal,,,,,
70ce6c64f79799c47ed7,book,A playful mallet for knocking on doors,,,,,
5f7f68a08e595833928e,paperclip,Indicating priorities on to-do lists,,,,,
de333131d5520e50b15b,book,Ruler for straight edges,,,,,
de976fc89a0fc2913de9,fork,Worming fish,,,,,
1861a07f8bd7bda86bb1,paperclip,Connecting cable ties,,,,,
0a6558bb7a5c1f6a2446,paperclip,Locking notebook pages,,,,,
c44ece42e0a3bce3abce,towel,Polishing shoes,,,,,
255f02247f79a268906b,towel,Tying up ingredients while cooking,,,,,
d4636de5a7ecd81e4fae,towel,Absorbing sweat,,,,,
b9839be547b9369cc580,towel,Drying hands,,,,,
1f47a6a3af33d0c4111f,paperclip,Securely fasten letters and documents,,,,,
60f0dd2932d816b8ba8e,fork,Spreading butter on bread,,,,,
5fcd09c2b921d3d52ca5,book,Baseball bat,,,,,
ee700d7256d6802cf40a,paperclip,Creating a small weight for sewing or embroidery tension testing,,,,,
18db59c686659f8ef70c,paperclip,Marking items on a conveyor belt or assembly line,,,,,
aa5ea10a2490a268a8c6,towel,Emergency bandage,,,,,
bcc852e1716094e5f8d4,paperclip,Keep rulers aligned during measuring,,,,,
b0b4b41eb460ac61960a,book,Weight for paper,,,,,
0612699aa3ed07a0a7ed,book,Sound amplifier by placing it in a trough,,,,,
46245365041bb882c2a5,fork,Breaking small branches or twigs,,,,,
95f5394920e031be3977,fork,Toying with food indirectly,,,,,
63449c6193e2eb7ca5b5,book,Bookmark,,,,,
c579364f2f9b36b54960,fork,Temporarily repair a broken watch by securing gears,,,,,
b5864759fe63faf5937c,book,Surface to write on with a wax crayon,,,,,
4ba34e0f2b963c7fb938,towel,Cleaning mirrors,,,,,
07c5895f00c2d9de19b8,paperclip,Building small structures like cages,,,,,
8cc26f43e82eed73b056,can,Sponge holder for kitchen counters,,,,,
d2ffd7ffd79b532f1b29,paperclip,Measure small distances,,,,,
fd57d84172ca16b05548,towel,Polishing glasses,,,,,
14268755210d275d408f,towel,Scattering newspapers,,,,,
e6035ba8863f56bec64e,can,Hammering small nails,,,,,
94ef2cf59b4d0efd3ae1,towel,Wiping windows,,,,,
bfdb84436aa4392fa314,towel,Holding paint or cleaning tools,,,,,
d4fd6d34d85e12cc809f,fork,Tapping keys gently on musical instruments,,,,,
3b76aa4b37dd71f5ac5a,paperclip,Create simple paper weights,,,,,
70fe279368a09585ffd1,book,Heavy object for meditation,,,,,
fd887d57ef5d0f8ed197,book,Toy for a pet bird,,,,,
bf1791602a2a108218f1,paperclip,Creating simple paper airplanes,,,,,
a51a8724fa3cb685effc,fork,Moving small wooden stakes for hilling plants,,,,,
c961f6b5815ec5eaa1c5,fork,Temporarily storing small items,,,,,
61393e5008c39402e98a,can,Opening jar lids,,,,,
2221b7584ba4a948b6ea,fork,Opening jars,,,,,
8fdfd0f58d541c030d9a,fork,Splitting wood for kindling,,,,,
752577d29a9045cb9c2a,book,Cover material for crafts,,,,,
8ae33adc7dbdf9f1ec7f,fork,Measuring small distances,,,,,
4dae354be29fb640b443,book,Camping pillow,,,,,
ab4a63620035b655f584,can,Kicking a fly or small bug away,,,,,
7d831f5c432e86467dcb,towel,Scrubbing dishes,,,,,
b50740b489a559a3e729,book,As a footrest,,,,,
bdc0b2212aa0846f2079,paperclip,Support for small plants or shoots,,,,,
820f14bf2d5fbf698293,paperclip,Creating a simple weight for a mobile,,,,,
9784f441a7ae638fca0e,can,Picture holder for small frames,,,,,
79aaca2f2826122acc69,fork,Holding papers together,,,,,
977e1d193ab54e9f5e3c,towel,Storing small items,,,,,
9f3c65f6fc0c0eb3c87a,fork,Opening jar lids,,,,,
a6ef06b15773352c320a,fork,Holding pages of a book open,,,,,
76469bddef07d06f7545,fork,Teasing apart knots in yarn or thread,,,,,
652e44be6b1bd85bbb18,fork,Opening jar lids,,,,,
d51d1ddfae6daa3d87c2,paperclip,Stand small objects,,,,,
9f3139e5d215b595f02a,towel,Polishing surfaces to a shine,,,,,
efd07343aceaff5c8375,can,Container for miscellaneous small items,,,,,
0c43b113563b489556e9,can,Signal device in emergencies,,,,,
29298106159e69c35e81,book,Musical instrument,,,,,
131878c7813e9344a404,paperclip,Counterweight for small mobiles,,,,,
ab325f99c513950f2f22,paperclip,Attach postage labels,,,,,
8cba6944e0b09b7710f7,fork,Moving objects in a drawer,,,,,
5970c7e4ce50d085fef7,towel,Drying a pet after bath,,,,,
611f9176357edead5cc0,fork,Pry apart cards in a deck,,,,,
cbfde424ab1365b24d55,paperclip,Add weight to a paper airplane,,,,,
e9c7e13be4dd8fa1e5e6,fork,Holding pages open in a book,,,,,
99c335dea70634dde0bb,book,Stabilizing furniture,,,,,
b1b1abe744dddc610183,towel,Dusting surfaces,,,,,
3bababa445b43fd2448a,fork,Marking pages in books,,,,,
f9902e65c45fcc06b4cb,paperclip,Tightening loose threads in knitting or crocheting,,,,,
d5d17f6a02e46bd837c9,towel,Wiping shoes,,,,,
16a4ddd2e9d05e45b5f4,fork,Marking pages in a book,,,,,
ceaea043274650ede055,book,Paperweight,,,,,
f69a255756ab37607388,towel,Buff a car after applying wax.,,,,,
b42da8b4436fc6e657f2,towel,Cleaning bicycle链条润滑油容器,,,,,
38bbd16c2737fd4eb249,fork,Stirring small objects into a jar,,,,,
9f982f01cba0cbb091b4,towel,Cleaning windows,,,,,
04b8d4ea848739ba3ba1,towel,Absorbing sounds in home studios,,,,,
ab4895e34c637e795c6e,can,Cooking utensil in baking,,,,,
38de8fbff876de11ce6c,paperclip,Extend a hanger clip's reach,,,,,
a1923f5a752e682a2a09,towel,Holding small items together like hair accessories,,,,,
cf71906dd5c299b2803f,paperclip,Fastening loose change,,,,,
1980b5d44fae6503f48e,book,A decorative item in home decor,,,,,
b97303a825d7e69ac8de,towel,Press sweat from hair,,,,,
7754128f453d3a832be0,can,Holding paintbrushes,,,,,
94f9da9fc5be0509ffd0,fork,Marking pages in books,,,,,
125c2ec9cf2e15d9f7c3,book,A seat in a pinch,,,,,
afe7692118f9400e5261,towel,Absorbing spills on windows,,,,,
0cdc894de1f483c7dbf0,book,Fan (folded),,,,,
a285ba3f85f3545401a7,can,Holding small hardware pieces,,,,,
585d5b3367e99fa0d688,paperclip,Attach labels to items,,,,,
850b17f7bb92b29fdbf7,can,Rubbing it on glass to erase writing,,,,,
ca7505b2496db14f5c80,fork,Mixing small quantities of food,,,,,
3648fe12b253389402fc,can,Funnel for pouring liquids,,,,,
e3e6cf0c768ea5246c6e,towel,Scraping paint from a can,,,,,
8facc0008ed1fece6284,fork,Stirring small quantities of liquid,,,,,
2f454f103f47c8401357,towel,Air freshener diffuser,,,,,
c9e20085ff5bdb6c9241,towel,Wiping hands,,,,,
010be0fa27d11ca78807,towel,Binding minor injuries,,,,,
ed0a51f25579f471a7b3,fork,Whittling small objects,,,,,
f3660c4cb8c2d6b1a6e5,fork,Opening tight jars,,,,,
f9e6cd34dac30b61a50c,book,ICO (Information Commons Object) for reference,,,,,
0cd1c48688e6e73c141d,book,Brick for a garden path,,,,,
be804e4155bd845ce769,towel,Wiping hands after washing,,,,,
b15ef833a388ce336a7e,paperclip,Attach notes to objects,,,,,
7d121d8b614d33382a4a,can,Hammering aid for small nails,,,,,
8e97a356316311afa696,book,coaster for drinks,,,,,
d3c212083469fee5f6ed,book,Birdhouse,,,,,
eb0acfd2b6e228534410,can,Support for plants and vines in gardens,,,,,
41f32284d2ba9489b824,fork,Moving small objects,,,,,
9517a2b71f9d0004d79a,fork,Turning off light switches in some households.,,,,,
965e54dabd77dfc2d611,towel,Holding small plants for transporting,,,,,
4242f02a9f30d3734003,book,Bookmark,,,,,
86415d9a5132f1e9d0d4,towel,Covering hot surfaces,,,,,
cf45e686d0cf391293cd,book,Fire starter material,,,,,
15c55556920dfc975532,book,Hunger signal to a pet,,,,,
424b86a3bca8c5e55d78,paperclip,Securely fasten documents together.,,,,,
3a087b0769e2d0a3e134,can,Can to hold nails or small hardware,,,,,
9443433e97f0004b34e1,can,Part of a hunting dog's equipment,,,,,
945e9b806a6fb7aba2ab,towel,Wrapping gifts,,,,,
67e367b90f8dcad9f21c,fork,Creating indentations in soft substances,,,,,
241b8fa8e43b8cb27a0a,fork,Poking holes in clay pots for drainage,,,,,
392f977c944b7782aebb,fork,Cleaning small objects,,,,,
a335a0e40e62ced63c74,fork,Poking holes in materials like foam,,,,,
d026b7c8bf847cc37e38,book,Writing surface during a power outage (with a lamp),,,,,
3daf7999aa02f85674aa,book,Baseball bat,,,,,
80431e84e2c788d51ef3,paperclip,Hanging plants for easy access,,,,,
1e3fc075e3fcdf93d980,towel,Cleaning glass surfaces,,,,,
950178876e0d52bb8a36,paperclip,Temporary paper bookmark,,,,,
22ce8570bd902b422c80,can,Defending oneself,,,,,
e0e92154605251576d28,towel,Cleaning feet,,,,,
0142d47f049bc378d252,fork,Creating small openings in objects for ventilation or drainage.,,,,,
0faed469cdebdd07dbca,can,Creating a cane for plants,,,,,
9365d616fc7113bf4c4e,towel,Drying hands,,,,,
b4e66975a6296b57fee5,can,Holding small items,,,,,
f2485085cd823bcad0e0,fork,Cleaning small gaps and crevices,,,,,
05b4c593b3b59088fe79,can,As a pointer during presentations,,,,,
10f1eef986dc18994cf7,paperclip,Marking the place in a book,,,,,
40bed0a7433b961e0bf6,paperclip,Sealing packages temporarily,,,,,
51483f5e8a4aca07f70a,book,Bookmark,,,,,
946dbc3abb53e2fda871,towel,Catching small animals,,,,,
f743d22ea08bd7c0e72e,paperclip,Serving as a loop to hang keys or assignments from,,,,,
be0def8ba9304b301ea5,towel,Rolling out dough,,,,,
d373d7ac7b5ef61ae345,towel,Absorbing water from hair when swimming,,,,,
25463771a63d48b5db27,fork,Holding pages in books while reading.,,,,,
3055c9b60b7c7f13dd61,can,Symbol of candidacy in elections,,,,,
f0d9a0409042e0f12c43,paperclip,Hanging lightweight objects,,,,,
5ccb5eba4fb6c7afae44,paperclip,Marking pages in cookbooks,,,,,
3205981b34d156cbd9f6,can,Marking pages in books,,,,,
319999a84482a10adc23,book,Hair tie,,,,,
37e22fddcb0587eab5b9,can,To contain miscellaneous small items,,,,,
fee40140ca920a25f991,paperclip,Decorating giftwrapping,,,,,
80e2e605ef39b3ee0071,fork,Cutting soft fruits like avocados thinly,,,,,
35304d5b5f603787d21b,book,Desk organizer,,,,,
ec469ffbf25f67cd7e4d,fork,Testing if maple syrup is hot enough for pouring,,,,,
23b09ae2ed9c460f7d73,can,To fan oneself softly,,,,,
10808293482e8be59cd9,paperclip,Fastening papers to bulletin boards,,,,,
720e632d848bbe5d7518,towel,Scrubbing dishes manually,,,,,
5b6eda4de773efd0f420,book,Bookmark,,,,,
3b7b16e29876ad2b6c4e,can,Can to mix condiments,,,,,
ebd09892c3eb5ca2fd0c,can,Container for small objects,,,,,
3ae55f060e89ee02733a,towel,Wiping bicycle wheels,,,,,
017e9eb650baacdd4e10,can,Cricket bat,,,,,
8103413200512226bfcf,can,Creating a makeshift boat in a water traverse,,,,,
ce0a4c744a478e894215,towel,Packing lunchbags,,,,,
2bac6239605f22947dac,paperclip,Creating small loops for hanging items,,,,,
99595f07d36498f69ea0,paperclip,Hold hair in place,,,,,
d709760f0ef0f4d96f7f,paperclip,Pin fabric edges when hand-sewing,,,,,
70295720b2026e71afcd,fork,Hooking small items,,,,,
ac43ed87bcf3d23f9172,can,Pillowweight,,,,,
29e62f5ced428177403f,book,Doorstop,,,,,
4bebed9c6163c8a76ec8,fork,Weight for knitting or crocheting,,,,,
44f2bb1baa39fc53ae43,paperclip,As a simple paperweight,,,,,
44db838d04ccfa46e7d6,towel,Conveying small items,,,,,
c0ff539822be350ed4e3,can,Prop up a small screen,,,,,
9bf0686c161f2da991ab,can,Portable plant pot,,,,,
ad463bc93265a7380e51,book,Toy for a pet bird,,,,,
84bde5d38617c6403d85,book,Paintbrush holder,,,,,
f9a6b2ee1c10cb96b49c,fork,Detecting gas leaks,,,,,
5dd7fdf9354f8c302cd2,paperclip,Mark page numbers in books,,,,,
4e5dc079837a0fdaac2f,paperclip,Securing a strip of tissue for a makeshift nose,,,,,
8e2473311b82ebb39474,towel,Covering food,,,,,
c7354abc8f3769781dfa,towel,Emergency blanket,,,,,
d8b17f8dd66aa42f0a86,fork,Opening tight lids on jars,,,,,
ce10631ae6947e0255a2,fork,Holding papers together,,,,,
57bb71e9bd050e7f1bcf,paperclip,Keep file folds intact,,,,,
b62fffc517ba541495bd,book,Toy for a pet bird,,,,,
0676aacffd1eb7687aab,towel,Wiping hands,,,,,
6b86f1c3a4dabfee36ff,book,Book-ending another book,,,,,
285c3f00463f5e469a3f,paperclip,Holding pages together in a binder,,,,,
131287be9f8f4bef67c2,paperclip,Securing greeting cards closed,,,,,
a37ab25e8e5409201afd,towel,Wrapping a package,,,,,
479e26a30024803573cf,towel,Cleaning computer screens,,,,,
4235c545f8e576c4980c,paperclip,Attaching labels to objects,,,,,
ccd44a720cf45211113c,can,Throwing it as a toy,,,,,
3476b73738c84de1d148,fork,Poking into the ground,,,,,
c6f72b0a4a754bafa913,paperclip,Connecting small magnets,,,,,
55e656621c504e844f85,can,For signal flares in emergencies,,,,,
234f9a49571a1b28bd67,fork,Spacing plants when gardening,,,,,
96aef2cafb0d6dcd4114,fork,Pierce fabrics for embroidery,,,,,
5cdab87bec62e9b03ca4,fork,Removing stickers or labels carefully,,,,,
2cdee19bc0cc6ea78fe2,paperclip,Creating paper fasteners,,,,,
f9061d1cc50997517847,towel,Wiping down surfaces,,,,,
9e663a946d306d8ccdef,book,Weapon in a self-defense situation,,,,,
a07bd66301136d423cce,book,Musical instrument (when shaped and played accordingly),,,,,
2d8e55b2d44739cc53e3,book,Hammer,,,,,
705ec2551822b16af9d3,can,Plant label holder,,,,,
f173c6f6cfea2412eca0,fork,Marking directions on the ground,,,,,
ff9855c2296ac3fa8a44,fork,Skimming liquids to remove debris or foam,,,,,
602e688497a85f798821,fork,Dislodging small objects from tight spaces,,,,,
cbc4b4bb88f0b5e884a3,towel,Fish tank maintenance tool,,,,,
8112baf09067a9f1c2ef,paperclip,Organize beads or small trinkets,,,,,
6b3aeb2fc2708e05be51,towel,Changing scenery (scrim),,,,,
828b71f86674d24f2ef8,paperclip,Hold pages together in a binder,,,,,
8cda65763b1002ad3640,book,Impromptu helmet,,,,,
c965a3f3cb1813b1daf7,towel,Absorbing spills on the countertop,,,,,
67e8b02562bca2761287,towel,Marking pages in books for notes,,,,,
20a12b0dfe881345ded9,book,Guitar pick,,,,,
20c24f114136cb576957,fork,Stabilizing a sliding drawer or door,,,,,
3f60901089eb6fc8d43a,paperclip,Holding pages together in a stack,,,,,
0fb7f6a6708f6d48482f,fork,Opening tight jars,,,,,
f552b327067f9299128b,book,Bookmark,,,,,
86ec3940fd9d4e8d2cfb,book,Sound amplifier,,,,,
317e29bde4e4f583a170,book,Stabilizer when learning to walk,,,,,
80758e16ae7963115694,can,Marking boundaries in sports,,,,,
faf4f5d7f68db79c6be8,paperclip,Mark page numbers,,,,,
071b98ef329a53892558,fork,Whetting knives,,,,,
0687a2e82402e2fab7fb,fork,Creating small indentations,,,,,
56fe6fc1c5924dc4f609,can,Can used as a candle holder,,,,,
aeaa3008db6025d6b4ab,fork,Creating small holes in cardboard,,,,,
0ec4a365eb533855bf5d,towel,Wrapping gifts,,,,,
7801b76d7af77847c44d,can,Serving dish for snacks,,,,,
0b8dd44256a46cc9a16c,towel,Cleaning spills quickly,,,,,
3adfa5c2f9f2de36a464,fork,Spiking meat for grilling,,,,,
0d4aa84cb5c0f5133602,can,To break through lightweight substances in an emergency,,,,,
c7c9ba53606f66e7b10b,fork,Opening jars,,,,,
94efd85613c766237975,book,Musical drum,,,,,
e3535c8e50391251e375,can,Storing small craft supplies,,,,,
9fcd4955d8c24bc2bfa7,can,"To store small, lightweight items when backpacking.",,,,,
09b3013507e6b4bfa18b,can,Using as a tool for spreading paste or glue,,,,,
0f853f19b1724338f94a,towel,Starting a small fire (in an emergency),,,,,
5a7b3f91daa253fcdd08,can,Indicating agreement,,,,,
fa66a413139669fee6de,towel,Cleaning spills,,,,,
dc53ae4265cb3b55cfe4,can,Can as a container for loose hardware,,,,,
61646401482cf1dcd325,paperclip,Anchoring labels to objects,,,,,
14f3d82a46de516b5b45,fork,Opening jars,,,,,
d4dd8d96e1f9b4d36d52,towel,Wiping computer screens,,,,,
19d57151add4a3eb2f97,towel,Drying dishes,,,,,
613bf7aa738e643530be,towel,Removing dust from surfaces,,,,,
6145d92fd9dcdb27113a,fork,Scraping paint from a wall using small notches.,,,,,
524c0dc4a5864653386a,book,Using pages for drawing or sketching,,,,,
d2f1055c27f028620ad5,book,Doorstop,,,,,
0fb270e983320d5bbf4b,towel,Covering food to keep it warm,,,,,
26462c246fbe6736472c,towel,Protecting surfaces during painting,,,,,
5d37649d35ccd0397c9e,fork,Creating art with melted wax,,,,,
3719c182b96987f7c2d2,book,Marking page positions in a document,,,,,
848679fb3a308e7a8159,fork,Pointing to indicate direction or items,,,,,
ada463322109771f931f,fork,Holding objects while applying glue or paint,,,,,
75fb929a992a4eb16375,can,Sunshade,,,,,
872a09fa9a99413d3d52,towel,Polishing leather shoes,,,,,
7c1a8fed8fad6eb04fb1,towel,Wiping dirty dishes,,,,,
4d315fc6246fd8ec0130,fork,Gently prying open compact objects,,,,,
3962060f1453269cd340,fork,Skim soup from the edge of a bowl.,,,,,
597924e71da9fdd41934,fork,Measuring small distances,,,,,
8f7c020cd639bb96899f,towel,Containing and moving liquids,,,,,
45f0326fe2ea1a86b3e6,can,Squeezing out excess liquid from vegetables,,,,,
0f14ddcf3e7318811678,fork,Spreading butter on bread,,,,,
b2ccf74dc25fec78e91f,book,Signal flag,,,,,
602cb70316691c666e07,fork,Cleaning small gaps in machinery,,,,,
64d8774f285845a36143,towel,Absorbing light to brighten dark areas,,,,,
33793419970a6dec9f1d,can,Holding small items while packaging,,,,,
366a160c51be93f501ff,towel,Cover food,,,,,
2d1a75acdf82517172be,book,Temporary boat water ballast,,,,,
36b7f996f37fd914d20f,fork,Pricking balloons,,,,,
ca08eeecf820b8d33f67,towel,Cleaning keyboard keys,,,,,
31a75b8e851d82daf876,can,Temporary storage shed,,,,,
6ca7edadcb710907a3c2,paperclip,Pinning up edges of paper for margin notes,,,,,
0363c3e6b4e7ea6f00ff,paperclip,Organize small items in a desk,,,,,
c778c3d08a2760635317,book,Emergency tool for breaking windows,,,,,
c34e467cd60b27154b32,can,For tapping on a rhythm,,,,,
306f2b5aa2e5e61ce27d,towel,Emergency bandage for minor cuts,,,,,
9d67e8cdf7b633c1aadd,book,Fire starter,,,,,
de52e81afb1ae30914f8,can,Portable toy for children,,,,,
ab3083dcf17eed760319,fork,Dislodging nails,,,,,
3f316e99ebad5926d835,fork,Probing soft ground for stability,,,,,
bd93519da9104b7a3e22,paperclip,Attach small notes to documents,,,,,
2ff6c326ee62b19c9cf8,paperclip,Wire binder,,,,,
a26cc5ebb21f8d896847,book,A ruler for measurements,,,,,
648b165b2aec5d824bb5,fork,Unrolling tape or wrapping paper,,,,,
b3c32bfa77f39c01eb17,fork,Weeding plants in a garden,,,,,
eba70734cd9a65bdd471,can,Prop in theater or film,,,,,
1eb734c7301dd912809a,towel,Cleaning a car interior,,,,,
dfcd66b446de5513a543,towel,Holding up plants to provide stability,,,,,
a5bf8397abe8fe66ce6b,fork,Splinter removal from wood,,,,,
1c37555d23d6de82d0c3,book,A drawing template for repetitive shapes,,,,,
ae3ef432a7b77bef006d,towel,Dusting small objects,,,,,
66c37b906af5fb805171,paperclip,Securing boundary markers in place,,,,,
f2d99bb336081dc766b7,towel,Drying hands without a paper towel,,,,,
0f19ad98d52b206a361a,towel,Absorbing condensation from the inside of a car window,,,,,
20e72e75cfd18cb864bc,paperclip,Organizing bookmarks in a book,,,,,
b091447d3f98890fe26a,paperclip,Opening jars with wide mouths,,,,,
bd314ffd6d543b84edc9,fork,Piercing food for grilling,,,,,
0640e63052014ed95ef4,paperclip,Mark clips or bookmarks,,,,,
2188ef14301d4d0476a5,paperclip,Secure ribbons on gifts,,,,,
c9ceac42489519468daf,paperclip,Hold office supplies together in desk drawers,,,,,
fe1a29ec5158ca7edffb,fork,Separating strands of hair,,,,,
6d15629048a0e26b0381,book,Doorstop,,,,,
162d53e25323349c92eb,paperclip,Securing papers together without staples,,,,,
c7f7413ed8d52dd4567d,towel,Cleaning muddy boots,,,,,
236d922ff82478085fe3,book,Compost addition,,,,,
afd45918a85e6a8a54f9,fork,Picking food off plates,,,,,
bf0718700bdedc2026d4,can,To prop up a fallen object,,,,,
6c037daf3b018f0014ff,book,Paperweight,,,,,
5d45672272d65e456b8b,fork,Holding pages in books,,,,,
6c9008dfaa9192466c0f,paperclip,Temporary label holder,,,,,
b5fa1a5785786da13dd6,can,Opening stuck jars,,,,,
599abb3ec12a20514b68,book,Doorstop,,,,,
f427d5d665bd12d0a21b,towel,Temporarily mopping small messes,,,,,
e7abc0b0895ba9c7e928,paperclip,Attach return address on envelope,,,,,
fc9544446e421de80d42,fork,"Hair pick for fine, soft textures",,,,,
cae4a312e72207b21b67,fork,Mixing paint colors,,,,,
7dbf22d906166de484d3,fork,Poking food to stir,,,,,
7bfdfb9eba8eaedd3f03,can,Hamster exercise wheel,,,,,
bec79802229cfec388b4,can,Hammer support,,,,,
9669fc8f942410cde39c,paperclip,Mark page numbers,,,,,
4f8fd9fca78cb2c53e1b,paperclip,Hold papers together,,,,,
01606989707eb486d82d,book,Plant marker,,,,,
86f9aed73329a5bd7262,paperclip,Plant support,,,,,
61f3f941319a83d3af75,fork,Puncturing balloons or soft containers for easy opening,,,,,
48c856322cc91a437d88,paperclip,Securing loose photographs into an album,,,,,
8d6bafb7a8af0f62f7da,can,Acting as a stress reliever by squeezing or mashing,,,,,
70668d7e4591402bd927,paperclip,Keep small objects organized,,,,,
5b087b32244c65387b2c,can,Markers in sports,,,,,
1832dc534ade6065aa82,towel,Cleaning computer keyboards,,,,,
ddc49d8459611408fe5e,book,Indicator for games,,,,,
eeb2fe39f3bf6d467a77,towel,Wringing out excess liquid from clothes,,,,,
2ca2c0fe652d416e4c14,book,Valentine's Day card decoration,,,,,
d6328a5a969cd5d61f68,fork,Supporting lightweight objects during transport,,,,,
ec5c803a5fe7662c6800,book,Plant pot,,,,,
e28d135d7ca36bf15a70,book,Fan decoration,,,,,
c0739280c52fc0f8429c,fork,Piercing food to check if it's done,,,,,
87c24ebf95800b057263,book,Firestarter,,,,,
275caa77f0af7f7f12e4,paperclip,Holding together a bundle of small objects,,,,,
4064926f1985d4603f32,book,Musical instrument (by tapping pages),,,,,
662a1e04b6c56ed6f857,book,Cover material for small projects,,,,,
433b6c7fef329cc3ebb6,towel,Cleaning glass surfaces,,,,,
3c4f65ed4a8e007c7bb7,paperclip,Securely fasten small items,,,,,
335c54fd3c3c113a2bb2,paperclip,Marking page numbers,,,,,
02e65d48aa31df1be208,paperclip,Securing notes to a wall,,,,,
57e78f158f55f71ef715,paperclip,Securing small objects in DIY crafts,,,,,
573dd5a87121074df369,can,As a template for crafting similar objects,,,,,
eab6fd42408c8c5e188c,book,Sketch pad for quick drawings or origami.,,,,,
ce10cb89bfcbfa91e90b,fork,Break_pieces_of_paper_into_smaller_pieces,,,,,
6bc6b3159063c973f9c7,can,Plant holder,,,,,
0b21a1fea9270c5d0d66,towel,Drying hands when hand dryers are unavailable,,,,,
04f88e370e4c1e53be2d,towel,Protecting hands while lifting heavy objects,,,,,
0f3aa5ee68f6bac4c072,paperclip,Lightweight counterweight for small objects,,,,,
42bf2390fba8f40b7048,paperclip,Looping for hanging items,,,,,
9c7308cf9658cc99242f,book,Leveling tool for small objects,,,,,
cd2ce5dad735da0feea8,can,Bookmark,,,,,
4cef6d9c89197c501d3d,book,Doorstop,,,,,
f4353bb4f20db032e3f3,fork,Marking one's place at a buffet or food station.,,,,,
664ca925d0ac955d63b9,fork,Churning small amounts of dough,,,,,
6c556b53f35060aa05b8,fork,Cutting soft foods,,,,,
46adb6fffbde7656e124,book,Bridge for connecting two loose items,,,,,
39fdbee5439cd920b385,towel,Mascara removal,,,,,
ec2200b71eab1ef09e2d,can,Defending oneself,,,,,
73384f9d805a9ce8d3dd,towel,Wiping condensed water from glasses,,,,,
82b67d2f6152a1320bda,book,Surface for writing,,,,,
9b25e2d6003ac3180a93,towel,Balancing heavy pots on the edge of a sink,,,,,
eaba2c0334ba74f44d68,towel,Wiping windows,,,,,
2a18db2a60d96f7620e1,fork,Measuring thin objects,,,,,
31c2ab9c76567ed7d542,book,Baseball bat,,,,,
aae04f9b464c339f9690,can,Cleaning grout lines in tiles,,,,,
b581d0b93fcb155d65e6,paperclip,Keep book pages in place,,,,,
d332a5070ac8e03b017c,book,Headrest while lying down,,,,,
4494649fe7f07108e99a,towel,Marking cutting boards,,,,,
5bfdb9dc5d958c6da9df,paperclip,Leveraging as a simple lever,,,,,
a63b339013de55ae77c2,paperclip,Creating a makeshift paper divider,,,,,
404c52003c52d606e9f0,fork,Opening tight bottle caps,,,,,
0ecc8d384f01d5976c34,paperclip,Securely fasten documents,,,,,
7ba12fa89860ba6eb65b,paperclip,Balancing small items in crafting,,,,,
a56aea679e2db637fb62,can,Decorating prop,,,,,
6e7495a18378cfb62d34,paperclip,Inventing simple paperclip puzzles and games,,,,,
a8b6bbcdcab81603419a,fork,"Piercing food for eating, in places without dining forks",,,,,
f3139729275b6a85db48,towel,Wiping hands in a pinch,,,,,
ac8244a7916f38d51e0c,book,Fan,,,,,
a35ec5ba4df526d1b064,paperclip,Fixing punctures in small fabric items,,,,,
7f701689925dc32cbe64,fork,Winding a clock,,,,,
bea8361eeb6b00f492d3,towel,Dusting furniture surfaces,,,,,
438c210829c753ab4310,can,Throwing as a toy or for entertainment,,,,,
3ce6ba849545c1e53087,towel,Wiping wet feet after rain,,,,,
467a33db9403886ba7c0,can,Knife rack,,,,,
cfd5928dd9fb9c3ff092,book,Toy for small children,,,,,
658827b9670488e1bd88,can,Using a cardboard can as a plant pot,,,,,
6e74b3e8950591a80b18,book,Decoration on a shelf,,,,,
dbc0707f8686ef3810c5,fork,Unjamming keys in locks,,,,,
224d6379a4eec77de698,book,Knocking items off a high shelf,,,,,
312a7a15cf3cbdcb2933,can,Weight for sewing,,,,,
5e58b789b0dad336976a,book,"Musical instrument (e.g., banging on hard covers)",,,,,
2c2f160a66f6ab1e07b0,fork,Opening tight containers,,,,,
21579c2ae1f711773040,book,Book to fan yourself,,,,,
040b0190911a9c0d1cfc,towel,Covering hot items to prevent burns,,,,,
204f1b9be3183226e81d,book,Polishing furniture edges,,,,,
9e9c7a4645d658c2518f,fork,Making small adjustments in tight spaces,,,,,
1312a782c8e7d0ce1acc,book,Toy for younger children,,,,,
5fae98ae811a89b28d2e,can,For stirring drinks,,,,,
339308dfd86d492dd756,paperclip,Fixing small tags or labels,,,,,
f1a1dd2e235447d83d0f,can,Easel for holding maps or documents,,,,,
5736744d8747cd9ba9b8,paperclip,Securing a safety pin in fabric,,,,,
37cdf1b048439733e982,can,Stabilizing a decanter on a shelf,,,,,
69c1ca697db68576789f,towel,Wiping hands,,,,,
7f11c29bcbd72844f9a6,towel,Polishing silverware,,,,,
463bf79ac3284df912ac,book,Toy for dogs,,,,,
8c62b457a2a60fd6ecea,towel,Absorbing sweat during exercise,,,,,
fa6bbabf7d6d4578489e,can,Using it to fan yourself on a hot day,,,,,
b4ae586eb76e057fc93b,fork,Piercing food for easier slicing,,,,,
d16c9b9c246202fbbf70,book,Doorstop,,,,,
6f212adfcdfa37a660ee,book,Weight,,,,,
868864e8d53e1cbaa553,paperclip,Temporary reinforcement for paper cuts,,,,,
58e90ca54a204e5550b1,can,敲打器,,,,,
2783fc93561550e9204e,paperclip,Tie ribbons loosely,,,,,
020d87bffe404e6e81ee,can,As a dice for board games,,,,,
b397a6e39e8afbd6f761,fork,Indicating turn in games,,,,,
1b63a0b528595b89f877,book,Book for small object storage,,,,,
e1b3709b50ea03207ad2,towel,Polishing silverware,,,,,
178508a58a1b0f4fbf00,book,Weight to flatten fabric,,,,,
6526b2ec32c04a5404f1,can,Chiseling small grooves or marks,,,,,
34200c61151d123d0842,towel,Wrapping a fragile item,,,,,
53af32197aa5dee04974,can,Cut to size as a custom frame,,,,,
471330fc3de2a3564217,fork,Opening jars,,,,,
b5c975f603b51e3e2b2e,can,As a small hammer for gentle tapping,,,,,
89f013ac30fca061bca0,fork,Marking pages in books,,,,,
916c1fc31d24e2eb4998,fork,Unscrewing bottle caps,,,,,
8a34a9c5a9375a6295cc,paperclip,Separate pages in a notebook,,,,,
afc46d3f935e0f763488,paperclip,Securing ribbons or strings in crafts,,,,,
d2ae1c325a8a14146dbd,paperclip,Creating a paper weight,,,,,
42e87d85c6d4c5089ff3,paperclip,Mark page numbers,,,,,
c7df8cff105d9c0138cf,book,Umbrella for small pets,,,,,
b839969b3adfbf1033eb,book,Sound amplifier by altering its shape,,,,,
8ddfb138a672f7ef8acc,towel,Dust surfaces,,,,,
b2a2a51297b29adfa5bc,paperclip,Measure small distances,,,,,
977e21fbb0b8f50f9c7f,paperclip,"Weighing down the edge of a delicate, unfolded paper",,,,,
d8f70e3f9c46c62c3c0f,towel,Blotting perspiration during exercise,,,,,
83d1b1f01a2b9a2a31d7,can,For wrapping or securing items,,,,,
8492e6ab7ddc64ed15b9,can,To hold miscellaneous small objects,,,,,
cc25b3a5f5aee5ad3a2b,can,作为应急灯的支撑,,,,,
6d7394d07ee13418aa7a,towel,Wiping windows,,,,,
1645ac9c60ef5e242204,paperclip,Marking pages in a notebook without damaging the bindings,,,,,
bc0e6e77f586d9d34baf,towel,Marking pages in books for easy reference,,,,,
5908fa1faa998fa14c40,paperclip,Securing loose receipts or tickets,,,,,
fc15eaf67ad833c61b5e,fork,Stirring small batches,,,,,
d366d2ea99b63d31ba71,towel,Dusting surfaces,,,,,
32cb8450fb7aabcf2219,towel,Wiping surfaces,,,,,
9d36dbdd9133838934be,book,Ceiling fan weight,,,,,
a8d3885bb0d552347652,towel,Polishing glasses and sunglasses,,,,,
d39e72231c942d3776ed,paperclip,Hanging small objects,,,,,
92c660408f1c34b3c5b6,fork,Scraping frosting off a cake,,,,,
0c46817189447f9a5c79,fork,Spreading soft substances,,,,,
d4e7aec684a063ef8c53,can,Tempo indicator during rhythmic activities.,,,,,
4ff6906d34e369f09044,paperclip,Hanging small items like photos or decorations,,,,,
2a720ba00be2c205485a,paperclip,Securing ribbons or tags on gifts,,,,,
476c16ac2cb195fe8cbc,paperclip,Primitive phone clip for keeping papers in place while on calls,,,,,
2c76b2a3f4f387981d56,towel,Dusting surfaces,,,,,
ae7248fcdaf537cc929d,paperclip,Secure business cards in presentations,,,,,
3d0addae3b39d4aa1b68,towel,Squeegying water from wet areas,,,,,
49ab2160463336d76539,towel,Hiding small personal items in pockets,,,,,
6bfe34f0b1aec6e40b9a,book,Fan,,,,,
8f436c35e260e0d53bc0,towel,Cleaning mirrors,,,,,
337bf3c4e7cf38e1b8af,paperclip,Creating bookmarks,,,,,
2324990fee3908d503ca,fork,Temporarily holding items in place,,,,,
d53da83d70e503e96a49,paperclip,Adjusting the tightness of elastic bands,,,,,
6592f2e6a91eb1a04675,book,Book as a fire starter,,,,,
6dd832b71c7ffb5834ca,book,Garden decoration,,,,,
2799d6652d9aeac454e1,towel,Scratching an itch on parts of the body,,,,,
7836553b0dc301e2d198,can,Marking pages in books,,,,,
ddb730cead31128365eb,can,Holding paper clips,,,,,
9fb8887b485472c3d77d,fork,Holding pages in books,,,,,
40c990bf79c5fb5caf74,book,Bookmark,,,,,
a0d1637990a0a4dc34e4,can,Sitting on while camping,,,,,
bd996b588d853b3742cc,fork,Cleaning out the corners of a food container,,,,,
dc3cd5e8e2b188204c54,fork,Marking pages in books without using bookmarks,,,,,
f14c968468821a6895ee,paperclip,Marking the place in a book,,,,,
5968e48c07a42e172509,paperclip,Paper separator,,,,,
3cacfbf51cd9be6dd898,book,Ink absorbent,,,,,
e40a71906590d2e78bc9,towel,Absorbing spills on countertops,,,,,
3543159abf8bb48ff318,towel,Cleaning computer screens,,,,,
746b6543735cd5248837,paperclip,Finger exerciser during breaks,,,,,
4e1510362a7477424427,paperclip,Fix broken zippers by making a stopper,,,,,
4db2eaaedb7ebd05a22e,book,Paperweight,,,,,
e7e097c933efa49c3d8b,towel,Wiping hands after washing,,,,,
807863436e0201a8e4d9,towel,Polishing metal fixtures,,,,,
2efe79f1c65c379574e0,fork,Tap out measurements for fabric,,,,,
88e3ef9e32a1a50a2d7c,can,Container for small items,,,,,
f25f3391f08d9ad40a87,paperclip,Marking pages in a book,,,,,
1fdbdd76b9d8d242db04,fork,Mixing small beads or seeds,,,,,
b5d385d4cb932e33cd51,fork,Removing small stickers,,,,,
080f347a7dadebfd0dea,towel,Absorbing spills,,,,,
8dde0a5e3fa2f6bd3a5b,book,Bookmark,,,,,
bc67aa989648ee5d4da6,paperclip,Attach labels to files or documents,,,,,
f8d0ec7e189a34e5e1e5,book,Fan,,,,,
bdfcf144b8b5bcf038a8,fork,Marking pages in books,,,,,
031169873af9eee5a5f0,can,To beat or mix ingredients in cooking,,,,,
6574268e191e27b1557f,paperclip,Decorate crafts,,,,,
7338b6bd13654013f5a1,paperclip,Invoking nostalgia in pop culture references,,,,,
36a22ae0b1a4ef31bda4,can,Covering small openings temporarily,,,,,
a161cf9877bb955e48fc,book,A plant pot,,,,,
c4bcd1f1a2d0a7d12544,can,Spear,,,,,
c0869250d822144e22f6,paperclip,Measuring small distances or gaps,,,,,
00db5705207a62e8e220,paperclip,Hanging lightweight items like keys or small bags,,,,,
e4656e47938dcc1858c8,paperclip,Marking locations in books,,,,,
32c195a49bacc9e25f94,book,Writing notes or highlights,,,,,
036b287bb3aeeb605819,fork,Dislodging jam from the jar lid,,,,,
68132db6fe4101174ec2,paperclip,Keeping the loops of tags apart,,,,,
38f69f4c2720c1d001e5,towel,Covering food to keep it warm,,,,,
a091109f3927ecc82ba2,can,As a weapon in acrobatic performances,,,,,
21eb45a505a5bd65e62a,towel,Wiping hands,,,,,
f8ddf000b798bd9fdd10,can,For defending oneself in combat,,,,,
4205fc58317f85852388,book,A temporary hook to hang miscellaneous objects,,,,,
55b00996a8bf2e91f073,paperclip,Creating a paper weight,,,,,
2fa54fc3b26495e34dac,can,For cleaning small crevices,,,,,
8fbc59d8a7c41d7b7526,can,Hammering small nails (with caution),,,,,
74e650022418fc96501a,fork,Cleaning small electronic parts,,,,,
4c5fa21878c52da40104,book,To prop up a window screen,,,,,
10ab4ce9982f15970589,towel,Wrapping gifts,,,,,
a7b4f6ceaef8dce8ee16,fork,Spike for embedding in wood or similar surfaces,,,,,
211c61ece173da643042,towel,Removing moisture from hair,,,,,
65f6dfc370739db19d0f,book,"Shifting small, lightweight objects",,,,,
15ef182e25c8bc8c57b5,can,Doorknocker,,,,,
92a852109c0f3cb803a9,towel,Removing makeup from hands,,,,,
87d10ea2df485158628f,can,As a tool to open compact bottles,,,,,
db956253800865a1b509,book,Weapon (in self-defense),,,,,
dd3b79bf5b139450349f,towel,Cleaning footwear mud stains,,,,,
0c121b59f059ee92c2f2,towel,Cleaning computer screens and monitors,,,,,
c023c86b09e560071434,book,"Books, especially older ones, can be used to create writing surfaces with charcoal.",,,,,
e643a7da185d0e8b29fa,book,Musical instrument (played by hitting),,,,,
cb7020fc651bf05b68d2,fork,Slicing soft materials like cheese or soap,,,,,
e685ae62b57c11c439ca,fork,Scraping food residue from dishes,,,,,
b02cf935b37ed713cd5b,can,Deflating balloons,,,,,
8ff3d384302ac49a2c15,paperclip,Temporarily attaching small decorations,,,,,
e3c3bd9723896d1b1d69,towel,Creating a personal space between seats on public transport,,,,,
5a457f1892e3594691ad,can,Seed planter,,,,,
b5dad796463077ef7150,can,Watering can for small plants,,,,,
62c5c8ac99898b1e8457,book,Bed wedge,,,,,
683013db1e3763dbc978,towel,Wiping feet,,,,,
8d021ea0af94724bbb25,fork,Emergency sewing needle if needed,,,,,
c93c01c942edb737307c,paperclip,Bookmark,,,,,
b1e906436b3d14158943,paperclip,Securing票据编号,,,,,
34462092fed83004e068,book,Fan for cooling smaller spaces,,,,,
238ff0b63c5415c30f58,book,Bookmarking pages in a magazine,,,,,
7e227b5701efa4d1ced5,paperclip,Securely fasten notes to whiteboards,,,,,
a80f0dea857c1e989f75,towel,Insulating hot surfaces when handling,,,,,
55421c80eca7b280efa6,book,Toy for small pets,,,,,
40530b5b8545d454ffe6,fork,Opening binge-worthy books for bookmarks,,,,,
dc98108f3e91b479c650,towel,Cover food to keep it warm,,,,,
a8246be7da37b3daca0c,book,Baseball bat,,,,,
6e22a55d0fd9ed94126b,towel,Cleaning computer screens and keyboards,,,,,
24d582220b44d4e0dc97,fork,Measuring short distances,,,,,
25de8e380a35731d1a9d,fork,Opening tight jars,,,,,
e66e43191d9a5136b53e,towel,Wringing out small amounts of liquid,,,,,
f5d6a6886d6ef554f16f,towel,Absorbing spills,,,,,
e2c92770351fde94e104,fork,Whipping hair into shape when necessary,,,,,
ea1437afe65db63c0153,fork,Marking pages in books,,,,,
8aac3242bf9296b1ee38,book,Kindling,,,,,
0709412340f2ac1648bb,towel,Covering spilled drinks to soak up liquid,,,,,
7c1d3a369b86126f207c,fork,Placing candles on a wobbly holder.,,,,,
343e3eb25ddfed5bf34a,can,Mixing concrete or plaster,,,,,
a7e9fa9b04751b405c62,paperclip,Connect loops in knitting,,,,,
362bdf38b1ab32b3199e,can,For stirring soups slowly,,,,,
19c6802c93f524303eb1,paperclip,Hiding small valuables in books,,,,,
a9a7bd615ca1d3dbc1a2,book,Musical instrument (when tapped or shaken),,,,,
b0f370ab59d3ddfe6e1c,fork,Making small holes in fabric,,,,,
9a32b64ac1fd36477f94,can,Bird feeder holder,,,,,
1ab8e6b679662d3d100d,fork,Wringing out sponges,,,,,
22a05c5dc2dd0640643c,paperclip,Stabilizing fan blades to open a closed fan,,,,,
84a99c2c288d44d04c57,fork,Swabbing sticky substances,,,,,
f61e0c3aaf477361aaa7,paperclip,Hold together a stack of thin papers.,,,,,
33de6e74b10528a3b91f,fork,Moving small objects across surfaces,,,,,
2e327d4b5d9a13182ecf,fork,Gripping small hardware items,,,,,
c0fe258ef6cafe3b0e4b,towel,Drying surfaces,,,,,
228b3d3860f3a7035828,towel,Absorbing sweat during exercise,,,,,
cea2654e9ada79136d3f,towel,Cleaning bicycle chains and derailleurs,,,,,
60ccb12892a7e5bcc810,towel,Reheat packing material.,,,,,
a22702f2d505679576f4,can,Can as a weight measurement,,,,,
bdcbd7460d013dac4efe,paperclip,Attach a note to a memo,,,,,
05f48fd3fe30e34396b7,book,Musical instrument (when turned to pages),,,,,
ca22b85539e2c83e984f,towel,Wiping muddy shoes and feet,,,,,
b223c60c24d882b8c5c9,paperclip,Hold papers together,,,,,
6a58a9f459631778219e,book,Bird feeder,,,,,
a9ba8abbb5a64c70ebcc,book,Ruler,,,,,
b71f2693c3854d1bc796,can,Bookmark with finger holes,,,,,
7336ea446fd3752512a7,fork,Moving objects in crafting projects,,,,,
5c442753aeca83ca081b,fork,Piercing food to test for doneness,,,,,
2e75aab67aea76391b03,can,Marking pages in a book,,,,,
bd1ec18e3b239eaff901,paperclip,Placing under a mousepad to secure it to a desk,,,,,
abf9bae188103e799bec,can,Support for plants,,,,,
1b754a4601114f74f2c9,towel,Absorbing墨水 from spilling,,,,,
3935233994cb2739aa85,towel,Polishing shoes,,,,,
5acd91c4a30f9427c45f,paperclip,Secure receipts in a stack,,,,,
b6ab0c97e0a8ea862ada,can,Weight bench for exercising,,,,,
5b2942b11c0053aeed0e,book,Collectible item,,,,,
f90ecf4d4a774a6d76f1,fork,Cleaning small electrical contacts,,,,,
874d5edad594b4eb01af,towel,Absorbing spills while camping,,,,,
deefb3c9b5bc402d758d,fork,Pricking balloons,,,,,
c729d0210593ed54f89b,paperclip,Creating paper fasteners for thin documents,,,,,
4cebd0497a22c2fdfa21,can,Marking heights on trees,,,,,
c37b1e4cbf943243c26f,paperclip,Measure small distances on paper,,,,,
28db75c0834bab157ac9,can,Insulator for fragile items,,,,,
cd59e6e4d67a67532989,paperclip,"Keep small objects together, like buttons or screws",,,,,
e8bf0c9973e19e0790a0,paperclip,Measuring small objects,,,,,
a2a5fb6a8e69dfe3770c,book,Musical instrument (when struck),,,,,
bd1ffefa8ad0a451b2bb,can,Wave maker for sensory activities,,,,,
f517ef01434ed36786ca,book,Stand for holding plants,,,,,
c7269b800a06ee64a859,book,Lunch companion,,,,,
b30b3eeca348b7c4e748,book,Scratching post for a cat,,,,,
eb4348afc07c58307cff,towel,Polishing silverware,,,,,
64ea3950abcf87708f09,can,Hammering soft nails,,,,,
0b8107f8e2dae05f3969,can,Waving to signal hello or goodbye,,,,,
bc87aa9e2dd408e13ffd,book,Toy for younger children,,,,,
34044396d297700451e7,book,Bash festive piñata,,,,,
462d732541084d2f7590,can,As a seat cushion for short periods,,,,,
e6639aa90fb8ba047014,can,Small trash can for disposing of odds and ends,,,,,
a7070466f77bf1219caa,fork,Playing musical tunes by scraping against teeth,,,,,
6ccd5b36beee5ae65da1,fork,Cleaning small parts or jewelry,,,,,
9a903bec13d1bf95b7df,towel,Polishing car windows,,,,,
2b5b338a52293908fccd,can,Serving as a small boat for models,,,,,
6355bc5aa67b5a57b5a5,fork,Piercing fabric for threading,,,,,
8a162df4db4c924051e0,paperclip,Measuring small distances or gaps,,,,,
5326aa46ccec0afb4235,book,Using as a paperweight for documents,,,,,
91a68e886e73a91dab2a,book,Toy for small children,,,,,
b07180db231fce1d3c37,fork,Holding down pushpins,,,,,
aba9f96aa482a91c0fad,can,Hammer thin nails,,,,,
40f67b9d1e696f380db6,book,Firestarter,,,,,
64f09acc9bbd32cad470,paperclip,Placing items in alphabetical order,,,,,
34a8f80afad9085227cd,can,Handing objects in labs,,,,,
c96764f51534cba65eb6,book,Container for jewelry or small trinkets,,,,,
72300532768f182aea88,can,As a weight in camping for food or clothing.,,,,,
4f1e776ac551f27d3a15,paperclip,Indicating a jump in a document,,,,,
ed196adcf6e016fe9564,fork,Open tightly sealed jars.,,,,,
160977f6c205ea16a665,towel,Hold small items,,,,,
cf21c9d62562f4f5f858,can,Slightly enlarging gaps for insertion,,,,,
3fdf1e5fa83ed7f2a18b,paperclip,Seal envelopes,,,,,
5d45eb788ffcb8d836c6,towel,Removing makeup,,,,,
407e329c6ae180ea154d,towel,Binding small packages,,,,,
551d82c9e1def139c07d,can,Using as a makeshift hammer,,,,,
3ceaa45502326f74f3eb,paperclip,Separate sections in a notebook,,,,,
a0595b066c2255ba3256,fork,Removing small insects from food,,,,,
3efbf6e36bbe1f22958e,fork,Constructing small objects with toothpicks,,,,,
ca165e0a861ccdf95bfb,towel,Tying up hair,,,,,
985969312878051eec8c,book,Light reflector,,,,,
57fb4fbbb51cd2ac18b9,book,Bookmark,,,,,
c78edab3416fda94c64b,paperclip,Creating bookmarks for magazines,,,,,
b373b9859b97b51e14e5,can,Wielding in a pretend sword fight,,,,,
ee0de0058c41dea25bf3,can,To cover a hole in a wall or floor,,,,,
fdec40237e6c9b78874c,towel,Cleaning electronics,,,,,
464613f0bbc945ef53d0,towel,Absorbing spills,,,,,
52c1e87b032ff9f4876e,can,Holder for small tools,,,,,
72ef8c792c232073626a,paperclip,Securing notes to a memo pad,,,,,
efb60a9d040ba500cfd5,fork,Holding pages together in books,,,,,
9b5191fb4d3f4e88f1b3,fork,Testing temperature of foods by touching them to a tongue safely,,,,,
80ce913cd1a4b27d572f,paperclip,Holding together cloths in a craft project,,,,,
7d2c782af0a8bb2d69f5,can,Carrying small items,,,,,
ed809923025123c725bf,paperclip,Support a small plant pot,,,,,
428e6953bf56c1cc21d9,book,Toy for children to role play as knights or characters,,,,,
bd37a9d402d7aa7f6795,fork,Holding papers or light objects,,,,,
266a8f7f6005bc3f06f2,paperclip,Attach labels to objects,,,,,
ce31e1ee1cafa442bbd7,book,As a doorstop,,,,,
7e73dfd02b65cd549d8d,can,Opening jars,,,,,
c4c284db0bc1502ef27b,towel,Catching spilled liquids,,,,,
57fb903629f96e545d45,can,Door stopper,,,,,
486b9b670e358dabfa9d,fork,Disturbing a troublesome itch,,,,,
2157f0fa5828975bc732,paperclip,Attached to notes for reminders,,,,,
e23827a1f0c55f1fd3ab,fork,Opening tight lids on jars,,,,,
bb15669e8fc5aa377bf1,fork,Serving small items of food,,,,,
c07a2c19ef3980f92ec7,book,Hat,,,,,
dc60c8d6614d0232a859,paperclip,Marking the place while reading a magazine,,,,,
66f0a9602946e768eddd,book,Weapon in a pinch,,,,,
175b85bb4f9b6500d7e9,book,Toy for younger children,,,,,
de32500729307eef621e,towel,Removing makeup,,,,,
37571f0660cdbe9df66e,towel,Making crude bandages,,,,,
71dac1a7d23351194e24,book,Musical instrument when struck,,,,,
0f804535f7a6b29e8d1d,towel,Polishing shoes for a bright shine,,,,,
5fd7f710c43db254749f,towel,Starting a small fire,,,,,
fd7e2271f2b899ce4180,can,Support for drying plants,,,,,
86fa15c5c351bd1cf50e,fork,"Point of measurement for spacing, like in embroidery",,,,,
875854a2a98d85277511,book,Fishing weight,,,,,
b88bab90f0f9cd3c2636,paperclip,Organize buttons in a container,,,,,
16dc28857d5c66d50613,towel,Scrubbing dishes,,,,,
57daa6f41cd001db053a,book,Toy for a small child,,,,,
c058e236ff3609fdda4c,fork,Opening packages lined with plastic,,,,,
a6e2df56f63ecc408077,fork,Polishing jewelry by buffing and shaping edges,,,,,
3d94e61fe79687e4b9a7,book,Paperweight,,,,,
ed5d314ed1a1e972c7d7,can,Easel for holding reference materials while drawing,,,,,
02ef47a8c6cc330b3e37,can,Can to keep loose change,,,,,
7d3f1e01315449bd4e8b,book,Decorative object in a room,,,,,
416a13ef78c57a264b98,book,Surface for writing,,,,,
80e3516525b5dc8399f2,paperclip,Keep jewelry organized,,,,,
4b848646c94e7381f8cc,towel,Protecting clothes from scratches when moving furniture,,,,,
10d1ce2c13c5a1193f8d,towel,Refolding to use as a face mask during minor cleaning tasks,,,,,
1f16a7641cefb1b9cea1,towel,Polishing glasses,,,,,
6c5def89c6e0598ad79b,towel,Wrapping gifts for a casual look,,,,,
1e00213b64a46949dbd3,can,For leaning against while standing in line,,,,,
17933d34ed2bb9399ffe,can,Stool for sitting,,,,,
01c913171c16fe637bbe,fork,Scratching itchy spots,,,,,
fd5c4e5cbd6c9ae1332c,fork,Collecting insects for observation,,,,,
969e8d8340a79893d45f,can,Scrap metal frame for art installation,,,,,
a205ebcf18dce20e43d0,paperclip,Hold pages together in a binder,,,,,
9d8c97404a6d813ab920,can,Can as a footrest or leg support,,,,,
36e2957a0fda8ac0d631,book,Firestarter,,,,,
fff7a4deeb37c26da643,towel,Cleaning glass surfaces,,,,,
8c0428d3feb1897a80c8,book,Paperweight,,,,,
be3c9674f397e6273f40,towel,Polishing metal fixtures,,,,,
9f894f78087f9c997964,towel,Sweeping small messes,,,,,
7553dcc60f017691ee41,towel,Hanging plants,,,,,
7b1a177cc45fbd03569e,can,Weapon in self-defense,,,,,
201e9f59fde0c745ae74,fork,Gently probing soft soil for examining bugs,,,,,
5079f5d3a2685c3cbda9,can,Emergency whistle,,,,,
bac4bdc8cbef854f0fab,paperclip,As a paperweight for lighter stacks,,,,,
750ea2fe072bc502ba54,paperclip,Keeping fabric samples organized,,,,,
1175dcfeb0d753c4cd47,towel,Wiping bicycle chain,,,,,
0815fe0af45cc243d527,towel,Polishing shoes,,,,,
feaec56656031bdb6a74,fork,Marking soft surfaces with grooves.,,,,,
44c748e89978c6eade9e,book,Lens to focus sunlight,,,,,
3204626c3296f7432faf,can,Beverage coaster,,,,,
013c1b6c5850a5d20ccd,book,Breakfast plate,,,,,
7463de8e54911338f2de,book,Doorstop,,,,,
fbf86f5351169f86e6f6,fork,Fish out items from drawers,,,,,
5282907850f1b56866af,can,Poker deck container,,,,,
ce76799000850c4dc963,towel,Wiping oil stains from tools,,,,,
ccc534c3412609d3335e,fork,Peeling small items,,,,,
bb614ed9702c85d282de,book,Decoration,,,,,
8b9fdbf45cb6f61d12f8,towel,Protecting surfaces when moving furniture,,,,,
47ca559644acbeb669c8,can,As a basic tool in survival situations,,,,,
1bc8c22f6dc3d2f59e67,book,Door stop,,,,,
65a14c943a2212a3892d,can,As a stopper for a jar,,,,,
b5d71f0c9b1870bdfa75,book,Signage,,,,,
11798565f6c235633cf6,paperclip,Attach labels or tags,,,,,
63619a005079a67cdcdc,fork,Preening feathers while seated on a chair with a forked backrest.,,,,,
757f69fa245e686795db,towel,Covering food while cooking,,,,,
4d16aede86b0f5237e02,can,"Toy for pets, like hamsters.",,,,,
af0f79aa77c857e381f3,can,Child's toy for throwing or catching,,,,,
61a3b2151c6186dd2863,towel,Cleaning computer keyboards and screens,,,,,
cea32759ede9b20d79c0,book,Decoration,,,,,
7f5bb25cc6d812f8fb3b,towel,Holding small items together,,,,,
fdc63cbd5cb06e24dff7,paperclip,Securely fasten loose documents,,,,,
9aedf49334a8c3692e99,towel,Cooling off a hot cup of coffee,,,,,
dd79e2fc3fcee9dcc812,fork,Opening tight lids,,,,,
fc9de71dbd66454676d7,book,Plant pot,,,,,
41aa5726ec927220d56a,book,Marker,,,,,
cbed305d33961908f22a,paperclip,Lift light objects temporarily,,,,,
ba7838ec3f4c721b8965,can,Stirring small fires in a fireplace,,,,,
363d6bf6df9955cd438d,can,Container for holding small objects,,,,,
a3cd942e35f4899a351f,fork,清洁水槽或下水道时导引小物件,,,,,
410fe56d7bb9afa5906a,book,Desktop paperweight,,,,,
537fafd1d9f02dc92ad7,towel,Wipe electronic screens,,,,,
500a546c1f4071f108d6,paperclip,Stabilizing the corners of printed documents,,,,,
00feb0c6739616cde56b,book,A striking object in playful combat,,,,,
9747edc141d73f6a260e,can,Insulated holder for beverages,,,,,
f0a6ed43d64f556916da,paperclip,Bookmarking pages,,,,,
4c0bcbf37f75d369e92b,book,Signage,,,,,
13dd2799f6fb600ae287,can,For opening jars,,,,,
88e3b8ad954291a3842b,can,In team-building exercises for problem-solving tasks,,,,,
3d0ca72fa93e5381a51c,book,Nap mat,,,,,
387959003cecb0271dfa,book,Cricket bat,,,,,
8792ade8912a0a186191,book,Bonfire tinder,,,,,
302640e249af4e029646,fork,Opening tight packaging.,,,,,
a86bc50ebcb9cf9df886,fork,Pry open containers,,,,,
910df5ad6f96380f362a,can,Functioning as a signal device when shaken,,,,,
353a6f087ede69715b0c,paperclip,As a simple paper-cutting tool,,,,,
d29f1caec265c7231f69,book,Fan,,,,,
170c2eeae805bb526e80,paperclip,Holding together ribbons during ribbon crafting projects,,,,,
0030f267b22a92f4645c,paperclip,Hold pages together in binders,,,,,
8187210561caf49a4fdd,paperclip,Creating简易夹持工具，用于组装小巧物品,,,,,
d0698c656cd08c072175,towel,Mopping floors,,,,,
9c627d8405644c1cd3e2,paperclip,Holding up plants in indoor gardening to straighten stems,,,,,
a441c1ba8cba8a6fc4c9,book,Rwipe,,,,,
bd7090622cb4eaa7de6d,fork,Unjamming a stuck key in a lock,,,,,
95d19ed74f467d1259ee,fork,Scraping small surfaces,,,,,
8cc4e89b91811476aa3c,paperclip,Organizing desk items,,,,,
cf64caacb11d660d59bc,can,Planting small seeds and seedlings,,,,,
7c0168d96f9de237324b,paperclip,Serving as a small stand,,,,,
ac89a79406559cbb30f6,book,Paperweight,,,,,
8f51dab4d059841c6951,fork,Combing hair (lightly),,,,,
b66c88eca8c7a12acc16,book,Surface to write or draw on,,,,,
b822ba2c88a7d216d073,fork,Turning pages in a book,,,,,
a7205db3a7af7507eb96,book,Bookmark,,,,,
64a208351b44cf795466,can,Cutting tape,,,,,
d299b1318b1dc9f9551b,can,Employed in hunting as a makeshift weapon,,,,,
6eedecd449d1e1b447fe,paperclip,Lift or move thin objects,,,,,
243e0fee0ead40ee030a,towel,Absorbing ink stains,,,,,
894aea803ea19cc32b0c,fork,Skimming water to clear pathways,,,,,
42058cad674741cb52ad,paperclip,Attach labels to objects,,,,,
d5d90931a4dc555848ce,fork,Opening tightly sealed containers,,,,,
aeeb4ef56ca5aec28152,towel,Drying hands after washing,,,,,
6bd25f14800e9ca5ea44,fork,Holding papers together,,,,,
48dfbd39292fec9c0343,can,For storing spare keys,,,,,
f8a39796770cd8963bba,can,Serving as a pillow,,,,,
9807b4a6cbd90137ee50,fork,Breaking a small object into pieces,,,,,
f0a74511b3ad4c87ef8d,can,As a card holder,,,,,
bfeabba8c72d506914f0,fork,Fishing ice out of a drink,,,,,
14ad55d8cdc320c5bc33,fork,Holding glasses,,,,,
270ef29e33b8315e986f,fork,Holding up fish while cleaning,,,,,
365188c3c473be264076,paperclip,Minor homemade paper sculpture base,,,,,
631e2c56a20ee7ec6bc3,towel,Wiping counters,,,,,
7fbe4deed4e8dfab772d,book,Firestarter,,,,,
ac36ce60547e4039b801,can,Hairbrush,,,,,
05acb3f725026e159b20,paperclip,Bracelet or neck ornament,,,,,
47fa93a250ee7c5e6386,book,Door stopper,,,,,
b4900657a3d7706f1247,paperclip,Holding together sheets of transparent film,,,,,
b69dfe33b533d42c6443,towel,Dusting furniture,,,,,
2ba449dcc5c7864bec99,fork,Truth-telling game toy.,,,,,
d52d809af3323051851f,book,Book as a bookmark,,,,,
0edc76063de784dd43c2,fork,隔离物或分隔器,,,,,
418980b0284df526486b,can,For polishing soft metals,,,,,
a882a7a8951f927b0510,fork,Opening jars,,,,,
1d2f4040632164be1b6e,fork,Carrying cold drinks,,,,,
c876151de152e92f9b97,book,Door stop,,,,,
02adffe11de90033ce16,paperclip,Suction cup stand aid,,,,,
e47a8880758a9120759b,paperclip,Flagging important pages in a book,,,,,
d08f8a4ddd8ebf604138,book,Fan,,,,,
74b6ba2ff0c649f443d9,can,Marking boundaries (as a temporary sign),,,,,
cb6b073fd4b53e738ca6,paperclip,Place as a decoration,,,,,
97c50f48812f2ddb4666,fork,Stabilizing small parts during assembly,,,,,
0641b4006375f3bbd2b6,fork,Fray-stopping on textiles,,,,,
7dd00e9e0214200e2139,can,Tapping objects gently,,,,,
ab3b92d666cb4f4a5c93,can,Edge protectant for boxes,,,,,
b90c6ffce451ff5c9637,paperclip,Serve as简易别针使用替代品,,,,,
59ecd113e5f5bc0a875a,paperclip,Securing loose receipts or tickets,,,,,
b3a75a84d818c75bbd56,towel,Dusting furniture,,,,,
b26e350ef844f46d427b,paperclip,Hold papers together,,,,,
82d170c9275e768c3d15,towel,Plugging gaps in doors for insulation,,,,,
9c19f1b5e2d1d377198d,book,Paperweight,,,,,
4713d3f77c99d11887a4,fork,Twirling hair,,,,,
5177c6472a3c2a6332db,towel,Loosening stuck tabs or packaging,,,,,
bf645281f3a37b910c97,can,To relieve stress by squeezing,,,,,
223b212647cbd16add6c,towel,Scoop cats,,,,,
710280c383eefc2e7e01,can,Opening bottles,,,,,
49df0079a4d88413953b,can,Break small glass items,,,,,
dc46f3ac040f13a98fe2,can,Weight for a drawing pendulum,,,,,
0ec770dba2d41e7dc551,book,Toy for a pet dog,,,,,
7f0faa3419dcd30f143f,fork,Stabilizing items during crafts,,,,,
b75c5acfa314bc89d41a,paperclip,Create simple paperclip sculptures or crafts,,,,,
eb84685dd17bd37e8805,fork,Cleaning gaps in shoes,,,,,
07e7db568490c5b3acd3,fork,"Fishing for small, loose objects",,,,,
f15e9cef328731bd6c23,book,Abookmark for the TV guide,,,,,
b3183bf46a53e1fd1d46,towel,Blotting tears,,,,,
5862141239055374431e,fork,Squeezing out condiments from pumps,,,,,
082b9a9305b506edf033,towel,Placing a hot plate,,,,,
253e55082ffd4f9bb8e4,fork,Scratch posts or furniture,,,,,
55ca1d559b62b5e80c8b,fork,Holding pages while reading,,,,,
650b5305ac34b1490f64,paperclip,As a weight for a paper design,,,,,
43b114c3ab66f36e6930,paperclip,Connect small metal parts,,,,,
8b169633a6a993e95ced,paperclip,Reinforcing the end of a torn piece of paper,,,,,
4f60d17218f6b99f728c,paperclip,Holding down the tongue while eating spaghetti,,,,,
d91aab5ad8c3b0e3335d,paperclip,Marking the place in a book,,,,,
18033be26fe7be44e197,can,Hammering nails by wedging between two points,,,,,
75efa38bd51eb5dfa19e,towel,Opening jars,,,,,
2c255a9371c59b1bcbed,book,Clicker for dogs,,,,,
e4e24e5b2eb8d1cad1dd,towel,Covering hot surfaces,,,,,
101b589d92802f6bcc50,fork,Opening stuck jars,,,,,
6571d1fd7816847970c4,book,Weight for pressing flowers,,,,,
d52c46456018586b8e84,paperclip,Making simple paper bookmarks,,,,,
d4566e24f93077fdc8aa,towel,Absorbing spills on the floor,,,,,
f38556bf91262ea479f1,book,Conversation starter at social gatherings,,,,,
5be3d97bfe21f512af67,book,Building material in a pinch,,,,,
6242a10a0cc7fcb7eb82,towel,Cleaning electronic screens,,,,,
bf1b9d6174f940ca7592,fork,Fish out items from narrow containers,,,,,
ba82315a8950d1db6782,towel,Starting a small signal fire for signaling for help,,,,,
eef3e111b01260dc118a,can,Toy,,,,,
4306d4b8a105284deca6,towel,Cleaning computer screens,,,,,
7ab321daf212eab8d509,book,Decorative plant holder,,,,,
624813b7e20900496da9,book,A weight to hold down papers,,,,,
4fb5b3f7d6d9a966bb54,towel,Polishing glass surfaces,,,,,
45d8874ad9929ef98707,can,Cap for a small container,,,,,
698fa585fb99a5f602c5,towel,Absorbing excess oil from skin,,,,,
e16d5ba32be9ce65f29e,paperclip,Measure small distances,,,,,
cdb4f7ae0a89e0009b9e,towel,Polishing a motorcycle's chrome parts,,,,,
56a4831c53d99aed87bc,towel,Covering eyes during showers,,,,,
2baeab78d344e93720ba,can,As a small pot,,,,,
2c113b91f5a597b006ad,towel,Dust off shelves and surfaces,,,,,
4fc925607bff115987a9,fork,Separating strands of hair,,,,,
e56ad2a95148b8502ffc,fork,Measuring small distances or gaps,,,,,
488efa06697315bdef99,book,Magnet holder,,,,,
e78d764e7240c644d9e3,book,Bookmark,,,,,
9c303c1a79361301e3c0,towel,Loosening dirt when gardening,,,,,
7bfba5c70e52ac807bc9,fork,Braiding hair or other light materials,,,,,
a0814b000c671ddb4798,fork,Piercing food,,,,,
afc1ec1c946a0131f076,can,To hold Oreos,,,,,
028081e14f9f4bd0f37c,can,Insulating hot surfaces,,,,,
daff93fa6e26206bc72a,paperclip,Creating small hooks to hang keys,,,,,
47e134350fa96d829167,fork,Used as a weapon in martial arts,,,,,
d6f8cdf5043d85f8e3b4,paperclip,Hanging plants from blinds,,,,,
4c66e038a211d512b8d6,towel,Wringing out water,,,,,
0f119506a85ea992f6b7,can,Hammering small nails or tacks,,,,,
90affa2d755a4167cf88,fork,Auxiliary tool for fishing,,,,,
03416ef161e8418121d4,paperclip,Marking important passages in documents or books,,,,,
5df73bfb1f08799e8bbd,paperclip,Holding together book bookmarks,,,,,
ad407c418c20165085ea,book,Temporary blindfold,,,,,
44266716ac6fe6944ab7,book,Bedtime companion,,,,,
bb3ce8c8acab1c334244,book,As a launcher for small objects in children's games,,,,,
329756b095c5e0c01cb6,paperclip,Straightening bent paper fasteners,,,,,
f08167c2b166afc5487b,book,Firestarter,,,,,
271af9c0daf0895ec1fb,paperclip,Hold together craft supplies,,,,,
b051edffd91a9beebb0e,paperclip,Marking items as important,,,,,
053c49ed52e2ea4a22c7,towel,Scratch pad for notes,,,,,
d1f726821bcbad33281c,fork,Leveraging edges to pry open containers,,,,,
b0fd2d1fa20aee20b5f5,towel,Cleaning spills,,,,,
85971686231474a2d15d,paperclip,Hold sheets of paper together,,,,,
cd216d91a4ae41dc9230,paperclip,Holding pages together in a binder,,,,,
c3b6217da1f595b407d9,fork,Flattening swollen cans for recycling,,,,,
8118770792b7e2f47100,fork,Cutting tough bread,,,,,
7e424de3cc2f24e3d55c,fork,Holding drinks in place for close inspections.,,,,,
5dc97c7b58fcdcc669b7,towel,Covering hot objects,,,,,
0523810e987d48aac101,paperclip,Threading fabric and sewing,,,,,
0812e2a55b2208d2aa1e,towel,Cleaning a pet's paws after a walk,,,,,
57d8a976e609e0313428,can,Signal flare,,,,,
782760cb7baa20618244,can,Used for blocking or stopping in sports and games,,,,,
a98e5ba65f7af896f8a1,towel,Cleaning small spills,,,,,
bbb1bd19e5dc0a845779,paperclip,Hold small props in place for crafting,,,,,
a6fde2860640783a9df6,fork,Thanksgiving turkey carving assist,,,,,
8bcf5184afa3b5d439cd,towel,Wrapping gifts,,,,,
b1d787a2acdae3ce7545,fork,Opening packages by prying,,,,,
4fef0f7b2f5a422d60f2,paperclip,Attach labels to boxes,,,,,
312f3fcae0ab8927dfce,paperclip,Keep menus folded,,,,,
387012f584d77c688918,book,Punching bag,,,,,
931ce2bb54dd9277b7cb,paperclip,Opening tin cans,,,,,
cc45acb9759152e14c19,book,Firestarter,,,,,
9015caf9d7dee546c042,fork,Holding pages open in a book,,,,,
0b77a0257d1dc28e4ad3,fork,Indicating turn signals while camping (by placing on the tent),,,,,
f6d2f054d0a7d2f4f66c,can,Paint container,,,,,
801381ef0f155b7b274a,fork,Opening tight jars,,,,,
f64e1ec5db1ad1fa0fa7,book,Container for holding small items,,,,,
40d66614ba869fe34286,towel,Dusting objects,,,,,
dc016946960906288da6,paperclip,Marking page numbers,,,,,
b3dd57811cb143eff3bd,fork,Holding papers together,,,,,
efab09ff80d0d4e96aa1,can,Supporting lightweight bird feeders,,,,,
8fde9244cc039bd97ca9,book,Sculpture or art piece,,,,,
5bd3e6fd6b4f0566b41a,towel,Absorbing spills on floors,,,,,
f810fd3e03f1b6031d3b,paperclip,Placing small objects in pockets,,,,,
bf27bd86b5f28a3c12d8,paperclip,Creating paper weights,,,,,
54f417285d0dd5021793,fork,Spacing plants when gardening,,,,,
34a1791aaea659819632,fork,Holding objects while applying glue or adhesive,,,,,
4db77f7bd14b72a7d32c,paperclip,Securing post-it notes,,,,,
f9f0e0add004d711c7bc,towel,Ridding shoes of mud before cleaning,,,,,
52d43c132cc9efed6628,book,Door stop,,,,,
7e0f7945ebd971e7b923,can,Carrying groceries,,,,,
0202f0bbfa2b991f7c14,towel,Covering a bowl to keep in warmth,,,,,
41d1452cf2110554734b,fork,Opening tight lids on jars,,,,,
003070d0de45c5c5a224,towel,Creating temporary air freshener by folding and touching to skin,,,,,
486eb23b8aad361fa9ec,can,Hanging plant pot,,,,,
778727a2de262a70984b,fork,Straightening pins,,,,,
8ded6832431c5ecd11a2,paperclip,Fasten post-it notes,,,,,
8cff42c7b6988245179f,paperclip,Marking tool locations in manuals,,,,,
dbd406136695b00fb4af,can,As a small container for loose coins,,,,,
05ef106eff578ec61174,can,Canister for storing miscellaneous small items,,,,,
e33dea6bbd0864c02da4,book,Musical instrument (like a xylophone),,,,,
55a5c1e304bfcd441bc4,fork,Whittling small sticks,,,,,
37bb9d88d97a4540bb73,fork,Cleaning small objects,,,,,
e8a9640e6a33dc4f8aca,towel,Wiping car windows,,,,,
e890c3018390982c3cec,towel,making a simple shield for protection,,,,,
f4e1c28e71c18c6b2e80,towel,Dusting surfaces,,,,,
cff88ec83b0cb767a75f,can,Opening tightly sealed containers,,,,,
a8d5b042bb37b63d4b7a,fork,Creating patterns on wood or metal with denting tools,,,,,
4563fab7d3a778bea727,paperclip,Temporary handle for small tools or gadgets,,,,,
f38683e797c07c0ba883,fork,Fishing out small objects from spilled containers,,,,,
06f1db9313d2c0e39a97,towel,Wiping muddy shoes before entering,,,,,
89cd19c8cbcec5213652,towel,Polishing shoes,,,,,
1750e3b622fa7e247395,can,Folio divider,,,,,
ab256e4d8dcaef3c8a12,can,Toy,,,,,
c922fec1dfdbf6ce3bd3,fork,Tapping gently on surfaces to check for solidness,,,,,
acee928945b5e42246fa,towel,Wrapping gifts,,,,,
ffe52652df0b8c7dac99,can,Temporarily hanging clothes to dry,,,,,
a091bb85113ead6f603b,can,For making music by clapping or tapping with another object,,,,,
8da121b1ca8870561c9b,fork,Creating patterns in ice cubes for drinks,,,,,
85ae01c9807f193e812d,fork,Unjamming keys in locks (as a last resort),,,,,
e99e985e503a5ae448d9,can,Shaking loose soil from roots,,,,,
c995c718a93324c453e7,fork,Opening tight jar lids,,,,,
ba934c9acc82c6553d4d,towel,Drying glasses,,,,,
3a35871aedb88cc1a32d,paperclip,Holding pages together in a folder,,,,,
f8911a61f4d13884a42d,paperclip,Attach tags to items for storage or sale,,,,,
cfc12ca2e7299ae3236e,towel,Wiping hands,,,,,
9014c12c77a40dc3d836,towel,Insulating plants from cold drafts,,,,,
34155f7515ddc6649434,book,Wall decoration,,,,,
3104fd6d293167c910ba,paperclip,Holding pages together in a stack,,,,,
ef46932293fd607808eb,paperclip,Creating hair clips,,,,,
68649c4a5c22566ab800,paperclip,Design simple paper clips,,,,,
1a00bc2c2c3175d918af,book,Magnet attractor,,,,,
3a3e340b31587f469be1,book,Door stop,,,,,
b39a43fe6cfa0ec3dc56,fork,Holding pages in books,,,,,
8b78647cde545f420266,can,opener for canned foods,,,,,
330a2a1d81157ccb8166,can,Serving as a tool rest,,,,,
e69f3b10300d3c25f659,book,Musical drum,,,,,
8c190979c983565513fa,can,Weight to anchor a tent stake,,,,,
f722533a1e4a117d4a41,book,Paperweight,,,,,
579d1d005e59ac9ccf51,can,Support for holding paper,,,,,
fbf7ac861fb86cc5ae38,can,Hammering small nails,,,,,
a549ca6665fcca6cf3b6,paperclip,Creating bookmarks,,,,,
982455c53074b89c2f08,book,Doorstop,,,,,
bcd37c342f1d9175bb08,towel,Cleaning minor stains on skin,,,,,
df2cb71dee18a633215c,fork,Spacing items out evenly,,,,,
b247b6e21feea46c5a0e,towel,Marking fabric during sewing,,,,,
a730cfb3ffb66d304cd4,towel,Dusting furniture,,,,,
7211c3b80688d25f8622,can,Tactical weapon in close combat scenarios,,,,,
c9a3bfeef1e4b7faa2a1,paperclip,Securely fasten envelopes,,,,,
49c6270a4ed0fb12314e,can,Thruster for small model rockets,,,,,
f159b991f88b7a466347,book,As a doorstop,,,,,
a41da259b4b8f221928a,paperclip,Holding pages together in a makeshift binder,,,,,
fae0d4b85a2e4a5a3488,fork,Pointing direction or indicating something,,,,,
425ee562b0eba5cfccac,book,Thermometer when no other tool is available,,,,,
4267663523d57fd83172,towel,Dusting surfaces,,,,,
4d8bcfb17acee7a34dde,book,Fishing lure weight,,,,,
91f0cc6729363dfec3e8,towel,Covering hot dishes,,,,,
5308cc0939e9a3db7ae1,book,Musical instrument (when hollow),,,,,
a6e9e7ca4d2c9803070a,can,Storing loose nails or screws,,,,,
b58fe51a2e9847a1afbe,can,Boating oar,,,,,
5f1688d186ee71318ed8,fork,Holding place settings,,,,,
da3b9f011f3b90306435,towel,Cleaning screens,,,,,
a9494e9dcb0669bc2a8e,book,Book for marking pages,,,,,
060441c7d53186bb0d79,book,Weapon for self-defense (in certain situations),,,,,
9c7883edf608075be419,book,Surface for writing or drawing,,,,,
665335fc38157a01c708,paperclip,Enforcing folds in paper crafts,,,,,
aeef5f5f24fac2b06fc4,fork,Opening tight jar lids,,,,,
ae70ac550b070f94c81d,book,Doorstop,,,,,
e79136fa745a8630ec3f,fork,Fan for cooling smaller spaces,,,,,
cf575916399662c8f1de,can,Appliance for shaking cocktails,,,,,
c408d589d96ab7ee46fe,can,Container for holding small objects,,,,,
2b225cc59864cd3288ae,towel,Wiping facial sweat,,,,,
374aae3baa39a98cde48,towel,Clean muddy boots,,,,,
27280c95495f1d52ac26,paperclip,Wrap small items for mailing,,,,,
3e635827339dcd400811,paperclip,Pressing flowers,,,,,
9d7a2b2a3019ef67732d,towel,Polishing car surfaces,,,,,
b2ba353c94523e8c41d0,towel,Layering under a tablecloth,,,,,
957aa45e453a892e7134,paperclip,Temporarily attaching small items,,,,,
1decbb9dbb9291b813b8,fork,Poke holes in soft foods,,,,,
fe58d94c5e98ab3d0687,can,Banging on a table for attention,,,,,
506067d060b75d9d6e28,book,Doorstop,,,,,
8a0cffaaef2c1d5c19fc,fork,Allowing liquids to flow from a bottle,,,,,
bd53442660a30e07ce21,fork,Parting hair,,,,,
d40b52b0fd97067e5460,book,Weight to press flowers,,,,,
8b128ba534ac5252ed7c,towel,Polishing glasses and mirrors,,,,,
449b79d8fa75dc5c654d,can,Hammer handle extension,,,,,
a68cde33ca8f6f21fad5,paperclip,Indicating priorities or status on documents,,,,,
aaaa30bb633054d9ceb7,paperclip,Create a clapper for a bell,,,,,
2b815d70ef872d39c509,fork,Helping small children climb into bed,,,,,
6ba6d27963c41a9bae01,towel,Clean a computer keyboard,,,,,
51d3fda1b75111af8640,towel,Wiping faces,,,,,
6974f64918000ac41b1f,paperclip,Holding documents together,,,,,
845f7ac8fd95aa551777,paperclip,Aligning small parts during crafting,,,,,
d8a67cd04c1849647c14,can,Can as a makeshift tablet holder,,,,,
b2b4a3a541b8b9e22e5a,can,Can to drain water from muddy boots,,,,,
416ee77230dd77ee8d3c,can,Striking a match to light a candle,,,,,
81150ec5d7dc817d1ae2,towel,Holding small items together,,,,,
617b8f1ce8a1296902b0,paperclip,Hold sheets of paper together,,,,,
0e46fb650d4f97584bc0,paperclip,Mark position on fabric,,,,,
d4c4c6994608512c8e06,towel,Scrubbing dishes,,,,,
3979eaa71fc81c4a4ee9,paperclip,Fixing a broken pen clip,,,,,
7acaa5733fa32d2b212d,book,Dinner plate (for soups),,,,,
29c837070b5a36fe3bc6,fork,Creating a barrier to keep insects away,,,,,
e7ae304c3aaedfba4956,fork,Assisting in applying glue,,,,,
aa33643fbf3212389169,can,As a holder for business cards,,,,,
8b4e052b8a52a70eb0b4,book,Compost addition,,,,,
b3d4c984b9208d209211,can,Used to weigh down a tent corner in windy conditions,,,,,
910d7b69b25928e3af13,paperclip,Holding pages together in a stack,,,,,
2ea0410e0f140b557a08,towel,Wiping a car window before applying polish,,,,,
820e31eeeb843058657e,towel,Plucking small unwanted hairs,,,,,
3478027efcbd2c7c215d,fork,Moving small objects in workbenches,,,,,
1b438779ffe487357d45,paperclip,Fasten edges of papers,,,,,
c8bf6e961ddcbb597228,towel,Cleaning greasy hands after cooking,,,,,
61eb4a3beac2c5c0f687,book,Weight to press flowers,,,,,
60370169521a40a1b06d,paperclip,Creating a simple paperweight,,,,,
e06510bef6095da4a637,can,Decorating it with paint and hanging it as art,,,,,
c812fc08a853224b9594,fork,Maze obstacle,,,,,
1373c5b5c3bd5531f02c,fork,As a makeshift needle for embroidery,,,,,
fb5dd194464b1b8a7cea,book,Mirror for reflecting light,,,,,
6137ee3715ba8f5f7844,can,"Striking small, soft objects",,,,,
5fb78ad8ff328f1b9aa7,paperclip,Making simple paper origami aids,,,,,
120fd0156d9495445f42,towel,Blocking drafts,,,,,
902956ac7aa2228954b5,towel,Insulating hot items,,,,,
5866f8e4fe13114ae9ed,book,Seat cushion,,,,,
785b135fa8a1b32e3e00,book,Fashion accessory,,,,,
49c3b1a9b53a17c77129,fork,Holding papers together,,,,,
5793864bcf8eed2b7614,paperclip,Hold sheets of paper together,,,,,
50ba2fe93c2e98e51016,paperclip,Create simple origami shapes,,,,,
37f8d9c2204347bc0fc1,fork,Tapping piano keys with a metallic sound,,,,,
3f181e594b75d42384b1,can,As a temporary pointer during presentations,,,,,
3e7eb7064b356d2ecd05,book,Window cleaner,,,,,
84c71ee934f14097e3d6,towel,Using as a makeshift barrier,,,,,
60c31b88819169be13d2,book,Doorstop,,,,,
3a70ccbe1a54635308ca,paperclip,Creating a paper weight,,,,,
30dd162bb538031831cf,fork,Twirling hair,,,,,
663494aedfa1ef8328ef,fork,Holding objects together,,,,,
fe1b0382fdd883f0dfb6,towel,Hanging plants indoors for humidity,,,,,
8fbdce5330d9815fcec5,book,Paperweight,,,,,
113783a036adf4d79239,paperclip,Reinforce the corner of a business card,,,,,
6248b7a474de162f7a5b,book,Compost addition,,,,,
e1416ac2cf52276c5b65,book,Covering sharp edges,,,,,
fc8662acdf4b714214ff,paperclip,Keep business cards organized,,,,,
f4ca545cdd3281b4ae7d,book,Toy,,,,,
f443a392a7715e2f112f,paperclip,Cleaning small electronic components,,,,,
8fdffaefde14f8ff84f9,paperclip,Attach notes to items.,,,,,
dc1ef6fe83477093659d,paperclip,Scratch pad for quick notes,,,,,
38d0f8bbfd7d70882370,paperclip,Mark page numbers,,,,,
b11626b822a542baf546,towel,Wiping facial cream off hands,,,,,
d89b5b86a8777d4e6264,book,Toy for dogs,,,,,
7d03ac1dad451c9698f4,can,Can to sort and keep screws,,,,,
a9c340060c9ec02a53a2,fork,Tap lightly on surfaces,,,,,
6504844b2478d979373f,towel,Wiping a bicycle chain after cleaning,,,,,
4c06411976b7ef5a0ae1,paperclip,Hold paper together,,,,,
6d01e4b7fdc12c85e9a0,can,Tally marker for counting.,,,,,
06c6b301234c077625e4,book,Skateboard,,,,,
c8990cea917af9163f9b,book,An impromptu weapon in a pinch,,,,,
f146bcd6d49edc7e2ba3,fork,Polishing small metal surfaces,,,,,
060ed0b01bf4651f98b5,fork,Mini shovel for gardening,,,,,
dd98cfadca6d482b71a2,fork,Holding papers together,,,,,
3187b7e27add2124d7b4,book,Firestarter,,,,,
71b122306fef0a6a16d7,paperclip,Attaching small objects to documents,,,,,
a23bf0f9f98f97b3c431,fork,Marking specific pieces on a board game,,,,,
dd53e655d44deff2f544,fork,Removing seeds from fruits or vegetables,,,,,
8657cd2d9b42051b1e17,fork,Removing small pests or insects,,,,,
42bf7e87446d8198e584,fork,Agitating dust particles,,,,,
4714020b7d782bdf32a7,towel,Dabbing汗水 from the forehead,,,,,
ca871bf53429f36cba0c,fork,Prying apart thin materials,,,,,
add7d9a55b98c6146365,book,Toy for children,,,,,
3dacbf163aa6b2f0c6d4,book,Weapon,,,,,
f1e5894f9af90d9d938a,fork,Opening tight jars,,,,,
4ab81037fe602c0caebe,paperclip,Marking bookmarks in a book,,,,,
10585eccc86806cd2c6a,fork,Separating thin layers of material,,,,,
95397dac3d1a602705f8,towel,Polishing silverware,,,,,
31a3019b98b1f029e8c0,fork,Fishing with makeshift tackle,,,,,
90f533d3951105cca142,can,Surface for resting plant pots.,,,,,
27b60348d49f4fdd427d,book,An object in artistic installations,,,,,
561d7b4e3f7748d1f87d,paperclip,Notating document versions,,,,,
9006c80ca9b5ebb520d3,book,Elevation for a pet bed,,,,,
bcec9f02ecc30703aadb,fork,Moving small objects across surfaces,,,,,
27cfb1083449fb56f69e,can,Cut open and used as a makeshift resting seat while camping,,,,,
7b4c627182c2222a095d,can,Thrilled friend's birthday hat,,,,,
d2a820b06bc057383267,towel,Wiping feet,,,,,
e8bd8695fffb86c5afbc,book,Doorstop,,,,,
de8a17d218ab12ab5e3c,book,Toy for infants,,,,,
6fc8c88b2fdf1a4fb33f,paperclip,Marking the place in a book,,,,,
e04724e2e3bfff08ef98,paperclip,Holding sheets of paper together,,,,,
2cfbd2fe92695dff7341,fork,Twirling hair,,,,,
75d8daf456155ef339c7,paperclip,Marking pages in closed books,,,,,
c20fdb9075c8cf12edba,towel,Opening jars,,,,,
b2d37b0e434dbcacb11d,fork,Cleaning small lenses,,,,,
8c1c857019493c6e3fe0,can,Can as a container for paint,,,,,
cb7ec0be5b35483eacda,can,Base for outdoor planters,,,,,
e0f069878b780fa146f1,book,Fan,,,,,
862be907b8fafb02ee76,towel,Pretending to be a scarf in cosplay,,,,,
fcc4ac581d1a0bd21859,book,Bookmark,,,,,
fdc3737df86fa755fdbd,towel,Wiping dry surfaces,,,,,
5ab37868146fdf528cbd,towel,Blotting spills on tables,,,,,
c59165d7b38f9026268a,can,Bird feeder,,,,,
7109e3c76858450fe63c,book,Weight to press flowers,,,,,
e288f0e3c5345fabb682,towel,Wiping a messy face,,,,,
1dc54f68a92c56919e68,paperclip,Opening bottle caps,,,,,
fb292cc1dff597510cb0,can,Breaking it to access contents inside,,,,,
67aa013c8cb6723d3990,towel,Absorbing spills on kitchen counters,,,,,
6886932579405c40bc5b,towel,Polishing car interiors,,,,,
571083df5249ea8381e8,book,Paperweight,,,,,
c46fb90a4de26eaf5522,towel,Wiping feet,,,,,
c3d8a50aff8e8661530f,fork,Mixing ingredients in a bowl,,,,,
d6261077bc6b8345cda8,paperclip,Fixing fall leaves in a display,,,,,
4bd7d718f10df65ed998,can,As a makeshift barrier,,,,,
bd4cee1d30259bd70067,towel,Curating homemade ice cubes by wrapping them during freezing,,,,,
14d01d67f55f62e3a641,towel,Cleaning spectacles,,,,,
9dd5c6201c262776eee2,can,Stand for drying twigs or herbs,,,,,
ae72e49d12802d9e744f,can,Gadgets in DIY crafting projects,,,,,
aa798732e29d9dd30ece,towel,Wiping a table,,,,,
093da6e4f9cbd226c1cf,fork,Mixing small amounts of food across dishes,,,,,
9ecd6ecc87ae0258ba07,can,Using as a toy for pets,,,,,
d2b6f99251d2c8a3ad89,can,As a seat for small objects,,,,,
5a1cc393703df809d473,paperclip,Hold papers together,,,,,
a1f843c4c93f90fa9584,paperclip,Temporarily connecting paper signs together,,,,,
73b577b45770b2d110ca,book,Paperweight,,,,,
d58df8e25cf2deaf10b8,can,Tool to break small objects,,,,,
c4bc76df59eea830e5df,towel,Polishing silverware,,,,,
d881f1fda1baef022f50,towel,Covering hot food,,,,,
b6717aa1587491781dc7,can,Marking heavy books,,,,,
5afa8e591a5b618c0535,can,Sealing packets of herbs or spices,,,,,
2adce34049747463013f,paperclip,Marking pages in books,,,,,
89f16785eec6d62ebc3a,paperclip,Keep pages from a book from falling out,,,,,
769ea6b70814c0d2ab98,towel,Wiping hands,,,,,
56f350cdbc7192a1084f,fork,Scratching itchy spots,,,,,
4c2843cdf2f3b54d71ee,fork,Opening packaging or cans by prying,,,,,
544e26a6a71eed1df8fd,towel,Plugging gaps,,,,,
d5ccba541917c1a15d0a,towel,Polishing silverware,,,,,
f2cc0c216ec2f60b6658,fork,Pricking and separating delicate fabrics,,,,,
8c4442a5b1e303813be3,paperclip,Securely attach small papers to a larger one,,,,,
6ae531864f8e60bc808d,book,Natural lip exfoliate,,,,,
a11266b73794ce82ab44,fork,Cleaning small spaces in packing cubes,,,,,
412e9d89296125983225,can,As a makeshift support,,,,,
b500e0588a46df2da511,can,Forshimming under uneven surfaces.,,,,,
6c5e3a546a7a5127b3f7,towel,Wiping hands,,,,,
3f6407a3407e7ed10ece,can,Contain small objects,,,,,
bf92536d37284639fb26,paperclip,Fix a lost button on clothing,,,,,
3e1fbfeba712a5113849,paperclip,As a paper separator,,,,,
30220140b307092b8fd2,paperclip,Temporarily attaching labels to objects,,,,,
a8a7ec889e8587070931,towel,Creating a slug barrier in gardens,,,,,
3a1d5fa6cdc22b7ca0a0,can,Nametag holder at conferences,,,,,
18c2c964898b337a5795,paperclip,Creating simple hooks for hanging items,,,,,
9ef15c7aa196f02d0f76,fork,Styling hair,,,,,
2f3d80461b06e338bdfc,paperclip,Temporary reinforcement for makeshift paper structures,,,,,
62ec92d524eaf2288842,fork,Plugging small leaks by wedging in cracks,,,,,
bb1e28ba2a7ad34e512b,towel,Creating pre-made bandages for first aid,,,,,
c04584e9be501410d775,paperclip,Creating ring shapes for jewelry,,,,,
41be5a3b6e546820af11,paperclip,Keep corners of papers from fraying,,,,,
961ca846091a630933b2,fork,Sticking notes to a board,,,,,
251dfdfaaa5eb692ee12,book,Book as a toy for pets,,,,,
bcd3bc686fe218a0e3d4,can,Using the material for wrapping gifts,,,,,
5d652a3871e033b0af24,book,As a doorstop,,,,,
ba1256f23d91a4c84e85,towel,Gripping slippery items,,,,,
71c3fc38b9699f5a5b25,book,A decorative piece,,,,,
8589d7f1d1d1335f7c98,fork,Supporting broken picture frames,,,,,
11c5296474107d35153f,fork,Removing thread from织物中的缝线,,,,,
292bd8d124ecd8a0692c,towel,Wrapping gifts,,,,,
d4c6e2d75298ffbeb861,can,"First aid item (e.g., tourniquet)",,,,,
e35482bb7b0ba1965ba7,fork,Winding a clock,,,,,
a01436e8c1393132c5c5,towel,Holding up plants for better drainage,,,,,
8241c3565da69e0556a3,towel,Starting campfires,,,,,
7df2ff08bade799f3edb,fork,Piercing food,,,,,
f7629965d366396c30f6,towel,Absorbing condensation from glasses,,,,,
6d2b4f9f42f335034467,book,Doorstop,,,,,
d02e8bf91b071bdde348,book,A makeshift doorstop,,,,,
0c08d310d6777fa8a2ee,fork,Removing seeds from plants,,,,,
7f8995df5c35c397c6b9,book,Schedule planner,,,,,
17297cbb31536eba54ef,can,Shelving for small tools,,,,,
d247ec215d6114b02935,fork,Prying open sticks or other thin materials,,,,,
838f03f3abfa536a1292,book,A tool for knocking off loose pages or dust,,,,,
86c682638c2064c264cd,towel,Stabilizing plants in small containers,,,,,
feb0168ca591a48b7913,towel,Dusting furniture,,,,,
19bbb8c5456c602c336b,book,Paperweight,,,,,
4610871b421740697b60,fork,Skimming liquid surface,,,,,
f5ccc4e7ebb671bf82dd,towel,Cleaning hands before meals,,,,,
9292b6623a11c15f4ac8,paperclip,Securing safety pins or other pins in place,,,,,
cbf5eec477b60a9686c5,paperclip,Indicating importance or urgency on documents,,,,,
1808b008c3f9af1bc1f0,book,Paperweight,,,,,
5d39e0b0aa880b8b787c,paperclip,Making basic paper airplane wings,,,,,
518c4629ff97feea0bbf,fork,Mixing paint colors for custom shades,,,,,
097e426609c04858396f,fork,Straightening needle threads,,,,,
f536c73008e170a25cf5,book,Toy for pets,,,,,
eb2145cfc790ee1ec6fb,can,Hammering nails into soft surfaces,,,,,
c33392fa8ed78d1d2435,fork,Opening tight jar lids,,,,,
07ab878768eb2374fff3,paperclip,Keep pages in a folder apart,,,,,
368d7592f92683d43c7c,paperclip,Wrapping small gifts,,,,,
1241d4900a3bc8f22406,paperclip,Making simple paper crafts,,,,,
c1fd2247ba0c788cc096,can,Raiser for kitchen counters,,,,,
6ff22fd8ee0f0f532f2a,fork,Stirring powdered substances,,,,,
b0c4e475c8c0ba843d0a,fork,Marking pages in books,,,,,
1caa386bdd41867e64d2,fork,Stirring mud or sticky substances.,,,,,
e54efd30b6b42cca0c47,can,Handle for makeshift pulley,,,,,
3d548912cf25cf550997,towel,Drying glasses and mugs,,,,,
e9de351db64ff7c90315,can,"To hold small, loose items.",,,,,
af1f0358ae394b2b572f,can,Banner placard,,,,,
ecff82dc17db5d09c87d,paperclip,Marking page numbers discreetly,,,,,
1045fd34fb3cadd346f8,book,A bookend to hold up rows of books,,,,,
869d8366c0a0bb8e1e19,can,Dice cup for tabletop gaming,,,,,
23920286f0ef5a094432,paperclip,Marking the place in a book,,,,,
7af50fc57e4cd348042e,can,As a makeshift support,,,,,
31b489a4703eee796871,fork,Cleaning small tech components,,,,,
4dc65551cafebb640143,book,Paperweight,,,,,
72e806793bb88836faaf,can,Serving as a makeshift shovel,,,,,
b09c9cea1fad2a40cf80,book,To press flowers and leaves flat,,,,,
73ed6640b427aa9df956,book,Paperweight,,,,,
fb4250bf7b18b4da7cce,fork,Holding small objects while assembling things,,,,,
5e20eccd6f15ce6cd816,book,Surface for writing on with charcoal,,,,,
05e5d7857b2ccfe95bb3,fork,Holding items like papers or photos,,,,,
8e20a216f330f4fc4b6b,book,A tool to hold metal parts together,,,,,
6564dc6d8ea6a9c51a57,paperclip,Acting as简易机关模型的辅助结构,,,,,
0c5756080620ce16e129,paperclip,Securing notes to a poster,,,,,
f24a2f51b1de419d5890,book,Toy for pets,,,,,
9af2900ad144dc2b55cd,towel,Absorbing ink stains from clothing,,,,,
d7f0da1d1744f83858ae,towel,Wiping hands after washing,,,,,
069489d4ab0363b49794,can,Surface for small sandwiches,,,,,
051eefeefe1913ae42ed,paperclip,Moving small flat objects,,,,,
593160b44b84ef8e2613,can,Stand for small plants,,,,,
d4662c699efa22ee2b27,can,To mark your place in a book,,,,,
98a63ba883b898618fc0,fork,Holding tools in place while working on small projects,,,,,
0a92df3f2c8401175577,can,Smashing ripe tomatoes for sauce,,,,,
8f7e58698c7cd9c97bcc,towel,Wiping dogs or other pets after bath,,,,,
18ce0aff950ce4ec86c0,fork,Spreading butter or jam on bread,,,,,
602dbbfabc517a1d074b,can,Checking the depth of water,,,,,
1d523ca33d7f55dc0925,can,Weapon,,,,,
b16c05c15a114cc614f6,fork,Temporarily holding small items together,,,,,
04464c1f3a507638ab5d,book,Musical instrument (can be tapped or knocked),,,,,
6bb11ab7d11bbc4a23fd,towel,Wiping hands on public transport,,,,,
51265b01ab4b50bbbbbe,paperclip,Securing documents in a folder,,,,,
b7575a9f24f24406bac5,fork,Moving heavy objects with handles,,,,,
378c71f248cddedda1d7,towel,Removing makeup,,,,,
60550b1c9ca2b5f0d4a5,book,Boat oar in shallow water,,,,,
a96c365097885e627129,paperclip,Holding papers together,,,,,
7d98362dbc64eeff119e,paperclip,Serve as a paper weight,,,,,
6469448dfb6ec08d3b80,paperclip,Creating custom bead jewelry,,,,,
2a33f4050efaa57f2b42,can,在学校作为笔筒或小物品的收纳工具,,,,,
b66f0b7d6cf2f319429c,paperclip,Mark place in a book or magazine,,,,,
c00ba69f398e2973a957,can,As a paperweight,,,,,
7a172dd4ab5d6dad7a37,book,Random number generator for a dice-less game,,,,,
7e8127da3c9f45903e64,can,Hammering aid for small nails,,,,,
7c69c9090f4c6ae5bb63,paperclip,Hold tickets or receipts together,,,,,
46222bb4def77db5fd06,can,In crafting as a tool for shaping materials,,,,,
8d19495c382b306dff17,towel,Cleaning shoes,,,,,
8f975b22a7fd40eff48e,paperclip,Keep a fold from coming apart,,,,,
05e8b5dc8f7abc782980,book,"Musical instrument (e.g., clapper)",,,,,
c0564acd845aa96548a3,towel,Absorbing spills on countertops,,,,,
f54c8ad11dbdb0d184bd,fork,Polishing small metal objects,,,,,
69f7591c69e04abb41f1,paperclip,Attach post-it notes to surfaces,,,,,
f354d88fef8971036f9a,paperclip,Leveraging as a simple paper clipper,,,,,
ad71dbe2f6f35e25cb12,book,Hook for hanging keys,,,,,
776537d823ddeb1a7de9,towel,Removing makeup from hands,,,,,
8a914463f76069653c90,can,Creating a signal fire for rescue when lit,,,,,
1ef45cb908e788d826df,paperclip,Secure business cards in a stack,,,,,
f9f8b9050e4b2a6935c5,can,Hammering small nails into tight spaces,,,,,
ae2679d1ef56b08299a3,towel,Plugging gaps under doors for insulation.,,,,,
2eae4852f6b8cddc0b9d,book,Doorstop,,,,,
024df38c0663d944b26f,towel,Scrubbing fruits and vegetables,,,,,
07fa5e89cef838e7cae9,fork,Opening tight lids on containers,,,,,
3681f8ec10da87618635,can,Entertain pets,,,,,
e4d57d8057898ec1e0cf,fork,Adjust small components in devices,,,,,
25a2f2c376fe46f9b1ae,book,Toy for pets,,,,,
2483b453aa1358901274,book,Fishing lure,,,,,
70d7bfb736b87b62d7fb,can,Stabilizing a book on edge,,,,,
4d8eaa8d805b48967b7e,can,Holding small objects while painting,,,,,
1a489314a7773470a7ee,towel,Polishing silverware,,,,,
d5bc54a822ecf13e02a3,towel,Cleaning computer screens and monitors,,,,,
4f543e866b465506c8d6,towel,Starting campfire with dried tinder,,,,,
c4f4847026709cac7e51,book,Leveling tool,,,,,
31647b5658c9a22742b8,paperclip,Hanging herbs in a kitchen,,,,,
4975d84122034eab12ed,book,Ingredient in some arts and crafts projects,,,,,
077c1808aac2a011ccf5,fork,Moving objects in a drawer to make space.,,,,,
363024ddb35178bebe79,towel,Wiping windows and mirrors,,,,,
a1d5d0ddbaf12d729bc7,paperclip,Zipper puller,,,,,
3b5e16101dbeb3cddf8a,can,Toy for children's play,,,,,
4293add70423fcbd1941,can,Opening jars or cans,,,,,
68bd5dcf7d5ccb0ab882,fork,Opening jar lids,,,,,
c17fb7c9e46a36f133a0,can,For tapping plants to check if they are firm,,,,,
ef1041c587d88dbe4204,can,Can as a fishing lure bobber,,,,,
6a46c77288e77839e28d,book,Weight to hold down papers,,,,,
5aa8dd2a7c0b26986c40,book,Doorstop,,,,,
9d621193068d8fdefdf9,paperclip,Hold post-it notes together,,,,,
1bd01b769daef398404e,towel,Wringing out excess water from fruits or vegetables,,,,,
fb93c981076c0ddce094,paperclip,Reinforcing the binding of loose-leaf paper,,,,,
f7d203cbf692fa3cfcc8,book,Table leg stabilizer,,,,,
164b34c173fe1d116389,fork,Edging small plants or gardening,,,,,
87b3ec23334c843fbabc,can,Leaning against as support,,,,,
d9a113c9f16a6135ae49,book,Fire starter,,,,,
5024fb0a48fb06b2580d,paperclip,Separate coins in a piggy bank,,,,,
387fa8cc33d7500b2e43,can,As a pendulum bob,,,,,
6b29763dcb0e5d363164,book,Signage,,,,,
c04b6c967884f9b40976,towel,Temporarily fixing buttons or zippers,,,,,
877644b064181b60db26,book,Musical instrument,,,,,
5e9756e47b189fc6bf34,can,Musical instrument for shaking sounds,,,,,
496eed85a10af428a6d0,fork,Holding and turning small objects during crafts,,,,,
1129a9907f34d535b12c,book,Hammer,,,,,
02c49d3f45751381d4c5,fork,Hammers lightly by providing a surface to strike against,,,,,
b7ee077ba78c248f7659,paperclip,Decorating gift wrapping,,,,,
57d32ca1e730181605c9,fork,Lifting heavy objects temporarily,,,,,
0464b267577d016a5f70,fork,Holding food steady while cutting,,,,,
031d7fd66ad867696c08,fork,Holding items while gluing or taping,,,,,
3bfda098821adc358e36,towel,Wiping hands without a basin,,,,,
a12b3484bda7a26b7d87,paperclip,Holding together cable bundles,,,,,
84244674ee654c89a778,paperclip,Indicating questions in surveys or forms,,,,,
454704707a3a97838d70,paperclip,Mark the place in a book,,,,,
7328c0e0ee5f1c7070dd,fork,Straightening bent wires,,,,,
39b3e63d20e8724e3dc4,fork,Opening tight jars or bottles,,,,,
a73f171dee0138553c1c,can,作为临时座椅,,,,,
86c6e1a90ce9cbafbd99,can,Thrust objects,,,,,
04b644ef3228ab317b73,fork,Holding pieces while gluing,,,,,
1c69ce7decc77afe7e2e,fork,Piercing food for disposal,,,,,
694bd30092f42021a28b,can,Marking boundaries,,,,,
a15dff0e001de9a6e899,paperclip,Marking vertical positions,,,,,
c9379b9216f1d575e742,can,As a tool for opening tight jars.,,,,,
f8f84cce4a3d67bff1f9,book,Shield from small animals,,,,,
18eff044e18e6648f7ae,paperclip,Securely fasten thin fabric,,,,,
33862a4363194195777c,fork,Displaying jewelry on a table,,,,,
d8144f2280b6f078ae70,fork,Holding objects together temporarily,,,,,
7bf90003fa5b360a0065,fork,Polishing shoes,,,,,
f1a67aae76dea5b40cca,can,Providing temporary shade or shelter,,,,,
47081a9e73af4b2ba8a6,towel,Dusting off small electronics,,,,,
11857f0afa474401c8e3,towel,Holding outdoor gear together in a backpack,,,,,
0d4ece50fc881e2b04d1,towel,Wiping faces,,,,,
923186dba71cc66d1def,towel,Wiping facial sweat,,,,,
11ae204bfa0f59e4af20,book,Nap cushion,,,,,
a28d015b537f4eae6f0d,book,A guide for meditation and spiritual practices,,,,,
47782a1673cd3871dc24,can,Hammering small nails with force,,,,,
f4cdc53c836dda137cd1,book,Stool or footrest,,,,,
cd4f25eead9d361ef1cb,book,Writing surface for rough drafts,,,,,
c7c284d64520e2995642,can,Signal flare,,,,,
1c5dc3315c3a9e4032f1,can,Hammering aid under a nail,,,,,
933df9639914f89b8f7f,fork,Straightening thin wires,,,,,
aa1132b2d42070186ff6,can,Cover for bowls or plates,,,,,
a4e8935b5eabda0fddc8,towel,Protect clothing from stains,,,,,
ae8bb560b1d879846ac8,can,Hairbrush,,,,,
d8bcb05cc2daba8e8c0e,can,Vessel for holding a small amount of liquid,,,,,
aa871cb3e0f1ffa4c487,paperclip,Hold receipts together,,,,,
cabba3d3baf02ed7ab5a,can,用来固定物品,,,,,
3f39a27f4629abe45233,fork,Creating air compression by pushing against water,,,,,
bdbb3c9e4ee07900d347,fork,Separating wires or threads,,,,,
eeef2d8ba9d6ef6ef527,book,Tool for self-defense,,,,,
85da17dcb5395fa91f62,book,Ingredient in firestarter,,,,,
eb4f14737299f5cb64ac,towel,Polishing shoes,,,,,
d5bf1255c7e4b0194ef9,fork,Pick up small particles.,,,,,
7baa856675ba8f49b556,towel,Cleaning teeth,,,,,
f588be48a78aea51aaa1,can,Hammer handle extension,,,,,
b96e0f50922791c2987e,book,Toy for pets,,,,,
a0454b372d13c78c87c4,paperclip,Holding together loose wires or cables,,,,,
2a9914033f86bf50b5e4,can,Collecting small screws or fasteners,,,,,
b5edb70709a2c0abb336,book,A flash diffuser for photography,,,,,
1438cf8fa9bf1566611d,fork,Keeping bugs away by waving it around gently,,,,,
747efc4002cecdd66055,fork,Serving as a reference point or indicator,,,,,
4366de7ed95b3168b015,book,Shield in a pinch,,,,,
3a275bf948cd66873384,towel,Clean shoes,,,,,
627dee49a1858c41642a,can,Can as a plant marker,,,,,
6b4bd1bcd03c023d5a6c,book,Firestarter,,,,,
6fbbb4d00a741fa2b45d,book,Scavenger hunt clue,,,,,
597e6641f95a492bac73,can,Writing instrument holder,,,,,
9dafaa9fea1e832b6e1a,paperclip,Plastering small items to a document,,,,,
5aaacf2066ea9886e89c,book,Fan,,,,,
90699fa4847ba07ede2e,can,Hammering aid when opening cans,,,,,
a89455eeae88a76873c6,can,Store items temporarily,,,,,
5b000ea12db37bff39f0,can,Hammering ice cubes,,,,,
4640acbc469ed339d0c9,paperclip,Temporarily connect small metal parts,,,,,
41e778bcac6d104ea823,can,Keeping documents organized by pinning them,,,,,
aad347a1ae45a47442f8,paperclip,Bind notes for studying,,,,,
dfb37e758015ee0ac218,fork,"Moving small objects, like nuts or screws",,,,,
b145039a08ae26c47326,paperclip,As a small weight for drawings,,,,,
39b0d9d58fac58d05f4f,fork,Opening package wraps,,,,,
1090302f47f12e8d510b,fork,Tightening loose screws by prying,,,,,
d80af3ec355fc50a4216,can,As a swing for hanging plants in a basket,,,,,
9cfdd41474dafc8fd0fd,can,Support for hanging plants,,,,,
f21a76ed938202dd8eec,towel,Drying hands,,,,,
fb19ebea5e17803f2f74,fork,Mixing small amounts of paint,,,,,
908888ee7c7d6e7456c9,book,Ice cream scoop for scooping soft-serve.,,,,,
110e446536e49dea313e,towel,Scoring pizza,,,,,
729a885e9b52040488f1,paperclip,Mark item order,,,,,
88e51702b319871499a0,paperclip,Measuring small lengths or distances,,,,,
360e063bfe56835b123a,paperclip,Hanging plants,,,,,
574773c872d7f621e868,towel,Drying a pet,,,,,
2f7916e7054cdaa0872a,paperclip,Securing place cards for a party,,,,,
345d91a3f7b57b7860e9,fork,Pressing little buttons and switches,,,,,
fcc9fc8859d2fa6ed061,towel,Opening jelly jars,,,,,
98f04d802a184b174e95,towel,Starting small fires (emergency),,,,,
11c9bf8f4ed8c425736e,book,Fish lure,,,,,
99f15765085776787ee6,towel,Touching up makeup,,,,,
3c50249e64fef7ee0e2a,paperclip,Marking corners of pages,,,,,
373c7fa7b36a3d792844,towel,Stabilizing loose bathroom tiles,,,,,
cfa6ae9583abd4e0e137,can,Foundation for small sculptures,,,,,
a3e4aba9de248fa6d6e0,towel,Emergency bandage (in a pinch),,,,,
bf87d25d1ed995beaaeb,towel,Squeeze water out of plants,,,,,
2b57e8fcf4390ee30d71,towel,Making emergency bandages,,,,,
95cefc3c305e515ed311,paperclip,Securely fasten safety pins,,,,,
59da8524f5f396e6438b,paperclip,Create simple paperweights,,,,,
57f23c4a74fe6a53331d,can,Using it to keep food warm,,,,,
4ab6d46cbc2d3932d04b,towel,Wiping hands,,,,,
cf409a691871b230ff44,fork,Open envelopes,,,,,
f5e44f92a77d1cd13472,paperclip,Tether small items like safety pins,,,,,
bc0b669a916802d71695,towel,Cleaning pet paws,,,,,
71c7fef770e6616108b4,book,Paperweight,,,,,
cc99982ba67fd31401f2,towel,Sniffing bread for freshness,,,,,
8161a6bf51ad827b0bef,fork,Opening tight jars,,,,,
1f4f88535088ccecf9dc,can,Hammering the can to flatten small metal sheets,,,,,
f8d58f56cb4491d3160a,paperclip,Bridging small gaps,,,,,
c7a40ab8538bdd751e2b,book,Surface for writing,,,,,
39986b433f4be24eaeb9,can,Holding frame for clothes when drying,,,,,
5504fa252df04cfd0b5a,fork,Removing small nails or tacks,,,,,
35fea24491648f7eaf0a,can,Hammer to tap objects gently,,,,,
dc4964daaf49227d7672,book,Candidate for recycling,,,,,
58fdf87138bb475d2b0f,book,Doorstop,,,,,
7eb2e30dff6f9afb48f9,paperclip,Securing small items in a notebook,,,,,
c4e78e871043a17ab2b0,book,Toy for small children,,,,,
c59b4c6395f1a4e5a2d8,book,Stand for holding small objects,,,,,
60a2e72e4992c41602e6,paperclip,Mark bookmarks at specific pages,,,,,
5fd074d8d0cb2f3f3181,can,As a hat for sun protection,,,,,
0880f97e3f8a37e67a0d,paperclip,A makeshift pen holder or pen extender,,,,,
c1095a277e45d95cab3b,paperclip,As a stopper for wine bottle caps,,,,,
19935cebd55e91642565,can,To signal for help by waving it.,,,,,
4ff8cb9807dc0552019d,fork,Holding paper clips together,,,,,
0139dea112577c997e8f,book,Decorative object,,,,,
c665e29e7810a91dd6c7,paperclip,Creating simple weights for crafts,,,,,
7421c5959d84af14fb7b,fork,Polishing small objects,,,,,
dc9bc9135c6a77f1d883,paperclip,Organizing nails or other small hardware,,,,,
28ca9b86b3c577846fff,fork,Removing small seeds from fruits or vegetables,,,,,
d80a3bb7522e1aaedabf,towel,Absorbing ink from papers,,,,,
d540e7fb222ebf13d216,fork,Holding food while cutting,,,,,
826be9b2d59e0158e25b,paperclip,Measure small distances,,,,,
2b6ef7921b9367ffac48,can,In role-playing games for characters with hand weapons,,,,,
7fe1722c83f742c439b5,fork,Weapon in close combat,,,,,
521cae6a5f84f7640c61,paperclip,Holding sheets of paper together,,,,,
bcfc5c6367fdacdfa3ed,fork,Polishing surfaces with a rough edge,,,,,
0bcd71d9a291de4965bb,book,Plant holder,,,,,
6104fcb7aaeacd7ae01a,paperclip,Marking book pages for notes,,,,,
ce771630f52cd9967ba8,can,Holding napkins,,,,,
60c06dc4b6a463302afb,towel,Cleaning computer screens,,,,,
202a38f9b1afda78c873,towel,Scrabbling pots and pans,,,,,
f5ccb1f637b133739255,towel,Polishing silverware,,,,,
2c8ac80fcf08bf3f2e7b,can,Opening tight lids,,,,,
f6e37287c31861774778,paperclip,Holding pages together in a folder,,,,,
13e857f092ad274dc0dc,towel,Patting pets dry,,,,,
6c168a54ef43ff39a0f9,towel,Wiping car lights,,,,,
7a43cac97e68ab4ffb8e,can,Measuring tape for linear distances,,,,,
8b9ffbdf6999003d0e98,can,As a decorative plant holder,,,,,
ee2e95ff2e035903d834,fork,Wearing as a whimsical hat,,,,,
9f91784e8488c226d134,fork,Prying open small objects,,,,,
f288a2e048ca9fb3b36b,can,As a weight for stabilizing equipment,,,,,
a767aa3098a718c5ac7c,can,To plug a small hole,,,,,
4cc198658d12e7e052b2,book,Firestarter,,,,,
c1c46fcbd12607d87855,fork,Making small holes in paper,,,,,
6cee51534395919b240e,can,To fan oneself with for cooling,,,,,
0282f292ffcc231d980c,paperclip,Contributing to the weight in crafting verdiği filler elements,,,,,
1ba5a0d4a1c740306a0d,fork,Scraping food residue from the bottom of plates,,,,,
5966fe7572c3536ddc34,towel,Cooling overheated electronic devices,,,,,
90c073982805b7f893bb,towel,Removing dust from small electronics,,,,,
6fbf4e09c756b96a3dc3,book,Fishing bait holder,,,,,
95889871a0a00ff85f12,can,Cracking to create patterns or for crafts,,,,,
2cf228ce5e2afe2425f3,fork,Marking spots on wood,,,,,
1a047ad611c08d7406a9,fork,Pricking balloons,,,,,
50528eff3bc97f89e866,towel,Wiping faces,,,,,
440eb25bc9650d78325d,towel,Removing condensation from glasses,,,,,
0eec4f11186a9ae48ad1,can,Bruising fruits,,,,,
9b741d72d065c085dd49,paperclip,Hold paper together,,,,,
2966b7f6432113094ca0,towel,Cooling down food in an emergency,,,,,
79b9bc47a62d3e00e1d8,fork,Holding small objects in place,,,,,
1837c8e1fe3c859fd4ee,book,Bird feeder (by cutting out parts of the book),,,,,
662327b565c93261ccdb,paperclip,Securing tags to documents,,,,,
0b0631da76babf1694cb,can,For temporary use as a seat or stool.,,,,,
a8c9fc4f266e6b5cb130,towel,Wringing out excess liquid from clothes,,,,,
8d1d90e83e23fbff404f,towel,Absorbing spills on the floor,,,,,
4dddd32d178e7c2afcb6,fork,Piercing frozen foods,,,,,
766adfe4e138d0aad77b,towel,Scattering in a hamper outside,,,,,
fe2600e91705e80bd0f6,fork,Polishing small metal parts,,,,,
f78b151c9ee5be2bea29,paperclip,As a small indicator or flag on documents,,,,,
d1bad3bb0d692dffbc03,can,Storing small hardware items,,,,,
cc3a6964fea8110082a5,can,In crafting as a mold,,,,,
ca295ccb43b3f5b60848,book,Costume prop,,,,,
fdac98524ccaec4c221b,book,Bookmark,,,,,
f996e9085274db0c3a08,book,Toy for dogs,,,,,
2bc3ead81715baa9883b,book,Foundation for a bookshelf extension,,,,,
dfc990c4bcc79b792ce6,book,Sound insulation material in construction,,,,,
e593b72073a1507c024f,towel,Hanging items lightly,,,,,
6850d0984866c850269c,book,Paperweight,,,,,
e6886d5fb5088868c3c2,book,Prayer object,,,,,
dbc2872f561151a476db,paperclip,Creating bookmarks with perforations,,,,,
8a7b926254639975ac64,fork,Cleaning small keys,,,,,
e466a431629995082de8,book,Nightlight,,,,,
67a22c71563041bf2b39,paperclip,Fix a torn document by attaching pieces together,,,,,
4a598b24f3696f57abe0,fork,Gently stirring a hot soup to avoid burns,,,,,
1689428d45f73c64f954,book,Cover for small items,,,,,
83e9b09354e55ff11f28,paperclip,Keep book pages open,,,,,
03d70f4c9b225b230bbb,can,Material for crafting a small lantern,,,,,
ea5df3fecabea8915a02,fork,Unwrapping small packages,,,,,
d1a124c5c930fe4e515f,paperclip,Fold into a simple toy or paper airplane,,,,,
abf8aeaedea9b1e32a18,book,Nap mat,,,,,
e58b71fe662234044fdf,fork,Piercing fabric to pilot a needle through.,,,,,
b283a814ecaab3f4af89,paperclip,Component in creating paperclip art or sculptures,,,,,
a21d3681475c1b741802,towel,Polish silverware,,,,,
86ddbfba951d8fc53615,book,Toy for pets,,,,,
5d99c9b8a8ed0c8f4d12,book,Seat cushion,,,,,
b450860804e5e4292e53,towel,Wiping bike chains after vandalism,,,,,
ad430f87b5cdb6ab4df8,fork,Opening tight jars,,,,,
c8119303709cafef3fb3,can,Used as a makeshift seat outside,,,,,
afac3ccee6953050f65c,towel,"Bundling purposes (e.g., wrapping gifts)",,,,,
c54bf0c2d70351a95f9c,can,Can as a decorative vase,,,,,
1413d47e9b44e9af1b85,paperclip,Fashioning简易头饰的部件,,,,,
942cad5d18195b0f24f4,book,Hockey stick for indoor play,,,,,
38f727bd5a67e399e0dd,towel,Cleaning computer screens,,,,,
3652b16490183dd02909,paperclip,Holding together notes in a folder,,,,,
982b97e4fe49af0a119e,book,Firestarter by shredding pages,,,,,
edbfb895d80644f46663,fork,Holding objects while gluing,,,,,
4dc34802ddf6886bfe45,can,To hit nails (lightly),,,,,
05ff10f07cc8d4ec5e03,fork,Trace patterns or outlines when drawing,,,,,
7aa7036d01d2eae4497e,fork,Pick teeth,,,,,
4470496ae11a4ac7ccf8,fork,Marking pages in books or notebooks,,,,,
32eb4b0189bb13de93bd,paperclip,Secure small objects in clothing,,,,,
a8977ebed6ebdded0bb2,fork,Holding down fabric for sewing,,,,,
b69b69ce3f00eede859b,can,Wave to signal,,,,,
bfa18f324f64296e519e,paperclip,Marking the corner of a page,,,,,
46e33b2e77e9885c32b1,can,Holding small objects like nuts and bolts,,,,,
1c548e8f9ca0b7f4dc2a,fork,Marking places at the table,,,,,
2296706602c5b4e5f2a5,paperclip,Fixing broken eyeglass hinges,,,,,
f1db6a1ebbf1de37dc4e,paperclip,Aligning small objects in a row,,,,,
8e84d362482c32950287,fork,Cleaning small electronic components,,,,,
d3d77c78f31c373dc92d,towel,Cleaning oven doors,,,,,
028d0579cfabce171d30,can,As a holder for small tools or nails,,,,,
53f67f18a10ccdd9be49,towel,Thawing frozen food,,,,,
c8ac7063e04f8b999eac,paperclip,Attach loose receipts to a report.,,,,,
f9b9454ea2cb73fbeb4e,towel,Wipe condensation from windows,,,,,
d1bdc1ac617ba7afefd4,paperclip,Mark pages in notebooks for quick access,,,,,
36277b2f17d033e1dd95,paperclip,Opening sticky cabinet doors,,,,,
b589ba81a742bf0cdc61,can,As a container for small items,,,,,
d19f754b55e2b83954e0,can,To assist in opening containers with tight lids,,,,,
40f28c63e6e874273f48,can,Serving as a spacer in photo frame mounting,,,,,
6e95d8bce01895a0a61a,fork,Mixing small quantities of paste or glue,,,,,
3d28376f5209a6e5a3a6,towel,Wiping a bicycle chain after lubrication,,,,,
113884967e0c48a59978,towel,Stabilizing plants in pots,,,,,
c1afb5ffcaf831181501,can,Clipboard for notes,,,,,
0da29d0f3afdfff6a204,book,Bookmark,,,,,
afc5f36e1cad406c076c,paperclip,Securing pages in a scrapbook,,,,,
2cf575b82b7b6aca6ec5,book,Toy for pets,,,,,
27aeafc4cf7e9942991b,towel,Cleaning glasses,,,,,
ce9e85c84be49ab55be1,book,Shading object,,,,,
8eb634d5346cc2d038e0,towel,As a makeshift bandage,,,,,
5fe084979ba9e59db7e7,can,Container for holding miscellaneous items,,,,,
8b325d71b4fe33371df0,paperclip,Hold pages together in a binder,,,,,
c71ed08c28f6764c305a,paperclip,Marking the corner of a page,,,,,
0c971a921d72fac2f258,paperclip,Keychain clip for small keys,,,,,
91e77185a8109865eaee,book,Signage,,,,,
7005257906295ea8787f,paperclip,Hair constraint for10-year-olds,,,,,
736555ba9f21b5bc3e0c,book,Weight lifter's spotters during exercise,,,,,
3c473cfc858ac84b22c1,book,Plant pot,,,,,
8dd5daae05d239c6ce95,fork,Testing if cake batter is fully mixed,,,,,
a3f35f7e675c6a469a9b,book,Torch or flashlight,,,,,
48e89e04ac4a1167d635,paperclip,Marking page numbers or specific lines,,,,,
1e1648bf1a35ba3473de,fork,Straightening small wire ends,,,,,
38df2ee1ce39ce63aa9d,can,Placing under feet to add height,,,,,
724c8c08fac7de691263,towel,Insulating hot trays,,,,,
8156ff2d70a321feedfd,book,Firestarter,,,,,
1ee91928e6d079230993,book,Coffee table insert,,,,,
b35a09e62fd6d19b625a,paperclip,Serving as a paperweight,,,,,
7e5a03cb5a80ce6ab072,paperclip,Hair clip,,,,,
04995d6a2f92022d1677,paperclip,Hold string or yarn together,,,,,
1704bf3ca9434ba4236e,paperclip,Securing photos in an album,,,,,
b7f552ed0f55458e02ce,fork,Serving small portions of food carefully,,,,,
1818a7fb1a69d1a05a56,paperclip,Matching similar items together,,,,,
bf9c850dc0d46bea8a09,book,Book as a doorstop,,,,,
5f1039f3929d42333082,paperclip,Inventing a paperclip sculpture art piece,,,,,
204530bff3fd80eb637f,paperclip,Hold together labels,,,,,
803c09dc0c47ef80ba22,book,Magnetizing surface,,,,,
d2925e015f2a1f9d9269,can,To mark the boundaries of a garden.,,,,,
1c75b512b4df634b2427,towel,Soothing sunburns by applying cool compresses,,,,,
8b6777ed97ea1010a06e,towel,Blotting spills on surfaces,,,,,
a16353c9a5c9a69d182f,can,Acting as a stabilizer for small containers,,,,,
8ae338c9969e25b60dc6,fork,Spacing plants,,,,,
ea4e51940378d348a4db,towel,Creating a makeshift hanger for clothes while traveling,,,,,
9d8e5eb32d4982f026e6,fork,Opening tight jars or bottles,,,,,
528d6e9e496f32056538,fork,Fixing small picture hangers,,,,,
5363fb6c5787668a73df,fork,Creating decorative patterns on clay,,,,,
976f802e2779eb8e7b51,fork,Leveraging to pry loose lids,,,,,
ab46f18697a45e65aa88,book,Paperweight,,,,,
be6ea6f550a825d0c30e,towel,Protecting skin from sun when swimming,,,,,
16428c63871ae3db7c2f,can,Nailarf file holder,,,,,
dc97fcd4f1de1211c144,book,Fire starter,,,,,
6ac134c41d96c6980650,towel,Cleaning a lens,,,,,
6ba87dd41fafdf995ac5,towel,Starting a small fire (as kindling),,,,,
e3f43fce9feb39d1173b,fork,Wind chime component,,,,,
692c07a94e8caac0dfde,paperclip,Securing book pages together,,,,,
87fb8853d9680df19b76,can,As a lid for a makeshift sandbox,,,,,
78b877f7f8370ae018f0,can,Portable planter for small plants,,,,,
992bd91fbd8f6a8e90f7,paperclip,Mark items on a shopping list,,,,,
c2603000ee85513971fd,book,Scrap material for art,,,,,
e871878a48cf499cb786,towel,Cleaning mirrors,,,,,
cfa31bc5142f1d855d70,towel,Absorbing spills on the countertop,,,,,
08569f8d39a6e0b409ef,paperclip,Holding paper together in recipe binders,,,,,
4f0bcab71c360dc06e65,paperclip,Looping a wire for a quick hook,,,,,
0933dc44372c3cea5caf,fork,Moving small items like beads or stones,,,,,
5a550fa8ebf2b37d6760,book,Fire starter,,,,,
c98853ac427511c5840f,can,As a base for a small bird house,,,,,
7502d8377fd83c9da211,towel,Cleaning small spills,,,,,
e1dd154cde16a63ece79,can,Cream remover for face,,,,,
e5603b6f1edca84ca326,paperclip,Secure pages in a binder,,,,,
149e75f2c40e9e10e80e,paperclip,Holding together photos in an album,,,,,
b156b51b48986e75ac1b,paperclip,Making a simple paperweight,,,,,
283cbe177bec146618d9,book,Toy for pets,,,,,
f8d8c677e266ee5d6468,can,Can for placing business cards,,,,,
3844fa7c360dfc887da5,can,Whistle,,,,,
0646044343decd6bf7ee,can,Base for small sculptures,,,,,
1dff083bb516bd2d41fa,fork,Spiritual medium (in some cultures),,,,,
c204563ccbb9647d51b2,paperclip,Making simple paper clips from multiple clips,,,,,
427001119d4def54e947,book,Doorstop,,,,,
9e2c84a646bfc476cc39,fork,Cleaning fingernails,,,,,
e05fc5b7b8daab8ec646,can,Wedge for starting fires,,,,,
df16bce0bdb92edd320e,fork,Piercing holes in materials,,,,,
b62fafca5e23c239c97f,paperclip,Open squeezed tubes or bottles,,,,,
0d843fa2da965aae16e3,fork,Unwrapping packages in a pinch,,,,,
e7f5d082d12b67a914a9,paperclip,Mark item numbers,,,,,
8a31fc97440ddaf0400d,can,Can as a firestarter,,,,,
3425fcef088499a08a69,towel,Wiping hands,,,,,
b31255fd024a792e9e42,can,Decorative element in a flower arrangement,,,,,
926a4dd10e1dc317fc8f,paperclip,Earphone storage,,,,,
34b5dea5c1ce47c330ef,paperclip,Weather vane for jewelry,,,,,
333fddb40896acdee252,towel,Wipe glasses.,,,,,
469647e8f59bfa94e2c5,fork,Marking pages in books,,,,,
a15a131a4df49ec30dff,paperclip,Keeping fabric edges from unraveling,,,,,
e3feac618ceb0c83ee6f,can,Hammering small nails,,,,,
8fd85c611f478d6fa355,towel,Containing small messes on the floor,,,,,
18a9e9f81395554966b9,paperclip,Marking important pages in a book,,,,,
a9829b3f65ffdb2af43e,paperclip,As a paperweight,,,,,
93a119f67435332e2c44,book,Stand for holding plants upright,,,,,
0589e1fceba6135ffc52,can,Fan for cooling,,,,,
e32d5e4aebde4cb5f9e7,fork,Holding small objects together,,,,,
3a6218146f871e443fe1,towel,Cleaning keyboards,,,,,
759d8e4b2c843676db6a,towel,Wiping hands,,,,,
9ee2fcdb33264d4eb57f,towel,Fixing bent bicycle handlebars,,,,,
7b24d67653255b39116a,fork,Playing simple percussion in performances,,,,,
60cca0088a033f02adf3,can,Can as a decorative object,,,,,
3b8d19849a477343c0cb,book,Bathtub caddy,,,,,
4f5779dbb186983771fe,can,Measurement tool for liquids in recipes,,,,,
a1f2224aee55c900425f,book,Paperweight,,,,,
68ab2b7ea1496867beef,book,"Weapon, for light thrusting",,,,,
e10eef06defb6b825108,paperclip,Holding together small screws or fasteners,,,,,
05025a25c5e227287722,paperclip,Reinforce weakened areas in paper,,,,,
1c5b320789e70a18e9de,can,Supporting a plant as a makeshift stake,,,,,
a5eab28adeabf01ed0f6,towel,Covering hot dishes when cooling,,,,,
b797456a56c5a3773312,paperclip,Marking book pages for quick reference,,,,,
17b79b97015d97636e38,paperclip,Connect small metal objects,,,,,
380b947eefc2d83e4cb0,fork,Opening tight lids on jars,,,,,
9e089c64a89ebbac2683,fork,Opening tight lids on jars,,,,,
0075189afb14969224b2,paperclip,Label supply items,,,,,
0424f141e6e272917dbd,can,Using the can as a mold for homemade chocolate or clay crafts,,,,,
75156bc6b661362ed703,paperclip,Temporarily fix small objects together,,,,,
0f29735fde63abb0f0ab,fork,Creating notches in wood for carving.,,,,,
2103bcb6ba9c357e6f5e,fork,Uncoiling fishing line,,,,,
fd380ed9495cc308297e,fork,Unwrapping small objects,,,,,
4409d71b39c2c8fae3dd,book,Fishing lure,,,,,
bff4fdcc466506c6427a,towel,Starting a small fire (extreme caution required),,,,,
9d6d95fb09af3a091193,towel,Placing over shoulders to catch drops while painting,,,,,
2f1df6c0ab19ec449385,paperclip,Marking pages in a spiral notebook,,,,,
86cad10b60468e11dcc2,book,Night light when the battery is weak,,,,,
1307f6684f44e7b590c7,fork,Indicating direction with sticks or thin objects.,,,,,
bc55a862ae7aa5b423a9,paperclip,Holding pages together in a stack,,,,,
7efc0cc6abf7446545bd,book,Child's toy,,,,,
59529f7d98391cf5670e,fork,Polishing small items,,,,,
039d52343e84c6452acf,towel,Cinching up hair,,,,,
8a5965af0bf09ec0d259,paperclip,Keeping pages together in a loose-leaf notebook,,,,,
5605972dc2eb072ad646,paperclip,Marking page numbers,,,,,
90b24e69f92f24cdefa0,fork,作为支撑物，帮助站立不稳的物体,,,,,
c335752432cae62decd3,can,Opening bottles,,,,,
d6e3350c7187186b2bb5,paperclip,Opening jar lids,,,,,
a8985cf11d21dd464ce5,book,Conversation starter with strangers,,,,,
a296c8a6a1806b31c009,can,Gently tapping light switches,,,,,
7b8528c5c8ebd8c8210e,towel,Wiping furniture,,,,,
44b4d102e681c5cf18a0,book,Musical instrument (by tapping),,,,,
c7b81938f0a5bb3e6198,book,Book to mark your place while reading,,,,,
a6f857ac6b99795945f5,book,To mark the spot on the ground,,,,,
344430f63d661a91ea39,book,For kindling in emergency situations,,,,,
00094bc8a3d2b61a10d9,book,Doorstop,,,,,
a72eee94e4f2e7b2607c,fork,Pricking food to check doneness,,,,,
fc495577ef35f1ed5cc6,paperclip,Marking items for recycling,,,,,
05b23411ab2cee601bbe,towel,Dust surfaces,,,,,
7f10396ec54ab8085523,towel,Touching up makeup,,,,,
90f75cfb735a9595210d,paperclip,Tie together small bundles of things.,,,,,
1b791b906cb14f34e16d,paperclip,Darning holes in stockings,,,,,
57a5b6e02d09f0984795,fork,Creating small indentations in soft materials,,,,,
1de36ae254eac0f83ac8,book,Surface for small items,,,,,
67ad064d2c8bf15081df,book,Weapon (when thrown),,,,,
7282b5286c4946edf2cd,can,作为乐器的一部分,,,,,
9b9974f81f433b3d8d03,towel,Ridding shoes of mud before laundry,,,,,
83c2b9d4a3fca497b4b2,book,To pad a chair,,,,,
06bf818ac1a550cb0786,paperclip,Hold a stack of post-it notes together,,,,,
7051d0b6e11981d951a3,book,Bookmark,,,,,
8bc6f539126c22075eec,can,Keeping insects out of doors,,,,,
6eaadeb4ef76c36a402b,book,Blade sharpener for sharpening pencils,,,,,
e7f9a9cf118ba3278d85,paperclip,Hold together a stack of loose papers,,,,,
80824a7f3d42380e9051,fork,Scraping paint from a can,,,,,
1c22982d34f8b1fda254,can,Marker to indicate goals on a wall,,,,,
6f583d9782a674683910,paperclip,Secure brochures,,,,,
7ed5053ab95d44c92155,paperclip,Hold together multiple documents,,,,,
edd99ff6c35da202746c,fork,Brace small items during assembly,,,,,
4fc9f693789f917621ee,paperclip,Hold together post-it notes,,,,,
8749e80f7df594eb63e9,paperclip,Marking urgent items with a pin and a clip,,,,,
20c86a715cabe56d3434,towel,Cleaning computer screens,,,,,
84351e643f833c7dbe17,book,Paperweight,,,,,
17fa88132503dfd54c81,book,Bird feeder,,,,,
1c115fb8089ce5d1591b,paperclip,Creating small loops for hanging plants,,,,,
7aae9ee37408bc3eb32b,fork,Opening tight jars,,,,,
10b528eb635d9b9fc43d,fork,Digging small holes in soil for planting seeds,,,,,
7f4eb7212c3f6700c728,paperclip,Secure small items in a toolbox,,,,,
d13969d5a1e73fea1e74,book,Sound insulation in emergency,,,,,
30fb4d3683739f2a3abe,can,Potato masher,,,,,
4764ed436f9be1af402b,fork,Creating small indentations in dough,,,,,
a14dc84730a0f846ff0b,can,Cleaning small gaps and crevices,,,,,
0efce085d09332fe0d1e,towel,Cleaning windows,,,,,
fdbb683be8caa12cf5b3,book,Firestarter,,,,,
a741bf6f4610af2d686d,fork,Holding up vinyl records for easy access,,,,,
2264a833aaa33d2a0846,fork,Breaking twigs for fires,,,,,
6b62f24dada0dbc7ad1a,fork,Auxiliary support for plants in gardens,,,,,
c171854f444ad09962f7,paperclip,Forming clips for temporary hairpins,,,,,
ea331b0795a457ae54d8,fork,Holding glasses during cleanup,,,,,
40a3c0ab217b10d7e738,fork,Scraping cooked food from a plate,,,,,
8172ee151b1dbb3c542d,book,A shield in a game of hide and seek,,,,,
c01ddc6f3f255eb6b6dc,towel,Plugging gaps under doors,,,,,
ababcf73472635f48553,paperclip,Allowing a short attachment to loop onto something for transport,,,,,
393f90f95496fb0c6b4b,book,As a ruler for straight lines,,,,,
f6707e75c4b14dfd5b54,paperclip,Separating sections in a notebook,,,,,
b7e3748bac6a1134f5e7,book,As a solid material for origami folding,,,,,
f16e2bce638b18abe80f,fork,Creating air conditioning by waving it through the air,,,,,
9b45dc39e38680396120,towel,Drying wet hands before opening doors,,,,,
cedf543f1b22d124154b,can,Edging tool for containers in gardening,,,,,
5640bc967dafd130c309,can,Can to organize small kitchen utensils,,,,,
c41d6a203b169f913819,book,Sound dampener in a room,,,,,
d3cd771834edeeaef262,paperclip,Insert in letters for return address,,,,,
45e1ea262e22760aed31,can,Storing loose nails or screws,,,,,
47f8c7c065b0853f43cb,book,Density measurement in water,,,,,
46cff4c923c61221b5b0,book,Weight for keeping fabric flat during pressing,,,,,
c9fa7aee43219355f964,book,A book can be used as a marker in a fireplace.,,,,,
a17f7d18d7379f4d7842,towel,Wiping camera lenses,,,,,
63f96b424d5fdb0c34c6,fork,Opening jar lids,,,,,
34af3f87bf042dda740c,paperclip,Tethering small fishing floats,,,,,
e92ef211e1f9aefa261a,can,Shield for protecting fragile objects,,,,,
b06395511ad9b7b15ef1,book,Toy for a cat,,,,,
3750e07f54f03ecf6d36,can,For wrapping or boxing small gifts,,,,,
da4e63238d66eaa61f32,paperclip,Make simple paper sculptures,,,,,
052724cf4f04b4fd0bc6,towel,Absorbing water from floors after mopping,,,,,
d462a5eec447f3309632,towel,Emergency bandage,,,,,
eaf7529bf9831dc42e37,book,Toy for pets,,,,,
ac5053271c03d38b0d27,can,Used as a marking tool in games,,,,,
5e6cba99820cc6676817,towel,Protecting hands when cutting hot food,,,,,
35b774e988493ddfd122,fork,Combining ingredients in a bowl,,,,,
a4feaeee78844f16a310,towel,Wiping hands after washing them,,,,,
8b5bf7c35bf4660f9f76,fork,Scraping the molten metal during casting,,,,,
75b8e73dbf10097c57a4,paperclip,Keeping recipe cards together,,,,,
797916e68292780cdb99,paperclip,Emergency closure for small containers,,,,,
83c9edcb00945cf11af8,towel,Cleaning lenses or mirrors,,,,,
9032dad984c109aebfc8,book,Tool for breaking ice,,,,,
c58e7642faff1ee8214f,book,Signal mirror emergency tool,,,,,
f3b4ea9576e3f213f247,book,Fishing weight,,,,,
ded62771d37ca2f48e5e,book,Emergency light reflector.,,,,,
287b16879ef9f4bc1838,book,Doorstop,,,,,
27a16fbb1fabb56cae2d,can,Can for storing spare change,,,,,
92cd5a578422336a40a0,can,To scratch an itch,,,,,
9e51bd2c4ada33217360,book,Fire starter,,,,,
a7ade5ad02394d8d9d0c,paperclip,Act as a temporary hook,,,,,
81a55517b08e626f2dc7,paperclip,Bind emails together digitally as a reminder,,,,,
649a26f5d362840866e2,paperclip,Keep small items like staples in place,,,,,
eb6ec42099384307fd15,fork,Opening jars,,,,,
36fb3f66b4f8cc561402,fork,Creating impressions in soft clay or dough,,,,,
2437e73781fa56b82ab4,book,Bridge over a small gap,,,,,
7f2bf23a3d82dae306f3,can,"In a survival scenario, as a signal flare reflector",,,,,
81e5f73fa46820b18b0a,towel,Plugging gaps under doors for insulation,,,,,
95dff8653a5a5ff535ba,paperclip,Measuring small distances,,,,,
325bde2cbf869c354519,towel,Scraping ice off car windows,,,,,
9d34ee18bea17e3462b1,can,As a tool for marking lines on floors or walls,,,,,
039fa9b19f0800b7ed1f,book,Beverage coaster,,,,,
6ca330aeecb512d9a853,fork,Serving small objects like jewelry,,,,,
7a7673b6bcfa281aca38,towel,Drying freshly laundered clothes,,,,,
db439748cab48f1a971c,towel,Holding small items together,,,,,
e2921c31fbf6f21bf9f6,can,As a makeshift hammer for driving nails gently,,,,,
08e3e7ffffaaf0ee7e22,paperclip,Create decorative elements,,,,,
05cc4d604d1a3df39f1a,fork,Holding pieces together for gluing,,,,,
a1e42f0eeec37c41066a,fork,Holding pages while turning them,,,,,
17d3444b9604ec5c4fdd,book,Diving buoy indicator,,,,,
72ba61fd4570865c7d0b,towel,Wiping muddy boots,,,,,
21201144221d6a2f9454,can,Can to scratch an itch,,,,,
da14362dbb311d9b72ae,fork,Piercing cheese,,,,,
f1cada793d50d34d1a1a,book,Bookmark,,,,,
a962c4b79d790fada80d,paperclip,Marking bookmarks in a book,,,,,
b57de16bf1829472be58,can,Opening packages by prying,,,,,
3b743e99e10574df4089,paperclip,As a makeshift paper weight,,,,,
c60f1beb09757b49a54d,can,For spanking as a implement,,,,,
a9485a7093bd18bbdd99,towel,Mopping small areas,,,,,
7b25f7eded5587c516bc,can,Stand for small potted plants,,,,,
b793285f42af60177085,fork,Stirring powdered substances,,,,,
8415d6d5724a05a23c5a,fork,Scraping paint from walls,,,,,
8115ba1dca824cce59c7,book,Musical instrument (paper crinkling),,,,,
60f46ad613d5158c63cb,can,Him as a musical instrument in percussion ensembles,,,,,
ec41c4589d89847dcd2e,paperclip,Hold together newspaper clippings,,,,,
ac709c983da76e10258e,can,Used to tap the bottom of bottles during fermentation,,,,,
e6320d84ad6dd560d403,book,Book to seduce (with flirtatious messages),,,,,
35a33827f17aab0406e1,towel,Fold and place under edges for weight while moving furniture,,,,,
f7d5ed8c04f78589a6f9,book,Plant pot,,,,,
2cdd1d943a122748d024,book,Bookmark,,,,,
9f1334633333cce3290b,fork,Distinguishing between courses in formal dining,,,,,
f827dfcdb8aadc048892,paperclip,Holding paper together,,,,,
61eef1f5d0336b31affb,towel,Drying dishes,,,,,
183c1ffb1742f0e041d5,can,Making a temporary shield,,,,,
6c64b4f75f8757bf24f8,can,As a makeshift doorstop,,,,,
6e1a405c32bc191e5fdc,paperclip,Anchoring pins in fabric,,,,,
1bfd67f29fad64af6228,towel,Cleaning mirrors,,,,,
8a70c34d33d0e787d799,can,Shelf for holding small trinkets,,,,,
cb16f3992e0ab561bf94,fork,Mixing clay,,,,,
3a0931434bc212d8f961,paperclip,As a weight for tags,,,,,
b25d53e3fd7c958ce8f8,fork,Cleaning small decorative items,,,,,
613c875f801210e52e92,fork,Pricking fruits to check ripeness,,,,,
b44d61b3ddbe9fdba871,fork,Creating a flat surface on wood,,,,,
e40116303cda4cdf2b7f,fork,Scraping food residue from plates,,,,,
e4dcebd2db00450f7df0,paperclip,Creating a paperclip chain as a desk decoration,,,,,
93c6271ad8a4914b7bae,fork,To slide small items along a surface,,,,,
c3c87114783147e58a6e,towel,Squeezing excess water from fruits and vegetables,,,,,
c0ec283fdeb5b50dfb18,can,Hammering nails (as a makeshift tool),,,,,
b9f7e35463b113812ed9,towel,Absorbing spills on the floor,,,,,
a5c3fa3800a1ac5dc388,can,食物容器,,,,,
fa57dab5aab7b41d2909,paperclip,Connecting small metal parts,,,,,
ef19c0b861e08e070f9c,paperclip,Hold sheets of paper together,,,,,
4cc5bebba47b8fecebc8,paperclip,Holding photos in an album,,,,,
78e495fcb90b53a502fe,towel,Placing under plants for drainage,,,,,
d5a77821bf20825a0ad0,towel,Covering foods,,,,,
2f5d8add517ce967f31a,paperclip,Fixing broken zippers on pants or bags,,,,,
da121740048e98caac8c,fork,Pry open a stuck lid or container,,,,,
fe202dce9d23a6077ceb,paperclip,Tool for threading needle,,,,,
a630d360771d7f734b88,book,Toy for a small pet,,,,,
ffb698abd7de851bf8ce,fork,Serving as a simple drawing tool for children,,,,,
5806ccce95de531d3f8c,book,Eco-friendly kindling,,,,,
1757ef8e76f4cd01c9cd,can,Marking heights on walls,,,,,
f01f99a71c700761f3f5,can,Birdhouse perch,,,,,
6361a1384212e3b9a14e,can,To serve as a temporary plant pot,,,,,
ea064d0a1e96550292fc,towel,Dry hands.,,,,,
76400110650e005c60e8,book,Ink palette,,,,,
92edecd8ea3be5f29f07,can,To serve as a signal in emergencies,,,,,
ab0bb6c6d0c872b2c6a1,fork,Horing out soft tissues,,,,,
a9172f50b7b4cf32051e,can,Marking positions on the ground,,,,,
aa6cd1f5de5123f4da5d,fork,Serving cheese cubes,,,,,
d8a86b67620a858a5e61,paperclip,Marking pages in books,,,,,
da18d416835e45e4e329,fork,Sealing small containers by pressing.,,,,,
d70305e71409a49675eb,can,Solar panel支架,,,,,
1e677bbdaf41b506d5b1,paperclip,Creating custom paper jewelry,,,,,
05f0c162912d876589c1,fork,Testing temperature of food by pricking it,,,,,
8e4c00f089b6da2afc7c,fork,Regulating hot air when cooking toast,,,,,
042df4d2cd175d252d35,towel,Covering hot surfaces,,,,,
ecba87652543b9217b3a,fork,Spreading butter on bread,,,,,
2e0455dd99742a4ad24f,paperclip,Marking pages inbound books without leaving marks,,,,,
e26cc2d2336bf3a3ff76,towel,Wipe incidental spills,,,,,
39479487acafdb8f8e35,book,Doorstop,,,,,
3c866a5d8477b97f0e7d,towel,Dusting small surfaces,,,,,
8d4f48c1cbff3155930a,paperclip,Marking the edge of a page,,,,,
8c79e89a2e7fab634434,fork,制作手工艺术品的工具,,,,,
40c6a19e36451b9b381b,paperclip,Organize strands of hair,,,,,
364c215afd4f88de1050,can,Hairpin for fabric or hair,,,,,
e9667433afd5e920e076,fork,Opening tight jars,,,,,
2bba3a92a398a67cfa39,book,Toy for small children,,,,,
99fcac759d667738ee44,can,Grip aid for slippery objects,,,,,
95ecfd7f0736d8e607fc,paperclip,Holding pages together in a loose-leaf binder,,,,,
14f86d4f6a5569542fb2,book,Seat pad for short visits,,,,,
5b53d60daaa8abd4b9c8,paperclip,Elastic band replacement in binders,,,,,
2166e7a15df4ecb426e3,paperclip,Measuring small distances,,,,,
04dd6bad704a6ba80f0f,can,In a game of catch for a softer throw,,,,,
70e01412925c4893b7c6,paperclip,Hold cardstock together,,,,,
1833c3fe1be9505cbc3f,fork,Marking pages in books,,,,,
12c1aee1604c1c3e4026,can,Base for posters,,,,,
cb5086a870a9a17d0224,can,Cover for a bowl to keep food warm,,,,,
6c3a26fe4916d3194a13,towel,Protecting phone screens from slight scratches,,,,,
c25e4a2026d4a6e5d83d,towel,Wipe a countertop,,,,,
a4569a15677e856d10fa,towel,Wiping dry surfaces,,,,,
630991e5bec2d5183913,fork,Pricking cucumbers for a salad,,,,,
45fbd41c7fdee77b4b3d,fork,Straightening bent pins or needles,,,,,
9f5afccc7a5b318d1434,book,Prop for decoration,,,,,
49f4e8cf419792999118,fork,Lighting matches,,,,,
3fb6e6c245a6d8252cf0,book,Book as a pillow,,,,,
4a6d97f8173973fe225d,towel,Starting fires (极端情况下),,,,,
c5da58885b594a11fc50,can,Tool for stirring when no spoon is available,,,,,
b106d50c4500c37973b5,book,Seat cushion,,,,,
ef0d6ac1c3888db87f7b,paperclip,Securing ribbons or strings,,,,,
fec352a6ebdcbd3702e5,paperclip,Creating paperweights,,,,,
938085f1ef81be0ed8f1,book,Container for small items,,,,,
8f958818957f523a6bea,towel,Cleaning glass surfaces,,,,,
0c4006de9f6928cfb57f,fork,Moving small objects like screws or nails.,,,,,
e0af98eebda3875a83aa,paperclip,Holding book marks in place,,,,,
1ebbb7d941225d5ab426,book,Playing cards,,,,,
5cff1d89e967ea577320,towel,Lifting heavy objects with added grip,,,,,
cc1d45899ffd6f5155ee,fork,Mixing ingredients in small quantities,,,,,
96e5caa974832f226d12,fork,Opening jars,,,,,
e9e98c77c504b7c1c9d4,fork,Separating thin fabrics,,,,,
a53f133de89794caea2f,book,Bookmark,,,,,
2dcdf5ba67d7d54740aa,book,Historical artifact,,,,,
aff919fbc57e6a361dda,paperclip,Extending the grip of a pen,,,,,
20f9ec2721758593ba8e,book,Sound manipulator (by flipping pages rapidly),,,,,
03d11aba0a4e4b94b55d,can,Serving as a bookmark,,,,,
4f60b5b27ac1bc383ab2,paperclip,Hold together strands of hair in crafts,,,,,
fe430392daad716905bc,towel,Scratching itches,,,,,
84843e296bacaf96192a,paperclip,Hanging plants from a ceiling,,,,,
0edd462bff271c7e7f05,can,Stool at workshops or garage sales,,,,,
6d33b823dddeaa88214a,paperclip,Mark page numbers,,,,,
e5ee1d00ebc39931ecfd,book,Marker,,,,,
f0828eeaec1bb730680e,paperclip,Creating simple hooks for hanging items,,,,,
46f28af49e7f2bd3b793,towel,Absorbing ink from drawings and paintings,,,,,
a85622109e8289aedc39,fork,Cleaning small paint brushes,,,,,
fd9a2cac1ff0a8190e87,paperclip,Marking corners of books or documents,,,,,
ce226012718a00f5f60a,can,Signal mirror to reflect light,,,,,
01bef6cb9bbace65cd34,paperclip,Hook for decorative elements,,,,,
93c02e45c7dc6a88cc6d,towel,Fanning oneself on a hot day,,,,,
32c789ae9ff227cc1246,paperclip,Attach notes to documents,,,,,
3b6bd73a13c1929beaae,can,To serve as a pillow for short naps,,,,,
de3f62666d62e590a06f,paperclip,Hold together thin metal wires,,,,,
d0bdf19a99d5ed6bb566,fork,Holding up plants in a garden,,,,,
9b46074f877bc402fc03,paperclip,Securing wire ends,,,,,
e74daeb36966ed4dfe9c,towel,Absorbing sweat,,,,,
791745120072cdfc9ec0,book,Paperweight,,,,,
ad55b1a50ec5adbe963c,fork,Scraping labels off cans.,,,,,
36b49a4d15b7c87f9d67,book,Marking page positions in a document,,,,,
896e4d7c622ebbc13320,fork,Clean small gaps in machinery,,,,,
bab13b7261e9e5f0aeb2,paperclip,Hold together strands of yarn,,,,,
ac6fb3a4729120e4b969,paperclip,Connecting business cards,,,,,
2f8eba7445a63946f64f,paperclip,Temporary fastening of cardboard,,,,,
bf1a456bf7f942cb374a,fork,Creating patterns or marks on wood or metal,,,,,
2a037e52488ce3401611,towel,Cleaning spills,,,,,
b901ac512fe4fed7490b,paperclip,Fixing broken doll clothes,,,,,
f34140b6d293014708d6,fork,Scraping labels off cans,,,,,
d72a4b485f3eb15b141c,book,Using as a grip aid for tools,,,,,
86bcfc61801319e8e685,book,Child's toy for practice holding,,,,,
ee6242f807badf8d9343,can,Holding napkins,,,,,
8f8c7bbca3690e97ea93,fork,Creating patterns in mud or clay,,,,,
ffd3476ca05efc12acc1,fork,Quilting and sewing tool,,,,,
30e291465dfec2eeff45,fork,Straightening small wires,,,,,
e4f8b426472c9ab740b7,can,Baseball cap to redden cheeks,,,,,
a9a43c6317c9e1963742,fork,Measuring short distances,,,,,
aaf0d60f15dcbe9d6121,can,Sandbox lid,,,,,
ef3c14c479b111dfa5df,book,Containers for small items,,,,,
63cc4492a5c5b8ceb398,towel,Blotting oil stains,,,,,
e397995c691568c0059e,fork,Marking pages in books,,,,,
de72a9b592292c1804e4,fork,Transporting small clips or pins,,,,,
1ee1260dd12b48a32547,paperclip,Taping up small packages,,,,,
456728e662ecf7f3164c,fork,Open canned foods,,,,,
cb5c1bfbe401d28e29ad,fork,Placing objects in a slot machine,,,,,
8708a9b7dece7fd16d2c,towel,Scratch tool for paints,,,,,
6fc39246f554a1961602,fork,Piercing thin fabrics,,,,,
399bc05f3b5cf3787fc0,towel,Cleaning pets,,,,,
000652499334e5cf1b5c,towel,Absorbing water from wet skin after a shower,,,,,
8e2dab0fa14f09d0a9a5,can,Plant pot,,,,,
03517c16e9cecda34c3e,towel,Starting campfires by carrying kindling,,,,,
692fb832d3cf664fe31b,paperclip,Squeezing water out of a paper towel for quick cleaning,,,,,
3135e2c1dd385ba652a1,paperclip,Opening threads on packages,,,,,
587aa21ddba8370a1051,can,For whaling in outdoor survival scenarios.,,,,,
177e4179a5bf493b2cb3,fork,Gripping small objects,,,,,
c60612bb008cf9266c4c,fork,Spacing out plants in garden,,,,,
536ce8377079075b8476,can,In crafts and art projects,,,,,
ffcd9800712f5d99792a,fork,Scraping paint from a wall,,,,,
26af877b06b3e4d54cdd,towel,Wiping windows,,,,,
67451ea4036fd2054513,paperclip,Anchoring fabric to a surface for sewing,,,,,
f5fcc0796cf4d8665988,fork,Opening tight lids on jars,,,,,
d1998662a13d20d7f9f3,fork,Polishing small metal pieces,,,,,
b7ec509136e44a66172a,towel,Cleaning spills,,,,,
483195303239da8adcd1,book,Elevation cushion for seating,,,,,
ac3b0e5356aceefe74be,towel,Polishing silverware,,,,,
0feea191e3d6571d15ad,book,Decoration,,,,,
3c815fafa1951c1a2e27,towel,Dust off objects.,,,,,
0d60834d7c5bccb0154b,book,Paperweight,,,,,
a73afe2edb1f19652cd6,towel,Insulating hot objects,,,,,
4e5ebd2bb50d9270413e,paperclip,Fashioning a simple paper clip art decoration,,,,,
08714a5febe2c392e1bf,paperclip,Creating paper weights,,,,,
2f1ee9cc80b4b230fb78,fork,Holding food steady while cutting,,,,,
f896f4b359daba212996,book,Paperclip holder,,,,,
f54d89e3b889f3755387,paperclip,Straightening bent pins or staples,,,,,
83a1c45c0a2d74ff1e8b,paperclip,Disturbing pet fish,,,,,
21a5108974ed5292f095,paperclip,Mark items for easy identification,,,,,
16f1e4bdd222bde4483a,fork,Cleaning small gaps or cracks,,,,,
e3ca102dd9d819f5e1ec,towel,Polishing chrome,,,,,
d3fa5b988e6b953d376d,fork,Opening jar lids,,,,,
e9e77aee74b547770c48,book,Toy for small pets,,,,,
ae3c52b0c833b1396a47,fork,Holding papers together,,,,,
19cfc6070d04b4d92c60,towel,Scrubbing grease from a grill,,,,,
e6a1ee3c1a257d222dbc,book,To mark page numbers,,,,,
9d6a63f1e68d52e0da65,towel,Dusting surfaces,,,,,
05ef07fc060840798ebb,fork,Helping apply makeup precisely,,,,,
0779dd0e3febf8da4b78,can,For making tents or impromptu shelters,,,,,
a9d1e8afc6ad45d87965,paperclip,Separating items in a drawer,,,,,
10330bdd7300db18d404,paperclip,Making a simple paper airplane counterweight,,,,,
d0b961c132dbee1e654e,can,As a tool for fighting off insects,,,,,
fee79194ed57daf42889,book,Skate guard,,,,,
277a273c750507d4a2ea,fork,Slitting rubber bands for easier use,,,,,
faf848dac67b615601bf,fork,Prying open resistant packaging,,,,,
7b9e113791256670e8d1,paperclip,Connecting small objects as a simple clasp,,,,,
a2a466d7a763a31b4c3d,paperclip,Marking plant stems for gardening,,,,,
e1aca3b17acd3cd2d5d6,book,Magic wand in playacting,,,,,
8b54fefbc0f65dd52e17,can,Signal flare,,,,,
5d6609b5802f05e97722,book,Headrest,,,,,
e49dd23b9762f6b00aee,paperclip,Holding pages together in a notebook,,,,,
0a84131af25905a61c8e,towel,Wiping feet,,,,,
447338031be4cf33a54e,book,In decoration for bookshelves,,,,,
15e2fbd0fef8b65cfc05,fork,Lighting small fires,,,,,
773023b92e5b29853d35,fork,Skewering vegetables,,,,,
77b0d91e502c95f2f9cd,fork,Moving small objects like screws or nails,,,,,
47a0f2628848b2c86caf,paperclip,Drawing straight lines with a pencil,,,,,
1731ad23940febe1af2e,paperclip,Securing tickets or receipts in a wallet,,,,,
4c597c3f1f02b92a4486,towel,Cleaning small spills,,,,,
971306a6cddd20b04b09,book,Birdhouse,,,,,
0fe5b313799645a1d0c1,can,As a small shield in games,,,,,
d4cb3280a845f0aae6e2,fork,Opening binge-worthy books,,,,,
db7aae559e19789e6168,fork,Dislodging food from teeth,,,,,
71d565a7eabdfc8f1477,paperclip,Add weight to a paper airplane,,,,,
c4d27185e62071ec5104,towel,Cleaning vegetables,,,,,
787579303b4cb6d852f2,fork,Unjamming keys in locks (as a last resort),,,,,
e4579f4f4023250d80f2,can,Opening bottles,,,,,
8d91b63703eb81c10018,fork,Stirring multiple ingredients simultaneously,,,,,
b243aeac5e2df304ac7a,book,Fishing sinker,,,,,
4d0d7e8457f4c438d05b,fork,Fishing for small objects,,,,,
b7e7a1ccb0075cc67728,fork,Prying open laminate or wood panels,,,,,
20dc742fd869da77404e,fork,Holding small objects together,,,,,
14ead6dadfa9c514fded,paperclip,Signaling a reminder on a document,,,,,
372e6daab650c4546d22,fork,Creating small holes in seedlings for planting,,,,,
69397e5a8817eec42cc7,can,Pry open packaging,,,,,
4c27ebe16a5726860f3f,paperclip,Tap a keyboard lightly to clean it,,,,,
c2d13f3206cd72a5d314,can,"Hitting small, soft items",,,,,
577c36ba0d36d68265e4,can,Using as a decorative holder for pebbles or seashells,,,,,
a04377bf0716bf87d7b8,towel,Polishing car surfaces,,,,,
6b6d1bb1b4b0195b6513,can,In crafting as a template,,,,,
a2e8689b1b815c5a9b9b,towel,Holding note cards,,,,,
4d0179f6fdbf8c57f8bd,towel,Wringing out clothing,,,,,
32db2da431f002a708f2,paperclip,Hold together small electronics components,,,,,
872662ac5c6f1a33494e,paperclip,Keep photos in order,,,,,
335a94d02ad35d1bd721,can,For protecting hands while lifting heavy objects,,,,,
30da3aec0df5c07b1556,paperclip,Straightening small parts,,,,,
1f12542e5f7f45c15458,book,Fire starter,,,,,
b5027ce9a6f92ba130ee,paperclip,As a toy or part of a puzzle,,,,,
c7145cca9ec78aed52a0,fork,Scribbling on pill bottles for easier access,,,,,
d083fecc5b0d31182865,towel,Clean shoes.,,,,,
1123b4514b4c271363f5,fork,Moving small plants or seedlings,,,,,
6b52b99e47172ce60f51,book,"Book for calisthenics (e.g., bending exercises)",,,,,
8cef39433b7540abf84b,book,Scrap material for crafts,,,,,
81e8abf11b09fecd681b,paperclip,Loop around a keyring,,,,,
a43f33f05451139bcb36,towel,Hanging plants for water,,,,,
743dd0dc75031ff18743,book,Surface to write on,,,,,
fece753cc747ff623503,fork,Removing small food residues from cookware,,,,,
58469977c9fa791a9e73,book,Scrabble tile holder,,,,,
58bb4b593cdf64461b03,fork,Releasing trapped air in soda bottles,,,,,
c63da5d8f51e2413a3f5,towel,Dusting surfaces,,,,,
1813f914d579395973a6,book,Mug rest,,,,,
6bef671fe470d00db462,towel,Absorbing ink stains from clothing,,,,,
c39b3867f3f99279db1c,towel,Polishing silverware,,,,,
55163b7204592bc8db95,towel,Absorbing sweat during exercise,,,,,
1e7043c55681dd6428e1,fork,Measuring shallow depths in water,,,,,
600fa14690f096c6627c,paperclip,Creating bookmarks,,,,,
18cd9bc78507f01c6555,paperclip,Hold documents together,,,,,
520dcee38de085c817d9,can,Rolled up for a DIY plant pot,,,,,
3bda63d64253468bc6b3,paperclip,Attaching post-it notes,,,,,
7141fef232b3b751c155,book,Gauge for judging height differences,,,,,
902abcf4b20fcb4c8b54,paperclip,Pressing flowers between pages,,,,,
70ad8e20226be604bdff,can,Ruler for making straight lines on paper,,,,,
279615d0f8be95570d10,fork,Holding papers together,,,,,
48b1ce24b8e85aaaca0c,towel,Cleaning car windows,,,,,
9384c4985c4d2c3c1de2,can,Beating eggs,,,,,
f79500aeecd8e6115e5e,towel,Defining hair while styling,,,,,
eb441ddabada09288a50,can,Acting as an impromptu shield,,,,,
3720b96dda623719cc33,paperclip,Placing under a vase as a support,,,,,
c208f117f08d658af035,book,Bookmark,,,,,
275edc42e5b359fe58d9,towel,Absorbing minor leaks in the bathroom,,,,,
1dff21ba2cb4567dce9e,paperclip,Holding sheets of paper together,,,,,
a53014f931b119d8d3ef,paperclip,Secure bookmarks in books,,,,,
7454350ac6998ae9e90b,towel,Polishing shoes,,,,,
29495834a8eecc6cb65a,fork,Opening packaging by prying,,,,,
8d98eb8958872061551b,fork,Scraping paint from a can,,,,,
c810984fd4e0be8f4eb4,paperclip,Temporarily gap two things apart,,,,,
83e885eb9e263555e26a,can,Cup for scooping dry goods,,,,,
da8efddb45e5728f8911,towel,Starting fires (when dry),,,,,
b5f84d369f655ac5ab40,book,Building material in emergency shelters,,,,,
acf5f2ba211b6793fdfe,can,For striking a match,,,,,
e49b56bed041bbd04abe,fork,Opening jars,,,,,
5e164ffa060f42300a48,can,In sports for defense,,,,,
9e725aeb0b73990650d6,towel,Wiping hands after washing,,,,,
26ce818ed6fe6d009c81,fork,Cleaning small holes,,,,,
1ee73238d2af092e4a83,paperclip,Straightening bent metal wires,,,,,
7c582c4cde88c62cbf53,towel,Plugging gaps under doors,,,,,
9aa0c53ec0bfe4350fa5,paperclip,Mini clothespin,,,,,
f32bef392545954d009d,can,Utilizing it as a signal for distress,,,,,
e53033e1d9bb4ec98569,book,Seat cushion,,,,,
5acc32019e67d7890c80,book,Birdhouse,,,,,
508d75598897f4e22eea,towel,Covering electronics during cleaning,,,,,
43d723854e51ca7f430c,can,Can to store magnets or other small collectibles,,,,,
1791d6293bfe316be086,fork,清理小缝隙或角落,,,,,
e30c9bda92e05d13fb6e,can,Acting as a small fence for plants,,,,,
591bbe34c431dc2b1512,paperclip,Holding sheets of paper together,,,,,
4f9a1dfccf0c3755a766,can,To serve as a surface for writing or drawing.,,,,,
f752eb9dda3c54d5cd7f,fork,Creating decorative patterns on clay pottery,,,,,
2605c545853401c51fc9,fork,Opening tight lids on jars,,,,,
14cf74f409bef82f4b8d,paperclip,Creating paperclip chains as decorations,,,,,
0de1fba3aa019c12cf2a,can,Outdoor seat or bench,,,,,
c9a886cf1f5e53808b05,book,Seat cushion,,,,,
6e6dd5379d814edd6309,paperclip,Straighten small pins or needles,,,,,
8e789015d833433a6ce8,book,Gift wrapping,,,,,
890f874052124708d9d5,towel,Cleaning spills,,,,,
4ef0f8a52b1e2c5eb725,towel,Cleaning bicycle chain links,,,,,
1dc78459fc39213f8ce3,paperclip,Microphone stand prop,,,,,
b3687be5ebec6d7bef23,fork,Creating small spaces between tightly packed objects,,,,,
80737f5ea9121f9a5f6d,towel,Polishing coins or jewelry,,,,,
3eb8681cf92199648735,towel,Absorbing spills,,,,,
2bf78232d443efc78233,towel,Starting fires (in extreme survival situations),,,,,
d96fa15740ce8aac8e50,paperclip,Securely close recipe cards,,,,,
93f0647e07f4cfb5aede,paperclip,As part of a paperclip sculpture or art piece,,,,,
498c7abd0a88cdc8fda2,paperclip,Securing stamps to an envelope,,,,,
d2740698e1dd2de64299,fork,Igniting small fires,,,,,
83d15e8b3d27145889a7,book,For kindling,,,,,
150ec54aa0417bb1f411,paperclip,Decorating party favors with a twist,,,,,
c3a5943c446312e7ee50,paperclip,Fixing a falling bookmark by clipping it to the book,,,,,
f133544e0d9701c9bc9c,paperclip,Temporary ear defender,,,,,
a7e003adaa4f5734734e,paperclip,Holding sheets of paper together,,,,,
d3241ed44525976d97e4,paperclip,Holding together loose threads on clothing,,,,,
f28e92d49d16bcc35c38,towel,Absorbing spills,,,,,
15891581c90626626425,can,Opening jars with tight lids,,,,,
6cf8b5d659ce2cd9a6c6,paperclip,Marking pages in bound books,,,,,
2fa945692e14e8237128,towel,Covering utensils to keep them clean,,,,,
84a005c97973c6258ae9,towel,Scratch an itch,,,,,
444a293bcb7fadf381a3,paperclip,Hold together ticket stubs or receipts,,,,,
84c34784fe05a67920ba,can,Hammer for driving small nails,,,,,
df005e839a200beebd2a,fork,Opening curled letters or documents,,,,,
5dd839d3763eab7dfee0,paperclip,Hold papers together in a holder.,,,,,
9648c61b4be5995a3c82,paperclip,Holding sheets of paper together,,,,,
04504a8359567848fccf,paperclip,Connecting folded paper airplanes,,,,,
5f6089edbd0c56f732f6,towel,Wringing out excess water from swimsuits,,,,,
95c8c7d6476405e2a417,can,As a weapon in a pinch,,,,,
7f00542c4f252fba207c,paperclip,Office supply organization,,,,,
a5b73afc04f859c510d9,can,Using it as a resistance tool for exercises,,,,,
482bba43584cff270122,towel,Absorbing spilled liquids from a countertop,,,,,
877d038453d70358ab22,paperclip,As a makeshift paperweight,,,,,
7ce63b1b8968522d2d5a,book,Fan propeller,,,,,
f9c75e999c2e84df0bbb,can,Container for small tools,,,,,
e6530f0d2665fe23bfe5,paperclip,Making a simple paperclip car or toy,,,,,
fa892f2f8a82fda86c71,can,Sticking to door edges for a quick step,,,,,
7770c1308a2a01679fcc,fork,Edge for scraping labels off bottles,,,,,
db120bd0f895a4305139,book,Picture frame,,,,,
2c76b144f5516fab19ec,towel,Covering hot items,,,,,
a6f5ad7372aec39e91a9,towel,Secure packages with tape by cleaning sticky areas.,,,,,
b40160911a69a5cc0b97,towel,Covering food to keep dust away,,,,,
020b46eb6ade8c571597,can,Tap clocks to set them,,,,,
bc43e42f17727ff778e8,towel,Blotting tears,,,,,
a21b92167e16a8481d22,paperclip,Decorating paper crafts and greeting cards,,,,,
9ec33b312afd59e67b44,fork,Boat rudder in very small boats,,,,,
4963a47de58e92d96237,can,Gripping tools in tight spaces,,,,,
3ca0ac611cb381e0c92c,paperclip,Hold coupons together,,,,,
eb699856118b35a867cf,paperclip,Marking page numbers,,,,,
a2188395dafa54ad6e93,towel,Absorbing ink spills on paper,,,,,
a4de412f2ae8d638a536,book,Fishing bobber,,,,,
2897c7376cbd1aade78d,towel,Absorbing sweat from your glasses while playing sports,,,,,
581b04b7074d6ecef39a,paperclip,Attach notes to items,,,,,
326e4d4018340dfc983b,fork,Opening tight lids on small containers,,,,,
052690550edefb5c2185,paperclip,Pinning pages in photo albums,,,,,
773610a5e0418e5fca14,can,Beating raw eggs for a recipe,,,,,
0a3b01ab043637c9f6f5,fork,Prodding stuck items out of containers,,,,,
4cf6bf1d26ff5e8abc39,fork,Mixingingredientslightly,,,,,
dc21a6847864418ae0c2,towel,Storing small items,,,,,
e01f9da779fdba0e1c3b,paperclip,Creating a simple weight for scales or balances,,,,,
622302d2020195296eb7,towel,Absorbing excess water from wet hair,,,,,
f0b44e54c44de81adc43,paperclip,Label envelopes,,,,,
3c7fcee151b67f8f7de8,can,Whipping into a frenzy (metaphorically),,,,,
eed82b3b281f62bd0217,book,Paperweight,,,,,
3a903018d86d7e8ad497,fork,Marking mileage or checkpoints during a journey,,,,,
041d22efc758c257999d,towel,Cleaning small electronic devices,,,,,
9ad53799622cf9c3e5f1,fork,Surgical tool (in certain procedures),,,,,
dcff84619ec724fd3503,fork,Cleaning small spaces in electronics.,,,,,
c188ae80b83fc573e898,book,Musical instrument,,,,,
7bb334bc3d98bbf2d212,book,Container for small items,,,,,
c3132daaf76cb3b45db9,paperclip,Indicating tasks on to-do lists,,,,,
fb79a11b50c224233777,fork,Spreading butter on bread,,,,,
9f59610a53b35ee84c9d,fork,Pry off wallpaper or paint,,,,,
76b5cbff4e95bbb39565,towel,Cleaning computer screens and monitors,,,,,
f4cc94ca774e3a1545df,towel,Clean keyboard keys,,,,,
8dda6c54adc2e1267b0f,can,Weapon for self-defense,,,,,
a0b1a40abf9c327ddb5e,book,Container for small objects,,,,,
c386530b27415703656d,book,Trash,,,,,
24fd8dc8b7614f3b8a4f,book,Guitar restrainer,,,,,
504d4361a5e95db176bd,book,Fishing lure due to its shape and weight,,,,,
18cdd8535bd274154dba,towel,Polishing brass and bronze fixtures,,,,,
2fd57f3b9171d2c49ee9,book,Bookmarking pages in recipes,,,,,
266b9109cc1e47ddf82a,book,"For storing small, light objects",,,,,
f17b1cd2b9b974d7e8e4,towel,Scratching itches without direct skin contact,,,,,
73b0717fad80e84a0d40,paperclip,Bend into a loop to hook onto hooks,,,,,
6bd4fe38d0940644d6cb,fork,Small mirror prop for crafts and home decor,,,,,
68d911c0805536311bb9,towel,Wiping dry dishes,,,,,
3cf24104aea62a45da97,can,As a signal during outdoor activities,,,,,
c9cab0ebb1e98373b96f,towel,Wiping hands,,,,,
a59af1547fad62d1d681,paperclip,Decorate homemade greeting cards,,,,,
3aa27301f43ea6fe8f40,towel,Dabbing sweat during exercise,,,,,
8609dfab38dfe78642d0,towel,Absorbing spills,,,,,
41aab6f5db5f73119468,fork,Serving small portions of food,,,,,
ca9203f50441b74b5a4d,paperclip,Temporary closure aid for envelopes,,,,,
76299a199031c0355605,towel,Stabilizing loose teeth with minimal pressure,,,,,
a766883ee0d995c45051,paperclip,Mark page numbers,,,,,
b435c4f3d5a7cab84171,book,Toy for a pet bird,,,,,
3046ddd79e8664be089b,can,To open a bottle when a bottle opener is unavailable,,,,,
65d6f16402e966e70513,book,Fan,,,,,
d4640e134d540270c740,book,Musical instrument in certain cultures,,,,,
f5153d26a97631277c27,towel,Holding small items,,,,,
0c7537fdc209e836d4da,fork,Cleaning small electronic components.,,,,,
52bdd8358cc58a5318f1,can,Decorating a small_photo frame,,,,,
ce439fcb6db6b62f92d9,paperclip,Securing envelopes,,,,,
9f0e829763def2bc6aa9,can,Door stopper,,,,,
6c94ba34d5f602076d7d,book,Book as a puzzle or riddle prop,,,,,
68e5654245723bac506d,paperclip,Generating static electricity when rubbed together,,,,,
a508f12b1bdd4b666a97,towel,清洁鞋子,,,,,
ca06b0526e4662533fcb,can,Balloon holder,,,,,
794b3bceb78b76828ebb,fork,Getting food off a plate,,,,,
48c99f6ac6eec559973d,paperclip,Securing a note to a document,,,,,
8c7889ca001f5ce100e5,paperclip,Securing staples that have come loose,,,,,
d2e93d2a3f882efc7875,book,To use as a bookmark for non-print items,,,,,
282e46bcc8aa5d5f14a9,book,Rugby or football place-kick prop,,,,,
bbd867fc77f16d921a9b,towel,Polishing shoes,,,,,
ab7e6980d885b9bd7ef2,can,For polishing surfaces with abrasive,,,,,
e047071a6f5f8872d37c,book,Doorstop,,,,,
41e4ae1a0b17fb72bf6f,can,Protecting fingers from sharp edges,,,,,
5f227d53e66f2a2171e7,towel,Absorbing water from wet skin post-shower,,,,,
612735718a11ec836630,book,Birdhouse base,,,,,
820ca34c899a40662c12,can,As a resonator in homemade musical instruments,,,,,
7f34b8cc8263fd840210,book,Jewelry display,,,,,
d8386acc6ed20b00ae99,fork,Opening pills or capsules,,,,,
7e05a87cac62a45e52c3,paperclip,Marking the edge of a page,,,,,
a32e957bca4bc3a000ce,fork,Scratching itchy spots,,,,,
8a68289d4768c9b7e0a9,can,For creating a barrier or obstacle.,,,,,
48355b9a8b2c2e39b6cc,paperclip,As a paper folding tool,,,,,
a37a07756a3434e670b9,can,Attaching to a stick as a homemade whistle,,,,,
51c3993856f3025e4b59,book,Tool for opening jars,,,,,
b1cbca4111e33e3f978c,book,Ink well when crushed,,,,,
89ee223d94a9fe31caad,towel,Wiping down surfaces,,,,,
249e3b49de150553c8a3,fork,Spreading adhesive on paper before taping,,,,,
210288621abe9ccbf0b3,paperclip,Weight for small objects in mail,,,,,
f00f9a6b01073e9cf57b,can,Isolating devices from surfaces during testing,,,,,
685e5c5e1ca5c7fc08a4,towel,Cleaning mirrors,,,,,
5c18e447c6fd82870f63,fork,Open stubborn container lids.,,,,,
fb7290d940a92f89a269,paperclip,Marking the center of a stack of papers,,,,,
9d125002235c4748c06e,towel,Dusting surfaces,,,,,
88f881cc2aaca80cebff,towel,Binding small cuts with an adhesive bandage,,,,,
96278e6c68b4caf86bc2,book,Canvas for sketching or painting,,,,,
27d1e816027e4ea2ded3,book,Seat in a pinch,,,,,
4e1cb28e825c8e978e87,can,In sporting as a disc to be thrown,,,,,
d791a1637870fb366dee,can,清理小零件或灰尘,,,,,
71828432952302598192,can,Hides small objects,,,,,
555ec7133e759553c0be,can,Fan for cooling,,,,,
0c8044c260eb987b3658,can,Striking a tuning fork,,,,,
76027c8fa9465b11f614,book,Notch for hanging plants,,,,,
40a88b90a50cf04e006e,can,Plant pot drainage insert,,,,,
85c1602809f2bc395936,fork,Marking small distances on paper,,,,,
edfa17b8e4c9e982002e,fork,Indicating choice in a buffet setting,,,,,
1184847d2efc9bcd7f39,fork,Tearing off small paper labels,,,,,
1367db510c58b16f45db,fork,Holding metal wires in place,,,,,
cfa2037208413f8890f4,book,Decorative item in home decor,,,,,
f8bc42839572d42af64f,book,Firestarter,,,,,
54947b4ccc4129d81083,paperclip,Wrapping small gifts,,,,,
0bf5a1f593db6169ee1f,fork,Signaling directions while camping (with fire),,,,,
3bc43c37331aecb613f1,can,Lid for makeshift food storage,,,,,
b28dc405e1b5b1e0a276,fork,Twisting small pieces of metal or wire,,,,,
71df0227b90510e79b0c,can,Serving as a decoration,,,,,
9e90e4eeaae608bf6a90,can,Plant watering can,,,,,
bf2b64596f3702b946ef,book,Firestarter,,,,,
3ed46567866da428848e,paperclip,Bend into a small hook to hang keys,,,,,
902d28f694a4dd38b94d,book,Decorative item in home or office,,,,,
c69ef92c7cda151738b2,fork,Holding pieces while gluing,,,,,
6fa3b7a0e71497abe0bb,book,Fire starter,,,,,
b056d1fb80b6db208866,book,Firestarter,,,,,
b8973d9b47dda3917485,paperclip,Mark small items,,,,,
9d36c92385616e8e2253,paperclip,As a small weight,,,,,
a97298659bab92c51a81,paperclip,Creating basic origami shapes,,,,,
4045ffad445f1b1b0674,towel,Wrapping gifts lightly,,,,,
9f45dfc4a4d1df6bd3d2,towel,Starting campfires,,,,,
a4fc3398dde1422de334,fork,Spiking an envelope for postage,,,,,
9bb59fc0c34d4e7d1043,can,Chair leg stabilizer,,,,,
802b3a19ebd5ea78aa16,fork,Holding objects in place while applying adhesive,,,,,
65a6a135df6bb23e1339,fork,Scraping labels off bottles,,,,,
59b263a1cb60ad263b75,book,Paperweight,,,,,
a5227408634697209a0d,can,As a walking stick or cane,,,,,
526bdc32768cdc4897f6,towel,Squeezing out excess liquid from vegetables,,,,,
bcf054baa1e72e26e464,can,在体育活动中作为道具,,,,,
737a81b8ea8ffd8c9c0f,fork,Uncoiling stuck wires,,,,,
6238673c9ccd841f8176,towel,Drying a pet's paws,,,,,
f6ff83e419ed1b8d2e53,can,Cooking utensil for stirring,,,,,
180af97f216f30eca897,towel,Wrapping gifts,,,,,
5dd0aaa2997495d2d273,book,Frisbee for short-distance throws,,,,,
8d9295ebaee7278b46ed,fork,Scribbling on soft surfaces,,,,,
e451d095b84da4195063,towel,Replacing bookmarks in books,,,,,
10c63165f1e4f87b36ab,book,Baseball bat (in emergency situations),,,,,
53dbd112cab3327a0fc2,paperclip,Keep together sheets that are prone to tearing,,,,,
41e343ea76bdb4773201,towel,Wiping down a table,,,,,
9c344a621127d1d6c898,fork,Combing pet fur to remove tangles,,,,,
32295a8ea93a9a8007a2,book,Weight to press flowers,,,,,
faf9fba90bff5bc37b6f,towel,Polishing furniture,,,,,
159e4348a756c9ebe28c,fork,Toy for birds,,,,,
2755ea5fd3e4067bfa00,can,Marking heights on a wall,,,,,
140dcb921ba0c69e3c1e,book,Emergency shelter material,,,,,
6f3c7614a1424f6ba8ac,paperclip,Mousemat,,,,,
08031926f3f27b61e6f6,can,For knocking on doors instead of using a knocker,,,,,
b12f1ce7f0b2cf1803b2,towel,Sweep up small debris,,,,,
e11b0fec8a04a497fc1c,paperclip,Attach a memo to a closed file folder,,,,,
3923165b3b06ea2d68e6,fork,Holding wires or thin metal strips together,,,,,
ffbd24b9adfbb41bb758,book,Using as a hammer for gently arranging items,,,,,
b8748b80b6892a14fab5,book,Mask during play,,,,,
ca1465b2c9f99b9ffddc,towel,Polishing furniture,,,,,
36140aa392f04c10f432,book,As a paperweight,,,,,
2a29f2a8d0bbd6bbb2a5,can,Adjusting levels for tabletops,,,,,
1d2797d43b063dd66b3a,fork,Piercing soft fabrics or materials,,,,,
d19dd98bbc897898b8a7,fork,Adjusting small adjustments in mechanical watches,,,,,
bb693c8553b929ce6de9,towel,Starting a small fire,,,,,
07d2ec81839d7a2f704e,towel,Absorbing spills on the floor,,,,,
ea315e94346d198cfd75,paperclip,Attach tags to objects in storage,,,,,
0a5417cb99027dad923e,towel,Drying dishes,,,,,
9351ab7f29a548b2937c,paperclip,Hold papers together,,,,,
10f2102833b82dccbcab,book,Doorstop,,,,,
67c55317389525d8791d,towel,Absorb water from floors,,,,,
cff7cd635ec0955eccb7,book,Bookmark,,,,,
64c6356e1e90688a47b5,can,Leveling tool,,,,,
b0a847b5a6a7b8b38df4,fork,Drilling into wood with a pencil as a guide,,,,,
06dde1c740e7f0703dc6,book,Gigolo for patients needing chest percussion,,,,,
b93b3effe9906bff158f,book,Fire starter,,,,,
43df3fb88edc9df12166,fork,Marking pages in books,,,,,
4ad4c187c3a8d4812a4f,towel,Drying hands,,,,,
7461bf0ac95d7bd320aa,book,Pry open a stuck panel,,,,,
c6bd9da0264d54261f48,towel,Air freshener in a drawer,,,,,
5c98fb106d7d7c752ff0,fork,Holding papers or notes while writing,,,,,
4c89d7de28a906239d39,book,Temporary bookend for keeping other books upright,,,,,
c2c150c1fc616d36b96b,fork,Scraping frosting off a cake,,,,,
a3e7e3151ec8c96996dd,paperclip,Indicating a need for action on documents,,,,,
aeb62f33626dd70c82f9,fork,Moving minor components in electronics.,,,,,
bc0e644815e5dd94764e,book,Ice scraper,,,,,
c6dfbb7bdc56a20bd9f1,towel,Wiping hands,,,,,
4f4637f37966a66711ab,fork,Cleaning small objects,,,,,
41b23db24a3f021c99eb,book,Hammer handle,,,,,
19479edcb18a0b748a1d,towel,Wiping a screen or lens to clean it,,,,,
02a55f05199b2ba36bd5,book,Scrapbooking material,,,,,
8feed979586f389a0bdb,paperclip,Paper weight,,,,,
6f0ce68908c4ce12702a,fork,Spacing out seeds while gardening,,,,,
acac92c49e0516dc861f,book,Wind chime element,,,,,
cec18f0c39c477fd6f87,can,Temporary storage for small tools,,,,,
d88e098739a764d4c0d7,paperclip,Fixing a loose lens in glasses,,,,,
3ba6bf4a57b46c3924cf,book,Shelf weight,,,,,
40016678f4ed56d2a863,can,Using as a decorative holder,,,,,
15f3c850f21bc1088903,paperclip,Hold pages together in a binder,,,,,
5a1c05e6f9c1930d1bd4,can,Small-scale leveling tool,,,,,
16e520ceceb03f9d29f8,book,Firestarter,,,,,
349ea67df923b1dff532,paperclip,Tactile scratch for cleaning purposes,,,,,
d6bde261784a66b7e577,book,Mug rest,,,,,
34ee0c6320e08de50ed6,book,Sealing wax,,,,,
e26f4bc8b1a2128ed227,can,Can as a small container for organizing pens,,,,,
8c099c7f92f8d979fd85,book,Doorstopper,,,,,
b265e372c6cff662b473,can,Tool to mix birdseed,,,,,
6674f83b5749f6761623,towel,Emergency bandage,,,,,
4f979c157038a681ec9b,can,Portable plant pot,,,,,
8eee34c829ccbb5020fd,towel,Absorbing ink spills,,,,,
251fa0fc148bc4ef9003,paperclip,Marking bookmarks,,,,,
0984145803018d9a4057,fork,Fishing out small coins from tight spaces,,,,,
bc502d6510b8d1be4eb0,book,Temperature regulator in a blanket fort,,,,,
8c93a7d0a3a5009a1c75,towel,Wring out water from clothes after washing.,,,,,
855bb89f78f46dfacbae,paperclip,Reinforce binder holes,,,,,
e6e7e30717f78b5fdb6f,can,Holding together loose pages in a binder,,,,,
113e3902d21039301816,fork,Mixing hair dye on skin before application,,,,,
9e2b3414f5991dc64cbe,can,Crowd control barrier,,,,,
31a24d8b5ebb305ed80f,can,Trumpet mouthpiece,,,,,
9c6e3c7e812a6adf588a,paperclip,Hold sheets of paper together,,,,,
737ff2b6cf7aaae2ee3b,can,"Shield in /**<[Note: Due to instructions to be boring, this line is a placeholder and does not add meaning.]*\>",,,,,
c78525207cee74cc806c,towel,Protecting surfaces from drops,,,,,
4810eb9aa15cc54645e0,fork,Marking space on a playing card table,,,,,
fa43b75caf3c344463e8,can,Musical instrument for percussion,,,,,
37f406c4001c9bb952ae,book,Toy for a dog,,,,,
567f63e1673b09f69d7c,can,Planting small seeds,,,,,
8e6a99b029c9e4c0f3ee,book,Baseball bat,,,,,
5e3a34386747db9e723b,towel,Stuffing into clothing to absorb sweat,,,,,
e2c08945701500d96029,fork,Polishing small metals,,,,,
76579eae6b5541faa850,fork,Untangling strings,,,,,
cfc92881f407a2797bef,paperclip,Holding sheets of paper together,,,,,
241aeda6db3f7ea9c7f9,towel,Wipe incidental spills,,,,,
895c61ed78c1e241b685,fork,Temporarily marking a place with a small dent,,,,,
56d5d8afd4deb8edd2ef,paperclip,Bridging gaps in photo collages,,,,,
8ecb52e87a8466f066fd,book,Elevation cushion for reading in bed,,,,,
9551e7f8812f0acf6757,towel,Cleaning computer screens and monitors,,,,,
21b43e0539f8685208f9,book,Paperweight,,,,,
5b0d96b4e26fa1f7b0c3,towel,Creating a makeshift sling for injuries,,,,,
c3950fa58bf4c0a19ecc,fork,Holding papers together instead of clips,,,,,
d86b760ea7203ca1206c,paperclip,Marking the top of a stack of documents,,,,,
391aeaabd4a261e2569d,can,Loosening stuck bolts,,,,,
af2c507aba07c6a09dd7,fork,Holding objects at a distance,,,,,
212cee90e39099be8e15,can,Marking boundaries in a garden or on sidewalks,,,,,
60d7a50770ccad6f80cd,paperclip,Measure small distances,,,,,
28ab8d865fb503dbe10f,paperclip,Decorating greeting cards with a touch of functionality,,,,,
ef298eb5ee40de1dc4f3,paperclip,Measuring small distances,,,,,
ad0176a82dd051730110,towel,Cleaning computer screens,,,,,
643a8779ca12f57c28fd,fork,Straightening small wires,,,,,
0416f42d55df29ac5967,towel,Wipe glasses,,,,,
b8c53c2ec3d80c100082,can,Carrying items in a backpack,,,,,
1175bced10d3d1f3ea0d,paperclip,Strengthening weak threads on fabric,,,,,
325be7dbdfa57cbf32e8,fork,Stirring and flipping delicate foods like omelets,,,,,
f596e2309f2bd681c4b0,paperclip,Connecting small paper flags or notes,,,,,
8d8bb289b34e6d47b8c0,can,Tapping someone on the shoulder gently,,,,,
8a77ec3cb99e7441d8e7,book,Fire starter,,,,,
83b2f30ae1ec1b03169f,paperclip,Temporary gaiter for broken bones,,,,,
00fb9804e236a146089f,paperclip,Mark the corner of documents,,,,,
51bf4129fdd3048f9ddc,fork,Unstressing wire or threading,,,,,
2124b81ce609b88b900f,can,Bee breakfast (honeycomb structure),,,,,
ed2ce8aece06296bc144,paperclip,Secure business cards in a vise grip,,,,,
de60fae9b738812d2196,paperclip,Hang small items like paper decorations,,,,,
82eebc7628611b5c31d5,fork,Stiking up桠枝或其他细长物体来固定它们,,,,,
b56a5c798f02dba8021d,book,Musical instrument,,,,,
1b1f460efe6c37c6146f,book,Musical instrument (when rhythmically turned),,,,,
74eaf969c82ba1007b51,towel,Cleaning pet fur after baths,,,,,
a454f46e7bdfd5a47184,fork,Piercing light fixtures for decorative hanging,,,,,
a4a9cbc8e2b7bf7bc79c,towel,Packing fragile items,,,,,
b61461a1271e74b8aabf,book,Individual pages can be torn out to make small notepads.,,,,,
5a3f02aeea2c9adc3d49,fork,Cleaning small glass bottles,,,,,
9360b16162c0feef5b38,towel,Wiping a bicycle chain after lubrication,,,,,
25919e07b333a0c04ad6,can,Musical instrument in parodic orchestras,,,,,
5f4cd3c5cef5d5004026,book,Toy for younger children,,,,,
ca0595a040a589a695ee,book,Scratch pad for notes,,,,,
921fac118ef8d4cf004b,book,Firestarter,,,,,
8bcf86f5a1f125b6c548,fork,To stabilize light objects or decorations during crafts,,,,,
b846d2cc6a2753877816,paperclip,Holding pages together in a binder,,,,,
a9bf46beddc536722381,towel,Cleaning a keyboard,,,,,
f94a160040e2d9463ad7,fork,Create a makeshift fish hook,,,,,
6349960c594dced79c17,fork,Measuring small distances,,,,,
6b511158a73b6de4b789,paperclip,Holding together loose wires or cords,,,,,
3ccfaef3ea62cc39de79,can,Shield in a martial arts practice,,,,,
a479b2d0fd6faca57bfa,paperclip,Create small weights,,,,,
adfea018ede8f14c112f,can,Him as a pillow,,,,,
30501fa3a12486e7d45e,paperclip,Creasing material to make folds precise,,,,,
f99c01d11f2d43473b14,towel,Clean bedroom windows,,,,,
e9792c4cdc968b2faa3a,paperclip,Magnet holder,,,,,
0c91b824569acd3caf0a,fork,Measuring small distances,,,,,
148b453a99c2db20553a,paperclip,Bridging gaps in photo collages,,,,,
72bda8ffb198ef281759,can,Cut into strips for picnic dishtowels,,,,,
03c8b4bf152321ee15ce,fork,Pry open small lids,,,,,
8d86a0e5774b00c634cc,towel,Dusting surfaces,,,,,
c6e719cdaaa43f56ec4b,fork,Holding papers together,,,,,
c024a29c2cadeb174f35,can,Used to crack nuts or open cans,,,,,
c93283443fc8cc18a468,paperclip,Pin up notices on walls,,,,,
e273b9e8651fceeefebf,book,Doorstop,,,,,
c02a64d5d1b835585d98,can,As a plant holder,,,,,
99c25e208653f60a41bb,paperclip,Pinning up quotes or inspirations on a board,,,,,
f5c5616c0f3b620d2ada,can,As a tool for marking or indicating positions,,,,,
48a2c23797bfb670a738,fork,Piercing meat to baste it while cooking.,,,,,
b8ebbd5d47df474e581b,can,Pry tool for panels,,,,,
07e75e17ea2345864f1a,paperclip,Fashioning a simple paperclip bracelet,,,,,
7c751fcb8228098f7c1f,paperclip,Controlling the flow of paper in a cardigan or hoodie pocket,,,,,
ed3348b9a2ffe22550ce,can,Small boat anchor for shallow waters,,,,,
8154964a4fa1b7c2cd67,towel,Polishing silverware,,,,,
84c43aedb9cbcbd659bc,towel,Dusting electronics,,,,,
7b52b787d1383a6376fb,fork,Scraping labels off objects,,,,,
6bb18ac50d4cd1e10de2,book,Door stopper,,,,,
e0e333613b8c9350449a,book,Frisbee,,,,,
f08899a79408b919471d,towel,Drying dishes,,,,,
37b27c07d225c25d1861,book,Fire starter,,,,,
3918babf640d3e3648ea,book,Creating a small storage box for coins or small trinkets,,,,,
352748137318ba4b3333,book,Shield for protection,,,,,
7833e1c9bf8a09b89c2f,fork,Spreading peanut butter on bread,,,,,
8846b1d23c824572fc64,book,Fire starter,,,,,
96e572a46f90eeb29ed7,book,Decorative item on a shelf,,,,,
e2596ad40abb5996f5d0,towel,Dusting objects,,,,,
8e39ccb2eced6da2e7b2,can,Hammer holder for crafts,,,,,
cca7b13df640fbdd594b,towel,Covering food while microwaving,,,,,
3a84a14aae8edc2073a0,towel,Blotting oil spills on a table,,,,,
ee3b123c56aa89f948f5,towel,Waxing surfaces,,,,,
d129a2a4c7fe615214e5,towel,Covering hands when handling hot objects,,,,,
ab7cd6efdd1011b29123,fork,Weighing down fabric,,,,,
8234ecd2ae5b7daa710e,book,Book as a pillow,,,,,
22e64e07ed6b5bad932b,can,Breaking seals on envelopes,,,,,
ab2b71760dc790924437,towel,Plugging gaps under doors,,,,,
fb92150e430a0b51a928,fork,Distributing candy evenly,,,,,
55118671cf81f5e5caf0,towel,Bandaging minor injuries,,,,,
650c22e187fc0f7af7b4,paperclip,Anchoring a sticky note to a page,,,,,
2a7b72988d4378d0b6c2,paperclip,Marking place in books,,,,,
282f494a365fa115c61c,paperclip,Levitating a small object momentarily with a magnet,,,,,
c82f536aaeae43dca842,can,For drumming rhythm while walking,,,,,
7bb8644cd5c31876af00,can,For covering small openings,,,,,
cf55cbf88f17849adbc5,fork,Straightening bent wires,,,,,
da0ee7b62ba4f077da1e,book,Tool for prying open objects,,,,,
a1b55224c485238619de,towel,Emergency petty cash container,,,,,
6779b7408da2ccada962,towel,Absorbing sweat during exercise,,,,,
307957394ad904afb473,book,Book for journaling,,,,,
6959fc25f61d2dbee492,towel,Insulating hot surfaces,,,,,
6866d2a8a51cca7bbc22,towel,Polishing shoes,,,,,
5fcf35251873aea08e37,paperclip,Securing ribbons or bows in place for crafts,,,,,
424cea16a78849a86111,towel,Dust off objects,,,,,
27dbd8d54b8ac06b6853,can,Stirring small amounts of liquid,,,,,
5d8089dc46051240cd50,book,Conversation starter,,,,,
8d1d7891879b0cf53d73,towel,Cleaning glasses and mirrors,,,,,
fbe1f0597473ea0a7314,book,Toy for small children,,,,,
63e8485f58283746ccbb,paperclip,Secure papers in a binder,,,,,
8223a8fbdb2b325250e4,towel,Binding small items,,,,,
eac628d64581bb362ae8,fork,Pricking balloons,,,,,
194288c9b791e143e5bc,towel,Soothe sunburns,,,,,
558a1f41d41c103c5e72,book,Surface for writing,,,,,
9d79682e4e8311de07d2,fork,Light switch cover,,,,,
864b926b77d073a7bd8f,can,Signaling distress,,,,,
3372ef11b0b62d165cad,paperclip,Serving as a paper clip chain for longer stacks,,,,,
7d9e3980369a79207baf,towel,Clean bedroom windows,,,,,
f0aac7695a686e2566d5,can,For opening stuck jars,,,,,
38058f4f6af0b4364e71,can,For storage of small items,,,,,
8b974215179df384696a,paperclip,Creatively jewelry making,,,,,
a76aa21e0901c95d3e13,fork,As a small club for self-defense (if designed for it),,,,,
ad8fb1804ccecd725d03,paperclip,Dry flower preservation aid,,,,,
8c962615df750cdd28d8,towel,Creating a makeshift leash,,,,,
e932764cbfae9b33d5e3,can,Handle for lightweight gardening tools,,,,,
1a492d12f66f138c1c80,towel,Squeezing toothpaste from the tube,,,,,
8ce434881797bc3dfdfe,towel,Cleaning computer screens and monitors,,,,,
4f12602680b16a79ed49,fork,Holding items while gluing or taping,,,,,
7a26c9a395549536f383,book,Serve as a weight,,,,,
52deb41decffda099e88,fork,Serving food on a plate,,,,,
aeb4b7bbe72f309a94ca,paperclip,Holding together queue numbers,,,,,
051ba4424dbe590fc682,book,Book for kindling,,,,,
13d11d6b01e2e43f5dc4,paperclip,Keeping flag ribbons in position,,,,,
015ecf92b8b69d08d74c,book,Weighted object for a blanket heap,,,,,
5cfb97fd8cc81d4f39b3,fork,Straightening wire or small metal pieces,,,,,
3b3d4808a9218e729b43,fork,Marking pages in books,,,,,
1ee2526992e344fad03a,fork,Piercing food,,,,,
dd632279e20f6b2fee55,book,Musical instrument (rattle or shaker),,,,,
5afb390e71c171b3cb20,paperclip,Making simple paper models,,,,,
941f61678f5f593c7118,towel,Wiping hands,,,,,
0d8e8c5b9cf10293c332,book,Doorstop in a pinch,,,,,
7773d5a228fa2d98918e,fork,Pricking vegetables while grilling,,,,,
8cab8c4360ea2fa4312e,paperclip,Mark page numbers,,,,,
3647147e083ce26eecc9,paperclip,Keeping edges of documents intact,,,,,
3adb95a9e15a35e9dd68,can,Hold paper clips,,,,,
25ed61264d06f728abe0,can,Bottleneck opener,,,,,
b0dcb9f580ffa03d3893,can,Serving as a spacer under furniture legs,,,,,
ca3f4c20d122ea742496,towel,Wrapping gifts,,,,,
50ccab30fb8a93f42d13,paperclip,Fixing small pins or beads onto fabric,,,,,
3f0a2cce1add44c4aa6b,book,Book as a doorstop,,,,,
39187d2938e777c84b02,book,Toy for comforting a child,,,,,
c61b50d3973a2720a5fb,fork,Moving objects between places,,,,,
6d99a4b379a68bdb569c,paperclip,Making简易书签(easy bookmarks) for reading notes,,,,,
20f6b79acf54595d9d48,paperclip,Securing small objects like staples or pins,,,,,
7096765fd90737de18a5,book,Sandbox paver,,,,,
7d869becf72c48c80177,book,Fan,,,,,
a861fa51155f18743c61,paperclip,Attaching small items to a report,,,,,
67cb2d24b58286b36d12,book,Firestarter,,,,,
e49d61051c65b2a604a7,fork,Marking lines on wood,,,,,
dd3dead8ab18c9724321,towel,Starting campfires by scraping tinder,,,,,
9066239095e2f4f04cc8,book,Marking paper position,,,,,
b41e7eca70a786b6ab05,towel,Cleaning makeup brushes,,,,,
9245c72d87f242529205,fork,Squeeging excess liquid from small containers,,,,,
4180c829da1dc1847a50,can,As an impromptu tool holder,,,,,
bb901d9ac1f17c1718ec,paperclip,Mark the page number,,,,,
cebad7002797ae2bab83,fork,Opening packages with sealing tabs,,,,,
38ed8fb41cf8d9de48fc,book,Toy for small children,,,,,
07fbdb9c89fbc51ac656,fork,Indicating choices in board games,,,,,
35ff5f501e4acd1ed089,fork,Piercing food,,,,,
49e5efe78416f51eeb35,fork,Creating intricate patterns on wood or metal surfaces,,,,,
4b742d2102befae66d11,fork,Leveraging pressure to break small objects,,,,,
1b5e6775b2c06e2d112d,book,Paperweight,,,,,
914c18b1f2a964fcd7ba,can,Kicking a ball in lack of a soccer ball,,,,,
8a39787435bfb2ea55c5,towel,Wiping facial cream off hands,,,,,
83473354e35af46ac7d7,can,Confusing pets when waved around,,,,,
fbd90984c23c93f1068c,fork,Moving small nails or tacks on a table,,,,,
3bbc1247b590b2683257,towel,Wipe glasses,,,,,
e31665c3db405904b2db,fork,Straightening bent wires,,,,,
b5e41888b65e6a44ea2c,book,Painting,,,,,
5285065cd801ea817bb0,towel,Drying hands without a paper towel,,,,,
f9f31ffd1fb7a097e823,book,Paperweight,,,,,
64c8bd90388c4dbaf28e,paperclip,Hold pages together in a binder,,,,,
14ccd14a481ebf1e17dd,towel,Squeezing lemons for juicing,,,,,
473723c217937d7816d7,towel,Cleaning keyboard keys,,,,,
d6f857efdb7d86d010a8,can,To serve as a lever for prying,,,,,
50ecb529f766d8b6f1dc,fork,Spreading thin layers of paint,,,,,
c5362f33b0699f4358c1,paperclip,Holding together pictures in frames,,,,,
4b0a6ba1602d612020a2,book,As a paperweight,,,,,
69f3ef83cdeb0d1c89c4,towel,Wrapping hot items to handle,,,,,
628d88f5ebc9ccd88f15,paperclip,Connecting notes to a calendar,,,,,
204edad299d62f1d6f65,paperclip,Tying small bundles of papers,,,,,
c1b14f74b64963cd8ec4,fork,Opening lids of jars or cans,,,,,
40d6a507071f495d1602,towel,Starting campfires by scraping tinder,,,,,
862f60db28b96c1776fa,paperclip,Sort small objects like paper clips themselves,,,,,
9d0e126b75c8c756cf0c,fork,Scraping food from a plate,,,,,
525fe3abc96cda8232d4,book,Weight,,,,,
31f33ca1a76295faa1f4,fork,Opening tight lids on jars,,,,,
1a081de6d40869dd8544,fork,Cleaning small areas like dishes,,,,,
760e30c0f5cd381f8597,fork,Temporarily holding small items together,,,,,
16824a572e5d3caf1af7,can,Serving as a weapon,,,,,
df3a565724fad48a0dd7,paperclip,Connecting notes to reminders,,,,,
1ccb60358a4a38d5fa48,paperclip,Locking cardboard boxes shut temporarily,,,,,
940d2c231095c5282d7a,fork,Piercing cooked meats for temperature checks,,,,,
28e74a6226e480d5303a,can,Shoe holder for small items,,,,,
8d1f02497507b10295bf,book,Carving names or symbols for personalization,,,,,
3286ba28bbd66e96ff9f,book,Firestarter material,,,,,
9bd406fd0746e06416d9,book,Bookmark,,,,,
8908dba5ee4237e1b7f8,paperclip,Securing a note to a bottle,,,,,
86ffc1a1457fcc646aa8,paperclip,Secure envelopes,,,,,
86b4da0238b48df5606b,can,Using as a starter weapon in disguise,,,,,
89351e1c659f50c1ebe4,fork,Opening tight containers,,,,,
6bed4ce9509f89b6544e,can,Employing it as a stopper for irregularly shaped containers,,,,,
bdde1f68caeb71e70809,towel,Wrapping gifts,,,,,
026608c667fd2930c11c,can,Contain liquids,,,,,
b1f0cab636547e1b7b1a,towel,Holding plants while repotting,,,,,
e2a9945b95459cdc6134,book,Doorstop,,,,,
33a23a42a854b5343f71,book,Counterweight,,,,,
72c78a6dcfa2e7480603,fork,Illuminating small spaces in tight corners,,,,,
e62f9d7e4a33f0d1c1ca,paperclip,Hang lightweight items,,,,,
fa69d13a0d39d76bfb50,can,Opening jars with tight lids,,,,,
2bc374210b1c424096a3,paperclip,Creating small weights,,,,,
173a769da3eec9acf9b6,towel,Marking wood while measuring,,,,,
4b78aac0ded6e8e8c285,paperclip,Creating paper chains,,,,,
49659fad15c31c81ea49,towel,Dusting surfaces,,,,,
dc18dbb51db67f9211a8,fork,Holding up plants to check for pests,,,,,
7eb0e0c58fbd00f16891,fork,Piercing fabrics for sewing,,,,,
98656932e9a765f715f4,can,Marker for goals in games,,,,,
87543aeeca5f72e82f11,towel,Holding objects together temporarily with tape,,,,,
0f8d7786286862971a81,paperclip,Fastensurvey responses,,,,,
9e3866f7d9291a343ea6,book,Toy for pets,,,,,
91226c3f315c9ef9d436,fork,Picking grapes from bunches,,,,,
5a7e78590a423a216b3e,towel,Wrapping presents,,,,,
e68dc0cc81667baa231d,paperclip,Holding pages together in a file folder,,,,,
8f5728d1f30187a09c52,fork,Holding food while cutting,,,,,
0bdd03100f9c57a1d54c,can,Using as a makeshift wedge to open jars.,,,,,
99aa82fca4969e8da1f8,book,Paperweight,,,,,
f9461b3c9ef166e812cf,fork,Piercing food for testing temperature.,,,,,
43782484822f8f51d82a,book,Bed wedge,,,,,
399a2e18577506b05f3b,can,Marking straight lines on snow with a mallet,,,,,
da63ecc28d15480dcd1d,paperclip,Mini weight for balancing scales,,,,,
710a37d8b524af22f170,can,Using a cardboard can as a plant pot,,,,,
51ff6f2f9a8ba039cb4b,fork,Holding objects while applying glue or tape,,,,,
28c1ce3fba863244a502,can,Marking pages in a book without damaging the edges,,,,,
4a379878c06c3392d839,paperclip,Holding together loose screws or small hardware,,,,,
fee9aca9e0d457501374,towel,Dusting surfaces,,,,,
a433db949b304dd3122a,towel,Cleaning computer screens,,,,,
3f4b5782c51b837c6300,paperclip,Sealing small packages,,,,,
2ff0d6f0f5831c2a82eb,fork,Spreading butter on bread,,,,,
aea0301095b8c95b8b38,book,Ruler,,,,,
e6ced74333cccfa7206f,towel,Car washing,,,,,
c51ae26680d336f69563,fork,Testing the sharpness of a knife by pricking it,,,,,
eb234db51ef3f04783f0,book,Weight,,,,,
a6f437ba954ce8aa671e,towel,Wiping excess from a wet beard or mustache,,,,,
d17beb440a6898ce205b,towel,Cleaning windows,,,,,
474769d0152e360ad232,towel,Wiping fingerprints,,,,,
3c503840f63570069889,paperclip,Tie ribbons or strings together,,,,,
e3913e00e640e011ee39,can,To create fortifications during games like Laser tag,,,,,
6956a9daf7ecc70b8adf,can,For making a loud noise as a signal,,,,,
a8d69f9d8ecfab8f2566,paperclip,Holding pages together in a binder,,,,,
cc94bc39787e837ed6a3,paperclip,Bridging small gaps when building,,,,,
29b67fbcf2bd075fda33,paperclip,Hold business cards together,,,,,
b94cac14ae77a8f94ed1,towel,Wiping car windows,,,,,
aaa7a6f3ce7a177accbb,towel,Spot testing paint colors on skin,,,,,
c3e1ec3d417d96bd585e,book,Collectible item,,,,,
dcbbde5cf2a3b1c1e2ca,book,To serve as a paperweight,,,,,
6e208a8cf408d73d34bc,book,Replacement part for a bookend,,,,,
8257695774a665241f93,book,Weapon (when used as a club),,,,,
d2b68679120b13e5cb70,book,Doorstop,,,,,
9129d56b0f658ee40af5,paperclip,Temporarily attaching labels,,,,,
0e182ab05ad687bfd1a6,towel,Cleaning glasses,,,,,
2090ff0b99c6257d038f,towel,Absorbing oil from food,,,,,
841532bc2dd48e17e77b,fork,Holding up objects to view,,,,,
2d1a0ec5b42eda8defbc,can,Utensil rest during cooking,,,,,
c2c9ea36782d5dc3aeb7,towel,Scrub a plate with baking soda,,,,,
ba571141ebd383e2e753,fork,Turning off light switches in some older homes,,,,,
811388194f63b7fbe64a,paperclip,Secure ticket stubs,,,,,
46711d805583df43647a,towel,Dusting small surfaces,,,,,
9ed6a725492a94c595b6,towel,Plugging small leaks,,,,,
b0b873e99981cc720e32,book,Surface for writing or drawing,,,,,
2a9e94867e2a5d9f8ae4,book,Firestarter,,,,,
3fd423b31013478665fd,paperclip,Creating small decorations or charms,,,,,
0f0dc9e90d903c6c6255,paperclip,Mark place in books,,,,,
42a7fbf899ddadf0fd75,towel,Wiping hands before meals,,,,,
0b71f521d5bbbd8a71cf,paperclip,Creating simple clamps for small objects,,,,,
27115da1bc43463705d4,towel,Tying up hair,,,,,
b77f84f11ff7a3f1c0f6,paperclip,Magnet holder with string,,,,,
5450fc2e7b3be564f7a6,can,作为实验器材进行物理实验,,,,,
c1afd8a5de4c20ed27c9,paperclip,Cleaning ears (soft paperclips),,,,,
025e2eeda270badfd2f2,towel,Shielding yourself from hot surfaces,,,,,
a4d41a73235439a83e8b,towel,Mopping small areas when a mop isn't available,,,,,
c67129506f04eaa5beba,paperclip,Securing loose tickets or receipts,,,,,
080ac3d331f92a450974,paperclip,Making temporary bookmarks,,,,,
b0e5b9e8263764705557,towel,Making quick-bandages for minor cuts,,,,,
f2ac723272ee210df677,fork,Cleaning tiny objects,,,,,
7d972fea23bb66d16a15,towel,Wiping dirty dishes before washing,,,,,
06557deb628bbbcae2c6,fork,Initiating small fires,,,,,
6d687ef775aedbb54667,paperclip,Holding papers together,,,,,
a569f4ce8e0ac8b3ac54,towel,Covering food to keep it fresh,,,,,
fb7f406f77abad0a59fb,can,As a tool for tapping into jars to check contents without opening them completely,,,,,
dab42c78c39ff999e832,paperclip,Stand in for a doorstop,,,,,
29b936f53f3ff585bf68,fork,Cleaning small crevices on furniture,,,,,
5b65db9b5f150ebe71e0,paperclip,Joining small odds and ends together,,,,,
6dd0d679c8a25e77f5fc,towel,Holding small objects,,,,,
34ebfa075ee381e149ad,book,Doorstop,,,,,
7c6a5377a4d6b3f60c72,paperclip,Holding together paper edges for tracing,,,,,
761ed685c4455aa29899,towel,Making temporary jewelry clamps,,,,,
749afce7955e5175a0c2,paperclip,Temporarily fix misplaced pens,,,,,
cbb0ea47fed72888bff6,paperclip,Holding pages together in a binder,,,,,
411cdf6660d5261fa574,paperclip,As a loop to attach a label to a file,,,,,
63c11476edee663bf714,fork,Unwrapping candy wrappers,,,,,
92cf7cb4da1aa1cef4b3,fork,Pry apart tiles or linoleum,,,,,
ec3f1d7b731740db3b38,can,Creating shadows for puppets,,,,,
2cb7f7b8003997c83b18,book,Bookmark for pages,,,,,
8f52c42e0dcee0f2b3eb,towel,Creating a slip-resistant barrier in bathrooms,,,,,
551b607b9aa29e09dfc6,paperclip,Squeezing out excess ink from a felt tip pen,,,,,
9bb555e8e7104342665c,can,To act as a cutting board,,,,,
81a60f61fd14b45a4b4f,towel,Serving as a makeshift bandage,,,,,
ce21788edb53a2a051eb,book,"鱼饵 (Note: This translates to ""Fishbait"")",,,,,
36eede3b333d699d72e7,paperclip,Securing a small note to an envelope,,,,,
098baddfb4a26c87fbec,paperclip,Organizing small items like buttons or pins,,,,,
399a28b0b7149c1252ad,paperclip,Organizing jewelry on a magnet,,,,,
0af6de65752e9c0878b5,paperclip,Marking bookmarks,,,,,
a5fd3e57137a21eaa964,paperclip,Fasten business cards together,,,,,
23009003a1b124a54f8e,fork,Playing simple musical instruments,,,,,
5a82d12a7d139fa10336,towel,Dusting small objects,,,,,
7a3a85f3cd7f07a10d05,towel,Emergency sacking for small objects,,,,,
0b68fb08ea16bea7caae,paperclip,Keeping eyeglasses in place,,,,,
359d6a2ffab2db0d281a,can,Scratching an itchy spot when hands are busy.,,,,,
3a9ad411bc3611bbd83b,paperclip,Secure business card to note,,,,,
07334256d3e224bce7ca,fork,Assisting in ice removal from glass,,,,,
6f946fe109a40bcde812,book,Standing aid for children learning to walk,,,,,
6357df9ad7041e2468ea,paperclip,Reinforcing a piece of mail,,,,,
e16948e521e183f5c40a,towel,Dusting furniture,,,,,
0e50df1ff926fdebb29a,fork,Creating small fences or barriers indoors,,,,,
36173eafe8d868f510ee,fork,Taking apart small electronics,,,,,
ffcd194c9ba81d9f71ef,book,Seat cushion,,,,,
5a6aa672ea2c806e39fd,towel,Marking fabric during sewing,,,,,
fccc92d217ee2e9ce7cf,can,Using as a crutch,,,,,
20116ad3d4a121d6dcc3,towel,Adjusting tight clothing,,,,,
f0873926cef25d219bac,can,Serving as a toy for a pet animal,,,,,
5e0a97a9d8c190d9102f,book,Emergency shelter material,,,,,
17c566efa9556ad7e5a1,towel,Removing makeup from faces,,,,,
f19119afd719554eb528,towel,Wiping hands,,,,,
5e6bb017fbe6306f84b9,can,Opening jars,,,,,
5b243d7e31757e26f97d,fork,Holding glasses or bowls steady,,,,,
eaadd731ca4f19946a14,towel,Curling hair,,,,,
9953746d97937d7706a8,book,Weight to flatten folded paper,,,,,
aa5f1959917c181116f6,paperclip,Securing loose receipts or tickets,,,,,
09e22e93a1a1dd789fac,can,Covering wet shoes to dry them,,,,,
1628e7fd68e1ffd0cca8,can,As a paperweight,,,,,
a557589bc7d1f2f65d76,towel,Removing sticky notes,,,,,
fc16498f55c081725c9f,towel,Wrapping gifts lightly,,,,,
5c5f13d35c98ca7c22f4,book,Paperweight,,,,,
33d68d1bdbebad1483ab,paperclip,Marking the edge of pages for easy reference,,,,,
aa7bd734becf33166413,can,To scrape wax off a record or compact disc,,,,,
6cd8de3597f0b904fe68,fork,Aligning and guiding items into slots or holes,,,,,
356d2a2f748e4aaa0462,book,Book as a ruler,,,,,
eee7b2270ff38cb1dbd9,can,Can to save loose change,,,,,
b2f814bdeeb3a390a2b1,towel,Wrapping包裹易碎物品,,,,,
153164b4a5a71cb50972,towel,Polishing surfaces,,,,,
2768780a2b73951720ed,paperclip,Marking pages in bound books without damaging them,,,,,
baf49426c2d066dbecde,towel,Polishing shoes,,,,,
217595d9a35d29db901e,paperclip,Hold notes together,,,,,
2438805980204d740414,fork,Opening tight jars,,,,,
374992c79d82cc4e0c71,can,Waving to signal,,,,,
531e5081fee6974291e5,can,Road sign stand,,,,,
aeee8e049f57f48e8a28,fork,Tying short lengths of string,,,,,
3135d22251b887714d08,towel,Wiping shoes,,,,,
6a8450cc42553d8a75fc,fork,Stabbing food to check if it's cooked,,,,,
daf0171763605552606c,can,Cover for small openings,,,,,
85b0dbede3331a107ab2,book,Marker in a newspaper,,,,,
d71363247f4acd6be692,towel,Cleaning electronic screens,,,,,
ef070f4ab91bae003b74,paperclip,Keeping office plants upright,,,,,
89d836d4df835fc6adb9,can,Platform for lighting candles or small lamps,,,,,
598635ea9a7da4751ea1,can,Protecting delicate items during travel,,,,,
0a38c383fbe84dda17b6,paperclip,Label cables,,,,,
6b2dc8a19c68a9e7ce12,can,As a temporary pencil holder,,,,,
88703e594e084e4a92cb,towel,Scratching paint off furniture,,,,,
c429f18f204861085df7,paperclip,Organize small items in a bowl,,,,,
17ee883099330246ea19,book,Toy for younger children,,,,,
2522e2ef959227df815d,book,Trivet,,,,,
ad06519c1b8a3559b901,towel,Squeezing water out of plants,,,,,
69b79ea9333a5d29300c,towel,Dusting furniture,,,,,
ffc41919cdeaaec36a37,paperclip,Opening packaging tape,,,,,
d1650931a0cf9b734c90,towel,Dust a bookshelf,,,,,
fa2638760d0dcf71001d,paperclip,Secure clips or pins,,,,,
e9591e37a75e66d73496,fork,Spreading peanut butter on bread,,,,,
d6d9e157304841753c20,book,Background prop in photos,,,,,
c119e4946858195bf19e,towel,Wipe feet,,,,,
c7bc3c5ac2698d5410ab,can,Throwing at targets,,,,,
fa216f1aa36634ce6f9f,can,Fan for cooling insects,,,,,
78541ed729f6d5f62500,towel,Allowing paint to dry on a palette,,,,,
b0abe8862387928f48af,towel,Creating a makeshift bandage,,,,,
5fc4087c07b26d892fee,fork,Creating patterns in sand at the beach,,,,,
6e69dc5579563e350d58,can,Supporting a plant as a stake,,,,,
e4d68fc16e0ef36f943e,book,Fishing lure,,,,,
d1018b85ff3d52f774b8,fork,Holding pages while reading,,,,,
ce38177d49e45b641155,can,Utilizing it as a door stopper,,,,,
9a230935f3149d1d9957,towel,Protecting surfaces from heat,,,,,
48f31feb1f6e613d6bfe,book,Fan decoration,,,,,
9dc96d53b4558a79245c,paperclip,Hold together loose receipts,,,,,
5b63e166244bbec17272,fork,Spacing paper clips on a desk,,,,,
576b259f9afc4ff8c03c,can,Hammering in small nails,,,,,
44348b5ba51594900bd2,paperclip,Adjusting small levers,,,,,
edd2b4e55108142c5d8e,paperclip,Hold papers together,,,,,
3ef1410f2adfbfb955e0,paperclip,Making simple paper clips with thin wire,,,,,
50eef9fa04fa46331f8a,can,Holding small decorators or trinkets,,,,,
1642707e116480304d72,fork,Punching small holes in paper,,,,,
38ec6661dea565068109,fork,Holding small items to examine,,,,,
8a81d40d4829e6ddea8a,paperclip,Creating a simple paper clip art,,,,,
dc31f827453c8f0a31ce,can,Bolt cutter (in extreme cases),,,,,
acb56f9a24ff47c2686e,book,Bookmark,,,,,
f984e12207deb741da4f,book,Bat for hitting a ball,,,,,
238795c0096eb94ab370,towel,Plugging small leaks in containers,,,,,
7cf952e0362e96dce09b,towel,Marking a board during bowling or billiards,,,,,
123b655f1daab9534e62,paperclip,Measuring small distances (approximate),,,,,
57d24f5110a7dc3a258a,towel,Polishing furniture,,,,,
3bddb91f08e0e6883f85,book,Bookmark,,,,,
bcf69ebeb8ec53b675cc,fork,Assisting in mixing low viscosity liquids,,,,,
2231b3d16de01ad456eb,paperclip,Temporarily reinforce torn paper,,,,,
1877d27788e591d266e4,towel,Wiping windows,,,,,
51100ea9665f7ae05d09,paperclip,Mark page numbers,,,,,
09a62076cf228a793a39,towel,Absorbing spills,,,,,
40a18797d73c6838f132,can,Spoon rest for kitchen use,,,,,
8d70693ad84fccca3910,towel,Pacify a crying infant.,,,,,
b2eb187c3a4317bdbd6c,book,Decoration on a shelf,,,,,
3599c66ab49189f3b25a,fork,Holding small objects while gluing,,,,,
f6bc824a5842d1d4c8a3,book,Fan,,,,,
b3d10aa2ac6e93dfa489,can,Surface for painting ceramics,,,,,
b59e20c19f34e82ff6bd,can,Providing support for hanging plants,,,,,
bfbeedcf8c7ce84cb07f,book,Doorstop,,,,,
c7bad031186b87760aa5,paperclip,Hanging items by clipping onto a wire,,,,,
fa2ac06f51c7310fd14e,towel,Cleaning contact lenses,,,,,
d13849af9660e58f01b7,towel,Protecting furniture,,,,,
9ee16d2b424956b31a64,towel,Cleaning up small spills,,,,,
17b3662108ebbf982ba9,fork,Cleaning small crevices,,,,,
182e8cd31af5403370c7,paperclip,Attach notes to objects,,,,,
fa57bfa41da8c02d3548,can,For serving food during meals,,,,,
c5639e17fc4ff34abd09,towel,Polishing metals,,,,,
4193f4d29e436e67bdc8,fork,Skimming liquids to remove debris.,,,,,
63dd28b06562a89f758d,paperclip,Holding sheets of paper together,,,,,
52610c99a7a9b97f5530,book,Sword (in some fantasy contexts),,,,,
f82d0663320b7cad3d7f,paperclip,Making simple paper clips with a standard clip,,,,,
d00fead15aa22f8dee5c,towel,Adjusting glasses on lenses,,,,,
effdea9e69cb50a16112,book,Doorstop,,,,,
b9776e742cbd175009ba,fork,Touching someone playfully,,,,,
0e344cec5071166f2756,book,A history artifact in archaeology,,,,,
a9d307dbf18db48b3c31,book,seat cushion,,,,,
030237a4636b8262000e,book,Fishing lure,,,,,
8448168864c8d2f68283,book,Instructive prop,,,,,
c7f73fea84134d7a6d2e,towel,Absorbing spills,,,,,
b2a86b4c383a56828a2a,book,A sound absorber in a home studio,,,,,
d8ae00e71cb8ce278aef,fork,Removing stickers or labels by prying them off,,,,,
6bff6f9b37ba36040e87,paperclip,Hold money clumps together,,,,,
ff255b467b129c264f87,towel,Cleaning dust from electronic devices,,,,,
904a43a9fe4acb9bf636,can,As a weapon in a pinch,,,,,
eb8a683a1255c87fa9ae,towel,Scraping surfaces,,,,,
46dce0b487cee1ab740e,paperclip,Creating simple paper airplane weights,,,,,
272535fc78df681bb1e2,book,Planter for small seeds,,,,,
0daabd74671e86d79663,paperclip,Creating small loops for hanging objects,,,,,
5aeedfb59d7514c24804,book,Toy for a dog to chew,,,,,
c0e41aa3815b34754012,fork,Uncoiling wire for jewelry making,,,,,
f531da672c4ec34dd145,fork,Measures shallow distances,,,,,
735e069794952887a98a,fork,Spacing plants in a garden,,,,,
07c2a66bce5011fa9f03,fork,Skimming solids from liquids,,,,,
66735a7d065d9108e354,towel,Blotting sweat from the skin,,,,,
89b511a279de191fda08,fork,Holding objects at bird feeders,,,,,
1784074451a78a76086c,book,Fire starter,,,,,
49f690edc73c38d1983d,towel,Wiping spills,,,,,
ecf81ac9a9a79fcc6e5f,book,Sound damping by placing near speakers,,,,,
edf712828d0c32a83222,towel,Polishing furniture,,,,,
f1d42d017ff2b725618a,can,To support a plant in planters,,,,,
a086ac5acfeb83d308b9,fork,Clearing hair from drains,,,,,
f463c78a3f566baac23e,fork,Indenting materials for crafts or decorative purposes,,,,,
701b61f5298e1b009bca,can,Hammering small nails,,,,,
604447d05d2ae27d9e45,paperclip,Hold pages together in a binder,,,,,
f27ffdac703f76bd7075,paperclip,Creating a bookmark,,,,,
3b0b762986ba26906a01,paperclip,Mark the last page turned in a book,,,,,
c4586186d69630052005,book,Sound amplifier by tapping pages,,,,,
b7ca0fb00edbf72631fc,paperclip,Use as a simple paper weight,,,,,
2f8ff2d4f87701472fa9,paperclip,Marking pages in closed books,,,,,
26c67b668ae8f373d3ca,book,Stand for holding small items,,,,,
42a9f0c364a030448d78,paperclip,Joining smaller paper pieces,,,,,
3baa2428c7ab23126a79,can,To beat out dust from clothing,,,,,
3fb3cada1e7edbb95505,fork,Piercing food,,,,,
3ed195858680295b6eef,fork,Serving individual portions,,,,,
5b00448ed7ce2e99ad19,fork,Mixing batter or dough,,,,,
a658b4f8dca33efa092f,towel,Absorbing spills,,,,,
75d4efc3a581ca21b4cf,paperclip,Holding pages together in a stack,,,,,
3f02766c569cb940431d,can,Holding papers together in place of clips,,,,,
94bb85c3b78ebe4320b8,book,Bookmark,,,,,
2b199f16be4702e5c055,towel,Holding small items together,,,,,
839b14a3b27f77466213,paperclip,Creating paperclip rings for office supplies,,,,,
be351fe970c61b13a055,can,As a hammer for driven nails,,,,,
0a6f6f62d13dd212efd7,towel,Wrapping cold items for insulation,,,,,
18be37b394e072d9818c,towel,Drying hands,,,,,
95495aed1918fd82ef0a,towel,Scratch bathroom fixtures,,,,,
5e24dfe309ede9a11b8b,book,Frisbee,,,,,
954a87e70bf1e699096f,book,Fire starter,,,,,
63491a3b7f3087e83a5f,can,Mixing small amounts of ingredients,,,,,
29c7c85d62bd086942b2,towel,Wiping down surfaces,,,,,
639e3b479c41ea82554d,paperclip,Serving as a simple paper folding guide,,,,,
9aa155937f4f6de7c0f6,paperclip,Indicating a follow-up item in mail,,,,,
c48de0c25c1a4471e2a4,book,Using the pages for kindling,,,,,
5d06d2bc05ad408489bd,can,Using as a paint palette for small projects,,,,,
73fa22ef1e9f4fc6018d,fork,Scraping food from plates,,,,,
de0aa7ba13d3c9e78613,towel,Straining pasta,,,,,
dd5f95f6ce77f1ef2fe5,paperclip,Hold locker combinations together,,,,,
5e8b2b5551870780c641,can,Can to store jewelry,,,,,
2fd2958e5205881e2b41,towel,Absorbing spills on kitchen counters,,,,,
4ab8686999479269f3b4,towel,Making a simple tool for hanging picture frames,,,,,
f7ee00c1b3e8e5e0d88e,fork,Cleaning small parts,,,,,
8cb00da9a2ec42b08cc5,towel,Cleaning glasses and mirrors,,,,,
2dbf20ff4605b9ae82bb,can,Separating layers of clothing,,,,,
293d92d86a88ab453d5b,book,Frisbee when thrown flat,,,,,
db4d3b2ebdcdc5911f9c,towel,Clearing condensation from windows,,,,,
0fbb815441d3289a65a6,fork,"Spacing items to dry, like sock pairs",,,,,
d9589501f59b9acdec7b,fork,Turning pages in a book,,,,,
89602c2ccfd68fd653f6,paperclip,Marking page numbers in books,,,,,
4b471397d0d48a3cb449,book,Sound amplifier,,,,,
c007423584b66fd9eeb7,towel,Fixing small dents in cars,,,,,
d672483eb7ad69f54772,paperclip,Temporarily fasten fabric pieces,,,,,
298716b9acccd05aef75,can,Removing small objects from tight spaces,,,,,
ef144f676af889d4abc3,fork,Holding notes while reading music,,,,,
bce815408bd8c288ebff,fork,Marking spots in fabric for sewing,,,,,
a1b83412d793f45954fc,fork,Tapping on computer keyboards to stabilize them.,,,,,
a05757230deed8bd02c6,fork,Creating small marks on wood or plastic,,,,,
0b6c8a4bfe57e1b471e2,book,Paperweight,,,,,
7001b4e10bc6cd1b5148,can,Hammering small nails,,,,,
247032d9dbdc41cd4af0,can,Holding papers together,,,,,
16e8aa0936c8954a9682,towel,Wrapping gifts,,,,,
4ce1410e6c51191b9d4b,can,Support for propping up something heavy temporarily,,,,,
c9bd062841ef9f26eb9e,book,Base for sculptures,,,,,
20529b7f92a75dc5de53,can,Utensil for cooking,,,,,
dc3347b9004f84fd22a8,towel,Stabilizing plants during transplanting,,,,,
6690bc6ef736adf70f27,book,Boat anchor,,,,,
75e266a4834ebf9e4e23,towel,Opening jars,,,,,
f34ea2b05b036431b2a8,paperclip,Keeping book pages in order,,,,,
632c942d98281e9e5a0c,fork,Piercing through sandwiches for easy handling,,,,,
71bee7a2b81c2174ccbc,fork,Scraping paint from walls,,,,,
4d64c25f3bd3aafd0c1e,book,Stapler for lightweight stapling tasks.,,,,,
1adc753901666800811f,can,Prop for temporary support,,,,,
8e145ea25ba875ec51c9,fork,Measuringshortdistances,,,,,
0059846b399e95f9b5de,fork,Prying open containers,,,,,
b324c3b73a8665ba59bf,towel,Starting fires in fireplaces,,,,,
4cbba72266ff4493c5c7,fork,Unlocking small mechanical devices.,,,,,
ba220e8a22d02d63c603,book,Ink blotter,,,,,
68f3d00a3b7ca343c458,can,Planting small seedlings,,,,,
f6ba4f086df3b0322aff,paperclip,Connect wires for organizational purposes,,,,,
e1fd8ea165e6bf2b1e86,towel,Cleaning shoes,,,,,
4c30b62cd68bfcc67c90,towel,Wiping mirrors,,,,,
4c14562c1303e113fdb5,can,Toy for pets,,,,,
e018abdae5c40eaf52e7,fork,Sound maker for signaling,,,,,
084502925131e42efb8c,can,As a makeshift flag for marking trails,,,,,
43e3c2b18e80de0df362,paperclip,Making a simple paperweight if folded into a specific shape,,,,,
4c91ba0e16247cd12589,fork,Pressing small objects or rivets,,,,,
c946a3b33d58b6993540,paperclip,Hold hair in place,,,,,
cc7143d95f615a9b33bd,paperclip,Hold paper together,,,,,
caff93ed4f993a9573ef,towel,Cleaning car windows,,,,,
1acacedaabd4416d39d5,can,Self-defense,,,,,
560546f72263705c082d,towel,Absorbing spills on countertops,,,,,
66b472206762d4621a58,can,Prising open jars,,,,,
69fac9e964f01558f6bc,fork,Mixing small quantities,,,,,
f72b3aacef3287115cb3,book,Diving weight,,,,,
4bdfb0fa78eb9bda7d65,paperclip,Tying light items with string,,,,,
eea9870dd7c626f82da3,fork,Spreading butter on bread,,,,,
6e523a8d550a371b115c,paperclip,Marking spots in bound books,,,,,
7626bda06c81b382cdc8,book,Firestarter,,,,,
b4d67faf83823c1cbeda,can,Serving as a stepping stool with caution,,,,,
170a137d30a1ec94fcf5,fork,Creating small holes in plant pots for drainage,,,,,
f79c756eaa15b33c12e2,towel,Wiping hands post-wash,,,,,
eef44c0e8f7ea331f909,towel,Cleaning computer screens,,,,,
765014241a5429e06031,fork,Scraping the sides of a bowl,,,,,
8243b1d4360ededd9ae3,towel,Polish silverware,,,,,
cdf80f6124d84858aa0c,towel,Creating temporary pet litter in an emergency,,,,,
1073ada3877738d346bc,paperclip,Indicating the start or end of a document section,,,,,
e39cb730d20c98e3ca80,book,Plant protector,,,,,
137cdc3a3642badd497d,fork,Skimming solids from liquids,,,,,
6b60daee56a32eb935fa,paperclip,Signal in survival situations,,,,,
3bf4575841f11991c935,fork,Piercing small objects,,,,,
861cb35c11ab9f049416,book,Bookmark,,,,,
65ebdcef209e698b5588,towel,Plugging gaps,,,,,
26b7660b344b193c5df6,book,Kindle fire starter,,,,,
a609e8c6b1cc1fc252e4,book,Placing books as a standing plant pot support,,,,,
fce303e68828b9ec2363,towel,Protecting artwork during moves,,,,,
09a038f82f90b6c7cfde,can,measuring tool for liquid volume,,,,,
41acc3f44a18431de401,book,Emergency kindling,,,,,
75ebf29db4141e961787,fork,Releasing stuck food particles,,,,,
3743d5e568579e0137e1,towel,Drying hands,,,,,
3f392fbb6f252f171a9e,book,Weight for keeping pages together,,,,,
ad9923346c95e1418b57,paperclip,Adjusting the tension of a sewing machine needle,,,,,
9e637dc8983ae99b1cde,can,Rectangle frame for small DIY projects,,,,,
f0537e0749557657cd80,can,Used to hold miscellaneous items in a briefcase,,,,,
925a1e50c4dd14966a9f,can,Marking pages in a book,,,,,
efa4c3e8a5af5aa1a793,paperclip,Testing the alignment of edges,,,,,
0f92c044aae09d31e775,book,Curling tool,,,,,
a2faeaf4e040c9e26a0e,book,Paperweight,,,,,
e2a83400ef26f0b62beb,towel,Cleaning eyeglasses or sunglasses,,,,,
1c477648c839bcdf00d4,book,Plant marking guide,,,,,
c68735bb61d0e8ceb9ad,can,Using the can to organize small objects in drawers,,,,,
ad8cadad8ece8de1b2ef,towel,Polish glass and chrome surfaces,,,,,
436d0288e592d199881a,fork,Tapping rhythm on a table,,,,,
604cecee5a1dabc2bdb2,can,Container for holding small items,,,,,
9a49e6baa9b7a0a0e934,towel,Sealing envelopes or packages,,,,,
457ab6d183eb2863a201,fork,Cleaning small parts in electronics,,,,,
f5497784e4dc3ccc973e,towel,Protecting furniture during moves,,,,,
128c2a4a1de889bef533,book,Wall decoration,,,,,
aa7c5824b09706c56d95,can,Used to weigh down a tent corner in windy conditions,,,,,
561edb2e38e9cd80750c,paperclip,Configuring as a makeshift fastener,,,,,
b5201d1a7643ad8839fd,towel,Drying dishes,,,,,
7928b74574cbb3c13af8,fork,Opening tight jars or bottles,,,,,
7ebeacc36b2c73bc8efc,towel,Temporary bandage,,,,,
506fd2299a7a89474856,can,Home security device for alarms,,,,,
cc7c66929ab2894c9513,can,Child's balancing board,,,,,
1be3ec210dd8a5859d77,book,Tent weight,,,,,
2e91db6cfd06cad3d791,can,Starting a fire when combined with dry grass,,,,,
0208cabcd2671e978836,towel,Polishing shoes,,,,,
f5693d3292a4a99e4c7b,fork,Holding down pages in books,,,,,
ff3e11198ae5e6016348,towel,Scrubbing mild stains from granite countertops,,,,,
92c42748c8fa521d4896,towel,Scraping vegetables to remove excess water,,,,,
c000fae336770b06f4be,book,Weight,,,,,
a7bdea0f53a64f2c6f3e,can,Trash bin for small items,,,,,
c150200e0e71b63fdada,can,To hold paperclips,,,,,
56a27ef8f4e15dcbfa10,towel,Squeezing lemons,,,,,
8dcca89194a317139fc0,book,For bookmarking pages in another book,,,,,
0f2d80922094f902301f,towel,Wiping hands,,,,,
1ee03de0b14e7e5c165c,can,As a container for holding miscellaneous items,,,,,
56ea0ab2cbb281778e8d,paperclip,Keep menu pages together,,,,,
48b9def14f2823d85851,towel,Creating temporary barriers for painting,,,,,
aadd1efe81f596f6eef9,towel,Placing under ornaments for protection,,,,,
abc45434e098109c0a57,paperclip,Measuring short distances,,,,,
535f868448d7e1bf99f6,can,Holding small plants temporarily,,,,,
e72ac6e36e6d7b58308b,fork,Beatifying dried sponge brushes,,,,,
2bd880db868725e3673f,paperclip,Attach tags to packages,,,,,
b6cfaae9d567edd4fa8b,paperclip,Crafting paper crafts or art projects,,,,,
da278a53bb83bfd698a0,fork,Tempering chocolate for crafting,,,,,
3b4b1898fea0c6d2d367,towel,Cleaning computer screens,,,,,
fe0ed3960dac04a2a427,book,Temporarily as a ruler for straight edges,,,,,
5b21580a7a4d5360240b,fork,Holding small objects in place,,,,,
45b53dfeac7b114104dd,book,To spin a coin across,,,,,
6af34c75308ee6db466e,paperclip,Securing paper weights near the edge,,,,,
3a5618ba8598472ece1e,paperclip,Indicator for pending documents on a desk,,,,,
2817c3776b2c9429644e,paperclip,Indicating importance or priority,,,,,
4696e55b5962b127cd09,book,Seat for small objects,,,,,
c9b503285a97a52d54a0,fork,Marking your place while reading unstapled documents,,,,,
d7bc0381921ccf8362c7,paperclip,Breaker for zippers,,,,,
acb63706aa7ff80dda2d,paperclip,Holding business cards together,,,,,
346f43668cbb42a7c5ad,fork,Decorating cakes,,,,,
3b0e45fd66b1a13a4e64,book,Weight,,,,,
83ece099dea50b060e08,towel,Binding minor cuts,,,,,
c860c6dd95b4da2dabde,towel,Wiping hands dry,,,,,
0dfcde63cec37c821be2,fork,Marking pages in books without using a pencil,,,,,
3929a882f204b93c93b0,book,Trash bin,,,,,
a433ccf65dfb7a433dc9,book,Musical instrument (thrumming),,,,,
f67aae28c73d9f74ab25,paperclip,Indicating tasks on to-do lists,,,,,
611cdc3ff9e0ed404714,towel,Wiping hands,,,,,
01202dd303aa305d4690,towel,Tempering beverages to room temperature,,,,,
fc4a07be96638fd71441,can,As a weight for fishing lines,,,,,
0aa6694a9d9cd1b77b6c,paperclip,Securing notes to memo pads,,,,,
03d6bf2fb46769c87431,fork,Marking pages in a book.,,,,,
959f42735eaa673e479f,book,Plant pot,,,,,
ac49f20af202164cb206,towel,Dusting surfaces,,,,,
2601dff046a77a2f6abd,towel,Wiping hands dry,,,,,
a4b6e942b4645b0dde83,book,To use as a bookmark for multiple books,,,,,
f82dc498f8c7598c3158,book,Weight for a sewing project,,,,,
6ad8840dd58e4fa616bf,fork,Creating decorative patterns on food,,,,,
8f07d6e6190f4d34c44d,fork,Straightening pins or needles,,,,,
aaa8b79781f2d347d7a0,towel,Holding small items,,,,,
183e309f0b91c70e9bd0,book,Nightlight (if small and square),,,,,
021c7fd9d67bb5f0f85e,towel,Wrapping gifts,,,,,
97597ac690270eccd71f,can,Using as a signaling device in emergencies,,,,,
cec9937962b0eee7a5bd,towel,Absorbing water from wet floors,,,,,
dff0a8c43431aecd3446,towel,Wiping keyboards,,,,,
34765e4fae1c037f60ce,book,Elevation support for reading in bed,,,,,
d2a67ebbd75dc582d215,fork,Opening tight jars,,,,,
f69acdab987d3910b1ba,towel,Making quick repairs with bandages,,,,,
dbc86e9ce09cf746d68f,towel,Wiping hands,,,,,
18a446a04f9961f0b3c7,towel,Polishing shoes,,,,,
8851365fa9f5bbb7e350,paperclip,Mark reminder notes on a calendar,,,,,
2a59ca8161cc35ded987,paperclip,Counterweight for small objects,,,,,
600af4b83fb14ba38b26,paperclip,Bridge building with paper clips and newspaper strips,,,,,
5f43cd6bf253955d5ae9,can,Marking surfaces as a makeshift compass,,,,,
ae808b2fe4ec426edb03,book,Firestarter,,,,,
22dfb5ce58c09af4194d,can,Shielding from light,,,,,
3480531c847331b0562d,paperclip,Mark places in books,,,,,
98c105eabee21e40278d,can,Tool for unlocking certain types of public phone booths,,,,,
1e5ae3a8ca850c6b9138,paperclip,Open a stuck drawer by creating a mechanism to slide under the stuck portion,,,,,
be355ba7c2a442cecda1,fork,Prodding or stirring contents in a pot or pan,,,,,
f55f167fd124bd4f784b,can,用于裁缝制作模型人体,,,,,
e74c42e793955ee982fe,towel,Wiping hands,,,,,
d20a92de501161b768af,book,Paperweight,,,,,
7a3418ec66761b9c5e9d,book,Tool for opening jars,,,,,
99080a85443e654cec58,can,Allowing for better grip when opening cans,,,,,
9c97d480789729f76c04,book,Scribble pad,,,,,
f52c370e7ff28eab3d86,towel,Polishing shoes,,,,,
8393f249d8a5cce9e09b,can,Indicating a location in hiking or camping,,,,,
6aeccbe244bde451cb9d,towel,Wiping dry dishes,,,,,
4fd4cfc429adff9ae46c,fork,Stirring small amounts of liquid,,,,,
8a3fcae11ce17b1413b6,book,Bookmark,,,,,
538f498c7f81c8b60b53,towel,Wiping dry surfaces,,,,,
f1b6d1bd6b31ed6ec359,book,Paperweight,,,,,
b269504b68bee11a9055,fork,Gripping small objects,,,,,
7231de64a29607319c33,towel,Dusting surfaces,,,,,
a804bfa5258cb30c9b3e,towel,Cleaning computer screens,,,,,
058a5f6e06183f095eaa,paperclip,Hold pushpins or tacks in place,,,,,
ac0d1e48b31118a75566,fork,Tapping code on surfaces,,,,,
2c402bc1ace6eb4e3d19,paperclip,制作简易快艇 (Make a makeshift paperclip boat),,,,,
9f4806969f5eef058a21,can,Measuring small quantities,,,,,
06541a1abd6cb874962a,can,Open tight jars,,,,,
564d957b1af2ef35a18a,paperclip,Create small weights for crafting,,,,,
5e809cb9d76fd1fe15ce,towel,Holding plants or seedlings,,,,,
c87e968d8f61d82b3c90,can,Marker for vertical organization systems,,,,,
d0df1e4a7744316cecb3,can,Musical instrument,,,,,
07805d8447e117fda395,can,Support for a small plant pot,,,,,
bdfbd69aa97bece394c2,book,Firestarter,,,,,
ddea6e0cf769a2465b9a,fork,Tapping节奏，指示节拍,,,,,
4d093bdfbc66a18c78f8,paperclip,Hold wire ends together,,,,,
1567fc782a406f384098,book,Magnet for fridge (with magnetic cover),,,,,
17bc1068e5574fcba16a,book,Book as a tracing template for designs,,,,,
bf90f7fda9504d4c13a5,towel,Cleaning up small spills on countertops,,,,,
da9e0837496c1d2085f3,paperclip,Magnifying glass (when placed over text),,,,,
7e231f3824bae6cba038,can,Fishing float,,,,,
1743eba522fbc884c77f,fork,Twirling hair,,,,,
c621c32f70bba4c79d93,can,Hairbrush,,,,,
1cc129ba4164e2764291,can,Bottle opener,,,,,
db91fa70da4f3cef2e74,fork,Pricking cucumbers for a salad,,,,,
56e01c77fcd226b8a60a,book,Musical instrument (by tapping the pages),,,,,
7e727accfe5e8acdebd7,can,Cutting cellophane,,,,,
70b00aefa1c68de565cf,fork,Poking holes in bread before baking,,,,,
a3421a5b2a1fa34cfa5a,towel,Insulating hot surfaces,,,,,
8716b7e91cd9408357fd,paperclip,Starting a small fire,,,,,
6c2d5365db7608da3c28,towel,Dusting surfaces,,,,,
57151337024204781504,paperclip,Securing business cards to a note,,,,,
c37d94ab605461c8e9fd,paperclip,Create simple paper clips art,,,,,
afa306ed3195692bec03,paperclip,Creating a paperclip chain as decoration,,,,,
04221c634faf243c45ea,fork,Cleaning corners of paint cans,,,,,
d3156e4571d57ddad247,towel,Collecting small parts or coins,,,,,
82a8e7498d3cff457b3f,fork,As a fishing hook,,,,,
4f933ba40605809f9cc0,can,Support for pendant lights,,,,,
96e7b994a0d957c6dead,book,As a toy for pets,,,,,
2699c966614073da2469,towel,Wringing out water,,,,,
d56197df539d508a1f75,fork,Punting aquatic plants,,,,,
9b4d3a37210e28412967,paperclip,Keeping pages open in a book,,,,,
a3507c956a086f245a64,can,Surface for painting or art,,,,,
698f85e6973f38f2554d,fork,Pricking balloons for quick deflating,,,,,
f104221a8dce429b4b97,can,Weightlifting for building grip strength,,,,,
f19941debea64910e6db,fork,Opening tight lids on jars,,,,,
64362073c7e4be761b84,can,Lamp shade,,,,,
5f9342972c17a485e350,book,Using pages to smooth out board edges,,,,,
a608a56f2a033d1bc16f,can,Marking objects for easy identification,,,,,
e7feceb7b5b90bad2b40,paperclip,Hanging up small items with a paperclip hook,,,,,
f8a7a52b5d5930d4a878,towel,Polishing shoes,,,,,
3dcb3a6a480ac01b726d,fork,As a makeshift awl for leather,,,,,
e6d560d76d1a7a4ae75c,book,Serve as a weight,,,,,
2b1fdbd9654c07e5602b,paperclip,Attach tags to items,,,,,
f9649287c50045b2d5f7,fork,在装饰蛋糕时作为小型工具,,,,,
0286bed84ae13782f23c,towel,Cleaning windows,,,,,
b95c2d1a17b268defac2,towel,Drying hands,,,,,
efaf894889b907e1bb8a,paperclip,Making makeshift bookmarks,,,,,
73e518d5f5083c25315e,paperclip,Holding pages together in a binder,,,,,
c4424089f5722378e48d,can,Using as a blunt tool,,,,,
3023e2fa034fa0a13728,book,Weight to flatten leaflets,,,,,
c538fdef1f66341b9f46,fork,Twirling hair,,,,,
5bb72961af981687e536,paperclip,Temporary handle for small tools when adjusting their balance,,,,,
762d87171889e8e430dc,can,Personal defense,,,,,
7d19607dbd5089238666,paperclip,Pin up posters with a small hole,,,,,
231074470cb0d448c009,fork,Securing扎紧 denture linings,,,,,
d65bf5cd1588f9fc286a,can,As a perch for birds,,,,,
0bb06efbfa0233bd03ba,towel,Covering spatter in the kitchen,,,,,
82f2a934e837a9aee577,book,For kindling,,,,,
8bd718aebbf496825341,paperclip,Reinforce staples in documents,,,,,
1ac8503712b8a4552464,book,Desktop decoration,,,,,
a4e0514000a7647fc56e,paperclip,Measure small distances or gaps,,,,,
416243d78f815c8ec0e6,fork,Indicating turn signals by tapping on a table,,,,,
1ec047a6aa891f726380,book,Firestarter,,,,,
c887a901c270fc428fd4,paperclip,Reinforce the corner of a business card,,,,,
9bc07e7a27389cc7ee58,can,Birdhouse for small species,,,,,
1ecff1722284c0ebaa6c,towel,Creating temporary barriers during painting,,,,,
fa7481181c98213d8ccd,towel,Cleaning leather shoes,,,,,
3dc22ea95e8a5004196a,paperclip,Hold sheets of paper together,,,,,
62964c96f29d5717f107,book,Birdhouse,,,,,
ecf57db42e13a296f89b,fork,Servicing as a simple lever for prying,,,,,
5bccdf8613f799d3336e,fork,Holding small objects in place while gluing,,,,,
e063f1efffe421563ac1,paperclip,Bridging small gaps when building,,,,,
de23fe53d50e316daa8f,can,Hammer for driving small nails,,,,,
dbd26369215c82edc93c,fork,Holding pages while reading,,,,,
b68c8ea71f8c0060041e,towel,Polishing stereotypes,,,,,
0ca0351fbd55c5434bc7,fork,Enlarging small holes in plastic containers,,,,,
7ccc5eacf226a9f1ef3d,can,Planting small flowers or herbs,,,,,
11dc49bad0b48fbdb5e2,towel,Drying off after a shower,,,,,
91b34f590659e9986d90,book,Weight to keep documents flat,,,,,
d8f478db5d1addb70dbb,book,Weight to hold down papers,,,,,
37b961459ba1b23f0bc4,fork,"Cleaning small spaces, like crevices in furniture",,,,,
e774b9b4a381f33068ba,fork,Opening tight lids on jars,,,,,
ccdcedce568e83fe71a0,can,Fishing bobber,,,,,
f149c78a4d23d6da406d,can,Opening a bottle cap,,,,,
e45377060b9e8074c905,book,Firestarter,,,,,
4a66ef0dbf0ae6f433a6,book,Toy for toddlers to stack,,,,,
4c5477316762ab68cf6b,book,Fridge magnet (with a pin),,,,,
a804b99b152de9389943,paperclip,Marking page numbers in books,,,,,
4cf1cabf89a533032ec5,can,For holding objects,,,,,
29141171f60da3bc41c0,book,Firestarter,,,,,
c9c60808d48ef77f6980,can,Beating eggs for a recipe,,,,,
ccb9f923ec37eac09711,towel,Cleaning small spills on floors,,,,,
aca583cee71ab0b058df,towel,Scrubbing non-stick cooking surfaces,,,,,
d8f11b97b7f9ebe53ec5,book,Paperweight to keep important documents in place.,,,,,
4ba361564dc50fec5919,book,Decorative object,,,,,
ad5a366eaf0562197c84,towel,Scrubbing a kitchen surface,,,,,
ea9055f453a38a4c3cec,towel,Absorbing spills,,,,,
72264a1989225d6698c3,can,Container for holding paper clips,,,,,
95286bf7b45566dfbe0d,can,Toy for pets,,,,,
341fa112c8bbde3c5ae0,book,Level,,,,,
da117e2a2b3fc703bbea,paperclip,Attach tags to items for quick identification,,,,,
eddef99b331abbcefc8d,book,Marking stone for bookshelves,,,,,
ed57ce81b64b1d1fa171,book,Toy,,,,,
1b557758c5bb2119e6fb,can,Support for hanging plants,,,,,
eff31939670e5a87bb75,paperclip,Securing tickets or receipts in a wallet,,,,,
6bdaa37362075500a5e7,towel,Collecting and squeeging water on a pet,,,,,
a2d75c94d0f3da638376,fork,Tightening bolts or nuts,,,,,
53d4d29dbfdfe70a1909,paperclip,Marking the corner of pages without damaging them,,,,,
bb57e458fd289849cf64,towel,Protecting furniture from knocks,,,,,
3628278d80373d06410f,paperclip,Marking important sections in books,,,,,
8d62a4686b93f1296c1d,paperclip,Marking spots on fabric for sewing,,,,,
9e9de808462b5c6b0a1b,fork,Straightening small wire ends,,,,,
ba35f3cf5cb834880016,book,Fire starter,,,,,
6e2233802dc436996eda,can,Supporting a plant as a homemade trellis.,,,,,
076a6f8d778a8ea0ddcf,can,Polishing glass surfaces,,,,,
9eb5dc85336367f85d1b,towel,Removing adhesive from glass when redecorating,,,,,
8e019ec5ee56f7115f3b,book,kindling,,,,,
f59d607c408153ffcaa4,book,Door wedge in a pinch,,,,,
d0e2da6fa0acf439c0b1,towel,Cleaning a pet's paws,,,,,
7439ed5670fb6b104183,towel,Wipe faces,,,,,
6089aabb69b0925ceb1c,can,Support for hanging plants,,,,,
7969c05eaffe9da450a0,can,For opening jars,,,,,
4f822a32ab4a8215cafb,fork,Fishing by spearing fish,,,,,
17069e9357b736e5460c,fork,Removing stuck jewels,,,,,
71cda63168f39a6ad466,paperclip,Indicating priority on emails or messages,,,,,
b5b487479731859afcef,book,Holding food warm in a microwave,,,,,
3ae000ac3ec5d48fbd27,towel,As a makeshift menu liner,,,,,
4267dfd79f23f812f01a,towel,Removing makeup,,,,,
0b5445aa1744a5438f38,can,As a weapon in self-defense,,,,,
61a9f5115901ba2296ab,can,To strike a match,,,,,
592da4fc4f5fa235f411,can,Placing under feet to create a slight lift,,,,,
0a9a737353038e484570,towel,Polishing car windows,,,,,
4a4b0be0f05169bb1500,towel,Scrubbing mild stains from fiberglass or surfaces,,,,,
b753c26e24f463ac4075,book,Book as a doorstop,,,,,
29a4d327ef0cc85996c6,fork,Piercing ripe fruits,,,,,
f52a26bb220949614df3,towel,Holding small items together,,,,,
1ddfc12ab2b54b2de170,paperclip,Decorative element in crafts,,,,,
7f2c3547c6d027c77b43,paperclip,Marking the edge of a note for reference,,,,,
e506884f208dbb46cfca,paperclip,Hanging small objects from a bulletin board,,,,,
86d01589c30dfdf1d93c,can,Can as a weight to anchor a fishing line,,,,,
72ad7550434d828e048e,towel,Catch crumbs,,,,,
295f7ed223848ee2c6c2,book,Surface for writing or drawing,,,,,
0ba2ad954dfbdc14574f,book,Bookmark,,,,,
50fc16505b80e668c536,paperclip,Separating items in a drawer,,,,,
0b475d5aebb98068a177,can,As a makeshift hammer for tapping objects,,,,,
9430ba3a00cd73c29f74,paperclip,Hold papers together,,,,,
1c659f529d101c858b9c,towel,Scrubbing dishes gently,,,,,
7a1cf7cd82eb05225bca,paperclip,Attaching labels to items,,,,,
61141b53d1309b0a6035,fork,Prying open containers or small objects,,,,,
ee1b68c98986e8c43339,towel,Absorbing ink stains from paper,,,,,
ab616dc537cbb9d5d347,fork,Fixing small electronics by prying open casings,,,,,
f9e7f076b2546c8e98a3,can,Clip for files or documents,,,,,
ed8983d867224044f75b,towel,Holding small items,,,,,
3608595a033ebf640ef8,towel,Dusting objects,,,,,
f8e818259a1bd7f4e609,fork,Dispelling boredom by creating patterns.,,,,,
0ac39673f04f95b18406,fork,Pry loose paint off surfaces.,,,,,
d108d00b0b4cab0fb318,towel,Cleaning shoes,,,,,
c6c2e8889447e0e3e1fe,fork,Stirring coffee,,,,,
b0e2d197d22bbed15411,book,Firestarter,,,,,
bafe0375a9d52e719957,can,Stroking rough surfaces for smoothing,,,,,
ed6fb009adbb5bcdf5e2,book,Shield while painting,,,,,
3710724cc498e51419e1,paperclip,Creating a paper weight,,,,,
34003e5200fc4f43efc7,can,To mark a place,,,,,
af10e0bddd8307f4020e,book,In chess as a 6-dot piece,,,,,
24d589a60dec15018c4d,can,Measuring liquid volume for cooking,,,,,
15abde9a9c5371e0000d,can,As a container for holding small items.,,,,,
39f22246fd94ad256fee,can,Packing materials,,,,,
4d0e7bfe5ac314702529,paperclip,Holding pages together in a stack,,,,,
ab05c173352b241be2a0,fork,Mixing hair dye application,,,,,
1b5e7d4c73f1de77704e,towel,Polishing jewelry,,,,,
6f05268b7b4c3154a0d5,towel,Polishing furniture,,,,,
25002583e3dedbf18165,book,Fan decoration,,,,,
fb0520ab7ec5c048261d,fork,Pry apart small components,,,,,
3af2dd5af8a1894ee185,can,Plant pot,,,,,
c235076dfbe32f8feb5d,paperclip,Holding dollar bills together for quick counting,,,,,
3e0d9e07e81947ee004e,towel,Wiping hands,,,,,
31cb937720d178ff872e,towel,Polishing silverware,,,,,
d30c0534ca0f75be80ad,book,Ink palette for artists,,,,,
503ca2bd789e25a3e933,towel,Cleaning shoes,,,,,
0a2b5e41f298f577a0e4,can,To hold pieces of string together,,,,,
82063470b244e532cc9c,fork,Opening jars,,,,,
c914d8fc212ef9e32ea9,can,In games for signaling turns,,,,,
6900f9f97e93e6073205,paperclip,Connector for bookmarks,,,,,
cf3f8a56e098ccd015da,book,Hammer when nails are misplaced,,,,,
b6b07c7586745769dcb4,book,A makeshift fan to cool off,,,,,
dce3c7c50ab3d2cac8cf,can,Holder for small tools,,,,,
0597b967a56ac8551087,fork,Tapping rhythm on tables,,,,,
c66151c0cb907a24d2b8,book,Toy for infants,,,,,
e053b99d2fe3c3433d40,paperclip,Connecting magnets with paper,,,,,
af30f55aade1a3953941,paperclip,Assisting in opening jars or lids,,,,,
98f4cdfdd4a7b174f609,can,Placed under furniture to level it,,,,,
d30f8ce137bfa4227b54,fork,Marking the edge of a marked area during crafts,,,,,
995da8b1957f06ac343f,can,For striking a match,,,,,
ba10577f71118cb4918a,fork,Holding paper while writing,,,,,
f6fe1f04e51a857d3a01,paperclip,Decorative element in crafts,,,,,
ce0b907f1ee14be47f35,book,Fashion accessory,,,,,
f66b9f3b5fb990eeacf4,fork,Digging small holes in the ground,,,,,
fce0d9a256a48aa1e703,towel,Using as a seat cover for absorbing minor accidents,,,,,
26f9ca2acf79d1765113,towel,Covering hot surfaces,,,,,
cbafc635379e7910a256,book,Ink palette for artists,,,,,
16e767a3c65ae590ea0a,fork,Teasing apart fibers or hair,,,,,
2027087bf8983e902e46,can,Tactical tool for self-defense,,,,,
7e2753c2624b90fa95d9,can,Container for carrying refreshments,,,,,
0db4459a49d45356b765,fork,Pointing direction or indicating something,,,,,
c3bb7b0ac554a9bda3b6,fork,Holding position markers in books.,,,,,
03c8cf7c5ce382f25399,paperclip,Measuring short distances,,,,,
f4095297e11eae331d75,fork,Wringing out small items to remove excess moisture.,,,,,
f087f885dff40762ae4c,fork,Pricking vegetables before cooking them.,,,,,
4dbbd9945127a0659e2e,book,Firestarter,,,,,
bfe09f9963adf2209873,book,"Books can serve as fire starters, ablating quickly to provide kindling.",,,,,
6b9d94bcd4a959c3b719,towel,Hanging decorations in a pinch,,,,,
6ae7f69e3c941583fd1c,towel,Holding small objects together,,,,,
74f1e13c5ebeeb532dba,fork,Tapping code on a surface for communication,,,,,
b92e0ed30726de892e19,can,Hammer to hit small nails,,,,,
b4904874841eb8e513ca,book,Serve as a doorstop,,,,,
d9face46d8fee352940b,fork,Dividing large pieces of food,,,,,
32d41797d6244053f583,can,As a tool for hitting,,,,,
c4c8ad6f25e5bcd153e7,book,Firestarter,,,,,
f76de549e47959035932,fork,Subbing for a hat during performances for comedic effect,,,,,
67f5b215c7440c24b4ab,can,Concealing small items in a clothing pocket.,,,,,
e8aee18268dc2c48f071,paperclip,Create a simple paperclip chain,,,,,
817e2223fd29be12ae23,towel,Cleaning glasses,,,,,
706301de701e657ebeb7,book,Using as a stepping stool,,,,,
8a5e7c1594b09c29d382,paperclip,Assembly aid in tiny mechanical parts,,,,,
6b4504766db59cf18327,towel,Wiping a window,,,,,
83c87380428c1f6660b0,fork,Mixing frosting for cupcakes,,,,,
55fe63e4273cfbbb0820,towel,Absorbing spills,,,,,
fda6f3917ae01200ebde,towel,Creating a makeshift blindfold,,,,,
15eaca057061133ac7ef,can,Element in puzzles and games,,,,,
80d4a0075d9773d6e649,book,Weight to flatten folded paper,,,,,
eab1c8fcafc5f52c5651,fork,Cleaning small cracks,,,,,
d6a64bb5876782ef482f,paperclip,Attach labels to jars or containers,,,,,
3ba4daf7b9bfcdc6c002,towel,Plugging small leaks in a leaky sink,,,,,
36530ab26910bafe37b9,book,Surface for writing,,,,,
b7a4826f8c1d885c1b6e,book,Signal mirror (for light reflection),,,,,
09eb29c38560ac9662af,can,Brush cleaner,,,,,
51d22b22f5629fdbe036,paperclip,Accessorizing hats and headbands,,,,,
d12a86749205ab66b38b,book,Toy for a pet,,,,,
51f8e15696f6c3b5c235,can,Whetstone for sharpening pencils,,,,,
cb15a844088456b86043,fork,Removing small thorns from plants,,,,,
27c8ff62fea5d8b75381,fork,Serving small pieces of food,,,,,
178a2c1ea0767458b606,fork,Spacing pieces of fish during cooking,,,,,
0b8a7d65939bd17a1e13,fork,Opening jars,,,,,
d8cea47b7daa6ee1062e,book,Boat anchor,,,,,
d5176ae5c95854204872,fork,Moving small objects in art projects,,,,,
dc39d194c11b380a541c,towel,Absorbing sweat,,,,,
6c28b2392713383c0b21,paperclip,Aligning and organizing small electronics components,,,,,
2a76a9faa3f7974bd540,paperclip,Hold ring binders closed,,,,,
73dd63b3350499f9e8ed,paperclip,Create paper sculptures,,,,,
047fe669013d400f2bdf,paperclip,Serving as a basic tool for measurement and drawing straight lines,,,,,
27f937e149ddbf44b845,paperclip,Hold pages together in bindings,,,,,
129412772bfa48cdbc5f,fork,Stirring multiple ingredients simultaneously,,,,,
c98af79c54eb4f1f913a,towel,Holding plants or small items,,,,,
fb5d7835f36a468c648f,book,Mug rest,,,,,
29a7a7211d97887064d3,book,Knife grip,,,,,
63112f0ce1e4a9cfe99c,can,Bat for a child's game,,,,,
196170c2a944c7f12320,book,Sound absorption for bookshelves,,,,,
31317d51e890bcde4576,can,Serve as a weapon,,,,,
411aac8e4c0a1911dd94,book,Spice rack,,,,,
eab39d377eefc36fddd1,book,Pulley for lifting small weights,,,,,
3d2c2e8af885d9fcdc0f,can,Level for checking perpendicularity,,,,,
805aafd56664fd54421f,fork,Spreading butter on bread,,,,,
490f24ebec9974792611,can,Nail in a pinch when repairing bookshelves,,,,,
b6fb0452dc564fbc5110,fork,Scraping food residues from plates,,,,,
f71ec1b01f395a4e9aed,paperclip,Bookmarking pages in books,,,,,
97aa4abbe00e7a5383e2,fork,Scraping labels off cans,,,,,
b813fc5c1c3e05564e6c,fork,Cleaning small spaces,,,,,
fc90753a1c4057f99b03,fork,Fashion accessory or jewelry,,,,,
bc2524a5384c7b6ae907,can,Gripping tools with rough surfaces,,,,,
6d1d731d1f4348921c55,towel,Covering food,,,,,
96cbaed5f2cf99220d85,book,"Book as a musical instrument (e.g., turning pages can create rhythm)",,,,,
f781fee4c592ad8955d9,paperclip,Hold pages of a folder or binder,,,,,
faf94353213bcd837e83,can,A surface for placing small objects temporarily,,,,,
d810fe0aa059d84c04bb,can,A container for storing miscellaneous items,,,,,
e9b728b8cf0641fc495f,towel,Binding minor cuts or scrapes,,,,,
2d218765b40b29afbb56,can,As a weapon in self-defense,,,,,
b5a883355d820804d42b,paperclip,Marking corners of pages for easy flipping,,,,,
57b4c15b78b4b43d116c,towel,Cleaning glasses,,,,,
aa1cf8fe9b6c48733bb5,towel,Squeezing water out of plants,,,,,
f040c3417bef9343ef17,paperclip,Threading wires through for organization,,,,,
02d10da9c44368beaf8a,fork,Removing burrs or thorns from clothing,,,,,
49805b8820ebcb73fb6f,fork,Scraping food from plates,,,,,
2821d28b2c080c634548,can,Pepper shaker,,,,,
4418060fe455cf4d30fd,book,Weight for open windows,,,,,
56fb57921d0afc100898,paperclip,Keeping down sandwiches for labeling,,,,,
ad5f019b38aca7ce071b,fork,Separating clumps of sugar cubes,,,,,
f6dce4b016744cbcba74,can,Can as a potato smasher,,,,,
582b2348ed7904fce7be,fork,Spacing out sandwich slices,,,,,
7fe39249b5a5feed7a08,towel,Absorbing ink spills from paper,,,,,
deeab51190af3a8dfd06,towel,Scratch an itch,,,,,
8ad586dd03a709c38f28,book,Stabilizer for uneven surfaces,,,,,
9a6bcc9e9e3ca034e7b5,book,Fishing bobber,,,,,
fe6217ce7959587d44bd,paperclip,Hold pages together in a binder,,,,,
6fed4032660699a3374a,book,Toy for dogs,,,,,
29e20f24654c03a58dd2,can,Crafting a portable bird feeder,,,,,
4b4f5914fb52383e65a4,book,Lunch companion,,,,,
5122e2cc1f1eb096a645,book,Upholstery stuffing,,,,,
daac80dc5e75158ce370,book,Book to fill gaps between floors,,,,,
b3ccf0b31e481354f94f,paperclip,Making simple paper shapes or sculptures,,,,,
c92bf0aa18531e7ebcfe,book,Shelf spacer,,,,,
82745b0c53900658b8de,paperclip,Attach labels to documents,,,,,
b7be1b87bb828ed1719e,paperclip,Holding earrings or other small accessories,,,,,
5adc76530d3e1ac843c5,can,Using it as a hand rest for drawing,,,,,
520a9494bc139baf0226,fork,Opening tight lids,,,,,
f026279fb1e95209b66c,can,Planting small seeds in starting cells,,,,,
9c80247ccabab6c90cc9,book,Firestarter,,,,,
f16e8d3c387bd97668b8,towel,Floral arrangement filler,,,,,
6ff5a168888393e9c967,fork,To dig small holes in soil for planting,,,,,
36a7dbaaeb57aa881848,towel,Protecting surfaces when writing with a pen,,,,,
fd542413355da4f12c30,paperclip,Hiding small valuables,,,,,
c6aeb2e601d2019a25eb,paperclip,Attach small notes to items,,,,,
982f501dc20c9f82e1ee,paperclip,Closing small gaps,,,,,
63935c2fdce8af054c95,paperclip,Secure business cards in notepads,,,,,
b506353ee8ff3bb6e8ba,can,Decorate a bouquet,,,,,
269580ecf6521e86280e,fork,Spreader for applying butter to bread。,,,,,
01158556471676f7e916,towel,Insulating food during travel,,,,,
d300d3738b29a5feb2e0,book,Doorstop,,,,,
36b026f9f10d1f706c32,can,Holding food containers,,,,,
9994fdeb1cc1446d416a,book,As a bookmark,,,,,
6f86d17d5f7ccd1ca7f4,fork,Unscrewing bottle caps,,,,,
3115375a781ba7273acd,fork,Scratching an itch on hard-to-reach places,,,,,
7a434802148bf0f9d4ad,fork,Pry open small objects,,,,,
9495df0c4de1ea6407f1,towel,Absorbing sweat,,,,,
f092c33d459e850fa887,book,Paperweight,,,,,
71fb8f6edae61f9b43d9,can,Scattering confetti,,,,,
20aa21136c1eab83d7a4,paperclip,Separate pages in a notebook,,,,,
33c02b7bf2b975c11204,fork,Holding pieces of jewelry together,,,,,
0d1b68b2f018691f3178,book,Book to elevate a surface,,,,,
86a9e2af955e3ec5389b,towel,Wipe a table,,,,,
72538e877fbbf849aa13,book,Marble in a game (if it has a smooth surface),,,,,
4876ae2c6c67555de4ef,can,For throwing in some sports and games,,,,,
7be2925841f8df628e4f,paperclip,Hold pages together in a file folder,,,,,
d4cc80b2db6154efe86d,paperclip,Securely fasten lightweight items,,,,,
b2cb48cf32208c5539bb,towel,Improvising a bandage for minor cuts,,,,,
8e619f8f1bb309707113,book,Fishing lure,,,,,
bb735782b5c1a529b5e3,can,Using the bottom as a holder for small objects,,,,,
65db194755f2920ace48,towel,Cleaning computer screens and keyboards,,,,,
7004c3ce960597a2ac29,towel,Scratch rust from metal,,,,,
1d614f68873071978c56,paperclip,Making a simple paper airplane anchor,,,,,
1e4c1aeb937c5c5624cd,book,Stand for beginners' gardening pots,,,,,
c94f1f40a52b97bac981,can,Signal flare container,,,,,
57b49cf0606762053730,paperclip,Anchoring strings or yarn,,,,,
174734b04c1b7b4b9c42,towel,Holding items together,,,,,
4dce74a30b1add3517f7,book,As a doorstop,,,,,
c5232296e52c83dd4e0c,paperclip,Create small sculptures,,,,,
b26be32b3a7b0cca81bd,towel,Wrapping items,,,,,
6ff78c605d69dfb594c6,fork,Making small scrapes on glass,,,,,
ac0d2330f084c263ca1e,fork,Holding and arranging flowers,,,,,
5bf709beba72d044ddb3,book,Signal for rescuers,,,,,
1058f32e69254d994d3f,towel,Plugging gaps in windows for insulation,,,,,
65449e3d1f8fa5332062,book,Paperweight,,,,,
1d5e8547975db5ed0e76,towel,Removing dust from books and surfaces,,,,,
a9d0cc892e51d59cda0f,fork,Holding objects together,,,,,
9f44c005e462cdbc8796,fork,Cleaning small objects,,,,,
57235a19f0319ad977cc,towel,Drying pets,,,,,
93156076fa0a82ea3d98,book,Musical instrument (rapping),,,,,
e9135b6dbaa949f12bbc,fork,Scratching itchy spots,,,,,
40d7ca76ef9c5f8c05e2,towel,Cleaning dishes,,,,,
fee69e332e3fb61a7c00,book,Kindling,,,,,
82a470efd2ecc2f75bec,towel,Wrapping fragile items for transport,,,,,
b488f8428946c29470b3,fork,As a fashion accessory,,,,,
91538c19b976d43540c0,towel,Buffing metal surfaces,,,,,
8843fcb22abfd8d8f7be,paperclip,Creating paperclip art sculptures,,,,,
9898c81804a0b0e1ce3a,fork,Spacing items in a rack,,,,,
efc42f63ae8d19009553,can,Placing slices of food inside to cool them quickly,,,,,
71724906c753903fa3a2,towel,Making makeshift bandages,,,,,
1d0df7507127f6502cf5,fork,Plucking minor lint from clothing,,,,,
e3d38f5e0fac6ac5ab76,paperclip,Temporarily bend small metal objects,,,,,
f107b7b6ce22b2312154,book,Books weigh enough to be used for light gardening tasks like tamping soil.,,,,,
0ec8c0fab2ea35ddcb4e,book,Surface for small inventions or experiments,,,,,
b028ea7e3874298ee256,book,Shredding into confetti for celebrations,,,,,
cddb2217347895fe2b69,can,Beating small amounts of eggs,,,,,
d9dc6fcd5a0bf9fc1efc,book,A hat,,,,,
5c518ccd84443a3184dc,towel,Wiping bicycles after washing,,,,,
0f6b669a222826103231,towel,Drying hands,,,,,
00b9dd6483449378800c,paperclip,Marking the bottom of a pot for planting seeds,,,,,
ac79d705771f88da584a,paperclip,Separating layers of paper in a binder,,,,,
baa74f31707d035e1423,can,As a toy for pets,,,,,
e9f2ba384b0f8b93d39d,book,Insect repellent,,,,,
21295b1a1210bc3a4002,book,Sculpture material,,,,,
e07805df06a3f76c393e,towel,Cleaning minor stains from clothing.,,,,,
46ed664f27b3d7183ab7,paperclip,Connect small jewelry pieces,,,,,
ae338eaf555562841693,book,Jewelry box for storing small items.,,,,,
c209eb81b9b6a0927f97,fork,Spreading butter or jam on bread,,,,,
9e14486d520c9f74d6f9,book,Weapon in self-defense,,,,,
21314d1bd731fee2c570,towel,Shielding hands while handling hot items,,,,,
e0018aa3dc6ff69cf9cf,book,Bookmark,,,,,
e11437c4570410bdc0d9,book,Doorstop,,,,,
248d02c8c25cbaccb6fb,fork,Making potato mash smoother,,,,,
836df769baee203404f7,can,Marking pages in a book,,,,,
2c6bac4f1d01e5593e23,book,Container,,,,,
f4b5ba1312cefce69b62,book,Paperweight,,,,,
c0608ba68425001013ac,towel,Cleaning keyboard keys,,,,,
3e4dbe08db9c883d0a5a,can,Pouring liquid,,,,,
634f0f153c3a78d13788,fork,Mark invoices for sorting,,,,,
0dfa30e4df61c105203c,towel,Covering hot foods,,,,,
fb848a0a158a14f6b35a,fork,Pricking fruits to check ripeness,,,,,
7c5e7d0874b2f32c61e3,can,As a tool for prying open cans,,,,,
f72277adbfd547dda353,towel,Creating temporary sculptures or pinch wheels for pottery,,,,,
0b788230daa1b85ac8db,can,Removing stickers,,,,,
a44b5de90ed49464d1f1,paperclip,Mark bookmarks in a book,,,,,
c5c15a7006069a782db1,towel,Absorb ink spills,,,,,
fcb8c6224f8d7262d6b2,paperclip,Holding paper together,,,,,
eae669089a4dba997ef2,can,Thrown as a projectile in games,,,,,
8695cba74d957dc2d905,can,Handle for attaching hooks,,,,,
144d3f1e24b168167705,fork,Opening tight jars or bottles,,,,,
b3126c58623e08fbdd74,paperclip,Straining pasta by dripping through,,,,,
b97b270027fe115b159f,book,Surface for writing,,,,,
dd1a4c3c58910e90c21d,paperclip,Marking page numbers,,,,,
18f6396b9bbfa6601571,paperclip,Stabilizing flower stems in a vase,,,,,
bed413706ddcac9e8721,book,Musical instrument (when notated sheets),,,,,
27163095d64acb7bad81,paperclip,Fixing a broken hinge or lightweight object,,,,,
ce173a4d42b7ca965e4d,book,A plant holder,,,,,
7b349430adb20f0f9fd9,fork,Cleaning small decorative items,,,,,
49126354999e94df23c9,can,Weighing small objects on a scale,,,,,
9e57ab7b79d61f290a1b,book,Alternative kindling for starting a fire,,,,,
7b5e92a77b83f3accf29,fork,Cleaning small parts,,,,,
44b864cc8c6c65cd6ef5,towel,Polishing furniture,,,,,
2a9fc1678e62fc2970f9,towel,Opening sticky packages,,,,,
dd4c3ceda380b47075da,fork,Sledding down a small hill,,,,,
e61e1e3e96b4c4c0b615,towel,Wiping hands,,,,,
f77d957d25d75734d5a2,paperclip,Tying strings or yarn,,,,,
fe84e266ac4bd26ada05,towel,Absorbing water from floors post-mopping,,,,,
5c5b94b99639d38a8e51,fork,Temporarily marking places on paper,,,,,
b378d85cf9c15fa5a8b5,can,marker in low-light conditions,,,,,
932e641dde9345637ce3,book,Decorative item,,,,,
c38aa2ac533d0ac03a16,can,Playing a simple drum or tambourine,,,,,
abeccb9fcf291ab9b9cc,fork,Hiking as a trekking tool,,,,,
ed8917b0d7d7f5e59293,paperclip,Creating small tags for tasks or to attach to photos,,,,,
8ea0cf48e4fba8556107,paperclip,Securing a note to a document,,,,,
5912b89687f5f7762dc2,fork,Assisting in clipping small nails,,,,,
967403000b8f2f5bf249,can,Defending oneself in a pinch,,,,,
9b2a8f2e6df03f1a6567,can,Support for outdoor signage,,,,,
00e86f6e13ecd3eb1062,fork,Tapping out Morse code,,,,,
4d4156f1ffca2f4152c3,book,Spiritual or religious text,,,,,
a14c264b56cdd0fc9161,can,Signal flare for emergency communication,,,,,
aada2a39d6393329ced2,fork,Spacing out candles on a cake,,,,,
60906afd6341f0b34c74,book,Paperweight,,,,,
5d3e385c5672ccdc89e1,fork,Temporary weight for balancing scales,,,,,
2f64947f84abdb0298d3,fork,Holding small objects while gluing,,,,,
f40e102594c1fff8190a,paperclip,Hold sheets of paper together,,,,,
942d911ab2e6dcdd79d9,book,Tool for scratching post,,,,,
d87e0f092e53b76ad302,fork,Removing splinters from skin,,,,,
91e7df802017ea5a41cc,paperclip,Connect loops in knitting,,,,,
db18a850af9c496b3d6f,can,For storing small items such as coins or screws,,,,,
7cba0ea930e3cae328a0,book,Kindling for starting a fire,,,,,
7c4fa0742bfb24c7dfa4,book,A collectible item for book lovers,,,,,
661fbd3a8eaac99f5eb4,book,Device for holding pages together,,,,,
f1ad47fb5faf135ab3aa,can,Pry open water bottles,,,,,
d26e3c4245997fe96ba8,book,Plant holder,,,,,
3d118b5ca0ca41b1e752,fork,Stirring small quantities of liquid,,,,,
eae23bd5574153ffb4af,can,"A grip for grasping small, slippery objects",,,,,
d004d134e315632332c1,fork,Fashioning wires into simple connectors,,,,,
dd87bc0e449883aa2eed,book,Paperweight,,,,,
543105544fb13906c3b5,can,For highlighting text in mockups,,,,,
73696fdf6e981775cc0c,can,Breaking up ice,,,,,
1eea282ccb41454c3f3f,towel,Removing dust,,,,,
7a6e2178c25a9b84d142,can,To rest one's elbow on while sitting,,,,,
e9488be88a8cda565f55,can,As a tool handle extension,,,,,
8818da054e6570b66ab5,fork,Pricking insects,,,,,
e5208a68dd168e14e0a1,paperclip,Keep pages from falling out of a binder,,,,,
b918d9cde9e38c0665b3,can,Bee holder,,,,,
859ed713cad54702a9b0,book,Plant pot,,,,,
e04321d3bcc72c47ee6d,book,Board game piece,,,,,
b6e7b32455146e01ea98,can,Seat cushion,,,,,
72b184e7cb3fc85c4b20,book,Using the cover as an emergency shield,,,,,
34999368b6a7986a35d0,can,Humidifier for plants,,,,,
2aef28b1de4ba23498a8,book,"For cleaning tasks, like polishing surfaces",,,,,
93bbee268601f5c56fb3,paperclip,Securing scraps of important information,,,,,
cd8d02f22f04edf69eea,fork,Holding objects while they air-dry,,,,,
b64ae064ca1b3c636fd9,book,Bookmark,,,,,
8115a7be122b65a22fd8,can,Support for a small portable plant stand,,,,,
ebf9418f3c2732bf9f5c,fork,Holding light fabrics in place while cutting,,,,,
a10a204709108597aa10,paperclip,Tying small items with string or thread,,,,,
44bd2cf0c31f213cfb97,paperclip,As a basic compass substitute,,,,,
3f586189aafaa649d1e6,towel,Insulating hot dishes,,,,,
857d312a3b6948353a90,can,Chess piece,,,,,
0440dc2ec72011745544,book,Cover material for small projects,,,,,
3c09739ff46931e1c909,book,Seat cushion,,,,,
9c7eaa377a76553ecbcb,can,Hammering small nails,,,,,
a9af45b2e80fd3158df9,fork,Gently scrapes ice from a glass,,,,,
ddc1e3615e2919f1c50e,book,Firestarter,,,,,
f580677d2693f3fa488c,paperclip,Holding pages together in a file folder,,,,,
a87293baf06eb0848159,paperclip,Temporarily attaching labels to surfaces,,,,,
7fc00686e68d57b05b63,towel,Emergency insulation,,,,,
4bf72cbb8776e1d1bce6,fork,Pot scourer for removing stubborn dirt,,,,,
3b3fdbf999f5e1de7401,can,Mixing small amounts of paint or ink,,,,,
5c673058bdeae02e4dfb,book,Coffee table coaster,,,,,
cc3b8c4e6662d2cbcd13,fork,Scraping paint off walls,,,,,
ba2654b14b23299625ae,paperclip,Clipboard stand,,,,,
f2055d58b5401aebf2f2,can,Marks the spot,,,,,
ac9a70398659afe2412e,book,Serving as a doorstop,,,,,
17bda87ce567b87165f7,towel,Support plants in pots.,,,,,
26aac71424a532cb412f,can,Cup for tea or coffee,,,,,
105d54ad176b261dd3d3,fork,帮助搅拌粘稠的物质,,,,,
b21bf2f9a0561b4dc70a,towel,Drying dishes,,,,,
d5ea6efb8bb8903ce262,towel,Absorbing sweat,,,,,
244625536b60aafa55fb,fork,teasing plant seeds from husks,,,,,
6d1984fb9dbcfe3a8403,book,Bookmark,,,,,
3f0e9b3ad8de5df80b76,book,Bookmarking favorite pages,,,,,
1dfc2a71b83c8705ad72,can,For mimicking the sound of a burst balloon in comedy.,,,,,
ad53b75df2bf81426360,book,Door stop,,,,,
13c8873aeaa74d47c5dd,can,Tapping rhythm in rhythm games,,,,,
486a7b91eae0f756e8cb,book,Firestarter,,,,,
81d9b1b9a9172779c725,fork,Marking pages in books,,,,,
191e43f81df3a131bc8e,book,Decorative element,,,,,
01a7672542e6e6d84a2f,book,A surface for writing or drawing,,,,,
94e54f973b2980e7521b,towel,Absorbing ink from drawings,,,,,
63eac007e3368507d4be,paperclip,Indicating priority on emails,,,,,
d2ec0d5301f61f6e1df3,book,Fire starter,,,,,
48ee326c52950814db15,can,Used for line-throwing in rescue operations,,,,,
58a78c381b292e49714f,paperclip,Make small notches in wood,,,,,
791fca86eee95d03e236,towel,Scrubbing dishes in a pinch,,,,,
31b8adc55703013bc751,towel,Cleaning glasses,,,,,
25156028d38a92d82e38,can,"For sports (e.g., cricket)",,,,,
4b46bfae98c2929d635c,towel,Cleaning eyeglasses,,,,,
25d7c7a413f856711d21,can,It as a makeshift weight for scale calibration,,,,,
594d7164998b084bfd1e,fork,Scraping food from a plate,,,,,
85641d571f4a97fa9b9f,fork,Assisting in crafting and arts,,,,,
85af757d2a100015afc6,towel,Cleaning computer screens,,,,,
c652d100bd6428241d40,paperclip,Holding hair back,,,,,
e747ec28ac0819e23f13,towel,Wrapping gifts,,,,,
6d7ccf97d5e44ef84ae8,towel,Making temporary bandages,,,,,
325270c189dafed97ef7,towel,Absorbing spills,,,,,
284dc0755c7483698e6a,fork,Measuring small distances or gaps,,,,,
8dc426b0881af8492bc7,fork,Removing small thorns from plants,,,,,
a3c2475cf6d99ddb4da2,towel,Making temporary leggings for pets,,,,,
e1f8bbc2bae8209016a4,fork,判断食物温度,,,,,
7922e6d3ef9607eaab53,can,As a容器 for liquids,,,,,
16a7214b058592281e8e,can,Leveraging for opening jars,,,,,
c6f09be1edc2bea9fc33,towel,Removing coeffs from jam jars,,,,,
e4c3a6047b4b5030179e,fork,Removes tags from clothing,,,,,
c6f32dae64f262ef34af,paperclip,Securely bind small items,,,,,
52d41bb987e3ed67ba83,paperclip,Coin weigher,,,,,
74b981ac7685974451d5,fork,Pricking or otherwise treating minor skin issues,,,,,
f084a6394cdc54cc08a3,can,Doorstop for slightly ajar doors,,,,,
80f2eb8b73a24d9a8aa0,towel,Fish net,,,,,
e3d42065fdb058ae51f6,paperclip,Hold together multiple pieces of mail,,,,,
ace99d805adb56a45428,fork,Piercing food,,,,,
b700f452a53db6e0473f,fork,Cooling down a hot plate,,,,,
555a336fcf406a949c2b,fork,Clearing nostrils gently for relief,,,,,
75dab03ecee03d9087dd,book,As a doorstop,,,,,
ea7c5d043f81ebf30ad6,fork,Serving as a makeshift pointer for pointing out items on a menu,,,,,
aa4e048e3748f7ba5874,can,Beating leaves for compost,,,,,
e3e1affa8f08ee597a30,paperclip,Attach small hair accessories,,,,,
6a8db58a145b23c605e2,can,To shape clay or playdough for crafting,,,,,
0df8a1d826a45a4b3150,fork,Chiseling soft materials,,,,,
ea0546e2f47d35132597,book,Toy for pets,,,,,
6ad9dc452ca3edea332d,can,Portable dog-catcher mechanism,,,,,
a80ad375f398348875bd,fork,Tapping gently on furniture to check for loose parts,,,,,
693b4f7b17a60d93cf3e,book,Marker for page positioning,,,,,
3f65ace7ae5d801eb765,can,Rubbing against skin for warmth,,,,,
15f1e8c6e6f56f445ba9,can,Thruster for small model rockets,,,,,
e0f6f72e69083ddcf776,fork,Fishing aid,,,,,
545eabaf3234f9ab6a51,towel,Starting campfires by scraping tinder,,,,,
a804fb724b7e2f0c2d46,paperclip,Hang small items like earrings for drying,,,,,
c0818a8e11b584850ffc,towel,Shielding pads,,,,,
60cb470f1c490d1f819a,paperclip,Adjusting the tightness of elastic bands,,,,,
272e64eca979b013d481,can,Reaching high shelves,,,,,
53c6763b44e0a35d3d0c,fork,Testing the sharpness of knives,,,,,
15fb8fa57b14caa14db0,fork,Piercing soft objects,,,,,
92f57fd28feb39ef56a0,book,Hammer for light objects,,,,,
88be3687dec63e3b228a,book,Paper cutter guide,,,,,
7eb6b0a2739cb84f935f,paperclip,Flagging pages in a thick binder,,,,,
ee7961a0bb3906a95613,towel,Polishing furniture,,,,,
857e8c841d4deb221844,towel,Absorbing tears during crying,,,,,
91335b9fe13cc5a12fd2,towel,Drying hands,,,,,
82a64a2e300f1f431f3b,towel,Polishing silverware,,,,,
ce4c96cdf5abe59922fc,can,As a makeshift umbrella in a pinch,,,,,
e70a41f9e4b3316125ea,paperclip,Keeping aquarium filters in place,,,,,
91ab6206993b546ec3fd,book,Ingredient in compost堆肥,,,,,
2bce45e6e58016944319,book,Weight lifter,,,,,
8950d9a7c687930c8fee,book,Bookmark,,,,,
6f77e1e03413670ac2b9,can,Can as a随手画图工具(draw and scratch tool),,,,,
f8a86e93299f2fdf4ab8,book,Fan for cooling,,,,,
4bfdc306b604ac652cc4,book,Door stop,,,,,
72e775ee3de94b0c77df,paperclip,Attach a note to a document.,,,,,
102da7a4200a0b6eabcb,can,Scrap metal for recycling,,,,,
939c5c2b22a2f9d9a721,can,Blocking small gaps,,,,,
3d9ad31b0a3fb05f344f,book,Toy prop for small figurines,,,,,
fc8bd22b51503fa314b4,can,Smooth rough edges,,,,,
406ead44f145cb4f4da7,book,Paperweight,,,,,
86a17938845f4135f10d,book,Kindling for starting a fire,,,,,
4f32503966ce1195b4a4,fork,Polishing small metallic objects,,,,,
649589c31a5f51891f1a,fork,Hold up plants while watering,,,,,
f3d7124a5eeb032f0057,book,Fan,,,,,
23a214659ab2a9f72047,fork,Opening tight jars,,,,,
be8107d6ba22c78948d3,towel,Holding small items together,,,,,
de581935fbeb02db1c61,paperclip,In crafts for embellishment,,,,,
b8876b5e87e6a6f21d25,towel,Wiping windows,,,,,
a388598c653ba7069d7d,fork,Tapping out messages on a rail fence code,,,,,
b31a90227aed2cce533b,book,To hold up a curtain,,,,,
8ddc2881f68fc0fe8ab8,can,Decorating as an art project for children,,,,,
66f784431df4f7fdc820,book,Paperweight,,,,,
b828237d8a7697414428,paperclip,Fishing weights,,,,,
77e6fa065ce0ba84d06a,paperclip,Hold together sheets of paper,,,,,
20fa5a42ac04fa3d7d3d,can,作为钓鱼浮标,,,,,
92cfb5c5e5d6af1edff1,book,Container for small items,,,,,
1a6ca19cfda38e65f2cd,towel,Cleaning dusty surfaces in electronics,,,,,
08c47e3d506db5b6ba29,can,Nightlight diffuser,,,,,
feffa5415cb395e881ef,towel,Cleaning glasses,,,,,
95e6bdeff93e8efa2044,towel,Cleaning glasses,,,,,
12bf46ad0fa3f013b9a9,book,Seat cushion for reading comfortably,,,,,
cb3dc4e80dcbaf174266,paperclip,Securing notes to a wall or window,,,,,
62b9ea4407fadd572df6,fork,Spacing tool for printer heads,,,,,
a5e7b6885ade5050a93d,paperclip,Marking the bottom of a plant pot,,,,,
1febf92b206a65a71878,book,Belt buckle,,,,,
f82e8aa0a044a2243c9f,book,Baseball bat (for a very small person),,,,,
aa54f904d6cbaee41e81,fork,Toy for children,,,,,
4fabed60b4753d3bb8ed,book,Bottom for a snowshoe,,,,,
dcd2f62e3b7763d2f337,towel,Absorbing spills on countertops,,,,,
79a83eccaee32367722b,can,Creating fake injuries in sports,,,,,
5bec2b942a83c760867a,can,Creating a barrier to prevent pets from accessing certain areas.,,,,,
9aec0436b53f35529527,can,Holding and shaking hands,,,,,
47a40e02d555de30c8e9,fork,Piercing food to check if it is ready,,,,,
793ca0e92bcfa6922db8,can,Serving as a scoop for cat litter,,,,,
5761e286ed49dcc23e6b,paperclip,Tying a hat or scarf to prevent it from blowing away,,,,,
f1d513ea9156de73c791,fork,Piercing meat before skewering,,,,,
e9809b041db02ea37f86,paperclip,Connect small metal objects like charms,,,,,
ae7bf1916f3b14b60fa7,paperclip,Securely close envelopes,,,,,
1184e03f736e44d489e6,paperclip,Constructing temporary clothing clips for sizing purposes,,,,,
7e1973c3960c038f6646,fork,Testing the temperature of food indirectly,,,,,
c14a9f24debf89ac3bc6,fork,Indicating directions by pointing,,,,,
833f6b28c5bd089124dc,towel,Wiping hands before eating,,,,,
e3c8749a8a14fe7a8d88,towel,Dusting surfaces,,,,,
f0e0c92d5c22a1d1060f,fork,Assisting with tweezers when working with small parts,,,,,
e0981a73e2dfbc51c0e4,paperclip,Marking the corner of a page,,,,,
79393201818c45af5758,towel,Wiping mud from shoes,,,,,
b690db8a0f131a442d57,towel,Starting fires (in appropriate circumstances),,,,,
b40b50804a4108856f87,towel,Making temporary bandages,,,,,
58ac4578f29522b526c3,fork,Tap out small screws or nails,,,,,
8e96da6084da5d63530c,book,Toy for banging on surfaces,,,,,
26fce47ba07eecd15ce0,towel,Wiping windows,,,,,
9ddaedaffd580b20569e,book,Art material for collaging,,,,,
bab9a670a4cbe9e6b317,towel,Squeezing lemons,,,,,
4652fe26a8768ce35d55,fork,Digging small holes in soil,,,,,
0d3cb9aee6f5f53e6502,book,Source of wood for papermaking,,,,,
c0ffa69b65c3ef3304a2,fork,Cutting through tough synthetic straps,,,,,
a1c982340c1b0562ae0d,book,"笔记本 (Note: This translates to ""Notebook"" but kept in Chinese as requested)",,,,,
0c4c229ffb5ace602f2f,towel,Starting small fires illegally (jokingly disclaimer),,,,,
429f5e378f414d411f37,book,Weight to press flowers,,,,,
0e6f823f512a96e04db5,book,Marker for place in text,,,,,
e5ccd9d8074704d78573,fork,Holding pages open in a book,,,,,
e3266aef6d88fa0d3e54,can,Portable snack container,,,,,
059642dd65c02b07da40,fork,Opening tightly sealed containers,,,,,
8563f5d077e48f8d325f,fork,scraping residue from the bottom of a pot,,,,,
b930cec64995636c0304,towel,Starting fires,,,,,
5c6f1536667c1aebe3fa,book,Funnel for pouring liquids,,,,,
c6d133a2bdf08b62cdc6,can,Decorative element in pottery or art,,,,,
b18e881ee077fcf76fbd,book,Bookmark,,,,,
b379d71d00a32e601878,book,Doorstop,,,,,
80e7a766aaf026c58163,book,Book as a weight,,,,,
0ce44a5c1497008c231a,can,Decorating as a lantern for a garden path,,,,,
bb54db63a3b64d80f5e9,paperclip,Marking places in books,,,,,
c939969ad897287d8232,book,Musical notation in certain contexts,,,,,
533d9a5ee267a82480c6,paperclip,Dividing groups of papers by length,,,,,
670f09511d2692088531,towel,Absorb traces of moisture from plastic containers.,,,,,
1313ed82419e05a86d6b,paperclip,Creating a small holder for safety pins,,,,,
bb3185cd8e57b55a7ef7,towel,Cleaning mirrors and glass,,,,,
beca3dbc83ae5e4eff01,paperclip,Positioning weights in crafting,,,,,
5b50c1af14239ee6377b,fork,Mixing paint colors,,,,,
e6a8fe89e7c0d9928880,can,Container for holding miscellaneous small objects.,,,,,
7a3d8f0b036fe1bbe91f,paperclip,Create a simple paper crane,,,,,
f7ebf87ec163ca930715,fork,Opening soda tabs,,,,,
6653b91cb6ed17c4cbb1,paperclip,Organizing small objects,,,,,
d4741fd48b6d16bb6919,paperclip,Creating a loop for hanging items,,,,,
6f6ec8cfe9c8f08cd230,fork,Cleaning fingernails,,,,,
8a4a46c3e7b15a2b3180,towel,Polishing silverware,,,,,
34e74eeb8dfc25e21362,can,Creating a pinch grip for pottery projects,,,,,
7b81cadcf9d351e4a968,can,Placing fruits inside to ripen them,,,,,
d9b28ed08cfe923c7add,towel,Wringing out excess water from dishes,,,,,
4d824dc4e2efa6c61684,paperclip,Secure staples or binding,,,,,
2cff02246b6d897f5565,fork,Removing small stickers or labels,,,,,
b7391caa0ff9cfb1a0b7,book,Compressor in a binder,,,,,
93e33f14df1dd00f2739,towel,Cleaning electronic devices,,,,,
8d1335bb25c0ab0ef26a,fork,Testing the temperature of hot items by touching briefly,,,,,
8471707983ede4134854,paperclip,Marking the page you're on in a book,,,,,
90b0be4aeae0db4745fc,can,Burning small openings in fabric,,,,,
fb6088036a9c10be0462,paperclip,Hold sheets of paper together,,,,,
8befbad27da0cb02b318,paperclip,Holding pages together in a binder,,,,,
66ba079311c74a11a6fa,paperclip,Holding post-it notes together,,,,,
b333b78a993dadb22bec,towel,Drying plates,,,,,
2d0fefe98bfde71e8e58,towel,Absorbing spills,,,,,
3b92016a25b194c28d6e,book,Baseball bat,,,,,
a62397119a7b6bad486f,can,作为容器临时储存小物品,,,,,
0003158cb05bb279a135,paperclip,Securing tags to objects for identification,,,,,
eeedf9eaec5b50cddcea,towel,Marking fabric patterns,,,,,
b159683fff9df2235e9b,book,Ink absorbent for spills,,,,,
45dae1b87376102f47f9,towel,Wrapping gifts,,,,,
d90435307d3312add9e9,fork,Pointing direction,,,,,
4da037c1066790eccae6,paperclip,Temporary door stopper,,,,,
0ce6a19497be8642396c,book,Personalized kitchen spice rack,,,,,
6df2b2bdf4b0334a795d,book,Therapy tool,,,,,
ab0b8560a458f0ae236f,fork,Cleaning small parts or components,,,,,
bbcfa1e08b19173f6af9,towel,Making jewelry by wrapping wire,,,,,
20c90a3925d687b9a413,fork,Scratching an itch,,,,,
53b2a9ee6cb23010cfdb,book,Artifact in a diorama,,,,,
3324dd293e6548d8bea7,paperclip,Hold together a stack of post-it notes,,,,,
c77daf8cb1a73e8956de,can,Placed in a room corner to conceal small items,,,,,
4e03ffbff7a4ba2fd1c1,can,Signaling for attention by shaking it.,,,,,
3f533f1bb8c61075eff2,can,As a makeshift hat,,,,,
b4c2674dc74ebf6c3ae9,towel,Cleaning mirrors,,,,,
14dbd3166349fc128903,paperclip,Securing paperwork in filing folders,,,,,
980b5b7575d73dcb8f73,can,Hammering in small nails,,,,,
a0589034ec009354e70c,fork,Cleaning small areas like the rim of a cup,,,,,
6566f204e663354e6c85,paperclip,Marking small sections in books or documents,,,,,
bca4727ec83eaaf3115f,fork,Scraping food residue from plates,,,,,
825a2db9fb0261171fc4,fork,Pressing small buttons or switches,,,,,
e4bcc565af441eaf5157,paperclip,Anchoring yarn ends when crocheting or knitting,,,,,
402de1f0dc34f6ec4d15,book,Cricket bat,,,,,
f95d0c0a2cd9df2aebf5,towel,Wrapping gifts,,,,,
aee6971936ad68b9668b,book,Gift wrap,,,,,
8ff8c7891d6ac61f53d7,towel,Protecting furniture from scratches during moving,,,,,
a2685ac199dff8cfbefe,towel,Absorbing spills on countertops,,,,,
255ff6eae587818f4e3a,paperclip,Mark prices on items in stores,,,,,
70ff68a2fec338d8874b,paperclip,Measure small distances,,,,,
bdae8d99bb9e57c8318c,towel,Cleaning pet hair from furniture,,,,,
05be2e9ec74f0d8b4eaf,fork,Holding pages apart in a book,,,,,
10bcdcfdc8024d4b24b5,paperclip,Holding hair back,,,,,
d4ade8cf5100c4fc7490,towel,Cleaning glass mirrors,,,,,
5950c7594d27f8385697,book,As a ruler,,,,,
729d859f50f63a470991,paperclip,Tying strings or ribbons,,,,,
e338e0d383c6988b2a72,book,Bookmark,,,,,
6e8741505ca87125f3f0,fork,Plant stake,,,,,
252ddcf4f4076e713270,fork,Scraping food from pots,,,,,
aa9e474b6d31171cd2b0,fork,Opening tight lids,,,,,
eb69df51204f77f5afba,paperclip,Securely fasten receipts,,,,,
ad3b3e70ca9fb60de3e1,can,Protecting small items during travel,,,,,
0d0433fd6178ad4d8c33,paperclip,Secure post-it notes,,,,,
1ba99e5e00c36d6e30bf,fork,Marking important pages in books,,,,,
c5cedd77cb4f79ac9106,book,Firestarter,,,,,
4700c61e71d486359ad8,book,Signage,,,,,
323f53f1a70bf805c80f,paperclip,Creating a simple paperclip chain for decoration,,,,,
0a65f25e4d174eaba409,fork,Cleaning small spaces,,,,,
25b439a2e59c8ee14e71,can,Scouring baking sheets,,,,,
5dbbee86d2980d9c73e8,fork,Stirring powder into water to create a slurry,,,,,
ba52efa8b46e125316b9,fork,Piercing food,,,,,
e4743be3b4482e5cd8ef,paperclip,Creating small loops for hanging items,,,,,
dc2e9408461b0e6e8903,book,Book as a tool for paper folding,,,,,
2d517072a3b23c00dd1a,can,Shielding eyes from bright lights,,,,,
5e785d2c6c22143e40b7,towel,Creating a make-shift snow shovel,,,,,
1320f1d1c25eff379c59,can,For tapping on a table to get attention,,,,,
c36a2a73b849ed80903c,towel,Making small packages USDA-approved for shipping plants,,,,,
6de77ea3645620391161,towel,Drying wet hair,,,,,
226884652f37382e5859,book,Toy for pets,,,,,
e5322c95f819edfabf85,towel,Polishing metal surfaces,,,,,
0c1246e9c302d5cead13,fork,Straightening small wires,,,,,
abf924a50e9d84a53772,towel,Polishing silverware for brightness,,,,,
384f6749d6e0194573a5,fork,Poking holes in cardboard for ventilation,,,,,
589c42d1e9c6d3362ea2,can,As a temporary mounting for tools while working on walls,,,,,
0497436cac6d249c434d,fork,Serving as a small weight in handicrafts,,,,,
b22eb0f461b8365df8f5,paperclip,Mending small tears in fabric,,,,,
ad2d66dfc935c8925ede,towel,Absorbing spills on the floor,,,,,
f417a60e9cada591e6ae,can,Opening bottles,,,,,
cef4ddd3cdc0e9b12f24,can,For pureeing beans,,,,,
51554f98aea36d1beba3,towel,Cleaning windows,,,,,
a7bbec0b6d461e2dd93b,can,Planting seeds in small spaces,,,,,
7c23d2f5e3942c6ade20,can,As a holder for golf tees when practicing,,,,,
2b5649a59133f5077149,can,Holding small tools,,,,,
e3604eb1737023d0f652,book,Book to use as a doorstop,,,,,
17d73d5fedf0d193a590,can,运动器械,,,,,
a1a1b54b5ec54dd8c31b,book,Surface to draw on,,,,,
ebe0d48287e2ff07df5d,towel,Mopping small spills,,,,,
8bdb3e7c54b4b96e2a54,can,Whisking batter,,,,,
a33704dddaed38271d5b,can,Opening bottles,,,,,
a9854925fcca8c98e5fa,towel,Making tempura batter crispier by draining excess oil,,,,,
598613c7e369fae53496,can,For cleaning small surface areas,,,,,
f6e69175f3dab93f1a0b,can,As a container for holding small items,,,,,
173bf7b7dcc3517c039b,paperclip,Bracelet,,,,,
de880aaaee2c88d416bb,towel,Polishing silverware,,,,,
31375298bff1fc052451,book,Tool for paperweight,,,,,
f55d59c8fd6c9a2702ff,fork,Pointing to indicate direction,,,,,
0ba43f7115a9b7038a13,paperclip,Fishing small objects out of tight spaces,,,,,
3d462b6a91f3a64a52a0,paperclip,Secure bookmarks in books,,,,,
0cbb64c042811f1dfc92,paperclip,Indicating importance or urgency on forms,,,,,
12fdedd0a963537fdcdc,book,Kindling for starting a fire,,,,,
510bc05881ea9042f11c,paperclip,Making a simple paper airplane component,,,,,
9240bb2fc8db08be489d,paperclip,Decorate crafts,,,,,
6314e5032077867c49af,fork,To punch small holes in paper or cardboard,,,,,
4c0e78de67f8371d1804,towel,Ventilating a newly cut fruit,,,,,
2599589b204e22202167,towel,Protecting hands while planting,,,,,
89e5af724d871396265d,book,Stress relief toy,,,,,
5c653d522c333b4f9e47,paperclip,Edge weight for magazines,,,,,
0566bb9a4c677ba36742,can,Sunshade,,,,,
b4edefc27a8f8d977b26,towel,Covering hot surfaces for safety,,,,,
d7b9e0059e215d2d9140,book,Surface for insect breeding,,,,,
bcbbe2ec4913d18a3aca,fork,Scraping labels off cans,,,,,
d89c5e6fca0aecc08dbe,can,Create a signal in emergency situations,,,,,
3c0e9891813a100689af,paperclip,Holding ribbons in place for gift wrapping,,,,,
71f46b2b56c53f9d0068,book,Fire starter,,,,,
db554de25ea69b618ea7,fork,Holding objects while applying glue or hot melt adhesive,,,,,
3ce23218fd49eff2c32e,can,For tapping plants to activate dormant seeds,,,,,
3d9dd2e0a1140deb9dc0,can,Marking boundaries or positions,,,,,
4322cc50f9e6af894dad,fork,Making small holes for threading,,,,,
6a67046d2e38a9a82eb6,book,Marker,,,,,
083a4038e375bf4d0964,paperclip,Opening jars with narrow necks,,,,,
493f9c3380a728935f26,towel,Polishing shoes,,,,,
0b6f2cef13d602cc4c45,paperclip,Attach receipts to expense reports,,,,,
a081af31c548f9cd9d63,paperclip,Connecting circuit components in basic electronics,,,,,
6fb57c6cf562b13fe819,towel,Absorbing excess ink from drawings,,,,,
1d729163effbaa3c2432,paperclip,Securing boundary markers in place,,,,,
6c2e1d6d5573c987e166,towel,Cover spilled liquids on countertops,,,,,
3230a9fb28aef0ad75a2,paperclip,Opening a jar with a lid that's difficult to twist,,,,,
5f44056e4603ece7a232,paperclip,Marking lines on paper,,,,,
dcc2496320e1d8d65167,fork,Spacing seeds while planting,,,,,
d98eb4cd2156c1db3b03,towel,Polishing plastics and glass,,,,,
e53dcad37f3638e496a8,book,Instructing a pet to fetch,,,,,
b05c64a5dc03eb200420,book,Decorative item,,,,,
138485c63092ba936f66,can,For transporting small objects,,,,,
6ab71c59cfd35772d85f,can,Representing a signal for stop or pause,,,,,
2add8d29152b47d6288e,fork,Ice sleeper coolness tool,,,,,
7daba54fd9852762c506,fork,Fish hook bait delivery,,,,,
cacabe3eca65e43e9380,can,Open tight lids,,,,,
0b4dd1e1e84310505be0,paperclip,Create temporary bookmarks,,,,,
d973487ff77e9f27960f,towel,Absorbing spills on the floor,,,,,
a282a369e0b436345a7f,can,Hammering soft materials,,,,,
f85dab9307f4a2d7596e,fork,Scraping food off the bottom of a pot,,,,,
9d70103f26587f4292d2,paperclip,Placing under lettuce to tidy fridge shelves,,,,,
2ce4678da15d76fe70d7,paperclip,Facial hair trimmer,,,,,
d0535c5f5702a5750bb4,towel,Cleaning a keyboard,,,,,
c6553cfbe13e37df3291,paperclip,Secure admission tickets together,,,,,
034c420600cdb407e004,book,Rbble in a fire,,,,,
65591bf7dc8ba200faae,can,Whacking small objects during play,,,,,
302b48619681869ca081,book,Bookmark,,,,,
7dffe1599ed817c0d347,can,Tapping plants to serve as a walking stick,,,,,
1b3286f602a34b9b7352,book,Baseball bat,,,,,
fd095bc09fd1db788118,paperclip,Creating a makeshift paper weight,,,,,
aefd89747716b5f5e966,paperclip,Securing ticket stubs,,,,,
bfc1e240b0874284e82d,paperclip,Mark or label items,,,,,
a9816694e04b9769eeaa,towel,Drying hands before cooking,,,,,
1bc1ea5cd14c8eb17c9a,book,Fan,,,,,
54829cefdb89b07ee205,paperclip,Loop for hanging from a hook,,,,,
d0f3c32698d925d376c8,paperclip,Looping together similar items for easy identification,,,,,
7878d51085c1ba2107d3,book,Item for a puzzle or game,,,,,
e8ba803c28c0896ed8bd,can,Stilling water by shaking it,,,,,
b1341e829d897d567103,fork,Indicating directions or highlighting items in speeches,,,,,
2f43bc57b0e1de3a1cfe,paperclip,Adjusting tension in paper folds,,,,,
9e9ff8edf4b872a7a7a4,paperclip,Using as a makeshift paper cutter guide,,,,,
7886af8873032cfb4717,fork,Knob replacement for a drawer or cabinet door.,,,,,
bda10c0c5281b90099af,book,Bookmark,,,,,
42da9bc2a8992d4cb881,paperclip,Making简易书签,,,,,
096ad4d827737e266b36,fork,Marking pages in a book,,,,,
817526a5f98dbc649c66,paperclip,Serving as a paper folding aid,,,,,
621d7ccf7c108dc43ff2,paperclip,Marking pages in books without damaging them,,,,,
6ed200d4cd0eb196a456,book,Bookmark,,,,,
2d6df38b0cc310210e3c,towel,Polishing silver cutlery,,,,,
66797afa363b1fb0267b,paperclip,Attaching ribbons for easy identification,,,,,
c94200ac53854755db9b,book,Surface for small plants,,,,,
1614223b607f928d6216,can,As a tool for weighing objects.,,,,,
b73a833e76ef513d43ba,towel,Wringing out water,,,,,
a11f2e775d8ae3c3ff82,towel,Cleaning computer screens and monitors,,,,,
aa9fc9c4014954616fe4,towel,Absorbing spills on outdoor furniture,,,,,
330aecfd2568274e897d,towel,Cleaning computer screens and keyboards,,,,,
337aa32314bde1916771,fork,Gently scraping plants off rocks in aquariums,,,,,
e9e292395288f819eb07,book,Doorstop,,,,,
f36bb25825bf1d872c64,fork,Removing small stickers or labels,,,,,
a83d1b7bc93ba410fbda,towel,Cleaning small spills on tiles,,,,,
a617ce3e71e26c5871b7,book,Bird feeder,,,,,
1367d3786021892e6a70,book,Source of kindling,,,,,
1462ba2fe75294ca146e,fork,Digging small holes,,,,,
13ab1311a7edb624b562,fork,Adjusting small screws or bolts,,,,,
64ec3a539dc2915a3293,book,Bathroom accessory for keeping tissues organized,,,,,
47caa885c0d560b0e268,paperclip,Keeping pages together in a folder,,,,,
b7112f2ef3ba712a03eb,fork,Removing stickers or price tags,,,,,
135c8551b6ac37ab3364,book,Toy for pets,,,,,
654acc30e7af0a00619b,towel,Absorbing spills,,,,,
8fe3bd49d7a5fdfbb48c,paperclip,Holding sheets of paper together,,,,,
4e9d57e76ae37ba28331,paperclip,Hold paper together,,,,,
3415f6832e2123468e44,towel,Making简易面人（面人是用粘土制成的小人）for crafting,,,,,
6eaf3dbca90326117697,fork,Tapping out Morse code,,,,,
385b20a1ef88b67f0ec2,fork,Cleaning corners in cleaning tasks,,,,,
f1c18ad885b2b2d9ae33,paperclip,Scratch reassurance marks,,,,,
0ad4a32ae6e2ae96ba9e,fork,Straightening small pins or needles,,,,,
50a6f93e976ac9e8fb10,towel,Emergency bandage for minor injuries,,,,,
b4c7642885aa8fea6ac5,can,Shape for molds in crafting projects,,,,,
95609e2f9d57dc7a8258,paperclip,Making简易悬挂重物的钩子,,,,,
b5c4bc579a93f91260d2,can,Toss for a children's game,,,,,
f4704bd1f88b548d03fc,paperclip,Mark small objects in a row,,,,,
480fb9147e7a0a08f191,can,Dodgeball,,,,,
e0c96fab20afac6a45be,fork,Tapping rhythm or a code on a surface.,,,,,
4cfb0e3f1a4ddaa7232f,can,Using as a container for paintbrushes or small tools,,,,,
45544c3823a225c55ffc,fork,Opening envelopes,,,,,
1961f7cbd21f6399c5c7,fork,Stand for computer mouse and keyboard,,,,,
49a3782d2267a27b144c,can,Baseball or cricket bat,,,,,
e906e5c95ae8c50c8cbc,towel,Pressing leaves for pressing,,,,,
59fd5e986451aba07db4,paperclip,Connecting notes to a memo board,,,,,
02d5bff764149426f681,can,For tapping rhythm while thinking,,,,,
598915e89a1c8231fe30,can,Open tight jars,,,,,
e06703c3acadd2fa3182,paperclip,Reinforcing the bottom of a folded origami animal,,,,,
ddfadeab747b17e44233,fork,Adjusting small jewelry pieces,,,,,
943e54bfe654ec513d22,paperclip,Secure business cards to a note,,,,,
98a6587ef2d0c338b369,towel,Temporarily mopping a spill,,,,,
cc4bd7d2057612d1c396,towel,Covering a hot pan handle,,,,,
4a04b05fc5aea22e6760,fork,Opening tight jars,,,,,
630dea8401216dc4fe4f,towel,Making bracelets,,,,,
18958c6f9d8ca4f11d86,towel,Cleaning camera lenses,,,,,
54559dcc83bb3ca57ff8,towel,Wiping lenghened fingernails,,,,,
19a65743f2fe74807ae1,can,Employed for self-defense in emergencies,,,,,
3f7ed8b6ae231e198235,can,Makeshift weapon,,,,,
b2100ad46d30b1bcc1b9,book,Sound amplifier,,,,,
ef9627e6739ad37510d8,fork,Pointing out items on a menu.,,,,,
4f0327ed04594c11eee8,paperclip,Adjusting paper size,,,,,
bfd863c5781a8d6fec3c,fork,Marking straight lines on paper,,,,,
7633ffc600281d03a4a8,can,Branding tool for making marks,,,,,
3154fd56bb64afb60f59,can,Bruising garlic or other cloves,,,,,
2a74d1f8679d30f17432,towel,Cleaning glasses,,,,,
e748d550219d1d9a577a,towel,Emergency bandage,,,,,
bab08baa04fcdc72c07d,book,Toy,,,,,
60263c816affe677f7f3,fork,Unwinding tangled jewelry,,,,,
654d9e38762ce9b5b0e8,paperclip,Indicate importance on documents,,,,,
09616c08a6e0d37ae7f2,can,For throwing in a game or activity,,,,,
82d78e31ca38d0603633,paperclip,Marking items in a stack for easy reference,,,,,
b9d03e5a39bead21de54,paperclip,Creating small weights in sewing,,,,,
800fbfd6a3ae0c7a0d19,towel,Polishing metal,,,,,
7c4bd75793eed8278dac,fork,Opening tight jar lids,,,,,
407094ed98b413382e3f,towel,Starting a fire (as kindling),,,,,
0f7e2341f31b027c6598,towel,Starting a fire,,,,,
adaee09b8c6548281675,paperclip,Temporary handle for small tools,,,,,
6771a4c2702777b151b5,fork,Used in juggling routines as a prop,,,,,
9d2fd63057a9c16f3a0e,towel,Wrapping delicate items for protection,,,,,
9fd988dc2147a2abef36,paperclip,Zipper puller,,,,,
51ca54ec155f6665d11b,fork,Twisting off lids of squeeze bottles,,,,,
d0d3b40b42971fe96eed,book,Toy for younger children,,,,,
04c82834384382c96332,can,临时隔断,,,,,
4038f335ccdc171a537e,towel,Wiping feet after bathing,,,,,
d26435d6369c450f7b0a,towel,Absorbing ink on art projects,,,,,
2ff5b583fa628a8e46e4,paperclip,As a safety pin replacement for minor clothing repairs,,,,,
29d4d3ca06d2058bbbbe,fork,Teasing apart fibers in crafts,,,,,
6e8b049c6f792316a2c3,book,Paperweight,,,,,
3a480ce3e44d347c096a,can,Camping mug for hot beverages,,,,,
ee6ef819268c1f9bc977,fork,"Indicating choices, e.g., in a restaurant",,,,,
2ad3508e3b7577bb7d40,book,Firestarter,,,,,
5e9ef111a04c9bb4475c,book,Weight for holding pages open,,,,,
ab04a7d038ac65003bb6,towel,Absorbing spills before mopping,,,,,
c485a4bab51591cddcdc,paperclip,Indicating broken links in computer files,,,,,
66b2587b529a20262284,can,Can for storing small tools,,,,,
293524b25f3a0d595786,book,Cooling drinks in a pinch,,,,,
8779e913e151cb0423d8,fork,Unwrapping small items,,,,,
9631c2ce934611c497c3,paperclip,Creating paperclip chains as decorations,,,,,
7de5945f8aa704bf47f0,book,A coaster for glasses or cups,,,,,
a07a37d6f4876710659c,can,Support for leaning objects,,,,,
b57ac173c9653979a642,paperclip,Anchoring tokens in games,,,,,
64c8c5663b5b316edc6e,book,Dartboard for close-range target practice,,,,,
e29b42c7489177ae52bf,can,As a prop to lean on while standing or walking.,,,,,
ff51754ef9d89f08f229,towel,Scraping barbecue grill,,,,,
8c95c7ff610eb72a1cc7,can,Cap for carrying drinks,,,,,
bf011303cc8ab33d4590,towel,Starting fires (in fireplaces or camping stoves),,,,,
ea4ccf782da970f40d78,fork,Opening jar lids,,,,,
248ea9ffcce31dbaa5e5,can,撕裂包装或者纸张,,,,,
b21490713b144c7825e6,towel,Cleaning keyboard keys,,,,,
f801ceba2e117a4f9076,towel,Holding small items together,,,,,
1541b622710556f50180,can,Temporary shoe holder,,,,,
aad37ff8e35e587087dc,paperclip,Hooking onto shirt loops for pocket organizers,,,,,
c92f09e200af939aa2ef,towel,Absorbing pet droppings,,,,,
8869828b241b17b80fff,book,Book for kindling,,,,,
791396a3b3055c9231e8,paperclip,Securing notes to a document,,,,,
4da4fe5f283771a28204,towel,Press wet hair to help with styling,,,,,
82dba7a65f2b1751f0d4,paperclip,Hold paper together,,,,,
56d3e39b572f2cd67ab9,book,Surface for writing,,,,,
511790d2f90b2536fa7c,fork,Piercing food,,,,,
18be29cb908ba57aebba,fork,Spatula-like use for spreading butter or paste,,,,,
b18b781cf65e373d13af,paperclip,Zipper pull for bags,,,,,
3baa428bd2c49fe5616f,towel,Collecting small objects while cleaning,,,,,
fc97302ab56696c04e5c,fork,Pricking the surface of dough for baking,,,,,
0239fa40730e0d5612fd,paperclip,Holding sheets of paper together,,,,,
1a6326b955b67762aba2,book,A pillow for sitting,,,,,
1fb0f66bbf3ed8d71676,can,Support small plants,,,,,
5b1f74783b3ff434e7f0,paperclip,Creating simple weight balances in scales,,,,,
a04baac5b100be3cad50,can,For hitting nails in a soft surface,,,,,
e12b513a0ee5cf36c44e,book,Ruler for straight edges,,,,,
44c576fd7e21d7169dd1,paperclip,Tacking paper to boards,,,,,
33a1254c090c142e47b8,fork,Spreading butter on bread,,,,,
8fa7d325c8bbbc5b34ca,towel,Wrapping gifts,,,,,
91ae98d8a80252eafcf2,fork,Creating highlights in hair,,,,,
d16c413ca0b475bfa9d7,fork,Creating patterns on wood or metal surfaces,,,,,
1159d07577eba2c76540,paperclip,Hiding small items in notebooks,,,,,
0f2bd688a1af4da5cd4e,fork,Cleaning small spaces in furniture,,,,,
81409eaf7ac896627eef,book,Tool for self-defense,,,,,
943cd7ec9b39cbe4ea68,fork,Tap code for basic communication,,,,,
4986f1f67b64da4cbdd2,paperclip,Creating a bookmark that holds pages apart,,,,,
802f260cf23b1da00a8d,book,As a blindfold,,,,,
8d729ca036fe925c43d6,paperclip,Marking page numbers in a book,,,,,
ca5cbbc1ec5cb041e651,paperclip,Separating sheets,,,,,
5a090235de0ce623e7ff,towel,Wiping feet,,,,,
0c4dc89b3eb70d86a342,paperclip,Creatively attaching feathers to a homemade hat,,,,,
1e8b40ad32a9400f46b6,fork,Spreading frosting evenly on cakes.,,,,,
856f39a6d0a992bc4162,towel,Wiping hands,,,,,
67b9da29b21f201f3b8f,fork,Spreading cheese on crackers,,,,,
5fd48154a237b296ec5d,book,A makeup applicator for dry powders,,,,,
c547798ad535c64d8491,fork,Unsticking zippers by scraping the teeth,,,,,
a45a81add103bcc060cb,can,Solar oven reflector,,,,,
fc76923b1a438f85525a,paperclip,Marking page corners in books,,,,,
7ba7b6d427134c61b185,paperclip,As a placeholder for items on a board or notice board,,,,,
32a5a7d2e4bef85e263c,fork,Holding small objects while gluing,,,,,
e62f844af637be3d8527,paperclip,Lift and move small items,,,,,
eddfa5ef15ec90bc2843,can,Opening bottles,,,,,
f3c00d5b7d874af6655d,can,Portable seat while camping,,,,,
6468210c09cee03b3342,can,Toy for a pet bird,,,,,
84afee8ea1d243f11593,towel,Drying pet paws after a bath,,,,,
967202ab37735bfce9f9,towel,Starting fires in fireplaces,,,,,
4f75bddce2052d8649d7,paperclip,Marking straight edges on paper,,,,,
190ed76831c64f4fbad1,fork,Creating patterns or designs on flat surfaces with cereal or sand,,,,,
a947df49edab677dff45,book,Component in sculptures,,,,,
bba86b79896c4c3e9200,towel,Covering hot surfaces,,,,,
1534afb559d163dd68f8,book,Picture frame,,,,,
35a4b213f7d1860ff139,towel,Scum removal from car windows,,,,,
90454705457d56586e3e,fork,Using as a skeleton key,,,,,
b8824f6f6d5bee727c2c,paperclip,As a small arrow for pointing on documents,,,,,
5a8be22edc3f6e6b195b,fork,Marking pages in books,,,,,
17fd99e21403450206f3,fork,Scraping labels off cans or bottles,,,,,
b20c0613be939ba3c1d9,fork,Marking pages in books,,,,,
1913e90d6d1b61924b54,book,Scratch pad for notes,,,,,
0fc7122a06e430568b4c,fork,Holding food steady for cutting,,,,,
d0d2a10642397f254549,book,Marking stone boundary,,,,,
64748a14234c5f08e60b,fork,Scraping food residue from a plate,,,,,
e0e2556d0ce52152c536,book,Fire starter,,,,,
997a89b7a455767b797e,can,Hammering in small nails,,,,,
7620ef03db3c9a8e34bc,book,Surface for writing,,,,,
dbf41cb7ba1f7b65b162,can,To hold paper clips,,,,,
5407d758b5cddf9805dd,book,Book to weight down fabric,,,,,
fe512f240c1baa1e57f8,towel,Polishing surfaced objects,,,,,
57dc6131d493a8deb5f4,fork,Opening tight jars,,,,,
15e29b83c3c73bc8e0bf,paperclip,Secure business cards in presentations,,,,,
e944e422d82b6626a201,paperclip,Connect small wires or pieces of fabric,,,,,
68f96b2874598773393c,book,Doorstop,,,,,
1a00055293a69688d983,towel,Scraping paint from brushes,,,,,
07cb17a6b14aa936d7af,towel,Blotting sauces,,,,,
0eab431aebf811e1b2e3,paperclip,Serving as a simple paper divider,,,,,
2e1b1655c4b7d56db0d1,book,Doorstop,,,,,
b80fb86b0b464d96c693,can,Using as a lever,,,,,
e840da910a3f3ee4582a,book,Ruler for measuring straight lines,,,,,
13df2b6abe5e0c3e2b69,can,Container for small items,,,,,
6b30f9b7541591d8007e,towel,Absorbing spills,,,,,
773cdd5f7f5641a5a04a,fork,Picking up small objects,,,,,
d6be071033bebcb08d47,book,Bookmark,,,,,
6e2e2231aebd11dd9df2,book,A tool for kindling,,,,,
9b133e0e7d3141080238,can,For mixing small amounts of substances,,,,,
1f9440b8aba464776886,book,Pillow,,,,,
77659b922d8563420ff8,towel,Starting fires (in extreme cases),,,,,
9a90accc2ee3cf3c22c6,fork,Whipping cream into a piping bag,,,,,
4f613dccc8b48e9608fa,paperclip,Winding around small tools for storage,,,,,
e5d1026407e51cbf6ff8,book,Paperweight,,,,,
5637f608cb39fe22f285,fork,Cleaning small gaps,,,,,
da8a49e42d971e877ac2,book,Axe handle (thin books),,,,,
6a86b9bf9c5295f980b1,can,As a hat prop in cosplay,,,,,
894656b50d40519b2706,fork,Revealing hidden compartments in wooden boxes or furniture,,,,,
47d39fb0bc48ff54447f,book,Blanket for small pets,,,,,
10d71a824c0bcb8b53ea,paperclip,Marking a book's page in a library,,,,,
09986e5a9444d49099b1,book,Cup holder,,,,,
976f7c2e48e56059eb6b,fork,Serving utensil in finger food presentations,,,,,
db8c8992f6cdd3d2b5d1,book,Toy for younger children,,,,,
8cc630c154011f576114,paperclip,Hold paper together,,,,,
45b3b3ff128e60e2a84d,paperclip,Tying together small parts for storage,,,,,
f8b9cf5808140cc99518,book,Ruler,,,,,
17b14a8a6b16ce91cbd5,paperclip,Hanging small items like keys on a keychain,,,,,
89adc255da091dc2ab50,can,As a container for small items,,,,,
3a7487fe7cab2d66ad1e,can,Holding small objects temporarily,,,,,
2056ae6e2584a707c978,book,Shading object,,,,,
a4afc2d9c3df19b78642,towel,Cleaning glass surfaces,,,,,
c128f3b26b29a5e69ba8,book,Firewall from light,,,,,
dec05bddd7298d31567a,paperclip,Separate items in a stack,,,,,
9c2b0a4890b9fb4ae72e,book,Tool for self-defense,,,,,
d56404e168b313ca01ef,towel,Wiping hands,,,,,
6cda27582a788b1af3e0,paperclip,Bend metal in emergencies,,,,,
30116c1e6f6e7f95c44d,towel,Tying up hair,,,,,
3749ca2581dab93b4165,paperclip,Hanging small items like keys or a wallet tag,,,,,
6bfcee6e094cb2132095,can,As a container for snacks,,,,,
aebe618842b3114c331f,fork,Gently stirring powdered substances,,,,,
4c8a0dbfce03fdf564ed,towel,Binding minor wounds,,,,,
6299f8f5dfeb2985aec8,can,Spice container for table use,,,,,
f855a74a5bba70ec37b9,fork,Creating small indentations,,,,,
d424cfc03578b0a9c961,can,Can as a toy for pets,,,,,
dca29a4290474bef62a8,paperclip,Marking pages in books,,,,,
9dba2f0391476db409b7,towel,Covering hot foods to keep them warm,,,,,
807bf10f0b38cc8cba9e,can,Plate for small snacks,,,,,
e04e7d0c7939b9d2b650,can,Cover for hiding objects,,,,,
1a7f4df0abcbb5f34a38,paperclip,Acting as a simple distraction toy,,,,,
cf4b0b4cacc23fb645d6,paperclip,Holding sheets of paper together,,,,,
2e1740c96b81936b0313,paperclip,Create paperclip sculptures,,,,,
b21afb4c50bbde85a9f0,paperclip,Creating temporary jewelry,,,,,
eb44e4d93bf8ab6a90ff,towel,Wiping a bicycle chain after oiling,,,,,
bd724b9dfed9b58b217f,book,Toy for pets,,,,,
7f5969ebeae30564849e,can,Hammering in small nails,,,,,
9f41ef98ac6f508f49f1,towel,Covering food to keep it warm,,,,,
2380c9fc84ab0ec019b8,can,Wringing out a towel,,,,,
c61aac7ee9953b7365e0,fork,Plugging small holes,,,,,
b622d77b71fa25c964ae,fork,Indicating direction for hebtics,,,,,
820d914d2a9a44a365a8,can,Weapon grip,,,,,
68c3b4004ac300a4adea,can,Rapping to get attention,,,,,
93b6dd76401e8e04690b,fork,Opening letter locks,,,,,
0a1276f1db911cd1054a,towel,Cleaning dishes,,,,,
b9f2c0fd69e81cb14186,fork,Serving as a stopper for glasses,,,,,
893f6aa5e16e2cb60d90,book,Fishing weight,,,,,
2da4b8da264fc2960ba4,paperclip,Create简易书签架,,,,,
bc74283a5e47558327d9,paperclip,Marking page numbers or bookmarks,,,,,
fc83eb6281c28e8045fd,towel,Cleaning storage containers,,,,,
d32d6a348437943d9d60,can,As a toy for teaching balance and weight to children,,,,,
194a7a4ccd12496b9fd1,fork,Removing small thorns or splinters,,,,,
474338b14a7aaeafd5ea,paperclip,Keep rings of a binder closed,,,,,
236381109398a7713d20,book,Using as a weight for crafting projects,,,,,
573f36aac9a9b4a7920d,towel,Concealing minor scratches,,,,,
b19ed2688baf4f336efe,fork,Auxiliary support for gardening tasks,,,,,
9b0bdbd79e2f103c95f0,towel,Absorbing oil from hair,,,,,
b1cab3a1098de0ec58a4,fork,Piercing pizza slices,,,,,
782916e18bd22952b74e,paperclip,Making primitive paper jewelry,,,,,
5ef609847469815bc11c,towel,Making quick repairs to buttons or tags,,,,,
aa13b97128b368a1b077,paperclip,Keep a sleeve closed on a loose-leaf binder,,,,,
58a98543f104548715d0,book,Fire starter,,,,,
8cbbd3d55c0cf555b0d8,fork,Holding paper while writing,,,,,
3a51a3d91bf97f15b284,can,Broadcasting sound to test speakers,,,,,
7c0f022605dd35a9a420,towel,Wiping a bicycle chain after lubrication,,,,,
5634160767f22b46c851,towel,Marking pages in books,,,,,
d5fb63a07e4acbdf77b9,fork,Marking place settings,,,,,
14e166454af41819cfa0,book,Seating cushion,,,,,
0aea1eaf02ac6daa2486,paperclip,Attaching receipts,,,,,
e01fa9f3031702b98f6e,towel,Drying small pets after a bath,,,,,
f799fab64ac1ca03574a,fork,Measuring short distances,,,,,
00d81bcb81cb2b407af5,fork,Mixing small amounts of ingredients in tight spaces,,,,,
c59b2e0f74392dd1742e,towel,Cleaning computer screens and monitors,,,,,
f93eb3eb7223e7c17fd5,can,To open a bottle when a bottle opener is unavailable,,,,,
1a390f29785fc78ff9ff,fork,Creating holes in wood for hanging items,,,,,
45a7c1fd11c578d74602,book,Weapon in a pinch,,,,,
e341819bd76598090427,paperclip,Press脆弱植物防止折断,,,,,
6a807f74f88982722a28,book,Spatula for moving leaves or debris,,,,,
b7c05744d47deb8d42b3,paperclip,Conducting small objects like pins for sewing,,,,,
06547ed5c06cdaf63d33,towel,Pillow stuffing,,,,,
eccff4fa9c70a48f2a19,book,Paperweight,,,,,
4c19e5bc8b67275d83fb,towel,"Plugging gaps (e.g., around doors)",,,,,
fc8d6ef35dd900e2df4f,fork,Cleaning small objects like batteries,,,,,
4f86fb3f381b3ef37c34,can,Break glass in emergency,,,,,
4694ef6a7bc026b2f18b,fork,Holding papers together,,,,,
d8fe70f5bf9f041e2cee,paperclip,Creating paper clips art or jewelry,,,,,
d3c155e902f9acc34d10,paperclip,Labeling small objects,,,,,
0f07e5643a0c09906112,paperclip,Balancing items at the top of a pencil,,,,,
e3612085256775055f26,can,Plant pot,,,,,
31163ed1d86dbf5cb9d5,towel,Covering dishes while cooking,,,,,
ee05057390bf60de537a,paperclip,Attaching tags or labels,,,,,
63653c841bcb15c04402,paperclip,Needle threader for sewing,,,,,
05dad7fbf5bcdff8789c,can,Musical instrument for percussion,,,,,
74549a7ca45f8e08b52d,paperclip,Temporarily connect the ends of a torn document.,,,,,
3fbc6a34c03bdddadad3,book,For kindling in emergency situations,,,,,
0b4bec378ea4cebfb2f9,fork,Syrup scooping,,,,,
55b8f7ec5b4c5bac2bee,fork,Cleaning small crevices in jewelry,,,,,
6fa3f565132f7a43e466,towel,Wiping a window,,,,,
ff2a76ace9dd5308f6c8,paperclip,Toggle for/on switches,,,,,
107a50564aa2deab35c5,book,Bookmark,,,,,
1180fca00ee1e1c870e3,book,Toy,,,,,
d332c6a3571ea4436f3d,book,Bookmark for keeping place in a magazine,,,,,
2bb2b31e998415bee35d,fork,Mixing ingredients in small quantities,,,,,
ef09af894bc7b8cf4828,towel,Stopping small leaks in kitchen appliances,,,,,
fdd6b4a2253c1b8bd60e,book,Decoration,,,,,
581c0c8fcecf08b67de3,book,Door stopper,,,,,
5b184771cb6829a43902,can,Prop up a plant pot,,,,,
d56139600897d7548545,fork,Opening lids of jars or containers,,,,,
450dcd0249ce8a995c34,can,Wine opener,,,,,
fafadb760850aa8f2050,book,Bookmark,,,,,
003d1549728173f7d073,can,As a container for holding (other than liquid),,,,,
7968d79831e0ceb5e457,can,Using it to catch small animals,,,,,
abc42f07f273d97646d7,towel,Scrapbooking and crafts,,,,,
8247ca0a0355d47dc4ce,paperclip,Hold pages together in a binder,,,,,
44ea69a9ffeafb98dec9,fork,To stir furniture polish,,,,,
e922a1f34164438c821c,towel,Cleaning electronic screens,,,,,
718fde927b76de7b67a8,paperclip,Hold sheets of paper together,,,,,
1aa3a435760f880e833b,can,For forming a closed space to shield objects,,,,,
24760c9a38ef3a330988,paperclip,Holding small items securely in place,,,,,
ec65b91a03614c2d17f1,paperclip,Measure small distances,,,,,
5291099169735a1adad3,book,Toy for a pet dog,,,,,
6b389ac3ef79fbf4f913,can,Opening jars with tight lids,,,,,
81142ab2ab2093538f99,paperclip,Connecting business cards,,,,,
43222b05230cd57d56cf,can,Cracking nuts,,,,,
5eddac8340b2c41d5d5b,can,Decorative element in a garden,,,,,
0f4391b9e65d7ec7078f,fork,Removing packaging or stickers,,,,,
1df178ab409a2ea3a4a7,paperclip,Attaching receipts to a financier's clipboard,,,,,
b4042659de1d00d02ea9,paperclip,Marking pages in a bound book,,,,,
ceae27b34ceffe58174c,paperclip,Loop for attaching labels,,,,,
eb1f8814b70d2b392e9d,towel,Absorbing spills on the floor,,,,,
9ed0455ed910413ee2e0,fork,Marking pages in a book,,,,,
cba718430d9f8dafb94e,towel,Dusting surfaces,,,,,
97becc408159aadbd0ea,paperclip,Attaching staples that have fallen out,,,,,
73fd24a0db0b23bfeb11,can,Base for table decorations.,,,,,
421d609d1def17d1bbe9,can,Opening tight jars,,,,,
51d8aee47c1d27a3d2be,fork,Mixing ingredients in cooking,,,,,
1b3caf3d8fba5d484e33,can,Doorstop,,,,,
c69fb69e3e69aa2bc27b,can,Campfire starter,,,,,
43d2d29eefd646304f8a,fork,Scraping paint from a roller,,,,,
ab7a8ee72a38fb0320d1,paperclip,As a simple paper separator,,,,,
843ac5ef81534555a5ff,fork,Dealing with flat objects by prodding them,,,,,
153551b50d76c6294e03,towel,Stabilizing heavy pots during transport,,,,,
cbd94b7db970f862098b,towel,Scooping small animals out of cages,,,,,
4aa4d7faf897753fb8c2,paperclip,Bundling small electronic components,,,,,
6c0541c892827f8f837d,paperclip,Creating paper weights,,,,,
91ed11767a3f8c787446,book,Fire starter (when dry and small),,,,,
5d9e32b0aeded1ca5393,book,Weight,,,,,
a347cca1e291c3453884,paperclip,Make a small weight or counterbalance,,,,,
47a96b9fbaa99af6b84d,book,Blanket,,,,,
44680099826cf5a42352,can,As a reflector for light,,,,,
1d01aea4ceaff5e9223e,paperclip,Anchoring napkins to a plate,,,,,
a65820ae8c9aae94309f,paperclip,Marking page numbers,,,,,
14a3969a0c8db3e79a64,book,Weapon in a self-defense scenario,,,,,
14f902731663a13e70ad,paperclip,Magnetic board attachment,,,,,
a9ee1658e345e5eb13ca,fork,Picking food off a plate,,,,,
da856fe0007ca7673e7d,fork,Moving small objects,,,,,
887a6e0076747fa2e4d7,towel,Cleaning a pet's paws after a walk,,,,,
392cca24c8a479cbb959,towel,Covering hot objects,,,,,
1f033e102dd4344364bc,fork,Removes stickers from smooth surfaces,,,,,
5b277ae7037c78c14a2e,book,Doorstop,,,,,
506f40daa67804477766,paperclip,Fishing bobber weight,,,,,
5c273a1a7a989a6f99a1,paperclip,Marking page numbers or sections,,,,,
b987b622f2cdf41a533d,towel,Catching small spills,,,,,
fd71c68270f607378b6b,towel,Absorbing spills,,,,,
b416ed53ab7c0c8672ac,fork,As a tent or shelter pole if needed,,,,,
e5eb152d2b01132c0520,book,Baseball bat,,,,,
e33e7b14238c904c3a0e,can,Cover for opening gaps in fences,,,,,
8961e32e0ea0c6460809,paperclip,Sealing small packages or bags,,,,,
10b7016634f6429c1d64,book,Toy phone,,,,,
f7d7cc57c7589042fcdc,paperclip,Keep floss in place for dental cleaning,,,,,
338bb0b4f5c2073eb8f8,fork,Hamming up cell phone volume,,,,,
fd69a14701b3eb396ece,paperclip,Clip tickets together,,,,,
ed32cdcbaccc137c753e,fork,Pierce food for grilling,,,,,
bed78986c6af4e124a14,towel,Absorbing spills,,,,,
8c8e4026b770fc137b6f,towel,Wiping hands,,,,,
876b13930a33cd6b2f5d,book,Brake pad (in extremely primitive vehicles),,,,,
aeed1b52d505c159cfd6,towel,Dodging water in DIY projects,,,,,
1e694fb20bc0d71037f3,book,Yo-yo handle,,,,,
844896724d4452fc3387,paperclip,Keep cards organized in a wallet,,,,,
de8cb3015a0854046837,fork,Binding hair into a ponytail,,,,,
b17acb2de3120d9f8c2e,fork,Straightens bent paper clips,,,,,
ffa7d27ee4e1812020fd,fork,Fashion jewelry or accessories,,,,,
653ff9af5af5108033f7,fork,Disturbing a sleeping pet,,,,,
63611fc54ceed77559d5,paperclip,Marking the corner of pages for quick identification,,,,,
d8388bf856093930a145,book,Impromptu fireworks holder,,,,,
1ce6f657b0e85b840414,fork,Serving oneself at a buffet,,,,,
ee0400045cd75d6d8f9e,can,Supporting plant seedlings,,,,,
fc54a6ffab6491430659,can,制作简易乐器,,,,,
6ea7ab85bc000beec289,can,Holding plants as a decorative support,,,,,
a9c9adac9cb22eb0012b,paperclip,Bridging small gaps when building,,,,,
470224903a4145b90884,towel,Drying hands,,,,,
2f30790642d6b6c0d17a,book,Source of fire in emergency situations,,,,,
11083dd9e7e70ec52c0f,towel,Protecting skin during exercise,,,,,
a310d6d1f6ff24a47e17,fork,Creating indentations in clay or soft materials,,,,,
e8b22ae356f371f203a0,book,Paperweight,,,,,
040f9fa27e1c64f846c4,book,Fish bait,,,,,
1887f050bc454cbe765c,towel,Polishing surfaces,,,,,
fb99608801469a85030b,towel,Covering food,,,,,
4b77a51d7d7fa2d5c682,paperclip,Designate important documents,,,,,
0c1947c144e6afe7d82c,fork,Stirring small amounts of liquid,,,,,
cdbdb5a0c19650f19b64,towel,Mason jar seal,,,,,
48f97a5739f1704eddad,fork,Serve as a makeshift ruler for small distances,,,,,
d072d60a2fb8dcfe0b70,fork,Marking pages in books,,,,,
0a03f2fe71bcb6ae2027,fork,Spacing out small objects,,,,,
6d755c1cf84670b8e64f,towel,Dusting shelves and furniture,,,,,
94d1fa2c881a50e8c3c9,paperclip,Marking pages in a bound book,,,,,
fd0bb6ba26adc3d695e5,book,Hammer,,,,,
cf3e17341f767ce97ff6,paperclip,Holding papers together,,,,,
c667c4a4efdb49c27bfe,paperclip,Marking items for storage,,,,,
989dfe45ee148289f8a2,fork,Poking food to stir it,,,,,
78f70c755ec098f48da6,fork,To beat out small flakes or pieces from materials like soap or chocolate,,,,,
087bb46b65b5870e2f1f,fork,Fastening light decorations together,,,,,
495f2a44e0cfecf66152,book,Book to prop up furniture,,,,,
2d583cd9a504183a1d27,can,Plant holder for small succulents,,,,,
d5300648ba10a76d55f4,fork,Opening tight lids on jars,,,,,
88503279fd99871c0303,paperclip,Scratch an itch,,,,,
34693934bc87050e5331,fork,Cleaning ears,,,,,
fbd82e164f25860e5e8b,can,Sound amplifier by cupping over ear,,,,,
fea453c9229d468c723a,towel,Protecting furniture,,,,,
7aeca7e523e93c06515a,towel,Wringing out water,,,,,
ad0ce4cea7301a0f93d5,can,Mixing dry ingredients for baking,,,,,
8aae24ef65fd84e8bc31,paperclip,Gift tag attachment,,,,,
02c6fba07108be1f7024,paperclip,Loop around a keyring,,,,,
7edcc152c93963aae7ce,fork,Straightening small wire pieces,,,,,
fa674a6dd28f714d009e,book,Skateboard grip assist,,,,,
72f770c82893c639587d,towel,Cleaning glasses,,,,,
712509e98d7eceea243a,book,As a doorstop,,,,,
b37d8e3d1eb73eb01fe3,fork,Prying open tight containers,,,,,
57acada6f01cb8308e88,book,Decorative item,,,,,
c4fd6ec9637f0e236d13,paperclip,Securely fasten less important documents,,,,,
0999b37e9d646d9a70b9,fork,Pricking balloons,,,,,
79c1e0af3aed74785a2f,fork,Prying open tin cans.,,,,,
1720ce98eb09ae69bb6b,paperclip,Serving as a bridge support in paper bridge building competitions,,,,,
bdd657220ddbd51ec9e5,paperclip,Temporarily attaching Velcro to fabric,,,,,
b7cc1d080459f464df70,towel,Creating a makeshift blindfold,,,,,
ad5bdf5ad00947f783de,fork,Holding up plants when planting,,,,,
3fbc4b8711b0a0653b1d,fork,Keeping cigarettes organized in a pack,,,,,
4a120bb2b2e560384051,paperclip,Punch holes in paper,,,,,
ae5ae9d2d4f42fd07364,towel,Polishing silverware,,,,,
495e2ce5e9ba32ef8ece,paperclip,Label items or small props,,,,,
4b06db1003a35f518193,paperclip,Creating a paperweight for light documents,,,,,
f87f41a0584eb7db5280,fork,Holding earrings to try them on,,,,,
0666d0bbbfe759c9d0f8,towel,Protect clothes from butter mess,,,,,
9dc3ece1321d770752df,paperclip,Organizing clips or cards in a file,,,,,
0262ef1af92468b33cca,can,Releasing confetti or small paper pieces,,,,,
464535528657d8cff7a2,paperclip,Concealing small amounts of money in gifts or notes,,,,,
4a82d2dde8a33c3493dc,paperclip,Hold together ticket stubs or receipts,,,,,
2f65bfb4c3c071cd4117,book,Container for small objects,,,,,
5c4a6f2b108874600579,fork,Fashion accessory,,,,,
db900c0e50ba88f77ea7,paperclip,Securing business cards,,,,,
8997927e3ea7d76ecff9,can,Toy for birds,,,,,
b3f9ef5f7fad2bab0fd0,paperclip,Paper bundling,,,,,
df56345ad1639a8e744f,book,Tool for decorative paper crafting,,,,,
e8d5f4eebebda2b1fd30,paperclip,Creating paper earrings or necklaces,,,,,
bbe8c13f5609ecc27f03,can,"Idiom reference in phrases like ""can opener""",,,,,
c2677cfdf9a9a0ba5c97,can,To prop up a book while reading,,,,,
fb5cec5962ef90dd2d85,fork,Holding pages together in books,,,,,
4af8c8521c200aac3e17,book,Nap pillow,,,,,
1e4a1c789f41b2c3a054,fork,Inserting screws into tight spots,,,,,
3582bf24d8461b591b4c,paperclip,Track items in a list,,,,,
4395ac4dcc1fc62dffd8,fork,"Lightly scraping items, like frosting, from cake",,,,,
07930e770e3d47938e39,fork,Spreading butter on bread,,,,,
87c021e2dcba3b1cbeb5,paperclip,Mark items in order,,,,,
0dc908b8ec7efccd2a8d,fork,Screwdriver for tight corners。,,,,,
f2f60c8576b8c01764c7,book,Fire starter,,,,,
11dfc3a6afb5bb8aa4e4,can,Tool for starting small fires,,,,,
e56359ddf68f7e548969,book,Paperweight,,,,,
9a98ad5b42865fd2f0f3,towel,Scraping remnants from pots,,,,,
da8efb026b70e7c3cbdf,paperclip,Temporary eyeglass support,,,,,
3e0962e6bc3ded94b83d,book,As a bookmark for multiple books,,,,,
e995803b713e14bb8950,fork,Fashioning simple shapes with soft clay,,,,,
cb2eca11d6099f61768e,can,Bracket for shelves,,,,,
e375bac0f42f08f60171,can,Squeezing toothpaste,,,,,
7dea5da424013762e4f1,fork,Piercing fabric for sewing tasks,,,,,
495cef099278acb145f6,towel,Serving as a palette for artists,,,,,
46381d2c4705a62493a9,can,Sponge for cleaning surfaces,,,,,
70c04c43ad83ac555609,paperclip,Lift lightweight objects.,,,,,
8d29486b9aa2d52c1977,paperclip,Attaching a dust cover to a laptop,,,,,
0de84f06b70752c2d30b,paperclip,Write straight lines,,,,,
501e7bc48e8028cce6fe,book,Making a plant support,,,,,
262a77da37c06cc6974f,fork,Crowbar in tight pinch points,,,,,
fdd2117708a6a98a5e3c,paperclip,Tying small objects together,,,,,
086e24d4bdf398c8d9c0,towel,Pressing flowers,,,,,
274919e83ce68fcc4c41,book,Candle holder,,,,,
fc3c8bb3505ec777f7b9,towel,Wiping hands,,,,,
f5505a571f31c6ba0ca3,fork,Opening tight lids on jars,,,,,
13c836834d661332950f,can,Counterweight,,,,,
a060e26d65f2e2e58fdc,paperclip,Securely fasten envelopes shut,,,,,
810e36826fb60e0db274,fork,Opening bottle caps,,,,,
5ae04d95f14be55f71bf,towel,Cleaning electronic screens,,,,,
675b81dd57cda50c89c2,fork,Opening stuck lids,,,,,
4be29a88d036e46f4193,paperclip,Holding together strands of yarn,,,,,
37d5b2fe8a9bf96bb909,paperclip,Hold sheets of paper together,,,,,
e57deee8f6d939d90d76,fork,Spacing out pieces of meat on a grill.,,,,,
3a3f553a3df4d6f9e597,fork,Holding up plants while planting,,,,,
133ffe64019afba27284,fork,Opening skewers,,,,,
697082aa5adc6ad2118a,paperclip,Mark the page number needed,,,,,
a67675be2d7f9baa29fb,paperclip,Tying lightweight items with a chain of clips,,,,,
23da5fb6f35b594d21fa,towel,Cleaning pots and pans as they cool,,,,,
7ce240f9a169492e0bcc,paperclip,Attach notes to a document,,,,,
ee81f9c7c48d4133e645,fork,Moving weights or small objects in crafts,,,,,
c6fc52a203876373cb6a,book,Large books can be used as stepping stones or small stools.,,,,,
5960b62edab082cffb48,book,Book as a seat,,,,,
e38135e00cb8c23c6d64,fork,Holding back hair while applying makeup,,,,,
afcf80b8eaee7f4934a5,fork,Creating patterns on walls,,,,,
898bc324f31f07f09945,fork,Prying open crevices or gaps,,,,,
7ef3da309c076cb97d23,can,Stabilizing a piece of furniture,,,,,
e0390f0c7ba65de2302b,book,Weight for holding pages open,,,,,
745c9ca475cc877753d6,can,Tent stake,,,,,
913dab0d6f97e8154fd4,fork,Tapping lightly on tables,,,,,
e45a9ae3b2e95b509b68,fork,Spacing items on a shelf,,,,,
ca5afeda0a37b872da1d,fork,Cleaning small items like jewelry,,,,,
bb9cff08679b30a4cd15,towel,Covering hot surfaces while cooking,,,,,
f889e5bc0ad01097c6f1,book,Fishing bait,,,,,
27bb5a5d7031319c8f42,fork,Cleaning small spills,,,,,
4505692bcd38ee5900d1,fork,Scraping paint off surfaces,,,,,
de14656b9518bfc5322f,fork,Spacing out cards in playing card games,,,,,
6949356f85a27035cfe7,paperclip,装饰物 (Decorative item),,,,,
b0e9b6a92561e847368d,fork,Mixing batter in a small container,,,,,
079dea5cf044c8bfe19d,can,作为节日装饰,,,,,
ecd440e26bd377d983ad,fork,Opening letter locks,,,,,
6e039ae0b803e2782f1d,can,Branding livestock,,,,,
94bd109d156b6145f95a,can,Tactile tool for drawing,,,,,
e0add2d65a49e40ca118,book,In gardening as a plant stake,,,,,
ad0f4406e6027d25779d,fork,Creating small holes in concrete or plaster for hanging items,,,,,
d55960aebd7e6cc18e9f,can,Pointing towards things to indicate them,,,,,
9e765547e98847c09ed1,paperclip,Keep pages together in a binder,,,,,
4abc564ce0d9b43d0b0c,can,Cleaning hard-to-reach grooves,,,,,
b14fabe58a3df9aa5867,can,To hold up a heavy book,,,,,
554febeda4e41d6f47ab,fork,Connecting wires with small fits,,,,,
40835ec107748754f62d,book,Shielding objects from rain,,,,,
81eeb619dc187826b2b6,paperclip,Secure ribbons on gifts,,,,,
b3339984947bdc150b75,paperclip,As a makeshift paper weight,,,,,
85faed363995e96d0a2f,fork,Dislodging stuck items from jars,,,,,
2089913c5a050e00dc66,can,Plant pot,,,,,
c90f2179f04a4e884047,can,Mix paint colors,,,,,
701254eefb6692e8bea8,book,Bookmarking pages in a library,,,,,
15bc14564d71bd10efd5,fork,Piercing food while grilling,,,,,
bb7b06233ee09b854126,can,Dangled as a wind chime,,,,,
227aeb7decaf8f44a10b,towel,Holding onto hot items,,,,,
deed5a816de24ee71b6f,book,Doorstop,,,,,
2c42a01c87a5c3729ab4,book,Decoration in a room,,,,,
5f2c0bdde28bebe27a99,paperclip,Secure labels on packages,,,,,
7d8eb2335503d08a9cb0,can,Decorating as a holiday prop,,,,,
8bc233da6a5739be6551,book,Musical instrument (rattle),,,,,
859d5cf520c3ca7dbf8c,book,Mousepad,,,,,
99d74a568d7f2cc165d7,paperclip,Acting as a simple paper cutter if sharp edges are available,,,,,
ffe514a5bf7013859e4d,paperclip,Holding pages together in a stack,,,,,
375fc982776ae3cbf6a4,paperclip,Knot indicator for metro tickets,,,,,
1f4ff99915b313a0275e,towel,Scrub tough stains on kitchen counters,,,,,
8ae8681eb8345bc55106,can,Tool for opening stuck jars,,,,,
10d8222a9c9f96499921,book,Opportune surface for writing notes,,,,,
e9b54491103c4060dbfb,book,Bookmark,,,,,
002384fdd5239103c59b,towel,Drying hands,,,,,
4c06124871a605973ccc,can,Portable workspace edge marker,,,,,
279d096aeb9e7c5ccfe1,fork,Opening tight lids on jars,,,,,
285036899961d37818ee,towel,Cover food during microwave heating,,,,,
f8dbb660453aebd752b6,paperclip,securing small notes or messages on items,,,,,
9dcd766a7a4d86e09c6b,fork,Mixing small amounts of substances,,,,,
cc87d41dfc692783014b,book,Conversation starter,,,,,
e86a710ae365fcba06ab,can,Shaking drinks,,,,,
b3767b37378a16553bff,can,As a tool to mix small amounts of material when camping,,,,,
5d27fd7ed4585837cfb4,book,Door prop,,,,,
df59f70b1932d2bdd421,fork,Opening tight jar lids,,,,,
c7db85ba30f675405f87,book,Firestarter,,,,,
4708a0d110f3868aa9c6,paperclip,Making simple paper weights,,,,,
3544570077c16305f1ed,can,Support for small plants,,,,,
a5c9c043273dc3857bb9,towel,Protecting furniture during move,,,,,
166d7d4ef42176e0e386,paperclip,Attach small papers to a bulletin board,,,,,
ccbd618fdfdb75cfd127,towel,Absorbing spills on walls,,,,,
f57757974d472ae3cba8,book,Scrap for artistic purposes,,,,,
e600be7779dcb48901cb,can,Serving as a tool for striking a match,,,,,
c8ca8100fa693a7b55c4,book,Paperweight,,,,,
182fad4cd05fa05aa231,paperclip,Hang small objects like keys or pens,,,,,
19d3a59bac89c73e2cfd,can,Lid for pots or containers,,,,,
67339a2af1935f137281,can,Ages counter in role-playing games,,,,,
837315521ce481dff819,paperclip,Journal divider,,,,,
5b9de7d288ac880700ca,fork,Pry open packaging,,,,,
39c38f9e923faf663000,book,Tool for opening jars with flat edges,,,,,
2cb61b99496ab6ab000b,towel,Acting as a barrier while making a bed,,,,,
dc97cb87582f56f3db6c,towel,Polishing silverware,,,,,
ec0b54ae75b68a0c0dc9,towel,Melting wax from clothes,,,,,
86d9c552f9c0c9a9feee,paperclip,Organizing desk items,,,,,
5d1a101d155a78fb0ada,can,Used as a weapon,,,,,
abab362eb946fa569048,fork,Piercing food for tasting before cooking,,,,,
6df6bb38e50e40f02547,fork,Holding place settings,,,,,
c8538e7c8d31cdd20a47,book,Book as a pendulum for dowsing,,,,,
7d21ab2e009771e78f99,can,Temporarily holding a sharp object to prevent accidental injury,,,,,
397e7fa975165cad4f7a,book,Door stopper,,,,,
e0e5ad24b90721b9a714,fork,Markingpagesinbooks,,,,,
bad02ef2519b9bf367b9,book,Weight,,,,,
6462a5ff4fbe4e0cb44b,paperclip,Marking pages in a bound book,,,,,
9767ba900ba4cea364ac,book,For kindling,,,,,
0ab1380e1248ac4021b6,paperclip,Indicating a video bookmark on a monitor,,,,,
6f2a52e38c0938006edf,book,Seat cushion,,,,,
807dcec683bc588e77b6,book,Bookmark,,,,,
8a99aa74617253ecf12e,can,Using as a musical instrument in folk games,,,,,
d5bb2b0e596e12c3edbc,can,Used in crafting,,,,,
65b49ac92ccbe64a5773,book,Artwork,,,,,
32dad04b7d1c2f160c01,fork,Creating small holes in wood or plastic for crafts,,,,,
650fc4fd94b6286438d3,can,Toy box,,,,,
ecb1040938fe9c356698,can,As a makeshift ruler,,,,,
fc178d730b55dd151399,book,Musical instrument (can be drummed on),,,,,
3da2c03163cf74f84665,towel,Squeezing essential oils,,,,,
a11f6ab60f1ec16703d5,can,Decorative vase,,,,,
32788f5ddece85df5444,towel,Drying dishes,,,,,
fffc82d5bfbd8e100265,towel,Displaying small objects,,,,,
298ad96bf11ec96f009a,can,Impromptu mirror for makeup application,,,,,
0c3688562e6e51d59bd6,fork,Scraping labels off cans,,,,,
22fafec7cb1abee0020a,towel,Emergency grounding if electrocuted,,,,,
925fc06a389947134407,can,As a makeshiftحضار لتثبيت الأضواء في الديكور اليدوي,,,,,
58a864151644955876ec,can,Alcohol swab for minor sterilization,,,,,
d199c7ba85e496df1206,book,Skipping rope,,,,,
69c09d0774aaec11cb63,paperclip,Weighting down documents while faxing,,,,,
cea97ebad3d28f3cf7bb,paperclip,Create ring shapes for jewelry,,,,,
94a079b1ee89981ac87a,towel,Washing vegetables,,,,,
d0448aa066fff277a7c5,towel,Wiping bike chains after vandalism,,,,,
5180f91aa0bfe436b9a7,book,Toy for a pet cat,,,,,
5c4a2e7e9d2945fa42a4,can,For marking boundaries or objects,,,,,
e4e0fc85e5811f71caaa,fork,Scraping food off the sides of plates,,,,,
2ada1a777dc483fb422d,can,Serving as a makeshift hat,,,,,
780140086642e25eb805,towel,Polishing shoes,,,,,
9599eda9b63eb82e6633,towel,Snuffling nose,,,,,
95acfd16f91190408af4,paperclip,Balance lightweight objects,,,,,
aa1f6b0bb73add061874,fork,临时修复伞骨,,,,,
d3c1aede79721e5b8e55,can,To mix small amounts of liquid.,,,,,
96a9f70659e0ba92904a,towel,Absorbing printer ink leaks,,,,,
6e112001aee547579571,fork,Fishing out small items from a drawer,,,,,
6d07ab2e4c497aeb51dd,can,Opening jar lids with slight resistance,,,,,
248637c3513a582c7d09,fork,Dislodging stuck objects from corners,,,,,
27e0a657f208d0caecaa,can,在草坪上摆放作为装饰,,,,,
467f6ad80f6a54879193,towel,Holding up heavy objects temporarily,,,,,
ed026ab1a041cbf80110,fork,Straightening wires or small objects,,,,,
16573d261d8a0be67eca,fork,Serving as an improvised paperweight,,,,,
ae1c0a1238561b0ef5ea,fork,Wind chime,,,,,
9bf3ecb1b98df08f2ec5,book,A launching device for small objects,,,,,
af3eab9e98240d1d8faa,paperclip,Marking page numbers,,,,,
af6ab1e851b3bf0852d7,paperclip,Keep clasps closed,,,,,
3e46c20a579c6192674e,towel,Adjusting spacing between plants in a garden,,,,,
b90b696f248ecbf8a526,book,Flower planter,,,,,
94bf59f9f04e488dac6b,book,Weight lifter,,,,,
5ce0106d55d99c924496,towel,Polishing a car,,,,,
93b807dbdfe51fe04b04,paperclip,Connecting business cards,,,,,
28963303aeed34d39b8a,towel,Holding onto手机滑动,,,,,
2ab5a7c4203ef6e1614c,paperclip,Keep menu pages together in a diner,,,,,
7796bede6c10c37ec8cc,book,Paperweight,,,,,
1310e1e461089b452ba1,towel,Wiping hands after washing,,,,,
7a6018e817b807b2359f,paperclip,Make a simple paperclip chain,,,,,
eefa50f82387886455d6,book,Bookmark,,,,,
2a413161843629816079,book,Paperweight,,,,,
462fc152fb848093ab28,can,Level for checking flatness of surfaces,,,,,
b345fd5892a42d930b31,paperclip,Draw a straight line on paper,,,,,
a1e4819ce4faab0f285d,towel,Absorb spilled liquids on fabric,,,,,
2b2fd2765eda0639139b,fork,Spacing plants in a garden,,,,,
e7aa516f96b1b70d353c,paperclip,Marking page numbers,,,,,
8e296ec4fc515588258d,towel,Starting a small fire in an emergency,,,,,
bf6353ddfbc1ac98dfdd,book,Spill mat,,,,,
9ea453dc14c4e4c24e2a,can,Using as a mini planter for office desktop,,,,,
7d8ded2cdb1a95e487b9,paperclip,Help keep paper filters upright in coffee makers,,,,,
5e8d358233b534e4d2c9,towel,Polishing glasses,,,,,
72b22043611931eea930,towel,Absorbing spills,,,,,
6e8daa95f0f599107994,fork,Spreading frosting or icing on cakes,,,,,
85ec21ef9957d154bef4,fork,开启锁头,,,,,
704e16a3682971fdb684,towel,Cleaning mild spills from tile floors,,,,,
db936984b51ec7976046,book,Book as a reaction time tester,,,,,
ffdeadca4d5e6ee3acb7,book,Toy for a pet,,,,,
ba5677f626548290c099,fork,Unsticking zippers by scraping the teeth,,,,,
5402382ace93f3d446df,towel,Cleaning muddy shoes,,,,,
4c95808a13b9c62ed793,paperclip,Marking spots on fabric for cutting,,,,,
58390fd985f966665265,paperclip,Securing receipts in a bill folder,,,,,
75103bd3b1341a722ca3,paperclip,Hold jewelry tags in place,,,,,
24bb611b48ede588604e,paperclip,Identifying sections in a binder,,,,,
a8f621de2990ed940dbc,book,In board games as a die,,,,,
9fbf5de3c820fd27eb19,towel,Cleaning computer keyboards,,,,,
ebff76b7396d28fec8f8,can,Rest for a book during reading,,,,,
4dbab4a95de174f5bbd6,towel,Cleaning dishes,,,,,
aab414c24638c6ee3621,fork,Flicking away small insects,,,,,
f38713da089cf7786a2f,book,Solar eclipse viewer (with caution),,,,,
dc9870f80cdef7e459ae,paperclip,Secure business card to a note,,,,,
e58b3f94d7779b053597,fork,Studying coins or small objects,,,,,
a30c2225ac905d494f34,book,Book as a doorstop,,,,,
8e84da71d9ead86b6915,fork,Fluffing up fabric or materials to remove dust or fluff,,,,,
2f3b2bec36f57572ea1a,fork,Cleaning small gaps or cracks,,,,,
976bba999d171bf24914,book,Blanket,,,,,
fa696ab6e63ed6fdd2e8,towel,Covering eyes during sports,,,,,
a7f4d45b7370123f62fd,paperclip,Securing a note to a document,,,,,
8410781ef7551ee7719b,towel,Wiping a countertop,,,,,
abba3420c251a96088f6,paperclip,Secure pages in a binder,,,,,
03b45d94f98276a9b538,can,As a seat for small objects,,,,,
79dd38870a9cb903b86e,paperclip,Creating a simple paper craft element,,,,,
18ea572b18f3c78db988,book,Marking stone positions in landscaping,,,,,
60cece12e6c9cf96133e,paperclip,Securing jewelry findings to create custom pieces,,,,,
14266ee16f0c5225852b,fork,敲打物品，引人注意,,,,,
fc90d3c7b8ade87c9af4,fork,Measuring short distances,,,,,
b2f1a2b32980a5aea357,towel,Serving as a makeshift splint,,,,,
4d908d933fb69769503a,towel,Binding minor cuts,,,,,
0c1b427a652d7acd1233,paperclip,Tightening screws during model building,,,,,
f372fe2ec0e472773a6b,book,Hammer,,,,,
26fe1358bfc97aa15584,towel,"Making quick repairs (e.g., patching holes)",,,,,
2fbf7af5685e0ac9a810,towel,Removing lint from clothing,,,,,
dc18d49b8515910cbb5f,fork,Digging small holes in the garden,,,,,
c8b63da1dae70a6bbd40,fork,Cleaning small objects,,,,,
6645ff469195b054b8b6,book,For makeshift kindling,,,,,
b36fd5c1d96e705ec44b,towel,Clean bedroom windows,,,,,
5e4b47816c2e964f6d29,towel,Polishing chrome,,,,,
d03a452790ad8f8a25dc,fork,Piercing cardboard boxes,,,,,
0642cd7c6342adc621e8,fork,Scraping cooked food from a plate.,,,,,
b76b890108569733152b,can,Defending oneself in a playful manner,,,,,
50dcedd95b4c15aed7b5,fork,Inserting small items into small openings,,,,,
d383bfadaebcec2d090a,can,Using as a handle to carry multiple items at once.,,,,,
f470e118e9514985f7fc,can,Decorating as a temporary prop,,,,,
9309074a87317399ca4a,fork,Spacing plants in a garden,,,,,
28c0f38abc634284bd71,fork,De-gutting fish,,,,,
6afd045b936b520447db,book,Weight for holding pages open,,,,,
2053e57cb0e187d1ab42,book,Material for kindling when starting a fire,,,,,
9db5d36f734534f533c6,paperclip,Marking pages in a journal,,,,,
b6db5b983f9a93595b63,book,Toy,,,,,
65435e4a12ad5eb7d01c,paperclip,Mark a place in books,,,,,
b4e7e9cbe96624fccb0c,paperclip,Creating bookmarks,,,,,
a00da9d4f1ace7c80650,fork,Marking pages in books without tearing,,,,,
a58d44d9af85f724cc3e,fork,Polishing table edges,,,,,
e4f65e733903d95fa9f2,fork,Piercing food,,,,,
df5d13adaf8c78e46cf3,fork,Opening jars,,,,,
18e876aa88e1dbe44aeb,fork,Straighten wire ends.,,,,,
0e21b508cde46af9b7a9,paperclip,Indicating a reminder on a note,,,,,
e82c5a72c9a0c94f1025,towel,Sealing envelopes,,,,,
2d39e73cbf31c36d93a4,towel,Temporarily holding small parts together,,,,,
b644fccfbff1e73d1d2f,fork,Marking pages in books,,,,,
31325fe4837d178d3a00,book,Nap mat,,,,,
15aeca6af920e9341886,fork,Cleaning fingernails,,,,,
2428fe0ebc34e7957188,paperclip,Creating custom tags for grocery lists or labels,,,,,
46ce16c4707bf7a210e7,paperclip,Marking book page corners,,,,,
f5551b26bd9e918dbd70,can,Marking distances during camping,,,,,
efd0ac38e7c279e85ebe,paperclip,Keeping(menu) tabs straight,,,,,
c2fa68005a8e7dfeacf9,can,Weapon in self-defense,,,,,
13eb3ad5a7c75af68a19,book,Book for transporting small objects,,,,,
9a40f7d1d5fbad742566,can,Using the bottom as a coaster for small items,,,,,
1b091d45aa02df901800,towel,Emergency windshield cover,,,,,
b78d91effea128908624,can,Signal flare,,,,,
e17180b139e665b9cfdb,towel,Padding while wrapping gifts,,,,,
f70c4bac30b04fdeb699,paperclip,Hold together loose filings or documents,,,,,
46238222ed4ede673c0f,paperclip,Secure safety pins,,,,,
3514c799a4a002197c8b,can,Thruster for small rockets,,,,,
1a45ad366bfbad70beb9,fork,Piercing fabric for creative sewing projects,,,,,
f45fb87ac06b0764ac99,can,Stencil for painting,,,,,
0d01647e05a4d4a5eec2,fork,"Polishing small, hard-to-reach areas",,,,,
60d9244a0e9f793a84c6,book,Booster for a bicycle pump,,,,,
5d254bbbde5eb5fb2243,paperclip,Secure bookmarks in books,,,,,
dc834966f62118bf840a,towel,Scrubbing cooking utensils,,,,,
335fd22cbbb29c8e1c7c,book,Bookmark holder,,,,,
29b35944522391dddf60,fork,Marking wooden stakes or posts,,,,,
a5fc3848ced4542dabfe,paperclip,Hold hair clips together,,,,,
0315ebd7e1d30c171b5f,paperclip,Hold sheets of paper together,,,,,
a805e063545241c7fa33,fork,Serving as a temporary support for broken branches,,,,,
15a833d9974341c90790,book,Absorbing excess ink during testing,,,,,
25fb1682ab0f2330935a,can,Fishing bobber,,,,,
245c32ed3f3357b5fe35,fork,Cutting soft foods like cheese,,,,,
c960145d1dce5970f431,book,Paperweight,,,,,
8bbc58ab06bc47d924d2,paperclip,Creating paper bookmarks,,,,,
eaeb199cf9a2543a77b6,towel,Salvaging water from a spill on non-porous surfaces,,,,,
32f9d14059548730b58c,fork,Spacing items out for storage,,,,,
d0c0e0aa6a8321e109cc,fork,Cleaning small spaces,,,,,
8a75a9a88c7332a225de,towel,Scrubbing surfaces,,,,,
7ba3d1d9c7490e6c7c45,book,Signal mirror by reflecting light,,,,,
9b9a11b6fa0e2e310349,book,Using as a paperweight,,,,,
6d5fe181e48bf844a2c9,can,Hammering nails (with caution),,,,,
f7e4fe20e36c12975d4e,can,Toy for pets,,,,,
0604422a76a6171a83e6,can,Him as a target for a piñata,,,,,
794e52856506fd63c04f,can,Knocking snow or ice off boots,,,,,
9dd973ac6824db84b06a,fork,Marking lines on wood,,,,,
63883bf4653ddb505d3d,can,As a hat rest,,,,,
ecb186020c4e799f2777,can,Serving as a holder for small objects,,,,,
22795d0443c5ab97cc96,can,Bird feeder perch,,,,,
209eb31108f15a4cb7c7,paperclip,Attach documents to folders,,,,,
cd206e2d17f80bf97891,book,Bookmark,,,,,
21f90ab174f60badf8d6,can,Container for small items,,,,,
90b9ce5b923a5958a840,can,Opening bottle caps,,,,,
3912abc4c4e38526026b,towel,Absorbing spills on the countertop,,,,,
10f0d964a44fa37713a8,fork,Scraping paint,,,,,
0374bff400bb74a0719e,fork,Unrolling sticky papers,,,,,
0b6ebbc90b6decb2ccc6,book,Skateboard base,,,,,
f51484733da6e99e76c0,paperclip,Edge weight for magazines,,,,,
3870e2af847c0ba7ad77,paperclip,Creating paper air planes,,,,,
52ed4e72f4a6a0b0bd6b,fork,Dislodging food from the teeth,,,,,
89d508701f0f1332a845,paperclip,Marking pages in books,,,,,
c874668fc1bbca3e6ff6,can,In crafting as a basic template,,,,,
73d677ee3b10418c1664,towel,Controlling leaky faucets,,,,,
bd9e8384075a1cac4c4c,can,Portable plate for camping,,,,,
696bf8639c3a7c5be97b,paperclip,Hanging items on a pegboard,,,,,
03a8b26eb9081595e542,book,Toy for a small pet,,,,,
50462c38c3f69d8c1f63,can,Striking a tuning fork to produce sound,,,,,
e218d9dc1fb737ba0946,book,Fire starter,,,,,
50a550a1c252bc272d81,can,Utilized as a holder for small objects,,,,,
7c0c07f28d2640cff12e,paperclip,Keep tabs or other papers organized,,,,,
b0dffbd08ee3becd527d,book,Weight for holding pages open,,,,,
8434c54e1e8eb0241fbe,fork,Tapping rhythm or signaling,,,,,
53c1bb48730f6d33fb1f,book,Desktop organizer,,,,,
647a953199784cf06f79,paperclip,Remove tiny threads from clothing,,,,,
f138cdfac1415f4dbf27,paperclip,Holding together sticky notes,,,,,
a315a5aa3754b1e331d2,can,In crafting as a basic shape,,,,,
10dd121e5435245b4dd9,book,Security_stripping_tool_placeholder_,,,,,
dff27ab4e2405e196748,can,Serve as a clip to secure papers,,,,,
b877f4d39a56093b12d3,fork,Holding up light objects for inspection,,,,,
d9da79552c6dc111c45b,book,Bookmark,,,,,
104f091a255c817c5307,fork,Tempering chocolate,,,,,
0a65a1181eb1918c9825,towel,Cleaning sunglasses lenses,,,,,
da9b53dc38c28635c260,paperclip,Attach to laundry to indicate items,,,,,
68f806815626bf1ba2fe,fork,Holding parts during assembly or crafting,,,,,
81fe39ccf46129ada4ae,towel,Wiping feet,,,,,
e5172f4b15422afdcd67,towel,Cover food with to keep it fresh,,,,,
e3508197b7ce82844a7b,paperclip,Protecting the edge of a cut page,,,,,
23aae8ae36ad7d095705,can,Cooking by throwing it into a fire,,,,,
87efd72ab8dbdb48dcb1,can,Tapping plants to release sap,,,,,
c251ae4cfb8061e86131,book,Absorbent pad for spills,,,,,
42191de4cf295c6e1966,paperclip,Marking pages in a book,,,,,
436bfd03b618b82d625f,fork,Marking pages in textbooks,,,,,
17b6927ca254f0d8e6c0,fork,Opening tight lids on jars.,,,,,
6e7aee9cb1a33464437b,can,Portable bookmark,,,,,
2e1db6cb17e0e61f530a,paperclip,Creatively binding handmade journals,,,,,
9f0d299c3256264db602,towel,Drying small pets after bathing,,,,,
4445eba589fe167431c1,paperclip,Holding pages together in a folder,,,,,
077b462706c45a62e283,can,Defending oneself,,,,,
41dc4de26e8bc0beaf63,paperclip,Attach stamps on envelopes,,,,,
d0eb12df8e11c04aa879,towel,Wiping hands post-shower,,,,,
c0a162c3891727fcdbc2,paperclip,Create paper weights,,,,,
28a5295f41e3f7906dd5,paperclip,Weight for newsletters or thick documents,,,,,
fc83e86b40262e36f9c3,can,To prop up a planting container,,,,,
42ba852b8d395374d9f0,paperclip,Holding pages together in a folder,,,,,
009db2d4c28556dbe76f,towel,Wiping energetic sweat from skin,,,,,
38d360698b4a5cb05f10,book,Birdhouse,,,,,
ced1023f83d49c5bd9ef,fork,Making noise for attention,,,,,
c7a7d0f09a8142816fc3,can,Beating carpets clean,,,,,
18ab9c47ec25aab9eb39,book,Toy for animals,,,,,
0f73e3c25aeff22d8135,book,Book for temporary blindfolding,,,,,
07b0c39c141c273b83f5,fork,Pointing at items to indicate selection,,,,,
b9d26aea9d7b43725d89,book,Cutlery holder,,,,,
6d30c431dd055bf59e7a,paperclip,Looping a ticket for easy hanging,,,,,
8a1d19af7d96282880a6,fork,Mixing ingredients in tight containers,,,,,
646a58ef2603f8ccbb04,can,Flashlight holder,,,,,
43e67c63338a8f81cbd8,can,Fan to cool down,,,,,
29487aa9999974a834d2,can,For opening jars with tight lids.,,,,,
060e10d3db3f26e38e38,towel,Placing over shoulders in rain,,,,,
2fd012f46c1b16705858,book,For musical instrument protection,,,,,
162b3f593d26a4c353d4,fork,Plucking small objects like pins or earrings,,,,,
a3afff8a43f0646623bc,towel,Cleaning makeup brushes,,,,,
5b5954b5e369d5973f73,fork,Holding a bookmark in place while turning pages,,,,,
953ac6977c6366ff69db,book,Hammer handle,,,,,
1d7d0ddaf255609be5c2,paperclip,Holding sheets of paper together,,,,,
f771fcbeaa0f0c25631f,book,Doorstop,,,,,
045ea9f06075cca5f3a3,fork,Gripping small objects when tying shoes,,,,,
c61b81fbd91c685fb5e0,towel,Cleaning computer screens,,,,,
79d88687b1ec75367bcd,fork,Holding small objects in place,,,,,
5f83a07456b5ea67fa4a,towel,Polishing leather shoes,,,,,
60c4ee07b298895062fc,paperclip,Marking small objects,,,,,
7b2694493088e01bef5b,fork,Tapping out small parts for DIY projects,,,,,
275f51cf910cf3b4bf9b,fork,Keeping hands free for other tasks,,,,,
4d2ef4491d2c5747d197,fork,Opening tight jars or bottles,,,,,
5ce8802e13995ae61dd4,fork,Hold up ladder steps while climbing,,,,,
04a4fa0d4d0fffc7c767,paperclip,Holding sheets of paper together,,,,,
7c2062493784b510f486,book,Brick for a garden path,,,,,
b50f7858d70e9c3f386d,can,Tapping on surfaces to check for water damage,,,,,
b429141ba53565d0c6e8,towel,Cleaning seats in public restrooms,,,,,
eb2170eb0b85800f1485,can,Stand for holding a plant stake,,,,,
2a64396487a1173683e2,book,News dispenser,,,,,
d425da11d0ccfa0dcb7e,towel,Placing a hot plate,,,,,
cda7987c5bcd3394a697,fork,Enhancing air circulation in gardens,,,,,
89491889296dfb604b4b,can,Serving as a seat,,,,,
6482a479cbae55ef5af9,fork,Digging small holes in soil for planting,,,,,
26d78ec013eda812ddbc,towel,Cleaning mud from shoes,,,,,
3d992f1d6069dcffb73f,towel,Scooping small objects out of tight spaces,,,,,
6c4d081bb615bb70cceb,paperclip,Making a simple paper airplane wing brace,,,,,
f5772ec143f96716714c,towel,Insulating pans on stovetops,,,,,
272bbb5abf96898b7015,can,Crowbar for prying open objects,,,,,
24c32d3aec96e8742444,can,Planting small flowers or herbs,,,,,
4e8210c84588769f0b70,book,Toy for younger children,,,,,
73904a303fa39d1dd763,towel,Cleaning computer screens and monitors,,,,,
dfd704bda3b32fc4a0f3,towel,Protect paper while tracing,,,,,
e4890f370f325f4c938b,paperclip,Creating paper loops for hanging,,,,,
95b179dffcd15440408e,fork,Removing seeds from fruits,,,,,
c18e4f5c5d7f92d30f2b,towel,Bailing out a flooded bathroom,,,,,
d3f82e508aeb5a87ede4,paperclip,Hold sheets of paper together,,,,,
3bbd1753020184ca4440,fork,作为装饰品,,,,,
3d6ab5c2583e12993cf9,fork,Mixing ingredients without a spoon,,,,,
c54968bc0329e2a31778,fork,Poking food holes in baked goods,,,,,
83abec89bdda2e5842a5,book,Surface for cutting or carving,,,,,
dcf3352dc0aab6c4f043,towel,Packing lunches as a liner,,,,,
fd03fd43dd9ee331e5b4,book,Firestarter,,,,,
33b4bd42b99d0308f465,fork,Opening tight jars,,,,,
221ce518e4fef35b9110,towel,Covering hot pans while cooking,,,,,
9738939ae32c0b0a6380,book,Gardening tool for planting seeds,,,,,
7ebf66243deedac736a9,can,Hammering small nails or tacks,,,,,
91ecb307d28da9bd1d76,towel,Dusting furniture,,,,,
cb18d2d9b19ea2d088aa,fork,Opening stuck jars,,,,,
bbef5e839f3ab5c4e371,towel,Absorbing ink from drawings,,,,,
06adb57a542dd1461556,book,Fish bait,,,,,
fe29842a702d044d6a74,book,Stand for holding plants,,,,,
ff7a1466bf0dd61c497d,towel,Scrubbing dishes,,,,,
e4256c8df2afdf2fad6c,fork,"Cleaning small spaces, like the corner of a keyboard",,,,,
22fcda1ef8328b3f22ff,can,Spacers for tight spaces,,,,,
053f0eed19edaaabd57f,towel,Cleaning mirrors,,,,,
1edf45c857b47cfadffa,towel,Warm hands before starting winter hikes,,,,,
7331bafed11deb6d538b,can,Breaking nuts and seeds,,,,,
ca960388b3b318a99b94,can,Shield,,,,,
1911c22615f74fd7ad35,can,As a crayon or marker holder for small children,,,,,
954b53606e1d48f886f6,paperclip,Opening small jars,,,,,
34f80f0492714470878b,can,As a container for holding liquids,,,,,
55a07e08ac4690d3704e,fork,Holding paper or documents while writing,,,,,
54e8001fc3a9b5f3d9b3,towel,Wipe kitchen counters,,,,,
e9e50a6d3414ca5be486,paperclip,Connector for small magnets,,,,,
fc00f5dc3c8d04ad553a,paperclip,Picking teeth (gently),,,,,
b3318418b20affacd484,paperclip,Mark page numbers,,,,,
84c7c42b003842cddea2,towel,Absorbing spills on desks,,,,,
147db03935c71886a7a3,fork,Testing the freshness of eggs,,,,,
c7df2012b48b2c9424cf,book,Collectible item,,,,,
25336f34c4c8d7350f36,towel,Stabilizing loose items in bags,,,,,
d6ba0108f21e4198103e,can,Section off space in vehicles,,,,,
c1d4ea44e0c25789fb25,fork,Spacing plants in a garden,,,,,
d54b52138aa5283ff967,towel,Cleaning computer screens and monitors,,,,,
ae743907572502e9c7b6,paperclip,Assisting in the alignment of photos in albums,,,,,
8f9c117c9d0180aa9778,paperclip,Organizing desk items,,,,,
92158ed4e00bff1f2b1a,fork,Mixing small electronics in a bag for transport,,,,,
341e22031762a3126fc6,book,Toy for a puppy to chew on,,,,,
98c13a59b96d86d3b8a5,can,Can as a plant pot,,,,,
5ac07d1fac9aef6d327a,fork,Decorating cakes with frosting,,,,,
15ec313282e908b3674b,can,Stabilizing a light socket for additional support,,,,,
395f1e18feb907039c7b,towel,Pressing water out of vegetables,,,,,
407bea4a0dabfba66d70,can,用于信号求救,,,,,
2e49ffda26e8773dd893,book,Kindling,,,,,
90cd6cf04432c0700fd7,paperclip,Secure tags or labels to items,,,,,
96c7ff55d23f7959ea1a,can,Serving as a decorative item,,,,,
e2732899481da12b01f8,fork,Scraping labels off containers.,,,,,
515c9dd8cbcda7ceb7eb,towel,Absorbing ink from马克笔 (Marker pens) on surfaces,,,,,
18d25c25cf99d81025f9,paperclip,Hold hair in a bun or ponytail,,,,,
159b5d037132afc9b449,towel,Wrapping gifts for a simple touch,,,,,
a1ac6a71950df1fbcaf3,book,Book as a bookmark,,,,,
4183329a1b4273d79206,book,Firestarter,,,,,
340a9733c9df3fccea20,fork,Spreading small amounts of paste or glue,,,,,
b6e8fa2074523ce77f0a,towel,Drying hands after washing,,,,,
5bd3d215e5df37804899,fork,Serving as a makeshift knife by using the flat end,,,,,
4e1b0d9180eaf82f20b7,fork,Testing soil for moisture,,,,,
b8c9d811739657f4d8ea,book,Musical instrument in a slack-key guitar setup,,,,,
acea40ec968335003994,book,Surface for writing,,,,,
e3e10651c3a169e73f05,book,Scrap paper for quick notes,,,,,
5f07debb1c07d991efb2,fork,Straightening pins,,,,,
db83a00eec581fcc05a5,fork,Cleaning small spaces,,,,,
34491234bd2d964be093,fork,Nailing (when no hammer is available),,,,,
a3449f7539f69e1eef50,book,Decorative item for bookshelves,,,,,
d7928eb03759b24302a1,paperclip,Small counterweight,,,,,
b6a5546e05fcef62cd10,paperclip,Secure photos in photo albums,,,,,
0f07efddcc1c086fe119,can,Can to protect the edge of a table,,,,,
2e4bd218ab1d1ea2988b,book,Book as a prop,,,,,
9c3a619e156c058118f9,book,Paperweight,,,,,
44bf66e8b56b00db629e,paperclip,Drawer indicator,,,,,
7f2e99fe6079950d368c,book,Musical instrument (striking),,,,,
df9ed878e160b7b37949,towel,Polishing electronics,,,,,
d784bf8961a667da5976,fork,Clean corners of plates.,,,,,
d48bbb8b3064402bf9e8,towel,Cleaning spills,,,,,
7dc91fc7b66fce57c9d6,towel,Filtering tea leaves,,,,,
5ec898f999e77a163bb4,can,Hammer support,,,,,
65d36bd7e8b2e91fb33b,can,Tailgate for mini vehicle,,,,,
280aa8538d253aa92d13,paperclip,Replacing a paper fastener in office documents,,,,,
289e7b160b7b0ae01d97,towel,Polishing car surfaces,,,,,
120895c8519f61380fff,paperclip,Use as a lever or fulcrum,,,,,
aed19658ff97ca081408,book,Costume prop,,,,,
1deaa33b812371f6d70b,can,Tent stability anchor,,,,,
2c892469ec95250b45f8,fork,Create decorative edges on paper,,,,,
5dc65f8e83dec262f29b,book,Canvas for sketching and drawing,,,,,
a896cc2ff9946f20a459,paperclip,Opening containers with small openings,,,,,
0212c4bb9948cefe71c7,can,Cleaning small crevices,,,,,
c98697088439363887d1,fork,Sparking interest in disinterested children during meals,,,,,
8138eb47b91c11e35301,fork,Stirring small amounts of liquids,,,,,
4f6ee0720c3391cc7d9d,paperclip,Fixing small items like safety pins for storage,,,,,
932da6ef2d5a3d6be072,book,Tool for opening jars,,,,,
cab5d3691c0f04fc7b0d,paperclip,Decorating jewelry or clothing,,,,,
b5d1d4268827cbdf55ff,paperclip,Scratch something when pencils are unavailable,,,,,
84a051f0c369a7805bc5,book,Insert for card games,,,,,
663e2dcf9c7d5b653556,book,Bookmark,,,,,
aa3c52cfa5e76a3c467d,towel,Insulate hot plates,,,,,
eb36cf5748c2c09bd69a,book,Bookmark,,,,,
d4e1f21420e9b2e39ecc,book,Bookmark,,,,,
85b24ab61b452efbd804,fork,Making small indentations in wood,,,,,
fbdfce4e819486b7cf28,fork,Opening tight jars or bottles,,,,,
afeb6933185ec53538e3,paperclip,Mark page numbers,,,,,
d89ee923ca96cbe7f2a2,can,As a makeshift prop for standing,,,,,
4b3407c9df937c556baf,can,To give first aid in applying pressure to stop bleeding,,,,,
d1dd6917339491fa223e,can,Weight to hold down newspapers,,,,,
fd78761f7174ff0ea140,towel,Holding small items together,,,,,
acfeeef9c1e7b53c3219,fork,Cleaning small parts,,,,,
2f13fd98dd9daffa684a,can,Container for holding paperclips,,,,,
6ef27880bf8ff86b0341,towel,Absorbing small spills,,,,,
5698ef16e3f7f8795990,can,Stirring small amounts of liquid,,,,,
3eeb84e80cb50c725a0d,can,Starting a fire by focusing sunlight,,,,,
2460c39d457563e4df72,book,Serve as a weight,,,,,
873f23a162dda4dadea8,paperclip,Temporarily attaching small objects to a document,,,,,
d919a8235ff93e501f3a,can,In crafting as a simple达标器,,,,,
5b43f129f60f7372c237,book,Floating aid,,,,,
d619da7fd1ed8ddfb827,can,To keep insects away by shaking it slightly.,,,,,
34f128edb021153cee73,paperclip,Looping fabric for creating handles,,,,,
69de1bc9b92731e78646,paperclip,Creating paper weights,,,,,
45a5452be9d142c3d4e4,paperclip,As a paperweight,,,,,
bb3cf40798bb0bc624ef,can,Bird feeder,,,,,
4961ec85f3325a18d7d0,book,Flourish in ceremonies,,,,,
7397061fef52b5961958,towel,Drying hands,,,,,
4e8a2f970401838de9ed,can,Windbreak in camping,,,,,
4550ff6d064f8aa48ccd,towel,Serving as a cover for hot surfaces,,,,,
32bc9e002d95fa4b7b4b,book,Book as a decorative item,,,,,
15fc0a1fd94c2477616b,book,Keychain,,,,,
35135af4c43532f68ad1,book,Comer brace for shipping crates,,,,,
8e0692e25d1ab3d727d2,towel,Wrapping gifts,,,,,
071ec8d54ccc3b168c35,paperclip,As a paperweight,,,,,
3356b22880f1f05ff349,paperclip,Marking page numbers,,,,,
aa84d1bab790e208f212,fork,Digging small holes in soil for planting seeds,,,,,
f2d4d807a3924bd4c641,paperclip,Marking pages in a book,,,,,
10e713332d5ddc3d40ef,paperclip,Post-it note attachment,,,,,
01cc927c33bd59dadb05,towel,Absorbing oil from clothes,,,,,
481eb671c0accda430c6,book,Beacon in the dark as a light reflector,,,,,
e2ce3984122821cee333,can,Container for holding beverages,,,,,
6b4f258d08ff73934270,fork,Holding items in place,,,,,
48d2f520f2b596f5ccd6,paperclip,Secure notes to a document,,,,,
41a8f376da6e1a5c120f,fork,Cutting soft fruits into smaller pieces,,,,,
e83191a8e34fdd33ccb4,book,Bookmark,,,,,
eaa03eb65b6a5d9798d5,can,Weight for sewing,,,,,
cbae2cface74ee82b426,paperclip,Gadgets case,,,,,
03ce226bbdc60c352397,towel,Stabilizing plants in small containers,,,,,
c56b0fcf0ba81756a991,book,Decoration for bookshelves,,,,,
c4534abe592ad5d00248,fork,Holding papers together instead of clips,,,,,
3032eaae828df7025b50,fork,Scraping surfaces clean,,,,,
1cf1f484af5d575f86df,paperclip,Marking pages in a book,,,,,
5552e57e88aedc78593f,can,Planters for small pots and herbs,,,,,
896072b01e5ef7062be7,fork,Opening lids of jars or bottles,,,,,
659b7a81c2723c334274,fork,Opening pills or capsules,,,,,
5005cb9b9f06c6d1a435,book,Fire starter,,,,,
48b4b92e7ac649d6ba86,can,Cutting wax seals,,,,,
f11c2456c003c033aa6b,can,Temporary container for beverages,,,,,
472d520302b5a2a963d9,towel,Covering food,,,,,
85240814266890e2cabb,book,Making a seat in a pinch,,,,,
cc49e1153ceddd55859b,towel,Stilling a napkin in place on a plate,,,,,
2dd2bb07d5291133a95b,paperclip,Secure loose business cards,,,,,
4e3aa3f394c2368ac1ff,can,As a means to signal for attention (shaking it to get someone's notice).,,,,,
c351273736e4c80ea6b6,book,Toy for younger children,,,,,
e38ef698abe908dbbe70,towel,Holding small items,,,,,
8431633196068fbcc49d,paperclip,Scratch repair on plastic surfaces,,,,,
28df3f80a073c7d38ffa,towel,Wiping hands after washing,,,,,
c5b4cf266414bd2714fc,fork,Piercing food for grilling,,,,,
d2c583f050c6f024f2e3,book,Folding corners for a decorative touch,,,,,
64029d1386ad147f6a47,can,作为儿童玩具,,,,,
d64c6658b081a2df568f,fork,Prong for electrical safety testers,,,,,
902e3b6840f7fcf83874,book,Stand for holding plants upright,,,,,
b50093c11fba2deaaf20,paperclip,Holding together business cards for easy sharing,,,,,
409a57190754deb18694,paperclip,Stabilizing a folded paper airplane's tail,,,,,
9e35bbdb0d05adcd2f77,towel,Scrubbing mild stains,,,,,
e25d14ee035d5c0ad27f,towel,Insulating handles of hot pots,,,,,
75a89354cc1e7b8b6177,can,Serving as a scoop for paint,,,,,
a856c4dacc7bbfc9ffcf,book,Paperweight,,,,,
bfe213f02e57829a134c,paperclip,Holding papers together,,,,,
2eb1e28e324589ecc037,can,As a container for small items in a workshop,,,,,
4ed825398ef8366784db,fork,Polishing brass or copper surfaces,,,,,
017b0688f5520fc72163,paperclip,Hold together pieces of fabric during sewing,,,,,
60cb4ec5cf5adaa327b7,can,To serve as a support for plants.,,,,,
126baecfa6629dec3feb,paperclip,Hold together wires or cables neatly,,,,,
f2904711078708cf4aa4,towel,Wiping hands after washing them,,,,,
26ff617ab131f342ec41,paperclip,Extend key rings,,,,,
5a378614fbbe8e137c01,book,Sound moderator when placed over speakers,,,,,
4258f302de0bf6721e60,book,Dangle as a decoration,,,,,
0fa2ba0f2a9d0a017e0b,can,Checking pockets,,,,,
bdb1e174d7833808c59b,towel,Starting fires,,,,,
9f38df71d6175964bd6e,book,Doorstop,,,,,
0e59c06d039d756b60a0,can,Funnel,,,,,
8827b109fb5b13fecaa6,fork,Marking your place in a menu,,,,,
cf94de5aae07af977bd6,book,Doorstop,,,,,
b1cec52f1e1e82212cdc,paperclip,Creating a weight for test balances,,,,,
09b505c6a3385aefa90f,can,Smashing glass in emergency situations,,,,,
a3c0e0c78a20f95dbe9e,can,Shield for a quidditch player,,,,,
462ed58715f069c19bc0,can,For generating condensation when covering a cold drink,,,,,
9978c0f4c3a6a5017c6b,paperclip,Holding team meeting badges,,,,,
787bf6eff573fcef05eb,book,Paperweight,,,,,
2bb2e1eb16e87eca43bc,towel,Absorbing ink stains from floors,,,,,
5ad619fc44fabd78fafd,towel,Binding minor cuts to apply pressure,,,,,
ecf3b186d247f0ec2654,book,Pendulum,,,,,
62d422f81287932868fc,fork,Open packages at corners,,,,,
c1d47b9bedbb7afca556,paperclip,Connecting small metal parts,,,,,
234c47507beefff1da1f,can,Can as a toy for pets,,,,,
a1f51b8ac94916cd8134,fork,Opening tight lids on jars,,,,,
7e97c51dfdb30592fe6a,book,Stabilizing a chair,,,,,
fee15ada65bc42fe2806,book,Plank to help cross a small stream,,,,,
b701038562e3627cc31b,can,Scratching an itch,,,,,
6cec1ade2395d9248606,fork,Separating thin noodles,,,,,
2d191f719168edeeccbd,towel,Wiping camera lenses,,,,,
9729d0faf50968eaf25f,towel,Wiping hands after washing,,,,,
1c7fcff9057c5a6ee5a0,can,Edge protection on tables,,,,,
60eaa61805bbfc316412,book,Ruler for aligning objects,,,,,
d34fe56dede7a344b244,paperclip,Spacer between items,,,,,
9dce303d4eec35bbc9b5,towel,Measuring small quantities of ingredients,,,,,
a47759df6e27a7e839f9,towel,Polishing silverware,,,,,
7c8a23f00da710afaf6a,book,Source of random trivia for conversations,,,,,
ac055b2bf5a0f4a44a95,can,Container for holding miscellaneous small objects,,,,,
10141181f146ad5685ff,book,Firestarter,,,,,
6ed8b095c7355626d5b6,book,Fishing weight,,,,,
b05831a14ba636aecf35,can,As a holder for bottle caps,,,,,
73e78610cb649905c9a0,can,Support for hanging plants,,,,,
73cd54531abf497dfa93,can,Support for a small plant pot,,,,,
453b6a89a3ddc1e4f534,can,To tap a neighbor's Wi-Fi,,,,,
767f5b3753bc763b0c20,towel,Fanning oneself on a hot day,,,,,
be77273c3b40e9d3446a,can,To stir ingredients when no spoon is available.,,,,,
2dec136fb5f559f1c442,towel,Drying wet hair ties,,,,,
485a7c0eb9556aec6be4,towel,Absorbing spills on the floor,,,,,
99939e4b9f08543cba24,book,Toy for dogs to chew and play with,,,,,
c896e1bdbbcbec4546be,towel,Absorbing ink spills,,,,,
31273003c14683f81a9d,towel,Absorbing oil from surfaces,,,,,
a1d4fda15888506edd24,fork,Opening jars,,,,,
36fa98807ad67ae3493e,book,Weight for a bookmarks holder,,,,,
951f6b7bf422556bf812,towel,Wiping dry dishes,,,,,
1a5210fd20cb6ad443f7,fork,Holding papers together,,,,,
a586fa146fe59af026cc,can,Testing glass clarity,,,,,
9e4dda843ef2b4fb35a2,book,Marking paper position,,,,,
41e6e57d95eb6904c38e,fork,Holding pages in a book,,,,,
a9622543c93969ba2e81,paperclip,Loop for hanging keys,,,,,
95a727b965f9835d07d2,book,Doorstop,,,,,
f72eb6a493898d824625,towel,Wiping surfaces,,,,,
d516df28cab90dfb9836,can,Portable seat,,,,,
62b994ef4836677e948c,book,Toy for children to chew on,,,,,
46e680d6b0c6fb686cb0,fork,固定文件夹,,,,,
0e78130f56c64c86a5c6,can,Decorative object,,,,,
97c1e1bf314602e57c8f,book,Rack for hanging keys,,,,,
5a3e9895b1bedb230424,paperclip,Marking the center point of a document,,,,,
b85c292e5a795025e501,fork,Temporarily fix small electronics,,,,,
1503a3b67fbd1b35f563,towel,Holding up plants as stakes,,,,,
f22588b84e358513d4bf,can,Decorate flower pots,,,,,
c73ccb65ae87c8437b88,can,Balancing objects while crafting,,,,,
4e1bc748e748871344c7,book,For kindling in a fireplace,,,,,
cba9f57a9362345af23f,book,Book as a tool for splitting wood,,,,,
848d08ffa9e7072ec53a,towel,Insulating hot objects to check temperature,,,,,
1f546255222fc6b633c3,can,Stand for phone while gaming,,,,,
87620b2dcfd878309ed1,fork,Bottoming tool in car tuning,,,,,
c9aedfbc0ed60e2e7442,can,As a makeshift mirror by placing it lid down,,,,,
f118f7014eb53f3e4533,fork,Cleaning unwanted residues from dishes,,,,,
cd7cfe273ff19e261592,towel,Wiping a bicycle chain,,,,,
aaeea44c238f1333755c,fork,Piercing tape,,,,,
28269943a3ea74a7f88c,fork,Holding papers together,,,,,
419499213d7888f11eb9,book,Weapon in self-defense,,,,,
be10b984ad2b46cf27c9,paperclip,Separating pages in a binder,,,,,
7fd38c1317b2bcd044cf,can,Neck pillow support,,,,,
2bf334de8bded145732c,book,Beverage coaster,,,,,
8debd4c4ff171f8f1510,book,Paperweight,,,,,
5fea4e7eb27b8e9e41d9,can,Starting small fires,,,,,
5d9a1a06abcef883d3f5,towel,Plugging leaks in baths or sinks,,,,,
5aa5b04b829965d0e303,paperclip,Adjusting the stance of glasses,,,,,
982684911a1ebe973bd4,towel,Covering food,,,,,
7374ce28567250440961,towel,Cleaning sous vide machine plunge bags,,,,,
dbb0636f53219563bcf8,can,Nametag holder at conferences,,,,,
27c9bbbbfac3f923f4c1,towel,Fixing minor burns,,,,,
0c26f64584efb75b9454,fork,Cleaning small objects likeearbuds or jewelry,,,,,
08c4a0ab47d9988dcab9,can,Turning it into a bird feeder with holes for perches,,,,,
f8ea11c3d612dacbd9c6,paperclip,Hold paper together,,,,,
a59d9be11e23a30e070a,book,Surface for writing notes,,,,,
fb75e59cf296c11932b1,can,Fan away flies,,,,,
0c943995b0b257f5bebf,towel,Drying wet hands before cooking,,,,,
1fedec04da23103ef9ae,towel,Polishing shoes,,,,,
2cf916d4894caca05866,fork,Marking pages in books,,,,,
53c1974ff601a6031f9a,book,Floating device,,,,,
26dc4bbaed09aefea80c,can,For use as a support to lift heavy objects temporarily,,,,,
51c9a9e0af2dfbdd8f03,fork,Holding papers together,,,,,
2e131f535f46dabaf4cd,towel,Scooping small animals out of the bathtub,,,,,
4ea66a2e12b960b5a280,fork,Pry open small containers,,,,,
025a316d47ac8554a8a1,book,Writing surface for rough drafts,,,,,
81f3f23ac65a032a24a3,paperclip,Adjusting tension in small mechanisms,,,,,
21d40409a2142aef326d,fork,Starting a fire,,,,,
8d0f019e8eef98aed65d,towel,Wiping hands,,,,,
7dea524e64af040ff397,paperclip,As a makeshift clothing clip for small items,,,,,
d316141482390d99b9b9,fork,Stirring small amounts of liquid,,,,,
4b2c63fdbebf5aaac644,book,"Musical instrument (e.g., drum)",,,,,
31687b646b42b30411c8,fork,Razor handle。,,,,,
04560bacb8e0b3a262bd,paperclip,Transport small objects as a holder,,,,,
85a0de7655fb6b894299,book,Toy for elder dogs,,,,,
93715bde91a55856574a,book,Bookmark,,,,,
566c2c427caf6d5c6fa1,fork,Weeding small plants in a garden,,,,,
e387287bba5b06461f1d,fork,Marking spots on paper or wood,,,,,
8628033ba802d26df7ca,paperclip,Serving as a basic paper fastener,,,,,
f6c14ddd34556bf7f8f9,can,As a holder for newspapers,,,,,
c44e8da9618d5ae26efe,paperclip,Attach small objects to documents,,,,,
3a9e73e8276fd4042fe0,fork,Opening tight lids on jars,,,,,
b994bcd65327c788b3da,towel,Absorbing excess ink in art projects,,,,,
94f7c376ec75ee243293,paperclip,Spacing elements in origami projects,,,,,
4b0f0853d1881ba8192c,towel,Absorbing ink from drawings and sketches,,,,,
82e18e8f19313909e062,paperclip,Hold pages together in a binder,,,,,
a9c8580a8de25d7dfb94,fork,Opening tight jars,,,,,
e735df5b57d51e240553,can,To signal for attention,,,,,
a1154898f84d1976a5d2,fork,Mixing small amounts of substance,,,,,
c7ad247cfb4339dab7a6,towel,Drying hands,,,,,
78e69e87caaa1917e38e,paperclip,securing labels to objects,,,,,
b7491df48ada4c0d016b,can,Protecting corners of furniture,,,,,
2ab7e554d81b23dbc09a,fork,Cleaning small objects,,,,,
256c7f7d782260e59c7e,book,Doorstop,,,,,
e2b357cb39765651ad0c,towel,Holding onto hot items,,,,,
a85c38cdfef6f057ee11,fork,Grooming pets,,,,,
8f601a404e8f3a734640,book,Doorstop,,,,,
1ce12b50e86831599563,fork,Opening jars,,,,,
ddfca3ce79f724a5afc7,fork,Indicator for empty spaces in a drawer,,,,,
8f4ea08f4ae285ed03bd,book,Bookmark,,,,,
2463136b794f0540dce4,towel,Packing lunch baskets,,,,,
cee05aa2f7e0717f5362,fork,Cleaning excess wax from candles,,,,,
03a56a5380a98bdd052c,paperclip,Keeping together loose documents,,,,,
6f280348e78cad1bae0f,towel,Scraping residue,,,,,
8ca322aadd1d4f7b1147,towel,Blotting sweat,,,,,
d76a502b980de9a3eac2,towel,Emergency bandage substitute,,,,,
12a6f445607c59132ab0,can,Personal item holder,,,,,
7929936b4a93a9e23a47,fork,Cleaning narrow grooves in woodcraft,,,,,
2c4829582127cbdfcdba,book,Carried as a talisman for protection,,,,,
ca68b304f3ddad01fb73,book,Bookmark,,,,,
5ccb4cf06b722e9b0f02,fork,Opening packages with thin seals,,,,,
493504be89af3cefa194,paperclip,Decorate scrapbooks,,,,,
5766e13b0c81d8a19207,towel,Cleaning glasses,,,,,
4add23a6881b8fed79d3,towel,Dusting furniture,,,,,
1d0d643e674abc3b8d9c,book,Doorstop,,,,,
9c6cead8d89582fa282f,can,Seat for small pets,,,,,
b5f17cd48d6522a1e42f,can,Used in martial arts for blocking practice with a partner.,,,,,
8e5fa2478138516d3d0c,can,Sling for carrying items,,,,,
18ea8233e1799da72013,towel,Protect hands from heat,,,,,
426770c9f9cf3d26dd85,fork,"Scribbling on soft surfaces, like air or dust.",,,,,
d8c30ac96e18e623ca93,paperclip,Hold sheets of paper together,,,,,
344b3d22932bfaf31699,fork,Cleaning small spaces in electronics,,,,,
cf30c3acc974fde5de95,fork,Creating spears for kabobs,,,,,
a013428d9f40da9b3b6a,fork,Pricking seeds into soil for planting.,,,,,
665522180b8b751166ea,paperclip,Mark page numbers,,,,,
a61e0bc503eb1e808650,book,Nap mat,,,,,
17402b4ef82b695d578f,towel,Drying hands,,,,,
dd327eeeaceab7ef1267,paperclip,Hanging workshop signs,,,,,
101137336d84a626523e,can,Phone holder,,,,,
b587fec19a922ef40e5d,can,As a weight for clothing,,,,,
d1ae2e7623fb471122b4,can,Sound amplifier for small audio setups,,,,,
30c852e31c27ab8b9ae6,paperclip,Sealing packages with string and a rubber band,,,,,
8fc532ff9d77be7c7039,towel,Squeezing water from vegetables,,,,,
1bebe243d7d97b3ab92f,book,"A toy for pets, particularly cats",,,,,
aec3dcac27ff31b2a39b,paperclip,Mark items in a queue,,,,,
879180c09a25b1089d24,fork,Gripping small objects during crafting,,,,,
b7ec23a469cb54b797ef,book,As a tool to prop up an aching foot,,,,,
d7d7473f572cf35fb4a1,towel,Mopping up small spills,,,,,
1b0ed8103f5ff0b71989,fork,Cleaning small cracks,,,,,
1c68f2dff0f29bc1bc27,paperclip,Squeezing toothpaste or gel from tubes,,,,,
87568930c10b7da247e1,fork,Opening tight lids on jars,,,,,
c82821de3a2771a847d9,paperclip,Securing USB drives in pockets,,,,,
323e10c0a493b26d6389,towel,Conceal small valuables for transport,,,,,
6cd738dedbbe80025931,fork,Fashioning简易工具，如固定小物件,,,,,
c68cd01f6894c7d6b152,towel,Wringing out small amounts of water,,,,,
5641a14a727e490db79b,paperclip,As a hook to hang plants,,,,,
24a656621f4b6347642c,towel,Covering wrists while painting,,,,,
5285f1bd4f8c2cda0fba,book,Bat for children's play,,,,,
69201f3d810d6efd249c,towel,Polishing furniture,,,,,
17940f3a4dbc1a9866ef,fork,As a weight when fishing,,,,,
fca8802c083fae47d5c3,can,For opening stuck jars,,,,,
1c189f2ce4316fdf88ed,book,A spoon for serving at a dinner party,,,,,
673e6497a3553134d5f2,towel,Cooling down hot pans,,,,,
dc576ebda49470c652d7,fork,Temporarily holding notes while writing,,,,,
098ef18f8895ffe56c15,towel,Removing makeup from skin,,,,,
1156de880558c4ef6cee,can,In storytelling as a prop,,,,,
b434d3456d85975c0aa8,book,"Musical instrument (e.g., xylophone)",,,,,
ef446bae63fa84876342,towel,Wringing out water from hair,,,,,
d06882180e5edc6724c8,paperclip,Marking small objects for organization,,,,,
b061a9ff4d01b6d98e44,paperclip,Indicating prioritization on to-do lists,,,,,
4944b7749e75b6a94ff3,fork,Loosening soil in small gardening tasks.,,,,,
4c0289dbdcbf0c66cd7c,book,Toy for younger children,,,,,
f43ba2682abe4488c5a3,can,Prop in theater or film,,,,,
2a1bdaa7d95ce27ecb6b,paperclip,Hanging decorations from a ceiling,,,,,
a9a80acc6ab4a5bd6866,fork,Serving as a support stand for candles,,,,,
dc86a3c7f9bbaf5d6622,fork,Holding papers together,,,,,
3ec05bbec1085f94c9f5,fork,Removing small items from a container,,,,,
f82409f631013bf83446,can,As a weapon in a pinch,,,,,
ceabbb32e71da0c2e437,towel,Dog grooming wipe,,,,,
8690944e5fcc8249ea8a,towel,Dust removal,,,,,
7d77d1c33a98ead781bb,can,Hitting small objects in games,,,,,
fa1d73aaa3fb9ac377bf,towel,Polishing small gadgets,,,,,
95cb2009115715b42169,book,Blanket for a pet bed,,,,,
e1d109cf79d1cef5ff59,fork,Spinning small coins,,,,,
ab8febb2adc4b83e2259,can,For knocking over small objects,,,,,
9669e94633182a61c233,paperclip,Keep paperwork aligned,,,,,
0c138e46b3e1b606faaa,towel,Covering food,,,,,
91c761a35ac4f24180c1,book,Conversation starter,,,,,
997ac382b443bc233f7c,fork,Opening bottle caps,,,,,
af4585382b5016bf2131,book,Instructing on crafting bookshelves,,,,,
f8dee93528c538fb77b6,book,Blanket for a pet,,,,,
06e9e8d8e3b3648e262c,towel,Cleaning spills on floors,,,,,
995e9211d63e4e43c7ba,towel,Cleaning shoes,,,,,
8b926a59cc20f573b0ea,can,For measuring small distances,,,,,
f9f6c9d8c9396bb80175,towel,carrying small items,,,,,
c60243aaafab3a5a62a6,towel,"Holding small items together, like hair clips or buttons",,,,,
8a639ae49619f2288c8e,paperclip,Securing greeting cards closed,,,,,
de32657bf31b71719c50,can,Whistle for dogs,,,,,
110170451eec059ce1b5,towel,Creating miniature furniture,,,,,
ab5241258c2e238af83d,paperclip,As a paper holder for small items like pins or staples,,,,,
58f7fa87eae436ffc579,fork,"Fashion accessory, similar to a small brooch",,,,,
bfc08c3bb9d1e43ef6f4,fork,Moving small pieces in board games,,,,,
3cde1a50d0b7189dacf4,paperclip,Creating bookmarks with a hole for the handle,,,,,
5cc99e5653d6153ef5ab,towel,Absorbing spills,,,,,
497b3d51afbded6b396e,towel,Scraping tags off clothing,,,,,
edca73b397206fb7ecb2,towel,Emergency blindfold,,,,,
3669672be3cbdde8766a,paperclip,Weigh down corners of pages,,,,,
7118bcd3759024049454,paperclip,Temporary bookmark where it won't fall out,,,,,
155810819b056e19675e,towel,Scraping hands after washing,,,,,
f15ad7119c5a01cba284,fork,作为临时笔 触写一些小标记,,,,,
8278f13c1ce1f78c9973,paperclip,Decorate greeting cards or scrapbook pages,,,,,
d8744549a379c5fadee8,can,Used as a temporary frame for plants,,,,,
0b32a234438fc291d142,towel,Wiping hands,,,,,
e357bcc580115f68ec26,paperclip,Fixing small items in place,,,,,
705a76836702efd5fb9a,paperclip,Securing small items in a lunchbox,,,,,
4377ae7207bf6ba71b90,paperclip,Hanging keys,,,,,
c49e20081ee647b4b9f6,fork,Opening tight lids on jars,,,,,
d72fd0161b70dcbfe36b,towel,Plugging gaps under doors for insulation,,,,,
80a89ef5490949fd99e4,book,Sound amplifier in a makeshift public address system,,,,,
3c01769a094eba8affcb,paperclip,Holding sheets of paper together,,,,,
b7a5c83a0c9c4922bde9,can,Supporting small plants as a holder,,,,,
ea38a5f1881dca601c62,fork,Straightening wire or metal,,,,,
8375118b1cee75e3ec6c,towel,Tying up hair,,,,,
32692d406fda3f323f8b,towel,Dusting off furniture,,,,,
3a70383a8625c986dd14,paperclip,Marking the place in a cookbook,,,,,
0ef5c353d8a469c81c71,paperclip,Keeping folded paper fans together,,,,,
9d896db01a4149a7927d,fork,Marking pages in a book,,,,,
d1e684b4e79f8beab656,can,As a coaster to protect tables from condensation,,,,,
74716a384be7656a855b,can,As a musical instrument in rhythmic performances,,,,,
7c93f8258800fcc0dc90,can,Supporting jewelry during delicate tasks,,,,,
f8d1744bf925f5026f96,book,Heavy object for pressing flowers,,,,,
ca8f2cb28a8455cee4ae,fork,Marking spots for campfire meals,,,,,
f53b1bf17614562c1e57,paperclip,Securing business cards,,,,,
b5f0bb1528798b2d696a,fork,Piercing food to check if it's ready,,,,,
deb45afcee35412cb928,can,Opening tight lids,,,,,
3ab13da0ccb37a4fd605,paperclip,Hold pages together in a binder,,,,,
4ff33ee7f4d8593f70e3,paperclip,Creating makeshift weights,,,,,
4157999cb2f6a9161515,can,To smash insects,,,,,
f2c4aa06d8d6ebd3721d,can,Ingredient for composting.,,,,,
31d24aa43af6383fd713,can,It for bird seed protection in feeders,,,,,
4f59587955f899f159ed,paperclip,Securing strings or yarn ends,,,,,
d594946de892aae79e8f,fork,Cleaning small objects,,,,,
2e19e79d526b29e58b36,paperclip,Mark personal items in a messy drawer,,,,,
229919008ac91aa51c01,can,As a tool handle,,,,,
0bb8ed7ac06dc93f1d20,paperclip,Hold pages together in a binder,,,,,
7ab70b3bda0ddc08fdbb,paperclip,Measure small objects,,,,,
935e0376c3c1976b6a84,fork,Spacing hot dogs on a grill,,,,,
10695f5e3cfe845f4c24,paperclip,Secure notes to a wall,,,,,
8c4a88c7368a9e19d12e,book,Small shelter,,,,,
892a4aa978a985943b28,paperclip,Holding papers together,,,,,
5c62fac424e49849b6ec,towel,Cleaning glasses,,,,,
80fe6aa7da152eb00673,can,For transportation of light items,,,,,
0c6d248df91023a48888,book,Fire starter,,,,,
9ce11b83185bf5948740,fork,Opening tight lids on jars,,,,,
5a1b7370559ac3a94af5,paperclip,Securing small components in electronics,,,,,
45151def9175db521eef,fork,Opening tight lids on jars,,,,,
2d2504f89e123fdf0d58,paperclip,Repositioning plants in a hydroponic system,,,,,
fa39893dd2fb6ab23f83,paperclip,Marking bookmarks in the pages of a book,,,,,
5923af5c0cf7d0c567a3,towel,Dusting surfaces,,,,,
f3341d748d99b42f7650,fork,"Polishing small, hard-to-reach areas",,,,,
bb9cc317720c081fe9d8,can,Hammering object for small nails,,,,,
af6bf92059d91ce3b90f,towel,Stabilizing heavy pots on surfaces,,,,,
276d0781438e414dc9aa,fork,Rolling up documents or papers,,,,,
b5ec59be50b105c09fa7,paperclip,Holding sheets of paper together,,,,,
7b1e7e7a8e1675569d0a,paperclip,Attaching notes to items around the house,,,,,
8cc00b50cc1edca7ff2a,fork,Holding pages in books,,,,,
abd6cbfd98910b1128de,paperclip,Mark page position in a book,,,,,
30038fcc45a17db91da8,paperclip,Gift tag for small items,,,,,
f1a50e3f977662bef279,towel,Cleaning screens and monitors,,,,,
448650cf9ba8ca41ebac,paperclip,Adjusting small clips or bindings,,,,,
6ffb4e2f8eeb944247aa,towel,Polish silverware,,,,,
4c6d8904bc36765d31c5,towel,Blotting a spill,,,,,
54134c12a4c19a105e97,paperclip,Hanging small items like keys or jewelry,,,,,
ca4cc81d9cd193e440ae,can,Temporary container for small objects,,,,,
e342bc6a27d185135809,can,Making a small bell by tapping against metal surfaces,,,,,
9ce9c6eeb8f1afa4a26d,fork,Twirling hair during uninteresting meetings.,,,,,
e685a1f4d33871eba11b,paperclip,Securing staples that have come loose,,,,,
0c6a4934dde025c07376,paperclip,Adjusting the tension on a sewing machine bobbin case,,,,,
eed6102d08d9b5e7364f,towel,Spotting paint,,,,,
8b5644238cc223be8ef0,towel,Dry dishes,,,,,
bfdb49324c772b43615f,towel,Drying hands after washing,,,,,
415484463d7ba1f70b49,can,Plant pot,,,,,
34ef08233471d625ea4e,book,Child's toy,,,,,
e88dc36505f6527e14b8,towel,Polishing silverware,,,,,
d2e5e0b7dd2ae2471eec,towel,Covering hot dishes,,,,,
765b2725581464c60187,paperclip,Anchoring a bookmark in place,,,,,
8cfd882375efd9fd718e,fork,Piercing food for easier carrying,,,,,
e9c98f69a78ce3196d07,paperclip,As a paperweight,,,,,
cd9517a5c86c06fef70b,book,Pepper diffuser when cut,,,,,
bcfd9158016719f52640,towel,Absorbing sweat,,,,,
a6793ffabbd0a494cde7,book,Doorstop,,,,,
478e669e0fda5be2d7b8,towel,Polishing silverware,,,,,
6f1e9ff850954691439a,book,Decorative item,,,,,
ee483d2cf12c9a7ca280,paperclip,Marking small objects,,,,,
e7673fa5be0de2ddb844,towel,Wiping hands before eating,,,,,
3350c05f27b61a36265d,paperclip,Creating hinges for small flaps or folds,,,,,
4c4af7eed6f5656d5259,towel,Starting fires (in emergencies),,,,,
b7c9b2bc91774a6768c7,can,As a book marker,,,,,
24ae90f37ba533a3cd57,fork,Pencil holder。,,,,,
cbb3a666656e80db4e44,book,Firestarter,,,,,
f2d61f7b367343579721,fork,Constructing small objects or structures,,,,,
ef5b43d7b25093b4a0c9,book,Firestarter,,,,,
c7caf896c0536770e3d6,can,Covering a small hole in a wall,,,,,
b17c4ec12d7f6b3175a8,fork,Pricking balloons during parties,,,,,
308abd0af57e6e7d34ad,fork,Fishing tool,,,,,
16373d39b9dc904214da,paperclip,Use as a bookmark,,,,,
077f7e44dc13a01c709e,fork,Cleaning small objects,,,,,
d5dac95b5adccd8df9ba,towel,Thawing frozen food,,,,,
3631a913ef61ba80ec42,fork,Cleaning small objects,,,,,
786eca02af324fd76d14,book,Mirror by reflecting light,,,,,
d3f71bc9046842fabcab,towel,"Holding small items together, like paperclips",,,,,
4bef4af9f18f8036f07d,can,Container for holding small objects,,,,,
45d3047192a2bccf49bc,fork,Leverage for opening packages sealed with a thin sheet of plastic,,,,,
50463c6b1a29018928d7,towel,Wiping dirty hands without a sink,,,,,
bf5c2efd54d7cf56b7db,can,Starting fires (with a lens),,,,,
31512667569193810e21,paperclip,Attach staples,,,,,
26fee7dab6be97e42a6f,can,To prop up the lid of a container,,,,,
d84e749fdea925dfb4c6,can,As a support for hanging plants,,,,,
ade748b7ca53282d363f,paperclip,Enhancing pencil grip strength,,,,,
2ee392191433868c9ed5,can,Shaking household items to mix contents,,,,,
203c0bc668961def36cf,can,Sound amplifier,,,,,
de5f81ae9b9c33d7e0af,towel,Wiping hands after washing them,,,,,
263fc33c66e575509e68,book,For kindling,,,,,
09c29466b5c47e24f934,paperclip,Making简易卵巢模型,,,,,
335a119507325a000769,fork,Pricking small items,,,,,
0dade3bb6d8ce1e937e1,can,To knock small items off tables,,,,,
beb8e8b8605b315f0290,can,Container for small crafts,,,,,
7c75f487215b5bbd7d2c,paperclip,Hanging small objects like earrings or jewelry,,,,,
d5bacb05fe592cc19529,can,Support for plants,,,,,
a54b6ecf502e25937b5a,towel,Wringing excess water from wet hair,,,,,
2637466fd65c5f44fba0,towel,Wiping windows,,,,,
cab8d2006ec052a8b0c3,can,To mix small quantities of substances,,,,,
bd2f44354e983f19b8aa,towel,Collecting newspapers,,,,,
4813cfba678a2ce50dee,fork,Marking empty plates,,,,,
db0d8cb75615808950cb,paperclip,Holding tickets or event passes together,,,,,
27a053be0f18e62cc16a,can,For serving as a boat in very small or still bodies of water,,,,,
36bcf5b15c671e7d868f,towel,Wiping muddy boots,,,,,
b6ad58ddb19d7501baa6,book,Seating cushion,,,,,
35085b7492381a333a01,fork,Straightening wire or small metal pieces,,,,,
0ca8459d3b6aeb622c9e,fork,Weighing down fabric,,,,,
9410552ad9c33eac7481,book,A surface for polishing items,,,,,
dd1e3b976cf2d216fa7d,book,Book as a coaster for drinks,,,,,
e05eb67cbd22644c8af3,can,Bird nest support,,,,,
d8b869b2f4ade8850607,paperclip,SecureBinding wires,,,,,
26fc32a5098a5fe2bdd6,paperclip,Hold together ribbons or bows,,,,,
388d215c42c761eb145e,towel,Cleaning windows,,,,,
c5164a0a580f4da2ce22,fork,Digging small holes in the garden,,,,,
d82ae5eb74ac1dc35363,paperclip,Magnet holder,,,,,
33063eba0e0ee621cce7,fork,Holding paper while writing,,,,,
9e27875a3a761f5761ca,towel,Wrapping gifts,,,,,
cfbd462a1f9383dc0f57,fork,Piercing food to check doneness,,,,,
b3aaf99d2c15b6e6d759,fork,Cutting through tough strings during crafts,,,,,
1aa820d29b6327eba1c8,towel,Covering hot foods to keep them warm,,,,,
6970a12de38b45c242d2,towel,Cleaning small spills on surfaces,,,,,
087d810f52d2a1d62cc8,paperclip,Bind reports,,,,,
0f2d93d91cfdee6a4c93,fork,Opening tight lids,,,,,
1f987187c18eca26238a,book,Desk organizer,,,,,
46fa630edc7a9c8562f0,towel,Starting a small fire,,,,,
90e498095262b294f1a3,fork,Opening tight lids on jars,,,,,
77baac4f687d8cb26c07,book,Keychain,,,,,
57639256e090c7ce1c4b,book,Toy for small children,,,,,
4e351904132b055309bb,towel,Wiping hands,,,,,
10252265ddd4ac168c94,can,Non-lethal crowd control,,,,,
96ea15ae9b02d53a3772,book,Surface for writing or drawing,,,,,
cd45845af03663978fb9,towel,Burning candles (wicks),,,,,
c8288fdacf404bc1c1e8,fork,Bait holder for small fishing purposes,,,,,
421c06f23fe402241d29,book,Weapon (in self-defense),,,,,
4cfa2520a84542abdcb8,can,Striking flint to start fires,,,,,
8aa5c57fd4d862a08c2f,paperclip,Mark items in classrooms or during presentations,,,,,
021f7c799d758ae295a6,fork,Moving small items in workbenches,,,,,
5d760ecc89cf903c580b,paperclip,Enhancing grip when used with tongs or tweezers,,,,,
251d6b0fc4f4fd7815fc,can,Border marker in gardening,,,,,
71c201c1cd95528351e0,can,To scoop or transfer small quantities of materials.,,,,,
133d398aebdef7046e12,can,As a container for small items,,,,,
4e9a8d868aeea6891e85,fork,Opening信封,,,,,
da22289fc6695ce99ea0,can,Placing between books to mark a spot,,,,,
a846a5a3e903dd0aa708,can,Can as a door stop,,,,,
75f62143c8d52f749b80,paperclip,Bird feeding perch,,,,,
753f878ca51b5a9f3dce,towel,Starting campfires,,,,,
476a267b54f339f8845c,fork,Scraping food from plates or bowls,,,,,
3b52d93b424fd5f14233,book,Bookmark,,,,,
3796d3da1fb03994bd36,can,Use as a planting container for small seeds,,,,,
be58c55b11367816e189,towel,Absorbing paint for quick artistic strokes,,,,,
47507374a6f30c3ef583,towel,Securing loose items in a backpack,,,,,
2c773e37dc18ae185087,can,In crafting as a support element,,,,,
9099b48ea391b4b80616,can,Served as a scoop for dry ingredients,,,,,
fdaca600de46f51d5591,book,Homemade good luck charm,,,,,
e6a294af7782fb2901df,towel,Absorbing spills on countertops,,,,,
1411f56ea955274c1c59,can,Container for carrying ice cream cones,,,,,
6a8affeddc87b9bd4876,towel,Wrap gifts,,,,,
de60d08df07c78c15e82,fork,Testing smoothness or evenness of paint when applying,,,,,
ca0d7ed6c3adbb849106,can,Serving as a makeshift towel holder,,,,,
05c891ba1b1d25c96b1d,towel,Absorbing ink or paint on paper,,,,,
c6942e7bf2534679c33f,book,Hammer,,,,,
00f9e8bfe1084b4bd738,fork,Opening packages wrapped in foil,,,,,
3a774dbeac6731e82745,paperclip,Hold pages together in a binder,,,,,
cd10a9b847f765f67852,towel,Burying burrs,,,,,
33f69025af6fe7f084a8,fork,Scraping stickers off fingers,,,,,
9415b62a137fe21020d0,can,To mark your place in a book,,,,,
6a0e075dc9609a7d6516,can,A material for kindling small fires,,,,,
5110f5a6611b42d59a44,book,Baseball bat,,,,,
cc0b97b03916a3085edd,can,Toy for children's games,,,,,
5d19f79c5225d3127f68,paperclip,Marking your place in a menu,,,,,
1d3bde60a0b14b687f11,paperclip,Clipping pages of a homemade scrapbook,,,,,
b769a85bce102bfa410f,fork,Holding up small objects during crafting,,,,,
9367c6f8063f119e2d34,book,Toy for small children,,,,,
be886999c32713684106,fork,Fishing (with appropriate precautions),,,,,
785164d8991a20c082df,towel,Cleaning makeup brushes,,,,,
8b494a1f3f754b679b99,fork,Piercing soft foods before cooking,,,,,
c5d92537b58abbb7b823,paperclip,Temporary closure for folders or envelopes,,,,,
22552d314da32367d63f,fork,Deboning fish or chicken,,,,,
e68d4b7470619ff026df,can,Can for keeping change,,,,,
aac2096f9354031932ac,book,Child's toy for learning,,,,,
d0304b9fcf2f337c84f0,book,Report card folder,,,,,
03f0835c75837528b9fb,book,Signage for silent signals,,,,,
7cfc50e0bcf3873405c5,book,Sound amplifier,,,,,
014f59db1e016ea2f0f3,paperclip,Fastening business cards together,,,,,
d01b639b2e7bafed70dd,book,Fan propeller,,,,,
d330b2031cc358265a40,fork,Cleaning ears,,,,,
ced4e7615e66352bbaf9,towel,Wiping faces,,,,,
53f2f9b7480fa5b9290e,towel,Serving as a cover for hot surfaces,,,,,
bd34419ffd1ba4cc7557,can,Can as a toy for pets,,,,,
121728e05f18ac66e507,fork,Measuring shallow ingredients like sugar,,,,,
8b29cea74d07a2197975,fork,Cleaning small items,,,,,
692127692fb928be66d3,towel,Absorbing spills,,,,,
8ea695f2ffa4797a2145,book,Insect home,,,,,
2768feedb9c694fd6a79,towel,Polishing surfaces,,,,,
a5f2c3b4e3b038c224ea,can,Serve as a makeshift tool handle,,,,,
5818cb0b0abc16b64543,can,Marking heights on drink containers,,,,,
f3674408c9e79be2f2e1,fork,Unwinding tangled jewelry,,,,,
327fac06e2f03deb35aa,paperclip,Holding sheets of paper together,,,,,
95ad1fc8fd990a87bac5,paperclip,Hold together labels on packages,,,,,
99056effac3ecfb039e1,can,Plugging small holes,,,,,
51e1c71af42509355973,paperclip,Tiny hook for sewing or crafting,,,,,
d155b453a22ad9aafaf0,can,Can for holding nails or screws,,,,,
752e6b24a496fecb1956,fork,Scratching itchy spots,,,,,
93fe74c73ef440f639e9,fork,Holding pages in books while turning them,,,,,
35e2e71fd1eaad5aa22a,book,Trivet,,,,,
c4441518e4f9806c2ba0,fork,Picking food off plates,,,,,
b9743de90dd64902e5c4,towel,Marking glass during cutting,,,,,
cfbe81eba6ede94db574,fork,Pricking insects to collect for observation,,,,,
8ef343f2229613413819,book,Toy for pets,,,,,
eb5a2812c3d1ff20c46a,book,Doorstop for slightly ajar doors,,,,,
135ddaa45f39c91610aa,fork,"To dig small holes in the ground, like for planting seeds",,,,,
f2a1bf72dfb88e804d00,paperclip,Fix a loose rivet,,,,,
6b518a1a376485fe0315,fork,Pry open tightly closed lids,,,,,
6d2b73c1819d01634b76,paperclip,Holding receipts together,,,,,
5afe853846c74e500ac7,paperclip,Anchoring paper flags,,,,,
c90ac906d3f9851d6aaf,book,Sunshade while camping,,,,,
3fb60ced44c4a31bc6c2,fork,Cleaning small areas,,,,,
7c926b1fa11c0e1f8bd7,paperclip,Create a simple handle for small objects,,,,,
c9e0d96aa82e90d32ca8,book,Pest deterrent,,,,,
1c308f01c47e93f3773c,book,Firestarter,,,,,
b38304d061d0805ca38c,fork,Indicating turns while camping,,,,,
bdf13ce103f55c53e24e,can,Hanger for small sculptures,,,,,
5b2dbdef6939fa02f364,can,Cutting tape,,,,,
d7761a9b2fe4639dcf09,paperclip,Holding pages together in a loose-leaf folder,,,,,
ead9fd292bfc923f2221,towel,Wrap small items,,,,,
c71a0fa65345de2f7c31,fork,Cleaning small crevices,,,,,
483678a9bddea2261758,paperclip,Adjusting the tension of desk drawer slides,,,,,
530a53701bc836c7e2fe,fork,Unlocking tight jars,,,,,
cb385ad9319144d6a934,can,To scratch an itch,,,,,
65437a03acbad942c8cb,paperclip,Hold sheets of paper together,,,,,
ddc2e65042d28ad53209,can,Base for a homemade birdhouse,,,,,
ee335088ff14dfb8da86,fork,Paintbrush substitute for tight spaces。,,,,,
29508df24c202bf8a505,towel,Wiping hands before eating,,,,,
7f5f506d4e0208c75b77,paperclip,Toy for small animals,,,,,
12895e6c2fe154a2477f,towel,Protecting furniture from drops,,,,,
c4c291eebf4e5c8cabb7,towel,Squeezing out water from vegetables,,,,,
0a1220448e8857109d78,paperclip,Hanging lightweight items likefishhooks,,,,,
6388a060611842638eab,towel,Hanging plants to dry,,,,,
54597c769e8ee078d2e7,paperclip,Indicating a reminder or priority item,,,,,
60c8932742774727c1ae,book,Marking pages in a workbook,,,,,
3b8477a017baebdc17ca,paperclip,Hold pages together in a binder,,,,,
0a17a541796a40c567fe,fork,Opening jar lids,,,,,
44e8425232077df1ddd7,paperclip,Keep edges of papers from fraying,,,,,
e95f2ef72f310c8c75e0,towel,Broom dust catcher,,,,,
e4838bfe8a68d2854637,book,Hamster wheel,,,,,
53ef285b4c8197dbb881,paperclip,Secure staples together.,,,,,
c5911b548d15cd1bd6a3,towel,Tying packages,,,,,
ac0eaabe633f7f64236f,towel,Cooling down a hot cup,,,,,
211be186767e45939d9b,paperclip,Marking place in a long document,,,,,
d7ccb871fb294f02bc64,book,Surface to write on,,,,,
f8393a0943d6e9bfaec1,paperclip,Attaching small notes to documents,,,,,
19f7af2d23cddfd93170,fork,Cleaning small objects,,,,,
6c9f4f4bcc6ddd83b39e,towel,Packing and protecting fragile items,,,,,
518014ed529587035da7,can,Sunshade for protecting items from heat,,,,,
59f9204d3094ca45414d,paperclip,Securing receipts to a receipt book,,,,,
51e31a7274e3a1acb276,book,Staple remover,,,,,
0b9cc92c7cb96b2df476,can,As a paperweight,,,,,
bef41f1696eb67832c62,fork,Serving as a decorative element in pins or jewelry,,,,,
cd07abcaebfa72ca7f29,towel,Absorbing spills on the floor,,,,,
c62e67e00b177c9c0b20,fork,Scraping dry erase board,,,,,
6f99248bbd9beb991a45,fork,Holding papers while writing,,,,,
cdb425dadce949441636,can,Wine glass substitute,,,,,
243db67f96268a6d3521,fork,Skewering vegetables,,,,,
e727ba0efa2c092d8ae9,book,Fish lure,,,,,
3f60f6e9b03680800459,can,Can to tap an egg,,,,,
c9d432ec022e31d7de64,fork,Scraping paint off walls,,,,,
dce5ad58bbc225ced635,book,Bookmark,,,,,
e069741d69647509ae2e,fork,Opening tight jars or containers,,,,,
c2f831389e2935012cc6,fork,Scraping the bottom of a bowl,,,,,
9c31b6f8e6d8d12d0082,paperclip,Marking the corner of a page,,,,,
0916c356cf39b0d6c2fe,can,Protecting the hand while opening tight jars,,,,,
96950f3f16565e0c4970,fork,Piercing fabric for sewing,,,,,
0ba4c6264eca280de1de,towel,Concealing minor flaws in clothing,,,,,
838ba22f6c5ec925a131,can,For hanging small plants,,,,,
925773b5119bf3c4dd47,towel,Cooling off a hot cup or soup bowl,,,,,
dba9d49a4f0f5ce31956,fork,Holding pages in books,,,,,
dce9cb4e7844b6a6e0f6,book,Desk decoration,,,,,
ef1fad84f40ba528fab8,fork,Marking pages in books,,,,,
a83bbb733de1bfb17a04,book,Surface for gardening tools,,,,,
62d2858718d3f9f8fe22,paperclip,Fasten garage sale item tags,,,,,
f3f309a587383326d679,paperclip,"Keep small objects in place, like beads",,,,,
06065845b791bbc56eef,book,Doorstop,,,,,
f9b2d2050a0562c1b3dd,book,Sieve for small objects,,,,,
75071a251cd4217af705,towel,Polynomial multiplication aid,,,,,
c0b012a9e41c7d578e87,book,Emergency signal on a hill,,,,,
ac31a799db917227237a,can,Storing loose change,,,,,
cdb2e3f00b08bf32462b,fork,Lighting small fires,,,,,
62b45988270d5c1ef3b3,paperclip,Hanging keys,,,,,
e3980578f78e2906a5ad,paperclip,制作简易挂钩,,,,,
d371c1b2850365055a9b,book,Baseball bat,,,,,
ea1de54b82c5f135e059,can,Resting place for books,,,,,
021ebd8d7a4b14f466eb,fork,Opening tight jars,,,,,
78814eb3e41da757b886,book,Fish lure,,,,,
1a0499bf195dc8d1a25d,book,Weight lifter,,,,,
ee6906ce53b7595867b7,book,Toy for fidgeting,,,,,
99114b7b5abbb9f81dcd,book,Doorstop,,,,,
b01b273783a270215fc2,towel,Absorbing spills,,,,,
ed6ae0588599123e9fb6,book,Bookend for aligning other books,,,,,
f95213e52fe14fe822a6,fork,Spreading butter on bread,,,,,
723623687ec5b6d3f814,book,Blanket for pets,,,,,
c16353a51a3c6e2381b1,can,Tapping tool for cleaning ears,,,,,
924eef73c37f19fb5247,towel,Dusting surfaces,,,,,
91eea3cbb0bf5efcef03,can,As a seat for children,,,,,
8ed5231c40ec0f6fda2f,can,To mark or delineate spaces,,,,,
f756845d77e1b77919e4,can,Throwing in mermaid games or floatation activities,,,,,
31f335b19ef88263ec4e,towel,Polishing leather shoes,,,,,
2fca9fe266ba58833ab5,can,Placing under feet for balance while standing,,,,,
af9aebd2716b3f35c527,can,Can to weigh down a cloth,,,,,
377463416bc54b6f168f,book,Paperweight,,,,,
41a63bd574a3bfa181af,paperclip,Temporary thumb ring,,,,,
34073c83ca2cda3c2e5b,can,Handle for hanging items,,,,,
c346cbab2b1761198a72,towel,Drying glasses and bottles,,,,,
2750595d6465b24565f4,can,Tapping loose pieces back into place,,,,,
f12d7f2cc739f9983d9c,book,Child's plaything,,,,,
d4623061cb25f7307026,book,Book for subtle weightlifting practice,,,,,
a627b7c10394eee1932c,can,As a candle holder,,,,,
bf90b4bfc6cd14c8875b,can,Beverage container,,,,,
40168a580f129d688f31,paperclip,Hiding small valuables,,,,,
2eaac3f15381d2914649,fork,Holding a piece of jewelry in place while adjusting.,,,,,
8b5a7f8fc08287fce9ec,paperclip,Supporting small plants in seed starting,,,,,
b4241400f74d3e6577bd,can,As a prop in storytelling or improvisation games,,,,,
d7074d3d958fb607537c,book,To mark the start of a poem,,,,,
47ef288cd956ec90627a,paperclip,Hair tie or grip aid,,,,,
fd05a2136a607afde04f,paperclip,Connector for notes,,,,,
0c7b3bc416e8576ab5e1,book,Doorstop,,,,,
fde7d3083929093ad474,book,"Musical instrument (e.g., in some indigenous cultures)",,,,,
3cf938fbdd35d9c5a935,paperclip,Hanging notes from a calendar,,,,,
4e96cb492bcdf22e8b06,fork,Scraping labels off cans,,,,,
6f7012065e73badac4db,towel,Absorbing spilled liquids on the floor,,,,,
8b4be885051aba38d141,book,Paperweight,,,,,
80d310c1fb8f62e483ed,paperclip,Attach labels to small objects,,,,,
8f1bbc9b19010c73c057,towel,Absorbing paint drips,,,,,
dfaf0a138a07b4d049a2,paperclip,Embellish crafts and DIY projects,,,,,
d19ed4d348a31e01399e,book,Place to put small jewelry or coins,,,,,
ba16d28c24bae46058a9,towel,Covering food to keep it warm,,,,,
a2c8c7abc247bca508ca,fork,Moving objects from one place to another,,,,,
65237f7512f1b158ccb4,can,Personal defense tool,,,,,
70438ed4614a2def517c,paperclip,Fold into art pieces,,,,,
f87212d1c240c3e3dfce,book,In games as a die,,,,,
a80fdad7be29604430f7,fork,Testing water temperature before immersion,,,,,
732d4f7c91b65badd26f,fork,Opening tight jars,,,,,
6a7ddd13b557043b57d7,fork,Picking up small objects,,,,,
10c23022cbece2815b3d,can,Thrilled friend's birthday surprise,,,,,
20e57d97035e5e9ddfd3,book,Golfing wedge,,,,,
ab75f4690bf717c8375f,towel,Lightly scrub dishes,,,,,
e297eb717fd06de7fc2e,book,Sleep cushion,,,,,
9d9c001e5a2e3eef0c1c,fork,Pointing at menu items for ordering,,,,,
223a0ab02319f2f2a5af,paperclip,Keep pages of a bound book in place,,,,,
3862fa86512c454cd347,paperclip,Marking pages in books,,,,,
9403810d1397d5177d00,can,As a tool for knocking on doors,,,,,
7a465b176fa1bad90478,can,Fan for rapid air movement,,,,,
9c5ff8b3d9bd62e9815b,towel,Cleaning bicycle chains,,,,,
d6f347f399e25a4dcaa9,book,Cleaning sponge,,,,,
d75b1d5bfd2f79a139d5,towel,Wiping mirrors,,,,,
48532c36c00f8d907f6f,book,Sculptural element in art installations,,,,,
8a76f97cfe0b9fb34fd8,can,Support for hanging plants,,,,,
61e06da0263eadca3b7f,can,Signal distress,,,,,
3dcc0e254e06703073f8,book,Toy for breaking,,,,,
baa79fe821b5813a8e4b,can,To hold up a heavy book while reading,,,,,
0f8aabf5984a967cef68,can,As a blunt instrument,,,,,
e2208220c8b86c07683c,towel,Wiping screens and electronic devices,,,,,
3a9bef4f270237f47497,fork,Lifting and moving light bulbs,,,,,
bba036ca341f2faa4402,book,Paperweight,,,,,
7d22afa1bf8853a06474,towel,Keeping food warm in a lunchbox,,,,,
24c3d48d4a293d51fa6e,fork,Teasing out knots in fabric,,,,,
f956bc4425a48c657487,can,Carrying small containers or items in a backpack,,,,,
26aed271a7a3848e2ae6,fork,Cleaning small parts in electronics,,,,,
aabc5471f57173730df1,can,Door stopper,,,,,
71f13d9f8f5d2f8b2641,can,粘合物体的平头,,,,,
721d8577f51870705a9f,can,Plant pot,,,,,
7e789275112f8973192c,fork,Creating patterns on wood or metal,,,,,
1f931d2908c634813c15,fork,Piercing soft foods,,,,,
82f7d853c27186e7088a,paperclip,Add weight to jewelry.,,,,,
b52328669e07c5f161e7,book,Bathtub steamer,,,,,
cbcede50afbf8c710fbb,paperclip,Securing a label to an object,,,,,
8d08145b1d9c71e00da3,paperclip,Constructing temporary bookmarks,,,,,
2f93acd79bcfb17433ff,fork,"Cleaning small parts, like jewelry findings",,,,,
d01c74ba664d86dba586,towel,Cleaning dishes,,,,,
ec843d7ef95ce1aa7ef3,towel,Removing spots from computer screens,,,,,
c559cee68b17a8dbf64f,towel,Scratch tough stains off pots,,,,,
47ac8fcc51f847a022ed,fork,Mark the edge of a cake with designs.,,,,,
3f45256d10efe54f6f4a,book,Night light (when plain and white),,,,,
ceeb07e049c1a4271ecb,towel,Polishing metal surfaces.,,,,,
fe427a2f22ac1aafc515,paperclip,Balancing scales for small objects,,,,,
a57b3c14565e6c771fc8,can,Cover for tables during moving,,,,,
ada9367f9a6cf8517973,fork,搅拌巧克力至顺滑,,,,,
63e93b86b0bbd66667b3,fork,Opening tight lids on jars,,,,,
07fa82eb7f9173526899,towel,Blotting tears,,,,,
9b2cc5cc7a64cee1c55d,paperclip,Punching holes in paper to hang decorations,,,,,
a5e3b9c322309d1c182a,fork,Pricking apples,,,,,
f1cbcd55a925d70d3e43,can,To clear snow or ice from a walkway,,,,,
d26121efd50e2ef01102,paperclip,Marking the place in a book,,,,,
fdbac7fbe4d401257e65,paperclip,Creating simple paper weights,,,,,
9a429b3a4f48418530e8,towel,Cleaning computer screens and monitors,,,,,
04df2e69b032880ed855,paperclip,Fix a haircut by holding a loose strand in place,,,,,
b43b00cc64b54ef5da45,towel,Holding lightweight objects,,,,,
b0025fe8e78623a39f8b,paperclip,Measure small distances,,,,,
b19fff4de657e5bd33a6,towel,Clean up small spills,,,,,
6ad75b8246aa3e83a24d,can,Fire starter primer,,,,,
824a4c4acf13dd9cc413,book,Weapon (in self-defense),,,,,
1e50695055e7f0cfa1cb,book,Toy for a dog,,,,,
5dad98f234f0e53d6c1d,paperclip,Securing garden tags to plants,,,,,
a8408f119a0059becc19,paperclip,Mark page numbers,,,,,
cdf9d418fd6638d6c460,fork,Loosening nails or small screws,,,,,
a1d40edb9ad81f163893,fork,Gouging out the middle of graham crackers,,,,,
4ee2596a43ade0291d25,can,As a cutting board for unpacking and sorting objects.,,,,,
83ed12049ba96254e21b,towel,Protecting surfaces from scrapes during setup,,,,,
487e284f27d75c56eed4,book,Fire starter,,,,,
2aa85ed884d23f66633f,paperclip,Mark page numbers,,,,,
0207812fc562700156bc,towel,Scraping vegetables clean of dirt,,,,,
6745a266e3d8f7a7241f,towel,Absorbing spills,,,,,
7a5f4e48d5bbaf7937af,can,Whisking egg whites,,,,,
022d2a45497cb912a265,book,Firestarter,,,,,
e229b5c27dc093835a73,can,As a hammer when necessary,,,,,
ca55317f3ac03ba17989,book,Stand for small items like flowers,,,,,
2c824caf73931d3031c1,towel,Dust surfaces,,,,,
72e6ce8d62019c34176e,paperclip,Mark the place in a book,,,,,
608f013582473310d0c8,fork,Holding up lightweight objects for inspection,,,,,
302d2f43f0c30571104b,towel,Absorbing spills on countertops,,,,,
3d31b88d85914ce15f5a,paperclip,Checking the alignment of papers in a folder,,,,,
00927232abdabc268206,can,Indicating yes or no with a nod,,,,,
315401560c6e09897b2c,book,Doorstop,,,,,
2150217dfb4b0bada25c,towel,Cleaning mirrors,,,,,
d947ffdc0bbb919d24a4,fork,Cleaning small parts of machinery,,,,,
6af7755bfa5f8cdff245,towel,Drying spilled liquids,,,,,
5abc2e22147785edf05b,towel,Drying hands,,,,,
cb0c453f99459247a78e,book,Kindling,,,,,
108038dcae6a51110bed,can,Weight for calibrating scales,,,,,
76c35e8b911defc6f85a,paperclip,Hold sheets of paper together,,,,,
97a500dd73c056c4583e,fork,Scraping surfaces of cookware,,,,,
49e36b9c240149817cb7,paperclip,Keeping bookmarks in place,,,,,
98caf431f5f91a10ab80,fork,Cleaning small holes or openings,,,,,
f63298c3663551f647f7,towel,Opening tight jars,,,,,
def856191f8da72df98c,paperclip,As a small paper fastener,,,,,
d81b6b97ca30e375e54e,fork,Spacing items on a tray,,,,,
0fa4ba4761d142cdf47f,can,Used as a small step ladder when reaching high shelves,,,,,
f3ec4abc2900b5c7e6d6,fork,Moving objects out of reach in low cabinets,,,,,
cab3762455ba38b24ac4,book,Doorstop,,,,,
b87b1800827cbbbf7324,can,Support for hanging plants,,,,,
4dc29d7fda3d554f7bee,can,Serving as a small seat or perch,,,,,
87e20b3ac322336b2400,can,Protective cover for delicate items,,,,,
3f2f955efb1aec9ded45,book,Source material for recycling,,,,,
8bf4d9ac1693f386a0dd,fork,Pick ticks from skin,,,,,
1ed7ea6e45b3ea94df50,towel,Polishing shoes,,,,,
3c154b6129f1a652fd91,fork,Arranging small jewelry items,,,,,
81cc90c039f045ad6b16,book,Portable reference for learning sign language,,,,,
70e3d099b1d8881f1606,can,Using as a marking object in board games,,,,,
13c1c93892bfe93e4c02,paperclip,As a makeshift paper weight,,,,,
00f6219044de9476aa3b,towel,Wiping muddy boots before entering a house,,,,,
d00a3df05b95342170b6,book,Stand for holding receipts or tickets,,,,,
b0a9e58011cfbca8cf0b,towel,Cleaning windows and mirrors,,,,,
6d052365d450fe7c7175,fork,Opening pills or capsules,,,,,
d7a631cd918caf7a0c39,can,Marking heights on a pole,,,,,
e72ba831aafc9b203678,paperclip,Hanging small items on hooks,,,,,
28a4f94ec1ef62c2d13f,book,Marker for indicating pages or lines,,,,,
35154da6aa7ff6f2fc46,can,Toy for pets,,,,,
63a1889b1039dcc6ea4c,fork,Skimming small objects from water,,,,,
fcbe195d1629e3f5b3de,fork,Marking places on fabric for cutting,,,,,
0cd28e1d74e64cffd9e3,can,A writing tool for gripping pens,,,,,
f74d0a8bd5a880913f0e,fork,Holding objects while gluing,,,,,
21774ffc5a716513054f,fork,Scratch itchy spots,,,,,
f039c1e663bfcadd1bba,book,Frisbee (when thrown),,,,,
ec04b53fe0ea4626c3b3,fork,Creating patterns on walls,,,,,
22b9a1dc99815695cef1,towel,Holding utensils temporarily,,,,,
a8048fcdc4ace7fc0d1c,book,Paperweight,,,,,
ce3a5f2fbc66dd19d3d5,towel,Rolling up and using as a quick footrest,,,,,
95430d7da5fd0deef6f5,book,Toy for a pet,,,,,
cfafe2cd6e99f507856a,book,Paperweight,,,,,
2a82c948ed45a4aef4d5,book,Painting canvas,,,,,
25a10b77cd45d9b0c203,paperclip,Securing business cards to notes,,,,,
dc86fd7970b783c5f153,book,Door knocker by its edge,,,,,
179de243101a48ac66d2,paperclip,Securing pages in a binder,,,,,
f808d7f968b5098d985f,paperclip,Marking page numbers,,,,,
3f77b2622cba2405b5fb,fork,"Fishing tool for small, slippery fish",,,,,
fff40832d9e2e027c33f,book,Fire starter,,,,,
1199bbd77b734b40bc06,book,Can opener for certain types of cans,,,,,
9a7d3ab9ed76bd75fa5c,towel,Blotting perspiration during exercise,,,,,
1c4e350d471468b0f8fb,can,Playing catch,,,,,
bce533105009434c2439,towel,Wipe mirrors,,,,,
08655f74ff52d1be4756,book,Doorstopper,,,,,
449cd42ff972b561b72e,fork,Pointing direction,,,,,
8f7f66bd9144a88f8f24,book,Paperweight,,,,,
293d68d34e1d7d5bbb35,can,Using it to store nuts or seeds in the kitchen,,,,,
e87ebc34e94d2e52829e,can,In a game of kanvas (a fictional game),,,,,
2547f5381701c22174b7,towel,Scrubbing teeth (emergency dental care),,,,,
956be9d4cc210ececd67,book,Fire starter,,,,,
17c8b2459ebda046d3bf,can,Seat cushion,,,,,
a4d49d4fddaab73972ea,book,Door stopper,,,,,
12d17d70f3d28a612874,can,Container for small items,,,,,
4cb37c97c76c03da2182,fork,翻转薄金属片或卡片,,,,,
a330e1dfaf02aecc27de,fork,Spreading frosting on cookies,,,,,
44e2f375b65e4c97df08,fork,Holding notes while playing a wind instrument,,,,,
8a796b91213cd3722e53,book,Book as a bookmark,,,,,
409426358021b38caf4e,can,Can to hold small notebooks,,,,,
e237f3d1673c6868688a,fork,Removing strings from fruits,,,,,
a675c5a9c84bdec8da45,fork,Used as a pointer for needlework,,,,,
b1cfa1ece08c56e68295,paperclip,Creating simple paperweights,,,,,
27be1fccb313d6e42d44,can,Can as a pencil holder,,,,,
a7fe994327af70d9d75c,can,Shield for defense in a game,,,,,
b82a77857822e164868b,can,Planting small seedlings,,,,,
032a2f288b0554e4dd7b,towel,Cleaning windows,,,,,
c2c99d5322b147ccb4d5,can,Stroking as a comfort item,,,,,
18c28a015d449f115d8f,towel,Cleaning shoes,,,,,
b86d13012958789ee401,towel,Wiping hands between bathroom uses,,,,,
74694c00dc34daad4212,fork,Cleaning small parts,,,,,
600ea24b441a600f9a64,paperclip,Marking pages in a spiral notebook,,,,,
2c29c04f382e14460784,fork,Adjusting lamp shades slightly,,,,,
7dfcae716f26b59215ae,fork,Cleaning small dirt areas on carpets,,,,,
23c00cd84c79b9c20406,fork,Measuring short distances,,,,,
59acbaf4236bcdc64e11,fork,Unwrapping small objects from wrapping paper,,,,,
2e45250149fcfa455cdb,can,As a figurative representation of capability,,,,,
d2fea09bb6ed0f9cb665,paperclip,Connecting loops for keychains,,,,,
9e779b21b110b82240d7,towel,Dust a surface,,,,,
d221ee05910e419b0341,towel,Scrubbing minor stains,,,,,
d08338b44dc50025edf4,fork,Marking pages in books,,,,,
6c4cb3a509308167eeea,towel,Covering hot surfaces,,,,,
336cf9931eed723c05ff,towel,Cleaning glasses,,,,,
2330fcb29e295fa6586e,can,作为健身器材,,,,,
8da9fc3666631435f556,book,Fan,,,,,
58d2f85742bfc2654254,can,做为小型容器,,,,,
25ad89dc2021ebc3b8e2,fork,Studying coins or small objects,,,,,
2a4bf923037df15f12ec,paperclip,Holding paper fans shut for storage,,,,,
0017c795bb86564a345d,can,Handle for efficient snow-shoveling,,,,,
c1004601663ba94b041b,can,Marking boundaries in games,,,,,
4a4035982a6770b5485e,fork,Tempering flames while soldering,,,,,
9e02106f6164ebd1a5a9,book,Bookmark,,,,,
884534d26150d3bf3b2a,fork,Making tiny holes in potato skins before cooking,,,,,
6612761fd9d7cbed6acb,can,作为临时勺子或铲子,,,,,
76e6e8ea6529b7836b4b,fork,Piercing food to check if it's done,,,,,
866f8086fd633fdcf25b,fork,Adjusting small mirrors,,,,,
31c38bb1923ce3f73de2,paperclip,Mark place settings at a table,,,,,
6360f2e66c935b170103,book,Doorstop,,,,,
dd9e3e9c0de2f039567a,can,Straining liquids or sieving particles out of mixtures,,,,,
77d725db3f1cd21f6ea4,towel,Scraping surfaces,,,,,
6019e95a3753c0f4d875,can,Squeezing liquids,,,,,
cbf614d14bac3fb7301f,fork,Weaving small holes in tapestries,,,,,
842eac278caef7790a23,can,Tool for opening paint cans,,,,,
d991dbfb67fdd5633e9b,can,To scratch an itch,,,,,
ed64c520ebe4d8a2caf4,towel,Cleaning phone screens,,,,,
2d6b961e4799bb0ff92d,book,Toy for a pet,,,,,
f733c5979eb4b6c44f08,fork,打开信封,,,,,
e7c10bd83a292c965ece,can,Fishing for small objects in water,,,,,
8b416d6c85b80993e03a,fork,Piercing and removing small splinters,,,,,
ad91b710a02c7291165a,paperclip,Sewing on a button for mending clothes,,,,,
ec40490fd7752c1ad485,towel,Absorbing ink from art projects,,,,,
50b4f9df5c160d9b7ec2,book,Doorstopper,,,,,
e1e339d735f1d1c86af1,book,Creating a container for small objects,,,,,
38cbd759cd76708b3cbb,paperclip,Plugging small holes in paper or cardboard,,,,,
8d196363b65758bcaa1c,fork,Marking pages in a book,,,,,
105fea46959a4ba4fac1,book,Bookmark,,,,,
5cd436c7046aa5d3342a,towel,Wipe tables,,,,,
565d279368e2ccee93a8,fork,Marking places at the table,,,,,
66df9d3022b0de540038,fork,Serving as a small container for paints or adhesives,,,,,
1bfab79243222a056a76,can,Cracking nuts,,,,,
803426fb5151365c3d72,book,Plant holder,,,,,
a8beef5f0ab7212cccf6,towel,Placing items on to dry after washing,,,,,
3c28613f52610adba256,towel,Cleaning sticky keyboards,,,,,
ad129734b1f1bcbf8cb8,paperclip,Weighting down documents,,,,,
aeb316579e2ade63cf12,paperclip,Anchoring a bookmark in place,,,,,
bd6e5eeaada817080a14,towel,Polishing furniture finishes,,,,,
0d637bb02116dda352a0,fork,Making tiny holes in potato skins before cooking,,,,,
b28677ae6302fb6f3129,paperclip,Anchoring magnets to metal surfaces,,,,,
50f79ff1923a53de6bb4,book,Baseball bat,,,,,
78c0d8154b70843176a6,can,Can as a flower pot,,,,,
09ccab5209e040095d52,book,As a doorstopper,,,,,
f0711577f0e9a5ccdf0a,paperclip,Marking the top of a stack of papers,,,,,
7c46fd0b43298b428c3b,fork,Holding small items,,,,,
b13a276dae7ebd1875ba,paperclip,Fixing small jewelry,,,,,
72bde02e10583edbfb52,fork,"Hold objects together, like paper clips",,,,,
298f543ff16c15d6fc34,book,Bookmark,,,,,
9b9d519444d959d693db,can,Reaching high shelves to retrieve objects,,,,,
78246d3df0b18eddb0aa,towel,Emergency cloth,,,,,
91a18df4c2cb9d0af345,can,"Indicating ""yes"" or ""no"" in sign language",,,,,
c2767f5be67ea879304e,book,Weight,,,,,
6a9b34aaa0a17079bcee,paperclip,Molding small shapes for crafts or educational play,,,,,
f515c1db64aef4c59841,book,Doorstop,,,,,
edf972edf331c869f8cc,paperclip,Bind pages together,,,,,
5d7b2517462734165bb1,towel,Cleaning glasses,,,,,
bac3627ace726ce4b067,can,Can for holding screws and nails,,,,,
8bbb7fe2a68c8a3db6bc,paperclip,Keep folders closed,,,,,
1c5a3f608d4332ef4857,paperclip,Magnet holder when attached to a magnetic board,,,,,
c3abfd3b411f95682ca9,paperclip,Securely fasten recipe pages,,,,,
7c2af49e4a79f3c83e93,paperclip,Temporarily holding together paper butterflies,,,,,
fe27d2ff354a7c5b2d89,paperclip,Hanging lightweight objects like metal spoons or small keys,,,,,
b11c5ca91de14973d951,book,Sound amplifier,,,,,
f4da7040cd0ba1fbc1e4,towel,Covering food to keep it fresh,,,,,
17efecb0d915897b4f6f,fork,Holding astringent-soaked cotton balls for acne treatment,,,,,
2bf94f3698592644c0d3,book,Marking pages in other books,,,,,
b65800bed5cfe53da775,fork,Scraping frosting from a cake.,,,,,
61431c153db96551c081,book,Babyrattle,,,,,
bf66c6f0080a6e83f97b,paperclip,Creating paperclip loops for storage,,,,,
a5c9979c028f68a81e9c,book,Weight,,,,,
5ecdf6b2b1b51e1e0dd3,fork,Placing small objects into containers,,,,,
be4d97e748b0fce5c826,towel,Drying hands,,,,,
63f28d4bc1fc71e09107,book,Toy for dogs,,,,,
187dfc934a8c00055ef6,towel,Wiping hands,,,,,
746c09cacfcf1790a474,towel,Wiping hands before eating,,,,,
f12174116850c282b179,can,As a marker for heights,,,,,
7c59ee715b9795ddc10b,towel,Making quick repairs with adhesive tape,,,,,
c4c39c11932220e39be4,book,Firestarter,,,,,
e66995892d3ce4e377c0,fork,Serving small portions at table,,,,,
15094d9ae11e94ace6cf,towel,Covering plates to keep them warm,,,,,
65f907ea43da6ed82004,fork,As a makeshift pick for prying,,,,,
63312c79e8782a8d13c3,book,Doorstop,,,,,
72071a08ea8d6d76c579,fork,Skimming oil from soup,,,,,
0b2c6bd7d1d3c3add9c7,fork,Sticking notes onto walls,,,,,
a7a537dcb3e5075016f7,towel,Wiping surfaces,,,,,
5f79e0b754b7e11138db,can,Hammer,,,,,
80650a4713622a8fe41f,towel,Cleaning bicycle chain,,,,,
3bc02d93f7a1bda5b32d,fork,Testing temperature of food,,,,,
6a85a3c63849a1a316da,fork,Light tapping on tables,,,,,
25ac3b6296097d443b75,paperclip,Fix a loose page in a binder,,,,,
9df400a17fdeefb00071,can,Smashing ripe tomatoes,,,,,
5dda64213a0077717f83,book,Support for propping up legs when sitting on the floor,,,,,
1dbea60158f7e233e558,fork,Hairbrush for pets,,,,,
0beb7ecf6ad680428338,book,Christmas stocking stuffer,,,,,
bc2dd64e4ed9dfbb20da,fork,Indicating turn signals in role-playing games,,,,,
4377cda8332e6f3f1733,fork,Making simple musical sounds,,,,,
3fee2f8fbd2e028ec930,fork,Opening jars,,,,,
5ef3b7c62d7f83347345,book,Container for small objects,,,,,
d733e48d2ed972d17d40,paperclip,Securing paper to a bulletin board,,,,,
0a941f2724f7b9db37e3,fork,Opening tight lids,,,,,
dd2a3aebc8c4a500f1ea,towel,Protect against heat when cooking,,,,,
ba51be826259cc18d774,book,Bookmark,,,,,
6fe4e3c3a8f80bd5d99c,towel,Starting campfires,,,,,
c78d2b9efac480ed374c,towel,Wiping sweat from a forehead,,,,,
f5156e75d7e566676d5a,book,Seating cushion,,,,,
93f4254298aa325543a1,paperclip,As a bookmark,,,,,
a346ed72fd94764782cc,book,ICO for a chess game,,,,,
d798744dc2c12ce860e0,book,In fireplaces as fuel,,,,,
2d05a0baa339ed7287fa,fork,Playing simple musical instruments,,,,,
2553662b7e6b12c0e68f,paperclip,Holding sheets of paper together,,,,,
c6610b8b6d4e17b9b72f,fork,Marking pages in books,,,,,
70f1a5ca64d34ec2ee67,fork,Dislodging stuck rice grains from the bottom of a container,,,,,
6e25eeb3ac6aa1a8d5c9,paperclip,Hold business cards together,,,,,
88551890cec63e7a8ff6,fork,Straightening wires,,,,,
bfed743552948e6785a6,paperclip,Marking items for prioritization,,,,,
d2a19032457aa12ae471,can,Serving as a makeshift towel,,,,,
76a348d3200e18089f9d,towel,Moving small objects temporarily,,,,,
d63297c7233f9ccb5c88,towel,Dusting surfaces,,,,,
dcff85d45a21093a52dc,paperclip,Creating simple origami projects,,,,,
d5950105d95ca9a84599,paperclip,Creating bookmarks in books,,,,,
947dacd39ae5b9037c1f,paperclip,Mark items in a stack for attention,,,,,
5a5abdb56df229dded7b,towel,Assisting in tying a loosely knotted shoelace,,,,,
8997d352af6042aa1bba,can,Using as a accent in flower arrangements,,,,,
5d57e5eb871b9d099429,fork,Opening tight lids on jars,,,,,
8d6222758bb8f47035ab,paperclip,Adjusting the tension on springs,,,,,
fa10f0110b5107dc9523,can,To weigh down a paper,,,,,
4b493b55b1181262840e,towel,Scarping vegetables,,,,,
fed7c62b0d4144b8ac7e,towel,Mop small spills,,,,,
8711a79928db5718a0d6,fork,Pry open packaging,,,,,
f2708f900a5bdc3be788,fork,Winding yarn,,,,,
0cc567581036e0c413f8,book,A surface for painting or drawing,,,,,
a3d6fbf7af36d1ecd689,towel,Bandaging minor cuts and scrapes,,,,,
2fa2b7822a567e216bdf,can,Marker for distances in sport events,,,,,
d13b18f6902bb6942743,can,Stool for sitting,,,,,
cd9b1c5615c776d4dc60,book,Pillow,,,,,
3f9000af0f9fe016e004,can,To mark property boundaries,,,,,
4224928d686f0d513351,can,Used as a doorstop,,,,,
37d05a8911b4c7ce93d4,fork,Opening sealed containers,,,,,
4755e3a8121c6aaa48a0,towel,Stabilizing equipment,,,,,
a7be80c9745de87e57a3,book,Artwork support,,,,,
c1b0c70f51d4597c3964,towel,Absorbing spills on countertops,,,,,
6f27f178f79e7ec5f4b9,paperclip,Circuit breaker in simple electronics,,,,,
f2d08a6af58751a9e15a,can,Whisk for mixing batter,,,,,
3069ed36a9ebe78b98d2,book,Toy for pets,,,,,
6a9fe330e737e8cbe531,paperclip,Securing paper notes to a memo,,,,,
15c0457c09bef7e68710,book,Scrap paper for jotting notes,,,,,
ac045ff7a8c7337ee4b6,fork,Scraping residue from candles,,,,,
180b4df5c8665a7ef5ce,fork,Play simple percussive music by tapping on objects,,,,,
2177f81db778dbd3c4c6,can,As a weapon in a pinch,,,,,
59551229a536e077a5c3,book,gift wrap filler,,,,,
8954f1a76b1abe8b56b7,can,Handle for starting a campfire,,,,,
fd59129f8e44335e7425,paperclip,Trimming excess thread on knitted projects,,,,,
8ba9fef0c2c05d3d3305,can,Decorative fence cap,,,,,
79a2e98d2dcd406315b8,fork,Serving oneself from a dish,,,,,
2cc260bef433c63136f8,towel,Absorb sweat,,,,,
99330236338913a9be17,towel,Wiping dirty hands,,,,,
8f7ec8a88dee2526e1e7,towel,Drying dishes,,,,,
15f48fc0bd7dced2ba2e,can,As a container for small crafting supplies,,,,,
23bf5a84ebe97ee35397,fork,Creating indentations in soft materials like wax or foam,,,,,
43acbc3a844033623c00,can,Can to store snacks in a car,,,,,
82803fda099caeedd8d6,book,An impromptu pillow for sitting,,,,,
9cba4f92e2cc8435210c,paperclip,Tying small bundles,,,,,
04f9f4662017ede5ab3c,towel,Soothing minor burns,,,,,
e806edb96d1cc6d0ae23,fork,"Hair taming tool, smoothing wrinkles",,,,,
14b2be733f452e8e8fc5,book,Musical instrument (by tapping and drumming),,,,,
866c22d532e26232edfd,book,Paperweight,,,,,
9ce8b08d525efc17f571,fork,Moving small objects,,,,,
577139cb041fee9a62c3,paperclip,Holding pages together,,,,,
0b311081419aeff47379,can,Punting a water balloon,,,,,
781a8cf211236d2415b4,towel,Absorbing sweat during exercise,,,,,
cdf4427e3bd2b6c13316,fork,Piercing a balloon carefully,,,,,
31738b130c3b55663534,book,Use as a pencil holder,,,,,
de4edeb56e8edd08bdf1,can,Container for holding small items,,,,,
d779c703d3232e33cbb5,paperclip,As a paperweight,,,,,
ec329652f122e8d2d96c,can,Straining soups and broths,,,,,
7af524cae6d590444a8c,can,Poking holes in ice for fishing,,,,,
ae864ca73c93821e7bdc,can,Serving as a grip for DIY projects,,,,,
cb5013a2d4ec3eb5d36f,fork,Spreading frosting,,,,,
25a1263b7beda2bd6487,fork,Disturbing surface of water for fishing,,,,,
a8e12da12d425efd220b,book,Fire starter,,,,,
2962c6d588707a1cd247,paperclip,Holding pages together in a notebook,,,,,
643b68f65b1a46f73ac7,can,Container for holding smaller objects,,,,,
c324bdba9d83eb322533,paperclip,Keep pages together in a binder,,,,,
3faadef001b3605ed932,can,Serve as a grip,,,,,
3143a497edf5adc7c6e2,towel,Absorbing spills on tables,,,,,
31d2395eb94b8502b91e,can,Hammering nails into walls,,,,,
ed014434eda093d5946d,paperclip,As a paperweight,,,,,
dbe60483e0d42b3e8da7,book,Firestarter,,,,,
cadd13cd00bbae599c82,fork,Straightening bent paperclips,,,,,
ab6a1e202bce8897231c,towel,Plugging gaps in doors,,,,,
ded0776feef9cb7c09d5,can,Tapping rhythm while singing,,,,,
4342ad30a5e33decbd05,book,Baseball bat (in role-playing games),,,,,
15b2a59f002fe3fdc105,towel,Polishing furniture,,,,,
b5a25c1a781592074319,paperclip,Hold papers together,,,,,
9c1ae08833fce4be6daf,fork,Scraping the bottom of a bowl,,,,,
86bbe591bd0194d22680,paperclip,Label items in a drawer,,,,,
cf7ac875f6b9d3ce3a14,fork,Marking pages in a book.,,,,,
033f1c3146d8bdcd971e,towel,Absorbing ink for letterpress printing,,,,,
8a6aed3ac16a4a8f3d10,fork,Twirling hair while thinking,,,,,
e4d9f6a0a78d7f2860e1,book,Sound diffuser,,,,,
a615577a2e26c429f090,towel,Warm hands,,,,,
81031c69a0344f62b7f1,paperclip,Fastening survey responses,,,,,
cc37e0128f233c1e3525,fork,Small rake for yard work,,,,,
8fa0ff2861e5da7470f1,paperclip,Fixing tags to items,,,,,
d45cb8490bcd6ef7215d,fork,Moving small objects across surfaces,,,,,
0b29e46eb18dabb3ad4a,fork,Piercing standing pins,,,,,
90f125d1b9e8cf07629b,can,Bottom of a pot for drainage,,,,,
3acc8cf28f6bc146eeeb,can,Breaking age codes on DVDs,,,,,
991b2c35cdfed5676c28,paperclip,Attach small labels to documents,,,,,
9b70614d680ad366a2c4,book,Emergency kindling,,,,,
bd0118ef6d44995f945e,book,Hammer extender,,,,,
e05263c250cb68fd2c64,towel,Starting small fires (for heat or smoke effects),,,,,
9408c00530df8e4f5713,book,Seat cushion,,,,,
e3d57a40cab28eb65a31,paperclip,Small tool holder or crank for starting manual tools,,,,,
6d801a0ccdd9f62dae95,can,As a tool to lift heavy objects carefully,,,,,
acffa01bcbcecb2da9b2,can,Holding miscellaneous small items,,,,,
a439554a731698e4deac,can,Opening stuck jars,,,,,
2c56a63378d6fff065af,paperclip,Attach notes to objects,,,,,
1705357537647e5caf8f,book,Bookmark,,,,,
452adeb4e4f7d47d345a,paperclip,Folding into paperclip art,,,,,
b1e9fa8ab20198a7c6c3,book,Book for kindling,,,,,
85458445e850cad3b039,paperclip,Tying small bunches of herbs or flowers together,,,,,
981e4f69e85c282d29ad,fork,Holding positions in soft mud,,,,,
0dc5d9f2e38968ef5784,towel,Stabilizing plants in pots,,,,,
0ee31a6fd21eb031bae1,can,Bird perches,,,,,
1baa590415c09f5b4be2,towel,Dusting surfaces,,,,,
1159cb8f97ac93b60230,fork,Holding papers together,,,,,
820b5084aa39c66b539b,towel,Cleaning mirrors,,,,,
01b4eb19f626f7c49075,fork,Pierce and extract splinters from skin,,,,,
a303afd25d7f00064f1f,fork,Removing excess from threads or yarn,,,,,
7dba9e5645ff11f72201,book,Flashlight (when made of reflective material and held correctly),,,,,
1c3c834b0122644f1021,fork,Fashion accessory or jewelry,,,,,
925abb1f191d4ebeab37,book,For origami projects,,,,,
e9069f43cc73a72069b8,can,Placing under plants to elevate them,,,,,
3f45c12a6194a7f557ee,paperclip,Looping a ticket for easy hanging,,,,,
0d211b58d2824ee43312,can,Decorative object,,,,,
21b578fadd1b3bb3de6a,fork,Creating small notches in wood,,,,,
ccbf8e7e6172fe3a2c97,book,Weight for keeping pages open,,,,,
46d540b8b52a8a6e5196,towel,Wrapping gifts,,,,,
29cfd8101cbcd3affa87,paperclip,Spacing plants in a DIY planter,,,,,
ecac6ff0255dbde5d0d5,towel,Plugging gaps in tighter spaces while moving,,,,,
49b0eeee10fe23a8b333,fork,Holding papers together,,,,,
fdddeb17d3159420195e,towel,Covering sneezes,,,,,
8dd6ea0159866ace023a,book,Stamp pad holder,,,,,
78d0ae67a92379c731b7,fork,Cutting thin metal wires,,,,,
79263d22b4e341338eab,towel,Squeezing lemons,,,,,
2896ed7917b5ff3e8766,can,Using the pull tab to clean small cracks in glass,,,,,
7807194b1369c60be185,book,Seat cushion,,,,,
f4eacce7bb4d6c7b8a54,book,Book as a palette for artists,,,,,
39bab046f60500d3da3f,towel,Emergency bandage,,,,,
28d1e5f13a6acce251b5,fork,Pickling vegetables,,,,,
09ead2a0c88408cb8b38,towel,Covering electronics during cleaning,,,,,
a17d8a8e3d1c36939f28,towel,Covering plates for transport,,,,,
347784055a9b022c2f02,book,Door stopper,,,,,
42a6c63350c9dc9706a3,can,Marking wood for cutting,,,,,
1de522f51a8fa058563b,paperclip,Gauging straight lines for drawing,,,,,
0203d2462c8cc547093e,fork,Folding napkins,,,,,
e5fd88225148a3897f99,can,Container for holding small items,,,,,
c60257523f0c89aa0148,can,Sandbox lid,,,,,
b31d57411f60a34d5a04,towel,Covering gifts with fabric,,,,,
381540a84e42b6d0fc63,towel,Polishing furniture,,,,,
9b1d3225423b80596b8c,book,Paperweight,,,,,
4a05252ada1308c719ec,book,Firestarter by tinder when dry,,,,,
2f2775d208c3d46d7271,can,Razor handle,,,,,
fed696fdce408a3af93d,can,To scoop out soft materials or food,,,,,
ec29786a9fdafd8222e2,book,Bookend,,,,,
cb8229aca2d23f0d234f,fork,Creating air holes in dough,,,,,
e5a2f8e508965024200e,book,Kindling for starting a fire,,,,,
055f7c12193b2ff2d481,book,Doorstop,,,,,
17c004761665006a5894,towel,Wiping down small electronic devices,,,,,
f2769d9b17fbda7d7056,paperclip,Adjusting tension in a paperweight notch,,,,,
cdfc4703973fbf595846,towel,Absorb light moisture,,,,,
f0169a2a7586b7136fd4,can,Marking pages in a book or notebook,,,,,
b83f8b1f476660e8a1e4,fork,As a makeshift security system by blocking doors,,,,,
ff0ccf41f260772eaee4,fork,Skimming oils from surfaces,,,,,
3b7ddff6ca2374ddab13,fork,Scraping labels off canned goods,,,,,
9317018c4977cd3b1961,can,Acting as a pointer during presentations,,,,,
3d07f377e0f3abdf8f96,towel,Covering hot foods,,,,,
6c44d4d4803f738d8ced,can,Fire starting material when torn,,,,,
dd9c9c6934cead42644d,towel,Applying light pressure to stop minor bleeding,,,,,
d35a5cab0d61ded16ad2,fork,Stirring very light sauces,,,,,
3727b37491510b2fdc8f,can,Banging to get attention,,,,,
4aeb96288d567b3d5034,can,Marking boundaries,,,,,
2583bdae2253f25a2477,fork,Keeping tools like pliers or scissors together.,,,,,
5c74d116aa27bf3ddcc1,can,Accessory holder,,,,,
f4a8df0bffb2b3e37482,can,Tapping small nails into wood,,,,,
6a07da3865e086f7ecbd,paperclip,Hold papers together,,,,,
56ca0dfe4ee11fa5805f,paperclip,Looping around the end of a piece of thread for stitching,,,,,
2933d5b2c31e92e8e82b,paperclip,Hinging lightweight paper pieces together for art projects,,,,,
3371c83ba51bc47f84dc,paperclip,Fastening book pages in makeshift books,,,,,
28090d5c11b0fdc43be6,can,Opening jars with tight lids,,,,,
54a0d60fd99018e4b141,can,Tossing object in games,,,,,
2cef7ef673533e41c802,book,Ruler for straight lines,,,,,
89a634c2b92769dc25f5,book,Paint scraper,,,,,
9b325b346cf72fd31acd,towel,Stabilizing heavy objects,,,,,
04eeb3faadc25ce876eb,can,Support for small objects during transport,,,,,
54f3f6f04adbf698d1c2,can,Lantern base,,,,,
a39f41566dcedcab1c5a,towel,Polishing silverware,,,,,
df7db3d93f296ca4d2d2,paperclip,Bookmarker,,,,,
e8fa9b034f2d8d553ffe,towel,Clean shoes,,,,,
80d25cce1043a911700c,towel,"Holding onto rough surfaces (e.g., for grip in gyms)",,,,,
b22b2261287993f26c23,book,Bookmarking pages,,,,,
d6e75abc6e359418bfd8,paperclip,Holding together loose paperwork,,,,,
b97c38cd220b1dd82f28,paperclip,Creating simple paper jewelry,,,,,
0076144fc7f2fd6b212c,paperclip,Keeping wires organized in drawers,,,,,
2215b585be6cbc8a3ba8,towel,Insulating a hot surface,,,,,
732d8e2ebbcd148f4afa,paperclip,Opening container lids,,,,,
05eb1abdb6c1c6d1bb85,towel,Polishing shoes,,,,,
0182e1443c83a46ad2c9,towel,Absorbing spills on the floor,,,,,
125dd9bd38863e177229,towel,Wiping down surfaces,,,,,
d9d895e50d56e81f569d,fork,Polishing small objects,,,,,
c66a305e29198a029c0e,fork,Marking positions on fabric,,,,,
1c7bf606853043d451e1,towel,Cleaning greasy hands after cooking,,,,,
9031e15f393ba107b632,fork,Cleaning small spaces like keyboard gaps,,,,,
6a06e0a338f16080f5ab,book,Doorstop,,,,,
3382719cdf0b32eb464d,towel,Blotting tears,,,,,
b31552ba1ad4ec10b97d,can,Part of a weapon in combat or sports.,,,,,
bac1a7f13038de19db9c,paperclip,Holding together fabric samples,,,,,
e152a1921b607788025c,can,Slicing through soft fruits like melons,,,,,
11bb9eb6942af459390a,towel,Cleaning glass surfaces,,,,,
1651fb42d57ae895e975,book,Plant pot,,,,,
687aac4af47a322318b7,can,For serving sips in a forest or camping setup,,,,,
96c5b8b21963397745a5,fork,Holding pages open in a book,,,,,
4b14cbf2e4296f6763af,fork,Loosening soil in small garden beds,,,,,
72511a50b02310048cde,book,For bird nesting materials,,,,,
6dee681aaa6832b13677,fork,Piercing thin vegetables,,,,,
11a33ac611b65f94205a,can,Serving as a planting pot for small seedlings,,,,,
980e48783bb0d12eeb55,fork,Clearing small bugs from beverages,,,,,
defaff28e23e8d66b38a,paperclip,Organizing business cards in a holder,,,,,
ce341c8e591e2691898a,towel,Wrapping gifts,,,,,
3386b969aac7b8dcfb33,fork,Walters' artistic tool,,,,,
50463af9a098da9e67bc,towel,Playing a drum rudiment (rat-t-tam-tam-tam),,,,,
eac6d95dcd8578f620b7,towel,Cleaning dirty dishes before washing,,,,,
e2b2ad129d76b1d5b0b1,towel,Wiping windows,,,,,
c35d1c7e1a6f03db9675,book,Book as a paperweight,,,,,
f45e85940b1783ea9fab,book,Ink remover for some surfaces,,,,,
8538f7e624c444862e8b,can,For shaking ingredients in cocktails,,,,,
b2c0519599c69dd7bc23,can,Employing it to open jars,,,,,
84467b1960d1e0cd04b7,towel,Wrap a hot cup,,,,,
8073d724c5cc9a36a39c,book,Toy when broken,,,,,
c682ed9ae52fd20086a8,towel,Scrubbing dishes,,,,,
5fd4a07c37a92019abb8,book,Tamper-evident seal,,,,,
712931503b2cbbafde64,book,Toy for pets,,,,,
4731bceeab693c36d91f,book,Sound resonator,,,,,
c9c8b903a5147562e848,can,Temporary shelter material,,,,,
9bcde2e9b0bfaf869705,paperclip,Measuring short lengths,,,,,
99470d226af28b7ca507,fork,Lighting small fires when weather dry,,,,,
7e87976c49ae88f730da,paperclip,Mark the page of a book for quick reference,,,,,
c0245407e143383cc3ca,paperclip,Pinching small objects,,,,,
c1660af353b7d7cb2165,can,Provides a handle for coloring or painting projects,,,,,
e79422ecd0f5936f5b20,book,Toy for small pets,,,,,
9862b949717b25addb14,book,Bookmarking pages,,,,,
e16c5ad47b91c01199ae,book,Tool lever or handle,,,,,
3c81224c099c67470a75,book,Weight to press down fabric,,,,,
52dc7aaf982a52bf6886,book,Timer for timing events,,,,,
1c25229ca9fb0d490810,towel,Clean hands before cooking,,,,,
6f658413df80f88d3e44,towel,Soothing sunburns or minor burns,,,,,
3f8bb354c0af7b7f13f8,towel,Wipe table surfaces,,,,,
ab72478c03ddc57f8241,book,Lunch buddy to keep food company,,,,,
ec413500f03e03b49789,book,Glucose level indicator (not advisable),,,,,
f8109ec8eed09af57824,fork,Dislodging stuck keys on keyboards,,,,,
a22d5d25b6c930fbcade,towel,Covering food,,,,,
c9bc9ff2eace1727f195,fork,Opening tight lids on containers,,,,,
baadab6480b7ca5f0edf,fork,Piercing food for easier carrying,,,,,
da9f83db8cc329e3792b,can,Holding a liquid,,,,,
1e043941bc58a737df5c,paperclip,Connecting business cards to notes for contact,,,,,
069b4ccc7342de21a100,towel,Wrapping gifts,,,,,
83a93ac9dfc8edd494d4,book,Creating a shield for camera lenses,,,,,
b6641b452fca58af1a1e,paperclip,Staple remover,,,,,
1dc6bf1d1d5b059fd0fe,paperclip,Mark pins in cork boards,,,,,
2d142b7c77e3003950d1,towel,Cleaning up spills,,,,,
09c067f14effc90a2111,can,As a replacement doorstop,,,,,
29fa951d68b085b01292,book,Spacer for pitchforks,,,,,
7be8b581c5cc2f00b121,paperclip,Creating simple weights,,,,,
6dcefe88e6b65c3b59e5,towel,Wiping faces,,,,,
ee43a8e8051a3c16554a,can,For striking surfaces to create sounds,,,,,
a5413fc341d3af35dd7d,towel,Polishing furniture,,,,,
21664ccc9a98288313dd,paperclip,Straightening bent metal wires,,,,,
7e357a62130bf22a2d9b,towel,Protecting paintbrushes during storage,,,,,
c23aebaf463495292782,book,Blanket for small pets,,,,,
1bca34d45274af39d25b,can,As a toy for pets,,,,,
8c7940640b987f75369b,towel,Holding wet items,,,,,
cbf90fe54f6bb140adbb,can,Weather vane,,,,,
014e2d3964fecd894ad1,fork,Serving as a makeshift pick for digging small holes,,,,,
7ee5da543912eca261cd,can,"As a toy for pets, like cats and dogs",,,,,
6eee859118187fd9a5f4,towel,Wringing out excess water from produce,,,,,
7087542d5bd4f57cc009,paperclip,Marking pages in books,,,,,
7dc0b4b0aae7797a65b8,paperclip,Holding pages together in a stack,,,,,
ea61d351154e0618fcb5,book,Seat cushion,,,,,
1576ce71f9cb04d4ff55,fork,Surrogate handle for small tools,,,,,
63e91bc64a284b884aa6,can,Using as a cup for pet water,,,,,
c403d6a0dc61f5c70cf6,fork,Marking lines on dough for baking,,,,,
1c955da0ad32e32f9314,paperclip,Looping together loose threads on a sweater,,,,,
26b0925c0bd38ddd6151,can,To serve as a decorative element in a room or space,,,,,
8b311ed83c10b81a09f2,towel,Absorbing spills on the floor,,,,,
29c0ee94436b983c79ec,book,Baseball bat,,,,,
7f79a156c14cebe7e528,book,Seat cushion,,,,,
bb37eb6fe19a4838d8b4,fork,Unjamming zippers,,,,,
363d7b6e0e8e84d9c5dc,book,Edge for cutting paper,,,,,
417d1c029a5d6d57c8d3,book,Paperweight,,,,,
8a84947fe0b561ed5715,towel,Trimming excess hair,,,,,
628cc3a799bf0f85ffaa,book,Portable seat for short durations,,,,,
b1b00ea4122a6697be1e,paperclip,Secure pages in scrapbooks,,,,,
2a3cabd7ebce8787fa2f,towel,Wipe down surfaces.,,,,,
a63adccdb0a3416f2b05,book,Fire starter material,,,,,
06ec96d72c6f92ae56e1,book,Stress relief toy,,,,,
e58f0bd13e0192f49c4c,paperclip,Create simple weights for balancing scales,,,,,
4cc9ea849547a80ab745,paperclip,Allowing air circulation in a small plant holder,,,,,
0eb10ab988d05a242683,paperclip,Bottle opener,,,,,
21bfa11e1cb357c3d349,towel,Protecting hands from heat when measuring hot water,,,,,
f6abfe5d229e8ff27137,paperclip,Controlling flags on office supply holders,,,,,
69fb18c3dac7eea413de,paperclip,Serving as a simple ejection tab for a pressed flower,,,,,
242dbffea39a8970a0f2,fork,Creating patterns in sticky substances like honey,,,,,
d4709eca46dfdaa0d09d,can,Container for storing small objects,,,,,
3c4be7a6abbdcdccd530,fork,Piercing styrofoam or other lightweight materials,,,,,
200df4732fdce8ae3ace,can,Support for hanging plants,,,,,
03ab55d4b3e751662d7f,fork,Holding items to work on,,,,,
500dc5fff3f802861a1e,fork,Cleaning small electronic contacts,,,,,
c284f2afd9f6fa8be536,towel,Cleaning minor cuts or scrapes,,,,,
23ba9fd2a87670502189,towel,Scraping feet,,,,,
6564f941af9edfbd8fdc,book,Weight for keeping open a fabric,,,,,
6801e21373f2c6827f89,towel,Polishing eyeglasses,,,,,
e9a7c8fca3e8563987b3,book,Bookmark for other books,,,,,
f0adfb65d3fab2020d55,towel,Keeping hands warm,,,,,
0281e1aff9496d71c77c,book,Ruler for measuring short distances,,,,,
5fc31f42b8328fc9728f,paperclip,Holding together post-it notes,,,,,
1b5fada64c0f80adb2ea,book,Seat cushion,,,,,
886f390ddb656739be02,fork,Tamping soil into plant pots,,,,,
b961bd9727ec094956ee,can,Hammering stakes into the ground,,,,,
8065f7fef10c637b1a0e,towel,Polishing leather shoes,,,,,
9679d4a7fc8a48e6fc67,towel,Temporary signaling device outdoors,,,,,
c5ce2e079bee018efeb6,book,Weight for pressing flowers,,,,,
bdae721b6760fc627399,towel,Absorbing sweat during workouts,,,,,
f696d5e6523fa62ac8ae,towel,Wrapping gifts lightly.,,,,,
b6e3c28c87cffdb6d561,can,Banging on a wall to call for help,,,,,
9fed695ac1660b9158da,towel,Absorb sweat,,,,,
3463bbd16f329fb4e8d7,book,Bookmark,,,,,
ccc204cd9c722cc675e4,towel,Polishing silverware,,,,,
cbfe232deb36cda63ef4,book,Fire starter,,,,,
dcd1e130e07cf5d46652,can,Balance scale,,,,,
e4b8dad3bf8fbff57a99,book,Signal flare for attracting attention,,,,,
5b1a6ed0c0e036780eeb,paperclip,Mark pages in notebooks,,,,,
1ea3ca017457a8edc297,towel,Scraping skin conditions,,,,,
760d5552fa369d1f3e65,paperclip,Attach notes to documents,,,,,
3535be3484ce5605f6a8,paperclip,Holding papers together,,,,,
bbe2cba89306d8968b72,can,Clip for holding papers,,,,,
c277fc08331c4b5db1e7,towel,Stabilizing heavy books,,,,,
ec1a5df878c649023be1,paperclip,Floating aid for small objects in water,,,,,
adb684f2f328bb63ee8c,can,Inhanks for holding things together,,,,,
502b986d6d17da0d9e7c,can,As a plug for a leaky bucket,,,,,
d268b956b3c190341134,book,Indent maker for surfaces,,,,,
b8b47f1e5004d0953ee2,book,Toy,,,,,
987bc19fe5ca02be7fa5,can,To create a dam or barrier,,,,,
f7dd4a053b16b26583bb,fork,As a prop to lean things against,,,,,
6d597e491c52613cb071,can,Lever for prying open tight jars,,,,,
586943b333edeacd28e6,can,Support for holding papers together,,,,,
dfba6e73552ee3a12eb7,can,A tool for holding paper clips together,,,,,
62461e2fa16c49265947,book,Fan,,,,,
9a6cbb59ce56df1bc135,can,Can as a decorative item,,,,,
3e0ca54c28863991eec4,can,Block for leveling furniture feet,,,,,
c1ab2fb6dc3f51ef1ab5,paperclip,Securing staples,,,,,
ce76314438836296dbce,book,Fire starter,,,,,
8ef6023f991589a064ad,fork,Combing hair (lightly),,,,,
43425aa68aa26caecf26,book,Seat cushion,,,,,
74a8963b9b4bdccffe77,can,Marking heights,,,,,
8a5993e7d58b00c4b74c,book,Fan for swatting mosquitoes,,,,,
1135a0697d21279f5646,can,Bucket for small household items,,,,,
014efae8b7235e25cd12,book,Fish lure,,,,,
60fcfef0b004e3662e8f,can,As a footrest when squatting,,,,,
409dff6b4e59a3be8c34,towel,Drying hands after washing,,,,,
5fa3e36a84bc5196f59c,fork,Holding pages in books,,,,,
097b23067d8b90740cf1,fork,Skewering vegetables for grilling,,,,,
ab5633bdce1715b2878f,fork,Straightening bent wires,,,,,
3dbcae66b57145a8915b,paperclip,Fastening envelopes,,,,,
7b7099d0776b9dbbcee0,towel,Wiping screens and electronic devices,,,,,
29e53443605d3aad9563,can,Using as a stage prop for young performers,,,,,
804ba54477d1dba29056,fork,Creating patterns on wood while雕刻,,,,,
71b77445e8efec89316a,can,Hook for hanging bags,,,,,
9f58764239bca833a1cd,paperclip,Creating makeshift paper weights,,,,,
26ce8dc56c80c5cd6745,book,Doorstop,,,,,
7c078809700ebb6d77a9,book,Marker for highlighting locations during navigation,,,,,
4e48e2095332b9062ac2,towel,Scrubbing dishes lightly,,,,,
36bafa7388aad5d0f3eb,fork,Adjusting curtain rods,,,,,
ef763e03f9da620679f9,book,Doorstop,,,,,
423b8e289181df2c0d83,towel,Cleaning windows,,,,,
309da6e5475fc0a396be,fork,Scraping small amounts of food from plates,,,,,
0f992f543c25e57c8bb9,paperclip,Decorating holiday or themed crafts,,,,,
714954d9a965292f7bd0,can,Support for small trellises,,,,,
f0a545eaff877c7f0fa2,paperclip,Displaying small awards or badges,,,,,
dd53c03269d0bfb7f8d4,towel,Reducing noise from leather seats,,,,,
cf4988f844669f4476ac,paperclip,Open packaging,,,,,
9f9a5b28db3491df7135,book,Sound absorber,,,,,
ef91780f887f92231c6c,fork,Wiping minor spills,,,,,
3c5f0e15e7ac89eae0f0,can,Hook for hanging bags,,,,,
8b251a7ca4c5413750c1,can,As a container for holding small objects,,,,,
e05c89bfc0d3c42c1263,can,Gently scratching labels off surfaces,,,,,
1a43edd90e3c0a88075a,book,Seat in loosely packed areas,,,,,
534feb229130659d6feb,book,Meal delivery holder,,,,,
d1c2d8e085761522133e,book,Belt loop for clothing,,,,,
71d5b9310e1d08715ba6,book,Stand for bird feeders,,,,,
e7b4c2e72aa52603264f,paperclip,Temperature gauge (when heated),,,,,
d78e2238908201d12513,fork,Holding objects in small spaces,,,,,
77d995116fbdf315a08c,towel,Cleaning glasses,,,,,
609cd22285a9fe64f1a1,can,As a coaster,,,,,
5115604d8d902ada5574,can,Covering a small drawer,,,,,
f1106c2bb1bb5b5344e6,can,Camera stand,,,,,
a9b93f98f2b141bc2da0,can,Liquid container,,,,,
e4df6b4f6fd0c8ae48f5,paperclip,Attach labels to items,,,,,
eb3adfe6b6e575e872cc,book,Sunshade on a windowsill,,,,,
bab519169c4314e2eea9,can,Marker for boundaries,,,,,
ab6fd4af65783dcad0dc,can,Open jars or bottles,,,,,
ebca160371bd18b4c66d,can,Chopstick holder,,,,,
557ce5f11c41d598157a,towel,Wiping hands,,,,,
32a4079b8d8c6208ed8c,towel,Holding lightweight objects,,,,,
baebbd0f110adcbfc7a3,fork,Piercing food,,,,,
d6c267051c3e385a199e,towel,Dusting shelves,,,,,
5652bbf084a0a1cde3a6,book,Scrap material for art,,,,,
0f4b95af416df0dcc40a,can,Smashing ripe tomatoes,,,,,
5c0052a5c7e95bca5c6f,fork,Opening tight jars,,,,,
9bb49587e27240999f83,can,As a starting tool for fires,,,,,
99fa8f96ebbf31956073,can,Edge protection during moving heavy furniture,,,,,
615550dffff8302c7ffc,towel,Wiping camera lenses,,,,,
4dccee40a659625a77c2,book,Toy for infants,,,,,
cdb44b833591aeb2aec3,book,Rugby ball substitute,,,,,
2d49ee6e1b8df90f22e9,can,Playing catch,,,,,
09e13265fe4b383a6720,fork,Opening tight jar lids,,,,,
951835ddc831f938b0f7,can,For hammering (lightly),,,,,
fab8d80d6ebe36c95cb0,towel,Cleaning computer screens,,,,,
7f046faa7f4d9cbcfeba,paperclip,Pinning a note to a board,,,,,
4e3487c042a81c463d39,fork,Pricking fingers when typing on a touchscreen.,,,,,
1648086667bda9a1de6f,fork,Marking pages in books,,,,,
2d992c4ad35ec975af92,book,Personal journal,,,,,
ed17e9ddc67b7874e154,towel,Polytrimming fabric edges,,,,,
08fe0e9ae583663c25d3,towel,Absorbing condensation from windows,,,,,
c8512e974167308c92a4,paperclip,Marking the beginning of a stack,,,,,
6e29733489ad108d7b81,fork,Wearing as a fashion accessory,,,,,
908d5290a0c200c55656,towel,Absorbing spills on countertops,,,,,
be1aa95f0ba2e7a4f605,paperclip,"Measure small, precise lengths",,,,,
3411291852288eee59fe,book,Torch when placed in a confined space,,,,,
40fe351cc81d406a7556,paperclip,Holding sheets of paper together,,,,,
c448331caafbb7eb03c9,paperclip,Creating a paper weight,,,,,
c69bc33d409548ffb44a,book,Book to level a surface,,,,,
84ef2de3e109623b88e5,paperclip,Labeling items with tape,,,,,
35026dbd26d77f20587d,book,As a weight in sewing and quilting projects,,,,,
8ce5ce45c55cd9f16e14,towel,Making a simple kite,,,,,
ad8377d3839a439bba22,can,As a entertainment prop in a guessing game,,,,,
6405d32440b1026dacc0,can,Crush ice or pills,,,,,
343545f571b9ccf265d8,can,Holding small clippings or scraps,,,,,
84dd6626546c2d60e0f6,paperclip,"Spacing elements on paper, like adjusting alignment",,,,,
226cd47b91cce9d42f8c,book,Surface for carving messages,,,,,
817b4fea3f54fa855045,can,Can as a percussion instrument,,,,,
50e553d9fa67759f6abd,fork,Making small holes in foam or rubber,,,,,
aa923ff7d846cf6a6d1a,can,Can to serve as a candle holder,,,,,
39ded47fe31b17866277,paperclip,Serve as a small weight for testing purposes,,,,,
1bd08228b31ea549645b,fork,Keeping insects away from food,,,,,
874c4909afdb18e6d61a,fork,Moving light objects across a surface,,,,,
c78ddbe52b1c032b0fa8,can,Tapping rhythm during music,,,,,
8c57250b2bbd20b2dd9b,towel,Absorbing spills,,,,,
a539733bd26c0f15fc16,towel,Absorbing sweat,,,,,
8c18ff3fe808f53e69c0,towel,Drying off pets after baths,,,,,
9a9491954694da467094,can,To rest a forearm while reading,,,,,
d7ac496c9b0fb773e997,can,Serving as a drinks coaster,,,,,
b489d88ec0972c82a269,paperclip,Securing small parts to a craft project,,,,,
1fd7b444e17163de7347,towel,Covering cuts,,,,,
356e86a941a5d852714f,fork,Piercing food,,,,,
2ab1073bea5f4d9a2c5c,paperclip,Keep together hair strands,,,,,
11b5986448ae84f730d6,fork,Separating wires gently,,,,,
7ea5d82358f76980d101,towel,Wiping feet before entering a room,,,,,
79166e0c8d5a97c9da59,book,Bookmark,,,,,
404a61c4fe94b88037d5,paperclip,Connecting sections of a bookmark,,,,,
d3bf8346a841d74beef2,towel,Plastering walls (minor touch-ups),,,,,
9589abb9f0ff282f64ad,paperclip,Connecting notes or flags to a message board,,,,,
bc8bfd2990cc7a97aeb6,can,Fishing lure weight,,,,,
b3d41817ae76c2dda4d4,fork,Decorating floral arrangements,,,,,
c5e7e9ec13e55516a40c,fork,Pick loose teeth,,,,,
817174e433daa1de0550,fork,Removing small insects from plants,,,,,
30b3517fbf03e6685ea6,paperclip,Hold together loose documents,,,,,
65afb68e989d28102886,can,Tent crossing sign,,,,,
d46b420deb3f5ff53aed,fork,Piercing food labels,,,,,
2364c86e1c0f7d8f0537,towel,Wrapping small items,,,,,
f06a2f310eb7838179c9,can,Hammer holder while building shelves,,,,,
cb15ed68eb3a9b90869e,book,Spice rack,,,,,
e6539e7f735fe5b91c30,paperclip,Disturbing pet fish,,,,,
932eff6bce9f6697ee24,can,Bee holder,,,,,
a8789286a7bff6455d24,can,Collecting small items like beads or buttons,,,,,
25c1f5d9beb0bb55ccdb,book,Tool for opening jars,,,,,
0949c24c5d84b5432450,can,Beating eggs,,,,,
ccc833e15d455e73b37b,towel,Drying skin,,,,,
0de342a85d83ee0f34e4,paperclip,Securing menus in a restaurant,,,,,
24f92c56bbfa2b84adf2,book,"照明工具，如手电筒 (Note: This translates to ""Lighting tool, like a flashlight"")",,,,,
1695fc1444b232420c48,can,Throwing for distance estimation,,,,,
7a675afdcea7cfba92e2,towel,Cleaning computer screens and monitors,,,,,
d7957aa25be2c6cdaebe,can,Decorating with stickers and hanging as mobile art,,,,,
d71838b059ff7d7fcb3d,book,Sound amplifier,,,,,
d894aeec2d5decd2a893,can,Temporarily holding a handwritten sign,,,,,
7c35a97bfa57ad2a9018,paperclip,Hanging paper from a wind chime,,,,,
4c67c78bd98c2eabecd7,book,Fishing lure,,,,,
84f2b0d29feaa78eeb2d,can,To dam up small streams or rivers,,,,,
68773d5822c02024e1e7,can,Jet engine ventilation duct,,,,,
565680c987e11bda14f7,paperclip,Marking page numbers,,,,,
202bd915088e36c674fd,can,Flower pot for decorative vegetation,,,,,
2849857eb71dc36918e0,book,Crowbar for very light duty tasks,,,,,
ef393710b2f56ea39bff,towel,Placing cold compress on a bruise,,,,,
28df6df8e8a55b1120a1,fork,Showing approval with thumbs up,,,,,
aa55ffed2d3f6344fa78,paperclip,Mark price tags,,,,,
624daee25b02af7c6953,book,Fishing lure,,,,,
9977650d6fcbd8408bb7,fork,Poking food items to check if they are done cooking,,,,,
8eebda3b7ad2d6b1a890,towel,Polishing shoes,,,,,
665c51b4165b84bfed85,paperclip,Cinching up homemade face masks or bandanas,,,,,
d454fd0c3c7493f9e2c1,can,Making a shield to protect oneself during a sandstorm,,,,,
5a52bd332094d301f4b5,can,As a holder for business cards,,,,,
7e3fef499d9b8457e266,can,Tool for opening cans of paint,,,,,
866ed9754c76cbde2855,fork,Using as a clothes hanger for lightweight garments,,,,,
387ffe2526e4b4539d09,can,For covering small openings or gaps,,,,,
c2fc887a6dd31b074598,can,Serve as a makeshift shield,,,,,
141ab74a377b84b3fb3a,paperclip,Connecting paper flags on a message board,,,,,
083e55e6dee7b9b9a520,fork,Opening tight jars,,,,,
e2b76a875c7bee01c3c1,fork,Digging small holes,,,,,
edd9e80bd875d33adce6,fork,Marking pages in a book,,,,,
8b7f0c8f81292f847016,towel,Scrubbing mildew from shower tiles,,,,,
7a70a34a9d9b6a99993e,can,Holding small nuts or bolts in a workshop,,,,,
df1ea74c60eac605368e,paperclip,Marking the start of a document section,,,,,
95728a44a9ecf8b31f01,book,Paintbrush,,,,,
33b68d988a4cb96427b1,book,Garden decoration,,,,,
f0bc9f9bb322515e5986,towel,Polishing camera lenses,,,,,
2a1a1d001b2eb63855b0,can,Plant marker,,,,,
833daa4064fe9094b279,can,Weight for keeping documents flat,,,,,
0fda5f8893629c2b7e43,paperclip,Keep parsley sprigs upright in a vase,,,,,
7d0f524405aba625e623,can,Removing stickers from smooth surfaces,,,,,
b1bc42141dc965ee077a,fork,Unjamming keys,,,,,
60f2cf7053b393b30488,towel,Cleaning computer screens and monitors,,,,,
7020fd6d251a8fffb8cc,can,Base for sculptures,,,,,
b165f36e6765b617cfdd,book,Hose clamp support,,,,,
5e1413e05adc156c1519,towel,Cleaning glasses and mirrors,,,,,
eae85c916b405b839dca,fork,Small corkscrew,,,,,
d84a2614064ae3dee4cf,fork,Holding up plants in raised beds,,,,,
59dcdce3cdccdd952f04,paperclip,Holding sheets of paper together,,,,,
95c66c15c1ef1aa5ba18,towel,Stabilizing heavy pots,,,,,
7b8ccefb8f92a7c471ad,towel,Dry hands after washing,,,,,
d293df9aa155e91f3f61,book,Toy for幼崽 entertainment,,,,,
11cad6b043b07b3e4e3d,fork,Counting as a tally tool,,,,,
8fb06377a74e27e697ca,paperclip,Attach notes to items,,,,,
5f60b12597e0e0c69deb,paperclip,Decorate wreaths,,,,,
9109ae25732426a665eb,fork,Marking pages in books,,,,,
0b48fa55f4c15a44f069,paperclip,Hold cords and cables整齐,,,,,
235d4f3f229dd63ce818,paperclip,Embellishing gift wrap,,,,,
d4103246a2e996463253,book,Baseball bat,,,,,
787d568274370c94c6ae,fork,Moving cold packs between body parts,,,,,
f4e1d87d1a5dc83e65a8,paperclip,Create a compact timer by linking multiple paperclips,,,,,
5c29c3ac6ec595350288,fork,Pointing at menu items,,,,,
668ad58591c3a73f91a0,fork,Teasing apart圣诞树装饰,,,,,
d65ad1b619695e0b1eb5,towel,Polishing glass and mirrors,,,,,
65a3431dc97f20471bcd,can,Bracelet holder for jewelry,,,,,
2521d3956be8453f60aa,paperclip,Make simple bookmarks,,,,,
d483e2c5174d7c74c22d,fork,Mixing paint or other substances,,,,,
f3d70eb52972b29778dd,can,Knocking on doors as a subtle alternative,,,,,
a4eb368d9c213c2a288e,book,A tool for scraping paint or wood,,,,,
3bc9ee386273ee6bac2d,can,Marking heights or levels,,,,,
d3a27a36a7bbb08087dc,book,Marble,,,,,
ffcc9cab47320a51c3cc,book,Fan base for art displays,,,,,
c3a6483a25b278e65bc1,can,Cleaning doorknobs,,,,,
8023efaaba080bd33fef,paperclip,Temporary label holder,,,,,
05652570ca120542c1ca,book,Door stop,,,,,
6ff9ad59f87b76ec7073,can,Knocking gently on doors,,,,,
ddc2e854d40c7b503f57,paperclip,Temporary pen cap holder,,,,,
7569fa9efad534c859ab,fork,Cutting through thin fabrics,,,,,
19038b215704ab12961d,book,A container for small objects,,,,,
c13e7e0abdd84bb27f29,paperclip,Attach a letter to an envelope,,,,,
b7f8716a384765045d3b,fork,Marking pages in bound books,,,,,
2400969ace2916e0c83f,can,To stir small amounts of liquid,,,,,
984ec4456b86cf5fb496,fork,Marking pages in a book,,,,,
358fdec772479be0b526,can,Stage prop for a sudden appearance,,,,,
9096cc49c320c687b1a8,towel,Cleaning minor spills on the floor,,,,,
96a9595fd826892556cd,towel,Cleaning computer screens and monitors,,,,,
33ffec1bd3c45a137ee3,paperclip,Hanging lightweight items like herbs or spices,,,,,
6103b2f120c547edd66a,book,Sculptural art piece,,,,,
2b1cbd4238ab17081c75,book,Toy for younger children,,,,,
fc846ff1c74bd71b671e,fork,Unfastening small clasps or buttons,,,,,
380dddd8ec7b14310849,towel,Drying a pet after bath,,,,,
c2b37b74cf769e235e9c,paperclip,Marking place in books,,,,,
f69dca348008eef7174a,fork,Adjusting small electronics like toy dials,,,,,
e7c6ab9a6fb4df18156d,can,Flat surface for small objects,,,,,
7976e3022ce9943b754e,towel,Drying hands after washing,,,,,
487d8fb5d3d9ed7243ef,fork,Dislodging stuck drawers,,,,,
a785a2bb4e97be3dceb0,paperclip,Creating simple paper fortune tellers,,,,,
6a4bcfefc74b42511b54,fork,Supporting plant cuttings,,,,,
484b4b39b65791e6af2a,paperclip,Attach postage labels to mail,,,,,
35423397e7bad948a0c5,paperclip,Temporarily attaching small objects,,,,,
6870916dd6693a9a0418,paperclip,Making a simple paper airplaneiqueta: user,,,,,
f755014ab42ba10eb077,book,Throwing it in self-defense (soft cover edition),,,,,
a3b880ca9dc033f34bc2,fork,Polishing chrome surfaces,,,,,
da59d64f3add553f19ef,paperclip,Connect lists or notes,,,,,
5692245629b2fe4686d1,can,Kidney-shaped pillow alternative,,,,,
27d5289e9e68d146a874,book,Doorstop,,,,,
2477509539beca5807b0,fork,Holding pages together instead of paper clips,,,,,
7c9092c838a227711655,fork,Stirring small amounts of liquid,,,,,
9ae3d12f9bf968fc2b4a,book,Magnetic board backing,,,,,
0241951b172fbe6ccdbd,can,Divider in filing cabinets,,,,,
358096e8eff6ea87914b,book,Furniture,,,,,
8e4cd084484e26ec4df1,paperclip,Trigger mechanism for jokes,,,,,
d49f5fc94e3ea0a9020c,can,Cutting the can to create decorative borders,,,,,
4ef3b1682fa06535b1c8,towel,Wringing out excess liquid from clothes,,,,,
aa1f5334508238aaed80,can,In crafts for shaping,,,,,
4e38e89c3694e8203a20,book,Blanket,,,,,
7a65bb0f0132e9b52da1,towel,Temporarily cleaning dirty dishes,,,,,
0c188dc829d27b280cd8,fork,Marking pages in a thick book,,,,,
3ed964f31f6569b33ae8,towel,Mark ingredients while cooking,,,,,
6d0ac9586e1eef9c6094,towel,Starting a small fire for warmth or signaling,,,,,
55e09eb66945021cc5c2,towel,Cleaning computer keyboards,,,,,
d49e821343f950a0d832,fork,Stirring small quantities of liquid,,,,,
35bbdccc92742888a8fd,towel,Brush teeth with as a makeshift toothbrush,,,,,
68eb6e05fbfb311ca7bf,can,Thruster for small rockets,,,,,
863b4699d884109d10cc,book,Surface for putting other smaller objects on,,,,,
7446096a14ba53c5e315,fork,As a personal defense tool.,,,,,
aa60d259c94b407f972c,can,Opening juice boxes,,,,,
988ebec720f9a9338a4c,paperclip,Secure tags on crafts,,,,,
f2b2b3ffa4ccac65698f,fork,Fixing wires or cables by bending and holding them in place.,,,,,
3d65ebb0558ff098df84,fork,Poking at electrical testers.,,,,,
9ece9db486f02226e641,towel,Cleaning computer screens,,,,,
ecb97c9c14c0b148d071,can,Support for plants in garden,,,,,
a5692ca6f4074c64d772,towel,Polishing furniture or car surfaces,,,,,
6824b3366029c770fedc,fork,Stirs holes in grout for tile installation,,,,,
02d10f73ce49961f85a3,towel,Dusting surfaces,,,,,
45c8e903d67fd45b2398,book,Doorstop,,,,,
d85938a2b1379c47430f,towel,Wiping dust from shelves,,,,,
8eac348727757c3b3085,towel,Scraping paint from canvases during arts and crafts,,,,,
656b50bc02cbf651e105,fork,Acting as a small diffuser for essential oils,,,,,
71626ef5df51899191ec,fork,Inserting small nails through paper for securing notes,,,,,
b7454ae56024429264f0,can,Use as a hat foundation,,,,,
67909737df550fb1257d,book,Rag binder,,,,,
9ae0f068e1c5b22a8684,book,Bookmark,,,,,
3c0739c19ae79a712384,paperclip,Attaching notes to items,,,,,
37f88846a9c56040f9e1,can,Utilized in bug squishing for pest control,,,,,
45226e4523a7149f8169,can,Smoothing out creases in fabric,,,,,
668beb6889d85886cabf,paperclip,Securing loose paperwork in a folder,,,,,
b59d01f7bd447c68ab3f,fork,Stirvery small items in a pan,,,,,
c0fff0abae239bc1515b,fork,Holding papers together,,,,,
dc2e27528e097512fd52,paperclip,Connect sticky notes,,,,,
18f13fd7d7f9173598d6,fork,Spreading butter on bread,,,,,
313ddec5a552938cd5d3,book,Paperweight,,,,,
af0d0990b8955e94a465,fork,Opening pulled-upon drawers,,,,,
f381b8a35e4c26ae04ec,book,Weapon in a self-defense scenario,,,,,
4d1551b772c0619f6dd6,towel,Supporting floral arrangements,,,,,
d715bda4daba19c183b3,book,Creating a mini sandbox for small toys,,,,,
6e8f0fc58437fae4d4d0,can,Serving as a doorstop,,,,,
e70bae084303f657b1b3,paperclip,Creatively attaching labels to documents,,,,,
7179d44ea2bbd7a0ceda,paperclip,Keep pages in a binder,,,,,
5869258af76335eaf3e4,can,As a signal reflector,,,,,
853bd222c39c9848daff,paperclip,Attach notes to items,,,,,
875c8f9d5e1c7bd095d4,can,Pinning fabric in缝纫时,,,,,
c82e2d4b7775dbf9e723,book,Surface for small objects,,,,,
61d48a8cc2531b194f22,towel,Making crafts,,,,,
0c41b4386201d8d394b9,fork,Turning small objects in a container,,,,,
cc8587317312218e5591,fork,cleaning small gaps,,,,,
fe2a59ed40a02758ba47,paperclip,开瓶器的一部分 (Part of a bottle opener),,,,,
1cc8f6ec30b31e6a6d32,paperclip,Connecting small magnets,,,,,
a066dc9e6e8007e79f44,fork,Piercing an apple to hold it while eating.,,,,,
46a15d4e1c79f32abc2c,paperclip,Marking page numbers or sections,,,,,
f4d9305109f3d173a970,fork,Piercing balloons or condoms for disposal or deflate,,,,,
088ca8905919c1261fac,book,Cleaning tool for small surfaces,,,,,
298084d0140dba7e65ae,book,Ruler for measuring short distances,,,,,
357d68114d8a924aead5,fork,Straightening bent paper clips,,,,,
00ba3bb43df985ac5cc0,towel,Wiping a bicycle chain after lubrication,,,,,
7d1a640d10d001ec98a7,fork,Scattering seeds or ingredients,,,,,
61dae58a92c7b2fa68ca,fork,Cleaning small spaces in furniture,,,,,
6e3362154a4f710c8ea7,towel,Dry hands,,,,,
3854ff0afaea76087fa4,fork,Spreading butter on bread,,,,,
20d2a14b3788a1bd8c98,can,Hollowing out for small planters,,,,,
daa883ff485243fa7659,book,Ship ballast,,,,,
f4660538c43b3c98b8d8,towel,Wiping makeup brushes,,,,,
d09dd0b618cf3f6f75f9,can,Personal defense weapon,,,,,
f144129c0ef08f20e798,fork,Cleaning small gaps or crevices,,,,,
b7ced0f60361caa27841,paperclip,Fashion a simple paper clip hook,,,,,
8be10982f9ed37b37170,towel,Absorbing oil from hair,,,,,
0ae3ca45ae7988be8e62,can,To stir small amounts of liquid,,,,,
8b44b11ab6f0234ec327,towel,Stretching rubber bands,,,,,
b2573efbb91be6ea027f,can,Starting a fire (with dry tinder),,,,,
04c42031b16490abf80a,fork,Stabilizing a wobbly table leg,,,,,
7895fc67a259d4b62cdd,towel,Absorb spilled liquids,,,,,
048389eb9e32b1e21b07,paperclip,Secure business cards in a holder,,,,,
739d5b8534d93bbf1d80,towel,Placing under a hot object to protect surfaces,,,,,
e3c6a9447f6f5a3c4242,fork,Cleaning small electronics,,,,,
fb5429d41cbeb75f9413,paperclip,Connecting notes to a memo strip,,,,,
1fcbd46b28cff24811b4,paperclip,Tying small bundles,,,,,
cc157a93d06ad8ca04a8,book,Birdhouse,,,,,
bb692b3eedd2f1507fd3,can,As a support for hanging plants,,,,,
109d216de1c2f4d2bd92,towel,Creating a barrier to keep food from touching a plate,,,,,
5460165de764719bd253,can,For knocking out balusters in furniture,,,,,
ec378552945d4cd5e636,book,Doorstop,,,,,
79af841b1038547fcab4,towel,Cleaning computer screens,,,,,
6b245e437f4eca8556dd,towel,Cleaning spills,,,,,
3af9455ad8ac0a1fb14d,book,Doorstop,,,,,
f9366cf8a06045c6a3b0,book,Shelf decoration,,,,,
a93457d4cb995e364f1c,paperclip,Marking pages in books,,,,,
96e55285038d8cc02d8e,book,Tool for hitting things gently,,,,,
498cfb588d1049930475,towel,Absorbing spills on the countertop before scrubbing,,,,,
931f243e92e1c7cfc6a9,towel,Advertising personal interests by printing stickers,,,,,
a06f67495703009054b3,fork,Weighing light objects,,,,,
12be12ceba054a7a81a3,paperclip,Reinforce a pressed flower or leaf,,,,,
2553f547256b7f49698a,book,Weight,,,,,
6ff18d4632cbb9c6ffb3,fork,Spatula for spreading butter on bread,,,,,
f8b63dda31d72de10f14,can,Holding lunchbox items,,,,,
8db3c52866f18f78869e,fork,Fishing with a makeshift hook,,,,,
51f4f58fc6a120e90571,can,Hitting small objects,,,,,
cc6ffe7ba66f8d61ba30,book,Placemat for table protection,,,,,
bba3408bf44a09c300e3,towel,Covering hot foods,,,,,
14dd23c8e41dc4ecd37a,book,Wine opener,,,,,
8bd6030443d4eb605b59,towel,Absorbing sweat,,,,,
ca5e1d123342a6b6420b,towel,Mopping small areas,,,,,
e7e6498fd833850d0ab0,fork,Opening tight jars or containers,,,,,
cc6294e3fe1e3c88504b,paperclip,Opening packages,,,,,
bfb2f79b01c6a302db3c,towel,Cleaning a keyboard or mouse,,,,,
57dd613237fcf80dfbf4,towel,Holding plants upright in pots,,,,,
f03ada55a4914fb2152b,can,Cover for small plants,,,,,
f4e1c2523ec28f527847,paperclip,Attaching small objects to a document,,,,,
fa265392ba79a541d9ba,towel,Absorbing sweat,,,,,
9e32ad0d6452fe76a1e4,fork,Burning for signaling,,,,,
9dc4504b3e8b10de4e2d,book,Book as a signal mirror in a pinch,,,,,
d5f9ff816820dd6ba17f,can,Storing utensils,,,,,
8aba43ab2742b5439c4f,book,Weight for holding down paper,,,,,
40137c5087b12713ac42,towel,Absorbing spills on the floor,,,,,
bef195881acf1d4353b0,paperclip,Temporary perch for pens,,,,,
69e332a51fe51cee89ee,book,Firestarter,,,,,
5c88087718b5a1998419,towel,Cleaning a car interior,,,,,
f5a9cecf99942b2c3fc3,book,Prop for a bookshelf display,,,,,
8ebe5429c9ec778f6ec0,can,As a doorstop,,,,,
397fee00ae1ef4818e99,can,乐器辅助,,,,,
6cd2b22a4208242e2140,fork,Whittling or shaping wood,,,,,
af86945058d4467cbc45,book,Weapon,,,,,
1752ff78d5145a4a8951,paperclip,Hold pages together in a binder,,,,,
af0b4dc5da0831838169,towel,Cleaning minor stains on furniture,,,,,
be8e6c4aa78fd6ddc4c3,can,In crafts for shaping soft materials.,,,,,
6fff314fa853e54c98cc,can,Serving as a receptacle for beverages,,,,,
01c3c2b89f7ba5b7022e,can,To store small items temporarily,,,,,
707d4cf9064b86d413b1,book,Step stool,,,,,
b5cb13e74fd313cdb02b,towel,Covering eyes during eye exams,,,,,
a555104dac08b03a48a8,book,Jewelry holder,,,,,
0d3e8ef8cb3bb0d2c96d,paperclip,Mark items in a pile,,,,,
ef816dfdb26d9aaf7ad0,can,Organizing small items in a cabinet,,,,,
cb8eccb97d625c872d5f,book,Bookmark,,,,,
5ae7dc8367d79238d34e,book,Bookmark,,,,,
f005af0c9da56eafeca3,book,Toy for infants,,,,,
5ae92138fd13b572a1a9,book,Bookmarking pages,,,,,
caeb1f42152f92a39a12,book,Shovel handle,,,,,
c3563750f1ebaba90160,can,Surface for cutting food outdoors,,,,,
67c5ff576887122bdbdf,book,As a tool for displaying art pieces,,,,,
c4de9956fdf8e3aa95f5,paperclip,Attaching photos to letters,,,,,
8a832b3bdd23dfc9779a,can,Temporary container for small objects,,,,,
a2693ff28aa300dccca6,towel,Wiping hands,,,,,
07654cad297fd0d1aa1e,paperclip,Securing small items in a journal,,,,,
7043813c69ffcf0b542c,paperclip,Create a simple paperweight,,,,,
e9cd3c327a6ead777796,book,Bookmark,,,,,
169d35a392e0f555d002,book,Hammer for soft surfaces,,,,,
6c571d1608a00979bb95,paperclip,Mark place settings at a table,,,,,
b7f2e04513cd446d2525,fork,Marking pages in books,,,,,
5a8c6cae685100505654,can,Serving as a decorative element in crafts,,,,,
0700e672c521aa65c945,book,Gyroscope for stability,,,,,
29e17dcb5dcfd69d1674,book,Weight lifter,,,,,
603c60152bc9116df8f7,paperclip,Hold together loose filings,,,,,
3dee90ca02d1f9799718,book,To bum passes from school (as a prop),,,,,
3f6fe73427cbe77ae427,paperclip,Temporarily secure evidence in a police report,,,,,
db1c2e0a1de0835002a6,fork,Helping to remove small objects from tight spaces,,,,,
3876b951aa1c81149160,towel,Stuffing small spaces,,,,,
b1850c6b83abd63663e6,paperclip,Marking the last page in a stack,,,,,
749542643ba88387a8df,paperclip,Keep fabric ends in place,,,,,
b5cb10278917bb1171e4,book,Musical instrument (rapping),,,,,
4cead250c986dc6993bc,can,Shield for protecting hands,,,,,
0b56c43b4922c1fbee42,book,Medium for origami and paper folding projects,,,,,
0553bb95157201845e8f,fork,Holding small objects while gluing,,,,,
ca3291eebe334b8c02f3,book,Firestarter,,,,,
2df21a55b5056a9dc7de,fork,Piercing food for sampling,,,,,
9cfa0bffa1a7d63b084e,book,Container for small objects,,,,,
378a5fb1eb132cd3d6a5,fork,Cleaning small areas,,,,,
a0f412ead5a95240327d,can,For stirring small amounts of liquid,,,,,
5d9bc787e4a198ce7727,towel,Dust surfaces,,,,,
9779a1e38ed5c5bf4599,towel,Cleaning glasses,,,,,
3045e8abae76f3c80a82,towel,Marking owed debts (tattoo-like) on fabric,,,,,
e2a324f55cf0e1d3fd4a,can,Tool for opening tight jars,,,,,
3342ae1b610be5b10446,paperclip,Aligning and spacing out images or objects in design,,,,,
b89d40a4b5c38a06d34a,can,Signal device in emergencies,,,,,
8fa3609f44d1d48a914b,paperclip,Fastening business cards to a letter,,,,,
aac74e1c58eb98dcb9b8,fork,Holding up plants or cuttings,,,,,
f42e484bb675c7f013aa,paperclip,Turning small keys that are difficult to grip,,,,,
5b58d9ea9623a99e2f82,towel,Blotting sweat,,,,,
95ee658ed0b809607e6d,book,Write on with pen for note-taking,,,,,
54367f4c11ee72a758e5,towel,Cleaning glasses,,,,,
b076838531f4c2e90506,book,Fishing bobber,,,,,
02368edc24f390deeba1,fork,Opening tight jars or bottles,,,,,
2611d058e4cb8aac521c,fork,Opening tight jars or bottles,,,,,
9be21dc645749ad4e0d3,towel,Dusting surfaces,,,,,
2b051b60253259094d53,paperclip,Bend into simple shapes for crafts,,,,,
ae45cb064be0f6f20b50,book,Notepad,,,,,
60ece0a2dd29f756efa3,fork,Opening corks on wine bottles,,,,,
86776e931a72cbdf86f0,fork,DIY tool for folding thin metal sheets,,,,,
9d0133dd0aa595bb800d,towel,Cleaning electronic screens,,,,,
66c5aefb144a4689400e,fork,Cleaning out keyholes,,,,,
43c6515385c5c5773b90,book,Firestarter,,,,,
ee4337626ae0fe0ec7f1,can,Guitar strumming tool,,,,,
b9ade5120f4093280773,can,Timer for short events,,,,,
8cb448e996c06c9334e6,towel,Binding minor cuts with adhesive tape,,,,,
f63b24f79eaaf0768664,paperclip,Attach notes to a memo or report,,,,,
25ec8aea2c749f451714,paperclip,Mark the corner of pages,,,,,
34a33201ce9d4b73f894,fork,Opening tight containers,,,,,
c44391210178f86da5e5,towel,Wiping camera lenses,,,,,
8fee87c220fe3d8aa4b5,fork,Clearing minor obstructions in pipes,,,,,
3ef5d346396480b984f6,can,Wine bottle stopper,,,,,
cfac90533b8d4a89c144,can,Support for small signage,,,,,
a7b7ce91f61d74f70a69,fork,Opening tight lids on jars,,,,,
45611b7c79aa886d452e,paperclip,Keep bookmarks in places within a book,,,,,
b537ae7cf042cbedd77f,book,Toy for children to chew on,,,,,
51219cbb9702e22b7261,can,Hat protector while sitting,,,,,
cd1307358f7b1bd6fd29,fork,Whittling small items,,,,,
d78cd60c1bd11b0fc295,paperclip,As a small weight for test purposes,,,,,
05f4701f9b65ec4901f8,can,Tailgate for a miniature vehicle,,,,,
6e908acb6e1db02774d9,paperclip,Neatener for item placement,,,,,
cfacecb27f97d95caaf6,towel,Drying hands,,,,,
2d4732e26c40b1ff2b41,can,As a holder for coasters,,,,,
d4df5f8294b15275b69b,paperclip,Holding pages together in a stack,,,,,
f51eab74e993a50d7eec,towel,Removing makeup from skin,,,,,
bdd938753151ed04eeda,book,Fishing lure,,,,,
f48ab5db83b1fd126a97,book,Kindling for starting a fire,,,,,
cc44712a40b0fcf227ee,towel,Cleaning keyboard keys,,,,,
09e1c21b2c385aa3cf1e,can,Deploying the can as a makeshift signal to reflect light or flashes,,,,,
d874a911d0d78514d8ac,paperclip,Mark spots on paper for reference,,,,,
6aa81be208ec498120c4,fork,Removing stickers or labels,,,,,
bced52d2592335f9f960,towel,Absorbing spills on the floor,,,,,
bd36e0a475ac612c0177,towel,Covering books when moving,,,,,
1cae14a762fe875d7388,paperclip,Hanging lightweight objects from a hook,,,,,
0d87d8be4ed09b89ad87,paperclip,Aiding in the assembly of model kits,,,,,
957064c0b7a71e17d67d,book,Fire starter,,,,,
3e6bb84bfe9546d25d68,paperclip,Securing small notes or reminders,,,,,
169771e64e6de56f9a3d,paperclip,Indicating priority items on a to-do list,,,,,
6624b631197f3cf49527,can,For smashing objects as a form of disposal,,,,,
6f2ff13bd120e98bcd9d,paperclip,Adjusting the fit of eyeglasses frames,,,,,
4038877793a595571232,fork,Propping up blankets or makeshift structures,,,,,
77a8b59839185e3b0909,towel,Scraping paint off fingers,,,,,
f614c5fa8fb433fbc278,can,Marking lines on thin cardboard,,,,,
f805e8919b5f603e7c30,towel,Covering food,,,,,
b93e0e836c2c698546a4,fork,Pricking food before cooking,,,,,
44eb6f2caad260280cfe,fork,Serving as a hairpin,,,,,
ddeed807a643b35df9c9,can,Using as a toy for pets,,,,,
e11d7aab02df74d35988,fork,Turning off small electronics,,,,,
8cdf9ebeb5188140417c,towel,Touching up makeup,,,,,
da3b3443b58f585a9e50,towel,Hanging plants to let excess water drip off,,,,,
a8c97c54dac8146de323,book,Bird perch,,,,,
9fcc0f3c4bad22ea5299,towel,Cleaning contact lenses,,,,,
0395ebf3edddf1524a1d,book,Plant pot (temporarily),,,,,
6a32fe9620e577d95d63,fork,Creating bone china marks for detection,,,,,
ef0d4ef0d999e6038e84,book,"Elevation for furniture, like a stool",,,,,
260744b77a95eaf7ed4c,can,temporary sunscreen applicator,,,,,
217938718acbe449a68a,can,Rubbing polish into shoes for shine,,,,,
9a64c425d7d87ed8581d,can,Holding papers together,,,,,
29868b71a1fd9df7449c,fork,Serving as a straightener for bent wires,,,,,
042e445d05c400894063,book,Doorstop,,,,,
fd18cc5eee4654d58370,paperclip,"Securing small parts together, like toy pieces",,,,,
a00dbe86b7954cb47cc6,towel,Protecting surfaces when cutting food,,,,,
662c8e65ed3822db040d,fork,Opening pulled-tab cans,,,,,
c3caed06c378b201f828,fork,Holding papers together,,,,,
6b1049b640a35fad68a8,paperclip,Create DIY clips for hanging items,,,,,
ff323b1f55ec74c8b2a4,towel,Scrubbing mild corrosion off tools,,,,,
5d23ea91d9792be6019b,fork,Lever for prying,,,,,
57e3fc25160fc0965e81,towel,Drying dishes,,,,,
2e54e48c0cbfd845bcd5,fork,"Indicatingchoices, like pointing",,,,,
90b3f220503203889afd,can,Transportation for small items,,,,,
156d8f1ea1ca6c974c37,towel,"Cleaning a d涸... (Note: The last item was cut off due to a character limit, but it could continue the pattern, such as ""covering a plate to keep it warm"".)",,,,,
55a1df1eee64cf981fcd,can,Tactile sensory aid,,,,,
58d92b0a6a6b43ea4435,book,Toy for a pet dog,,,,,
b540f03f2022dc24a8c1,book,Paperweight for documents,,,,,
8521081d9b9873171cf9,paperclip,Opening packages or jars,,,,,
53a654cfb9f1538c9fc8,book,Doorstop,,,,,
d3244f8e6d15cd4b793f,towel,Air drying electronics,,,,,
b721c2b79ec302293d84,towel,Covering books to protect them,,,,,
02b088b555ce2534d179,fork,Extracting food particles from teeth,,,,,
cfb4ac87d1cdcdef292b,towel,Tying up vegetables while cooking,,,,,
b2a993b548283c5af3dd,fork,Fishing out small objects from food,,,,,
cb05e88174ca9b62cbff,fork,Cleaning small objects,,,,,
bca95b87ae84588a32e2,fork,Distancing oneself between people,,,,,
60d0afe44fd6f082415e,paperclip,Enhancing the grip on slippery objects,,,,,
8e18d6ca92c238228323,book,Paperweight,,,,,
8e821c9c22df506a9165,can,Cleaning tool for narrow spaces,,,,,
0f7f24a1133aac2f6fc1,paperclip,Create a simple paperweight,,,,,
0f9784f6fcc5187c556a,paperclip,Mark page corners,,,,,
fb7ad2907911958ee836,paperclip,Holding together signatures in contracts,,,,,
c4cc14975be3264cc94d,can,Marker for zlib archives,,,,,
2df55c5a64b95787bde3,fork,Tool for prying open objects,,,,,
bba077d9462b23e3091f,book,Brick for a garden path,,,,,
c0aaa80589dbe157f049,fork,Opening tight lids on jars,,,,,
624d69822497b750d340,book,Mug rest,,,,,
8ec8a05871248b8e0cc3,can,As a makeshift whistle,,,,,
c2ff4057eec90da35d79,can,Thrilled friend's birthday surprise,,,,,
247533280a8b224895a1,towel,Inspect screw sizes,,,,,
b65764b643a47822d667,can,Mixing cosmetic pastes,,,,,
ab1cd0ad9044e061b906,can,Fan for ventilation,,,,,
b5aa48271cfc134b8581,fork,Indicating turn signals while cycling,,,,,
c3acfcfc3a951a9e11a3,fork,Polishing metal surfaces,,,,,
28329cdca70c2e8fd5e8,paperclip,Toy part in simple crafts or games,,,,,
74546fd85e31895ee0ba,can,Bird feeder,,,,,
38d3cae34c2d0daa83e4,paperclip,Toy vehicle,,,,,
39a3bde0de1d81866c63,book,Firestarter,,,,,
e94eb455f6ffdcd3e909,book,Doorstop,,,,,
4f553ce1d66a9efc2611,towel,Wiping a bicycle chain after lubrication,,,,,
fdde0632feae29c84b81,can,Rolling up carpets or rugs,,,,,
f7e29aa608d27e669feb,towel,Plugging gaps under doors to keep out cold,,,,,
371a1db8828f444f46e8,paperclip,Decorate homemade greeting cards,,,,,
f3081f9e65c63e54e963,paperclip,Pinch small objects,,,,,
8dec5d76d5de150a1a3a,fork,To open stubborn lids on jars or containers,,,,,
591ae7a85e4deaaf5501,can,Folio for holding small items,,,,,
47ed64ae6625e3924404,fork,Fishing out small objects from grains,,,,,
10a280833341f9ae45c4,book,Weight to keep a dictionary open,,,,,
24ad2d12251bacfe1412,book,Keychain attachment,,,,,
1dfd9b21f8a6d98bc784,book,Writing material,,,,,
c4f6942ea102621d179a,fork,Moving heavy objects vertically,,,,,
6bdc3231507dba50d8cb,book,Paperweight,,,,,
a451d9fe5d82283b835b,paperclip,Making a simple paperclip chain for decoration,,,,,
c7a3ebd144338ed3e6b5,fork,Plugging small holes or openings,,,,,
e7a1bf2afa1cbfb07d35,towel,Pack personal belongings when moving,,,,,
36bef995d6f763d523f7,paperclip,Use in origami projects,,,,,
830671ff37686f6b74e3,fork,Creating small indentations in dough,,,,,
de31d967692e46a18083,book,Toy for a small child,,,,,
3193f30a7fcc2dbd76a8,can,Diving weight,,,,,
54da9a3c371db2f9d5a6,book,Blanket during relaxation,,,,,
75a273e40f48a909e187,paperclip,Fastening newspaper clippings,,,,,
920ed3b8789fcb515509,can,Using as a makeshift tent stake,,,,,
9d49e49b5a88b709b5e9,paperclip,Reinforcing corners on documents,,,,,
c526acdad54b4015cd05,paperclip,Securing paper in greeting cards,,,,,
4668992967d67167ff12,towel,Cover food to keep dust off,,,,,
121cf1c31995510fc3b0,paperclip,Poking holes in surfaces,,,,,
324560d53caa85ee73ef,paperclip,Anchoring papers together,,,,,
31227af7743cc3f17ef7,can,To symbolize canes for the visually impaired.,,,,,
dd981949233e0ff8f898,towel,Polishing furniture,,,,,
7f19bdfd821eefc9bb3a,book,Paperweight,,,,,
ff040d83252eadafce25,paperclip,Measure small gaps or spaces,,,,,
e237947947ec3a70f084,book,Musical instrument (when flicked),,,,,
f5ff19f32404c29a0f0e,book,Headrest on a long flight,,,,,
ac1f17a3180f62820e81,fork,Adjusting small buttons or switches,,,,,
705e22ef93f78fb74064,fork,Holding pages in books,,,,,
3e22015b07774112d0c2,paperclip,Adjusting loop size for crafts,,,,,
dc4709186ab2831b293f,can,Tool for reaching high places,,,,,
40ded9b961e780fcdd47,fork,Fishing lure holder。,,,,,
50e36bd1d818390ec8a6,book,Surface for writing,,,,,
9a61ffa09a7de510a3f4,fork,Opening tight jars,,,,,
b259c82e4ff4d19b71c3,paperclip,Marking page numbers,,,,,
c8c8bffc6cc871d9b9d0,paperclip,Hold papers together,,,,,
0feb1c4dd23ff5086df1,can,Marking surfaces as a makeshift ruler,,,,,
b0a50c68367d7bf881ed,fork,Simulating a scratching tool for furniture,,,,,
cfff40fa0056766a86cb,fork,Piercing through thin materials,,,,,
c2fea9b74d7824436065,towel,Serving as a makeshift bandage,,,,,
a4485df2510bf3e59d34,towel,Mopping small areas,,,,,
93b24cdb807779ecd588,can,Hammer,,,,,
ae8d66ad801fb19ebf21,book,Heavy object for pressing plants,,,,,
a7d9a8ed826260ded6cd,can,Marking distances,,,,,
544fcad1998860c60242,fork,Cutting small objects precisely with heat,,,,,
8514e159f9853f87017e,can,Hammer holder during craftsmanship,,,,,
752991e5b39e006f0b3f,book,Toy for a dog,,,,,
18e8cebf78e7f6c2d428,book,Firestarter,,,,,
6a83dd9c7db3db61ad67,can,Hitting soft targets for practice,,,,,
a4bb4ba3c32d59c7098a,towel,Cleaning eyeglasses,,,,,
398dae11ab0bc798b6c7,book,Filling spaces as decorative wall art,,,,,
d145151a68297e2a36f4,fork,Displaying small objects,,,,,
84be49194dabbf59dc81,book,Snow shovel for light clearing,,,,,
fe09373d5be23f9a999a,can,As a hammer for driving nails,,,,,
739a2cc46901c2fcee41,towel,Dusting furniture surfaces,,,,,
04f0361440f242a66dda,paperclip,Creating clips for binding smaller paper clippings,,,,,
74bc19c8084070c08d34,fork,Piercing boiled chestnuts,,,,,
adeaa8ec94940ebc781b,can,Emergency signal reflector in bright sunlight,,,,,
652bb09e0c2eb96f94ca,fork,Piercing food,,,,,
5857fdab3b611638b65f,can,Stabilizing furniture during transport,,,,,
6b78f7e97661b6e85fae,paperclip,Marking place in notebooks or books,,,,,
bc4c3981b79d4f5e30f5,paperclip,Label envelopes,,,,,
af70e64c6a2f8730bbed,book,Tool for opening jars with a lid that fits,,,,,
47e3553bf378b70ccda1,fork,Leveraging to remove lids from jam jars,,,,,
6fe30685b8bec64e3b2d,towel,Cooling down a hot mug,,,,,
1ad7464e52eee56c19dc,can,Clipboard stand,,,,,
b8fa37f380096c334def,fork,Fixing simple clothing issues like unraveling,,,,,
9b9afc52aee3fd97308c,fork,Marking pages in open books,,,,,
6ef34bd39b495b43ffec,paperclip,Clip together loose wires,,,,,
32bdc7b3dd5a33f8ee11,paperclip,Hold post-it notes in place,,,,,
055513bb0b68104ace25,paperclip,Acting as简易便签挂钩,,,,,
9c65ca2754e2ca2dc667,fork,Cleaning small holes or passages,,,,,
76e1717b2d57023cfdc1,towel,Insulate hot foods,,,,,
b473aa74eb120b92c304,towel,Cleaning shoes,,,,,
2e1e03e553543f9246b8,paperclip,Recording todo list items,,,,,
c3f134227850cb85c785,can,Shaking device for cocktail mixing,,,,,
9745044642f70a7541df,can,Jawbreaker for12-year-olds,,,,,
1880034959133044db41,paperclip,Looping through staples or other fasteners,,,,,
84e3a6c6cb319a036682,towel,Covering hands during painting,,,,,
1870a68e916e09f2d96f,fork,Detecting temperature by touch,,,,,
4f28b67a988d3a773622,fork,Holding papers together instead of a paperclip,,,,,
312de61f172104aa868a,towel,Drying hands after washing,,,,,
6b41e6ca58890de67197,towel,Absorb oil from dishes,,,,,
a5cf4d8fd94ca52d3a39,can,Equipment for performing can-juggling,,,,,
0926df5511368cf55d62,book,Decoration,,,,,
73b08d4e2675d42ea57a,towel,Polishing car surfaces,,,,,
9b4d003b1c6197e4adba,can,Signal for help,,,,,
4a27b5c88cac801c7ce5,can,Signal mirror,,,,,
8011dd1680fae8fdac0a,can,Serving as a decorative vase,,,,,
a35a402cac3fea0b2d93,towel,Polish scratched metal surfaces,,,,,
869befc466c8f5ada8c9,towel,Replacing bookmarks,,,,,
3a190a84c0e0a4594874,can,Pushing buttons on equipment,,,,,
584210dce3ffb635307d,can,Support for hanging plants,,,,,
6233462e3185a0bb288a,can,It for mashing soft foods,,,,,
50f723b3168f6931c431,towel,Cleaning windows,,,,,
8813d5197701412c0205,paperclip,Squeezing toothpaste or gel from tubes,,,,,
1096eeab0e077abb290e,book,Container for small objects,,,,,
c1cdf818aa6771f79f0c,towel,Scraping ice off car windows,,,,,
a95697a60a1f80c663ca,paperclip,Securing book pages during rough handling,,,,,
1d4309ab564b4c43e334,can,Instrument for opening jar lids,,,,,
3398d170cb7aad1aa326,can,Musical instrument in percussive music,,,,,
9da68b4f004abcf9a5d7,fork,Moving small objects,,,,,
3237a9b5c2d85d1f8dea,book,Bookmark,,,,,
b4506c84aefd2e18d28f,fork,Serving as a prop in storytelling,,,,,
33511cd93d6a85e62642,fork,Scraping dry ingredients from measuring cups,,,,,
511307df2dd3ccde7212,can,Serving as a stand for small objects,,,,,
d7285daca65accd0ae2c,towel,Polishing silverware,,,,,
8faf22eceef23c1e316e,book,Meal coaster,,,,,
40e71f43fd9121f0d50d,can,Serving as a makeshift pencil sharpener,,,,,
f4a61bd085f148eaed9e,book,Toy for infants,,,,,
75816115ac49e239b0ae,fork,Holding papers together instead of pins,,,,,
d6f7780f5b18d3d930f0,towel,Dusting off furniture,,,,,
77ad8055cdee26ac1afc,fork,Pricking vegetables to check if they are ripe,,,,,
749d3798822dac7cb263,can,Paperweight,,,,,
5f3e9b4756a648dae687,towel,Cleaning windows,,,,,
bd7a87f8e4ab2322abc4,towel,Cleaning makeup brushes,,,,,
f8a09f9a66544188122f,can,Planting small seeds,,,,,
5d2fbc75007923c77348,fork,Scraping food from plates,,,,,
226eddeff2ada36a4db0,towel,Wiping facial cream off hands,,,,,
db9e3fadf98c2d8e136c,paperclip,Keep office supplies organized,,,,,
9f33884fde9add0abda2,can,Decorating as a small sculpture,,,,,
73b16b5ef7b97fe0aebf,towel,Cleaning makeup brushes,,,,,
0db3fb8e35f32c80a7f9,can,Tool to tap objects gently,,,,,
4ba725d03cbfbc378940,fork,Opening bottle caps,,,,,
ef5030b0df6ca34dd35b,book,Kindling for starting a fire,,,,,
3ca0c9d3bd83fc46ccfa,fork,Piercing food,,,,,
09202ff4a29f5e7e0ff4,paperclip,Plugging small holes or gaps,,,,,
9a4a71b925f8694650a9,fork,Clearing nostrils when stuffy,,,,,
82bc071faa24e47220b9,can,Planting small seedlings,,,,,
9bd7e22ed63193f7015f,towel,Cleaning greasy fingers after eating fried food,,,,,
516c9d26491075389c90,book,Fire starter,,,,,
3665b113fdd0939568c5,fork,Spacing out seeds while planting,,,,,
20022b623e6626a0da6d,paperclip,Hold menu pages together,,,,,
571b3a4cc4610bfe7dbc,paperclip,Mark bookmarks in books,,,,,
e48820b18db938d07037,fork,Cleaning small electronic parts,,,,,
a3f018ce64f2e120ccff,can,Opening tight lids on jars,,,,,
a56a2c1257da4974df45,can,Cup holder for small beverages,,,,,
4703ba65e51af3b14eda,paperclip,Used in crafting and DIY projects,,,,,
45a8741c5b1f812f31de,fork,Straightening bent pins or needles,,,,,
4e09fdde3d569edf5ff0,paperclip,Connect items for gift wrapping,,,,,
71a89f5e034e67bae18a,towel,Cleaning dishes,,,,,
c9cdcbb17809e5c1130e,paperclip,Lock picking (very basic),,,,,
28c795bc8222c7e4b64a,towel,Polishing furniture,,,,,
1e19ae6bf05ed6801c0f,paperclip,Keep ribbons neatly spaced,,,,,
ae962476962da6333722,can,Produce offspring,,,,,
f1a747fbd18631b85745,can,For covering small holes or gaps.,,,,,
c3f122a9a7f03e8f6bbd,fork,Polishing small metal parts,,,,,
1212be02a02e7f33e393,can,Breaking up dried mucus or earwax,,,,,
644927dc80dd79404ab3,book,Book as a pencil sharpener,,,,,
46c9ae5d68efe68d07de,fork,Marking position at a table,,,,,
5651380c2a982c2139cb,fork,Valve core mock-up,,,,,
845772c4350937c45681,can,As a snake repellent during rattlesnake season,,,,,
bea199fe891cdb8122d2,paperclip,Measure small distances,,,,,
3b8633e4304a122cb00a,towel,Polishing silverware,,,,,
d2070ae6d5c395c7fcdc,can,Used to shake mixtures,,,,,
a94869f0ae348ffdae09,can,Soap dish in bathtubs,,,,,
e073d69c6b96339e7011,can,Guitar pick-up helper,,,,,
3abe38e08d79e6a15e45,fork,Small tray support,,,,,
941b1a5228e2d5e197ff,book,Plant holder,,,,,
989a129ca8fedfaf557a,book,Marker,,,,,
727dc050de186b5fe9a0,book,For striking a surface to make a noise,,,,,
f0e10ec296647363fe78,can,Temperature gauge in cooking,,,,,
42a6a8452219411deb29,paperclip,Fasten receipts for organization,,,,,
32ab49d1cc4a26cadcd5,towel,Cleaning windows,,,,,
7bc3ec89b7cc6cea73b7,towel,Emergency blindfold,,,,,
02928e6967dddb09bb40,fork,Piercing through stiff vegetables like artichokes,,,,,
7719df00421d84bca4b1,book,Toy,,,,,
6143bcf831022a397f00,book,Book as a tool for paper folding,,,,,
35676f7ee4e30c035f54,book,Toy for pets,,,,,
bba891bdcc203479f099,fork,Whittling small wooden items,,,,,
b538dff66287142c160a,paperclip,Creating a simple paper weight,,,,,
d128ed41568b5442d4f2,towel,Sweeping small messes,,,,,
217540c8e65d1aec2128,can,Planting a small seed inside to create a pot,,,,,
3c3cfcd919fbfbf945e3,paperclip,Temporarily join small parts,,,,,
add659bc9a02db734da6,paperclip,Creating simple origami shapes,,,,,
87c371020a8d51ad3eaf,paperclip,Creating simple origami objects,,,,,
5530938f35c3711fce4f,paperclip,Organizing thumbtacks,,,,,
f4997a8ec3113da3108b,book,Baseball bat,,,,,
4aafe21f6e769384b9e9,book,Weight for pinning papers,,,,,
972c8b4f8823d47965e2,fork,Holding paper while writing,,,,,
0c5d78ec531bcdd5a7bd,can,Marking pages in a book,,,,,
19b9335c019e91403976,paperclip,Securing notes to a document,,,,,
6a20b9457aaa30ee7439,paperclip,Connecting business cards in networking events,,,,,
818488a8a6154b954a68,book,Metaphor in literature,,,,,
f0c3e382ef9a772e9067,paperclip,Aim mimic sword in play,,,,,
78940be17e87c2ec7fd9,towel,Absorb oil from a clothing stain,,,,,
55d39ac8f83ecb7443b3,can,Hammer tacks into wood,,,,,
fc25cf915403ddbb17e3,can,Acting as a shuttle in yarn crafting,,,,,
e0fe04a85e40af832450,can,Marking boundaries on the ground,,,,,
de1cde166719171ff72d,book,Seat cushion,,,,,
bae1282dfc4e70f1d32b,can,Hiding a small object in its curved part,,,,,
f35fc6bd891c30e67072,fork,Serving small portions of food at the table,,,,,
ed9d80361e8f2eba6b63,book,Starting a small fire (caution needed),,,,,
4e8d1c84c34555592fc0,can,Temporary container for liquids,,,,,
f6ec3a44ca9415254836,book,Toy for a dog,,,,,
477eff3677cfa3d97dc6,can,For dusting surfaces gently,,,,,
99184e8da83d3616ceca,towel,Cooling down with on a hot day,,,,,
8e1211d49e63fc53a2a8,book,Weight for holding pages open,,,,,
4b75786f31744196be2a,fork,Removing splinters from fingers,,,,,
6656e546c13f41cce2f1,paperclip,Connect notes in margins,,,,,
eb7b1c546984230b6527,fork,Removing small hooks or fishhooks from fishing line,,,,,
b2d6742079231ab8b519,fork,Scraping marks off surfaces,,,,,
651d734b31f2a3b8875e,book,Seedling support,,,,,
78cc5509111551c0d5aa,can,Decorative vase,,,,,
e9b28aa9edb723748a56,towel,Removing lint from clothing,,,,,
50ac4c02c76af0a6ee36,fork,Holding small objects,,,,,
b763956c9a210142b4fb,book,Bookmark,,,,,
7145603a274a3f567830,paperclip,Making a simple paperweight,,,,,
4f2cc22ec3daf6d711b7,fork,Level for straight edges,,,,,
bf5b87878f4493606cc1,fork,Holding drinks to avoid hand contact.,,,,,
bbfebcc6566cad858708,book,Sound amplifier in a small room,,,,,
430e035562877c1581d5,paperclip,Decorate scrapbook pages,,,,,
6a961e6785ca48aa1c76,paperclip,Securing business cards in a presentation,,,,,
4df3200e56cd10c4ba6b,can,Tap code in Morse,,,,,
1014cab2903ca2103c40,paperclip,Marking the end of a roll of tape,,,,,
b007eb4e584d621ce975,paperclip,Create simple holders for small items,,,,,
667932384207fda3bff6,fork,Holding up picture frames,,,,,
246116b6df9cf9bc5a01,towel,Drying dishes,,,,,
b66a37f0b96d6c003166,paperclip,Creating paper clips for art projects,,,,,
7744b1fd2f87f0aca20a,fork,Serving oneself food during a formal dinner,,,,,
486879dd09fcec755fe3,can,Plant pot for small indoor plants,,,,,
0f4d8cb95348c6567eb0,book,Scribbling pad,,,,,
f69c64c06dde70e039e1,fork,Handling delicate food items during cooking or eating,,,,,
fd2df5ab77fa7780eb8b,paperclip,As a makeshift paper blade for origami,,,,,
ead3809c79d3e7728a46,fork,Making holes for hanging clothes,,,,,
3e8293af2e47a5eaa1a7,towel,Polishing a car,,,,,
c8da0d993674c3ee0258,fork,Fastening light pictures to walls,,,,,
eba7a4d481ac97c7de92,can,Serving as a temporary umbrella in light rain,,,,,
29075b992a9334102455,paperclip,Opening jars with a wide neck,,,,,
84699c79063a84c5c598,can,As a tool for prying open objects,,,,,
65e6307156decb91c462,towel,Covering hot food,,,,,
b023eff5f439c25f03b7,towel,Cleaning greasy hands after cooking,,,,,
de7d282259ce9949c401,can,Carried as an identity identifier,,,,,
0191e31b37492ed00a50,towel,Absorb dew from shoes,,,,,
aec74948f98b0efbf563,paperclip,Hold papers together,,,,,
ec0402f5bd56806fa1aa,towel,Sop up spills,,,,,
06daa498666cd944fd0b,paperclip,Attaching receipts,,,,,
f87b4bfe4f898ccb487e,fork,Ice extraction tool for ice cubes in glasses,,,,,
016fc7361d203f2751b1,fork,Opening tight lids on jars,,,,,
a5b0e983d47857f492d8,towel,Wiping hands during cooking,,,,,
d9b375850b2e77b4ecfc,towel,Protecting furniture during moves,,,,,
bb8dc5f28cc3130ef3d3,fork,Cleaning small electronic parts,,,,,
0f73dec4ac311b7a0b72,can,Insulating pot handles,,,,,
b5f1f750908d4208fc91,paperclip,Marking page numbers,,,,,
9f82c37fccc3700379a4,fork,Holding papers together,,,,,
a0b4a75d2a664e669e7e,paperclip,Measure small distances,,,,,
909aa19e150a8772f8f2,paperclip,Opening jar lids,,,,,
ce29e87d50f4634a2274,fork,Opening cardboard boxes,,,,,
bfe1bf84001dce1697f3,towel,Wiping hands,,,,,
1b3c5fa678500f49f84a,book,Creating a plant stand,,,,,
2f9049cd02b7f27018e7,book,Hammer for light tapping,,,,,
bd1ae8d2db199dfb3193,can,Marking heights on doors,,,,,
e731b5fac4efdd433f24,towel,Binding small packages,,,,,
9a7ce4730ec62cbbfb23,book,Book as a weapon,,,,,
a03ab3ab1e678dd50648,book,Stamp in passport,,,,,
00b27e4f456851b1e14e,can,Funnel for liquids,,,,,
7643e9f4bf79e55c86b3,paperclip,Marking the edge of pages for reference,,,,,
9379fbf1dcb632c075ea,can,Cut thin materials,,,,,
cc61190b7a3c9b5fd048,fork,Pressing buttons on electronic devices,,,,,
a3ce706073e23cfac02e,can,It to start small fires for warmth,,,,,
a3a2fa9c346d83b2babc,book,Doorstop,,,,,
2f79bb0e4b58a798546d,towel,Starting fires (small),,,,,
5ba9505e10ea8c34d2fd,fork,Punching holes in paper,,,,,
e7cc710c9dc88acea449,paperclip,Opening jars with metal lids,,,,,
23e02a604a14594151b6,can,Acting as a small hammer for nailing or pounding purposes,,,,,
55cb8b51937b99aed9a3,fork,Piercing food wrappers,,,,,
3c654dcc34cfde8bad3f,towel,Scattering under place settings for protection,,,,,
74cfd545673ff2f61cc6,fork,Spacing out deserter plates during setup,,,,,
05c1c8645ecffd3214d6,fork,As a makeshift钩子挂在棍子上帮助提升重物,,,,,
49436a4d583bd0588b01,paperclip,Bend into a small hook for fishing in paper models,,,,,
7055cdd2cd6e7d59b399,book,Tool for self-reflection,,,,,
b92adc357487bab5feeb,paperclip,Creating a pom-pom,,,,,
d2d989d0ba45f8e914d2,towel,Sheltering small pets from drafts,,,,,
d50d22fdc04425c626e8,fork,Fishing ice out of a drink,,,,,
e95abdc14cef0a581933,book,Fishing bobber,,,,,
e85dac86bff571b11b6b,towel,Polishing car exterior,,,,,
58a1da05d39bc709d265,can,Marking the spot in treasure hunt games,,,,,
81e3ad78f0479903527e,book,toy for pets,,,,,
c2f9ac685bd795ed9f2e,paperclip,Looping around plant stems to prevent birds from eating them,,,,,
832f29715802e1b9b56c,towel,Stabilizing heavy pots,,,,,
b56018169d97dc8948e7,can,To mark boundaries in a garden,,,,,
c51d97766605d7aa030b,paperclip,Creating makeshift bookmarks,,,,,
63de707b2b32a093756d,paperclip,Hold pages together in notebooks,,,,,
8bd6e7cf14c7bd1e15d0,fork,Dislodging nails,,,,,
2ca14fa2a8f7e3e9a6e5,can,Painter's brush cleaner,,,,,
3ebaa36260371dee851c,book,Doorstop,,,,,
3e6524cac55c9effec37,towel,Creating a temporary window seal,,,,,
af3c4635af114de900bd,towel,Drying off after a shower,,,,,
76de7f22df663db4eb3d,can,Used in crafts,,,,,
cfe7c004b4a6cc28afe2,fork,Piercing frozen foods,,,,,
e4bf87eea2d236e1dd7d,can,Container for holding smaller items,,,,,
85468fdeb8616a5920d9,fork,Cleaning small electrical contacts,,,,,
7cadfc5a15c41424c65e,can,To hold small objects,,,,,
faf7592f155745862c09,can,Lantern,,,,,
ceeb760ecdb0a20a0b5f,paperclip,Hold sheets of paper together,,,,,
57604a80610c3607c433,towel,Cleaning glasses,,,,,
5e339c6c159520d767b4,book,Doorstop,,,,,
4c71f2f4bc0915b3e7bf,can,Container for holding miscellaneous items,,,,,
f94f22d3353c1fc4afb5,can,Using as a paintbrush cleaner,,,,,
0fd6709dbd4725621731,paperclip,Temporary stand for small items,,,,,
d0f3f01ed2c979d1a56d,book,"Musical instrument, when struck or shaken",,,,,
1e0b627186252e21111e,fork,Flamethrower component,,,,,
2fd61c5ed362ff58061e,fork,Pricking food to check doneness,,,,,
4cd8ef05eff27241a3cf,can,Fan for cooling light loads,,,,,
6e29a6c71fc851c63faf,book,Hammer for nailing (soft nails only),,,,,
a7272b11483271a60b05,can,Weapon in self-defense,,,,,
9aa327e2be40c57f65a4,book,Conversation starter,,,,,
08f60b09c001c6ffeca3,paperclip,Marking the page of a book,,,,,
996ec5e3bf4c54776aac,book,Doorstop,,,,,
b8befe781f5927a63883,fork,Plastering mud to walls for wall repair,,,,,
1595f58b0ab66b83791b,can,Emergency signaling device,,,,,
6a96258de0ab55c98867,paperclip,Secure small items like staples in a kit,,,,,
2133fbb704193a21aa07,paperclip,As a toy or game piece,,,,,
8dfa2f721ca22ff9be6d,can,Whipping water from hair,,,,,
bcae17787f6cb3f01faf,towel,Protect hands when handling hot items.,,,,,
c6cc5ff1434e800fdb30,can,Picture frame,,,,,
bb6d340ccc9c263101c0,can,Support for plants during growth.,,,,,
3e1c56b81527ad978270,can,Sun visor,,,,,
19ef13afbbd3a4f3c630,can,Fishing bobber,,,,,
e5784ae5235726dc6d06,towel,Cleaning mirrors,,,,,
f647c35cfb9594631225,book,Serving as a doorstop when necessary,,,,,
2fd8e52623a7bbc4d61d,towel,Wiping hands dry,,,,,
a7506b040a7337af5e85,fork,Polishing small metal objects,,,,,
47b8bb3fb700a890a09f,towel,Polishing shoes,,,,,
7d00069d2521476776a3,fork,Plugging small holes,,,,,
891b0916de1dbccdcf4c,towel,Wiping a bicycle chain after oiling,,,,,
3eaf6458083c20d1feb6,can,Generating a confined space for trapping small animals,,,,,
b4d18a7b85d519c72941,can,Throwing in a simulation of frisbee games,,,,,
d437da3b44786755ef6d,book,Nightlight,,,,,
9d7c3f60d07fa854ba8a,book,Paperweight,,,,,
4cd0646c866eb7991efb,can,Thruster for small model rockets,,,,,
2be061ef93db62009c65,fork,Piercing through soft materials,,,,,
61611534267c8f38496c,paperclip,Securely fasten small objects,,,,,
241ab46497ec07928c66,fork,Marking pages in books while reading,,,,,
13a2b01ed7797ae75f15,can,Pepper grinder,,,,,
a733a4cb23b073f6fa47,fork,Spreading butter on toast,,,,,
6ee776d84a54db5ef6fe,fork,Improvised needle threader,,,,,
4f460f0b987db34b49a6,can,Defending against light blows,,,,,
e62b5e77baca7d8a8778,fork,Unjamming buttons on clothing,,,,,
1c7a851f6f520289e20e,paperclip,Adjusting the gap in scissors,,,,,
1fe83d1b70bd94a25b92,towel,Plugging small leaks in vessels,,,,,
dd6e06e4eae42329a272,towel,Cleaning electronic screens,,,,,
4af135d3b606128a9841,can,Trestle for holding up fabric,,,,,
8e8e76795e7dfc9fb733,fork,Platform for small plants,,,,,
dde0eb14972e0f2c9472,book,Magnetic holder for notes and drawings,,,,,
941c3e4fefeed07af86f,can,Throwing in a game of catch,,,,,
5f6dccd581df4a031608,towel,Dusting bookshelves and other surfaces,,,,,
330dcb4d4f1e35922e90,paperclip,Holding pages together in a folder,,,,,
37dc2582ec3c3e1094e9,fork,Opening packages,,,,,
bb7ad4c760286bc39e74,fork,Holding pages of a book,,,,,
429575e5fa0a4d24b3ac,fork,Marking parchment or fabric,,,,,
23ed1e7e8b46a1b73230,book,To mark pages in a magazine,,,,,
376f28a8997891ac122f,book,Frisbee,,,,,
2ef721b8701d54042fdc,fork,Spreading butter on bread,,,,,
e0a28c5703e881942db9,fork,Holding pages in books open while reading,,,,,
8f689e452f901ea2557c,paperclip,Hanging plant labels,,,,,
e1121cc3d42621ed902f,book,Firestarter,,,,,
e58b1ceb5956f3c1db8e,towel,Protecting skin from abrasion,,,,,
830d308875033f46b9c0,can,Hammer strike target,,,,,
5c235be520b0f7f9e77c,can,Seat for a pet bird,,,,,
05fac7287bbebc3f9e3a,towel,Absorbing ink spills on paper,,,,,
c13391f4c5b9a3ce865e,book,Rendition material for a punching bag,,,,,
764d5d4ae0968186d8cd,paperclip,Open stuck cabinet doors,,,,,
90f4ff93b4d1b31b9638,can,Bookmark for heavy books,,,,,
eecfdbd6c390e30e694c,can,For bashing objects in card games.,,,,,
70eb0d20687c91357536,can,Support for small plants,,,,,
0a4a1e1e763f24dbde7a,fork,Opening jars,,,,,
1aa880a798251acd799d,towel,Blocking drafts,,,,,
5653e41a7a85809bb704,fork,Adjusting small pieces of clothing,,,,,
1b2758989f1ed4a011a8,fork,Measuring shallow distances,,,,,
3f57f09d7254cdfd3b0a,paperclip,Making simple jewelry clasps,,,,,
66a5054ac4a1aa168184,fork,Create small sculptures.,,,,,
4b7254d070cd7ae56ea9,towel,Removing makeup,,,,,
7747aab683035815bb39,book,Plant label,,,,,
cda57aa64769b49cef59,can,To relieve ear pressure during flight,,,,,
bac73e1b9b0377dddb80,towel,Thawing frozen foods,,,,,
fecd36c7e2c5f4cfbd67,can,In storytelling as a prop representing different objects,,,,,
8d4ca714e3f7395f9500,towel,Scrubbing dishes,,,,,
64408c46f257d6c357fe,can,Use as a lever for heavy lifting,,,,,
2272cfb75bda8f0636c2,can,As a makeshift level,,,,,
e68e1a0940df763fe09c,towel,Drying hands under running water,,,,,
fdef6cc0f876a6d06b17,can,To put small objects in during a craft project,,,,,
70aca6d0a2b02eae7ad3,can,Serving as a knocker on doors,,,,,
8f79f1b8f74b3fe8be26,towel,Protecting hands while cooking,,,,,
b91965b4b80a47e68f13,fork,As a small weapon for defense,,,,,
781702b11ded53634fb3,can,Signal device for attracting attention,,,,,
bf996068950d761f51be,can,Fishbowl for small aquatic pets,,,,,
68a27d1f27b749bde862,towel,Polishing objects,,,,,
cd934a8007c75a5c16ac,fork,Serving as a makeshift paperweight,,,,,
22b4408dd047eda82340,can,Acting as a prop for support,,,,,
551cbe6e44e8618da288,book,Upholstery stuffing,,,,,
40f379d6aa9b8aaaf058,can,For knocking on doors instead of a knocker.,,,,,
00d1ddf75ac3fc0d1259,can,As a weapon in a pinch,,,,,
ad7c2397fd8fcbb22bfe,fork,Spreading frosting on cake,,,,,
38724ee9dee97f4c96c2,towel,Cleaning glasses and mirrors,,,,,
e36b5a1db51300f7d3a0,book,Beverage coaster,,,,,
36b6377dc2ee9f2706f3,can,Cap for a small container,,,,,
1da315a216ed5ad409d9,paperclip,Fashioning简易耳环,,,,,
f27e3643dcb4e404eaec,can,For opening jars,,,,,
0d71e41c5127efdde2f6,can,Noisemaker by shaking,,,,,
d6d6fef0dd9b0557382d,paperclip,Fix small items in place for greeting cards,,,,,
6b605bb3a38f8ea778a6,fork,Edging small objects in a display,,,,,
cdc3e238f80642856f2c,fork,Scraping paint,,,,,
31668a7c4929afdb3f42,book,Bookmark for magazine subscriptions,,,,,
e55dee89babdf84aac4b,book,Doorstop,,,,,
6b1dac00cfe135be6a21,paperclip,Securing notes to documents,,,,,
17c94f9f31df756052d4,towel,Venting moisture from electronics,,,,,
f6e8ad0d14e658f7c173,paperclip,作为装饰品,,,,,
485dad44d6f313ccd4ce,book,Frisbee,,,,,
1aae24439d15300b2ed1,book,Fishing weight,,,,,
69bf650854cb05ce665a,book,Signal mirror when pages are aligned,,,,,
8e5f8d4745285f5071e0,book,Fan,,,,,
35c59528c0035266348e,towel,Cleaning shoes,,,,,
5eb312856a6418780600,book,Marking pages in another book,,,,,
193fac7fa7ac9bd8441b,towel,Starting fires (in fireplaces or for starting small campfires),,,,,
af32cf7e312f392ce56e,towel,Emergency escape window破开工具,,,,,
9123686c18099e7a99af,paperclip,Hold together tickets or receipts,,,,,
ea2fff43621d327cada3,fork,Opening tight lids on small jars,,,,,
c3ec02d8a2bda5211a4e,fork,Scratching an itch on the hand,,,,,
e32182b9b568300f39a1,can,In barbecuing as a skewer,,,,,
b12073cc0541e65631ef,can,Using the round shape for aligning objects in photography,,,,,
c89a12250ee71c47f487,fork,Stirring candles or melting substances in shallow containers,,,,,
0172d0c026cc515e03ef,paperclip,"Together with a magnet, for note retention",,,,,
de0f21e24108259c1346,book,Toy for children to practice turning pages,,,,,
93544d71e4f663321d11,book,Door stop,,,,,
f64ba998279094e90532,can,Container for quick-drying food,,,,,
3738588a1718873101ee,book,Sound insulator,,,,,
c458ddbefe32a90cc6a9,towel,Cover a hot plate,,,,,
7ef085294ba17aeccf94,paperclip,Making small weights for model balloons or origami,,,,,
0eec5988eed4eb5d6e7c,paperclip,Mark place in a book,,,,,
d54a4a79bcaadf3dd79e,paperclip,Bridging small gaps in models,,,,,
ecaefc09dca09303d6ab,paperclip,Holding pages together in a binder,,,,,
bdce9af50565f3172b05,fork,Holding small items while packing a bag,,,,,
f150cc8a02b7634a8b4a,book,Weight,,,,,
ddbeb8ef3d4d53964a76,book,Bedtime security object,,,,,
e94922df2ed7944feba5,book,Weight for keeping fabric flat,,,,,
e99efed6c7a299232eb9,fork,Cutting hardened clay or wax,,,,,
d509e467bd97e82fa41b,can,Hairbrush,,,,,
a0eee52ad599842d9759,paperclip,Bind emails together in a digital folder,,,,,
5af74cdb3856bc8e3f88,paperclip,Adjusting tension in DIY string phone projects,,,,,
985e6c5bbdfbc6ee0256,can,Hammering in tent stakes or nails,,,,,
6f142c17b09c772dc64f,paperclip,Paperclip picture frames,,,,,
23c3ac649fe93955ad49,towel,Creating a makeshift leash,,,,,
77af6bbd155d7d1ffbc5,towel,Serving as a fashion accessory,,,,,
cb905d9ccbc3f64fef8f,fork,Holding food to stir,,,,,
01b4b01f328d06605816,can,As a makeshift scoop,,,,,
4d45f4e25e48a98c2989,paperclip,Constructing basic paper crafts,,,,,
5dec7f6fdf1a8cd36504,can,Loosening stuck bolts,,,,,
f6f2a8e76afc15626813,fork,Making noise during meditative practices.,,,,,
89d695758d9198b4f43b,paperclip,Holding together coupons or receipts,,,,,
64d79682ae42f8406b00,towel,"Scratch pad for minor writing, doodling",,,,,
a196110fa97a7b7bc2ec,book,Heavy object for pressing flowers,,,,,
8149f32e12778f5d599c,fork,Creating patterns with candles,,,,,
4740cd27b0e0e506bf0b,paperclip,Testing paper strength,,,,,
85a406c6020b1f7425a3,book,Ruler for straight lines,,,,,
56e8ad5dea8469b32015,fork,Opening threaded caps on containers,,,,,
0686087bf80fbb2199cf,book,Books can be stacked and used as spacers under furniture legs.,,,,,
5493078bff32706bb4eb,can,As a temporary shield,,,,,
65417899d9d58803f646,towel,Cleaning a lens,,,,,
7b37a34fbc6b770bb0d3,book,Fire starter,,,,,
adcdb802d5b41eb5f45f,paperclip,Fix small items like hairpins,,,,,
2c75f742250db69f6cc3,paperclip,Hanging small items on a brass wire,,,,,
fef2a8c6f376846f3867,towel,Cleaning glasses,,,,,
36c3c9e4cc7fdf540845,towel,Wiping sensor lenses,,,,,
264408a5f5850da8d8fb,can,Storing small electronic components like USBs or chargers,,,,,
c61a934cb3164738e2f2,book,Surface for writing notes,,,,,
8733730eeac0f517a14d,paperclip,Create origami figures,,,,,
bcf8988ff2f31a6a0dc5,paperclip,Secure list items,,,,,
3cb3f3f9958136fccff7,book,Doorstop,,,,,
9f106a751afbbb62ead1,towel,Absorbing spilled liquids on the floor,,,,,
27987f2bf5deb3ec5f42,towel,Filtering tea leaves when brewing tea,,,,,
60bd2901fcd18e7a70fe,paperclip,Holography and optics in DIY experiments,,,,,
0d27f59fa132aa332a7b,can,Musical instrument in marimba bands,,,,,
a44271745342f1a7ed96,can,Insignia holder for belt or necklace.,,,,,
3b96ab4346cd960a0db1,fork,Mixing ingredients in a bowl,,,,,
cc1e2bc4a5c2b69b9d44,towel,Wiping counters,,,,,
96f02c2dd0929ff7d141,can,Employing it to fan a fire,,,,,
85d7e2830b962a9c6eca,book,Tool for self-defense,,,,,
2b4ced06cd4a6b35b043,can,To prop up something heavy,,,,,
68bd2be18ac537f85157,fork,Scribbling on soft surfaces,,,,,
6470e4c4dbfe2a60878e,can,To play toss games with during a picnic,,,,,
a95aa74d8ff64dae9fb2,can,For improvised weaponry,,,,,
e3339fa1915e41eec115,fork,Cleaning small objects,,,,,
1af8523763a05d5e7b80,book,Weight,,,,,
0a20663530209d5f8a54,towel,Remove excess water from surfaces,,,,,
4f85ea1beb69d65e4c79,towel,Wiping windows,,,,,
7577e54bb3c20fcbb604,can,To prop up furniture,,,,,
ffc46858ca1fa1508409,book,As a temporary pencil holder,,,,,
06bbbeeeb1fe9727dfaf,book,Toy for pets,,,,,
059a78333a0509208361,paperclip,Tying together small parts for storage,,,,,
be981e57c4365b90f3cc,can,Liquid container,,,,,
afa4298f592d2a28be65,paperclip,Clipping small objects together,,,,,
de781c18a6d726caf473,paperclip,Marking bookmarks,,,,,
e06534b9d5f0d9d29811,paperclip,Fastening ticket stubs together,,,,,
1d4fbbc5ce7840ee6bca,towel,Dusting off objects,,,,,
ac2b6d46c75a78b6fa5c,book,Toy for infants,,,,,
89ba5bb7d8d8d913dc15,paperclip,Holding sheets of paper together,,,,,
3e8c74fb8bbd68412fb9,towel,Cleaning keyboards,,,,,
1ffd27a4ecb7ea1bce65,book,Book for writing notes,,,,,
60c1e5789c95d29a73d6,book,Ice pack,,,,,
cf61cb535ea803bf17af,towel,Rehabilitating minor injuries by stopping bleeding,,,,,
047ba15a336995e37847,fork,作为临时止血工具,,,,,
a891247a376828400033,book,Pulse oximeter holder,,,,,
663b2c755e02d5892c8f,towel,Mopping small areas,,,,,
001899cdf534afecf409,fork,Opening small cardboard boxes,,,,,
869a822dc8e508c219e2,fork,Creating air gaps in clay projects,,,,,
4a1a446c6096d035ac1b,paperclip,Drawer organizer,,,,,
6c524fe2ce29e909b3bd,can,Prop up a seamstress dummy,,,,,
9d2c3054567fe7b8cc03,fork,Wringing out small lengths of cloth,,,,,
cfd2ec357cfa7fb139d1,can,To mix small quantities of dough or clay,,,,,
59265065ce04941d180d,fork,Unpicking clothing,,,,,
be49868b935437912f2b,can,Hanging plants,,,,,
d6590bdd815c5925e4aa,towel,Pad fragile items during moving,,,,,
88a1eb867465897ed40e,can,Indenting metal,,,,,
47d913c30eb781a88094,book,Fishing weight,,,,,
ee6644935ca1a155d088,paperclip,Folding into makeshift earrings or accessories,,,,,
6b85670af3f80f5d2f9b,can,Brush cleaner for paint brushes,,,,,
f257d35da5d942624914,paperclip,Tool for removing small objects from holes,,,,,
bfbae368b027ded44652,towel,Scrubbing mild stains from pans,,,,,
31ebda53a8310daacc96,towel,Polishing furniture,,,,,
aebe4e059e6468219526,towel,Padding light packages,,,,,
316056420ab01c5751a9,towel,Absorbing sweat,,,,,
f677c96e576435d8a8d6,can,Banging on as a makeshift signal device.,,,,,
19a3a934030e2e0ca0bf,book,Doorstop,,,,,
14f264f65be8577998f5,paperclip,Anchoring price tags to items,,,,,
d8864dcec3318f694cc1,book,In bookbinding crafts,,,,,
77949d474cec91bc3a5c,book,Book for sketching or drawing,,,,,
e9a8fb81e627e99f498c,book,Level for basic construction,,,,,
8b35aedfc542fadff06d,towel,Squeezing excess water from damp items,,,,,
8ebf585d284425e2b6db,towel,Plugging leaks,,,,,
16cd77867d4eb99f489e,paperclip,Reinforcing envelopes for mailing heavier items,,,,,
03259c573958a1a725ec,towel,Polishing surfaces,,,,,
ae7ad1925b29c854b2d2,fork,Disturbing pets seeking attention,,,,,
b9e76a82d5ef888f03c1,fork,Creating decorative holes in wood or cloth,,,,,
29244cae38f8ee731695,paperclip,Hold coupons together,,,,,
c09ba877e06ce31a1b1e,towel,Stabilizing plants during repotting,,,,,
93162a071c28f4a8e5d2,paperclip,Creating small paper weights for standing on edges,,,,,
ad403df7b65e30fa35f8,towel,Cover food while camping,,,,,
7311cc9d593c27c42493,towel,Polishing glasses,,,,,
64ecfbbbbc5bd3215ae1,paperclip,Fashioning small clips for headbands or hair accessories,,,,,
aee21731ae7a8b4cae98,paperclip,Securing loose receipts or tickets,,,,,
ef6fa4e281780af4d1af,can,As a makeshift boat oar,,,,,
392856be549d2969e684,book,Doorstop when books are stacked,,,,,
f08b952f2a160ef096a6,paperclip,Attach a small note to a document,,,,,
ea3173b8c3561664d926,book,Paperweight,,,,,
5e2a5519cc075ea32ee3,can,Writing instrument holder,,,,,
c09558d711e774036134,towel,Cleaning glasses,,,,,
de32794b5c94f04485e2,paperclip,Holding envelopes closed for addressed labels,,,,,
6218b57f0ccc214b7c8a,paperclip,Attach tags to items,,,,,
724f9e2411866bb96678,fork,Opening tight jars,,,,,
125655e1b1be7663a12b,fork,Holding pages in books while turning them,,,,,
d342ac5680ca420ff73a,book,Weight to press flowers,,,,,
8cc22c64e201f3c8acbf,can,Plant pot,,,,,
5289e11f504d6a5480e7,towel,Cleaning and reshaping small plastic parts,,,,,
dd9414dabe576a17a76f,towel,Cleaning keyboards,,,,,
8bf3fa7f9a3b522e907e,paperclip,Opening jars with rubber seals,,,,,
865c20c18dd0ae54603b,paperclip,Securing documents in binders,,,,,
6a34c782cb37e2265c64,book,Emergency kindling,,,,,
b39abeedb2ee4c0776b6,fork,Indicating choices in multiple-choice questions,,,,,
0bc121019b5c219d6b89,fork,Straightening small wires,,,,,
9f40e50c3fc59c8c7337,fork,Scraping marks from vinyl records,,,,,
18256118dde2d1befcbc,can,Lid for makeshift food containers,,,,,
da8515a6138a20575827,paperclip,Marking page numbers or margins,,,,,
4973fc1ded2923174a34,book,Door stop,,,,,
6aa039ca4810133f97a2,fork,Holding pages in books while reading,,,,,
5dca33042c42fc4c57de,towel,Cleaning electronic screens,,,,,
0997f5ce0fd7a735b1cf,can,Hang it to mark a property boundary,,,,,
47a2fe83fd5a7c463d38,towel,Polishing silverware,,,,,
f749371397876ccca5ca,fork,Marking straight lines on wood or cardboard,,,,,
3f4887310709e89c09fd,can,Hammering stakes into the ground,,,,,
8c0eb5d85614f073e0a3,book,Skate trick道具,,,,,
b385737a814932ddbff1,fork,To straighten bent wires or nails,,,,,
9ffc6980ca2ec3b0b32c,paperclip,Holding together coupon cutouts,,,,,
1fe566848306d343dfa8,towel,Absorbing墨水 stains from clothing,,,,,
22975700c070ab9aee34,paperclip,Making a basic paperclip chain as a decoration,,,,,
3ea5262d43277fab6054,fork,Holding glasses for polishing,,,,,
76673014a5a5489b1d4c,book,Supporting a tent on a campsite,,,,,
1092c991617dd153ba35,book,Paperweight,,,,,
55c6b026dc84211e15c6,book,Padding under furniture,,,,,
f5b3d6614a6a78f48b9f,book,Bat,,,,,
f301dc16d29337d0d869,can,Weapons in martial arts,,,,,
d8d504d6f65ca9e4f2bd,towel,Stabilizing fragile items during transport,,,,,
b2805c498d9de25bb0ea,can,Used to shield newly planted bulbs,,,,,
a33cfaaa5a6e7d2531ba,fork,Opening jars,,,,,
8b90c8c87bfa74f14882,book,Weight for a window curtain,,,,,
02ef0a524aff9f14e2da,can,Opening tightly sealed containers,,,,,
0e1c4b648ddbe90e4442,book,Doorstop,,,,,
3610ac496629fe0a85bd,book,Musical instrument (rapping),,,,,
5fbefc94f474280c58ed,fork,Small bird perch,,,,,
5d60fa8b874aac411e53,book,Paperweight,,,,,
92f3f812db0dc5f9bdab,towel,Wiping furniture,,,,,
13c52e33b5132120dce1,paperclip,Use as a simple paper weights for envelopes,,,,,
2cb8ec6caa13df87593f,paperclip,Creating paper loops for hanging,,,,,
dc92613ff24f0e8d36e1,paperclip,Straightening bent pins,,,,,
1d1e1f1013525772334e,book,For striking a match if it's made of paper,,,,,
2fa633f5a6af7d7a028a,can,Handle for homemade sandals,,,,,
f74d7da6a99c15808855,paperclip,Marking page numbers,,,,,
6ec4151472f16953b4a6,fork,Creating small raised beds for herbs,,,,,
257b59d6e899400ff2c7,can,Storing screws or small hardware,,,,,
114048d1664775a3a3cb,towel,Cleaning bicycle chains,,,,,
665d3a80c98c4fc618b7,can,As a container for drawing implements,,,,,
fa787b6b67edc684b7c6,can,Tapping plants to release sap,,,,,
2006df2c7cb87ca284bd,book,For marking pages in other books,,,,,
7111a3ac650ab55a63ad,can,To beat dough for bread,,,,,
c87af6f301e362e4fbbe,fork,Indicating turn signals when biking,,,,,
9c80b44b54ba709c7185,towel,Scooping sand at the beach,,,,,
cc266fa542f5018bbb75,can,Beverage coaster,,,,,
bfa529bf4a2ce067efc0,fork,To mix soil for gardening or mulch,,,,,
72adfa9182e30c9e6e6d,can,As a weight in a kite,,,,,
e33f9c2eaab2c8cb9fa9,book,Firestarter,,,,,
d0872d2be660f4e26307,towel,Rolling out pasta dough,,,,,
a99d9dd537a19a727275,towel,Holding onto wet hands,,,,,
c88e7ec984844873749d,paperclip,Attach documents to a board,,,,,
1ffaf22415deee89a4c0,fork,Poking holes in cardboard for paper crafts,,,,,
9c0bf828220430647d10,can,Hammer for driving pins,,,,,
a2c18696b17b2e0bd279,book,Sound amplifier,,,,,
b4365129dde1e57f9266,paperclip,Connecting notes to a calendar,,,,,
a03e3f78850aa725cad3,paperclip,Hair distractor for keeping hair out of work,,,,,
eafa56ebd3b7d39e0668,can,Craft template,,,,,
d8c4b569817a08cb78a5,paperclip,Creating a small weight for DIY projects,,,,,
ad2e57e1d9d4c35d8eb2,paperclip,Concealing small valuables in envelopes,,,,,
4644743cbe6755781d41,paperclip,Secure business cards,,,,,
1dfc0368fa3510beee0d,can,As a decorative item.,,,,,
4b4b20703cbe034b5c94,book,Cleaning aid for windows,,,,,
d7d194bcf109175039d6,book,weapon for self-defense,,,,,
d8eb317f30b97258465d,towel,Wiping feet before entering,,,,,
fed8c2781eafbcccc876,paperclip,Adjusting head orientation on floppy discs,,,,,
db1bed8388e37734561e,towel,Scrubbing cooking utensils,,,,,
c2ed8b57e001ba83f59b,paperclip,Hold pages together in a binder,,,,,
ffa773c25a6f9585b7a3,paperclip,Hangers for small jewelry items,,,,,
fa04ac74c78005c2dd8f,book,Surface for placing jewelry or small trinkets,,,,,
7aaa31e2da50672e192e,paperclip,Small food container label,,,,,
4d145ca60d5f8e957141,book,Book for kindling,,,,,
5db2825ad81b7f2b184c,can,Acting as a tool for holding objects together temporarily,,,,,
244b762530b5c89d6cc9,paperclip,Hold papers together,,,,,
6de60cb495a7afd7243e,book,Doorstop,,,,,
30ae515d1b46ce2410be,paperclip,Holding pages together in a makeshift binder,,,,,
733ea5192364d043d645,fork,制作手工冰块模,,,,,
621ad34bdb93ac252f04,towel,Absorbing spills,,,,,
41f576ba92b841c3776e,can,Hammering aid when object is too small.,,,,,
0457fda81f0f8669e459,book,Plant pot,,,,,
9b35e37a80248aa3a0c0,can,Fishing weights,,,,,
43afdb63d46bdc828f04,book,Stamp holder,,,,,
1239b0a80614e23e94a3,can,Secret compartment lid,,,,,
e44aca55e67864250062,book,Doorstop,,,,,
175409a7dd62b210af77,towel,Marking spots on glass or ceramic surfaces,,,,,
72f5427a3023e519ff39,towel,Drying dishes quickly,,,,,
dfadc224cd95e4c1120f,fork,Removing small stickers or labels,,,,,
75ca36a5c26c645b4924,can,Holding up posters,,,,,
98287a557a24470ce931,fork,Emergency small tool for prying open packaging,,,,,
58ec24b384ffc04846a6,book,Gaming token,,,,,
444dcc0f5889b3324e02,can,Support for small plants,,,,,
4eac883e84edf3139e1d,fork,Temporarily securing small items,,,,,
449da86fcd6f228421a6,book,Paperweight on desk,,,,,
5ee6869e481b9ac8135e,paperclip,Weighting down documents,,,,,
43dd9ab47c5aa4d97906,towel,Dabbing tears,,,,,
70c2d850735494a2e9f0,can,Holder for a single plant,,,,,
50a8a7e0816c2c90d916,can,Tapping to indicate a beat or rhythm,,,,,
ce594a6e31a404263af3,paperclip,Serving as a simple paperweight,,,,,
de90e2a4a11925cd9173,paperclip,Marking pages in books,,,,,
c74dca39fd922b9e9acc,paperclip,Anchoring small objects to书面材料,,,,,
00a87c0f8289a52d90fc,book,Toy for small pets,,,,,
26bd6bb67cb9b829d3d6,towel,Wiping mud from shoes,,,,,
456721835bbb76c1ed84,fork,Temporarily immobilizing insects,,,,,
a7f565c21ffd419f5148,book,Container for small objects,,,,,
9163f8c039882e75eb02,can,Shape for ice trays.,,,,,
5a8df88965ad553875c6,fork,Holding glasses flat during transport,,,,,
2579ab4d491788750e8c,paperclip,Binding booklets or small flyers,,,,,
b12e0fc2cb81a2ed68ed,can,Supporting the base of a tent,,,,,
156f49a52b03d380faab,towel,Covering hot dishes,,,,,
f0465d6ccc6ffe903525,paperclip,Creating a paper clip art profile,,,,,
82ea17e07cd8002aa21b,paperclip,Creating a decorative link in a chain,,,,,
acdc9d07c6b862486d62,towel,Scrubbing surfaces like countertops or sinks,,,,,
33766f1382bbc8f8f590,can,Opening tight jars,,,,,
8495ff18c831a0ef6a30,can,Can to cover the end of a broom handle,,,,,
c9b7b0ad6ce91c42c088,paperclip,In bookmarks,,,,,
92722b77bb3620ab3620,can,Serving as a straight edge for trimming paper edges,,,,,
bc0c5feb5728debf259d,fork,Plugging small holes or gaps,,,,,
2ff193d1c78360ae16be,paperclip,Hanging small items with string,,,,,
fce26aba1541c7d0e9b2,fork,Holding glasses steady,,,,,
0ec60290ff283bd94ea5,paperclip,Keep loose threads from unravelling,,,,,
543d701f2e9ccbdd25dd,fork,Opening lids of jars,,,,,
8e1e5792c544556d0c8b,fork,Piercing food to check if it's fully cooked,,,,,
d8047600f59a4523fdaa,paperclip,Indicating items for specific attention,,,,,
e2c10f37e7995dbf8767,can,Can as a drawing stencil,,,,,
5476b47aca2f9878fd33,book,Doorstop,,,,,
6d2b1eb8ee90ff9b31f1,paperclip,Mark bookmarks in open books,,,,,
a1c4f0fc05ec561ebe60,fork,Guiding small objects into slots or openings,,,,,
010273bcfb0201c760be,book,Toy for pets,,,,,
ee7bfbe6f8ea2b7c88f9,book,Book as a paperweight,,,,,
7647b43c802789f1b447,paperclip,Attach tags to items,,,,,
b0380ff658c6e47c1a24,book,Bookmark,,,,,
d45aac4a57c3d112c88f,book,Toy,,,,,
65290ec750fccd8dbc9a,book,Stamp album,,,,,
44fd9c49bc81e021bad4,towel,Scooping small objects,,,,,
5ef27c22fcff5797be5b,towel,Wiping hands after washing them,,,,,
41ab3532998834e2de49,towel,Creating a temporary make-shift bandage,,,,,
a7e3722b3cba29edcad4,paperclip,Holding flag pins on community boards,,,,,
35c28f10e503a9608aec,towel,Cleaning makeup brushes,,,,,
a69f49cad3d0f91f3a94,paperclip,Frosting spatula for cakes,,,,,
5640afcc28016b877c5e,towel,Polishing shoes,,,,,
0fbcbf177b673aa94570,towel,Sounding an alarm by shaking,,,,,
56a9395ac5d81128031a,can,Leaning on while tying shoelaces,,,,,
2581cfa763306623f907,can,To hold paper clips,,,,,
be6efe7bc2f72ff35348,can,As a stand for small objects needing display,,,,,
17379a7f49eda8fe701c,fork,Opening jars,,,,,
4eeeeb8ff6c56c64c7a9,book,Door stopper,,,,,
1f40a25e9b7f997b2fdd,can,Insulating hot surfaces,,,,,
387c7702296bc7bcd52c,paperclip,Fixing a dropped earring,,,,,
4ce88aa6bef7d8abdb5a,can,To open tight jars or containers,,,,,
f2fb029ad6689a4afa91,fork,Fishing in shallow waters,,,,,
6be95728b2d043597843,paperclip,Adding a crafty element to handmade greeting cards,,,,,
6c71e59ff02d5a63f33c,towel,Cleaning makeup brushes,,,,,
7e51f24aeb82d33f4691,can,For digging small holes,,,,,
f9f55b4d99d48e02b4f0,can,Bridle holder,,,,,
8ca6b0544a43326edfdb,can,As a hammer for light tapping,,,,,
0b187b32a6faec6663ed,towel,Dusting surfaces,,,,,
e171e4e0e52ef30ace3b,fork,Skimming surface water,,,,,
3db46b8e8f01fde58b8d,towel,Starting a small fire,,,,,
821326cb7a2a86d735da,paperclip,Trimming *&$@ parts in mechanical repairs,,,,,
7a0d1c21fbfe53dc06e5,book,Fishing lure,,,,,
03844291073175db71e3,paperclip,Holding a group of small parts together,,,,,
da65fecb4bb1f466ce17,towel,Wringing out excess water,,,,,
c710d370623f20f12618,can,Fishing bobber,,,,,
7ba30a6cfbd360333e88,towel,Wrapping small items,,,,,
b7cc1ce95bc1ccb971ff,paperclip,Keeping rings on spiral notebooks,,,,,
bc8a07cf0f0665df0a80,can,Beating snow from clothes,,,,,
8e14168dafa7e6f4eb0c,can,Holding screws or nails temporarily,,,,,
926e287511ff9fdf330d,book,Seat cushion,,,,,
0b568265ed51ce1be946,can,In crafting natural sponges,,,,,
86ac514872a28c397c6e,paperclip,Magnetic holder for notes with paperclip magnets,,,,,
574546b6137054911607,fork,Dislodge stuck food from utensils,,,,,
3ce04329a6dd1c1ec3d1,paperclip,Hiding small valuables,,,,,
464070118225627b4a1e,book,Bridge across small gaps,,,,,
070747eade1707d972a2,fork,Creating patterns on ice for home decor,,,,,
4ad82a2ec243825f4ee1,fork,Straightening pins,,,,,
396262087729642cb80a,towel,Dog leash,,,,,
20bd77fa6c78cf358929,fork,清理键盘或其他小型电子设备上的灰尘,,,,,
7625a0a351ba47026e26,paperclip,Create a paperclip chain as a desktop ornament,,,,,
1ed9c527581653c8337b,fork,Cleaning small crevices,,,,,
baae39291d500bd618f4,fork,Spreading peanut butter on bread,,,,,
f036a94eb0f9e9fcac55,book,Throwing as a projectile (for distance),,,,,
1092e66240f6603a369c,book,Sound resonator for amplifying voice,,,,,
c2ef1b2ff61b01b2e0ab,can,Use as a pointer,,,,,
e983c2035af5996eaf3b,paperclip,Making simple paper clips for small notebooks,,,,,
ec45c329f0ebbe20ebe5,fork,Open flame igniter,,,,,
4f33e188895e3c1727b6,book,Ingredient in compost,,,,,
584352865a82dc858ac6,can,Defending against insects,,,,,
0e247aebf8a7d1e7a423,towel,Polishing car headlights,,,,,
9336eb22a268ae15b87c,paperclip,Hanging plant markers in a garden,,,,,
0aa31deda20eb4635c7a,towel,Controlling small amount of bleeding,,,,,
0deed91a2ead92215f52,towel,As a makeshift bandage,,,,,
490044ca182e76f3343c,can,Temporary shoe holder,,,,,
4d5e009d3a685d7e5276,paperclip,Attach labels to items,,,,,
2e4ebc5615b879fb9a17,towel,Absorbing sweat during exercise,,,,,
2b150971a71e73e9b9e6,book,Door prop to hold a door open or closed.,,,,,
fbbb68d2b35210ea8d9c,can,打开一些粘性的包装,,,,,
a5d45464ec67fd0c90c5,fork,Organizing small items in drawers,,,,,
7aceebfcb0f0ec301fd6,towel,Polishing glasses and lenses,,,,,
7045919ee22aee9375cc,book,Fish bait,,,,,
654c81a982a5f9ceab7e,towel,Creating a simple handle for small tools,,,,,
01704fd9776e5fefc28f,can,Holding small items temporarily,,,,,
e480509873ccbc524b59,paperclip,Attach labels,,,,,
03883eb11895f8588852,towel,Dusting furniture,,,,,
fbfaacf300a5f0f9c0d4,paperclip,Opening jars with a slotted cap,,,,,
ea5b2980a4c356377a84,can,Holding small items,,,,,
4379a6db1c455f3f2116,can,Storage for small tools and hardware,,,,,
ef975566bc66bb432db2,paperclip,Secure receipts in a folder,,,,,
348b0b8ed0c368475b59,paperclip,Creating paper loops for hanging,,,,,
94ca2386fb0843d6966b,book,Fish bait,,,,,
5bbafae9565b6ea0acef,fork,Opening letter locks,,,,,
75b8c4e12ea3191018d7,paperclip,Mark book pages,,,,,
2349c1cf5a2a8b348deb,paperclip,Mark pinhole locations for crafting projects,,,,,
8da6a968e553c8de28cb,book,Baseball,,,,,
023ee2c181c45ab3c786,can,Hammering in small nails,,,,,
33e02b838a1806d316d1,fork,Pricking vegetables to speed up cooking,,,,,
091f8be9d51300674d8c,can,Adaptor for uneven door handles,,,,,
ca8327c2f61aa5c278e9,book,A pillow for naps,,,,,
650d5b8ee4705cabea1f,paperclip,Keeping ribbons or strings in place,,,,,
0d43fbc7347632a4b52f,book,Rattle to draw attention,,,,,
d5a8f697241b4ac50c9a,paperclip,Connect magnetic parts,,,,,
cb9c57686e2123b0b74d,can,Item for physical exercise,,,,,
d1fe134f09f2903afd16,paperclip,Secure clothing tags in place,,,,,
43e238e55923e8c39046,fork,Assisting in play as a musical instrument,,,,,
b2e0292da3642dee6eff,paperclip,Create a makeshift paperweight,,,,,
f5710a34b4888c1ea095,fork,Piercing food,,,,,
773ace50617502f93297,can,Plant stake,,,,,
2cd8e63487c5c318bb78,towel,Cleaning computer screens,,,,,
1677b93cc51547aace9a,paperclip,Serving as a makeshift paperweight,,,,,
5f9911e0d42f5028f9a5,book,Pendulum,,,,,
393f07bf21485adf7be1,fork,Scraping paint off hard surfaces,,,,,
a6fc3a51b701ff79dd67,book,Ink well,,,,,
c0d49ba18bb4ed29df9e,towel,Starting a small fire for warmth,,,,,
921496de67bf053ebba6,towel,Absorbing sweat during exercise.,,,,,
8c9dcfbf7faf2096fd67,can,In craft projects for storage or decoration.,,,,,
fcd2313addfaef8f7cb7,can,Nametag holder at conferences,,,,,
b0823db89f62d02591a4,fork,Holding food steady for cutting.,,,,,
f8e4d453ab01c1388cdb,can,Eco-friendly trash bin,,,,,
ea34c8a740936aa1691f,book,Emblem holder,,,,,
f704b6fb889bb5c7c546,paperclip,Connect buttons for clothing,,,,,
db8a6dcc5ba97bf3bf19,fork,Tapping out phone numbers on old-fashioned phones,,,,,
0568f089e98e0e45b16e,paperclip,Marking items for easy identification,,,,,
eccc1e43e401a2ca264a,book,Fish bait,,,,,
fde296b25b01d41111ce,towel,Wringing out water,,,,,
4e0557ebf8cd35588c81,paperclip,Marking page numbers,,,,,
2927700ff1ed56f4e060,towel,Wiping camera lenses,,,,,
ae85e4a4af1226d4d49f,towel,Placing under hot dishes to prevent tablecloth damage,,,,,
646751132e9349870443,towel,Dust removal,,,,,
82a3ba559e8d798b604a,fork,Prying open sticky lids,,,,,
ebc4963560fe4dd396ac,can,Organizing small buttons or beads,,,,,
7be7294d5236e6207179,towel,Wiping feet on entry,,,,,
be2855d57125c1c4e679,can,For swinging on while climbing,,,,,
13463a9d671afa7b7840,fork,Holding paper in place for cutting,,,,,
1dc329044098bbb048b6,can,As a container for small items,,,,,
ae57109f90e587cf7093,paperclip,Strain cooking soda filters,,,,,
28e60193c5cdde10a534,book,Toy for infants,,,,,
b167000aa60bce9bd575,paperclip,Create small weights,,,,,
b13752815bc8010bfcf4,towel,Absorbing spills,,,,,
ac5522f1df9f6f6282a5,can,Employed in fishing for holding bait,,,,,
1051ef765b33752203b0,paperclip,Fasten business cards to notes,,,,,
7b5db7d849771643a9c6,book,Puppet holder,,,,,
5b82105e719b1a805179,towel,Cooking a small amount of vegetables,,,,,
125f6c4de094200aefe4,can,Support for plants during growth.,,,,,
473fe178a110288d2faf,can,As a tool for leverage in tightening bolts,,,,,
2024fa53ae4ad668bf92,fork,Cleaning small electronic components,,,,,
3d94de02c015a12d4490,book,Firestarter,,,,,
7980f84e882f76ae13a8,paperclip,Attach a note to mail,,,,,
45aa6e26e4a04b758237,paperclip,Knotting strings,,,,,
bccdad81288c6fb1a7da,paperclip,Attach survey responses to data sheets,,,,,
e433c9dc614e9051dfdd,fork,Polishing small metal objects,,,,,
58fc6ad37e0110ed6571,fork,Creating a scratching noise to alert someone,,,,,
db4ee7bb0e4344a4a5ad,can,Toy for pets,,,,,
572fe30709744c488b09,paperclip,Marking pinholes for sewing through multiple layers,,,,,
b92e2c062b07a01e7eea,paperclip,Hold items in place during assembly,,,,,
ed583b6dc9640d6dd9cc,paperclip,Holding pages together in a stack,,,,,
7fc891626a64f3afec45,can,Vessel for carrying beverages,,,,,
bbf1de2d3c61454f4029,book,Paperweight,,,,,
e231e1528cbb25a1bc81,book,Bookmark,,,,,
7d40e5032184ab210164,book,"支架或支撑物 (Note: This translates to ""Frame or support"")",,,,,
1f303cd178e25112eda6,fork,Marking pages in books for quick reference.,,,,,
0465c15803fbcfd4d89c,book,Weight,,,,,
c3fa6ad5cad2a36db9e3,fork,Used in musical instruments like the填写完毕,,,,,
98e4aa12b140d2726607,towel,Drying a pet after a bath,,,,,
184a30a057b68486a6fb,can,Tapping plants to serve as a walking stick,,,,,
395019daafe97aba36f4,book,Paperweight,,,,,
f6a3886f4dcf76db04f8,fork,Pointing at things,,,,,
950ec20e83779203d18b,can,Pacing while on a phone call,,,,,
7b2ef2830c05c0267bc0,towel,Wiping surfaces,,,,,
3394eabe77ee4307d255,towel,Cleaning makeup brushes,,,,,
8012378b6686a8ae9326,fork,Weighing down fabric,,,,,
e6131ca8230c9cc42172,paperclip,Keep cards organized in a wallet,,,,,
7141fd4feda4bb7d604f,book,Bookmark,,,,,
c7057ff77ba14fc34ddf,book,Bookmark,,,,,
5846b4b65d09f1ea6397,book,Practicing calligraphy or drawing,,,,,
922e5e827e7c564b8c7f,book,Doorstopper,,,,,
714c48446da6ff4ae8f4,paperclip,Use as a paper sorter divider,,,,,
0fb951eea8a6c398ab75,paperclip,Sliding under corners of loose papers,,,,,
0c3b7eb2837159238990,paperclip,Magnetic surface marker,,,,,
a983a41d37357d237a47,towel,Wiping electronic screens,,,,,
9ed5cd7daf733ce8d917,can,As a weapon (in self-defense),,,,,
cc13f79ac362bf349d9f,towel,Wiping dirty dishes,,,,,
e04cace65c8b694b908a,paperclip,Creating gates for signatures,,,,,
7702eeb97715dea1e9e2,book,Bowling ball (in a pinch),,,,,
75998a7a4e627a817cf7,can,Knocking on doors,,,,,
c29591761966a7f4d3f8,book,Toy for pets,,,,,
bea4ba4b643aab452ba1,paperclip,Hanging items with a clothespin modified,,,,,
7e6c191be071c51eb5ed,fork,Marking places on tables,,,,,
df34e8f4bc4560d29371,book,Marker,,,,,
abda1d0c083e24cbf4f1,can,Tool for opening jars,,,,,
3e64e80fbfb193a5a142,book,Bookmark,,,,,
a9158d0da849b8b05ae2,can,Toy for pets,,,,,
662cd0384b438283f5f0,can,To serve as a toy for pets.,,,,,
26ce7430036e9bc9f62f,book,Bracelet or necklace pendant,,,,,
a8a80af40317b456aa0c,paperclip,Serve as a simple craft material for modular origami,,,,,
16f15dbb5439785fd88b,book,Bookend,,,,,
70f59e019892111ad417,towel,Wrapping hot items,,,,,
8485c181283244e6ec54,towel,Dusting surfaces,,,,,
1e3326ba6cb4ba8095a7,fork,Piercing food to check doneness,,,,,
785d8a36437e1546eb84,fork,Tapping节奏计时工具,,,,,
2066ee14f8700a0b3ca3,fork,Sensing temperature of hot surfaces,,,,,
905769e30de14f632006,paperclip,As a paperweight,,,,,
5ab1774b432a1cf144e3,can,Signal initiator for emergency use,,,,,
6c6773c1f7e7de84e8cc,book,Baseball bat (for small books),,,,,
6171e78e6fa7496d19af,fork,Opening tight jars,,,,,
c8325515cc132e75e84f,towel,Protecting clothing when sitting on wet surfaces,,,,,
bf2152b46d508df08d1a,towel,Wiping a table,,,,,
7d329dc846a86b5b9bc9,towel,Snuffing out small fires,,,,,
44759e3312d817253ba7,can,Adaptor for different-sized containers,,,,,
d921bc7e9550acb07d73,fork,Creating small indentations in clay,,,,,
28f1f773eae0f567e0ba,fork,Flat surface for labeling items,,,,,
76ae011b86e16362e129,book,To pad a rocky seat on a camping trip,,,,,
7ef93a0b3bd15a899f7c,can,Tossing coins for fortune telling,,,,,
0b6f1af5002ce5974e5d,book,Fan,,,,,
f6d56647f288a9609c73,towel,Polishing jewelry,,,,,
86afcf24d905f7cf74e2,paperclip,Organize bookmarks,,,,,
3d7c9994da6e2b463220,fork,Spreading butter on bread,,,,,
b209896195d43d31ed0a,paperclip,Mark bookmarks in a book,,,,,
f9c3216830225b0ecd71,paperclip,Reinforcing corners of folded paper crafts,,,,,
20d82dc57bdceaca378a,can,As a marker in games like gin rummy,,,,,
232ac8e9c7b0185a2932,towel,Helping fish dry after bathing,,,,,
cf106868831b81af5fef,paperclip,Holding sheets of paper together,,,,,
5683498f576f23d40ba5,can,Cigarette extender,,,,,
4805308a60c8e47bb79d,towel,Polishing silverware,,,,,
5729b86cb2d809957c8e,paperclip,Hold pages together in a notebook.,,,,,
a6b51751a9f0c7fbcea8,can,Shield in a board game,,,,,
bbe7538258f8c92ab8c5,fork,Serving as a improvised musical instrument,,,,,
fc23ed9bb4524fdc3844,fork,Temporarily fixing loose book pages,,,,,
dc0aa3a59fedc2605407,fork,Escaping from insects,,,,,
a43f5461ba927049178e,towel,Fold and use as a coaster,,,,,
c195b4ad1129b6b058cb,fork,Holding wires or small components while working,,,,,
891b156633e9c41c55e2,can,紧急求救器具,,,,,
39973290d93e23e233dc,book,Book to tap on as a knock,,,,,
b23c38119f712fdb8a7c,can,用来敲打物品,,,,,
dee3851141393995cf95,paperclip,Holding paper together,,,,,
6dd0aff091eeb3208c8f,book,Paperweight,,,,,
bb9d11d5a61cc5bb2847,fork,Moving light objects like beads or small hardware,,,,,
4caa584fb37f9b838435,towel,Removing soap scum from shower tiles,,,,,
12cb2a8710358cc45038,book,Garden trellis,,,,,
989364078c106ff5413b,paperclip,Creating hair ties,,,,,
9b8979f28b06cdc54733,book,Cricket bat,,,,,
0974119f5ff0ab7ea086,can,Stabilizer for leaned-over furniture,,,,,
0ba888c780532c3c3e65,book,To shield items from dust in storage,,,,,
bfd50bdafe5c1c1d8648,towel,Cleaning hands in a pinch,,,,,
cc15de8bb5a43060a23d,book,Door opener for tight spaces,,,,,
824a7f0e49f5a6325ef9,book,Paperweight,,,,,
a266954c3f2bf637c094,can,As a pencil holder,,,,,
ef46d47836aaa408ab43,fork,Making scratching sounds for emphasis,,,,,
19519e7c3e4e65f0cb86,paperclip,Creating paper clips art,,,,,
a5d25c7d79a36cb18f36,fork,Cleaning out small holes,,,,,
7014ed35e92209591bf9,fork,Scraping paint from walls,,,,,
debe6423bad57df577b0,can,Cleaning keys,,,,,
6307f8d1e3ee53c4638e,towel,Covering eyes during naps,,,,,
f240e3f6e81dcc1ea667,can,It to store small garden tools,,,,,
111249acdbda2c169d20,paperclip,Creating paper weights,,,,,
550cd39721e5a77412a4,can,Camouflaging small electronic devices,,,,,
45b05fca3aedcd2d7636,towel,Polishing jewelry surfaces,,,,,
fc2a0f9023692978e92d,book,Toy for dogs,,,,,
ce5b943ad81da5763a00,fork,Opening packages,,,,,
4f852c429136ac981532,book,Fire starter,,,,,
3b688a2c955c524996ae,can,Tool for pressing out juice,,,,,
5fa925a6b3dc1b39c4e5,can,Defending oneself in a pinch,,,,,
8a452082f4e400843230,can,Portable umbrella stand,,,,,
491dc5c150ffc1c649d5,book,Book for bookmarking pages,,,,,
b312377f1d7a3088ca3e,can,As a makeshift hat during a costume emergency,,,,,
9632c3a787a7137ef063,towel,Cleaning dishes,,,,,
d2c81eae4b7755c17de5,paperclip,Keep small papers together,,,,,
0d3cb48c86b972d68127,towel,Stuffing for small projects,,,,,
269a1bdc553829442440,paperclip,Securing strands of hair,,,,,
53af2083c1058edcc657,fork,Cleaning battery contacts,,,,,
36ca1bc7288b85742be1,book,Bricks for a garden path,,,,,
c4385ce7cae56f403379,book,Doorstop,,,,,
8796569626f9d686003e,paperclip,Bookmarking pages in a book,,,,,
14aa1f34096e2b28368f,paperclip,Loop it as a simple earring,,,,,
aa3ff8d518f1776eefbe,paperclip,Fashioning简易夹子,,,,,
2abb368c3f56b984aa6d,towel,"Soothing sunburns with a cool, damp towel",,,,,
06c9da1ebf083e54885b,book,Hammer handle,,,,,
ed900918143ef760675d,book,Paperweight,,,,,
c022749ee1fc1a5a8d78,paperclip,Marking spots on fabric for cutting,,,,,
9188376b20dc21790e6e,book,Bridge between two books,,,,,
736cf01b3fd66b416f1e,fork,Cleaning small cracks,,,,,
b1dc2e6e0640c3dfdf52,paperclip,Organizing desk drawers,,,,,
458f2264feca735d6c74,towel,Soothing bug bites,,,,,
bfe3f5f7e6824c8922a1,book,Weapon in a pinch,,,,,
98e9efd5e8eab05595cd,paperclip,Marking pages in bound books where reading markers aren't safe,,,,,
b5bd84ada6705c66c45c,can,Yoga block,,,,,
9920b31f558d8d0e0585,paperclip,Creating weights for fabric projects,,,,,
24ff6b932201a791eaf2,towel,Rubbing dirt from hands,,,,,
899efe974d476e0d85fc,can,Musical instrument for percussion,,,,,
15b00d1f5ff03996a063,fork,Pry open stiff containers,,,,,
ae01c9c8c358eae77e25,can,Hold papers together,,,,,
8149620af70da084ad6b,can,Use as a musical percussion instrument,,,,,
429a11afcaf775e6a6d5,paperclip,Marking the bottom of a stack of papers,,,,,
290441086a214506cae0,fork,Marking spots while camping or marking stakes,,,,,
3c360578e74faed80c58,paperclip,Creating paper fasteners,,,,,
4d2158af9bb6230cfe3a,paperclip,Creating a homemade paperclip lock,,,,,
1e0566fadc6b2c1013fd,book,Marking pages in magazines,,,,,
78ff597cc076d90e73ae,paperclip,Divider for keeping tabs straight in files,,,,,
3056e155736474b64c9f,paperclip,Magnetic board accessory,,,,,
eb8bb35fd3bde9638d50,towel,Fanning yourself to stay cool,,,,,
663a3592e9bb77136862,book,Surface for small objects,,,,,
83cef0b7156dffc17eb0,fork,Scratchy tool to remove fuzz or fluff,,,,,
c68f6ebdddd21d61653e,fork,Cleaning small parts or PCB boards,,,,,
f34812c9e6f1b46454fd,book,Decorative item for bookshelves,,,,,
d7f7ddd12a629cc0e33f,book,Toy for infants,,,,,
2ab5df335a1d6fa24834,paperclip,Humming or whistling a note,,,,,
492a1753918731fad677,fork,Opening tight jars,,,,,
05e4ba74801b3412980a,book,Door stop,,,,,
33443357c2e69d6cae85,book,Magnet holder when hung properly,,,,,
2491976e072d7b914f54,fork,Making scratch marks on furniture to mark territory (humorously),,,,,
d6a1a019aa21a8f6b2d6,paperclip,Organizing thumbtacks,,,,,
78dbab4d77a9a35daed7,paperclip,Secure a note to a document,,,,,
7fdd4d3c90759c109986,book,Trivet for warming beverages,,,,,
1f747e5ff660c5700f00,can,Shield for self-defense,,,,,
20fa8b3910b1d9a8003c,fork,Separating thin layers of paper,,,,,
453d830df5c0d037bc54,paperclip,Enhance grip on slippery objects,,,,,
c62a5ed0d37479651a2a,book,Paint mixer,,,,,
e2da3625b653e4637732,can,Can for holding small objects,,,,,
f55a7fd5d18c627174af,can,Stuffing a pillow,,,,,
4122db7dd8033064fb6f,towel,Absorbing spills on countertops,,,,,
b87ff3c1dea605c39770,towel,Dusting books,,,,,
e01cf351ed6aaddca2c6,fork,Opening jars,,,,,
f55a2a91cd84c1cbc4e0,towel,Balancing a potted plant on a newspaper,,,,,
892d625eaee92462cba6,can,Lifting heavy objects temporarily,,,,,
8724a8f05ed7b55a617b,can,Fan propeller,,,,,
f74d138ddb454b3cffac,fork,Polishing small metal surfaces,,,,,
7428b4e20d29b242006c,fork,Teasing out knots in knitting yarn,,,,,
20d691f583f971f067a6,book,Baseball,,,,,
b79d569f3a60cd57b59b,can,Cap a bottle,,,,,
92d560c2350874e7817f,book,Decoration for bookshelves,,,,,
1111c4d1fecdb56180f9,fork,Scraping marks from records,,,,,
7323340826c65de56288,towel,Clean electronic screens,,,,,
2e17eff7fd9dec26a8a9,can,For ventilation shafts,,,,,
537cff25602f308d9e5e,can,Dagger,,,,,
99d56fa91abefdb8cc14,fork,Holding food while cutting,,,,,
d5b1d55142ec3ae0a801,paperclip,Holding pages together in a stack,,,,,
e31c8a341f99d4a26c5a,towel,Placing under hot food to keep surfaces clean,,,,,
6479141fa8a18a95053d,can,Resting the forearm,,,,,
55104f457aa8eedce57e,book,Level for a shelf,,,,,
6aa794ba8c137256d0d0,paperclip,Bookmark pages in books,,,,,
b8677b0913e13502236d,paperclip,Securing ribbons or bookmarks,,,,,
b21dcfab59f3abb52d96,fork,Cleaning small gaps or crevices,,,,,
0db7089ba126cbc32de6,book,Emergency signal device,,,,,
64a59e0dbc090cf0df89,fork,Kneading clay or dough lightly,,,,,
31ed297837e977e09a67,paperclip,Temporarily attach labels on electronics,,,,,
790c589eebfd700242d7,towel,Hiding small objects,,,,,
49882058aded855ee986,book,Decoration on a coffee table,,,,,
23946a73af8ef929545b,book,Scrap paper holder,,,,,
9e2763cf9b7c6b86a83e,can,Support for a small plant,,,,,
fbcd6af40783194eeff3,book,Seat cushion,,,,,
f63510ddd0f59242110b,can,Bird feeder,,,,,
3ad7e8439067f88fedf7,can,Minecraft redstone clock component,,,,,
52bf038de7460af4b939,book,Musical instrument (when shaped and played appropriately),,,,,
6208e149291af398581c,paperclip,Fastening envelopes during mailing,,,,,
84561c298012f5dd4e7f,fork,Playing simple musical tunes,,,,,
0605dd9a0d6af4d4f3a4,can,Stirring drinks,,,,,
ad791d418dce97d74234,fork,Prying open objects or containers,,,,,
9bdfd4d5c89dc9dbe27c,towel,Drying pets after bathing,,,,,
0c07b5859734d4144b16,paperclip,As a small weight,,,,,
aa208c455a9126c1ecdc,book,Calendar,,,,,
f0bc1019e7dbda0ef3c5,paperclip,Straighten bent wire or paper,,,,,
4cdf42d7ecf800e75e1c,fork,Uncoiling long strings,,,,,
0fa1b21faa87aae824db,book,Toy for a pet dog,,,,,
f38b17491dd2922d4493,paperclip,Mark places in books,,,,,
f320805fc78aa28812ea,paperclip,Keep pages together in a notebook,,,,,
762a98a0151be813e98f,can,Planting seeds for small gardens,,,,,
0664e89898d66396cb62,fork,Opening tight jars or containers,,,,,
a05b9a84cc8b35c2eb22,book,Weight to hold down newspaper,,,,,
146f35ce4024143b5190,book,Making a temporary boat,,,,,
de00f6c90e4b0e29d148,fork,Scraping tool for hard-to-reach areas,,,,,
eba9ef9c20208b2e4590,fork,Opening packaging by cutting seals,,,,,
3fcfcfc8fb263382ebb0,fork,Fishing out small objects from crevices,,,,,
3a07f15d84a364da86c0,book,Paperweight,,,,,
fd01385f251eabdad933,book,Gate or barrier,,,,,
12f2328184b788cb4fab,towel,Starting fires,,,,,
d379929e73b5423d7924,fork,Separating threads while hand-tying projects.,,,,,
fe1bc91b48e9b88eb537,book,Book covers can provide a surface for engraving or painting.,,,,,
2cf9038661b7670ebdbb,book,Fishing weight,,,,,
437407400523e1570bdd,book,Shield from sunlight,,,,,
52ce681a1de53f6b8f55,book,Paperweight,,,,,
1cbc06be72dfa76df3fc,paperclip,Organizing desk items,,,,,
02cd32eb620b6f0dbdfd,fork,Marking small books or documents,,,,,
152fa0b3a68114957113,can,For holding dominos in a game,,,,,
2536261dc55db4562636,paperclip,Meter out small amounts of liquid,,,,,
3c3c1f5b405d4d38a567,towel,Gripping tools during exercise,,,,,
d437e19ba93e8cd62ab3,fork,T alphabetic letter aid in etching.,,,,,
6a408365c5a86dd3a858,book,Musical instrument in percussion bands,,,,,
e5254a30c8d36edebbaf,can,Asthetic decoration,,,,,
ce54d4fbadc9c5ca4c22,paperclip,Indicating items for attention in memos,,,,,
67a2880a023dbef3999a,fork,Opening tight jars or bottles,,,,,
f5780075d29aa207fac3,book,Paperweight,,,,,
812e4a1fa65ce76e17d4,fork,Pierce balloons or similar soft objects,,,,,
d522fdb6499eed378d4d,fork,Digging small holes in soft materials,,,,,
0e6db83ddffceda846a7,can,Plaything for pets,,,,,
b9b0708686dcd1b41cb1,can,Shield to protect from minor splashes,,,,,
0a793f3295e42809569a,towel,Absorbing condensation from containers,,,,,
271ccd80adb8306fbfe1,paperclip,Hold together pins or needles,,,,,
d6b84518f469ec4b6c98,can,Tool rest for working with wood or metal.,,,,,
c02c549b5d8bb247f1fa,fork,Opening stuck zippers,,,,,
bf94c1ca39cdfea57fb8,towel,Cleaning glasses and mirrors,,,,,
bcf0e8d724d0fc7a915d,book,Use as a bookmark for magazine stands,,,,,
2e03ce61e892fc94e6ae,can,As a container for holding liquids,,,,,
fafd38fb30e1203c2882,paperclip,Ear cleaner by straightening and using it to gently clean earwax,,,,,
c9bd9e5ab05ba3e3cc05,can,Hammering nails (when needed for temporary fixing),,,,,
bd1d2acc48cf896aebc0,fork,Using as a clothes hanger for small items,,,,,
6e0a336e317dc4320bdd,paperclip,Attach small notes to documents,,,,,
f95a169ef68b08170fcc,paperclip,Attaching labels to objects,,,,,
677161f481d189e42cd8,book,Bookmark,,,,,
17b17462b0cdecb49bac,towel,Placing under plants for drainage,,,,,
45dd4d58a2fd4a5605bf,book,Doorstop,,,,,
a1078d88a8d798c4dc12,book,Fan for arranging flowers,,,,,
6d97b0593e2c6c8f99a9,towel,Binding轻物,,,,,
47f5d00d71d8a731f09f,can,Container for carrying sandwiches or snacks,,,,,
a569ab55af14dce89a41,fork,Opening tight jars,,,,,
b3432c79b3d23f33b46e,paperclip,Opening a stuck drawer,,,,,
6a2f32f3bbfa2ef74d6e,fork,Moving plants from one pot to another,,,,,
d1f30c1819ddd7a16836,fork,Exfoliating skin with a homemade scrub technique,,,,,
0814f1f215be966c3133,fork,Pipe for smoking devices,,,,,
8b331241396d8f66426f,can,Portable seat while camping,,,,,
e6be51917f2afb733bea,fork,Cleaning small parts,,,,,
4a0a31d0737c4721c5b2,towel,Wiping feet,,,,,
69ef1cba3a610ffe4583,fork,Cleaning small spaces like corner edges,,,,,
704ad481c34d275f0d49,paperclip,Placing under fragile items as protection,,,,,
65a019587944e8435a0b,towel,Absorbing spills on the countertop,,,,,
4b6ee68e854f991fa5ba,fork,Opening loose jar lids,,,,,
b7513b621d29004ca467,can,Snowonestly a snow shovel,,,,,
a9c96df404199cf35a8c,can,Temporary planter,,,,,
f6031fbe33477d56d819,fork,Holding place settings at a formal dinner,,,,,
dc2592a90336eec6ed63,towel,Staining wood or fabric,,,,,
c0f4b58fc31ab0339ca7,paperclip,Hanging light items like keys or sunglasses,,,,,
7db4bfc6c2d525591992,book,Walking stick,,,,,
0e014d7506ef6a46516d,paperclip,Strain liquids from herbs in cooking,,,,,
3a1633a38eea6b4f073b,towel,Serving as a scrunchie for hair,,,,,
2c57e6dd56208f9f4262,fork,Piercing food,,,,,
575a957a11fa7f13cee4,paperclip,Hold together pins or needles,,,,,
395c835cce3f828f4f33,towel,Wrapped around a steak for serving,,,,,
507c08875e6e9a528a29,paperclip,Reinforce the corner of a card,,,,,
dd3a8cc3f871aa50a55c,book,Airplane propeller,,,,,
4eef20d0afa0d9a75aa6,can,In pottery as a shaping tool for smoothing the surface of greenware,,,,,
359365e3cb7e25b0030b,paperclip,Creating a ring for hanging a small photo,,,,,
b9a0e0a5e8240af60c3d,paperclip,Create time indicators on paperwork,,,,,
22cafd8f692119f27ae0,paperclip,Holding together small wires or strands of thread,,,,,
132dd55a0c5bfa42ab7a,book,Temporary planter for small seeds,,,,,
c5d54ee27e45ef9f115f,fork,Counting small items,,,,,
947f3c2f268e398c9dbe,can,Fishing float,,,,,
3f0b4be14f95ec35dea3,fork,Opening tight lids on jars,,,,,
029cd7328c323f6759da,can,Barrier for small animals,,,,,
914ae2c16f3bd2b6b329,towel,Bundling small items together,,,,,
78d7120a2eecbecc35de,towel,Placing under hot foods to protect surfaces,,,,,
bbc98298b3615b14871d,book,identifier for a luggage item,,,,,
4963aef23831bcc987bf,fork,Drumstick for a small bongo。,,,,,
54077efe9239174728f7,towel,Polishing furniture,,,,,
5ae31cd69e95895d9ecd,book,Scrap paper,,,,,
0ea9fa132f90768a3008,can,做为宠物床,,,,,
58ad8194741dc5ec5503,fork,Removing insects from food,,,,,
36ed90f06f99303776e6,paperclip,Holding papers together,,,,,
318be0c01b6fe3fbf24f,can,Child's block for counting,,,,,
a0854124a4ff44923bb3,can,To bang on for attention or help,,,,,
42fa00c52eab0009b3ee,book,A fire starter when dry,,,,,
8cd4e689e3be503fe0a9,fork,Holding papers together,,,,,
faec4da287f84c40688c,fork,Fan small sparks,,,,,
729e242ce1c0aae796f6,book,Throwing object (frisbee-like),,,,,
a8bcc444aff9df9addf7,fork,Spreading frosting on cake,,,,,
1a108044208c226040b6,can,Defense mechanism in crowded areas,,,,,
ff1e09441cdfe7f04e03,towel,Covering crumbs while eating,,,,,
a48fe3cb22ddaefc84dc,towel,Wiping hands,,,,,
d2649ffde6fd381e27aa,fork,Ceiling fan cleaner,,,,,
ea95ea66e60d7084bda1,can,Using as a makeshift mouse for pointing at TV screens,,,,,
39865fec05a5aa0d54bc,fork,Creating patterns or designs,,,,,
5722e003fd059eb04f61,towel,Cleaning spills,,,,,
0b477c5bf16920ddf500,fork,Weight for a paperclip chain,,,,,
e5b7dff5eaa400b081e6,paperclip,Mark pages in books,,,,,
ab3c836f76a334da89c7,fork,Holding small items while packaging,,,,,
ee8424401c98316c25cb,can,Crafting a decorative lantern when painted or lit from within,,,,,
7f0714646c81034dcf16,fork,Serving spoons for soups,,,,,
fbab3c55ea1326c2f26b,towel,Drying dishes,,,,,
99253d2f4252c569855c,book,Serving as a doorstop,,,,,
1f3b1e87c611ce4102ce,fork,Marking pages in a book without damaging the binding,,,,,
5efa58318ba4b117021c,can,For cooling drinks,,,,,
e8196fcee19c0f30d16e,paperclip,Clip bookmarks in books,,,,,
aa5ebea05e0a821bdc20,fork,Pricking objects for testing temperature,,,,,
d6eee2fcad69f95c8019,towel,Support accidental falls (as a soft cushion),,,,,
28ddacbedb88ba24ec2e,paperclip,Holding papers together,,,,,
00ac59dc156406f6401b,towel,Dusting furniture,,,,,
3f64eb1703ef9d1fbe9c,paperclip,Mark bookmarks on pages of a book,,,,,
903bde0a2c28e9a0c38f,fork,Holding pages while turning them,,,,,
39dc0914b12968c3410b,can,Used in sports for catching or throwing,,,,,
60d4c3619f7d4a83a779,book,Ingredient in compost,,,,,
47b471ccb547525138ab,book,Curling tool,,,,,
7c6bcb4c9e18be02538b,can,Holding small objects,,,,,
d92aad831adfeace3bec,book,Surface for small plants,,,,,
34a91af1871c5f1c6243,book,"Musical instrument (e.g., banging on hardcover)",,,,,
1747c7349dac3785c8ca,book,Weight for pinning fabric,,,,,
99ef011dcd3cc69b2a9a,can,For signaling in emergencies,,,,,
cb6fcf34be51799b7a61,towel,Wiping condensation from windows,,,,,
a89c4f0f5297e58e8d3c,book,As a doorstop,,,,,
bad323e425fa1c3029c4,towel,Muffling sound in a room by hanging it on walls,,,,,
e7f049782286cc25e695,fork,Combing pet hair into manageable clumps,,,,,
53ecd3cc64841bf71045,towel,Polishing furniture,,,,,
061b3af3877c4f7d4227,book,Wine blocker,,,,,
015b0f6c4783b74f1d64,book,Magnet (with metal covers),,,,,
e39f54ea1984447020ae,can,Can as a holder for small tools,,,,,
bb967a20df000a622baf,book,Baseball bat,,,,,
cf10da477b635162db54,fork,Cleaning small parts or jewelry,,,,,
03f6714e48212b596460,can,Tapping telegraph keys,,,,,
d8fa831f828e73a59d87,paperclip,Test conductivity in electronics,,,,,
490e825e6d409923ff04,book,Weight to hold down papers,,,,,
5bd5939c14ab543fd207,paperclip,Hold pages together in binders,,,,,
85b359c8e408ccb7ef5d,towel,Starting a small fire in an emergency,,,,,
a6f0703d36faad88084b,fork,Tentatively testing the temperature of soup,,,,,
5c6b855cff4480bd50f5,fork,Pry open suspiciously locked doors,,,,,
fca97224590e4cebca00,fork,Fashioning small ornaments or jewelry,,,,,
92be30c57036f65b5c8e,book,Using as a reference in games,,,,,
a205ba35230f0f3bd6b2,towel,Wrapping up small cuts,,,,,
4604dde3d1a0c1a31c51,book,Clothes weight,,,,,
cb3ff8b89cf2e9677936,can,Hammering surface for small nails,,,,,
ce90feb22e77a3a0de3b,book,Weight to flatten documents,,,,,
88060306b242d7e28830,towel,Blotting a wound,,,,,
ad6eb5ac6d38197ead44,fork,Dislodging food particles from teeth,,,,,
08f2dcb283d1151255aa,towel,Polishing shoes,,,,,
1832afe6c990b8b16844,paperclip,Temporarily joining small objects like stamps or magnets,,,,,
f56802b0be90395515c6,towel,Opening jam jars,,,,,
937a9c1a2711559ff282,book,Frisbee,,,,,
b3db24fa9662c6ea7a1a,towel,Absorbing spills,,,,,
209ed1af727d7c2350ee,can,Toys for vehicles,,,,,
acec87b9aaf7943b33a9,towel,Cleaning countertops,,,,,
7b336b94809ce6870168,towel,Removing makeup,,,,,
60ca6d437ba3751c801e,can,Opening tight jars,,,,,
173d5d884b08da3356fe,book,Book as a doorstop,,,,,
b7a631948afa0c74325e,towel,Wipe a table,,,,,
c1b89245ed51410ba8d9,book,Doorstop,,,,,
c6e936307fef8f289716,towel,Absorbing ink from dropped drawings,,,,,
13c484f405857d1b3b54,book,Paperweight,,,,,
c8895c0ea636c0da4b46,towel,Holding onto slippery objects,,,,,
c38b3c0c6c04b1f0d93f,towel,Dusting surfaces,,,,,
71b20943bada411f65cf,towel,Wiping makeup brushes,,,,,
c8b79005dba9994398b7,fork,Unjamming a stuck key,,,,,
c35549e064eec1ae7306,fork,Test bulbs for electrical functionality.,,,,,
945807e7a6ff594e8bbf,book,Musical instrument (shaped like a book),,,,,
40bc0476bcd749df0240,paperclip,Connecting small metal objects,,,,,
97d3561a1d3e44ee2384,paperclip,Holding paper together,,,,,
7b6caa3fda298cfbde03,towel,Holding nails in place while hanging pictures,,,,,
e4225fe1596570ab87e2,paperclip,Creating small weights for origami,,,,,
b3ecf7e178cf0b9ad827,can,To measure small distances,,,,,
0975ed2ca02d5d2a377c,paperclip,Fixing torn documents,,,,,
34d451bd5d92b096db42,towel,Wrapping lightweight gifts,,,,,
37b1f19e8652feae83aa,can,Noise reducer by placing over speakers,,,,,
d1298edbae2c804af623,can,In role-playing games as a weapon,,,,,
b140df4fc392b9d13b32,can,Hit objects as a makeshift pendulum,,,,,
645ed9b72d767075029a,can,Covering eyes for fun,,,,,
050ab60494cd93bd2d5d,paperclip,Straining liquids by placing the paperclip at the bottom of a container,,,,,
dc8729d765be74ed5452,towel,Absorbing small amounts of water,,,,,
f5a6cc8c21c2abc034fe,book,Weapon in self-defense,,,,,
a3f2ea49079f836d3f87,paperclip,Hold ribbons or strings in crafts,,,,,
4ae6279264ad4ff02dbb,book,Tool for stretching fabric,,,,,
a8bfb7f1ba94e5511011,can,Support for leaning against,,,,,
058928d1275554c6e1d9,can,To hang plants or flowers in a non-permanent way,,,,,
04effccd457f7f9a5851,towel,Polishing silverware,,,,,
2584271dc42ae874ae78,paperclip,Holding sheets of paper together,,,,,
65f81b3ca055cb922306,book,Color swatch,,,,,
b2d07a79576a0e3a3169,towel,Polishing shoes,,,,,
0bff068970c412144b93,book,Fan,,,,,
4b329b9c7d7b0a1e8ae0,book,Baseball bat,,,,,
a8173790b9df2fd93aa5,fork,Opening tight lids on jars,,,,,
d05c0062b776e113d25f,fork,Holding food steady while cutting,,,,,
bdd4d42eda9a47f7b445,book,A pendulum in a dowsing rod,,,,,
fc9a526d426c6ece98d1,book,Backup paper weight,,,,,
94f01a5c804af22372b0,book,Book for sketching or drawing,,,,,
10938ed53855fd3dbccb,towel,Drying dishes,,,,,
f9749c9d96ad77cd0dde,towel,Polishing silverware to a shine,,,,,
e2c7823f7918a5168bef,book,Book for decoration,,,,,
b3764b6806e62330415b,paperclip,Hold papers together,,,,,
4a80453751d1e32d1662,book,Plant pot,,,,,
4397a377ec17db1ecb48,towel,Starting small fires for camping,,,,,
a7449f75971f0bcb183c,paperclip,Marking sections in a long document,,,,,
8cd56944b051f114348b,paperclip,Marking items in stacks,,,,,
248a1ac7fe186dfcc2b3,towel,Cleaning windows,,,,,
24cb94f89acab17d50f6,book,Weight to press plants,,,,,
d106ec22392f2798b544,book,Emergency kindling,,,,,
89c8894bb278d7adede2,paperclip,Holding together jewelry pieces,,,,,
9638edb8fd1d97999ec5,paperclip,Keep jewelry in place,,,,,
16723c9708b2d2e073da,paperclip,Fix a bent pen clip,,,,,
34ddeb4e62b61717b43b,fork,Holding papers together,,,,,
5028b04c8015c151e191,can,Placed under a door to reduce noise,,,,,
6c59d7c3a9e3e6e36241,can,Cover for a small item during transport,,,,,
40c6d88c662313c2fd0c,towel,Polishing furniture,,,,,
c1be179436c9af02984c,paperclip,Connecting paper tags to items,,,,,
8b041b578851d334c839,book,Witch's spell component,,,,,
d6df4f2509189fecb37b,can,Rainwater collection basin,,,,,
c89d62dc003111127bec,book,Weight,,,,,
74057fb7840199a4712d,book,Vessel for small objects,,,,,
63e41251699d4735c2d1,fork,Cleaning small gaps in furniture,,,,,
d4daa44ef9fc7035b86a,towel,Protecting surfaces when writing or drawing,,,,,
443b2612676a0ff566ee,towel,Dusting surfaces,,,,,
26190e2d69d4f466f7b2,towel,Cleaning glasses,,,,,
01b3dd497699c26fc146,book,Candleholder,,,,,
81d3ebb314ca9a903666,can,Hammering stakes into the ground,,,,,
e2b0467893384273e85b,paperclip,Loop around wires for identification,,,,,
1ad177a12a80a79e46dd,paperclip,Logging hours on timecards,,,,,
a68a6c30862f3557c544,book,Doorstop,,,,,
f55476a78d9605afbcce,book,Book for decorative shelves,,,,,
c6b5ad86e1b90f17a820,fork,Polishing small metal objects,,,,,
6e5e44b24316423a7812,can,Holding small items,,,,,
871ced5a642608b4b293,fork,Straightening bent wires,,,,,
52025ae82a923adb2f83,towel,Collecting loose change,,,,,
75e1417514a49b80d77f,fork,"Cleaning tiny spaces, like keyboard keys",,,,,
86dc60d9f2c494343c24,can,Weight for sewing or crafting,,,,,
b1838a071ad242f50560,towel,Assisting in starting a fire by providing flammable material,,,,,
0d004fba5180693d0c23,can,As a temporary marker or target,,,,,
edc9931fd74309ea4fdc,towel,Brighten clothing with bleach,,,,,
ada66021da29c8ec9f1d,can,As a marker in games,,,,,
bbf23d692542d63d3d16,towel,Holding small items together,,,,,
0ec3a94ce6afa57583e4,paperclip,Keychain attachment,,,,,
2051a69e5713a651c6f9,paperclip,Holding pages together in a notebook,,,,,
c9eaf258d8195918a8d2,can,Holding a place in a book,,,,,
6900e60e6c6a32811a8d,paperclip,Holding pages together in a binder,,,,,
7899c9bf988fc3cb7b72,fork,Opening tight lids on jars,,,,,
f4ce1743020362108eae,paperclip,Mark pages in books,,,,,
1eea8f8d5d4dc93e8ae6,fork,Scratch an itch.,,,,,
623a3cf75aa619283025,can,Functioning as a seat during group discussions,,,,,
69ce82f52eaa5ad05964,can,Protecting furniture corners,,,,,
e9c14664c080011894f2,towel,Scratching itchy skin,,,,,
b0d76b0d64a0df41af82,book,Toy for dogs,,,,,
d7b26a5e5f2b5e7cdc1e,towel,Opening jam jars by gripping the lid,,,,,
fe27e2292d80c864e1f3,can,Using as a lever to lift heavy objects,,,,,
6d04f7f1ef5264f7579c,fork,Creating patterns on walls,,,,,
91ba96a7f7171baaac17,towel,Scrubbing mild stains from fabrics,,,,,
2fbbee296d2ee5f97b3c,towel,Shaking water off feet after swimming,,,,,
473e03ac0dd4625da1d0,can,To exhibit rocks,,,,,
ebd18ea537ba767670f8,paperclip,Connecting tags to items,,,,,
08165a2b7ff42a94d814,paperclip,As a paper separator,,,,,
caa185f05d5442b2612b,book,Weight for a sewing project,,,,,
80e24de4d08ad74ab0cf,fork,Ice removal tool from hats,,,,,
d45385db130e3fb44630,towel,Wiping sweaty palms before playing guitar,,,,,
08ad94ff83b529c756c7,book,Doorstop,,,,,
d6d8fbe3209fd96c2ac8,paperclip,Anchoring sticky notes,,,,,
8e7c23da02eaaead9e48,paperclip,Creating a paper hat for a costume or prank,,,,,
07e04578bc4d743cbb2a,towel,Cleaning mirrors and glass surfaces,,,,,
a2efac99f2e1956fc8c1,fork,Indicating direction by positioning between fingers,,,,,
b2d818d40d1c2c632ea7,paperclip,Fashioning simplecrutches for small items,,,,,
087f5406e7a420473748,paperclip,Attach notes to a document,,,,,
f25df59b683f6ad4e6fe,fork,Touching buttons or switches to test their function,,,,,
290b28c60107fecddf11,towel,Polishing furniture,,,,,
7d7ac9c3b98adbc9789a,fork,Opening tight seals,,,,,
4754996173148e2c4555,book,Bookmarking pages in a magazine,,,,,
a33aff101b409fb9caee,towel,Drying hands when no paper towel is available,,,,,
ee404b555b3f79c66710,can,As a signal to attract attention,,,,,
095b3897036696c77358,can,Whacking small objects,,,,,
ba6b04d089e35e32aeff,book,Decorative object,,,,,
a6a2a6fcbc9074a56664,can,Employing the handle as a tool to open tight lids,,,,,
904f16192fe095c0159b,can,Stirring small amounts of liquid,,,,,
d411228e943e41fb2b1f,book,Hammer substitute for light-duty tasks,,,,,
10998885b02f17cbff48,fork,As a makeshift skewer for camping,,,,,
1c7bf3977e375dee36d6,fork,Initiating small fires,,,,,
4364fb551e087928ed2b,can,Holding small objects,,,,,
adc9d716377fb51acd53,can,Planters,,,,,
7797538cc02cef6c19a2,towel,Insulating glass mugs,,,,,
c8942d18cf251d1fd9d9,paperclip,Including with letters as a humorous reference,,,,,
4a2976720338304cc3c1,paperclip,Hang lightweight items,,,,,
f5c8e7ea08a784cee412,towel,Holding small objects together,,,,,
da6644c090c1f0fe8f34,paperclip,Connecting small components in crafting,,,,,
857ae4012620cb7bb1b8,can,To prop up a chair in a wobbly spot,,,,,
39ee5752aabc7d48e1bf,towel,Starting a small fire (in designated areas),,,,,
33b4d56e958ff8790bfa,book,Rw handle,,,,,
b46ed0db5e4f10328cbd,paperclip,Conducting lightweight lifting tests,,,,,
30e091832f98ca4cb60c,book,Musical instrument,,,,,
9240caf59c66c7dd1a8b,can,Planting small flowers or herbs,,,,,
8b73c543e6d698fcb405,fork,As a pointer or indicator to point at things,,,,,
ac80603359acba462118,towel,Burning candles (wicking),,,,,
5b75841fdc759abf9f54,towel,Cleaning electronic screens,,,,,
4e269c4ba6ef45bc3286,towel,Insulating hot items,,,,,
561ad045fa9284e19d66,fork,Marking pages in a book,,,,,
b1b3271ace28719bcc97,towel,Absorbing spills,,,,,
e9541266acb0b691034c,paperclip,Organize small items,,,,,
3e748df3aa31952917cb,fork,Polishing small objects,,,,,
c755d61aae6bf21cf06b,fork,Piercing paper for hole punching,,,,,
84ca4a59e1d62668c623,paperclip,Hold together bus tickets and train tickets,,,,,
138695a1e1b890bd2b5f,book,Signal mirror,,,,,
dbd0fdf58a083945b9e1,towel,Binding small items together,,,,,
5e308d744b331f8ba904,paperclip,Game piece for educational activities,,,,,
2ac52487728a250c27b9,can,Toy in origami displays,,,,,
3e2b5bc364c880f0c60c,towel,Drying hands without paper towels,,,,,
34e5a3903114144a8e66,paperclip,Pin up posters to a corkboard,,,,,
2fd0663d43dbc0cb38eb,paperclip,Adjusting paper alignment,,,,,
54c8304eeb00dadca963,can,Carrying small items,,,,,
1bb8c37cea245421b19f,fork,Fashion jewelry component,,,,,
9b5595118b3edbfc25aa,fork,Drilling small holes,,,,,
194f3e83fed9a3a73d33,towel,Covering hot items,,,,,
05f29757f896c0f6b4d9,fork,Bracing tool for awkward objects,,,,,
476be84c005b3ebd4e91,fork,Mixing frosting for cupcakes,,,,,
3c13c38ba769e3d47b20,fork,Temporarily marking places on a map,,,,,
89051307ed81c33805d4,fork,Opening tight lids on jars,,,,,
29fe3a3f3b5af866d63f,towel,Dust surface,,,,,
4a1481d87caf6831ed5a,book,Scrapbooking embellishment,,,,,
17ad0fff5e555098a8c6,paperclip,Keep pages in a binder,,,,,
52042bc9c532a58fd231,paperclip,Anchor corners of handouts,,,,,
e9c2356b36b315a0c121,fork,Gauging water depth while fishing,,,,,
90cdd423784adab3eca4,fork,Marking positions on tables,,,,,
9f2e7a78b3bddcb77f5e,can,Container for storing snacks in a desk,,,,,
0e3eca860adc0a775b6a,towel,Cleaning computer screens and monitors,,,,,
7e394583915f9fa14625,towel,Drying hands,,,,,
aad38a6acf602f8ee325,can,Pinching ingredients during cooking,,,,,
90655eeb73a5d1d4d113,paperclip,Securing loose threads,,,,,
0df789dcd776e9808e26,towel,Making temporary bandages,,,,,
a55644b468fa54149b2e,can,As a signaling device by throwing or shaking,,,,,
431f4f0b684481f82087,towel,Polishing shoes,,,,,
af881e806df4037a3592,book,Nap mat,,,,,
90d4c34d3ccf7b90a565,paperclip,Organize hair into a makeshift clip,,,,,
ffadfaa28c37aa1882c3,book,Surface to write on with charcoal,,,,,
4b08b0734b20d1c19ad7,fork,Lock picking tool,,,,,
2103f327dc0a2a587098,paperclip,Making简易钓鱼浮标,,,,,
abc12de87ec215ea73e4,paperclip,Securing library cards in a book,,,,,
d436c177256768cb9a08,towel,Collecting and holding loose change,,,,,
0db0d1d11651ca55229b,paperclip,Creating symbols or notes on documents,,,,,
07f009db1df4fccc75ab,can,Can for discreetly hiding notes,,,,,
c513fb521e43f5d86347,book,Fan,,,,,
b069c56b31ba5624a9ed,paperclip,Keep a pen cap in place,,,,,
5292343bdd026e9f53a7,towel,Cleaning automobile windows,,,,,
b820bc9f00381fae9f94,paperclip,Securely fasten notes to documents,,,,,
4017f0b45740cee54db8,book,Signal mirror (if reflective cover),,,,,
6e5dd15bcfca71560c0c,towel,Insulating hot objects,,,,,
d84da36e5db5d0768211,towel,Covering food during picnics,,,,,
fb6d82ae9d9197ed8274,can,tool for prying open objects,,,,,
791465ba176461961416,towel,Drying hands after washing,,,,,
a9bb61ce433f4b1937b7,paperclip,Keep paper in an envelope open,,,,,
6d68e036d11aa5d7501b,fork,Cleaning small spills,,,,,
49e3616c577766b1a061,book,Sound absorber,,,,,
d4b7c91b88dd6dccb999,towel,Holding small objects,,,,,
4ce52bf5ce05fd37bef6,book,Chair in a pinch,,,,,
8a007be102a57d61b0b5,towel,Tying up hair,,,,,
19745bd025be04034420,book,Firestarter,,,,,
709302acfcefce49653b,book,Fire starter,,,,,
e28af1e4266fc12be7f3,paperclip,Hold together desktop notes,,,,,
802f58397541c65d9560,paperclip,Keep clasps closed on notebooks,,,,,
12a08044d0f173722f8a,fork,Spreadingbutteronbread,,,,,
2cdbfb4c0f249701487d,book,Doorstop,,,,,
489a5f56f99d091fa881,can,Insulating pot holder,,,,,
c0f2240c2751c61cf833,can,In sports for throwing or catching practice,,,,,
aa3c75089888a254e8cf,can,Prop in theater productions,,,,,
47d62e70a14a2df5143b,fork,Inexpensive weight for bird feeders,,,,,
dec06a23a92dd89e2252,paperclip,Holding pages together in a booklet,,,,,
f7b48142992cca0d28ca,paperclip,Fix small hooks to hang items,,,,,
fbc233085b62cbd63e60,can,Hammer small nails,,,,,
f5945e9d611a57e9e48d,paperclip,Marking prices on items,,,,,
55dbd1b69abe64058f52,book,Cooking shield,,,,,
0c4eee34a8b83f2c076d,can,To cut open packages,,,,,
7f0249be4e3da7d15028,paperclip,Taping small items onto paper,,,,,
138044cfcab250635a85,book,Hammer,,,,,
512f34357f0e90227094,book,Firestarter,,,,,
8a1e48ffd965b582c6fb,can,Carrying groceries,,,,,
09d6bc651aa3bb7eb5c1,book,"For kindling, if necessary",,,,,
bdbe4467629c29c19f64,book,Book as a ruler,,,,,
11d27527d1b44feb71e7,towel,Making quick repairs by holding pieces together,,,,,
763d4e856b17cfd54c37,fork,Fishing for items in tight spaces,,,,,
f0a5d96fa3fa477c2311,book,Fishing bobber,,,,,
687df14ed3c3560cb236,can,Window shade,,,,,
1b26e92fa99d3ba009d7,fork,Starting a fire,,,,,
f32cd84d98fa759e8e83,book,For恩赐文字提示：您的提供的最后一条内容被意外中断了，这可能影响了回答的完整性和流畅性。为了更好地帮助您，我将依据您的指导方针，继续完成这个列表，并确保每一项都完整且符合要求。,,,,,
e4c78c9922a073731a49,towel,Opening jars,,,,,
dcd5e4a4dc755c278034,paperclip,Hold papers together,,,,,
8b00447d97bb5a568089,towel,Covering sticky notes,,,,,
f40f456700aefbdbac84,book,Bookmark,,,,,
6afc2b1ade4acfbdb9e1,paperclip,Connecting small metal parts,,,,,
9722a9290ffd2e8f77a4,towel,Cleaning glasses,,,,,
c3f04ba58d010fbc755c,fork,Mixing small amounts of material,,,,,
1eb02db895f4faea55c2,fork,Scraping a cutting board,,,,,
71268ba10c2219d3b2ed,can,Indicating yes/no in polls,,,,,
2bb55a0ebbda9e6fafbf,fork,Scraping food from dishes,,,,,
43d5d9ee1294e1c261ec,fork,Marking pages in books without damaging them,,,,,
cf53b21dbfc5ee29de86,paperclip,Tying light items,,,,,
d0100a5a44d9c69f4904,towel,Drying hands,,,,,
885e5590d03e1bef3852,can,Squeezing to make a noise,,,,,
bf8302448ba948765619,can,To knock on tables to get attention,,,,,
9dcc93c6f49d8510a0cf,can,For keeping a pet mouse away,,,,,
967bfc7277336cf5f041,towel,Dry a glass,,,,,
a20e2322e3cc6a3250be,can,Hammer small nails,,,,,
a1ec9aefd3c6a5e477ba,book,Serving as a small doorstop,,,,,
1ce7a078e6c0a274f363,paperclip,Holding documents together,,,,,
3a398352478c362e04d6,book,Firestarter,,,,,
a4ab9593e7c93a38dfba,towel,Cleaning shoes,,,,,
19e7d0787492dec85571,towel,Scooping small objects out of tight spaces,,,,,
a67031e70699ad252b41,paperclip,Fasten small items in a notebook,,,,,
1b364fb33dd413a9cdbf,can,Serving as a makeshift subscript for collages or art projects,,,,,
db835fb6db38d693eb36,book,Puzzle piece,,,,,
a61e6558715a17f5e185,can,In sports as a weight,,,,,
336c09ed165ef0221bfb,fork,Cleaning small gaps or crevices,,,,,
cfa0e6a7be90ae1236ef,paperclip,Marking priorities on schedules,,,,,
1f843599477df3ab206e,fork,Sticking notes on walls,,,,,
050ada34560c0f6d54ac,towel,Wiping feet before entering a room,,,,,
cbf884a97c80553720ad,book,Candleholder,,,,,
590a90b2e1a11d8ad992,book,Marker for pages in other books,,,,,
d89e0b69bf816b5b672b,fork,Holding pages in a book while turning,,,,,
400e0dfb3a0b07a6ad4e,can,Stabilizing a homemade bird feeder,,,,,
26e7b69341d4edc94555,book,Spacing material for electronics,,,,,
e567c6f6a1e71ca0a448,towel,Scrubbing countertops,,,,,
02cf8837c0459fafe4cb,can,Open cans of food,,,,,
b243c65eec33d79c4a73,fork,Concealing small objects in conversations,,,,,
7023b10b7e8e3b761391,towel,Covering nose and mouth during illness,,,,,
2469ea4b3b19cbf3e554,book,Musical instrument (when hollow),,,,,
5bd2e45aea57208cddb7,paperclip,Making简易卵巢模型,,,,,
832a823ce7eac4ee00a9,fork,Opening tight bottles or jars,,,,,
23f4f05e8746337d0395,paperclip,Fastening notes to a bulletin board,,,,,
f58ce3218eadd8f33101,book,Toy for幼畜 entertainment,,,,,
0a97f31face9e63aea5f,towel,Wiping a windshield,,,,,
07503a2e113b2d3905e5,can,Placed under furniture as a coaster,,,,,
b1481af1d89f27717cfe,fork,Spacing hot dogs on a grill,,,,,
1c5e3761cb1c79a943c8,paperclip,Secure tags or labels to items,,,,,
837175f4e2d6a9423dd4,fork,Opening tight lids on jars,,,,,
e559bc2c27cd292df25a,fork,Marking pages in a book without using a pen,,,,,
68e49e9ceab17107c92e,fork,Opening tight lids,,,,,
13a94c99f7c764a14e13,paperclip,Threader for tasks,,,,,
a0e11810c4029ada14ea,paperclip,Handy tool for clipping clothes to a board for drying,,,,,
a95a2b1c490aa572af87,book,Parachute component,,,,,
8161ed0708450650c407,fork,Marking passage in paths or trails,,,,,
e58c4e3c41a2224ba479,can,Fan for hot days,,,,,
49446bd57a22eb7fd97c,paperclip,Hold pages together in a binder,,,,,
8d5f83b23223c57c19b4,can,As a paperweight,,,,,
bfe8f7cabe6a98a2a709,towel,Tying up hair,,,,,
203ac766d6548c80b11f,fork,Igniting small objects like candles,,,,,
fcd44d73c904c505aa5d,can,Base for small table or stand,,,,,
2969c339caa8efd4e0b9,book,Musical instrument ( drumming),,,,,
088d69dd9ddea8967f02,paperclip,Anchoring plants in place for weeding,,,,,
cb6f65c2a2f921845c55,fork,Poking holes in dough for steam,,,,,
92dce9eab7712306b5a4,fork,Tombstone for temporary plant support,,,,,
c5e28c3652b9ca20e942,paperclip,Clip small objects for storage,,,,,
b1d9278b0eedb6aad262,towel,Polishing glasses and mirrors,,,,,
1d202a18f5028b95d539,towel,Wiping windows,,,,,
6a7aead2b253437c1309,paperclip,As a clothes hanger for small items,,,,,
1d1ada47dfa354d82751,fork,Mark lines on paper,,,,,
7c4c67a36403f545bef6,paperclip,Tactile classroom math manipulative,,,,,
feceb34e8aa86a0c89de,can,Hammer to gently tap soft metals,,,,,
f1ecd4f7782f656f2c77,book,Barrier to keep clutter away,,,,,
beb96c7c01222251c95f,paperclip,Marking the last page of a section,,,,,
da855a23affe7a3a2c44,can,Protecting fingers when opening tight jars,,,,,
bdde21e74432c55c573a,can,Can as a holder for small tools or hardware,,,,,
c140e97a24dbcad87b3d,fork,Surtoolbox for small objects,,,,,
f463df48f54d844fdc16,paperclip,Keep open pages in a bound book,,,,,
6007b7d353ba90a5bc65,towel,Open jars,,,,,
40f72a42099ba463a1e6,paperclip,Sterling holder in jewelry making,,,,,
82ebc0e28a27f318059b,book,Kindling,,,,,
9e6e309ea1babcae35e0,can,Straining small quantities of liquid,,,,,
a705af0e9bdd945635c5,fork,Stirring small amounts of liquid,,,,,
67b93862cf4df68e6489,fork,Pricking fruits to check ripeness,,,,,
b663bf3f5e1bcdd45b7c,towel,Clean pets,,,,,
d32125ac545c1fdccf45,fork,Scraping food from plates.,,,,,
27bd870906ab18018221,paperclip,作为游戏棋子,,,,,
93602d0ec1bb4d8f43af,book,Book to support the edge of a workbench,,,,,
6ef65d3dfce2023a7d9b,towel,Polishing car bumpers,,,,,
47e4936075291b288298,can,Striking a ball in baseball,,,,,
677789f2e23446d3402c,fork,Opening binge-worthy novels.,,,,,
fb85a9d4e7e7142d1530,book,Frisbee,,,,,
8f88f91d3be1a959d10d,can,Gentlyopening tight jars or bottles,,,,,
76a1b660328a3b136ee4,can,Lighting fires (as kindling),,,,,
51dd68f54b74b277aa23,book,Weight for holding pages open,,,,,
fa7807649249a5bd5d86,fork,Indicating agreement or approval,,,,,
11df4e83f92f05523b0e,can,Storing small hardware items,,,,,
48195607650767988f66,can,To serve as a makeshift barrier,,,,,
ab4b6c7604f70f8faecf,fork,Reaching objects in tight spaces,,,,,
66c2e2c3aee6c8912bcb,book,Plant stake,,,,,
9c333ad2035e27f190c2,towel,Wiping grimy bathroom fixtures,,,,,
a6544059f05cfb251437,towel,Insulating hot objects,,,,,
36f5bd5c68645a23fdc1,fork,Spreading butter on bread,,,,,
24e1c20051af9439f99e,towel,Protecting furniture from scrapes during moves,,,,,
aca2c8e4c05031fa8b1b,fork,Pressing spices for efficient grinding,,,,,
1011172ee04ab6a2ddc5,paperclip,Anchoring price tags to items,,,,,
301b354feb0514f7fcb5,fork,Marking places at the table,,,,,
27dc88f0cadb1cbe48f6,book,Craft for bookmarks,,,,,
6dfe5b63d287f2489666,towel,Absorbing water from a fish tank,,,,,
7e19a47de3f4aa1c2235,book,Toy for a cat,,,,,
7483d189b3547b2200eb,towel,Cleaning vegetables before cooking,,,,,
16a51374cc8aab6a4f79,paperclip,Securing tailoring pins to fabric samples,,,,,
b602f84fd59ad120c09a,towel,Cleaning mirrors,,,,,
580280b2f4eb55bc955c,book,"Musical instrument (e.g., in percussion bands)",,,,,
9f2159f023e3d4106155,towel,Dusting off small electronics,,,,,
ee0921729cbadb02a0e6,fork,Holding papers together,,,,,
641525eecb41b353ab26,can,Used to crack nuts or seeds,,,,,
d89df311cbe01753b575,towel,Sticking under a table leg to protect flooring,,,,,
8a54ccbb95b17aed2d09,book,Surface for holding objects,,,,,
2e9bf2494b4c6baccbc3,can,Staking plants in a garden.,,,,,
1c1b3a37c90e7b1b189b,book,Place mat,,,,,
ee8e0feb1a36190152f3,towel,Absorbing oil from a sandwich,,,,,
21e3e61e83e6d6af663f,towel,Dusting surfaces gently,,,,,
439e43ef8ae4d31c6a55,fork,Marking pages in books,,,,,
6fe8be7e049ab8269777,fork,Probing small spaces or cracks,,,,,
63d6cfb3fc39e9701279,paperclip,Lever for prying apart small objects,,,,,
ecb112da81791c860072,fork,Piercing food packaging to check freshness,,,,,
56d6833a4aa18f4b6070,fork,As a makeshift weapon in role-playing games,,,,,
85d107070d74fb79ac93,fork,Holding up a ruler,,,,,
9deecd8e0ec9683ee021,paperclip,Opening packaging,,,,,
055a1fd396683d6e3dd2,can,Containers for liquids,,,,,
cf89af126e848ea01ae0,book,Bookmark,,,,,
dc0d643bdf4cd6b2cebf,book,Signal mirror to reflect light or sunbeams,,,,,
34dd35fe069d8e931860,can,Shading surface during a quick lunch break,,,,,
d0a515122a0f5631ab34,paperclip,As a small ergonomics tool for finger exercises,,,,,
1ca5dd58a0f9168d9bab,can,Acting as a container for small items,,,,,
8458a8f686da73aab50c,fork,Cutting soft foods,,,,,
f0bce406b38d70cc9561,book,Paperweight,,,,,
82039c81e77e7a367a96,can,To break and remove stubborn labels from various surfaces,,,,,
063f3b7acc66805571b2,can,As a weapon,,,,,
131964c576101ad69ebd,can,In games for blindfolded players to guess the object.,,,,,
72ce890a86eebf40fbd2,can,For absorbing excess liquid from a spill,,,,,
0e85dc9e5cce65bd1036,towel,Drying hands,,,,,
dc88c85c495215a9df5e,fork,Cleaning dog's teeth,,,,,
489cc56f51bcd3c09086,fork,Distancing oneself between people,,,,,
46f4874e54e674313a8d,paperclip,Clip receipts in a desk organizer,,,,,
6961daf9c7aece7a1175,towel,Absorbing spilled liquids,,,,,
3a63f08b327fceb54bd5,towel,Tying up small gaps in luggage,,,,,
fcc27bba2d701f6e37bc,fork,Holding papers apart in a stack,,,,,
519c008415e2301228ae,fork,Placing small objects in inconvenient places for retrieval.,,,,,
efa01c86fd240b221376,towel,Absorbing oil from skin,,,,,
ec6e05021b4346375567,can,Paperweight,,,,,
918376116769e5d1f984,book,Plant marker,,,,,
a0d204e3ccc64b2b0353,book,Doorstop,,,,,
b0e617fd39367301e0ca,book,Toy for younger children,,,,,
7cd543064084c1bca480,fork,Polishing glass edges,,,,,
75b5d64131780f6cfe4c,can,For forming structures,,,,,
7f8c01e02ec2d77b2c95,can,As a weapon in self-defense.,,,,,
d0b1a784c9c03580d6ce,paperclip,Creating a simple game by threading paperclips on a string,,,,,
25db432720c2fb32443e,towel,Covering hot food,,,,,
e26b113ff42c5e12da8e,can,Serving as a ruler for straight lines,,,,,
ce43778a02dc2623a06d,paperclip,Create a simple paperclip chain,,,,,
70ef61cc17388079eb7b,can,As a seat,,,,,
70bc7f6af86fae1f775a,paperclip,Mark favorite pages in books,,,,,
fe7cd79e318c1fb75034,can,Serving as a makeshift scoop,,,,,
f8792f7d8326b86a5d9d,towel,Cleaning muddy shoes,,,,,
e804644014b42c7370bf,book,Firestarter,,,,,
26dfa2747a5145490b27,can,Leveling tool for books,,,,,
8a6c8805e43d4745bb39,book,Paperweight,,,,,
55127cde32c65df57289,can,As a shield for defending,,,,,
7c935b3feeed7ffbbaf8,fork,Cleaning small spaces in jewelry,,,,,
b12f8e0aeda69952afa2,towel,Polishing glasses,,,,,
330a65a3b031676d5812,book,To pad a rocky seat on a camping trip,,,,,
cb26ac781501d69693bd,book,Paperweight,,,,,
a88c2f12c74b699cab39,can,Crowd control barrier,,,,,
6b602de2a1ce72f3085e,fork,Serving as a small weight or counterbalance,,,,,
f3c83f4b5f6b18439559,fork,Removing lint from clothing,,,,,
95d3e9976677c1bb98fc,paperclip,Fasten notes to reminders,,,,,
371578ff5519f0eb88d2,book,Musical instrument (paper crinkling),,,,,
df63d3ba6263acd006d4,towel,Wiping down a screen or lens,,,,,
89957e90ff854bd881c5,towel,Marking laundry items for sorting,,,,,
46f0753be246903e4345,towel,Fixing minor cut or scrape,,,,,
f36cfa070859ba3b2719,can,As a tool for pressing or compacting materials,,,,,
5cd54e8a87bef112a780,paperclip,Secure hair in place,,,,,
5a9bde4532b785c00569,can,Acting as a makeshift lever for prying small objects apart,,,,,
a13f7dbbf521b50e994b,book,Fan for cooling,,,,,
6045f4eed641026c8387,towel,Stabilizing heavy objects during lifting,,,,,
cd0ca2de23993efff47d,towel,Squeezing water from fish after cleaning,,,,,
701719fbada311fe50d8,can,As a tool for opening jars with a twisting motion,,,,,
49a5a5c51df3028ce674,towel,Dog grooming aid,,,,,
f44261ec9b4b2021f87e,book,Bookmark,,,,,
6af82b60c3d21dc782ca,can,It as a decorative item in home decor,,,,,
f69d35094447651027ce,fork,Removing excess wax from candles,,,,,
37db704be651dc156ae2,paperclip,Attach return address to envelopes,,,,,
e05988b513b85de172ba,can,Collecting odds and ends in a workshop,,,,,
c92e9bbbe1075cfbc6d2,can,Hammering nails into soft materials,,,,,
90f8854d96776ab80c35,fork,Holding small items during crafting,,,,,
ab3be573b722d3117890,can,Used to transport small items,,,,,
565e8683d06f64866266,book,Headrest prop for lying flat,,,,,
b12bc296e27169ad5aff,fork,Whipping or activating air in mixtures,,,,,
7268240ecccdebf2cb9d,fork,Mixing frosting or spreading on treats,,,,,
2ab076429353d79b1e3d,paperclip,Mark pages in books for later reading,,,,,
1713bc83ee6bc4af959c,book,Personal memoir marker,,,,,
f9a2ee1637d462760625,book,Toy for toddlers,,,,,
7c7ffd0ba0bcdc64ae81,can,Tool for camping to start a fire,,,,,
d09ad7a4632862a93048,fork,Marking lines on wooden surfaces,,,,,
c686350dd8221d7f36d3,can,Mixing small amounts of clay or modeling compound,,,,,
02a1b2800eebe4be0841,paperclip,As a paperweight in a pinch,,,,,
cd3ab81946d3fff15052,paperclip,Allowing easy identification of files or folders,,,,,
9677151258c184ed9f86,fork,Piercing holes in plastic wrap,,,,,
5ad9f8b2f1a516db0294,towel,Scraping labels off cans,,,,,
0448a9e8a2c71ccf6b02,can,As a makeshift ruler for small measurements.,,,,,
477882b0075cbb823de7,paperclip,Securing loose papers in a file folder,,,,,
520c2886202a3e43776a,book,Doorstop,,,,,
f830ad00db1cd711f4f9,towel,Dusting surfaces,,,,,
e6589f415afd50c4f52b,book,Door stop,,,,,
9d4b8ad3ac8e30da8e3d,fork,Creating small pricks for leatherworking,,,,,
9a9b5b1da5925015b26a,book,Bookmark,,,,,
05d00086dbbeee0d0e0f,paperclip,Adjust small gaps or spaces,,,,,
efaf730621a0f702d1c0,can,Insulating hot surfaces,,,,,
c706ea505bbaa9ef00ea,book,Firestarter,,,,,
772ae41c2880d8249713,book,As a decorative object,,,,,
5e862a6b81bbc00322d9,fork,Holding pages in books or catalogs,,,,,
6733e919f4620a455e7b,paperclip,Marking bookmarks or tabs,,,,,
36e1492a6c00aeaae4bc,book,Toy for small children,,,,,
b94efddf8f4874a03ada,towel,Cleaning vegetables,,,,,
4d4fb6c17e3fe976eda8,paperclip,Constructing basic origami,,,,,
9fd5663462bf13203408,paperclip,Adding a hole to a piece of paper for hanging,,,,,
b7f54679c605f70bad96,towel,Absorbing spills on the floor,,,,,
302b97db6ce1970f7a37,can,Tool rest,,,,,
a9b2b8d4457a437ea511,fork,Opening binge-worthy books,,,,,
b133f7b1063ba324de8f,paperclip,Organize small items like paper clips themselves,,,,,
ef95c6a642c9aa6de970,book,Bookmark,,,,,
87479de177094a25d53e,fork,Waving for attention in a crowd.,,,,,
273553d84731406bdfda,paperclip,Placeholder in books,,,,,
57b8d4c698b0f9013df3,paperclip,Temporarily fix loose threads on clothing,,,,,
068f64b52d19172b5dd9,book,Paintbrush holder,,,,,
0115c0f32d7c4850ed46,paperclip,Opening packages by prying off seals,,,,,
11853a7264e5071683e2,paperclip,Securing bookmarks,,,,,
e23f739acff21e5dec91,can,Platform for applying pressure,,,,,
79bb04060100700ce491,can,To mark boundaries or designate areas.,,,,,
f0a87c4cd80490def787,paperclip,Measuring small lengths,,,,,
ee691a2b18c533403081,book,Paperweight,,,,,
ea69f96ea0a9916ce444,fork,Creating markings on soft surfaces for reference points,,,,,
157268f8fc367504ffd8,book,As a doorstop,,,,,
98f1f7e93a2b4307f197,fork,Picks up small objects,,,,,
967751cb9f002ab17d1c,fork,Straightening wire,,,,,
103cadf79fd97245d34c,book,As a weight for a mat or rug,,,,,
e4af849ac0d6ee51cf03,towel,Dusting furniture,,,,,
5351b257c1ced1367f91,fork,Waving to get attention,,,,,
1f0c07a562b1220334f9,can,To cover gaps between boards,,,,,
6002a230b32b701dc832,towel,Scoring glass for etching,,,,,
98bbc082ca24f4dd63f9,paperclip,Creating small weights in crafts,,,,,
813c30b1d3ba80a1ebf0,paperclip,Bridging gaps in small objects,,,,,
5672444ead7dd1488145,paperclip,Folding into art projects or sculptures,,,,,
bcc78e03148c0aa6537f,fork,Adjusting small jewelry pieces while wearing gloves,,,,,
d355dec7622a3ce88ca2,towel,Cleaning small spills,,,,,
cdb572706c5a5f26a21f,book,Surface for placing small objects,,,,,
ab5ee70db21008f06c45,paperclip,Anchoring price tags to items,,,,,
b97492e7520422c7a21f,can,Using the lid as a plate for small items,,,,,
3a82a485c430506fb1b2,can,作为容器临时盛装物品,,,,,
5534c0db7e1f5fb59747,paperclip,Holding pages together in a stack,,,,,
72b9cac12919020aa86e,can,As a makeshift doorstop,,,,,
6a941c16a3ccf06ef3e9,can,Clothing storage in a pinch,,,,,
a8d0692625c422f5a514,towel,Drying hands,,,,,
0831f5ce32be3bedeaac,fork,Piercing food,,,,,
299ee1b857fe9a6c8edc,fork,Cleaning small parts or components,,,,,
a0626d884716a3962b09,fork,Straightening bent wires,,,,,
883b40d57ec6fe544538,book,Surface to write on,,,,,
b9778160be72a73f1819,towel,Cleaning aquariums,,,,,
852a4f922a5913f842f5,towel,Plugging gaps between windows and frames,,,,,
6f848d2a2287ae507942,book,Signal mirror,,,,,
f5b409b1b19c83a139f2,towel,Cleaning dishes,,,,,
06c52cb1b71c5dc91047,towel,Absorbing ink from dropped markers,,,,,
34463574a6e592147690,can,Camouflaging small wounds when bandage is unavailable,,,,,
02242a8d93efd22d189f,paperclip,Creating origami figures,,,,,
42a4463da6f80cc312f3,book,Sound amplifier in public speaking,,,,,
0d359028211d4635e0c2,fork,Keeping food stationary while eating,,,,,
072a002bee874de0505a,paperclip,A template for teaching shapes in early education,,,,,
aa4fe3dde477b88ece17,paperclip,Securing staples in documents,,,,,
dd2c2aeb24c57dee9ac5,towel,Cleaning dishes,,,,,
45545e99535a2a34b1a4,paperclip,Secure labels on containers,,,,,
4023716ef4fb44f74591,can,Acting as a paperweight on a desk or table,,,,,
b8c9d0b85607247c60ad,fork,Opening binge-worthy books,,,,,
5bda5d6ff63d04f341b0,fork,Scraping food residue from plates,,,,,
0e8859d168cf7afa868d,book,Toy,,,,,
14c1113c885a15a181fd,can,Hammering nails into it for hanging posters,,,,,
1ced6e88cdf06afc7b63,towel,Making simple jewelry from beads,,,,,
d2281bcc08dea722c159,paperclip,Mark pages in books,,,,,
44cb626c08c7d709cfe9,book,Ink blotter,,,,,
7dd98696ed49e6a10f59,towel,Feeding small pets,,,,,
b24c872ee8d15621686b,can,Banging it to get someone's attention,,,,,
a70f51fac9db5b5aca36,can,Self-defense tool in emergency situations,,,,,
d5d280d4056617faab5b,book,Placemat,,,,,
e5efa7150f6d1f386975,fork,Mixing small amounts of paint,,,,,
d97de8e0b5794a49164d,towel,Wringing water out of damp clothing,,,,,
5dfc551b86876600c547,fork,Opening tight lids on jars,,,,,
4107233872a15aebed28,towel,Wiping hands,,,,,
67a0830c22649a0f2ec3,fork,Removing small splinters,,,,,
6a80e3a9edb6cf247684,towel,Drying dishes,,,,,
ac8cd1bd870d80213170,paperclip,As a simple lever for small tasks,,,,,
9525dd60bd3f894756cd,fork,Scratch itchy spots,,,,,
815ceded0a1dc2aec9e1,can,Tool for tapping delicate objects into tight spaces,,,,,
540e9ea1346b891d7f88,can,"In art, as a canvas support.",,,,,
93fadb2df32f26890cb2,towel,Absorb spilled drinks on furniture,,,,,
a5f33e1ce1d3e307c052,fork,Adjusting small object positions,,,,,
a646862db3d6a319961a,towel,Stabilizing glass during cleaning tasks,,,,,
db2378be0e047d0c094a,book,Dog toy,,,,,
645751a3bf3f0d78cf28,paperclip,Pinning up small drawings or notes on a notice board,,,,,
15ecd4ab80bb66813be6,can,Serving as a prop in theater or storytelling,,,,,
f63ebfacc2b55f814a9c,book,"Musical instrument (e.g., maracas)",,,,,
a4c1eef46b044c33755c,can,Material for wrapping gifts,,,,,
9cd86139f715aff329f3,can,To catch small accidental spills,,,,,
c4f9bb8677e70219d16e,fork,Supporting plants in a garden,,,,,
45354c790c8fa378c6d3,can,For mixing small amounts of paint or glue,,,,,
44201fcd1731eb25fb65,towel,Blotting excess moisture from skin after bathing,,,,,
8be27e4e39415b4b398e,towel,Creating makeshift leashes for pets,,,,,
cd27ac447b48d8745276,fork,Opening packaging,,,,,
ccb7a067b62bdb2d5ed1,can,Used as a step stool in tight spaces,,,,,
2a599a61893a1f970386,can,Signal flare for emergencies,,,,,
8ddba9ca0af92ff892a7,can,Boxing instruction guide,,,,,
30d16df6271aeeab09f9,fork,Piercing food,,,,,
dbab65da9482748fa1b9,towel,Covering wrists while gardening,,,,,
82c7531042e790c9fa59,towel,Protecting furniture from scratching,,,,,
f4e6093f4bc74a34db71,book,Nap mat,,,,,
78b072a61b84abda33fa,towel,Blotting wet hands while washing,,,,,
d3a369e9d0a200777d6d,book,Toy for pets,,,,,
94d827cca6bf58113df1,paperclip,Attach small notes to items,,,,,
da62341cede6b2303525,towel,Cleaning computer screens,,,,,
b6b602640c2315f6027f,can,Salvage marker buoy,,,,,
feacc86905de32ffdae4,can,Marker holder for camping gear,,,,,
4e2a0f268bc8b4527279,fork,Fishing gadget for catching small objects,,,,,
dda860cb84f7c0f458bc,towel,Dusting objects,,,,,
95bb17a468d767821525,can,A时尚配饰,,,,,
9d290f813363fc146e06,fork,Cleaning small grooves or spaces.,,,,,
d70f6523490ad69f201e,paperclip,Create weights for tension testing,,,,,
65a0dc5cab8039d6a87a,fork,Serving as a shortcut key alternative in computing,,,,,
46f1931c7d1bcd638f08,fork,Holding papers together,,,,,
e095063e53081184771f,paperclip,Create paper clips art,,,,,
390b9465a561da343114,paperclip,Hanging small items like keys,,,,,
a529206e3d1e3654ccb9,towel,Covering plates to keep them warm,,,,,
d36f3d01136f8c396c82,paperclip,Secure bookends,,,,,
6daf822bd940b879bf9c,paperclip,Space out items in a photo display,,,,,
e3bd7032beff1137919f,fork,Pricking fabrics to aid in sewing,,,,,
62d0296af4aa21bd1879,fork,Fishing lure,,,,,
28e5625e09666d0a4659,fork,Opening tight jars or containers,,,,,
3621fbd77e405319df92,fork,Keeping food warm by resting it on a plate,,,,,
4ddc1a4940b462f51537,towel,Dusting surfaces,,,,,
a49489e684407ba3a7e3,towel,Buffing shoes,,,,,
d42b86ddb66d9854fb59,can,Scratching an itch,,,,,
9c521c74db6052b64e78,can,Platform for painting or coloring,,,,,
2b83f2d9d3b337a607a4,towel,Starting a fire,,,,,
a433cb1c24af36488479,paperclip,Creating small weights for experiments or models,,,,,
cc6c8d9cb38473750983,book,Marking plant growth,,,,,
468578bfb142e86955b6,fork,Making small indentations in wax,,,,,
0d4551466dff525dde13,book,Paperweight,,,,,
42d59392a243bbfdc093,fork,Twirling hair,,,,,
9d590cf577d0b01fcecf,book,Bird perch,,,,,
41f089d17357e847edaa,paperclip,Create a small weight for balancing scales or objects,,,,,
23cb4d91b077c9d563ce,paperclip,Secure business card to note,,,,,
0bbd31b56f527ffea375,fork,Temporarily marking spots on floors,,,,,
d879e74b3674db6eb61c,towel,Polishing silverware,,,,,
3b3c5227ed68bed2ad93,book,Fan,,,,,
bc94202b58b85dbfece1,can,Resting non-dominant hand while writing,,,,,
9ffbe380b4e6f3248ede,fork,Pricking balloons,,,,,
2f1db5ecbbe978dde824,paperclip,Holding together loose shirt sleeves,,,,,
63e79b3597657316a477,book,Bookmarking pages in a magazine,,,,,
17d991159458687dd942,can,Cleaning delicate glassware,,,,,
c21f9023ff74d382d699,towel,Mopping small areas,,,,,
946c7a2e5c5988a7dcc3,paperclip,As a small weight,,,,,
5426888d4356013c2185,paperclip,Straightening bent pins or wires,,,,,
ce6b47683107347e63e9,book,Toy for a small dog,,,,,
5c5cd2a166ddbdf91999,book,Decorative item,,,,,
95d8c999a76ecf78cb21,fork,Separatingsmallobjects,,,,,
15c9cccabc7fbc913a55,fork,Greeting pets to indicate feeding time,,,,,
ee8895c2ec4aaae87514,can,As a catalyst in conversations,,,,,
e422a33f90298e58a55c,towel,Protect skin from heat,,,,,
0b31dd8cc618fb9062d9,towel,Crafting in arts and crafts projects,,,,,
7fd1d528dda6821cd1d3,can,In a game for throwing and catching,,,,,
f461c7daae27dc45f84d,fork,Holding place settings,,,,,
a1aca9764305c930c829,book,Source of paper for recycling,,,,,
7598e6ad30b88fd16112,can,Opening stuck jars,,,,,
5bcac81250bd9ebd7d44,can,As a decorative item,,,,,
0c3bfdd93c35bbf78ba6,book,As a doorstop,,,,,
b1c3b544eb5bdf874031,paperclip,Hold string ends together,,,,,
07f860bd577d17f3cc16,paperclip,Open clasps or small toggles,,,,,
41d8af5ffba62ca7effc,can,In a classroom as a pointer,,,,,
98778cb5201a93fdaf21,towel,Scraping residue from containers,,,,,
95d8825749f824a99166,fork,Moving small papers,,,,,
be28a670501e36c6d1b0,towel,Refreshing makeup by pressing on face,,,,,
7b83b9a3eb06ce8b9917,paperclip,Hold edges of paper together,,,,,
12d7bf11470ea3998dc5,fork,Piercing food to test if fully cooked,,,,,
0bbc77f240ccfc22d383,towel,Cleaning computer screens,,,,,
0843fa39c1afdf55d20d,fork,Serving oneself from a buffet,,,,,
1f991e1f6cd18fb4ace4,can,Using as a paddle in shallow water,,,,,
45f37f0bfa31868a9776,paperclip,Fashion jewelry for earrings or pendants,,,,,
f1854906c760956f77d1,paperclip,Marking price tags in bulk items,,,,,
dc1dda781e8b34612495,paperclip,Secure business cards,,,,,
41a7bebdc6de889fbf38,fork,Dislodging food from teeth,,,,,
879d0016de4670fdda16,paperclip,Connecting loops for hanging,,,,,
8c28983dc4e7a70b6c89,paperclip,Hold papers together,,,,,
c2f1ec5273fba053feb3,paperclip,Operate simple levers or toggles in DIY projects,,,,,
72c5f90859053d0a3f94,fork,Unlocking mechanisms,,,,,
0fdab8d77a5d7296a015,towel,Plugging gaps in drawers,,,,,
640f06d7a33d2ac53c83,can,Spoon rest,,,,,
36879301763568271500,can,Container for small items,,,,,
a8a57b10a6c2474abd48,towel,Cleaning computer screens and monitors,,,,,
5467c12137be97f45a51,fork,Opening tight jars,,,,,
42d866e147da719e25fa,book,Tool for hitting nails (soft surface),,,,,
f201e06bba760d0a5a9f,paperclip,Marking the line of a folded letter,,,,,
0bdcf0681a360a5c35fb,paperclip,Marking corners for folding,,,,,
b88d995f51027f09197f,fork,Cleaning small spaces,,,,,
84de043ffb083485be1d,paperclip,Edge weight for documents,,,,,
bbf9734328c31dd302e1,paperclip,Mark place in a book.,,,,,
a7c0f684e971f82fb95b,paperclip,Hanging lightweight items from a hook,,,,,
0705c8adc5b6fd0eea44,can,Marker for level ground,,,,,
21866cc9c8b6f56c62cc,book,Doorstop,,,,,
afbdc8d718820ebbb502,book,Nap mat,,,,,
c0a4a0ac23971e192f2a,can,As a container for beverages,,,,,
2392ce0dbea94e49e798,can,Keep hands warm,,,,,
38b80e233adba64ec05e,can,Smashing pills into powder,,,,,
c1c4fe53e4b3d66e0e9b,towel,Dry hands,,,,,
4bdd05514d60e234f447,can,To clean small surfaces,,,,,
23a18b34e3dec58e85a0,book,Birdhouse,,,,,
09abe82d2af723bc71f3,paperclip,Separating cards in a deck for organization,,,,,
cac7d34876c7c89217b3,can,Hammering small nails,,,,,
cb173d4542af149cec8a,book,Paperweight,,,,,
05c1b5688c8691386dee,paperclip,Bend into a small hook for hanging plants,,,,,
560fe95cfe8673e50240,towel,Wiping hands,,,,,
a7d02d64090262db82df,fork,Cleaning small objects like camera lenses,,,,,
7080d09e2c028b6adbbc,can,Can for storing small parts,,,,,
9755eab3c5746c3a6fa2,towel,Protecting surfaces when writing with a pen,,,,,
70346e421ab90c79d803,towel,Absorbing spills on furniture,,,,,
119fb107869a235dfc6f,book,Doorstop,,,,,
d4d5a3f3a00357e3683f,towel,Wiping a table,,,,,
278ccb3ea160d3fb5aba,towel,Wiping hands,,,,,
2936876477a368eb4671,book,Bookmark,,,,,
da5ef98bcc37aa4a6529,towel,Plugging gaps under doors,,,,,
4a85df44cce17bba7de3,book,Source of paper for recycling,,,,,
e760ea85d21ed159f1a0,can,Handling tool for delicate items,,,,,
c6dbea63ecc52c5af6fd,towel,Cleaning pet cages or fish tanks,,,,,
e9501679ba815cc3a801,can,As a measurement tool for short distances,,,,,
ee1b0dde94bec5c85e08,can,Pricetag for items in sales,,,,,
12c24293996260372b14,paperclip,Marking page numbers on notebooks,,,,,
a6e9df2a4f369f97bafb,can,Drinking from,,,,,
a21aa1f4a1bb6a935e3b,can,Serving as a seat or stool,,,,,
22c89581fe18be12f428,can,Beat dough for baking,,,,,
4e365de7f3ece1f83279,fork,Hitting targets (in certain games),,,,,
1cf80f94a9093afcb134,towel,Wrapping a small gift,,,,,
d024b6f0b0baa8836e87,paperclip,Musical instrument sound modifier,,,,,
4064ba976a8956ef4811,can,For signal fires,,,,,
c9ab776bbe2a7e2f0d48,can,Scratching itchy parts of the body,,,,,
5f61cb49ed5e552f8c81,fork,Pencil grip for the disabled,,,,,
40d0ccf550f71018438c,can,Light saber prop,,,,,
938b558f8a89282b8e1f,can,Structural support for small scale art installations,,,,,
4b6612a8786c3a296948,can,To apply pressure in crafting,,,,,
c006af0e808df41d8a87,fork,Scratching an itch,,,,,
ea5edc60435e6d482bbf,can,Trash bin for small items,,,,,
33261406c471f68f8bdc,paperclip,Securely fasten mail into an envelope,,,,,
c79e62679449bcbdf321,book,Level,,,,,
455af22905b1eeb8d1d4,can,Banging on a table for attention,,,,,
be40b1b8352aa5f2d693,towel,Wipe_txtile_toothbrush,,,,,
4bcee1684c9ca9ea7a63,fork,Cleaning small holes or slots,,,,,
6b99cbb7cc756561ea17,towel,Making quick repairs with adhesive tape,,,,,
7226bd086f4ced15ec26,fork,Pricking small objects,,,,,
5e3a443b477d5df55553,towel,Emergency fabric for camping,,,,,
6074f359af30235135f1,paperclip,Hold string or yarn ends,,,,,
ae386c4e33b60e84f6da,towel,Temporarily fixing torn clothing,,,,,
172ed6804b34e6fa2367,fork,Piercing materials,,,,,
8340d901742a08e38a51,can,In art displays,,,,,
c827e63e3caeecd143c2,book,Pillow,,,,,
599cd9e39d11fc7b00d3,towel,Wiping hinges to clean them,,,,,
d7db307a6498b4a56259,book,Level for pictures,,,,,
4c592148ac1de06ee29a,book,Fan,,,,,
f25652bcc0f44e493415,can,Nutcracker,,,,,
5eebf6e1f38d056ff7f8,towel,Cleaning glasses,,,,,
57a7b795d4ac2de4a134,can,Edge for balancing objects near dropping,,,,,
0b560c93bfb3e18f6b58,fork,Indicating turn direction for table place settings,,,,,
4b24dbd71fd2b4766112,can,Planting small seedlings,,,,,
3f9a2f201105c80e5ba2,fork,Opening jars,,,,,
bdff95ac6fc291f5ae18,can,Shield in historical combat.,,,,,
0134dc27e40c7d86ba43,towel,Insulating hot dishes,,,,,
bb03a36375aa0f6f2c50,can,As a signaling device by throwing it to catch attention,,,,,
3cfb5b460ee5983cf91e,towel,Polishing glass surfaces,,,,,
cb925e73bfbe42c92304,book,Pillow,,,,,
b998a34742faee46f8bf,fork,Cleaning small gaps,,,,,
ecd9dd6ac82b9ded7c7d,paperclip,Measure small distances,,,,,
6a79261afe8091941fa8,towel,Dust off electronic devices,,,,,
6f07f8a00daa95ed2b45,towel,Roll out window seals,,,,,
b1c5f64b4664356ff33c,can,Tourniquet for minor injuries,,,,,
1b89b5cbd86eabb52d63,paperclip,Contain small paper scraps in a notebook,,,,,
f3d4f6d30a0f64476ace,paperclip,Fasten business cards to notes,,,,,
05c5ab3516d8ba939971,fork,Unlocking small mechanical devices,,,,,
ec813231cb2db040ed71,can,Opening stubborn lids,,,,,
e6196790a19ffb217962,paperclip,Assist in tearing paper by guiding the cut,,,,,
36fb47ada294a0c34d9c,can,Covering plants to protect them from insects,,,,,
26e08a22aa4c2b8a8050,book,Plant pot,,,,,
01ee2340551bb8437581,fork,Holding fabric in place while cutting,,,,,
d20cc76361fd4d366f72,paperclip,Mark place settings at events,,,,,
8a2b08fcdb794a706967,paperclip,Wall hook elastic extender,,,,,
ce4d439636ed1c2c9b0b,book,A marker or pointer during presentations,,,,,
c1e933bf16e474441bd6,towel,Polishing eyeglasses or sunglasses,,,,,
87fb3b3ca7160aa3daf6,book,Paperweight,,,,,
b2a55ef92732ec3453a8,fork,"Cleaning small equipment, like rifles",,,,,
fc70722bd36f80bd3b3a,towel,Wiping spills on countertops,,,,,
00e26da7968ef2dffa47,towel,Removing makeup,,,,,
c557051f595aa539fda6,paperclip,Marking the last page read in a book,,,,,
ddf38a9b9f0cd78dd66a,book,Hammer for driving in small nails,,,,,
790e88526822d09928c5,fork,Holding pages in books or documents,,,,,
ac86b8674e47d508d0a3,can,Filtering small objects through its mesh,,,,,
30f1b7d8b93897f7b176,towel,Making简易帽子,,,,,
f91b028ccdcc9701d889,paperclip,Holding papers together for organization,,,,,
8cfce9e29bda30a6ae51,can,Protecting hands from cuts while gardening,,,,,
1703f81d7ba20dd354e2,towel,Removing paint from brushes,,,,,
3a9738246ab996ce125f,towel,Wiping windows,,,,,
a1ce60fdaee59c95f4ff,can,Holder for garlic or onions,,,,,
0d8b0e57c158f0620753,towel,Wiping a messy face,,,,,
0ccd7f02e9cb98df1525,fork,Mixing small amounts of substances,,,,,
80be9cccc0bbe8d88e24,book,Backpack weight,,,,,
9634cfd7a9c635e5ac18,can,As a container for small items,,,,,
204ed17c49280a2d9627,book,Marking pages in a magazine,,,,,
3076354a997d871b22d7,fork,Measuring non-liquid substances by volume,,,,,
f60169cc106b062bf8ee,towel,Wiping dry dishes,,,,,
297e8f6da16895b9cc2b,towel,Cleaning shoes or boots,,,,,
b2a003d36966aa4aa1e4,towel,Insulating hot objects,,,,,
413e0645edb1d5f6b190,paperclip,Hold papers together,,,,,
f18a151ae940021967b9,towel,Polishing shoes,,,,,
e902574dca2e4c0eaf61,towel,Wiping a camera lens,,,,,
36393501fb9fd1dd90a0,can,A toy in a children's game,,,,,
70b5e5885d355b5b2b3e,fork,Opening packages with sticky seals.,,,,,
cea514b6e9720b72d4f7,fork,Servicing as a small rake for leaves,,,,,
5cac2d5b76739990db24,book,Musical percussion instrument (tap rhythm),,,,,
4aef4e24024cebfda64c,can,To organize small items like screws and nuts,,,,,
1b5422d6098054214d01,book,Decorative object,,,,,
997addd7a7a306e25b2c,fork,Opening tight lids on jars,,,,,
c5709754f4dec573c61a,towel,Protecting furniture during moves,,,,,
4d5718f31f985de003d3,paperclip,Securing small clippings or notes to a document,,,,,
e68f6daf096cd49f6e9c,fork,Cleaning small decorative items,,,,,
da6fca0b48acb41d47ae,can,Decorating a Christmas tree,,,,,
add45258fde47c9f99da,can,For signaling in emergencies by shaking it to produce noise.,,,,,
90d00cda2e6d8e936f90,can,Can as a decorative item,,,,,
05bfe4cf6e3f2841d1e6,fork,Serving as a guide while threading a needle,,,,,
b39295228c2313522fa2,can,Fan propeller,,,,,
4c292da1300df6286cef,paperclip,Hold sheets of paper together,,,,,
8938c319595b44172c2f,can,As a tool for gesturing direction in public speaking,,,,,
6ac0467283223e6795c3,paperclip,Creating small weights in crafting,,,,,
48aae5808432b16a7a35,can,Material for crafting jewelry clasps.,,,,,
ae8e5e4218eb74ac6840,book,Firestarter,,,,,
9d136af5c063e7aabe7d,book,Bookmark,,,,,
123a13438613fcc0ebdb,paperclip,Marking spots on a map,,,,,
f319ff4a34cb85334a12,book,Toy,,,,,
4ddf3a034049e474942e,paperclip,Hold sheets of paper together,,,,,
a74c0cb6f0d34260b795,towel,Polishing car windows,,,,,
cd98b2f7fd8bfead1fdf,fork,Scratching itchy skin,,,,,
8d2264cdf70060fbd7e7,book,"Weapon, for light defense",,,,,
49615d34d837f80b2ce0,paperclip,Hiding a small amount of cash,,,,,
77dbbe8192c06d440862,fork,Mixing small jewelry or beads,,,,,
67cbcb2c4e019a8b1ceb,book,Frisbee when thrown flat,,,,,
6b981e91c61a93473f52,book,Hammer for driving small nails,,,,,
7ee5f6231b9b412fa2fd,fork,Tapping on surfaces to get attention,,,,,
fbe4fd983a9dde4aa609,fork,Holding utensils in place during cleanup,,,,,
0be98c2a433a44236282,book,Surface for writing or drawing,,,,,
9b4d9faff73f71342b94,book,Bowling ball (in a pinch),,,,,
df2e27585fb038ba02b4,paperclip,Creating clips for corner pinning,,,,,
5877f8a7aca43c516ddd,paperclip,Create simple paper weights,,,,,
713357318598f12292ad,towel,Polishing small glass surfaces gently,,,,,
f71372f2fea523f428dc,book,As a tool to lift heavy objects temporarily,,,,,
f872cffa122986aee309,paperclip,Holding pages together in a notebook,,,,,
c23d913132b145933622,fork,Spreading butter on bread,,,,,
2855cd9f968e35f5fb5b,paperclip,Attach labels to objects,,,,,
6eec448fc963a042d76e,can,Shield for delicate items during moving,,,,,
4c7170dd771ddbba1774,towel,Lifting heavy objects,,,,,
c359599183ea51b4c11e,book,Door stopper,,,,,
50b918cd17c5f5e0c758,paperclip,Hold papers taught for stapling,,,,,
cb22b0da42923edbe302,towel,Insulate hot surfaces,,,,,
3b20b679b195d79c7af9,paperclip,Serving as a简易书签,,,,,
f45b49ab449a66a9d38b,can,As a lid for a small container,,,,,
b39c1d9f4b37ad659237,can,Cleaning small surfaces,,,,,
6bb7b1a43884fd5422dc,can,For storing small hardware items,,,,,
4a64d7da362c388a166e,towel,Polishing jewelry,,,,,
efc36d40cf5fd01961d0,book,Serve as a doorstop,,,,,
eed3fa6a89d891fa2ab2,paperclip,Spike punching guide for small holes,,,,,
15eb89ec536a752ef567,paperclip,Tying strings or threads together,,,,,
6256152da395285f635e,book,Toy for a small child,,,,,
a4e1ec8744a28ca955f6,paperclip,Connecting pieces of string or thread,,,,,
4e05670e98d70a8f9a8f,towel,Tying objects together,,,,,
263c5daf9a5d38a52a7b,book,Paperweight,,,,,
67f4622634cf9a15dc0b,can,As a tool to break into a locked room (illegal).,,,,,
1b3a1262edf3302a2acb,can,Opening tight jars,,,,,
4abbde6220f9308fe87f,towel,Polishing chrome,,,,,
1b05dcf74e7a24c4c138,paperclip,Open thread on fabric,,,,,
048d4c014d4b462eaa59,fork,Testing soil moisture level in potted plants,,,,,
2623fabadac4803bdd7b,book,Strainer for large particles,,,,,
91e39bf1bac84115d865,can,In crafting to make DIY vases,,,,,
b19a3078c203ca6f6245,fork,Marking cloth or paper for folding,,,,,
45d2de2a83c156067b16,towel,Absorbing spills,,,,,
dface47bad548bfc1e5e,can,Momentary switch,,,,,
f6d31eae6eb9876b2cfb,book,Weapon (for defence or in martial arts),,,,,
9f9bbff756ca64fa2773,towel,Sopping up spills,,,,,
2c04d5b42b0b7ed0f184,can,As a tool for hammering small objects,,,,,
1844fc356991f1a94eca,paperclip,Creating bookmarks,,,,,
3054e3f103aefd80b8d9,can,Him as a target for a piñata,,,,,
23b7ad79225ab2758c95,towel,Absorbing ink,,,,,
529f9dc7807641a97c36,towel,Holding small items like jewelry or spare keys,,,,,
49fddb24ce413cc683d9,fork,Opening tight lids on containers,,,,,
5359edd12d215fe0a13e,book,Doorstop,,,,,
ad2169e8dcbce39eff2b,can,To scoop dry ingredients,,,,,
06ee1a4a52a8f7166685,can,Container for holding various items,,,,,
7c058c19dd6ec37ac91e,towel,Plugging leaks temporarily,,,,,
1aadd50ad1d6c743d9fc,fork,Screw extractor with the right tool。,,,,,
2e6118abd04af1c3658b,fork,Mixing light ingredients in cooking,,,,,
5a28f435bc96d0ed344b,paperclip,Connecting sheets of paper for scanning or faxing,,,,,
20da544c28f99d651ca1,paperclip,As a makeshift paperweight,,,,,
fc47693dde3f5d10f37e,fork,Create small air holes in dough for rising.,,,,,
aa13bdc5d2a4cd7182c9,can,Crafting a simple dip-net for fishing,,,,,
bbaf1e1b034b060a2082,paperclip,Fixing broken zippers temporarily,,,,,
edf9b5ba7a5ddd6c9f99,fork,Holding glasses while pouring liquids,,,,,
3293825fb285ee519d33,book,Doorstop,,,,,
3c6d149a736b2dfdc1e0,can,Holding small tools,,,,,
b9aed563fc78f68389a5,towel,Absorbing ink from printed documents,,,,,
680f4cf52484c5202655,paperclip,Fasten business cards in presentations,,,,,
2509d6d0ae61e16d35fb,paperclip,Keep covers of photo albums closed,,,,,
9d88e62f31e115737f5f,book,Book as a hammer for soft materials,,,,,
15ef469f800287e806c6,paperclip,Securing small items in a notebook,,,,,
756e1f0e180e42025323,fork,Whittling or shaping wood,,,,,
c564cbf65f4da4dc86d9,fork,Fashion accessory or jewelry,,,,,
e8b7c899b87d2208878a,fork,Piercing food,,,,,
fa331bae670e857b4220,can,Use as a footrest,,,,,
46e9e949068c11707fc7,paperclip,Making simple paper weights,,,,,
efd4c6badea48297e6e4,paperclip,Creating decorative borders on gifts,,,,,
cbdecf115a5d6673230c,can,Emergency shelter frame,,,,,
05e78453df98027dee1e,book,As a decoration on a bookshelf,,,,,
bc61102d9ef08c58ba54,book,Plant pot,,,,,
0ff1c398c39671ae1be2,fork,Holding up eyeglasses for adjustment,,,,,
bbd68a45ebc7374c94a5,paperclip,Keeping pages together in a stack,,,,,
b6effb4aa4124b070cfc,fork,Pressing out excess liquid from liquids,,,,,
9856de95a9e9a1901d1e,towel,Wiping feet,,,,,
48b6c8b1dc773882cd3c,towel,Cleaning glasses,,,,,
076af73d0cc8024f7132,book,Hammer for driving nails,,,,,
d9825ba2350769396223,fork,Whittling small pieces of wood.,,,,,
7552390f32fce515229e,towel,Covering a cup to keep it warm,,,,,
f030316579a785275191,towel,Holding small items together,,,,,
7f28ac28038c780b1ae4,towel,Covering a bowl to keep it warm,,,,,
8f89070d94416413dfe4,paperclip,Marking pages in a book,,,,,
67f7e131b18f55b6542b,book,Kindling for starting a fire,,,,,
9b06da132070b36172d6,towel,Absorbing spills on tables,,,,,
262415dbcf63a28ba2e9,paperclip,Mark important locations on maps or plans,,,,,
4010bfa14945777f359b,paperclip,Mark the end of a line of text for emphasis,,,,,
555cdebbfba01ca56610,paperclip,Stringing beads or charms for jewelry making,,,,,
630cd3696ef6af386dde,book,Book as a paperweight,,,,,
82260e493ed3bfb70f66,paperclip,Secure strands of hair,,,,,
0293a6a697330b92718e,can,Small cutting board,,,,,
c12b2ea2437213388aea,paperclip,Securely fasten documents,,,,,
2cd7f1e5e0a5b43f1639,can,Whipping up small children,,,,,
d3e0cf456006b8c32d00,paperclip,Securing bookmarks inside pages,,,,,
9dd14ed1ee85df01206d,towel,Wrapping around a sore elbow or knee for comfort,,,,,
3a75c76778911aeb3a30,paperclip,Holding pages together in a binder,,,,,
4b6a0ed46c7a1cae15dd,fork,To create art by carving into softer materials like foam or cake,,,,,
233168e426f34de9bf6a,towel,Holding onto sharp objects for protection,,,,,
0a6d24f6aefb1170c154,book,Decorative piece,,,,,
2adba90c4f65dbbb8dd3,fork,Cleaning small details in jewelry making,,,,,
1f8ac5e75841d4aa2ce2,paperclip,Mark the end of a sheet for alignment.,,,,,
f555cbd104ec2888f8eb,towel,Training dogged pets,,,,,
e4243597889cd5e1f3c3,book,Pulse oxygen saturation monitor,,,,,
c68b04728452d2b1d61e,can,Pet toy,,,,,
32950848dd1a5fe54fab,towel,Polishing silver,,,,,
14bcdefe75634a42971e,can,As a makeshift ruler for small distances,,,,,
576d143e003b4255cc7e,fork,Piercing food for tasting,,,,,
059a94026e02285c9e11,towel,Making temporary repairs to clothing,,,,,
6d00d453cd9fbc46ab41,book,Scrape tool (for light cleaning),,,,,
2940cec59360f090eb85,can,Mixing dough for baking,,,,,
5fc469336477ebc02fb1,fork,Straightening thin wires or metal strips.,,,,,
83651692f0901a1b2b1c,paperclip,Connecting notes to a memo,,,,,
b9d5252346cde3189bd6,paperclip,Pin up remedies on refrigerator,,,,,
6fc90228ea43b8b4659c,can,Firewood separator,,,,,
d5497acba77c0a36aebf,fork,Tapping musical rhythm,,,,,
f5c4315423c46c0cd909,paperclip,As a small weight for crafts,,,,,
ec7b2d2a981fadcc9819,book,Fire starter,,,,,
2fa03e5894e036fe0fb6,paperclip,Serving as a makeshift paper weight,,,,,
10c6f3a0136a5dab873a,paperclip,Creating decorative elements for crafts,,,,,
a129c787fbbe5e7fe652,book,Weight,,,,,
b0b012b6f27e7bc8dc91,fork,Serving as a chopstick,,,,,
e8b7b0932e9c213e9e98,can,Screen prop for small pets,,,,,
06b2b089297bb7440df1,book,Toy for toddlers,,,,,
b4609ba8a5b240e6de4d,fork,Moving small objects across surfaces,,,,,
606a3c33a7585ccfa34a,book,Toy for pets,,,,,
1ec8c25fcc63e1eeadda,book,Level for checking horizontal surfaces,,,,,
44c6c0b8987d05a69ac9,paperclip,Secure a bookmark in a book,,,,,
9c2f4a9321bcef6cb8c4,book,Fan,,,,,
6aeb07382cfab9461c61,fork,Combing hair (lightly),,,,,
e02d937667ff49e66d54,book,Stone paper weight when rock-paper-scissors is played,,,,,
4060fbd8311253a4d057,fork,Scratching small itches,,,,,
2a347d47f44afea6ff41,can,Support for plants in a garden,,,,,
2b6b8286aff059a7f4ce,paperclip,Braiding multiple clips to make decorative chains,,,,,
adec973ea55875d847cd,fork,Holding papers or documents together,,,,,
888a3c15af46b2275267,book,Using as a weight,,,,,
020f816f3edf77c42b89,can,Marker for indicating directions in a field,,,,,
a3ae82428678204f331e,book,Bath toy to keep books upright,,,,,
01f5ed129e1c331624bb,towel,Polishing chrome on doors and furniture,,,,,
18ad13ff05ddc49473ac,towel,Holding onto small items,,,,,
3c86cf18648f8511d3e9,book,Curtains,,,,,
9adb7d1f095c4ac6c48c,fork,Creating small holes in materials,,,,,
8a7c5d650e71820a066c,fork,Measuring short distances,,,,,
f8e9c4e2cdd29907ac20,fork,Spreading butter on bread,,,,,
bc1a19b2e0d0febb5615,towel,Collecting and squeeging water on a pet's fur,,,,,
022398c8d3218d26234d,can,Can as a plant holder for small herbs,,,,,
75c07f98249775e53130,paperclip,Mark small objects in a row,,,,,
41265327d503b4be07fe,can,Holding notes or papers,,,,,
c7c849e8ffbce5a7b7e6,can,Shield in martial arts,,,,,
841bc335f42c7f8a763a,fork,Straightening wire,,,,,
a41cb3e946dc6511c39c,can,"As a surface for small objects to rest upon, like a tray",,,,,
2335840e3c97452a1918,book,Gluing papers or票据 together,,,,,
2afb113d3bf5e790a2b1,book,Toy for a small puppy,,,,,
c69c80819b5cd415e8da,can,Wind chime bobbin,,,,,
b666c8d371588626f7e3,fork,Holding paper while writing,,,,,
0ed5e324fbbe2d675355,towel,Wrapping gifts,,,,,
08c0de3d98d279f27d2c,fork,Fishing out small objects from spills,,,,,
64ebdec14973f3066097,fork,Pressing flowers between pages,,,,,
3aa58bff3fa95dc041ff,can,Plant pot,,,,,
2887778a4e9a073626f9,paperclip,Fastening the corners of gift tags,,,,,
93b607d1761a788da3c9,towel,Cleaning computer screens,,,,,
1ef3d4f27d340deaf49a,towel,Dusting furniture,,,,,
cc5f782fcd57558f5e3e,fork,Scraping labels off cans,,,,,
14de759560b52dcb722c,book,Stamp in person identification documentation,,,,,
5423db58ccc79912d186,paperclip,Hold papers together,,,,,
8c77b6257637174670fd,book,Headquarters for spiders,,,,,
824a7bb8099dbe8982c1,fork,Opening bottle caps,,,,,
9ffd408eb2b28d90d9eb,fork,Opening tight jars,,,,,
b3663f1fd872fbc8aadd,book,Pendulum for a clock,,,,,
3093da33a3fb3b9b52b7,fork,Opening stuck lids,,,,,
f902f902d81a3f3954bf,book,Gaming die,,,,,
cfffe13aee18242a111b,book,Decoration,,,,,
18996c04d079c42c8049,fork,Acting as a simple tool in prying tasks,,,,,
cc2b25bd776a921776c8,paperclip,Fixing broken eyeglass or sunglass hinges,,,,,
1e0197dd05c09c8dee62,book,Plant pot,,,,,
87834bb2a5aa580afa3b,towel,Wiping hands,,,,,
1ae8ec461a186e6eeb2b,towel,Holding small tools while working,,,,,
1a3dc0a72003bd9d47b5,fork,Wind chime,,,,,
8daf6515f2098bad41f8,paperclip,Securing small parts in assembling crafts,,,,,
57c4df204cf50f2a8508,fork,Holding clothes together in a pinch,,,,,
b990d9666b931ace8109,book,Signaling for help (with smoke),,,,,
95c528ab3c1c225c7f76,can,Mark boundaries,,,,,
e48e3c7254d22441759e,towel,Covering food to keep it warm,,,,,
e4cfb7672e8521db4c8d,book,Weight to press flowers,,,,,
ffce4c9a794c0d8a0b55,can,Seed planter for small flowers,,,,,
7cbba2e2fcbff499d5ab,towel,Marker eraser on whiteboards,,,,,
bb0eac719b93251bc149,paperclip,Holding covers over cracked nails,,,,,
8b355ae86ff5893c0250,book,Doorstop,,,,,
6d03684d2a1907d81c96,fork,Pricking or puncturing soft items,,,,,
5a7dd2f3900b414a210a,towel,Wiping hands,,,,,
16e97f69616c34aedac9,towel,Starting a small fire (absorbent and ignitable),,,,,
2b15bc167bf643fef6b1,book,Cooking shield,,,,,
b113b97cc84ad3655a55,book,Cricket bat,,,,,
bc62a10c70544b5015cd,towel,Cleaning computer screens and keyboards,,,,,
04b48090050512d0aac0,can,Shielding eyes from splashes,,,,,
a8d36f64ce550c1a4238,paperclip,Keep edges of papers contained.,,,,,
f51ef2afad878c37f149,paperclip,As a simple building material for mini structures,,,,,
e99168f9fe3762783d27,paperclip,Holding lunch bag openings closed,,,,,
dfa94909ee1263398200,towel,Cleaning shoes,,,,,
95ffd85f7a570d84ddcd,book,Doorstop,,,,,
f8244bcd4b9259a1e6be,book,Weight to hold down a fabric,,,,,
bdeccae81a2eca06c5b6,book,Toy for a pet bird,,,,,
5586b7f918ecd6fc17ee,book,Fire starter,,,,,
45a532ca2b9a884353bf,can,Can as a toy for pets,,,,,
be89a350f4bcb99160ee,can,Marking object for games,,,,,
3e67900d8b405471a03e,towel,Insulating a hot plate,,,,,
8aff82b793dfa9af39f7,can,Container for holding miscellaneous small items.,,,,,
a486db32b59031962fbb,fork,Mixing small quantities of food,,,,,
b0d727c78b5908fd140b,book,Decoration,,,,,
46a0b9520f09769b4042,can,Scrapbooking,,,,,
e82fbcd18d530be42e22,can,Wind instrument,,,,,
caed5dce705a27a8440c,towel,Removing lint from clothing,,,,,
2aa7742248433d939d5c,can,Tap on things,,,,,
dc9450805a9ac6511c7c,fork,Staking plants in a garden,,,,,
fa22ad783b924d4cf128,fork,Gaps filler in furniture making.,,,,,
25bcb5fe7881c02bb54f,towel,Covering hot food,,,,,
7892bd7d5c9f08bbfcbe,book,Weight to hold down paperwork,,,,,
c7f3faa4461a830a4bb5,book,Sound amplifier,,,,,
447e0d820fa2db5059e9,book,Replica in educational models,,,,,
e4abb395c8771a2cde0a,towel,Cleaning windows,,,,,
6564b253fe9f0514a766,paperclip,Secure bookmarks,,,,,
58e80cc02c00399203a6,can,As a makeshift lever,,,,,
9420d6d863e4470ed1b9,paperclip,Divider between items for organization,,,,,
259674321aaa37521281,book,Fire starter,,,,,
8bc74114099005d24f02,towel,Absorbing ink from drawings,,,,,
3a20dc99156b4216abc0,paperclip,Hold hair in place,,,,,
8756c25e311add9553a0,towel,Cooling down hot pans,,,,,
e9417be61acb56f0c7cb,paperclip,Measuring short distances or marking points,,,,,
0f90e408522a8de55c94,towel,Cleaning shoes,,,,,
59891a3d4b0fc59e7351,fork,Spreading butter on bread,,,,,
1fc87cbb01760a98b012,towel,Covering hot pans,,,,,
0bcc221b76cac8633c41,towel,Cleaning small gadgets,,,,,
90bfa88dffea1eaba067,can,Creating a holder for knitting needles,,,,,
7fed327b0fdf191edebc,towel,Drying hands,,,,,
ad187ecf49f25b37aae2,book,Fire starter,,,,,
8663faab0bec0aed9852,fork,Poking food through before barbecuing,,,,,
806d00283a7d0ce081e4,book,Knife sharpener,,,,,
fb4c0bfc600460430e0a,fork,Serving oneself at a potluck without a serving spoon,,,,,
0f3f0c28a8f7ec3fc379,book,As a doorstop,,,,,
4ee7bc47629e3661a777,can,Covering small openings temporarily,,,,,
b882c63de988c0aa73c4,paperclip,Reinforce the corner of a business card,,,,,
d02fca293c0e3e298628,book,Microphone stand,,,,,
4c69cc6800b4d5f2c053,book,Gift wrap,,,,,
c90f7ca1fc60df8109f9,can,As a container for holding small items,,,,,
6a0b4ef944b4a748d62b,towel,Dusting surfaces,,,,,
291c5f7215441ac79d2c,towel,Decorating as a hanging plant hanger,,,,,
11bf14e5fdc2a3491b21,fork,Holding papers while writing,,,,,
cd21b54e40d76882e083,fork,Winding yarn,,,,,
3763eb40539c478e3b25,towel,Wringing out excess water from plants,,,,,
aa39e5f02454994b5161,book,Road sign prop for road closure,,,,,
c5de0694ee5248ac2d60,towel,Dusting furniture,,,,,
2bdd0f7babd1672bc6b1,can,Marking boundaries or stakes,,,,,
cd3b57ea40bc2ddfad0e,book,Book as a seat or step,,,,,
df9cdc453f3fd6de0401,fork,Piercing fabrics for sewing,,,,,
56a736c8a8949ee4146c,can,To prop up a surface in an uneven area,,,,,
324f5522cc864905e3f9,paperclip,Magnet holder,,,,,
93dea4d5262d3b4670af,paperclip,Fasten wires or cables together,,,,,
207fd585537c9823aa33,paperclip,Mark the last page turned in a book,,,,,
800bb9500b3354f98a1d,book,Decoration,,,,,
3e106e24e4480c875adb,paperclip,As a简易剪刀,,,,,
2a8ddbb29ad7a12c7adf,paperclip,Looping together loose papers,,,,,
14a322f50a756fe3b826,book,Hammer for driving in small nails,,,,,
09ca974e2b4cfeed9a26,book,Plant marker,,,,,
00cbc60c115929d7bac7,can,Plant pot when lined with material,,,,,
4b9a0862c896d5319879,book,Hammer for driving in small nails,,,,,
f02265cf3279872ee9b3,fork,Holding papers together,,,,,
6a9a41db1e6c294640c5,towel,Wiping a lens for a camera or glasses,,,,,
e887cf5bc018d3c926be,paperclip,Measuring short distances for precise placement,,,,,
0f4e2236c61423bd9ca0,towel,Dry a glass,,,,,
cdace826ff91ce5a85e3,paperclip,Fasten lips together in a DIY mask project,,,,,
369a10c705337c903509,towel,Creating a makeshift bandage,,,,,
b6535c4cddfa3d927635,towel,Cleaning glass surfaces,,,,,
40b3a4d68c2efa0f1277,book,News bulletin board,,,,,
83d85238885751746844,can,"In sports, for catching and throwing",,,,,
5f032a77738e55746e7a,book,Birdhouse,,,,,
c633b358280075ec278f,towel,Wiping muddy shoes,,,,,
8d5b2a8c663e389e87d6,book,A gift wrapping paper,,,,,
b3ff38827a71dee08df7,paperclip,Use as a simple weight for crafts.,,,,,
b672b663755edad3a456,fork,Unscrewing bottle caps,,,,,
fc38d9a685c68de90392,can,Crafting a simple dipper or scoop for liquids,,,,,
5bcc64bf9d34fc76078c,can,To use as a makeshift tent pole,,,,,
04b5750ed1f84952b3ce,can,Pry open jars,,,,,
da912d6e594f33d08c34,can,Cleaning small tight spaces with a cloth attached,,,,,
5f93cfb9756dd3ad860d,towel,Cleaning computer screens and keyboards,,,,,
a29ecf58539d3077c6f0,can,Decoration for events,,,,,
b6fceb3d399d948f40b9,can,Placing items for weight measurement on scales,,,,,
cfcb03f0ca91dac9b01c,paperclip,Bookmarker,,,,,
be29f04aaffa4e2287ec,can,In cooking as a container for sauces,,,,,
f42afdc8193332b72fab,fork,Scraping tickets off of mail envelopes,,,,,
42d10fdc85563eb2777a,fork,Piercing food to check doneness,,,,,
4aed72f8ebbb453d9b44,paperclip,Creatively attaching tags or labels,,,,,
42d3d021034a2be7c261,towel,Absorbing water from wet hair,,,,,
001e55542edd4ab53d98,towel,Drying pets,,,,,
4370d87a56fc9d841392,towel,Cleaning eyeglasses,,,,,
b0b4b31e4e9b3d540fc4,paperclip,Adjusting small gaps,,,,,
03dd9c4a5bc20b3eb451,can,Marking boundaries,,,,,
c01206a279f1f9a9537e,book,Toy for pets,,,,,
2a5f12006a5e41d6be5f,paperclip,Keep book pages open while reading,,,,,
f7a922c79577b81a8214,book,Fire starter,,,,,
736be36b758357d8302b,book,Cutlery in a survival situation,,,,,
280bfad7767030194bf5,can,As a stage prop for performance arts.,,,,,
876479aa9c649d47389c,can,Glasses holder,,,,,
9c03983533f7e8226b22,fork,Holding up small objects for inspection,,,,,
003eeaeed4345b4228e2,fork,Serving as a makeshift hook for hanging small items,,,,,
4d3753cd2ba6009764a7,paperclip,Holding papers together,,,,,
2eb267768b61156d0d8e,can,As a template for tracing circular objects.,,,,,
32bd6a80dde4fda27aeb,book,Material for kindling,,,,,
4e566d7eed8ad39e1a07,towel,Blotting sweat,,,,,
a66974043264a49950fe,fork,Playing simple musical notes by plucking it.,,,,,
cf28a5eb8e45446c27af,book,Plant pot,,,,,
8081ff15cf7b22cbbf4e,towel,Emergency bandage for minor injuries,,,,,
d97233af35ac7c6aed80,fork,Cleaning small spaces in machinery,,,,,
6b10cf4e420e8ad688fb,book,Light diffuser for photography,,,,,
627c822cedeeb07782c7,book,Firestarter,,,,,
cb9ba468e564e6ff31e9,can,Hammer substitute,,,,,
74fea9595191b58b96e1,towel,Cleaning up small spills on the floor,,,,,
bf75a5206d6231deccb5,can,To serve as a separator for cards,,,,,
083bfa41d897342cf6c3,can,Making a decorative snake for a terrarium,,,,,
185c30ba30d4e862e08a,paperclip,Securing loose drawings or diagrams,,,,,
00bf5d9f23c7241a0aa1,book,Shield,,,,,
01e351366703090f7345,can,For marking boundaries,,,,,
646f217f9044c2002198,towel,Absorbing spills,,,,,
984f7915f6fc31196e7f,fork,Stirring small quantities of ingredients,,,,,
0dcf9ca1a210f455c794,paperclip,Connecting magnets on documents,,,,,
3f600a850ff34e67e898,fork,Mixing small amounts of food,,,,,
cc6dd156e28c0888fd80,towel,Making quick plant supports,,,,,
831a4416641f7a575fad,book,Flicking objects,,,,,
0977e15fa5a71baf37cc,can,Holds liquids,,,,,
952a824447367b1f0c7b,can,In crafts for wrapping materials,,,,,
ebf301e996a7a82ad4e2,towel,Controlling small leaks from plants,,,,,
36bcce6341a01f9bbb91,paperclip,Looping a paperclip around the end of a pen for easier grip,,,,,
ec2fa851d8cadb31331e,fork,To clean small cracks or crevices in furniture,,,,,
51f59ecc2355fe122532,can,Cleaning small spills,,,,,
0d8b4cd7db283f93d331,paperclip,Twirling into简易风扇为小物件降温,,,,,
77667c051855dd78ea4f,book,Designing book-style decorations,,,,,
8116a26f0a8b84176315,fork,Mixing small amounts of substances.,,,,,
f5b339257e360a1f2b62,fork,Escaping from insects,,,,,
fe451a1308ef1b0ded0a,fork,Holding small items for gluing,,,,,
332eae17bc93b72a8517,paperclip,Linear measurement for small items,,,,,
3a60e8a8a7cb864008f3,paperclip,Measure small objects,,,,,
e69a8dad1f5ba8b3355d,can,Burning the can to create smokescreens in outdoor activities,,,,,
95091e8c3f4f6c0d1b72,can,Creating a barrier for plants,,,,,
fcce8f32839cfaa17c80,towel,Insulate cold food containers,,,,,
1427f1e4666ce53ea13c,towel,Protecting furniture from drops,,,,,
f20e22c42bbcbd7eb958,towel,Covering hot surfaces,,,,,
ad08e783f5dc4767e676,book,As a bookmark for a friend,,,,,
8d76a47913e2fe19b1fb,paperclip,Marking pages in spiral-bound notebooks,,,,,
91c9d9cb0ab1727df6fd,can,As a simplex container,,,,,
a5d67d9d2979dbc55930,fork,Temporary holder for drawings or photos,,,,,
8010e63ea0cacd38efde,book,Head protection in a pinch,,,,,
ce3c9963822d58cc6216,fork,Opening tight lids on jars,,,,,
fc50341d85983daef267,can,Storing small jewelry items,,,,,
0464305c3d7f586e5871,towel,Dabbing feet dry,,,,,
ff629cbb03723880a9f1,towel,Creating a make-shift splint,,,,,
8f6513e282bfce91aa52,towel,Dusting surfaces,,,,,
c74b837aa8d0b596f6db,fork,Holding light objects while drying,,,,,
39a2af5821d6e9d772ae,book,License holder,,,,,
ec16992618d4f2d9725e,towel,Plugging gaps under doors for insulation,,,,,
2de5bb2a55ec03b02bb0,book,Fire starter,,,,,
e52c91a86fa738741dda,towel,Absorbing spills on surfaces,,,,,
7ded60df1224d553f4a8,fork,Pricking pins or other small objects,,,,,
83886967fd2f8a95fc4e,book,Paperweight for holding documents down,,,,,
87886625e7b9c553bd21,book,Paperweight,,,,,
7f4226246f470f972a7f,paperclip,Attach labels to small objects,,,,,
7a5274c5d6501bad0135,paperclip,Straightening small nails,,,,,
a04f82c7dad7e2e2ed92,paperclip,Using as a simple paper weight for thin documents,,,,,
da45430e5abc3df0d19f,can,As a surface to place a waterskin,,,,,
9cf29f399f3d38f1a9d7,fork,Holding papers together,,,,,
290c9525ce9b77889166,paperclip,Hold documents together,,,,,
2757dcd1f0138f095cb9,towel,Blotting spills on the countertop,,,,,
a7e94b0f8e0fcce86a16,towel,Cleaning computer keyboards,,,,,
f7d17494b3150ea97133,book,Weight to press flowers,,,,,
85f0726d471ea3409a9c,paperclip,Indicating a note or highlight in a document,,,,,
dca32a2f07fb51143c75,fork,Holding a stabilizing position while carving,,,,,
cf66dc023ec26996a2f2,can,Opening stuck jars,,,,,
8ec996cd3c2d36b44320,fork,Serving as a bookmark for thicker books,,,,,
e8ba47acbb27eebafdfa,paperclip,Making simple paper weights,,,,,
b633e8fbc03edf620814,towel,Blotting excess oil from vegetables,,,,,
fb5b860e2a907983d727,book,Kindling,,,,,
427a15c95a39b597e610,book,Toy for infants,,,,,
b7153478261b20e9de20,can,Used as a browser extension container,,,,,
0166a896ddfa19c5c98c,paperclip,Straightening bent pins,,,,,
fa6b1ae4444f656b5850,paperclip,Hold down menu cards in a restaurant,,,,,
806053ac406ea83c33f4,book,Fashion accessory,,,,,
a49ed0025be5bd57441d,towel,Starting a fire (as kindling),,,,,
69082d8306cfb381fded,towel,Polishing silverware,,,,,
ecf99183e1de10ab6203,fork,Cleaning tiny spaces,,,,,
e5acfaef0276d8d99942,paperclip,Holding hair back in a ponytail,,,,,
85912b3444e33d16bce2,towel,Wiping hands after washing,,,,,
6a5ec15705fe2621866f,book,Paperweight,,,,,
8db5350e5be9665e7199,towel,Making simple bandages,,,,,
f910ab1fcc94f78459f3,book,Place to put small jewelry or coins,,,,,
e516de78b485785f0799,towel,Polishing surfaces,,,,,
a64279b6e4112a175dfe,book,Stamp protector,,,,,
4f35f4c13ab783669502,fork,Marking pages in books without using a pen,,,,,
24b9a7f6a55d78edc6c5,paperclip,Creasing paper for folds,,,,,
eeba95c1f99d5a3b4a6d,can,As a lever,,,,,
15e4727a9e48702e9a00,paperclip,Opening jars,,,,,
29c5f04d562048d8759d,paperclip,Hold sheets of paper together,,,,,
078cb2394108108d1d1b,can,In crafts and DIY projects,,,,,
f03e1ee58bbff766a416,book,Sports equipment (frisbee when thrown),,,,,
2ac0b738b5ab2e7dbcfa,book,Bookmark,,,,,
bdac02121e17cf4bcb55,fork,Scratching itchy spots,,,,,
d2a50c237f94d8d4460c,book,Covering edges of papers,,,,,
b4125a7b0b3011dc4448,towel,Protect hands while applying sun cream,,,,,
1088d2eed78b2ae98c2d,paperclip,Making simple jewelry,,,,,
b08d46abb8e7a0064325,book,Marking pages,,,,,
d940b1ae57f3e21fc464,can,Insulating hot items,,,,,
6d69217496577615af2a,book,"Sleep枕 specifier: The intent to say ""sleep pillow"" was meant, correcting the typo.",,,,,
f92e45edda9f620ad129,towel,Dust furniture lightly by picking up dry particles.,,,,,
aadf41df4498b12817da,towel,Wrapping gifts,,,,,
df798c978705cb9b86d6,book,Musical instrument,,,,,
7c982c687b0ff4dbb38b,fork,Opening tight jars or bottles,,,,,
9ff1d02d498331142995,fork,Opening tight jars,,,,,
7ab74694b9238b824790,book,Toy for pets,,,,,
c476be63cf3672ddb790,can,Isolating devices for computer repairs,,,,,
99453168b977a916cfa4,paperclip,Pinning fabric pieces together for sewing,,,,,
3c23c41c1e8adfd872e5,fork,Separating thin wires or threads,,,,,
cbea5e65f643fd3756c9,can,Planting small seeds or bulbs,,,,,
0c03dc9aa8efabb33a21,book,Bookmark,,,,,
ecb254afbaac6538b81d,towel,Cleaning mirrors,,,,,
7dd24214581d3a98e3b0,fork,Poking food on a napkin to cool it down,,,,,
e37ab1c57943448bdc6d,towel,Blotting sweat,,,,,
0c1df5f6f58ec282a14c,towel,Covering hot items,,,,,
1829b91ce3ac217d5525,paperclip,Create small hooks,,,,,
fdfdc8270da8cb7acdf4,can,Can for holding pencils,,,,,
034f8df56fce8ea92a2c,fork,Toy for children,,,,,
c4dc7c3a7b4c90825bec,book,Emblem holder,,,,,
a0604af62cefe408bb07,can,To cover small holes or cracks,,,,,
9aeb8593497b35e97c24,fork,Measuring the depth of water in shallow areas,,,,,
b03b7b804c70ca2db5e7,can,Child's钓鱼竿（注意：此处的“钓鱼竿”与前文的“can”无关，可能是意图插入的干扰项，按要求未作修改）,,,,,
b81045b8ac1fbe4a0a84,towel,Insulating a hot handle,,,,,
5ce9bf95aa779993634d,fork,Removing stickers or labels,,,,,
dabf5b8b990b601d7f50,book,Musical instrument in certain cultures,,,,,
d9179e104c6b76723c6a,can,Strike surface for musical instruments,,,,,
3d403462a5c4ccf155fe,can,Scraping paint from walls,,,,,
379566979cfede3fdb0c,fork,Marking pages in books,,,,,
28e4a8fd1a4cb9f661ef,towel,Wiping hands without a basin,,,,,
98a5034892649049db68,towel,Wiping seats in public restrooms,,,,,
4a1b6e5a6565492682d5,towel,Polishing silverware,,,,,
ebbd9cbbff93b4500cf9,can,Support for hanging decorations,,,,,
e82e977d0c25012ea941,book,Musical instrument,,,,,
258f24eedc5d075d8b6e,fork,串烤肉,,,,,
f5df5033e837f6a150a0,can,Leveling small areas of soil,,,,,
0e568ca32624d3524afd,can,For flame-based cooking in emergencies,,,,,
b2f9791f299efdf0f95b,towel,Dust electronics,,,,,
d3dd35cfb3b96babe871,fork,Indicating disagreement during presentations.,,,,,
6b6ec1aacaaf616781f3,fork,Holding food while cutting,,,,,
3a7e7e595e6ff3ae643c,book,Doorstop,,,,,
cc2221a4dd30109f2b8e,fork,Marking pages in books,,,,,
7dc866af9fe6f3983ad8,towel,Rubbing sunscreen onto skin,,,,,
d5eb80735ea902dfd61e,towel,Polishing shoes,,,,,
092246057a2b70c3bdb2,fork,Opening bottle caps,,,,,
0eacbcb1c92e96671011,towel,Absorbing condensation from windows,,,,,
ef467784a32ec1e95fe2,paperclip,Lever for small tools,,,,,
7201d07e98ea8c52f4a3,paperclip,Attach small items to a keyring,,,,,
cbea001a8d0311663aac,can,Supporting small plants when replanting,,,,,
b621fca70fa22905e7f3,towel,Wipe_mirror,,,,,
5be8e47caf739d1e64fb,book,Seat cushion,,,,,
9a4b6c00ad3b59aa138b,book,Weapon in a self-defense situation,,,,,
c6f10dc6f991726a4af3,towel,Removing moisture from glasses or lenses,,,,,
6d86348e4850b9a919aa,fork,Marking pages in a book,,,,,
498350801660f5ae7f86,fork,Whittling or carving small details,,,,,
498f2475420f5328b950,towel,Absorbing sweat during exercise,,,,,
fae555242365e5d443b4,paperclip,Marking the start of a document,,,,,
afa7daf99c9d691f899e,paperclip,Connecting sections of a duct tape repair,,,,,
fb803cb7daa80460b8ba,paperclip,Counting small items,,,,,
1cb2fe1386f3f84d0a6e,fork,Marking spots on wood,,,,,
275f8bede829de66f15c,fork,Opening packaged sealing tape,,,,,
014ab3ad8ede3aef35c4,can,Serving as a doorstop,,,,,
6fedaac21cc4ff3acb20,paperclip,Connecting pieces of string or ribbon,,,,,
f9d06a26acca2dc53e52,book,Decorative item on a shelf,,,,,
aca44b2e5c1e7370bb1a,can,Firestarter,,,,,
a3c9fb5e372a74f9c6b5,towel,Drying hands after washing,,,,,
0c52a4a513b1b1db929c,towel,Using as a coverslip when doing art projects,,,,,
7bdd8093bc4709bd41bd,fork,Marking small positions on a page,,,,,
1e4d6d19f4ddfce2325a,fork,Scraping surfaces like tabletops,,,,,
c6fcf5f82235de323f23,paperclip,Attach labels to objects,,,,,
bc354dc0fbd3fd849de9,fork,Skimming liquid from surfaces,,,,,
2f4428d3c6cc48ba44e4,fork,Opening jars by placing it between the lid and the edge of the jar.,,,,,
c091381c2096a9c62f8e,book,Toy for a pet turtle,,,,,
2bd305b200bf553e1394,towel,Wiping feet after taking off shoes.,,,,,
041dd27dc4446fa4995b,towel,Cleaning makeup brushes,,,,,
6db7da6b10fd64ee5250,book,Firestarter,,,,,
ea4c1afa70a4bd4fc1ba,can,Pounding soft clay during pottery making,,,,,
a8c944e23e3fc191791f,can,Removing splinters,,,,,
b9ac2988988fb2e23556,towel,Cleaning glasses,,,,,
8feb4933af37df6d7f7b,can,To hold small items in a bag,,,,,
9318ecfcfbaa561912d2,towel,Wiping condensation from windows,,,,,
4a4ba8724250b0df9268,can,In origami as a template,,,,,
fda376193e1a71e2cae1,fork,Unlocking mechanisms,,,,,
ebef76c726f0181a6906,can,Tapping subtle knocks,,,,,
e1369f9003924a32482c,fork,清洁小屏幕或按钮（如电话或其他电子设备）,,,,,
67e0e813e9b77b44dafe,paperclip,Mark place in a book,,,,,
2a665011e88968318b84,book,Fire starter,,,,,
b9de34260a7f1d11c6c7,paperclip,Securing a group of business cards,,,,,
dd469a98b7caffbc3d55,book,Doorstop,,,,,
bc8b558e8788cf2ac2db,book,To cover a broken vase,,,,,
1466b7a493a7d4c9e4a2,fork,Straightening wire,,,,,
70a40c99132fcd66412e,towel,Wiping furniture,,,,,
e2c35dbd23edd109babc,can,Dog toy,,,,,
9a0d529485d1febcce31,book,Sound amplifier,,,,,
93f2228428b28e915e49,can,清理硬币或小物件,,,,,
5173fcc1d726480b93cd,book,Game piece,,,,,
24bfa4b24d41f659d542,towel,Polishing silverware,,,,,
df21ddac7a79b979f8c9,fork,Creating a dam for dips during social gatherings,,,,,
0750ab2ffe2ddf3b19ce,fork,Spreading butter on bread,,,,,
07bdc6ef60d09002a360,can,As a support for plants in a garden,,,,,
5a7a6b9cf8301ed7ebf8,book,Bookmark,,,,,
935fbe89267b9f30099f,towel,Cleaning muddy boots,,,,,
fc44b52ff42d57585310,fork,Cleaning small spaces,,,,,
3bd995359f815dd755ac,paperclip,Marking the place in a book,,,,,
91f18be8d923a8e5fee3,towel,Covering hot surfaces when moving them,,,,,
d600a9b183b49949b2f5,towel,Polishing chrome or other metal surfaces,,,,,
63b8309b2596f917ce54,fork,Straightening small wires,,,,,
7f0111d448aea628b45d,paperclip,Secure notes to a calendar,,,,,
7f5df1c79f394a1ac525,book,Ballast for small objects,,,,,
4c9a97442d66bf7db8ef,towel,Warmer for cold hands,,,,,
1b606785d10784e4ea2b,paperclip,Attaching small items to documents,,,,,
e3101a493b7606c4e595,fork,Holding back hair while applying makeup,,,,,
80ee6c40884ff316d9a5,can,As a surface for small crafting or painting activities.,,,,,
b1628bc06df24fef8e53,can,Defending against minor intruders,,,,,
639d51d81ad338abe750,book,Historical artifact,,,,,
efead9d3bf5b569a6347,towel,Straining pasta,,,,,
b24611dd03df188a22df,towel,Holding eagle feathers together,,,,,
a7ecaa0ec89f9ec366e4,towel,Protecting furniture during moving,,,,,
2292914edcae366dec2d,paperclip,Use in papier-mâché projects,,,,,
ead6a17f71831de4e8eb,book,Burning as a source of firewood,,,,,
5c0876ec0dc29f768398,can,Ingredient for compost,,,,,
a0311be536a6be4ed2e7,fork,Piercing or holding cards during games,,,,,
fdf87a780795df826e99,fork,Cutting soft fruits into segments,,,,,
0559ed409b2e43fdd7da,towel,Polishing silverware,,,,,
37b238d33272dc151c79,fork,Skimming oil from surfaces,,,,,
6f2ecfd3ed6bd2ed8f9e,towel,Wiping pet paws to remove mud or snow,,,,,
7d456dc4f17bd64c3fcf,towel,Drying dishes,,,,,
ca7d6c0af158c4255085,book,Bookmark,,,,,
f7df52f420389efdc763,can,Using as a le墁,,,,,
8116d9b2fced1025c1dd,towel,Dry hands,,,,,
53ee3038fb8c83d33be8,book,Door knob cover,,,,,
cc73c030e901e22287fb,towel,Absorbing spills,,,,,
ecd1c4396ac28d25373f,paperclip,Adding texture to pottery before firing,,,,,
1b7ba7472b1f45fd2452,paperclip,Mark pages in books,,,,,
80195a1748d70fda2e27,towel,Covering hot surfaces while cooking,,,,,
48082578521d808a8a22,towel,Cleaning computer keyboards,,,,,
f37f0161475a5fc5bf44,towel,Warming hands over a fire,,,,,
73a73aac1bd740c77d05,fork,Separating tangled wires,,,,,
7a82c3f73c6d406d520a,towel,Cleaning muddy boots,,,,,
78acdcdb3789495df86f,book,Scrim for blocking light,,,,,
716effa1684d3c845e17,book,Weight to keep a document flat,,,,,
e868e4f8db9fcd3318a0,paperclip,Holding pages together,,,,,
3ac5a183bff287c01279,towel,Wiping electronic screens,,,,,
8c7c6307610ab623a435,towel,Cleaning windows,,,,,
cbe15d8d5987890fd259,towel,Polishing shoes,,,,,
ff31e294500699e66d37,book,Toothpick,,,,,
23a0343f5f607dc651f9,can,Tailgate prop,,,,,
f2172792a515087ba5c2,book,Seat cushion,,,,,
d3814e0ca6b6944635a1,can,"Indicating ""yes"" by nodding.",,,,,
b0b0194f4b51038bb6ac,towel,Open jars by creating friction.,,,,,
9ded8b99bdfd3990c1c5,towel,Wiping feet,,,,,
70cff4ff95259f187177,book,Bookmark,,,,,
7338870c59672edcebd6,book,Sound maker,,,,,
0eccd9fb7022fedf731e,can,Knothes in a physical game,,,,,
763c896ea595cd0216f9,fork,Marking spots on maps or charts,,,,,
dc083a9cc9f9ed54f8dd,book,Weighting down a newspaper,,,,,
b863a1e6c52ab299f57e,towel,Dusting off furniture or electronics,,,,,
337c71f0c1a393c77c6a,fork,Cleaning small spaces in furniture,,,,,
fd23d8e82a082fc8d624,book,Baseball bat (for small books),,,,,
306e7ec0072a12549262,can,Stand for mounting small tools,,,,,
1c2f601cf90d6e6e1de0,paperclip,Bending into hooks to catch small items,,,,,
d26f6330d47ea39eb66f,fork,Marking pages in a book,,,,,
81ed3e77ca25f44f7c41,can,To mark the spot,,,,,
f7319eb56e2854606937,towel,Covering a warm water bottle to prevent burns,,,,,
5bbaf044918c38803048,can,Fishing lure holder,,,,,
1f7c58e2791add6673b3,towel,Wiping hands,,,,,
41fe6fc0ab53a059b95d,book,Ink absorber to clean a pen,,,,,
adce14691dc316e5a7bb,towel,Clean shoes,,,,,
f7c6946101481e7df8fc,paperclip,Creating a bookmark,,,,,
632f7fece0f0c0ca44c4,book,Seat cushion,,,,,
63b2bdc49b53eb19e37a,book,Bookmark holder,,,,,
cbca783d44c49ff4f648,towel,Pressing sweat from the neck,,,,,
18ca402d52f8559fc59b,can,As a makeshift level,,,,,
0e78021bf1aac34e99d5,can,Measure small distances,,,,,
e9b3d2358151b6eb0e74,towel,Grip while turning nuts,,,,,
2bbab308b5375edc3915,towel,Absorbing sweat during exercise,,,,,
f75f6d44b7d4115bce2f,paperclip,Hold paper together,,,,,
02c164a37b162c6a2f36,book,Birdhouse,,,,,
41291656b0d19ea6cf3e,book,Thermometer,,,,,
cfd531ebefd2762a989c,towel,Removing lint from clothing,,,,,
7e7cb9b8e5cb32b5bb38,towel,Cleaning keyboard keys,,,,,
318d48ee2f375d06ef00,book,Book as a weapon,,,,,
aa560b44700db1488835,book,Bookmark,,,,,
c46a6d68fb4da3aa22ce,fork,Whipping cream without a whisk,,,,,
731f7ee6838c6ab95dba,towel,Dabbing汗水 from the forehead,,,,,
6490d9db4fd8ac009de8,book,Fridge magnet via a metal strip or magnet attached,,,,,
4c21442b3cba628190b2,book,Toy for a puppy to chew,,,,,
677c728cb927985c4a6c,paperclip,Mark page numbers,,,,,
34f8dfc8d88349514833,paperclip,Adjusting the tension of a belt,,,,,
00560c451109b0203a5d,towel,Starting campfires,,,,,
6e1be3b8e0e16dcf6559,fork,Indicating direction,,,,,
2e25e086f63f1c2328b1,fork,Escaping from zippers or buttons without hands,,,,,
5ebb08e9e0ab5ba390e2,fork,Sounding a musical note by scraping against teeth,,,,,
ded5216ff0a5e4bc9302,book,Bookmark,,,,,
4f229e6c14ab35891897,towel,Adorning as part of a costume or attire,,,,,
e002fb2b827c47a1a639,paperclip,Hanging small items like keys or jewelry,,,,,
48ee0fd04e6cee3192a8,book,Wrist support during long periods of computer use,,,,,
a1a79755d4a613253f52,can,Indicating a yes/no signal,,,,,
765f1e6a733097f986f9,fork,Scraping plates clean,,,,,
eaa5f76110c075e1fe18,paperclip,Hold pages together in a file,,,,,
03d25eac6d13effe43f9,book,Stand for small plants,,,,,
433323abccd4d36e7d7f,fork,Opening jars,,,,,
2fc3f80ee75e383b1ddc,can,Signal flare holder,,,,,
56e34faab6d2f1d3c1cd,paperclip,Holding sheets of paper together,,,,,
06513f31805aa54f8ad2,towel,Wiping spill stains,,,,,
22ec8a10c582bb2dc1b7,towel,Absorbing ink stains from fabrics,,,,,
6e75beb62406346f4384,paperclip,Securing loose receipts in a memo pad,,,,,
e019d977c46714a15f9d,fork,Touching buttons or switches with precision,,,,,
02600cb4358443cadf8d,can,Tent support pole,,,,,
f1dc970ba6295514e53a,can,Holding q-tips or other small tools for batch processing,,,,,
64ed0418b7657aa29188,paperclip,Mark place on a book or recipe,,,,,
95a02082e7a5f44d6095,can,Can to hold spare batteries,,,,,
557c1b587cef2d31a65a,towel,Protecting hands while handling hot items,,,,,
a7f289d6209d4eed692d,towel,Polishing car windows and mirrors,,,,,
588e0c0ba2ee859a4557,paperclip,Clip edges of napkins,,,,,
6f90e9250c9d68afc46e,can,As a paperweight,,,,,
a6cd2a8830824e8253e3,can,Signal device in emergencies,,,,,
39323b51cd3b1d43d467,book,Toy for a dog,,,,,
3b32cadc65e676b7395f,paperclip,Serving as a tiny paper anchor,,,,,
af8ac070804015521127,can,Hammering small nails,,,,,
e8ab07a1647bd2d32846,fork,Creating small indentations in soft materials,,,,,
8ef3ab71da372aa7eef6,paperclip,Connecting loose paper clips into a chain,,,,,
fa803c89601d21c1d310,book,Bookmark,,,,,
8b72e8d6cc0b054aa75e,book,Tool for opening doors when wedged,,,,,
b2b64f1eb8a4542ff2f9,fork,"Used in musical performance (e.g., fork harp)",,,,,
837469808dfe6e22165e,fork,Polishing small metal objects,,,,,
37f77bfa663df81f6692,can,Support for small plants,,,,,
54aa62104a05e213113b,book,Bullseye in frisbee golf,,,,,
6fdeeb9fa89fe12c7f34,fork,Measuring short distances while camping or outdoors,,,,,
39b1f8f00bb13ebf1daf,can,Support for plants in window boxes,,,,,
0be5ebe399087cd5427c,paperclip,Securing paper notes to a document,,,,,
81e471bbbdb246dc3e30,towel,Scooping small items,,,,,
eec3705e7f2e36491c14,towel,Cleaning glass surfaces,,,,,
b73d2a5266ecc4e10074,book,Desktop weight,,,,,
3852b227274078f6e6f3,book,"Toy for pets, like a scratching post",,,,,
e5a958117340055138ca,paperclip,Organizing wires and cables,,,,,
85b5f7913df51661b875,paperclip,Attach receipts to expense reimbursement forms,,,,,
0a123c34896928b8037a,towel,Protecting furniture from scratches,,,,,
9479ce1cfe464a6ee85e,book,Paperweight,,,,,
21cb7400b22d527758f2,can,Funnel for pouring liquids,,,,,
42db5ac1dfdf55c756ec,towel,Cleaning computer screens and keyboards,,,,,
7fe87fd887b1d632ebc7,can,Opening bottles,,,,,
aa410bc37ed57b8b5663,can,Holding loose change,,,,,
1d864bc08b2c53ecf538,fork,Spacing items on a shelf,,,,,
21ac4789ad3ef70dfb10,fork,Holding papers together,,,,,
550e7c55163d664a4e7e,fork,Stabilizing objects in small spaces,,,,,
59d60c55c0276d784549,towel,Covering food while cooking,,,,,
608194360ea5a2d58b3f,towel,Absorbing ink spills,,,,,
32f135f983629c6352eb,fork,Serving as a handle for tools,,,,,
e141bea087e18ae808c2,paperclip,Marking the end of a note or document,,,,,
eb81e6cbf51ee1e8c477,towel,Scattering over a pet's bed for comfort,,,,,
adcd129978bfc07946f1,paperclip,Loop for hanging items,,,,,
9f54d155fcf27794d636,towel,Shielding hands when handling hot objects,,,,,
e262ecf0ed38e3d896e9,fork,Moving objects from one place to another on a table,,,,,
848c478fdd0af7c6fbb6,book,Baseball bat,,,,,
26edd9d635938e052529,book,Bat,,,,,
ec8d6b967e9536afdae5,book,Light source (when very thin),,,,,
bfeff6a640a8bcc71a2e,paperclip,Place item in lost and found,,,,,
21421e44bfc591a3258c,can,Can as a weight measure,,,,,
e4345c427a1ed34b8f4b,towel,Dusting surfaces,,,,,
29d4cf90b0c6b56e326d,fork,Dislodge small objects from jars,,,,,
39b9b67dd8ccf6d26cc4,fork,Spacing out items,,,,,
3f5b8f89843c5b8f1870,book,Curling tool,,,,,
437444fc5a6b427379b3,can,As a space divider in home decor.,,,,,
a7fc8edcf1dfdcd78f8a,book,Toy for small pets,,,,,
d0267c5498cc0825dcf4,book,Baseball,,,,,
03cb6760c41b9143a2b1,fork,Skimming water to clear pathways,,,,,
36c01350ffcf174ccb9f,can,In sports for boundary marking,,,,,
80f9697dd20963ed86a4,fork,Prying open containers,,,,,
8712c7c9d46592185d60,fork,Feeding pets like birds,,,,,
52c3d40e6fdad066870c,paperclip,Weighting down corners of documents,,,,,
e7300e984c46145d2611,paperclip,Marking pages in books,,,,,
de96dcd5b9e1029a8693,paperclip,Fixing tags or labels onto packages,,,,,
4461ea6bf11d2e7cd8b4,can,As a signal mirror for rescue operations,,,,,
41fdd44865cd0e52c538,book,Lifting weights,,,,,
00a75be5440761700d69,can,Fan oneself on a hot day,,,,,
67a883ce9a44fb079505,paperclip,Securing staples that have fallen out,,,,,
4e57329a5c3671f01e2f,book,Surface for small objects,,,,,
a097417a57d09054e878,fork,Tempering chocolate,,,,,
c8e3477aee3c5505b5a5,paperclip,Serving as a simple paperweight,,,,,
3111e6a22a4a94457fe7,paperclip,Mini ruler for straight edges,,,,,
280f61e0c6bdafbcff10,book,Paperweight,,,,,
afc7c44f27c709eb7b85,paperclip,Wire tag maker,,,,,
18c820dcb224b3fe9fd3,fork,Pry open suspiciously sealed packages,,,,,
df668e841bfddcfb8453,can,Swatting flies,,,,,
1be570867a83ec3148d7,paperclip,Squeezing out excess liquid from small items,,,,,
cb13cf8eff499752e610,book,Weight to press flowers,,,,,
990636473339affea575,book,Sound amplifier,,,,,
7533af9b20ea3c2c3cd5,fork,Holding pages open in a book,,,,,
49905e0ced715c1f3a48,fork,Scraping table surfaces,,,,,
a813451fa8af4abd5730,can,To prop up a chair leg,,,,,
cba52f9481f23da2dded,paperclip,Holding documents together,,,,,
0f8d49798204d632b950,towel,Padding light impacts,,,,,
6c81705de42222940f10,can,Holder for small tools,,,,,
0dd425e8967f0b9c6a61,fork,Plastering mud to walls,,,,,
7aaa8311c426ec09cdde,fork,Pricking food to check doneness,,,,,
aadc661224c490290c83,towel,Wrapping gifts,,,,,
ef292914238904e70633,fork,Moving small objects in a craft project,,,,,
479731326178a60cdcbf,fork,Holding small items,,,,,
7df722a6e0ae7afa4d90,can,For stirring drinks,,,,,
5e6450d3963a95d86866,can,As a percussion instrument in rhythm games,,,,,
665a6c664fac05e3cf04,paperclip,Place under carpets for easy removal,,,,,
b1242673a18a67314559,towel,Protecting skin during exercise,,,,,
9602e4bef25da4f216c5,can,As a platform for very light objects,,,,,
230007701de6032d3bca,paperclip,Adjusting the stance of glasses on the nose,,,,,
b84bed229465368117ff,paperclip,Wrapping small gifts,,,,,
bf0d5d004493e2ce87b6,fork,Crowbar (in desperate situations),,,,,
62616849a064fe125afa,book,Seat cushion,,,,,
a181e18d4c9674f7ceb2,fork,Opening tight bottles or jars,,,,,
06d2126fd0e0e1190fed,can,Marking wood for cutting,,,,,
49edf5c869f225efb763,fork,Tapping objects to check for damage,,,,,
c6b9c696a8ec0d3d70d1,fork,Cleaning small gaps,,,,,
0e053bd1c7ea84b84c4f,can,Holding papers together clipped to the side,,,,,
fb651fc54600e3cba5ae,towel,Cleaning spills quickly,,,,,
c8ea9ff676bd8508a31a,fork,Punching small holes in material,,,,,
fcfee337348622d799ec,can,Container for holding small items,,,,,
5b6f784f253e82788655,fork,Tapping rhythm,,,,,
23d302e81f7a9986d74c,paperclip,Hold items in place on a diagram,,,,,
7b8556c2961096105022,fork,Opening tight lids on jars,,,,,
01e577ee36060492e788,can,Wedging between boards or panels,,,,,
54486946e980e23b6a7c,book,Doorstop,,,,,
b8a4591f45ddee1af8f3,fork,Holding items while applying glue,,,,,
400fc8cc668e6620ef81,can,Hold small screws,,,,,
e7419f679ee0255ad900,book,Fire starter,,,,,
e3a82597a850144f6b0d,paperclip,Fixing small items to a display board,,,,,
9a37e75ab7e2836b8231,fork,Holding position in books,,,,,
8dee9d38faef0ef5a7f7,book,Walking stick,,,,,
18bafbf62d8f3410277d,paperclip,Binding mini reports for presentations,,,,,
bd147a23945dd61d40c7,towel,Covering feet while barefoot,,,,,
f72749ee201452e83c31,book,Drum when rolled,,,,,
7c52602c6be939507331,fork,Pointing out directions on a map,,,,,
f55d8769903019fabb4b,towel,Scrubbing mild stains from fabrics,,,,,
a21d0db1eb1d337fb60d,can,Play catch with friends,,,,,
11f656ecd28f429d3ba9,fork,Piercing cards for organization,,,,,
acf007e67cf1f965dd46,towel,Pressing sweat from skin,,,,,
bc9e626a59cd73fdfb9e,fork,Pierce tomatoes for skewering,,,,,
d320a96855bfd4cadeea,paperclip,Securing a note to a document,,,,,
255786a8b33a8180687e,paperclip,Holding strings or ribbons in crafts,,,,,
6b136626b783044e93dc,book,Toy for hiding small objects,,,,,
0f12ac3bd81520193c01,can,As a makeshift hat in extreme sun conditions,,,,,
1fd624cbaecb7f31fc88,paperclip,Measuring small distances,,,,,
bcb94658b87038cadb8f,towel,Absorbing sweat during exercise,,,,,
5cd9b81363f054c057f3,paperclip,Bend and shape small metal parts.,,,,,
e635a58426d23933cde4,towel,Drying hands,,,,,
a234221b828c95d7dc0c,fork,Marking pages in a book,,,,,
56a9e79366c8d63a7129,paperclip,Mark page numbers in books,,,,,
b084bd0de5ce6477333d,fork,Scraping labels off cans,,,,,
9038ce17d9b1d28057e6,book,Weight,,,,,
222d685e16cee03b7875,book,Centrepiece for a table,,,,,
4a824f0e4ae7e8ffff90,towel,Covering food,,,,,
ca52a016e0b8126bb025,can,Hammering small nails,,,,,
bd324a2577e975afda50,book,A holder for bookends,,,,,
3d64d31e5a11d1bb57e9,paperclip,Clip together minor metal pieces,,,,,
98044169d780304b5886,fork,Marking place settings in dining,,,,,
03801d8e53c108acdee3,towel,начинка для носового платка (filling for a makeshift handkerchief),,,,,
a3fa6da035ae8652990a,book,Historical artifact,,,,,
cfbb40429bc7cebd13dc,fork,Removing splinters from fingers,,,,,
0290901a02eb54fbda27,towel,Cleaning computer screens,,,,,
2e99fc4a31a727ac4786,book,Leveling surfaces,,,,,
288005908aee6552e770,towel,Absorbing spills on tables,,,,,
b83556264eed02c42d0d,towel,Creating a simple insulation for containers,,,,,
b868327e6a7428819deb,paperclip,Mini flag holder,,,,,
7bfa817d8d633a57f251,paperclip,Hanging small objects like keys,,,,,
fb1fadcbc5b6dc2b2579,can,Small tool organizer,,,,,
e592575fa40ce8a052d3,can,Using the material to start a fire,,,,,
730756c1b2e3f059e116,fork,Scraping food from the bottom of containers,,,,,
9ec4884156dfbb70943a,paperclip,Making temporary jump starters for battery-powered devices,,,,,
467311fda589f6fa9a55,book,Bookmark,,,,,
070f7c19c47a5e1af384,towel,Blotting spills on tables,,,,,
602182a6620f7e0955e5,paperclip,Adding interest to paper sculptures,,,,,
f8afff449dbc841b6eba,fork,Decorating cakes with intricate designs,,,,,
9aa6c74481ba8bb677de,can,To protect hands while writing with a fountain pen,,,,,
e1f4913d28704861bd6d,paperclip,Holding book signatures together,,,,,
e6b5461ba0204534566d,paperclip,Create a simple paperweight,,,,,
1a14773a75c3a013139f,towel,Scraping food from a plate,,,,,
5fd9fcd8ff6e593eba04,paperclip,Hanging items on keychains,,,,,
679793a22bc9e0b499e0,book,Bookmark,,,,,
3912c1a8fab38f21b672,towel,Cleaning spills,,,,,
49b4443648a04d971f4a,can,Thrashing about inside a pillow case during sleep.,,,,,
29b28b77d8b7a28763ea,paperclip,Holding pages together,,,,,
d49918fda77226055eaf,fork,Playing music (as in pound cakes or forks),,,,,
788b4d964ab764243f64,book,Fire starter when pages are dry,,,,,
6329dc49c63432fb53f6,paperclip,Pinning paper edges together,,,,,
af2e13c09955fd6ff6f1,paperclip,Creating simple clasps for fabric or leather,,,,,
25215a9c58cef743b663,paperclip,Adding stability to homemade bird feeders,,,,,
8b0bbf27e0c32f445f90,book,Toy for pets,,,,,
5684a4f6af4ceeb58a10,towel,Absorbing spilled drinks,,,,,
59bfdc0bc9df521fea94,book,Homemade paperweight for crafting projects,,,,,
5783af7e10a539070252,can,Opening a bottle cap,,,,,
4e1646fbc516b5382a3d,book,Removing paper clips,,,,,
dd27429222f8ef6b700a,fork,Prying open containers.,,,,,
4f8c70d5e73091dca38f,towel,Wiping windows,,,,,
8c86678f08f8023b3628,can,Transporting lightweight items,,,,,
479a22a63c080d4dc760,fork,Opening small cans,,,,,
7213bce85fe37a65f266,can,Indicating direction in a game,,,,,
f15e110986dafac2ba34,fork,Opening tight jar lids,,,,,
f1c380cfc6d0a017296e,can,Piercing thin materials,,,,,
d7d1a8a42a23aa7b6648,book,In games like hide-and-seek for marking spots,,,,,
ca3fc0e4c33ada6f8d4f,fork,Holding wires taut while connectors are attached.,,,,,
376d5f173b9112978551,can,As a makeshift picture hanger,,,,,
060f6bb3da6739c489b1,paperclip,Fold into decorative ornaments,,,,,
96a5c4b87b54a172f3f4,can,Scribbling on paper,,,,,
e583e31479b35b2d98f2,paperclip,Holding together stickers on a bulletin board,,,,,
003d17d5ef572e2594cc,book,Fan,,,,,
4b89635de621a612cae6,book,Fire starter,,,,,
89f5a9860aed9ebd5ef2,towel,Wiping bicycle glasses,,,,,
158cbe59a9e4a63cdf40,fork,Estimate weights by volume,,,,,
06640e94b4faee426ec3,paperclip,Marking recipe pages in a cookbook,,,,,
7a80b5b85b01cfb23953,paperclip,Anchoring clothespins to a rail,,,,,
fa15909fb3dcb5f15ff8,book,Fan art for characters,,,,,
a36d13ea90aa32c010e9,book,Fire starter,,,,,
d991310e204f61e9494a,can,Plant pot,,,,,
194d12c57e5586083a0c,can,To serve as a marker in art projects,,,,,
b8c39be0bd9cabc914aa,book,Doorstop,,,,,
1262310ea0f74cb91974,book,Toy for dogs to chew and play with,,,,,
eb03967330667b667359,book,Ice scraper,,,,,
e91baf0d7678caa1f3ea,paperclip,Flagging important pages in a book,,,,,
5ba5cb17a58a682419f8,paperclip,Creating temporary clips for hair or clothes,,,,,
a03f126b70ae688e6789,towel,Cleaning glasses,,,,,
92ae621e5b308c6000d9,fork,Creating small indentations in dough,,,,,
c048c9b43cc54a4f35d0,book,Firestarter,,,,,
9ca3d1f32970c3f88393,fork,Spacing out cards in a card game,,,,,
b4e14298c33ff1880499,fork,Moving small objects,,,,,
58103c52a09ccb5a1ad0,towel,Absorbing spills on floors,,,,,
19f07c17446897339a9b,paperclip,Decorate greeting cards,,,,,
b164c4f1a2b22ccf3ea4,towel,Absorbing leaked liquids from furniture,,,,,
89b04711ebb6a4798adf,paperclip,As a small weight,,,,,
f781962d87883e83fbdd,fork,Marking pages in a book,,,,,
bf02fb92622bc915126b,book,Firestarter,,,,,
04fd305a693bfd7a34d9,towel,Cleaning computer screens and keyboards,,,,,
b32e9b6110a262049485,towel,Scraping dirt from plates,,,,,
aebacf2fd4e97272b01d,fork,Pry open tight lids,,,,,
77958eb211c69d10cf2e,fork,Opening tight lids on cans or jars,,,,,
2c538fb4b74118f9c532,book,Surface for crafts,,,,,
c0dd26c101685df01be4,towel,Polishing silverware,,,,,
1638f70d2438dd71aa31,book,Door stop,,,,,
476f81ace3a34548f878,can,Support for a potted plant,,,,,
ad22a20af5850e524fbd,towel,Covering hands while touching plants,,,,,
ce7ae58ce44299e7b9bd,paperclip,Miniature weights in crafting and design,,,,,
da3db794b946fef29643,fork,Opening bottle caps,,,,,
7b5ecffb443bb647f558,can,In small-scale container gardening,,,,,
6601faaadbc9cd88387a,fork,Gently poking or stirring soups and broths,,,,,
2226ce8a3babc0e04008,paperclip,Create a loop for hanging items,,,,,
80365b764780931b25c3,paperclip,Holding clothes together in a DIY tote bag,,,,,
a6328fc2de6f68fb0191,paperclip,Organize small office supplies,,,,,
445aa705de55e649194e,book,Frisbee for a dog,,,,,
8ce2d0cf1c7eb52b3f12,paperclip,Create simple paper clips for kids' projects,,,,,
5b5bb3d3cd35c84d5d85,paperclip,Keep pages in a binder in place,,,,,
7525e4c5d8f8ef420e8b,towel,Cleaning computer screens,,,,,
9e1416bc8125ffef7a0f,towel,Creating homemade lava lamps,,,,,
a138f19d4f5b9925de73,fork,Creating small marks on wood,,,,,
c6f438afc32294b3dd69,towel,Wiping down surfaces,,,,,
98ff9096d16ff7e8d228,can,In crafting as a basic container,,,,,
e469be98cea4c8682f90,can,Whittling or carving small pieces,,,,,
6c7060fc7e8821ddbac8,towel,Buffing shoes,,,,,
865252a97ff002484df1,paperclip,As a small weight,,,,,
3836ea3b7795445aa758,paperclip,Secure notes to your monitor,,,,,
7acb6cd8f6ecbbed9e83,fork,Holding position markers in books,,,,,
7f8a15cd9dbfa170528b,towel,Absorbing small spills,,,,,
b4321b66ffb24c7ac007,towel,Wrapping fragile items for transport,,,,,
1e9bf77c5afa204b0f06,towel,Dusting surfaces,,,,,
90fa7ec4c9007251c3d8,book,Weight,,,,,
d23cb638dea35a7980e9,book,Place mat,,,,,
33c63aa60dc235c81a21,fork,Prying open containers,,,,,
12c5b1f6cb75ff620c1f,book,Doorstop,,,,,
a9d7561c65c8649fd3e9,towel,Clean lenses of glasses or cameras,,,,,
0355de986a4409597f81,paperclip,Loop around small office supplies,,,,,
9e0731d2f7d61ce8a185,towel,Polytrimming fabric edges,,,,,
6c492a56b3d25dae3e27,towel,Wrapping gifts,,,,,
efea3958b93fa8b2e96c,towel,Starting fires (in emergencies),,,,,
35717663d2ea2e5986f9,can,Creating a makeshift bowl for pet food,,,,,
6028a155bf1ee6b11848,book,Level for checking if a surface is straight,,,,,
930112c590207e978338,towel,Protecting surfaces from heat when cooking,,,,,
2e42bca08a8875aab576,book,Bookmark,,,,,
14dc798c9a422291455e,towel,Drying wet hands.,,,,,
8c4e91474e98d0108f23,book,Sound moderator for bathroom ventilation,,,,,
40d737ae60d06b52d138,can,Platform for mini garden fountains,,,,,
196151ea1f0266d18999,towel,Holding plant pots,,,,,
ff4819934f0f5364f0dd,towel,Starting fires ( cautiosly),,,,,
a094a89b08e46bc393e2,towel,Drying dishes,,,,,
5a7fa485064f72ed2a0b,can,Clothing storage for hats or accessories,,,,,
574859095327ce10553d,can,Support for a garden stake,,,,,
473fd363f1a4c03ba9eb,towel,Temporarily fixing buttons or zippers,,,,,
64db76c6b3beac241d44,can,Defence in off-hand combat (lightly),,,,,
c14d053d7eed8a85bfb1,towel,Wiping feet,,,,,
34fd61f5a51ea801a769,can,Tapping small parts together,,,,,
e9fb9e992432ac3cac7c,book,Napkin,,,,,
0c14787bfc9ed882bd55,can,Serving as a tool holder for small gadgets,,,,,
aa82a2f9ce84625bcfe4,towel,Dry hands,,,,,
a4d16029ba2edda98425,fork,Scraping paint,,,,,
d53f11aea4c0dab0925c,can,Serving as a temporary handle,,,,,
f89bcd1b03f43c3050bb,book,Pendulum for dowsing,,,,,
35fd90b0081951c0eb32,paperclip,Securing bookmarker tabs into a book,,,,,
4c125176c26a5c067e23,fork,Cleaning small gaps in dishes,,,,,
2aaf2e93bd589c74af89,towel,Emergency bandage or first aid wrap,,,,,
b75441cb7c09d18f81e2,paperclip,Holding pages together in a stack,,,,,
4f7ec55ffbf2326835a7,book,A pillow,,,,,
0a081a01040d599c9977,paperclip,Attach small objects to a document,,,,,
5db359c189b732a711e0,towel,Wiping feet,,,,,
d090cc9f644077f40cce,towel,Keeping hands warm,,,,,
baf19d73ab4063e871d8,can,Stirring a liquid in a glass,,,,,
27fef415bff25acdf8da,towel,Polishing shoes,,,,,
e7d7ca0e138db9c1446e,fork,Holding up small objects for inspection,,,,,
0cc588f1ca884f22410c,fork,Calibrating the angle of cutting boards,,,,,
076bd091422bc8f6de75,can,Cover for shoes,,,,,
06fb4336883a7be2e2ca,paperclip,Stress ball,,,,,
3e25c3ba2780ec1a34c8,can,It for protecting electronics from drops,,,,,
7f2a669c4ab47b05a9a4,paperclip,Marking items for attention,,,,,
789e6deb3675d60f09bf,can,Bird feeder,,,,,
c1671b31043123de639e,can,Tool for opening cans of paint,,,,,
bdc0acb8ee42942c7e40,fork,Scraping surfaces,,,,,
0848ed2799273b6719f0,paperclip,Organizing small items like pins or beads,,,,,
5895ba0032bae9d8b766,fork,Serving condiments at the table,,,,,
2b3e35dab39b5591fcfb,towel,Dusting electronic devices,,,,,
1efbe737487da6f51389,paperclip,Temporarily hanging photographs,,,,,
127e315aef00e7f90f9f,can,As a resonator for homemade musical instruments,,,,,
817842ad769efd337620,towel,Squeezing out excess water from vegetables,,,,,
1dacbfc14fc9f81aef52,paperclip,Assisting in threading needles,,,,,
9cf4978c0a56f7a64473,towel,Wrapping gifts,,,,,
eb912a0a5252c6f5642b,can,Pad for holding笔记本,,,,,
a94766d42a7023a6ce96,fork,Automatic pill splitter for medications,,,,,
c0220a1b406930911dc9,towel,Absorbing spills on the countertop,,,,,
78fd9e6609816feb12cc,can,Indicating yes or no in a binary system,,,,,
492718c0db3b9fda36d2,fork,Cooling down a beverage by rubbing,,,,,
9e49d1238fe19f45c35e,book,Fire starter,,,,,
1c5b4aede715f6593ee4,towel,Starting fires (in fireplaces),,,,,
4d6f4996414b7cbb10a4,towel,Polishing furniture,,,,,
fd5a008f704b66640b57,book,Fan,,,,,
8f7004916ca8091754dd,towel,Dusting surfaces,,,,,
2c23cb91d1de6ea1178b,book,To use as a paperweight on tables,,,,,
6d329bbb1cdecbe3b61c,can,Cracking open pinecones,,,,,
7c122b0fa99444e2b925,paperclip,Weighting down documents,,,,,
184c226240ccc5ee0dae,can,Gently cracking shells,,,,,
f2a982727fc94f30685a,book,Mini camp stove fuel container,,,,,
67ce108f588b460451d3,book,Paperweight,,,,,
8805330752e7201e2437,can,For cracking nuts with a hammer,,,,,
fc6fb453fd1b7a6a1a6c,book,Decorative piece,,,,,
339e6f9cab9a0908c3e5,paperclip,Creating a paperweight,,,,,
0b2446f65e72b0e8611b,book,For bookmarks,,,,,
a2b5f85e0a5c5aab18ec,fork,Cleaning small objects like jewelry,,,,,
8bd4af191b897780bfe1,paperclip,Keep loops of thread taut,,,,,
2c08fb7b9ff5785ac083,book,Valentine’s Day card decoration,,,,,
bfec4aa5968e9c5ddbaf,fork,Piercing food,,,,,
087efb7d2ef7642d39e5,paperclip,Attaching labels to objects,,,,,
e70b810c2fa62734a15e,fork,Fish for loose nails or screws in wood,,,,,
76fa3b890f00c567434e,can,Protecting fingers while opening jarred food,,,,,
67f127881ca0befc57d5,fork,Placing small objects in containers,,,,,
529916bb5a37d89072c8,book,Surface for small objects,,,,,
f86da83c8d660cc67de5,book,Paperweight,,,,,
fcd70293cb356ebcd0d1,paperclip,卷尺的辅助 (Helper for rolling tape or ribbon),,,,,
9a86f2d88d9193801f1c,paperclip,Holding together strands of hair,,,,,
55b8460bc4167077f9ed,paperclip,Label small objects,,,,,
ef40ea155db13b3fc29a,fork,Mixing soil for small plants,,,,,
fe622d8ffefb8e8e922a,towel,Wiping dirty dishes before washing,,,,,
583cc30661cdb00f1232,book,Nap mat for short sleeps,,,,,
5ee927a004f9816f1bbd,book,Doorstop,,,,,
69a688127ec0694d81ab,paperclip,Plant support,,,,,
c04fd443cf8c82537ca3,towel,Cleaning up spilled water,,,,,
194286a95ff5ff079dac,fork,Cleaning small electronic components,,,,,
73423a7ead76a9311491,towel,Cleaning car windows,,,,,
38dea6d2efb4a79e8b8a,fork,Spacing out kitchen drawer dividers,,,,,
ffbcb082a298f6b8bee5,book,To create fire-starting materials,,,,,
8ea191eba566354caffa,fork,Using as a pointer while读书,,,,,
ef01fdabb4cbb9d42ef6,paperclip,Neatly store hair ties,,,,,
9865210e1004820825f1,towel,Scraping vegetables,,,,,
5e120e5301af82611060,can,Decorative umbrella stand for a small potted plant,,,,,
d8129dc56e07c5c37bd6,can,Can to mark a starting point,,,,,
1a457be96f420d63133c,can,As a decorative item in a vase,,,,,
855748cf28960b8bec18,paperclip,Labeling the edges of notes,,,,,
85faaab3e1794472a7e3,book,Firestarter,,,,,
672b2b96b977c2fc44a7,book,Book as a weapon in self-defense,,,,,
1a5ce898c583a12ea767,towel,Cleaning computer screens and monitors,,,,,
d5e751f8ecb456e39beb,can,Portable storage for travel,,,,,
62c9c201b549e73772d5,fork,Tapping节奏传达节奏感，用于简单的音乐伴奏,,,,,
fedbbf57344e0a773480,paperclip,Feeding threading through fabric,,,,,
cb425d885b1d23938bb4,can,Sealing small containers,,,,,
3494e8ffbbd516888f80,paperclip,Marking page numbers,,,,,
10c48b28d0a30b26b3ba,fork,Opening jars,,,,,
7ea6eae498b7467fcde1,book,Fire starter,,,,,
3357f637ba189cfef945,towel,Wiping muddy boots,,,,,
1c972db6465225c5b590,fork,Cleaning ears,,,,,
f6fdcc1a51ca421a59da,paperclip,Indicating a file is closed or complete,,,,,
e799578414d4883d3713,towel,Drying hands,,,,,
64164bb8243fefd3f8d3,fork,Wind chime component,,,,,
5e113cc921c1bcbac552,paperclip,Keychain link,,,,,
584ebd1a2a23ebd27542,paperclip,Fishing line weight or anchor when crafting简易钓鱼装置,,,,,
1959d5e243d4fd5277cb,paperclip,Holding Fabiano Checheb's note to his chess games,,,,,
31abcf825621be251cbb,towel,Lifting heavy objects temporarily,,,,,
84c12517a6c3524a7517,fork,Opening jar lids,,,,,
23f8097ffaaa1d6447ed,paperclip,Making temporary jewelry clips,,,,,
b3d82181550016cf9792,fork,Pry open packaging,,,,,
c593c9ab5ffd63d649b8,book,Using as a stepping stool,,,,,
cae0adf49b5a1f5c08ff,towel,Cleaning computer screens and monitors,,,,,
d367743dc89616797bf4,fork,Cleaning small objects like screws or beads,,,,,
72d6c90da66c22278095,fork,Scraping sticky labels off surfaces,,,,,
92d40403cbabafa3dd76,book,Airplane armrest cover,,,,,
9dc58bac80786ff9ad7a,can,Hammering small nails,,,,,
d625d38de78f5e67e815,paperclip,Cleaning small gadgets,,,,,
60570468a734b655dabf,can,Impromptu hammer,,,,,
32de019dc688f9df4afc,towel,Absorbing spills on the floor,,,,,
1ef9b234ef7cb6b64b4e,paperclip,Securely hold sheets of paper together,,,,,
1f96b7151c248df97fec,fork,Blade for nutcrackers,,,,,
7b8d1e2526138deb2e49,fork,Scraping paint off walls,,,,,
496fd151c165dfc443de,towel,Creating a makeshift blindfold or eye cover,,,,,
5de4048540ba134d287d,paperclip,Hanging lightweight items,,,,,
d2f9ed04c4ae27d9f7f2,paperclip,Creating small weights in crafts,,,,,
eaea7fb15675b5d63803,paperclip,Secure receipts in a notebook,,,,,
d900666b6cfb441440f8,paperclip,Keep newspaper tabs from falling out,,,,,
4d10b6eced25d8130bb2,fork,Serving small candies or sweets,,,,,
db2678e99becc1def9c1,paperclip,Mark small objects for grouping,,,,,
3504b3fc93e37737eac8,book,Scrabble tile holder,,,,,
bc4a517367f78ce020fc,paperclip,Keep pages from falling out of a notebook,,,,,
fe0ef1acc71f8b23adc7,towel,Protecting furniture during moves,,,,,
74083bdeee4cca6fec28,paperclip,Holding pages together in a file folder,,,,,
9c6ca7c74bb676b3f38f,book,Shield for protecting smaller objects,,,,,
3bc34a667a0e39d829fb,book,Doorstop,,,,,
c1ad13ca56c6517b4eee,fork,Calibrating string tension for musical instruments,,,,,
67596684b57b7730c953,fork,"Moving small objects from one place to another, like beads or toy blocks",,,,,
e4c927d1f090e931449f,towel,Wrapping gifts,,,,,
8f6e6c3590919bf01d1e,can,Utensil for opening cans,,,,,
035a4c7b07f435f03653,fork,Uncoiling string or thread,,,,,
6f8d46d8d0cf1ec7d95c,towel,Covering a sneeze,,,,,
5027851eee20ed8ed27c,can,As a container for small items,,,,,
1459d9b0b60d61c5379d,paperclip,Tying small objects like beads or buttons,,,,,
3f7d5d9c59382dbc3da6,paperclip,Gathering small parts for easy transport or protection,,,,,
d82c468cd61bac7ce47b,fork,Adjust small electrical components,,,,,
9b70977bbbdcf639b751,towel,Making temporary bandages,,,,,
56aa8a1ce87629789256,book,Toy for entertainment,,,,,
461dde2f0765b783414d,fork,Cutting soft fruits with sharp edges,,,,,
5b0e64cd0759fc49a343,fork,Unsticking labels from containers,,,,,
6d2234edf38e435e859b,book,Baseball bat,,,,,
8951803cc23381ff1bed,towel,Emergency bandage,,,,,
09854f377adf483c913f,can,Container for holding small items,,,,,
762a5ecc52987d19fc56,paperclip,Fishing bait for small insects,,,,,
ed8c3d488d4d2b5b3520,towel,Absorbing spilled liquids,,,,,
cba28e41b9602f27866c,towel,Absorbing spilled liquids,,,,,
53f9ff054f152840717c,paperclip,Tie strings together,,,,,
76c05cbb56219f03c7d4,book,Doorstop,,,,,
e6223e593f661701d6d5,paperclip,Enlarging small holes,,,,,
8cd34ce2e0ec4406a7ff,can,Toy for pets,,,,,
7d02ab447ec4b9d2e4ed,book,Doorstop,,,,,
8292ac78f9e0313786f1,book,For education unrelated to reading,,,,,
a1c0a2a34e5db3df639a,towel,Cleaning a keyboard,,,,,
f8b5760ab82c7875a2c4,towel,Cleaning dishes,,,,,
39283b24a57c7fa1aae6,book,Baby rattle,,,,,
cd8612153d696e36df9e,paperclip,Levitating small objects using magnetic clips,,,,,
eda5b6cb22002ba07547,can,Table lamp shade,,,,,
acf509bf0dd566d0f88c,paperclip,Securing a note to a document,,,,,
666a08e723f5d646d82b,can,Temporary plant pot,,,,,
4507073ccad617e5daa6,towel,Polishing shoes or furniture,,,,,
f48853f7203504cde946,book,Valentine’s Day card decoration,,,,,
50e7cab5f753f29af56e,paperclip,Creasing paper for origami,,,,,
fec666641d1301f75ec0,fork,Fan very fine dust away,,,,,
cf15e7dc43275584eafc,towel,Wipe a counter,,,,,
44df84b05617b16d12e6,book,Paperweight,,,,,
29cabbf474eb2bee6acf,fork,Twirling pasta,,,,,
4253788733674e88ebf8,paperclip,Make small weights,,,,,
2e6ec493148176eefa17,towel,Drying hands,,,,,
5879f7c8b80e87388474,fork,Temporarily marking positions on wood or paper,,,,,
5e6715eacb3bccefdba9,can,Container for small items,,,,,
4ffa3dc2a3a7a8cd3067,paperclip,Dummy fixture for small objects in photographs,,,,,
e888f1adeccc3cfef7c8,towel,Cleaning computer screens,,,,,
8dae708e1101c684680f,book,Toy,,,,,
1c13c87eb8a1e58758ab,towel,Covering hot dishes,,,,,
0b0b7046c5b6292f5584,fork,清理耳垢（谨慎使用）,,,,,
5378e2a623a2b03183b5,paperclip,Playing musical notes in crafts,,,,,
54caacd3c81979aa377f,can,As a mandala art base,,,,,
3365da0ced4237bdd2d3,paperclip,Create a paperclip chain for desk decorations,,,,,
82a59dd76636a14a51c3,paperclip,Mark items in a supply cabinet,,,,,
c6a7e1657319ccc527e0,towel,Beating carpets and cushions to remove dust,,,,,
2864c305f2bf428fa954,towel,Insulating hot surfaces,,,,,
c16ef5fcb6caa42ee70c,paperclip,Securing fabric tags on clothing,,,,,
f1ef857347d56ee8381a,paperclip,Keep corners folded,,,,,
e22f4cdd9cc365699e02,paperclip,Fix bent pen tips,,,,,
a3abae00f4065c6e4157,paperclip,Separate different documents,,,,,
eb295fb3fc4c76dd5a3a,can,Temporary shield,,,,,
139c3cde7807ff9ec643,book,Heavy object for pressing flowers,,,,,
1572b0efb288e00aec22,paperclip,Bend into various small shapes for crafting,,,,,
8feeda506b99b947d7fc,fork,Scratching itchy spots,,,,,
0145f40e4ca0c1575bc0,fork,Turning off light switches in some older homes,,,,,
156d5f3b25bf9c82deb0,can,As a toy for pets.,,,,,
4abfeefe53d420f1ec34,fork,Mark straight lines on wood or paper,,,,,
2fba650e7166339f81b0,paperclip,Serving as a makeshift paper weight on a slippery surface,,,,,
81e26ee511406522a364,book,Weight for keeping a door open,,,,,
014b59f714ca971e5a86,book,Baseball bat (for small balls),,,,,
58c7a57a21258a91d235,towel,Drying pets after bath,,,,,
41c5b8926a7b57168ecf,towel,Wrapping gifts for a rustic look,,,,,
670bb590b4c3544ec7e9,towel,Dusting surfaces,,,,,
7fa9384b74b8fb594d04,can,Kicking in soft surfaces,,,,,
dcad78fb4b440b93e876,towel,Absorbing spills on the floor,,,,,
cb4cbb6d9f9536a4ea85,book,Firestarter,,,,,
882f9f68de310467a341,towel,Protecting surfaces from scrapes during moving,,,,,
2843858142cb7985fffc,can,As a defense against paperclips,,,,,
160b978157d5aaa1040c,towel,Protecting furniture during moves,,,,,
1095c8c2ce807a6b11fe,book,Using the cover for crafting,,,,,
d9a75b62765f39818d6a,paperclip,Bend into hooks for small items,,,,,
b3c3652f183fcdd05ae5,fork,Separating stuck items,,,,,
0df4b273e6a595d97387,towel,Dusting small objects,,,,,
2166de7f2a0a858ab812,book,Paperweight,,,,,
4a02ec149fd4a49a42eb,paperclip,Multiplying ring volume,,,,,
083387d2783d108b71e6,paperclip,Attach survey responses to forms,,,,,
76fef228790de931e91d,towel,Covering hot dishes when cooling,,,,,
9029f03f9478d56772b8,can,Hammering small nails into soft materials,,,,,
c38255e69de449a59bb3,fork,Serving as a toy for pets,,,,,
e8f0d6bd85ef31f2dfa4,paperclip,Tool for bending metal in emergencies,,,,,
d9c67c94a4264c244b9f,paperclip,Secure ribbons or tags,,,,,
d57ea8c91d4354cffc9a,towel,Wiping hinges to reduce squeaking,,,,,
68b6b64431ee417a1809,towel,Collecting and absorbing dust,,,,,
334ffe35ad563fdf6a6f,book,Elemental component in a mobile DIY sculpture,,,,,
383092ac68ec802048c0,can,Door stopper,,,,,
1bb92fac3cb41e5030f2,fork,Fishing out small objects from tight spaces,,,,,
41e8120703dc46c8707e,fork,Polishing small metal surfaces,,,,,
a58d3312fbe1c7c1ff7a,fork,Burning for signaling,,,,,
b7f2a551ff378145eeb0,towel,Cover books to protect them from spills,,,,,
adcd4294e35977f8323a,book,Firestarter,,,,,
9fbba8523b5a7ab15616,paperclip,Create time indicators on paperwork,,,,,
fa370909df972becffe9,paperclip,Securing paper that needs to be bound but no binding machine is available,,,,,
1aad81357408ea7f2d5d,can,Reservoir for rivets or nails,,,,,
0fb51e13890efd178c76,towel,Cleaning computer keyboards,,,,,
f754be52618f3aac33b3,paperclip,Securing safety pins or other fasteners,,,,,
cdba07db63febf648e9b,can,As a small shield in role-playing games,,,,,
5d5784f55558d3841529,book,Toy for hiding small objects,,,,,
e4dacef065632e79494e,paperclip,Marking the page number in a thick book,,,,,
1b80c1fd395089e002e8,book,Painting canvas,,,,,
7ea2597f4aac95bc523d,fork,Removing seeds from fruits,,,,,
8ba9b09918510c899c18,paperclip,Marking pinholes for needlework,,,,,
75211a5e048c21f8f1a9,paperclip,Making a simple magnet holder for metal paperclips,,,,,
cfb14cd67f6a7cc53da4,book,Firestarter,,,,,
76232097629bb4da8052,book,Fire starter (when dry),,,,,
bf87e1f990f52a2b9688,fork,Radar reflecting surface,,,,,
b97e260271c53ac48998,fork,Opening tight jars or bottles,,,,,
7c9610c9a42acb1f3b19,paperclip,Serving as a迷你书撑（撑起薄书页的工具）,,,,,
d890210072dd5aed4864,book,Plant marker,,,,,
5076cc9748217b67b418,fork,Spacing pieces of fish or meat while cooking,,,,,
7bd0c0f8ffac3ca393ee,paperclip,Holding chunks of paper together for cutting or crafting,,,,,
4749ae7e19786c1ef955,book,Signage,,,,,
e6108965665069945aff,fork,Temporarily propping open a stuck door,,,,,
c9efbe2dc626aeec156c,paperclip,Mark bookmarks,,,,,
c1f1d6ad7e4932144e57,can,Hammer in nail removal,,,,,
7033f5f69df9716d36e7,paperclip,Create simple weights for crafts,,,,,
8c7540f098174f64fae3,paperclip,Secure tickets in a wallet,,,,,
f3864d18e4149e652fc8,book,Book as a coaster for drinks,,,,,
d4b91127b93ac1963fc9,book,Marking spots on carpet for pets,,,,,
b91fd30733fa30e4aadd,paperclip,Anchoring small beads while making macramé projects,,,,,
9596c3c877cb1ad02d89,paperclip,Holding together ticket stubs,,,,,
603be9c883ad67ece392,towel,Emphasizing texture in sculptures,,,,,
eb358a8ace4b7d804362,towel,Dusting small electronics,,,,,
c8a1a5d7818c27352aed,paperclip,Creating a paper weight,,,,,
ea768ce8fef958559ae4,towel,Dust small electronic devices,,,,,
9dd3fcf3fd7919c613d2,paperclip,Mark bookmarks in a book,,,,,
25a288f1ca8ef790b699,can,As a reward in a token economy,,,,,
a8ac19d3c8b63e5279df,towel,Removing condensation from drinks,,,,,
5d8a2afec48200eccb6e,towel,Wiping doggy paws,,,,,
2c50d63df46c2ad7045e,book,Door stopper,,,,,
0c28e2e0bdc62b36527b,fork,"Lighter than a pen, used as an impromptu writing tool.",,,,,
c82be3df6400a94c27f5,towel,Cleaning computer screens and monitors,,,,,
33ccb5583df0dcc6f2ec,towel,Polishing furniture,,,,,
e0b19b152ec00c258884,book,Bridge in modular furniture,,,,,
6bd0738023927599734f,paperclip,Serving as a simple paperweight,,,,,
0df4ae95216a409fd235,towel,Create a simple tourniquet,,,,,
a5965986279fc15634fa,can,Table coaster,,,,,
f96f9de0d5e771a9aacf,towel,Covering hot surfaces,,,,,
d7cb75773ef73c67adc5,book,Bookmark,,,,,
0fcecf215b427796c260,can,Leverage for prying loose panels,,,,,
2f0ea4876eb18cb32178,towel,Absorbing oil from plates,,,,,
e56c761cb960d5543db3,paperclip,Placeholder for library books,,,,,
64147c37567aa17de719,paperclip,Keep menus tidy,,,,,
0b42874cc963cb858bc3,can,Hanger for short metal wires or strings,,,,,
d613687493b5441369fc,fork,Fashion a simple weapon.,,,,,
a55b935e92b968694638,paperclip,Modifying clothing hangers for better fit,,,,,
e42c71a21be6a4eef840,can,Coaster,,,,,
e4e6fab9cb3d63972e66,can,Hammer soft objects,,,,,
a033862568a0c1c44b15,paperclip,Securely attach documents,,,,,
9fd451fc0f92eb6a90df,towel,Covering a bowl to keep insects out,,,,,
816010232b9f48783f11,paperclip,Secure staples that may be exposed,,,,,
5bdd306f66cb2289a64f,can,"As a symbol in art, representing strength or victory",,,,,
52f68d3f734a91d82394,fork,Straightening bent wires,,,,,
a6c1a7426cb4d0bddcb6,fork,Weighing light objects,,,,,
200b002e0a6ebc561f73,towel,Drying hands,,,,,
2645ced2f33609ff7f52,fork,Cleaning small electrical contacts,,,,,
ffe6bc55ff1cd138879e,paperclip,Secure tags to items,,,,,
46679ca9d3b949891de6,fork,Piercing food,,,,,
88f93b49ea26ed4161a2,can,Paddles for novice swimmers,,,,,
a0a67fa4ee49c4afa9b3,paperclip,Weight down corners of pages,,,,,
6450940b820f0e89c267,fork,Plugging small holes,,,,,
c695b0c10bf2e727ea40,book,Desk organizing tool,,,,,
bc509e2e7ae030538cec,paperclip,Knotting to create a simple sewing needle substitute,,,,,
018998ef509ca724ee87,can,Weapon for self-defense,,,,,
b9ec79e5aa174920e3e9,paperclip,Attaching small magnets,,,,,
f55e827e9e03db19ba6f,book,"Nail hammer, in a pinch",,,,,
4b9285c9c26d3600cf57,book,A toy for smaller pets,,,,,
27c46cbdd33e0c36c454,towel,Scrubbing dishes and utensils,,,,,
d25c88d8fe03073ca402,towel,Storing small hardware items,,,,,
6127367ed5b366aa2d9b,can,Planting small seedlings,,,,,
664868f1afd7652909bc,can,In sculpture or art displays,,,,,
c37eba149ca127f5deb5,paperclip,Keep corners from curling,,,,,
c4b2bebafc2142c85c77,towel,Drying hands,,,,,
c11a2199367a62393b2f,towel,Absorbing oil spills on the floor,,,,,
1848c481c2b0bb5d43db,paperclip,Gently lifting and moving small parts,,,,,
cbe3cb06edf1d6336236,book,Doorstop,,,,,
768195c1e9b3325942e9,can,Portable lamp shade,,,,,
8e191309ac5cd21e60e2,can,For marking boundaries,,,,,
c1aaf91354a488c41ba6,paperclip,Holding edges of paper for alignment,,,,,
c986b625620caec4ab67,book,Umbrella stand,,,,,
eefa55da38642c6d655c,towel,Ladder hand rail support,,,,,
313297a4d8a3ade317c7,can,For catching small animals,,,,,
33500c9ba129ba7316db,fork,Supporting the limbs of plants,,,,,
ca41c2cecd29130868ff,towel,Absorbing spills on the floor,,,,,
f1548801701ee4aa33e9,paperclip,Hold sheets of paper together,,,,,
7b2d1edb99b7976f519c,can,Striking a tuning fork for resonance,,,,,
6cf979ae992283904f0f,towel,Absorbing condensation from beverages,,,,,
d10c4813866835542cd3,book,Fan,,,,,
5fde69305f7ebc82e318,towel,Absorbing spilled liquids,,,,,
4e1a924bd69d6f52e107,book,Road sign for camping,,,,,
fb0014c1497cd3f75892,paperclip,Creating bookmarks for easy page marking,,,,,
140edcc38db7438f0cbb,fork,Pen drive for extremely small thumb drives,,,,,
d5fb6e8f0ac285afb9cb,paperclip,Fixing small items to documents,,,,,
f26d2ff630eb477ac8ab,book,The cover of a book can be used as a small shield when holding it in front of you.,,,,,
bf92fc466fe49bd7e6fe,fork,Scraping food from plates,,,,,
f4335e814aa915ab4eeb,paperclip,Connecting map corners on a binder ring,,,,,
6826a501d01358ac2aaf,fork,Holding paper while writing or drawing,,,,,
cfb84fd99f9fd060d022,paperclip,Serving as a simple paper sculpture tool,,,,,
4a14983f015466063baf,book,Shading object,,,,,
40dc837ccf4106425364,paperclip,Securing ribbons or tags to documents,,,,,
201ae951041593af21cc,towel,Placing around a hot object to drop it safely,,,,,
77b9a58bc46029eaa54c,book,"Playing bocce ball (tossing the ""book"" as the target)",,,,,
69d4f15abb360d977d75,book,Doorstop,,,,,
0a1d60cbe941959b2a0c,paperclip,Bookmarking pages in a book,,,,,
949d9ccde07a3d02c8c8,can,Marking boundaries in a game,,,,,
ec64d368b57c657f908a,book,Stand for holding up a mirror,,,,,
16628d4bf0412486d8e8,can,Trimming fingernails,,,,,
bcc16e8df6cc9474d7a6,book,"Musical instrument (e.g., percussion)",,,,,
fbd4bc9d7af1566d2e2f,towel,Binding shoelaces tightly,,,,,
ff285828ba92eb6ba4d9,paperclip,Measuring small distances or edges,,,,,
f15fc437983b9ec8986d,can,Mini tent when camping,,,,,
3ba3d7158740f60c2fe0,book,Bookmark,,,,,
d95ceb7630674e213020,paperclip,Weighting down corners of documents,,,,,
28d8a8a9c46e9149d567,can,Beating rugs to remove dust,,,,,
9a0046c9730a469b390c,book,Bucket for water collection,,,,,
a2bf9df42bb26e6009cb,can,To prop up a plant,,,,,
b5a7cb46d6f75f77424c,book,Seat,,,,,
0da38d626ca4a7fc91b7,fork,Scraping food off plates for clean-up,,,,,
340b38ef55566bdae754,paperclip,Organize small items in a container.,,,,,
cea726dc4b99629e45db,paperclip,Fold napkins,,,,,
d9dc086ebb340ce5a907,book,Seat cushion,,,,,
87db7f5b6e6ab55ca75b,book,Sign,,,,,
440d5fcdfbfd053086a7,towel,Protecting surfaces from heat,,,,,
1c36b09b5e3351bf7cb8,towel,Cleaning and drying pet fur,,,,,
731789e927eb048e4dbd,fork,Opening tight jars,,,,,
c58eb7b17717e21d118b,paperclip,Seal for envelope wrapping,,,,,
07acbf37cbd79a0b9ff5,towel,Emergency cushioning for fragile objects,,,,,
825206e14f4946358ad2,fork,Polishing metal surfaces,,,,,
6deff3690a949fedc9ac,fork,Scraping food residue from plates,,,,,
071dd4ca6ff20f2bb901,fork,Edge for trims or decorative details in crafting.,,,,,
bf4227d754a5eded99b8,towel,Absorbing spills on the floor,,,,,
da85e08801a87728b2d0,can,Signal device in emergencies,,,,,
b034546cdb4861de316e,can,As a scoop for loose materials.,,,,,
b3e27f52e96abe60a845,book,Magnifying glass,,,,,
2b4f15cd23c7a78af5b1,towel,Wiping glasses,,,,,
78f9bd5f42dc4963f7ad,can,Container for holding liquids,,,,,
b0f7cc7a7336a0853f09,can,Cleaning small parts,,,,,
e492e2e4451b50df131f,towel,Marking fabric when sewing,,,,,
8c41a0e3aba8e7298381,paperclip,Hold papers together,,,,,
4719562f96bc46b997a0,can,Hammer,,,,,
65befd6e5e2a5557c4cd,can,Temporary furniture stand,,,,,
f9a767b5ebc7532b537e,towel,Covering food to keep it warm,,,,,
5c1b712bb345bceebca0,fork,Opening tightly sealed containers,,,,,
8dda2320557ad1da1e34,towel,Cleaning car windows,,,,,
6a2e19bd9a0c468e0a2a,fork,Prying open tight jars,,,,,
2dad058cb080848b2db4,can,Removing paint from surfaces,,,,,
c906d91b9ccf9a93a0fd,fork,Twirling hair,,,,,
7b86bc778be11889b7e5,paperclip,Bridging gaps between small objects,,,,,
50efc89d2f2113b5e243,book,A reflective surface for holding up in front of a light source,,,,,
310c6c4f4133c32ae43b,can,Tap to get attention,,,,,
d2f1cfd0acaa3941a063,towel,Covering food to keep it cool,,,,,
d0ae2d0210513f94fbb1,towel,Creating a makeshift bandage,,,,,
c6599156b434e1b8c6e6,fork,Pick food off dishes,,,,,
ce4579faca8efa048042,towel,Wiping a screen or camera lens,,,,,
b50a29e234a198f27790,towel,Scrubbing surfaces,,,,,
2484a707fb021033ae5b,fork,Hold items in place while gluing,,,,,
349f72ed143d03b47d89,fork,Whipping cream by hand,,,,,
de883b919ddb172149ff,book,Paperweight,,,,,
419ddcc09e8c51d8d7e6,can,Supplemental pillow,,,,,
26f3d6bb8929e8df6ef5,fork,Testing the sharpness of knives by gently scraping against them,,,,,
da94bb426d779386e978,book,Firestarter,,,,,
493503af57ef0c93d234,fork,Spreading butter on bread,,,,,
7205943b7985c00f92d4,fork,Opening tight lids on jars,,,,,
76f67f808c1301a530b6,paperclip,Fastening ticket stubs to a folder,,,,,
17edd38b9ff6148d3442,towel,Wrapping gifts,,,,,
d06608f4a3cb9cb04767,towel,Making simple bandages for small cuts,,,,,
c76a201cbf83bd330aaf,towel,Wrapping fragile items,,,,,
62d60915a68efb3a4cc7,can,Opening stuck lids,,,,,
936e4004ed3dc27f9af8,can,Sled,,,,,
c2ea60ba3d17a1e568f5,book,Bookmark,,,,,
16a86f7c37d622922fa5,fork,Scraping paint from a can,,,,,
544287f67f03ac182775,can,Container for small items,,,,,
2fd4d02ebea228bcd715,book,Paperweight,,,,,
80c0475001814d5f9b90,book,Paperweight,,,,,
7f589b5ed6cdf53a201a,towel,Straining excess water from vegetables,,,,,
d79262936353df9882af,paperclip,Holding pages together in a binder,,,,,
2c6160f389d2d9f83fac,fork,Used to chip ice from desserts,,,,,
d4a041ad9143a52a2f08,can,Acting as a hand rest for drawing,,,,,
bd9e4f16a60411bfc7d0,towel,Covering food,,,,,
e995b7fedf4f2ca1ac18,fork,Cleaning small electrical contacts,,,,,
d11a75aea2e54067e5bc,towel,Dry spilled liquids from a work surface.,,,,,
18b7b166e0b25fbe3d6b,can,Crowbar for prying loose boards,,,,,
f4193ccb6b1a73865000,paperclip,Keeping pages together in a stack,,,,,
c68864516334c844dbfe,towel,Holding and carrying small items,,,,,
86ec6d646aeae17fcaa2,fork,Piercing soft fabrics,,,,,
7b69e28acb0e991368a3,fork,Temporarily holding wires together,,,,,
5ebfacaefc07ce2f49f4,towel,Absorbing spills,,,,,
aa3341d740b3453f319d,towel,Absorbing spills,,,,,
c754884d0fba5cff4417,paperclip,Opening tightly closed containers,,,,,
e0bb6129b7871f61cfd6,fork,Adjusting the spacing of seeds when planting,,,,,
0b7f78eb0bee5b1edaed,book,Tool for opening jar lids,,,,,
cf9904ee2b68a1bd8795,towel,Protecting your hands from hot surfaces,,,,,
8c82cef26491d88fba13,can,To fan yourself on a hot day,,,,,
6a1a39799b52f3e49750,fork,Holding papers while writing,,,,,
ef22197f07033305d350,fork,Assisting in electrical repair,,,,,
32b0080ce3d17aa7fa43,fork,Spreading peanut butter on bread,,,,,
dc6e3c2e96c16a0b40a4,can,Punting a water vessel,,,,,
94edb948a2a108f79901,towel,Placing under hot dishes to protect surfaces,,,,,
ef4357cc278ff94766f6,book,Writing notes,,,,,
77122450525aa5ea3536,fork,Holding pages while turning in a book,,,,,
d68adf8432baf88b7ad6,fork,Prying open objects or containers,,,,,
a2f4792aa6b66c90833f,fork,Opening tight lids on jars,,,,,
ab441f89b65241d51fd0,can,Weapon in a makeshift scenario,,,,,
cdeae2865703310d309e,book,Compost,,,,,
b3b38211ece6793fb6fb,fork,Holding small objects while gluing,,,,,
caed482a842cb87e7ac0,paperclip,Mark page positions in3-ring binders,,,,,
257366a1d1c6e71a8ef6,can,Using as a prop for resting during hikes,,,,,
0026a6568a9037b3f0ad,book,Bookmark,,,,,
b8bfe98afebbf1944f45,fork,Mixing soil during gardening,,,,,
f3da30307499927ddd94,fork,Removing small pieces of food from teeth,,,,,
a3240be9b1f9c62c9eff,paperclip,Hold sheets of paper together,,,,,
1a8ee849e464c1c8c6dd,fork,Pricking small objects,,,,,
49b000ab92ed2741d044,book,Weapon (in defense),,,,,
12f4add767bf51a765de,book,A weapon in close-quarters combat,,,,,
ecfe4d99c639e8397441,paperclip,Attaching receipts to tax forms,,,,,
7342f9cafa091584e994,can,Hammer with (as a last resort),,,,,
789254b96763fa7c060e,fork,Scraping sticky labels off surfaces,,,,,
31ab132696165d25d264,paperclip,Keep pages flat in a folder,,,,,
85087588ac41204f5a9f,towel,Pack fragile items during moves,,,,,
a706d90d01138dc9ff6a,can,Beat drum,,,,,
4902e550d680076824e9,fork,Pricking soft fruits for desserts,,,,,
8833d59f1536793bae92,fork,Hold up small objects for inspection.,,,,,
c1cbd1dd8bb5c6a90cdc,towel,Cleaning kitchen counters,,,,,
c036f25eccf6ef03da73,book,Doorstop,,,,,
6953bd4fe97fe301dca1,can,Stand for mounting small tools,,,,,
d2c5f5323fe8a5941698,fork,Piercing balloons during a party game,,,,,
4a7db6c1c969a0e5c591,book,Seating in a pinch,,,,,
0b3f2f3a05cada800434,paperclip,Adjusting weights in kitchen scales,,,,,
e809c92bec82005e8981,book,Toy,,,,,
91d07af75cfa3750919c,can,In cooking as a way to cover food,,,,,
671ef23fc09d22d2468e,fork,Moving thin threads between fingers,,,,,
33a88c25171553c38c4d,fork,Cleaning corners of picture frames,,,,,
85901c48ceef7efaa0ce,can,A supporting stand for balancing small objects,,,,,
aac768b6e5fed0bef8bd,paperclip,Serve as a简易游戏工具帮助固定游戏角色,,,,,
6e826f98a08af9b7fbbf,paperclip,Wrapping a small gift,,,,,
183f44425ea814cd6853,towel,Absorbing oil from food,,,,,
cf915006b69438fc0a99,towel,Protecting furniture,,,,,
cc99bc34e25a8484c417,towel,Cleaning windows,,,,,
3f43a1c1dd4762acf79e,fork,Combing pet fur,,,,,
369ff9fd1b9f58806d44,towel,Protecting hands from hot surfaces,,,,,
27ef7044fc74229f4188,book,Fan,,,,,
287e18813cdcc1b849cc,fork,Pointing at things to indicate,,,,,
7d949c9fee12f03c4997,book,Impromptu first aid kit (for sealing small cuts),,,,,
7786ba314c00fa04b2e1,book,Fan when electricity is unavailable,,,,,
929bb3384cab7c3a836b,fork,Scraping labels off cans,,,,,
bce4d2a533ff371aaf2c,book,Hammer for light-duty tapping,,,,,
bfc5611c898b45588155,book,Mirror,,,,,
ec0386ed43709503b5c7,towel,Cleaning greasy hands,,,,,
6250909f25371aab34ea,paperclip,Attach labels to objects,,,,,
9d00d4ff08d3320dfc40,can,For striking a match,,,,,
da0d183c82568783a210,towel,Making simple bandages,,,,,
34e3a7cd72bb3cfa15ac,towel,Collecting small spills,,,,,
65d52ed760788f34a33e,book,Fire starter,,,,,
e34f0a7a105c0b66b01b,book,Pulse oximeter holder,,,,,
c6d4f1e7ba360be49552,book,Marker for plant label placement,,,,,
599275b587f191b9797e,towel,Absorb light moisture,,,,,
e61cd3e2b6d411bd3120,towel,Wrap a gift,,,,,
1dea8f31156c56aeae0b,towel,Cleaning screens and monitors,,,,,
ffea7ebdc18acd227f28,towel,Blotting excess oil from food,,,,,
58fe4a8eb1ab4eeb776e,fork,Opening tight lids,,,,,
da0f4634a28bc8a45770,can,Birdcage lid,,,,,
f8d6548eda96d415c5a1,can,Creating indentations in sugar for candy-making,,,,,
96c21c67024e83a3037c,fork,Clearing small insects from eyes,,,,,
e01ccdb36a6c83073c2c,fork,Disturbing ants or other insects as a form of entertainment,,,,,
c0ca94ef137e854b8d41,can,Doorstop,,,,,
7686a2ca3a26539cee6a,book,Birdhouse,,,,,
49e7e247c7ad8a5f6e7c,towel,Cleaning a lens,,,,,
70f8cba77c12a64f4f58,book,Bird feeder,,,,,
f9f1a6ff428fc133181d,can,Marking items during inventory,,,,,
a70ec11d102762aec0f1,paperclip,构建临时模型的一部分,,,,,
0fd61e615a91cd7732f6,book,Child's toy,,,,,
e3dbb783de5099239e61,fork,Saving a piece of food for later,,,,,
460ea1e9c07926cedb8a,fork,Holding small objects in place,,,,,
ae16e988177734ee2fad,paperclip,Measure small distances,,,,,
8d5334161abb1c6875cf,can,To grip slippery objects,,,,,
fde56927d179962e28a7,paperclip,Fixing a bent needle,,,,,
79143d9e1230112eceea,book,Doorstop,,,,,
95a82fe7f054018eb2d9,book,Nightlight,,,,,
19d92747bbb046e4186d,towel,Wiping hands before eating,,,,,
1c2ba1cc48e21d32755c,can,For securing lightweight objects with string or cord.,,,,,
2d0cea12308443167bc7,book,Musical instrument (by tapping),,,,,
dc3e21e1762c44a024df,book,Weight for flattening objects,,,,,
e45e20885ecbb4bb3743,book,Doorstop,,,,,
e13c037328b27d40dedf,fork,Spreading paste or glue,,,,,
4c60c45b33cae340647d,can,For weight distribution in a canoe or kayak for balance,,,,,
468dbafe3d38accbab09,paperclip,Decoration in scrapbooking,,,,,
7c50768f33bfcca394d0,fork,Piercing food skewers,,,,,
a0b52aed9063676ff1d3,book,Door handle backup,,,,,
e40e032c2919b02d259d,fork,Piercing food to test doneness,,,,,
782bff411ddddcadfa63,can,敲打节奏或提醒,,,,,
7884ab5aa4ff58c6dd5c,fork,Marking places at the table,,,,,
dcae8d598a82393a30d2,can,Stool in outdoor settings,,,,,
f910b9f07affea371815,paperclip,Creating paper loops for hanging,,,,,
97ca6b2ecea9776213a5,towel,Opening jars,,,,,
f0bf7871194443009051,paperclip,Creating a pom-pom for crafts,,,,,
54e680430f1591d8117a,towel,Dampening soil for planting seeds,,,,,
71511d91a1b1030e0fd3,can,Using a cardboard can as a plant pot,,,,,
e33852d053c827c9f9f4,towel,Absorbing spills on counters,,,,,
792316b58b4bb7933b89,paperclip,Marking page corners for easy reference,,,,,
0eb6da01fd10a5515e94,towel,Filtering tea leaves,,,,,
bb6d9e8efb692bfbe669,paperclip,Serving as a makeshift paper weight,,,,,
a693978788cd6a5fc039,paperclip,Wrap and tie smaller bundles,,,,,
65e98aae9ab074af9079,book,Separator for risers,,,,,
fdbb923a23e72805235d,fork,Unraveling yarn or thread,,,,,
e8712bbf5f48f5c2549d,towel,擦去汗水,,,,,
66dcbab51b0c3680bcdd,towel,Tying packages together,,,,,
c52b81dd9032377acbcc,can,For storing small hardware items,,,,,
6ecc244efed428dcdffb,book,Book as a bookmark,,,,,
d6b7b0ac3865d28deb73,fork,Sealing envelopes temporarily,,,,,
8dcb4c54ec503f3ff18b,book,Fan,,,,,
380d7c837fd80838c0cd,towel,Marking fabric or wood,,,,,
17a407b3f8bfe8bb3b19,paperclip,Holding together cocktail napkins,,,,,
92c9f3ee8dc08c5d1c69,can,Hair straightener,,,,,
dda19923ea5205078f01,fork,Scratching itchy spots,,,,,
75cce7ae935ee8af2427,book,Straightedge for cutting paper,,,,,
6307101a203d3270bf9f,can,Generating white noise for calming purposes,,,,,
0e38a85e19ffc36b3c84,fork,Separating tangled headphone wires,,,,,
ff9a856a819cd8081188,fork,Pinning small objects for storage or display.,,,,,
3e811a9a89e7b55a65b9,paperclip,Placing under lettuce in a salad container to keep it fresh,,,,,
0a72509ba92f3ff82f48,towel,Deodorizing shoes,,,,,
399f36bd14f8b444d271,book,"As a weight to keep something flat, like a quilt",,,,,
a6e45ad8be84f76d9159,towel,Drying a pet after a bath,,,,,
e3ca9aaa67f175592952,fork,Mixing mortar or concrete,,,,,
4e1dd31c4a474c0c7e07,can,Serving as a support for plants,,,,,
abe98e12bbf656b6a045,paperclip,Attaching labels to objects,,,,,
d4358e0338265570ee76,paperclip,Open信封,,,,,
eb5054cab445dd60a314,fork,Controlling electronic volume knobs,,,,,
c951e4ec9432c85fed0e,can,As a weapon,,,,,
8c69e261692115c809de,can,Adding a personal touch to giftwrapping,,,,,
43b456a4800114135a61,towel,Wiping tabletops,,,,,
f5a770fe0395b980afe0,can,Serving as a weapon,,,,,
6eefeb6e0c4ab256567d,can,Can to sort and store small hardware items,,,,,
3c0875921203a4fed71f,fork,Temporarily fixing loose screws or nuts,,,,,
1f483299f78592ea0901,book,Firestarter,,,,,
351d370999d80f0467dd,can,Hold small objects,,,,,
5e4eb5e3a6a58ac7a905,can,Counterweight in manual mechanisms,,,,,
0133c0104a6257249c94,fork,Supporting lightweight objects during crafting or repair tasks,,,,,
7dbd2fee6f953a2a02e5,fork,Opening bottle caps,,,,,
05cd22d8e628ef51f2b5,paperclip,Keeping pages from falling out of a bound notebook,,,,,
bffd01e322732a33eb72,book,Drum when rolled,,,,,
ac8491d9b1f7b9e98f51,can,As a weapon,,,,,
a8760c60da7c57a7396e,book,Weapon (for defense or offense),,,,,
1f8e5675133474a83c16,paperclip,Pinning a card to a bulletin board,,,,,
288b91fda394bcc4134d,paperclip,Fasten survey responses together,,,,,
46b44d9300983e3aed64,paperclip,Keep a pen or pencil in place during note-taking,,,,,
65d0b3452d30dd8a085f,fork,Pricking small objects,,,,,
b447039c10b6b7443eec,can,Pendant,,,,,
5f67fa870884750d1add,towel,Dust surfaces,,,,,
d21fb45af4f58019f01b,paperclip,Tie ribbons or strings,,,,,
679ad98d80ed58872c45,can,As a container for cookies when traveling,,,,,
209d8322cb41dff77f49,book,Diffuser for essential oils,,,,,
f39da4330c902874f3e3,paperclip,Create a paperclip chain for adornment,,,,,
ec35c00d8a10fe5e32c2,paperclip,Holding pages together in a booklet,,,,,
5a34a6cc38c643ca8865,book,Decorating a bookshelf,,,,,
0ac06c42b6a9b3da37f9,can,Stabilizing furniture,,,,,
1b3d51002915052c7764,towel,Absorbing ink from drawings and sketches,,,,,
e0695e1ab4ac7a3c0254,can,Indicating directions,,,,,
168bd6fc7678b4f68c40,can,For knocking on doors,,,,,
e68d1c318c5d05dd3281,paperclip,Hold edges of fabric,,,,,
c64369670ea423606817,paperclip,Loosen stuck bottle caps,,,,,
ac41f8bc8fcaef97acc8,can,Toy for throwing and catching,,,,,
4e4d1f40906a513d1238,book,Tool for hitting nails (with caution),,,,,
13b2bde226a7ee4615c3,paperclip,Tie small items like safety pins,,,,,
1502aac796b99d6a6a03,can,As a signal in emergencies,,,,,
08192392bc657ddb36cd,can,Opening jar lids,,,,,
f73be580062d13c86682,paperclip,Creating paperclip art or sculptures,,,,,
bf7cc6069903f52020e4,book,Weight to keep a magazine open,,,,,
4940fc12140d94017677,book,A tool for opening jars with wide mouths,,,,,
ae71a872f0ec3938b870,can,Creating a canteen for pet feeding,,,,,
1723b6566bee8d7697d3,book,Baseball bat,,,,,
016edb35dbead9855da0,can,Hammering nails,,,,,
29005c178b614f218de7,fork,Playing simple musical sounds,,,,,
5235d9732aafc06b3c77,towel,Wipe a table,,,,,
1c2829ba9f05981c07fe,towel,Clean makeup brushes,,,,,
63af02bfd8b7e5406192,towel,Emergency shading or sun protection,,,,,
4691e63f932bb62914fe,can,To create sound with water by shaking,,,,,
56742e03db5cbf9c5493,towel,Wiping a keyboard,,,,,
8473a1cb84e4525c30dc,book,Weight to flatten out paper,,,,,
b91cbe2f5a4a788a11c8,fork,Mixing batter in a bowl,,,,,
76f3b8547a0bd1212bf0,paperclip,Hanging plants or small items from hooks,,,,,
ca97cefc795fbad9020b,fork,Lightly scratching wheel rims for balance checking,,,,,
57134716525ff04e58d5,towel,Wiping spills,,,,,
68a10fa6a5499e20d89f,towel,Drying hands,,,,,
1146ee43f2d2966296cd,can,Box for storing small electronic components,,,,,
44fb11eef113972efc23,paperclip,Hiding small valuables in documents,,,,,
cf97d9a26bb9685fc321,towel,Pressing out excess water from fruits or veggies,,,,,
4732a6214b861103ec96,fork,Opening tight jars,,,,,
fdd0b6ba16c68ad98f86,can,Marking heights or measurements,,,,,
d9756ebe7eea1713dc14,can,As a surface to cut food on.,,,,,
66cac38f879497741153,book,Bookmark holder for a calendar,,,,,
0e34a96dc7bed26c725c,can,Mug for hot beverages,,,,,
6d92dd802bfcde52ffc2,fork,Scraping sauce from plates,,,,,
66641bbb579766b19d4b,can,Opening stuck jars,,,,,
7df8e3d87e8525531906,paperclip,Hold pages together in a binder,,,,,
c72e071376ccdea51179,can,Prop in theater performances,,,,,
862ac9451bcc75da1c71,book,Seat cushion,,,,,
6fa5bb2b8b41bd9566d2,fork,Separating threads in knitting,,,,,
45f26eca402d917703f9,book,Book as a musical instrument (tambour),,,,,
ca2a80b117d84b730499,can,Opening tight jars,,,,,
3d3ccf78ef52978786f6,paperclip,Indicate pages to review in a stack,,,,,
015df441b6c0d51a16ed,paperclip,Bottle cap opener,,,,,
967cb5336020917d03a9,book,To weigh down a blanket,,,,,
55fa1a81fcca323c2e4c,fork,Polishing small metal pieces,,,,,
9bfab704564cedec164c,paperclip,Keep bookmarks in place,,,,,
453ef437f51dbbbde760,towel,Starting small fires for camping heaters,,,,,
42467efdc3a032cc5aea,paperclip,Mark page numbers in books,,,,,
1300ab6920d07e5ed305,fork,Holding glasses flat during transportation,,,,,
e29c97d94803e9a751c4,fork,Pricking small items for crafts,,,,,
b3e8e3c809ed8a292d94,fork,Polishing silver or other metals,,,,,
1521a2784b60ff12866c,fork,Opening curled tags on clothing,,,,,
be3d25ad2320812fce60,book,Fire starter,,,,,
75ebd392bef03f8c3fbf,can,To strike a match,,,,,
bb6fc9d7f4e74f0509b9,paperclip,Marking pages in books,,,,,
7c97a6f24aa0e89a6ca8,towel,Sealing envelopes,,,,,
0a8aea63edd6485123be,book,Weight,,,,,
218e54157c97e7bfefa2,book,Shifting small plants in pots,,,,,
5cbe25918d2b158334c1,book,Ruler for straight lines,,,,,
18cf84372dd12f475fde,paperclip,Labeling small items in packages,,,,,
f97c340ccf8b2022e6ad,book,Rapping surface for musical effects,,,,,
eff21abc554e367970f8,can,To tap a bottle of beer,,,,,
dea748e1fecd86587899,paperclip,Weight down corners of documents,,,,,
f4227576d3d5882f8bcf,paperclip,Fishing bobber,,,,,
cb7772f92310e7d55599,towel,Catching small items while packing,,,,,
c33005f31321768ce3ed,paperclip,Acting as a paper cutter stop guide,,,,,
ff38795ac06fdd78da96,can,Toy unit,,,,,
a14fdb92630b3eacb801,paperclip,Weighting down documents,,,,,
9e63a3c9615bef4d2275,fork,Holding papers together,,,,,
60a3d7e20a56153edf6f,fork,Emergency sewing tool for unraveling threads,,,,,
b4d87d0ba513e219f512,book,Doorstop,,,,,
86f58b45613bff1afe07,can,As a grip for twisting doorknobs,,,,,
156fcd566ab384703b2b,fork,Opening can lids when skewed,,,,,
849a04ff97792cf7bf08,paperclip,Attaching labels to documents,,,,,
c02ce52b154fdb2d2781,book,Musical instrument (when made into a marimba or xylophone),,,,,
0b998e0836b841c3fe31,fork,Spacing items on a shelf,,,,,
60fcced4fb8c6b9f54c9,book,Book as a weight,,,,,
1f5cf022eef9689c236f,fork,Holding papers together,,,,,
96e74f14a0f685773f51,can,Tracking progress with stickers,,,,,
4c75ca1ebea97c18b458,fork,Keeping hands clean during finger painting,,,,,
8048ab54411882537552,towel,Cleaning pets,,,,,
ecb2c23612029973373d,towel,Absorbing ink from dropped markers,,,,,
eaf6901ab5dd93bec423,towel,Pledging in a bag,,,,,
1b2dfa9e522c5c17023e,towel,Create a barrier while writing,,,,,
0b30973906d016644792,can,As a container for holding small items.,,,,,
da6737ca8f6ae5078760,towel,Mark dirt on floors for cleaning,,,,,
bd77621f189e309094c7,fork,As a pick for reaching small items in containers,,,,,
067c82744ed9cf0b829b,fork,Piercing food for grilling,,,,,
57dcf9df6b74e981576d,paperclip,Label and organize wires in electronics,,,,,
1254d9b86944ed12d6a0,towel,Drying hands,,,,,
9626fd81493d1036aae8,fork,Holding up seedlings while planting,,,,,
0dbe95a8a698844498bb,towel,Starting fires (in emergency situations),,,,,
a81742963b15f5a7e527,book,Doorstop,,,,,
e879b71b3aced5f7a56e,fork,Spreading butter or jam on bread,,,,,
15e0dfbfa9cef509e05d,book,Bookmark,,,,,
26f9a2c996d329654bdc,can,Can as a paperweight,,,,,
91b16168e68834d0a3f5,towel,Absorbing ink for makeshift printmaking,,,,,
69170316f701f90d71bf,paperclip,Securing paper in an envelope,,,,,
a3ad2c85bacdfe264d5b,paperclip,Marking page numbers,,,,,
d89276078cf43d7f75ce,fork,Opening bottle caps,,,,,
8d0a4fff5e41d4d4c9b6,fork,Opening small packages,,,,,
db8934d567432969e45e,towel,Clean glasses,,,,,
e4ebd5328e9086c3de63,paperclip,Hold sheets of paper together,,,,,
e6058153a012bd92814b,book,Kindling,,,,,
618b5c7dfb04f2726a8e,book,Surface for writing,,,,,
648fa66330fddfdd4a32,book,Door prop,,,,,
5c4751ebf2675eb433e4,paperclip,Attaching small accessories to clothing,,,,,
8c6cd15a7d49712287df,book,Child's toy,,,,,
ef8955b54d2baa9cf7bd,fork,Piercing and straightening wires,,,,,
e05e3679f989e9a07015,book,Toy for pets,,,,,
8f0189595c6657643c86,book,As a weight to keep a drawing board steady,,,,,
cabe575a07322a8acac8,fork,Pick pocket pin-pricks,,,,,
39bb9d0dfe6cbbe1880a,can,Containing loose screws or small hardware,,,,,
4c51e65ee73590f5e629,fork,Opening tight lids on jars,,,,,
8ef16ab9c4308117e821,paperclip,Adjusting the tension of a small elastic band,,,,,
f569f4d63be2190107d4,book,Doorstop,,,,,
e6aa06840009255500db,towel,Cleaning computer screens and monitors,,,,,
6024199e2b21093b4d38,book,Temporary stand for holding things up,,,,,
7fcddcf2fc8ad39786a0,paperclip,Holding papers together,,,,,
452eb42fa14ae17ae43b,fork,Holding up plants while weeding,,,,,
630e5807a1d8676ce7c4,paperclip,Opening medicine bottle caps,,,,,
a4f43ef3229770683b72,towel,Collecting loose change,,,,,
5a927690515ce22df5a7,can,Acting as a makeshift hammer on softer materials,,,,,
c85f5a882f708ab9ea94,towel,Drying pets,,,,,
3bd4c673a30401cf4c0d,towel,Cleaning hands,,,,,
6f5a65aa79a65ce01af8,can,Fishing aid (pry open hooks),,,,,
7347c6bed31dbfbbbee4,fork,Moving items between plates or bowls,,,,,
7d68644b797826c3d016,book,Cushion,,,,,
87a35120efd4544be59e,paperclip,Attach notes to items for easy reference,,,,,
1b29f82cc74b31990841,book,A coaster for drinks,,,,,
f31504c3cc294185bec9,fork,Piercing small fruits for skewers,,,,,
6d37b4247a2bb1196761,fork,Opening tight lids on containers,,,,,
e5a6caf9448e5f0b4f22,fork,Holding fabric in place while sewing,,,,,
549d7a895c862308480e,towel,Starting campfire with dried tinder,,,,,
f490468df3cc7d94f469,fork,Separating ingredients in cooking,,,,,
c080ee60e15c21afd753,can,Lifting heavy objects,,,,,
fc488847c6df0c0c3c6f,book,Sound modifier,,,,,
3e709b095567c8510b57,fork,Opening pills or capsules,,,,,
e05ff1d875fc2fed452f,book,Weighting down a newspaper,,,,,
8a3c3de81d106d1b131e,book,Bookmark,,,,,
346e72d3e5d457f1270e,book,Fishing lure,,,,,
f0a349cade1247dd52d8,towel,Wiping a camera lens,,,,,
f550ae8a9933bd94d4fd,can,In crafting and DIY projects,,,,,
fe939e7b716fca4987ba,towel,Covering hot items,,,,,
bb98f312f42332bd273b,book,Musical instrument when struck,,,,,
4fc1a0f737dae31ef5d0,fork,Straightening small wires,,,,,
547ee8855567cc86f6d3,paperclip,Attaching labels to files or folders,,,,,
069569cbe15b8a732f59,book,Bookmark,,,,,
8f74ae11ef1c89a79207,can,Using to catch drips when removing wallpaper,,,,,
723b76a4cd594dd2a705,book,Doorstop,,,,,
583710676b9eff5122fe,towel,Polishing silverware to a high shine,,,,,
b2b371717f132a83232f,book,Headrest when camping,,,,,
48db703edcc7d586deb4,can,As a book end for stacks of books,,,,,
84080b2ef507ab3f13af,can,Mixing dough for baking,,,,,
02a588e79444607e60ec,paperclip,Marking book sections,,,,,
fd437232ff7cdf1871b0,towel,Polishing silverware to a shine,,,,,
9e1d6cd9dd74e37c407a,towel,Wiping screens or gadgets to remove smudges,,,,,
6623358db1c42a804ce0,towel,Drying hands,,,,,
c7864aa3ea0b7b9cb539,paperclip,Organizing buttons in small groups,,,,,
c6feabe47e34dd6b266e,can,Marking boundaries by inscribing them on a surface,,,,,
08e7643a58b5e5e65ab2,fork,Moving small objects between locations,,,,,
c50b8ffd06bec0772c7f,towel,Drying hands after bathing,,,,,
7d53bfa1d1ab7a96b64b,can,For creating a barrier or windbreak,,,,,
0fa07e72bdc033a31cd1,book,Firestarter,,,,,
14282e09d32e02803b97,towel,Assisting in tying up loose shoelaces,,,,,
c5682a7e5cdefd3fae4a,fork,Stirring multiple ingredients simultaneously,,,,,
fd34c5a1063dbd7e82c1,paperclip,Leveraging as a simple paper bookmark,,,,,
2ec60732770bc8c75086,fork,Piercing food at barbecues,,,,,
edbc63c4fbb56fe290ea,can,As a paperweight,,,,,
072e68ead9e502b20daa,fork,Spiking meat for grilling,,,,,
4360045d599347ecb971,paperclip,Hold pages together in a binder.,,,,,
19b55a14e35fef12a18d,can,Supporting a small plant,,,,,
1cfd3202336f01be36e6,fork,Fashioning简易手工艺品,,,,,
08e29eb93cba7b22c1ba,paperclip,Attaching fragrant sachets in wardrobes,,,,,
c4ccaa45e9443a1361c4,fork,Pricking holes in fabric,,,,,
acdb4733ce561efba501,towel,Wiping hands before eating,,,,,
03cb9d8c49eccf4db8fc,paperclip,Indicating ideas or to-dos in notes,,,,,
1981e420e05ae8608a83,towel,Absorbing spills on the floor,,,,,
e4e6df0dfc56ae4de764,can,Can as a plant pot,,,,,
e673c80140986b98e26a,towel,Sweeping up minor debris,,,,,
9461535bd8f4f769f73c,fork,Serving as a handle for DIY crafts,,,,,
40d5ee18d9c31f94e359,fork,Opening tight jars or containers.,,,,,
77d63cecb5b27ba86119,towel,Polishing silverware or other metals,,,,,
bc0f49800789a2f6d2c0,paperclip,Mark page numbers,,,,,
9c8b5c92642a0af9e018,book,Paperweight,,,,,
b0ddd0a620632cad34fa,paperclip,Decorate gifts or packages,,,,,
b620642af07e844a5c79,can,Platform for hanging plants,,,,,
c9993a76cabac1143c2a,fork,Opening jars,,,,,
a680e3e31eb534d5cc38,fork,Tent stake driving tool,,,,,
c95f982777407476ff5c,book,Platform for small plants,,,,,
48e36cb30f9e5bc95c48,book,Weight,,,,,
a95369e033f051b274b7,fork,Holding objects while gluing,,,,,
00d765380540bf7dd594,towel,Holding small items,,,,,
a76e2f8d9eb993b1f2b2,paperclip,Attach small items to a cardboard or wood backing for a picture frame,,,,,
5ae35e3660de30768e91,book,Birdhouse,,,,,
cd00ca478ca7f73d9ebd,fork,Plugging small holes,,,,,
a7aaed452a390091af77,towel,Polishing shoes,,,,,
98b9c82e77614bfe4e10,can,Stabilizing a piece of furniture on soft ground,,,,,
2f1554ce909a2ac80aa1,towel,Temporarily absorbing earwax from the outer ear,,,,,
aa8ec5837fa0d7af787f,book,Acting as a bandage to wrap minor injuries,,,,,
8ea3fd40c307c26114b3,paperclip,Supporting delicate flowers in a bouquet,,,,,
cb4e9cf92d7555e09bda,book,Shield (for protection),,,,,
7e0e58a29fd0e2a09c74,can,As a makeshift pen for holding notes,,,,,
a584e8a8e3057fd3d2b2,can,Placing small objects in pockets,,,,,
400ba8c85279855d34c4,towel,Starting campfires,,,,,
55d65598b07ae91b6857,fork,Scraping food from a plate,,,,,
7011d6336c1192b0e7c6,can,As a barrier for small children.,,,,,
d0e581477940b2a8a7f7,towel,Removing makeup,,,,,
5611d8894c7d9fc6847b,towel,Starting a small fire,,,,,
3dc1c7ac3b0cf1aa37a9,book,Rattle,,,,,
8366bf037660c5326e0d,can,Construction tool,,,,,
cdd648cda5807b100fd2,fork,Crude needle for sewing,,,,,
2fe1b539f9ec6d337d19,towel,Scraping ice off car windows,,,,,
04cde7e551ddf7fe4bc7,fork,Ice cream maker,,,,,
21877e62537fb7336efe,paperclip,Holding multiple papers together without punching holes,,,,,
2b70f3f8570a931d85d2,fork,Holding down papers,,,,,
8aae1dd6be81833e3935,paperclip,Hanging small objects from clotheslines,,,,,
36583c87b38cd5189bad,paperclip,Securing hair,,,,,
b1e77c544a6771841f85,can,As a makeshift shovel,,,,,
f25cabcdb0391cfce8fa,paperclip,Hanging items on a keychain,,,,,
77ed73152a9c49259a23,paperclip,Attach labels to objects,,,,,
7722cde957573a2f16b7,fork,Skimming liquids to remove surface debris,,,,,
21df2a8b1239f02ea0bc,paperclip,Securing ribbons or tags,,,,,
39ef3ce53ab20865cd25,can,Impromptu hammer,,,,,
5326d53ff07d715802e3,book,Ecosystem for small terrariums,,,,,
ff3bad39dcd8ff2abd6f,book,Compass when natural light is available,,,,,
4185e2ffdd237d919ae7,can,Serving as a toy,,,,,
bf85b381914302081c3c,book,Weapon (in self-defense),,,,,
717b103cd2a476307e84,can,Measure for precise food portions,,,,,
f8a4c73ed3321bfdd898,can,Measuring short distances,,,,,
dd7c8f0164439e170068,book,Kindling for starting a fire,,,,,
a9240f8a3acb0dd7a0d7,paperclip,Holding sheets of paper together,,,,,
3bdc9f99538dfe8a0f6d,paperclip,Attach small items to a keychain,,,,,
5b057e189145ccad20db,can,As a tool for striking small nails orpaging.,,,,,
896ef59cfc0aac5ee6df,fork,Polishing metal surfaces by buffing,,,,,
6b241452fe374ab3ffad,fork,临时支撑小型模型或雕塑,,,,,
d42d60132da169b8ef8f,book,Flag in parades or demonstrations,,,,,
daf26025437e41a7e610,can,Holding pictures on a wall,,,,,
b1b2f8b39573f462a18a,towel,Cleaning car windows,,,,,
a7697d6a73bda04beaa1,book,Doorstop,,,,,
a09fe83d64125e2b4d9e,can,Hammered surface for small cooking pans,,,,,
f8ccd4d925124e3f5ed6,book,Fan,,,,,
7564031524c9cc492f1d,can,Stirring liquids,,,,,
14a6d4b6d0e8dbeeb1d5,paperclip,Clip bookmarks to edges of pages,,,,,
9c881e5170a63aac813c,paperclip,Assist in bending thin wires,,,,,
d089bbe057c586933a9a,fork,Creating small indentations in clay or wax,,,,,
7f77ec1a89bb52211cee,paperclip,Connecting magnetic tiles,,,,,
18453d1aff2bc3d082cc,towel,Pad slippery floors,,,,,
754628a605ef71cda175,fork,Opening gift wrapping ties,,,,,
d4d1ff89c88af6bffea7,paperclip,Making a simple paper clip flower,,,,,
6ce9a29e59bcc5ef9bfe,towel,Creating a makeshift bandage for small cuts,,,,,
281db4718c527794cf78,paperclip,Using as a small weight in crafting activities,,,,,
914fd2c856979e61d9fe,fork,Guiding small objects into narrow slots,,,,,
1bfcd6246ab9cca715dd,can,Hammering nails (with caution),,,,,
8e179417e7a3c46b6a6a,can,Creating a makeshift planter for small herbs,,,,,
d1c1989971c329ea1137,book,Pendulum in a crystal dowsing kit,,,,,
4d46d0409b86d4a8c1f0,paperclip,Paper thickness gauge,,,,,
e26fe3234fad7d63a177,can,Beating ingredients in baking,,,,,
7fb65907c5b89d5fea60,paperclip,Seal envelopes temporarily,,,,,
cb13d22a77575f385447,towel,Heating up to signal distress (emergency situations),,,,,
43d782d3313cdff38b8b,paperclip,Attach a post-it note to a document,,,,,
f56da6ffb76ba4a34123,towel,Polishing silverware,,,,,
255162a336183653ed42,can,Used in crafting as a mold,,,,,
29be16c55e96cc0d5d01,book,Reducing itchiness from bug bites,,,,,
b419ed2a506fca1deb7c,fork,"Marking pages in books, similar to a bookmark",,,,,
37e363266babe6ceb178,fork,Pricking pins or other small objects,,,,,
69ffcc6312fdd187ccf9,towel,Wiping table surfaces,,,,,
b5ec23da1f8534df1c6e,towel,Polishing electronics,,,,,
4ae0471a80bb463a2a7f,fork,Spacing out seeds while planting,,,,,
b933296868ef6484c632,book,Bookmark,,,,,
2f3927106c714e1efc91,paperclip,Holding sheets of paper together,,,,,
0e2ed06b285de801fb7b,fork,Cleaning small gaps or cracks,,,,,
4dd5367526d83f112cbc,fork,Holding objects in place while gluing,,,,,
7a6c71f81edb71e2463e,book,Repelling insects in storage areas,,,,,
55cbe427a68a60e31ed2,fork,Opening tight lids on jars,,,,,
f6db6b6f4ff675f97f69,fork,Temporarily marking spots on wallpaper,,,,,
c4529b0da5b84072206c,towel,Basic makeup removal,,,,,
6598e0b9c2005851bdd4,can,Serving as a makeshift helmet,,,,,
dd8c500324db6426ebae,can,Collecting small items like screws or nuts,,,,,
255c22b2624df03ed85a,fork,Holding papers together,,,,,
714c76c26a18006fc53c,book,Shield in a pinch,,,,,
0860821a3dd5002ae0f8,towel,Wringing out water,,,,,
dadde03d9d151fde2249,fork,Decorating cakes or desserts with garnishes,,,,,
308b2ef813e49f1fbc3a,fork,Skimming water to check ice thickness,,,,,
fe30e2cdb2407213f2d7,paperclip,Hold maps or diagrams together,,,,,
e25ba43b193797a49e70,fork,Scratching itchy spots,,,,,
7557bf847237512e87ec,towel,Insulating hot food containers,,,,,
596da8505219d10ca860,paperclip,Placing under a door slightly ajar for decoration,,,,,
be82971b248e0024a7e7,towel,Removing makeup,,,,,
8f8136b8e64fe2ceb5d3,fork,Scraping surfaces of cookware,,,,,
201f1545d970fcea267b,towel,Wiping hands,,,,,
7ab41e757f5d4c2a204a,paperclip,Transport small objects as a holder,,,,,
a32ee1777da41c1e6a9d,paperclip,As a paperweight,,,,,
0573c0b6b124fcb83d29,book,Stand for holding glasses,,,,,
5eda66c2c76eef0f22f4,towel,Drying hands,,,,,
07468af8fa1a32672a09,fork,Cleaning small objects,,,,,
c7422ef6e0dc974b9e9e,towel,Polishing silverware,,,,,
9dd5e9fad63a9ef4142c,book,Cloak hanger,,,,,
2f3d2142b47fd2fc0e6a,can,Stamp for decorating homemade cards,,,,,
562613470d3526ca0635,fork,Mixing small ingredients,,,,,
54cafcf0223cd20ad0e6,book,Toy for pets,,,,,
c3b76ba36506e940484c,towel,Absorbing ink from printed documents,,,,,
a0b2e4f8f2a86de08f5c,can,Acting as a医疗用途，请提供更具体的方向，例如是在何种场景或行业中，这样我可以更准确地列举其用途。,,,,,
d1df5ac34b16e6b5e655,book,Musical instrument (by striking),,,,,
5c2d52b3036c902dab15,towel,Holding small items,,,,,
90e38c4e4690eeda493e,book,Picture frame,,,,,
ca6e82994d97d7fd8c58,book,Doorstop,,,,,
226bbc4a1e0759951712,towel,Making emergency bandages,,,,,
536e34e95cbd2c59b950,book,A dam for small streams or waterways,,,,,
ddb203d0f1173eecc69f,can,Loosening stuck bolts,,,,,
08472fae95bcad90c71c,towel,Rough scrubbing of dishes,,,,,
d5470be22ae0bc5bf28c,can,Served as a container for holding small items,,,,,
1a58f60633873c99a85f,paperclip,Paper weight,,,,,
11ad15f3f6bcdab45471,book,Baseball bat,,,,,
33452ef42059a3d8400c,towel,Cleaning computer keyboards,,,,,
1ec74c53672cf33702f7,book,Toy for younger children,,,,,
c4e1c6f3753238cc92cd,paperclip,Fastening together small notes on a notice board,,,,,
5630bd8945b0e2fe83f8,can,Adapter for uneven surfaces,,,,,
c27f5d739df64617471f,paperclip,Create paperclip art,,,,,
1cb87f1e0f28cd8a04b3,towel,Assisting in电工操作，如干燥电线接头,,,,,
4494aa80bf0645a1358a,paperclip,Marking page numbers,,,,,
e4aec0489fb21b99c854,book,Weight to hold down papers,,,,,
dabd3a937d2653ba32df,paperclip,Linking together notes or receipts,,,,,
b2250040c9bc32d074d7,book,Wind chime element,,,,,
bc96d082c61cd196b1f6,can,To cover holes or gaps in walls,,,,,
1dcf4214c1aa1047d7aa,can,Rolling clay,,,,,
93911331314b39aec234,paperclip,Joining small odds and ends together,,,,,
608b594ed2d3f5f34e5d,fork,Holding papers or cards together,,,,,
7e6a705a10ee06afef6b,can,For holding papers or documents,,,,,
33b6dad94ab041bc9a15,paperclip,As a weight for held papers,,,,,
68bc9ae05eafd7c7ff1f,can,As a tool to reach high shelves,,,,,
490b06b18ad1389c426a,paperclip,Keep wallet sheets organized,,,,,
d6047835279040433cc7,fork,Helping to shape dough,,,,,
ba9d73ad2a30ec811620,book,Signal mirror,,,,,
9027b38d36cc0177abfc,can,Portable plant holder,,,,,
3746f4975966587b46c9,book,As a stepping stone for small children,,,,,
458f01cdfa576a01bf44,paperclip,Money clip,,,,,
efa8ed2f3da7180bab8c,towel,Mopping floors,,,,,
89b2c5e18de001483a51,can,To prop up a fallen fence.,,,,,
af1408ad4e6aadfc139b,towel,Removing moisture from vegetables,,,,,
0b96d4690ca1517dbe13,can,Covering a wound,,,,,
2a543c74ae7ccb62dada,paperclip,Create paper chain,,,,,
5709c3b6135a3c35be74,book,To mark the position of clothing on a clothesline,,,,,
837dc0b7208116218bec,can,Bookmark holders,,,,,
72f266ba5d69cf02c495,book,In crafting projects,,,,,
20f58b73aee9c531e074,fork,Cleaning small spaces,,,,,
48eb4247770d269482e1,book,Bit for a leatherworking project,,,,,
9d234ac29579ca9aab64,towel,Cleaning mirrors and glass surfaces,,,,,
d6e5d9ff8095695ea8ed,towel,Wiping hands,,,,,
a7cf4da348721566ebeb,towel,Squeegee windshields,,,,,
6fbb33ee9ccca316b1aa,can,Indenting gift cards,,,,,
54341791bc6ccc10cc8a,paperclip,Fixing a broken zipper pull,,,,,
06af4dbb2f18f6fce30b,towel,Wiping furniture,,,,,
e5e74c59682804f3678e,book,Diving weight to help maintain buoyancy,,,,,
dbdf3b193ffbf663de27,fork,Cutting soft materials,,,,,
4cff6ad3a3bbfca67cbf,paperclip,Marking places on fabric or clothing for alterations,,,,,
e66d102db76bf0f25186,book,Ink holder for art projects,,,,,
574066a19698975c435c,paperclip,Hold paper together,,,,,
00524108c0cd80086e3f,paperclip,Use as a simple writing aid for position marking,,,,,
ae6b383cbc3d80cd6a67,fork,Polishing nails,,,,,
834b73f47ea9eb343a4e,book,Pointer for presentations,,,,,
30d4823e0c02c8e9de31,can,As a handle for a rope,,,,,
dd385cb785f7b07f72de,book,Trivet,,,,,
87fe61e6bc5c543bb066,can,As a makeshift shield,,,,,
8c69875306d47019fa48,can,Covering small holes or gaps in furniture,,,,,
3e7248602f566f2c2b4b,book,Weight for paper,,,,,
5d4275c13d785895daf3,towel,Scrubbing surfaces,,,,,
5cdf828422947f998bb4,towel,Fixing bent bicycle handlebars,,,,,
a4241107160e57a0754b,book,Emergency fire starter,,,,,
f62bd50ab7aa8b84f40b,fork,Scraping cheese off a block,,,,,
d5bf265ed80877e20301,paperclip,Fastening labels to objects,,,,,
10e7edbdbfc2ca2c8964,towel,Protecting walls from door bashes,,,,,
6a7eed9101417aa13307,fork,Scraping stickers off fingers,,,,,
dbe79ba8d853fc947325,paperclip,Making a small loop for hanging items,,,,,
c3bc606aa6f970dc0234,can,Sitting cushion,,,,,
247d54dd13a84b183289,paperclip,Hold together loose sheets of paper,,,,,
1a10a42e907b28cd282d,fork,Pricking or poking items,,,,,
9a4c5f15195fb975ce87,paperclip,Use as a tourniquet for minor bleeding by applying pressure,,,,,
b35fa1748cda833b3c96,fork,Scraping labels off containers,,,,,
09143dfaefbab8b54401,can,To transport cryptograms or puzzles,,,,,
f90b778e899597df02ac,towel,Holding small items,,,,,
d794e9f115cef3707d0d,towel,Wiping condensation from windows,,,,,
159c41d8f059484f9615,fork,Digging small holes in the garden,,,,,
a20baaba09994fc82e56,can,Swatting away insects,,,,,
496743061a0760a94bc7,paperclip,"Measure small, inconspicuous distances",,,,,
a9fe422ff13137f56e1d,paperclip,Connecting paper segments in a crime scene report,,,,,
82ebe015ea75ae5e44d7,paperclip,Marking the end of a bookmark,,,,,
39931a5497651a4f3eaa,towel,Temporary handkerchief,,,,,
260acb6fd815b17c33e4,paperclip,Draw attention to a form or document,,,,,
efbced7c8b12f3aaac9e,towel,Collecting spilled liquids on surfaces,,,,,
38d81ba16fc578a72158,paperclip,Marking highlights on notes,,,,,
7b1a38f68854498b65ad,paperclip,Controlling strands of hair in certain hairstyles,,,,,
2b4b643f6c1a96d9e839,book,Nightlight,,,,,
2f2e23536e07411aaf96,fork,Prying open tight jars,,,,,
0881040ef7554542de33,can,Musical instrument when struck in rhythm,,,,,
a6444e4217bcb143f21e,book,Fire starter,,,,,
7c2da892e249905d65c6,towel,Polishing car surfaces,,,,,
2d91101c9b3fa31ed131,towel,Covering hot surfaces to handle them,,,,,
1ec66a3f89fb89312b76,can,Cutting cheese,,,,,
4749a9604dcef7488c58,can,As a loop handle for a totem,,,,,
2ca5f425503134e771c3,paperclip,Securing a note to a document,,,,,
427ad1e5a388c4997e1d,towel,Cleaning car headlights,,,,,
a8a885ff474f0a033659,towel,Wiping grease off hands,,,,,
033fc28924f04c2c3e50,towel,Scrubbing dishes,,,,,
91c5c694c4232cb432a2,paperclip,Keep pages from slipping out of binders,,,,,
d9bfffda9fd315832d24,fork,Opening tight lids on containers,,,,,
bdbb6adcb30c915925a3,can,Protecting eyes from projectiles at a sports event,,,,,
7583ae0d43144d1510c3,fork,Piercing thick vegetables,,,,,
ea323ed37c1d7360ba77,can,Battery holder for building simple circuits,,,,,
e0a25fd62e725793d563,towel,Creating makeshift bandages,,,,,
f45d471039a829df4d20,paperclip,Secure loose threads on clothing,,,,,
af99abf7d278364b1554,towel,Clean shoes,,,,,
72d09f4118061ecdf1c0,book,Bird perch,,,,,
17e8280432246ba42d82,fork,Poking holes in dough for steam,,,,,
834fdaacbb6ebc7ef7c1,paperclip,Separate finance statements,,,,,
fa997dcabc628c4ada95,towel,Polishing shoes,,,,,
918d608e7e519b574eb6,can,Tapping objects to check stability,,,,,
e821c17802d063d140dc,paperclip,Keep binder rings closed,,,,,
180416f3abd2a587f2ca,can,Use as a stopper in small bottles,,,,,
72c3f70e328cb979cd9d,towel,Plastering support for small arts and crafts projects,,,,,
c342829228a064d2dd44,can,Hairbrush,,,,,
50ec53185da6af3c3695,towel,Drying hands after washing,,,,,
00c0e1b51d8619085c2b,can,Throwing it as a frisbee for entertainment,,,,,
56d0e625b6a012e18f9b,book,Temporary lance for a competition,,,,,
d294d11d2a47d905451f,fork,Holding pages of a book to turn them,,,,,
3b7c82a08d9364c10e42,can,As a container for small objects,,,,,
f14fd99c6a1f76a7c6b5,can,Shield,,,,,
4405285ceaac78fdeaf5,can,Holding small hardware items,,,,,
4678a13e3ddbb847e599,fork,Opening tight jars,,,,,
5f7e136adfeadbe69209,can,Gaining leverage in tight spaces,,,,,
207d9fb6deca835bfb3a,can,Indicating directions,,,,,
e904f42213515bbe9d59,towel,Covering incandescent light bulbs for insulation,,,,,
c9602207b952993c4c41,book,Doorstop,,,,,
bfe011fd482437384217,book,Tool for generating white noise,,,,,
620978cafa00094b73cc,book,Writing surface (scrap paper),,,,,
0369892965a9df849d23,fork,Holding pages open in books,,,,,
fb1f6370a740fe4ba080,book,Sound maker by dropping pages,,,,,
b498e5fd01368cd140ff,book,Weight to hold down papers,,,,,
c30aec34ca32cb49d3c7,paperclip,As a paper weight,,,,,
0584447917ab10e87c87,towel,Squeezing out excess liquid from clothing,,,,,
47b4d7e489a018009435,paperclip,Holding pages together in a binder,,,,,
36c365e92845b5a1e0d9,can,Indenting metal,,,,,
fcab79190498e88d69d7,book,Thawing board for frozen items,,,,,
5c7e9fe146d83afd4d70,fork,Imprinting patterns into soft materials,,,,,
9fd67301136e1b00e976,book,Fire starter,,,,,
538bd969ccef585644ac,can,Tent stakes,,,,,
23e7921c7ec0f45126aa,book,Pages can be used for making paper planes or other paper crafts.,,,,,
78a45070676672d755d2,fork,Piercing food to test temperature,,,,,
afe1a3c7784c0fd4cec5,fork,Opening tight jars or bottles,,,,,
54b719f80ab2a4a2581c,can,Protecting electronics in transit,,,,,
8d87404db65ed21aa5b7,can,Temporary weight lifter for light objects,,,,,
443fe92961f29522a9b4,towel,Emergency wrapping,,,,,
805160bf6c1f74d731ad,towel,Insulating cold items in a lunch box,,,,,
a8f639da776284a5ba1c,towel,Wrapping a hot object,,,,,
fbfc037fd02f9207e3da,fork,Repairing small objects like eyeglasses,,,,,
8ea58f0648e8584e5a60,book,Toy for a paperweight,,,,,
42d954ce463b9fdf151a,book,Weight to press flowers,,,,,
0f8b4d758e998b23a155,fork,Holding papers together,,,,,
d5883cebbfea84d5e9e3,towel,Making quick repairs to small tears,,,,,
f35d820aaaab907de148,paperclip,Holding pages together in a binder,,,,,
a7aa62a29b86b0ec939a,towel,Cleaning pets,,,,,
1fc2bc9d5da5c582dc29,can,To mark the center of a circle,,,,,
34abf5f9d673dca36b79,can,As a catalyst in smushing objects together,,,,,
89d242ed047a137df2d9,can,Container for carrying liquids,,,,,
2b87982c60413b3060a6,book,Scrap paper,,,,,
dae68dc4a24288f986c6,towel,Scarf when bundled,,,,,
6a5c76832034faff4e3a,towel,Storing small items,,,,,
a9918ca558dc1097552f,towel,Holding apiUrl card in place,,,,,
5614d64a767da554cf38,towel,Drying dishes,,,,,
c7949c59d629a54fa33a,can,Serving as a tool rest when working with wood,,,,,
86ea3112886bff5e241b,book,Book to cushion a fall,,,,,
0c8630a08534c7ab1ada,paperclip,Fold into small shapes for art projects,,,,,
e606d43626e6bf9741a8,can,Marking pages in a handbook or manual,,,,,
3548c7a07955d054ffbb,towel,Cleaning spills,,,,,
d1d04762a4cbfea1a158,towel,Absorbing spills on desks,,,,,
76415063450a31574427,towel,Fanning oneself on a hot day,,,,,
599c0060da27be778279,paperclip,Securing coupons in a deal binder,,,,,
6d7046700923cb384c4a,book,Bookmark,,,,,
4e6c3efba491b3f484b0,book,Paperweight,,,,,
2d9c60364e09a3680c81,paperclip,Secure business cards,,,,,
55ea69a12f6872827209,fork,Spreading butter on bread,,,,,
e4ccb01ee331a44543f5,book,Bookmark,,,,,
1b2acae86b14a4fdbfdc,can,Object to send someone flying during play,,,,,
586563042a60e205acc6,fork,Measuring short distances,,,,,
913f095c075372ead424,book,Leveling tool for picture frames,,,,,
bcee41568dfedfc93f44,can,"For hitting small, soft targets in games",,,,,
6e03ea4f4cea1eab050a,towel,Absorb minor spills on the floor,,,,,
e37b55d3d2be14325e6f,paperclip,Securing tags to gift items,,,,,
b1cbf5a51c0ef3010c40,can,To open a bottle of soda,,,,,
0b58de25625737e80dbf,towel,Tying hair up,,,,,
a4ab1a673d266371316b,can,Marking a boundary or threshold,,,,,
ae8c890162cea4c157d6,book,Container for small objects like loose change,,,,,
28733aff1a601ffea2f7,book,Setting bookmark position,,,,,
443a6fff98ab60fd8d3d,can,Tossing balls while playing catch,,,,,
a506ceda65fcd60c663c,paperclip,Press脆弱的花草,,,,,
6be2c9f59679a0d06a33,can,Opening tight jars,,,,,
6215dac2b981c45bd836,fork,"Polishing small, dull edges on metal objects",,,,,
c9d71e7cadf129442a43,fork,Piercing food,,,,,
31e68e39684a3e8b07d7,book,Ink absorber to remove pencil marks,,,,,
df288531a4966b282c2e,paperclip,As a small weight,,,,,
341b29377f9d40ae6d1f,book,Sea anchor,,,,,
02a5401ae2376554c065,fork,Opening stuck drawers,,,,,
49c79e82e2555225a964,fork,Tapping out excess water from a sponge,,,,,
d681b2015394162d7637,book,Flask stopper,,,,,
5fabb482e569f0db03f3,paperclip,Keep pages of a folder organized,,,,,
e3c7a13d970de36e8f9f,can,Shopping bag,,,,,
ce4643c9fd02233dfe4f,towel,Concealing small mirrors for bathroom vanity games,,,,,
f254a5bf7970d9cd55ca,can,Mashing soft food,,,,,
39d7bd039f30025d9b01,fork,Opening tight jars or bottles,,,,,
3788097c86c85cc56c8d,towel,Polishing car bumpers,,,,,
bf59118d244bdc48c751,can,Art project for sculpture,,,,,
bd102cb6c7e935dcbe47,book,Ritual object,,,,,
9f5ee24a375bb5cd40f1,can,Acting as a makeshift plant support for small seedlings,,,,,
dd0be2d605e2a18515a2,book,Tool for anchoring a tent,,,,,
87f5a1ca32055102e754,book,Space filler for moving apartments,,,,,
1665b3c505880205cd61,can,Baseball for practice,,,,,
e6bb8e62cb1156ebd3d6,towel,Protecting furniture from drop impacts,,,,,
d5f1ca347d7115ca68a4,towel,Wring out paint brushes,,,,,
50e95e87da953a76c6f5,book,Birdhouse for small birds,,,,,
2139630cfaceac55b8f3,towel,Starting fires (carefully),,,,,
71533ebc858df948542d,can,As a makeshift ruler,,,,,
824b039843259a589b41,towel,Squeezing water from vegetables,,,,,
1fac992f880e53053a42,book,Shading plants,,,,,
c304f28946ec72b0c30b,paperclip,Fixing a broken hinge on a paper pad,,,,,
c33693b0d8ef2ea7c8cb,can,Escaping from束缚,,,,,
cd14c0c6670e75d612e2,fork,Holding lightweight objects together,,,,,
113d228866cdcbac747c,can,Storing toothpicks or other small utensils,,,,,
3c4c717e1f775a39a2fd,can,Cutting foams or soft plastics,,,,,
5d9286ea13416465d61c,fork,Holding pages in books while turning them,,,,,
09ae9549cb4fd9225105,book,Shield,,,,,
f382aa600a3ac1089e60,towel,Polishing shoes,,,,,
dce5c8d3afb55902b3a8,fork,Serving individual food items at a buffet,,,,,
72b0bfa777091947478c,can,Marking pages in a book for easy reference,,,,,
d5b114c58a8fb984a7ac,paperclip,Creating bookmarks,,,,,
6b56c69b0d5a9036eb34,fork,Clearing small obstacles in a path,,,,,
8d09df4053aa9d04ecbf,fork,Twirling hair,,,,,
27daedd7884a4a91ff97,towel,Protecting furniture during moving,,,,,
019f90da43c51205f6d8,towel,Drying hands,,,,,
d25ab0dec28d985e9109,book,Paperweight,,,,,
c3184f59c2729909048a,towel,Cleaning glass surfaces,,,,,
20729954860b36349752,paperclip,Attach small notes to grocery lists,,,,,
d4dca1ece06a27549661,towel,Emergency bandage,,,,,
9dbca7c772585a00630e,can,Container for miscellaneous small objects,,,,,
22bf1d1d4f514823d758,can,Kicking in doors,,,,,
a8c8e6c107959111e908,can,To hammer very soft objects,,,,,
2fd53ddd5c2581359540,paperclip,Marking place in a book,,,,,
7102df43b4650c97009f,book,Conversation starter,,,,,
d301cba9f6b0aae84741,fork,Loosening screws in tight spaces,,,,,
9937455757f6dd00360e,towel,Wrapping gifts,,,,,
cbe2e9f69f8ef27dd6a5,book,Musical instrument (turn the pages quickly),,,,,
63ad40d45cc76191f8c5,paperclip,Attaching labels to objects,,,,,
62f68db64c2cdd69ddc1,towel,Holding small items together,,,,,
4bd0318b506a25de9097,paperclip,Attaching small notes to mailboxes or doors,,,,,
e01619622cd57c349c1e,can,Open cans,,,,,
783c8d2f976f2530ab7e,paperclip,Secure business cards in portfolios,,,,,
3782fd0783d8a695878a,towel,Stabilizing a book during a change of pages,,,,,
74dd3e93406bfb993553,book,Musical instrument (rapped with strings),,,,,
7e90040ce315b69fd94e,book,Sign for a sale or event,,,,,
b6472d474ae67748cffa,fork,Piercing balloons during crafting projects,,,,,
fff09711c0bade3c4d1d,towel,Blotting spills on tables,,,,,
2d46c1acaee0ca2b7a34,can,Marking heights on walls,,,,,
e34b18dbf24d130f7776,towel,Soothing scrapes,,,,,
f7061a5d367f628a2b1a,fork,Holding papers together instead of paper clips,,,,,
1401aa0e507a783cf25a,book,Plant pot,,,,,
895b25a073e4a2318ec6,fork,Testing temperature of paints,,,,,
6ce1908461dcfb7d7759,paperclip,Marking the last page read in a book,,,,,
b0a994cf799c7ca7f176,fork,Leveraging pressure to break small objects,,,,,
794524e500f4e7412b99,paperclip,Secure IDs in wallets,,,,,
0ab3553b5042be8519c6,towel,Wiping hands after swimming,,,,,
b04ddaff8f06f0ab988f,fork,Making small indentations in wax,,,,,
2768ac2133df0417652c,book,"Musical instrument (e.g., by striking pages together)",,,,,
1ada7c1a501f0c96244e,fork,Pointer for slide presentations,,,,,
35e37bb0df418ef88833,towel,Wrapping gifts for a quick and simple touch,,,,,
92b8cd0cacf417daaf38,fork,Opening tight jars or bottles,,,,,
9633d9fc07a7fd8e1abc,fork,Cutting compact vegetables into smaller pieces,,,,,
6d847a061e23da306493,book,Tool for opening jars,,,,,
ac0a8e691c422d1a050b,can,To serve as a signal to get someone's attention,,,,,
9f92dc50b32434891fbe,fork,Holding place settings,,,,,
d4b1bec1bce590836d0a,book,Cat scratch toy,,,,,
59c2029a888fd4300218,fork,Pricking balloons for quick deflating,,,,,
665695f8c5b337e21090,fork,Scraping paint,,,,,
1d891072d970072b03eb,towel,Polishing brass or chrome finishes,,,,,
277444eab763eac86842,fork,Moving objects across surfaces,,,,,
bd57f73bcbd47baa13a8,paperclip,Indicating ideas in mind maps,,,,,
3da0dd95e86cb3d49c1a,towel,Holding small items while crafting,,,,,
e104cb866209ba7c327f,book,Fan,,,,,
e5dd4b3f1c98dd1c8a02,fork,Tapping objects to check for damage,,,,,
eb51cf4141dbae601893,book,A makeup applicator for dry sponges,,,,,
2dab76dfe73279305db6,fork,Plaster small gaps or cracks in walls.,,,,,
a80d50ebd6b91e256f8f,paperclip,Tying strings or thin ropes,,,,,
3636507d12786dc2ffe6,fork,Removing stickers without leaving residue,,,,,
67e54c5da16a8556d340,can,To mark a spot,,,,,
dc1c2eb3471a2a0f9844,book,Book to fill gaps between floors,,,,,
a6aabf6955f521e56fc7,can,"For hammering small, soft objects",,,,,
4897db05b06b3119ea11,book,Compost,,,,,
3beaa12f917e3ddb909e,can,As a pencil holder,,,,,
aeb02a89464014a0b5a4,can,座椅支撑,,,,,
14a9742f0e974db98ad9,towel,Cleaning computer keyboards,,,,,
8b9fd62f2f0d8da53af6,fork,Prying open compact packaging,,,,,
8d865c4c6389f403cc42,paperclip,Holding up small flags or signs,,,,,
c8e19461498cb5574cb1,paperclip,Serving as a makeshift paper weight,,,,,
a4fae1d7a0fc2280e72f,can,Pocket stiletto handle,,,,,
69917f5053e96dd052e6,can,Hitching a ride (literally),,,,,
fffe58112f349f70ddb5,fork,Mixing candle wax,,,,,
cd0cc0ab23fd2ad391fe,paperclip,Serving as a small tool or adapter,,,,,
1fec9c4b5294f7d29210,paperclip,Connect disconnected pages in a binder,,,,,
20ad15e16981f671f7ba,towel,Dry hands,,,,,
79b2fa9c2be91f92a8cb,fork,Opening loose jar lids,,,,,
9feaed5520690cfe1ae4,can,Marker for occasional writing,,,,,
f16034bd917317d74916,can,Easel for small objects,,,,,
36d502073d671b0fedb5,paperclip,Connect magnet tabs on note reminders,,,,,
0248d8a6a4975f119d08,paperclip,Keep receipts together,,,,,
c6691eeaf8e29177e542,paperclip,Bend into hooks or shapes,,,,,
81d0f311da883d5a552c,towel,Absorbing spills on the floor,,,,,
dd161f9ad3fdea69ec21,towel,Cleaning computer screens,,,,,
94c809b34ffc97251da4,can,Building small structures in survival scenarios,,,,,
a5b3826d1a0ed5a91860,paperclip,Temporarily secure hooks for hanging items,,,,,
2816c4260893dae49f8b,paperclip,Marking the end of a page section,,,,,
adec9095c03265383a4f,book,Weapon for self-defense,,,,,
5c5472c567ff8224d96b,can,Tapping or hitting objects,,,,,
405c28c927c8221d8d8e,towel,Wrapping gifts to keep them clean,,,,,
3191014175b1cb44f820,towel,Wipe shoes,,,,,
ae011ffe13b3c4bfe880,fork,Creating small holes in fabric,,,,,
4ef8b5a9f9c6756c4104,can,Cup holder in vehicles,,,,,
58a0a0c8a983c4cb6fd8,fork,Pricking small insects,,,,,
e0dc5219bb29982fb55a,can,Marking boundaries or paths,,,,,
f65325c19f0db94f144f,towel,Scrubbing dishes,,,,,
db0cc89d18c568a61105,book,Pen holder,,,,,
3f2a730c0814468d5b9a,book,As a paperweight,,,,,
a375d54682deb6a03fc0,paperclip,Making bookmarks for easily marking page numbers,,,,,
13c3fd5f40e92853f70c,fork,Measuring small distances or gaps,,,,,
c3433a3db0e2b28dcc2d,book,Toy for small animals,,,,,
6bdeb66660e93487e153,paperclip,Attach small notes,,,,,
fed3d9d1dedb2ff2afbb,towel,Dusting off furniture,,,,,
adce28401604be4f1290,book,Toy for pets,,,,,
435f12b00c2b06f46eec,fork,Scraping dry erase board,,,,,
fe92e3cd0156f73b2ba4,paperclip,As a paper weight for pinned documents,,,,,
ed806d0457bc872aaa2f,fork,Jewelry cleaning tool,,,,,
3c4d911c5a51005b6449,book,Marker in a painting project,,,,,
1b114cef4ba34042a961,book,As a doorstop,,,,,
ec720584dcea25f5eae8,can,Whipped as a cleaning tool,,,,,
f7d65a32ca04142f2ba1,fork,Straightening small wires,,,,,
d30f8423480edbe9df1d,can,Holding paperclips,,,,,
21149ddbef796b093110,paperclip,Measure small distances,,,,,
f9e403ed547c95c6a6d3,book,Tool for opening tight jars,,,,,
6f81cb70454dfe27e466,towel,Creating a make-shift sign holder,,,,,
e71c0862c67867ee3450,can,Scribbling notes,,,,,
b8b95b79d963ac504c69,can,制作简易武器,,,,,
c6bd32796e1e5c9a61de,fork,Opening tight lids on jars,,,,,
201c26e275d70f3aaa94,paperclip,Keep tabs upright,,,,,
1e770bb0651bb7e0ea45,can,Holding small hardware,,,,,
e4d1d66f666574984379,book,Bookmarking pages in a magazine,,,,,
fe9b4e755772d7a2e5f3,fork,Moving objects across surfaces,,,,,
8a187f79ecd543d50d28,paperclip,Replace broken clasps on notebooks,,,,,
b5d217491c08b6c62c0d,can,As a support for temporary signage.,,,,,
7018d7d2ab2d4a142961,book,Paper weight,,,,,
b5014f2ac8b5dd3c0f96,book,Doorstop,,,,,
9585a62d566d15f9bb68,fork,As a pointer when reading large books,,,,,
6740f6a8de2234b91ca3,can,To mark pages in a book,,,,,
03731005682d3cde6851,paperclip,Tent stakes,,,,,
4ad1e95c9c44d3db1bac,towel,Polishing glasses and mirrors,,,,,
5da00dce9ec28c12886e,book,Doorstop,,,,,
3e7440d8be6f6492e6b3,fork,Spacing items on a tray,,,,,
b1fb1b5c802ffc07c223,fork,Opening tight lids on jars,,,,,
6264accb33a34ca9edfa,paperclip,Holding pages together in a binder,,,,,
051122bbb8d68ba0c0c2,paperclip,Marking the last page read in a book,,,,,
fd9dc86fdb62b4403b46,towel,Drying hands,,,,,
3ab906f83f1da1ab0c77,can,Plant stake,,,,,
a7eccccd2ba975cac225,can,Support for hanging pictures,,,,,
6ad8cc50ca0d94f87107,towel,Cleaning computer keyboards,,,,,
b297ccdeb5ac358eb2be,fork,Marking pages in books,,,,,
540d5a62a6aa2945f321,fork,Pricking or puncturing soft materials,,,,,
dd1a0d27e7fec5b320dd,can,As a toy for pets,,,,,
e6ff8e4657db1aabe6e2,fork,Cleaning small parts,,,,,
0f1f923d7973967d9c60,fork,Placing toothpicks into foods for stability,,,,,
fa43e3e9d0ebd8b9c258,can,Marking straight lines on paper,,,,,
b2febea54bde893b5e5a,fork,Spreading butter on bread,,,,,
059d7b4d48f728b8f9e6,paperclip,Creating paper clip art,,,,,
04d5fc6f51297c6ce338,towel,Wiping a table,,,,,
861d4a24fb72ef592c59,towel,Absorbing spills on the floor,,,,,
db902a14274c03431be3,towel,Wrapping gifts lightly,,,,,
ded99cc9c50859163543,book,Firestarter,,,,,
f5d62c78b9bf14471e52,towel,Stuffing into gloves for hand mittens on cold days,,,,,
727d70d1c895f5a06de8,can,As a tool handle extension.,,,,,
392adcd63ba318131394,paperclip,Securely attach small items to documents,,,,,
45691a5a596de8bb260a,towel,Binding small items together,,,,,
d53d99fb8779c459fae2,towel,Tying items together,,,,,
52f1e8dd382bb7b5b76c,towel,Wiping hands,,,,,
f6e7dcaec125b0c074a5,can,Propping up furniture or objects,,,,,
431548f439b54bc29ad3,can,Cleaning small crevices,,,,,
c96e4f2893117270d7ab,fork,Marking pages in books,,,,,
adffab42ac6cef0d96b5,towel,Removing makeup,,,,,
458497cc607ce7298aeb,fork,Marking pages in books,,,,,
fec35f319d1a9b16d40b,paperclip,Indicating priorities on a to-do list with a chain,,,,,
8929cbcedab1d777488e,book,A cover for protecting smaller items from dust,,,,,
9a0466c012d4c04dbdc5,fork,Opening tight lids,,,,,
635783909fb72b33ee7a,fork,Scratching an itchy spot,,,,,
1bebaf1b0466a4e8ad5d,book,rhythm stick in music,,,,,
746118692c8e70243bcf,can,Marking inventory shelves,,,,,
143c4c60b2b2959f8241,paperclip,Holding pages together in a folder,,,,,
b4daa33f16639afeab39,fork,Decorating cakes or other desserts,,,,,
ecff56ba7a2149569739,fork,Helping apply makeup precisely,,,,,
0dbea06f764210ba944e,can,To prop up small objects,,,,,
23a0e133ea8249fb55e4,towel,Protect surfaces from heat during cooking,,,,,
5ca487ab785ef1cae074,book,"As a blunt object in crafts (e.g., pressing flowers)",,,,,
a8c7ed244a6b125a4b76,towel,Drying hands before bathing,,,,,
f1160632836d646ced8c,towel,Starting fires (in extreme survival situations),,,,,
3ba1b3d0eb0bb4595995,towel,Dusting off books and electronics,,,,,
b3479aa7ea21ee7ab8a2,book,Birdhouse (small sized),,,,,
77b2420a55c3596bf1e6,can,A cover for protecting small food items during transport,,,,,
54a3011a49fb09336bbb,towel,Drying pets after bathing,,,,,
57dc2abcb3ccadc29421,paperclip,Keep sliders open,,,,,
fea8b97bcecf9c5d3c99,fork,Serving as a simple lever or tool for prying,,,,,
e896dc5f2a88e7bbb1af,fork,Holding papers together,,,,,
66660c25ffc19fea2cc4,towel,Dusting objects,,,,,
3702213f9b12d166c6e2,fork,Stirring small amounts of liquid,,,,,
13ece51b0285958145d8,paperclip,Edge weight for documents,,,,,
6866839963bf48d615b9,book,Paperweight,,,,,
f1da82e37888323981a6,towel,Starting a small fire,,,,,
6a7bf72de45ebf0af8ab,can,Covering a bottle opening,,,,,
6123c8338387849c013f,can,Appliance for shaking cocktails,,,,,
31b749cf12a58c908e17,paperclip,Attach labels to objects,,,,,
36eac7d7a825864c96f4,paperclip,Marking locations on maps or graphs,,,,,
3d6ce3c4490062c92499,book,Fan,,,,,
5dcd8d1033ee7483cc09,fork,Spreading butter on bread,,,,,
06e31c5bc83f7bc0ec26,paperclip,Holding pages together in a binder,,,,,
2ffa2a63394aab7d368c,paperclip,Loop around a keychain,,,,,
f0924f3dbe1a7e448dc0,can,Serving as a container for beverage,,,,,
125f002ed1519a2958c3,towel,Wiping hands after washing them,,,,,
4cff29d234cefd1c8581,book,Material for paper pulp,,,,,
9f11a2b379b2eb000360,paperclip,Creating paper weights,,,,,
909d0a4e3c82e6861a42,towel,Absorbing spills,,,,,
7c9eb9ddbbe37b765e9e,towel,Clean shoes,,,,,
f694a1d8a82e0b099621,can,Holds liquids,,,,,
9913c2a78d4dbef30c7a,paperclip,Desiccant in small electronics,,,,,
d66b73d0a9b02fed80a5,can,Measuring short distances in construction.,,,,,
c142886367cbbbda94ba,paperclip,Connecting small metal parts,,,,,
a05e205172b8aac00685,book,As a doorstop,,,,,
22c476ea2354fbf8ca4c,fork,Holding papers together,,,,,
66698c34dc649c26a1e2,paperclip,Holding papers together in a stack,,,,,
f968466691a9e0bea18b,towel,Absorbing spills,,,,,
3bdaccf315c9222d9c36,fork,Opening tight lids on jars,,,,,
48ea47c381b046ab5162,paperclip,Marking small objects,,,,,
a1e8de2a55e00a2d4c9c,paperclip,Holding together loose screws or small hardware,,,,,
43729aa4a745da34c7e9,fork,Lightweight tool for digging small holes,,,,,
22c59f4975a1cbbf42cd,paperclip,Temporarily hold evidence together in alegal case,,,,,
6485ccb4112ccc0f10f8,book,Plant marker,,,,,
895c2d89db8dfa01ee65,towel,Dusting surfaces,,,,,
22a7bb8ce959049f40df,paperclip,Indicating parking spots for bicycles,,,,,
a098891695c8ab885696,fork,作为书签,,,,,
d5b8322bbd7d1c0ac040,fork,Mixing lightweight powders or substances,,,,,
f52b748f18752c9eb0a4,fork,Mixing small amounts of dough,,,,,
5091bc7fa8b35dca86d6,paperclip,Creating paperclip art sculptures,,,,,
05abeb394a184a2d5d22,paperclip,Envelope fastening,,,,,
266e0821bae1c3dd23fe,can,Squeezing toothpaste to desired consistency,,,,,
ca11e4daba1d20d61be1,paperclip,Connecting business cards for presentation,,,,,
5de5025c61cd095cfe65,book,SHIELD during a book toss game,,,,,
64b4745541c400cc851e,fork,Cleaning small cracks,,,,,
ece6758fd592d2a1b2c3,towel,Plugging gaps in tents,,,,,
03960bec8658cd66b732,towel,Creating a makeshift bridge,,,,,
1923465fb4e843f06560,can,As a makeshift grip while painting,,,,,
f10f7b6c28847f0b25ea,book,"Baseball bat (for self-defense or games, not recommended)",,,,,
07a42ee0938a77378633,paperclip,Secure business cards,,,,,
fde2e9b560bc18b0e1ba,fork,Piercing light bulbs for wiring,,,,,
d42b069379bb9b1fdde5,can,To mark boundaries or stakes in fields,,,,,
0b20aebd705082a9b65b,paperclip,Securing loose papers in a file folder,,,,,
027596eafe25c7e26fd0,towel,Stacking books as a temporary bookend,,,,,
95114ba237fcad55d5e6,paperclip,Indicate files needing attention,,,,,
854379195825e51305ce,can,Serving as a small weapon in gentle self-defense,,,,,
ec65632b1cf2f6a39c1e,book,"Gardening tool (e.g., digging)",,,,,
130a9002e529053f79a4,book,Jewelry holder,,,,,
daa44a81912404889966,can,Serving as a weapon in self-defense,,,,,
08532577434ac4ee254f,paperclip,Marking the corner of pages gently,,,,,
e18f4ad11c3ace3e3817,can,Holding drink contents,,,,,
77f71a1f049767abf4f6,paperclip,Tying small groups of items together,,,,,
650bba23336538bd3a04,book,Toy for a pet bird,,,,,
ab14a51a2cb33cb179aa,towel,Cleaning glass surfaces,,,,,
92d0a0b4d22f9e019675,towel,Protecting furniture feet from scratches,,,,,
9c8510b83e265ac733c6,paperclip,Creating bookmarks,,,,,
fd96c75639f0dd5bcb90,paperclip,Creating a loop for hanging items,,,,,
a5e88993be61b42c8ce9,fork,Holding papers together,,,,,
94e78e35d229f4fb4ccf,book,Bowling ball for a small child,,,,,
665d2acfc8695f8f0e0b,paperclip,Holding post-it notes together,,,,,
e56dd88291636c58f51f,paperclip,Holding sheets of paper together,,,,,
868957a70e566c4a2eb6,towel,Gardening gloves,,,,,
69e9989280a9164c1561,fork,Moving heavy books from one surface to another,,,,,
530582e7630999553d27,paperclip,Holding pages together in a file folder,,,,,
e26ece3767a0473cef10,fork,Spacing out plants in a pot,,,,,
3407d53de3b56e4b187c,book,Lunch companion,,,,,
9d5a583388cdd02a7197,towel,Drying a pet,,,,,
cc36b678bb984bd4fdae,book,Give as a gift,,,,,
02dfbf0bcd3f229d3182,paperclip,Attach notes to documents,,,,,
9ffd9cfe88f6da6bcd64,fork,Temporarily securing small parts in assembly tasks,,,,,
1feb212137fcd52ae4b2,paperclip,Marking page numbers in books,,,,,
a8a3420b1b600c7edb05,paperclip,Holding书签 in a book,,,,,
b9d57a6a07ec1120b1ef,paperclip,As a lock pick in a code lock situation,,,,,
4c355d0e5192def1b571,towel,Cover hot surfaces for protection,,,,,
559f00a78f3e552b28ca,towel,Covering food to keep it fresh,,,,,
9e24348964961aa5a6d5,paperclip,As a temporary paperweight,,,,,
2a23b66a6c20ec58116d,paperclip,Holding note cards or index cards together,,,,,
2fd331fa6a5d15481a6a,fork,Turning pages in books,,,,,
2fefb8fed6d37882218c,fork,Marking pages in books,,,,,
14d1536475a85d060c12,can,Testing temperature by touching,,,,,
c8e42399ad1278c68d19,paperclip,Securing a note to a package,,,,,
f1f01c4249089e7fe89a,towel,Drying a wet pet,,,,,
ca264acf441916a44179,book,Rug for plants on bookends,,,,,
5ac53de965b4ab883286,paperclip,Serve as a weight for embroidery or needlework,,,,,
00952981d8834a8da2eb,can,As a weight in a scale,,,,,
7c27ca7577616b7a4cb4,paperclip,Marking the corner of a page,,,,,
81ef88f596183bdbaac1,book,"担当急救手册 (Note: This translates to ""Serving as a first aid manual"" but kept in Chinese as requested)",,,,,
db74f5a4d832f35aabea,towel,Removing makeup from skin,,,,,
936745a26761c7448aaa,book,Carving material,,,,,
0c6d15c26c14e8e4b450,paperclip,Holding papers together,,,,,
bfb91d3a9d3da7a037b0,paperclip,Securing paper notes to a wall,,,,,
d7d014c21f51d8fc22fc,towel,Emergency first aid for minor cuts,,,,,
1d94c80cc2aed330e70b,can,Fan for cooling,,,,,
5366d3020a52d76bac50,book,Inkwell cover,,,,,
dd495bbf74b01b230bbd,paperclip,Hold papers together,,,,,
47d0a05c40fc09126ad0,book,Ink absorbent for spills,,,,,
87a5c181a31147a9deda,towel,Absorbing sweat,,,,,
189dd7693c4c3f0402bc,paperclip,Securing notes to documents,,,,,
202eb0921d2ef4828d27,book,Toy for small pets,,,,,
26005e621553e6db1900,fork,Throwing small objects far in a game,,,,,
e5611fbb3a76f3ca3e28,book,Writing pad,,,,,
09ce7db1e4df96fdb14e,can,As a makeshift doorstop,,,,,
ee85de3c6f925365412d,can,Puppet stand,,,,,
df8acc7ae9f34560be6f,towel,Scrapbooking and crafting,,,,,
8b451e7e7ba690c05ec9,paperclip,Hold together small wires or strings,,,,,
e7ae4c53c4e44a57f535,fork,Twirling hair when speaking on the phone,,,,,
f15ae2797f536e8ce9b3,paperclip,Marking pages in a stack for important notes,,,,,
63200335d88c0ed3c259,can,Rolling tray,,,,,
3334e4aafde28e543253,book,Marking page positions in a document,,,,,
001511ebef083a3c5a4f,book,Cup rest,,,,,
0138e688498a2881c86e,can,As a hat prop,,,,,
bb179db54583bf456e1f,fork,Tapping rhythm on tabletops,,,,,
7da4c06541b16db8a6c0,paperclip,Attach labels to files,,,,,
f73b8b774bb723ea7fc6,towel,Wiping spills,,,,,
4dcd17afcfadb60dc320,can,Earmuff for adults,,,,,
09c72901528508b7e238,can,Hammering aid for small nails,,,,,
2d9391d70634caa7e58f,paperclip,Use as a stopper for tubes,,,,,
efa888761f4831eee650,towel,Cleaning mirrors,,,,,
cb0ae9b780c57767216f,book,Bookmark,,,,,
7b017ae7d9245258c539,fork,Cleaning small items,,,,,
acd11e2bccb214acd093,can,Support for holding a ladder stable,,,,,
a5ccf7bcc6070b6a63f8,can,Lighting (in the absence of matches),,,,,
81be1b6bc287b9cf4242,paperclip,Securing tickets or receipts in a wallet,,,,,
c54f49d94b24197d50ed,paperclip,Acting as a makeshift paperweight,,,,,
27dcf444325d431ef3c9,paperclip,Hold paper together,,,,,
ffd8574d10bfafda1b44,can,Hiding small objects as a game,,,,,
1d80fde1046f6979eb1b,paperclip,Make a simple paper crane weight,,,,,
658aa5b8e8156d02cff1,fork,Marking lines on wood or paper,,,,,
d659e3dd6d0e999acf2d,book,Coasters,,,,,
f3fec90e41e84e874ed3,fork,Pokes holes in sealing tape,,,,,
dc77acf6b9d294adc2f2,paperclip,Serving as a small point in origami,,,,,
554575b3e7d4b970a69d,towel,Covering hot surfaces,,,,,
f0ec2cc579ecbfc36655,fork,Stirring small amounts of liquid,,,,,
092a5ebc6b3cc565881e,towel,Cleaning mild dirt from windows,,,,,
e22a38ad500fdc36b15a,towel,Polishing shoes,,,,,
bd7ef3edf64f4a62799f,towel,Dusting surfaces,,,,,
95ee93f907738dd236f6,paperclip,Marking the edge of a book to remember a page,,,,,
a0c64ffa036c6c6dd3a0,can,Seat for a child in a smaller car,,,,,
611d0f2eab976820e58b,book,Fan,,,,,
7ad3b5ef3982f5af65a1,paperclip,Creating paperweights,,,,,
d7497dc275324b88d092,paperclip,Marking the end of a note or message,,,,,
54c517e45d75df1d88dd,fork,Piercing soft fabrics or materials,,,,,
ac78e8372556de8566bd,paperclip,Securely fasten tickets,,,,,
895357938a41e3e18bbb,book,Art display piece,,,,,
33c435ea200039ab7ed0,paperclip,Holding up a loose corner of a document,,,,,
6e3ba8bf3102d81e756b,book,Fishing bobber,,,,,
b191891c1c8d63a1b6af,towel,Clearing condensation from glasses,,,,,
ef4968930603b648a330,paperclip,Reinforce fabric when sewing small items,,,,,
12da60e69a4e9442b6dd,paperclip,Drawing tool in stick figure art,,,,,
9d80e0d7c133ccc38b09,fork,Opening tight lids on jars,,,,,
7589dfb67c3820a65e8f,paperclip,Creating paperclip art,,,,,
40fa44966b94c90b5683,towel,Open jam jars,,,,,
6c25efb4f1f31925b6dc,can,Whisking eggs gently,,,,,
959243e854844129e918,can,As a symbol crossing one's eyes for emphasis,,,,,
3950e2ba7707be8bc98c,book,Scrap paper for notes,,,,,
961e0be77705a10ce32e,towel,Wiping hands,,,,,
3e1efe421f4ea4538a34,book,In birdhouses for nesting material,,,,,
828afd0c71a1d6345270,can,Placed over a bottle opening to keep dust out,,,,,
47987987b8c884ef058d,can,Fashion accessory,,,,,
6dafafeff908c44f31b1,paperclip,Fastening together pages of a report,,,,,
28c12fb68523db3721a9,can,Stirring small amounts of liquid,,,,,
cfbe1a3bbdee42ac8318,can,Organizing small items in a drawer,,,,,
f59cb33830fe87dc18a7,paperclip,Fixing small items to clothing,,,,,
189b04c15dfabb981a68,book,Storage for small items,,,,,
5b1310103bc85121ddfc,towel,Cleaning windows,,,,,
eb11207566e8eedfacc7,towel,Absorbing minor spills,,,,,
a9b68d75e58af2bc0f46,fork,Creating small containers by forming a loop,,,,,
9eaec5e599e03d587ad8,fork,作为测量工具，在某些情况下可以用来大致衡量长度,,,,,
19d041ccf61c9b33977b,can,Holding small objects or keeping them clean,,,,,
1d153eaf3ef29386f971,towel,Plugging gaps in doors,,,,,
c36767c7c27530608c9f,fork,Unlocking tight jars,,,,,
c4014e3f969310949f2d,book,Emergency splint,,,,,
e756bb6084c68f677c6b,paperclip,Holding sheets of paper together,,,,,
b608cb81347a48441814,book,Paperweight,,,,,
c03de94c33214945c99f,paperclip,Reinforcing paper edges,,,,,
d3793f6aefcfcac455c8,fork,Testing if ice has fully melted,,,,,
988570b36efb98636cd4,fork,Indicating direction for hebtics,,,,,
8b67c09402bcae7cb5f0,can,Whipping small amounts of batter,,,,,
3dd8e1656b721a1e4357,fork,Serving dips or sauces,,,,,
3221ae83eae30569b5fb,book,Level,,,,,
fcab73fa5a1122a169e3,book,Magnet attachment for metal objects,,,,,
2726f91578a574905614,fork,Marking pages in books,,,,,
b45cb1ccc1798e6238d5,book,Marking pages in a magazine,,,,,
d9b8b50a0488009c4fdf,towel,Absorbing spills,,,,,
459fef314063023ea5fb,paperclip,Marking receipts for easy identification,,,,,
78e40ec66e5aa4476f93,book,Toy for a fetishist,,,,,
c011790e6fa059b195cc,paperclip,Cleaning small crevices in electronics,,,,,
bce291bd3108f4db4ec1,towel,Protecting clothing from debris when sitting outside,,,,,
4bc4b1b76aeb4eb8a8fe,paperclip,Creating simple hooks with wire,,,,,
c2d3efa9384e188b2061,towel,Wiping hands,,,,,
55b99b11ed43131f659d,fork,Testing if a light switch is on,,,,,
a54165d84be272bb9692,towel,Insulating hot pots,,,,,
acb0f6a63cb6b019fecf,towel,Absorb minor leaks from containers,,,,,
c83ac961150f1078bc07,can,Supporting delicate objects during transport,,,,,
f1123549610cf10732cc,can,Holding small items together,,,,,
4d39ac6c4c94318e4f48,towel,Touching the screen of electronic devices,,,,,
82e3250f49f466ff29bd,book,Kindling for a fire,,,,,
7dcde857fff33a396074,can,Acting as a tool rest for carving,,,,,
63b75d16177e4d42f693,book,Bookmark for multiple pages simultaneously,,,,,
2bbb223e6c20258cf96b,book,Bird feeder,,,,,
474ab3fdb1eec78d0117,book,Marking pages in fabric,,,,,
aeeb66ac8c042e684848,towel,Covering a container to keep it dry,,,,,
149b866187698dc5e5af,towel,Plugging gaps around doors or windows,,,,,
342175fe1fbab7009c5c,book,Security_stripping_tool_(emergency_only)_,,,,,
4e2188397853a05d318e,paperclip,Attach return address to envelopes,,,,,
aeb266c9a5eabe55b39d,book,Decorative art piece,,,,,
b2bbfc9b98c779fcf1c2,book,Fan,,,,,
fa3bef58967c834eef83,fork,Tent stake,,,,,
110a4ab971c19ed3b8f2,book,As a weight to flatten something,,,,,
59d2dcd8c3f119578b18,towel,Absorbing spills on the ground,,,,,
c99f3d280cba922e3894,towel,Pressing sweat from hair after a workout,,,,,
840a674915c23e841824,book,Seat,,,,,
ed2bf8db4102fa4cc2ee,can,Banging on walls to check for voids,,,,,
480f88cb68499905bbd3,book,Signal mirror,,,,,
ae142f0ba5dfc0a4e729,can,Wire organizer for small objects,,,,,
4769a9c4dc7d03814540,fork,Toying with food in a playful manner,,,,,
06bc5911b609914e9fd8,book,Fan,,,,,
106e20aa2a6bb8ad29c2,towel,Cleaning glasses,,,,,
ed6329447bea5746a5c7,fork,Combing through tangled headphone cables.,,,,,
9e0d5d00831272c33e6b,towel,Polishing shoes,,,,,
5dfabb3e5e0400407952,fork,Scraping paint off walls,,,,,
72554646664a30f65abf,towel,Wrapping and carrying fragile items,,,,,
109ca54ea4f49f114319,paperclip,Measuring small distances,,,,,
f4563a5a49d59ccc0991,paperclip,Create small tags for items,,,,,
9c05ee81342a6bb9b4c0,paperclip,Mark page numbers in books,,,,,
b72effcbd4f93b62d68e,towel,Absorbing sweat during exercise,,,,,
47526b0aa72bda32cf00,can,Megaphone with handle,,,,,
8189fc721ab686a46968,fork,Remove small knots or burrs from fabric,,,,,
b2cc907400650b6b23ca,fork,Cutting small metal strips,,,,,
897c56ceceebf4644ccb,towel,Absorbing sounds in home studios,,,,,
3081458ea8a30ff0aede,book,Toy for a pet bird,,,,,
6f637a48f0aa55d06658,towel,Covering hot pans while cooking,,,,,
b1133a3e7c2fa4b1ec1a,book,Tool for self-improvement through reading,,,,,
b2d01353ad92ba49ed92,book,Toy for a pet bird,,,,,
42abd929dccb4bb7aa0f,towel,Collecting and moving small objects,,,,,
ca15aab168cf5e92034e,towel,Spreading peanut butter,,,,,
75be5564d5417e20924b,fork,Used as a stylus for touchscreens (for non-conductive forks),,,,,
492b0595c72ed78e85b5,towel,Wiping hands,,,,,
94924bf67f27af79c343,fork,Pound nails (lightly),,,,,
7dfcf620eb9a44897873,towel,Blotting up liquids,,,,,
beb8dd7cc7bc2f8f68c5,can,Placed as a vase for small flowers,,,,,
b4af679c8bd14e4eb6c6,book,Fan for ventilation,,,,,
2532b9aff53449aaf340,can,Holding books while reading in bed,,,,,
25a29c6129a709d7ce6b,book,Fire starter,,,,,
b3d1654ae1f97e9415bf,fork,Indicating choice by pointing at menu items,,,,,
926177e3621de2096924,can,Base for temporary signs,,,,,
a7af789c9b87f63fc2bb,towel,Mopping small spills,,,,,
fb0bd027280a3ff4ef54,can,Load bullets,,,,,
8d03b6390d8aeef1fcd1,paperclip,Marking the page of a book for bookmarking,,,,,
44a284cb9be874b3a2ea,can,Serving as a stand for weak plants,,,,,
0872a739cc87d845b3ce,fork,Arranging flowers in a vase,,,,,
1acd1d6d2435d5fba504,paperclip,Attaching labels or tags,,,,,
1404c855a22bb3384dbd,can,Miscanthus cutter,,,,,
f607b28b3880732bf975,can,As a container for storing snacks,,,,,
fd3902e1aadba9fc4834,book,Non-breakable hammer,,,,,
009bb457f942e7948c5c,book,Level for checking horizontal surfaces,,,,,
fdac8f3bf44f1ed33a4f,towel,Protecting furniture during moves,,,,,
3035695eac4b27b62471,towel,Plugging small gaps,,,,,
cf4b965f800ad3f25cb3,can,Bird feeder,,,,,
eb2388d41d20d66d1e7b,paperclip,Making simple paper airplane tails,,,,,
dc41d27150407b7f02ee,paperclip,Creating bookmarks,,,,,
24023bc779d771f152e4,book,Plant pot,,,,,
2e8c3571537bed686855,towel,Storing small items,,,,,
4607d4f45f9e4bba44da,can,To slide objects under doors discreetly.,,,,,
7dd346bb7caea228d227,towel,Creating a quick barrier or shield,,,,,
7b28f95e07c3b0b3868c,paperclip,Creating makeshift fishing weights,,,,,
5bba6ede5a5dc79c19fa,can,Stand for standing small statues,,,,,
88fbabff11e38ad1da0c,towel,Absorbing spills,,,,,
bc0b656f43a25f4b2a51,can,Temporarily shelving small items,,,,,
5c0fae37b73ba741008a,towel,Cleaning shoes,,,,,
5aef877efcd1266685e0,fork,Lighting a fire forstarting,,,,,
f499a8d3ad46355d7c5d,towel,Wiping hands after washing them,,,,,
6d5413e674304b663129,towel,Collect and transport small items,,,,,
6c7d983add9624d415a2,fork,Supporting the height of plants in small containers,,,,,
e9b4e4644e91a82802c8,can,Hammering small nails,,,,,
e767e80a3c697503ff99,fork,Knocking on a door to get attention,,,,,
17c7ee0c1f27bd3ef50e,towel,WIpe hands after washing,,,,,
b8acf73d991ddef4b70b,towel,Scrubbing dishes,,,,,
9a2e3651a118cb6e3294,paperclip,Basic tool in origami and paper arts,,,,,
0370af66d78871eb65da,towel,Creating stand-in for plants in decorations,,,,,
0a926330f86ffc1656f8,towel,Cleaning computer screens and monitors,,,,,
503a973cf19e76080348,can,Bridle bit,,,,,
dc0c7f217f2e704db7b7,towel,Cleaning spills,,,,,
c410fe617724c37c2e6b,can,Deliver small items in a box,,,,,
5e4b3e9af8791add34de,fork,Mark lines on paper,,,,,
f6f00b91f6d911c88e12,fork,Pointing direction in games or storytelling,,,,,
53609751c097b678cce3,can,As a tool rest,,,,,
eaba9f15390397a74f9c,towel,Mopping small spills,,,,,
7b45cf7aaecea4750f16,can,Decorative item for parties or events,,,,,
ab63a24805bfb0cc5ad5,paperclip,Hold together buttons on a garment,,,,,
3743a33158c21b1621f4,book,Compost,,,,,
3d74cf9ca9e1ea1ccb93,towel,Dusting furniture surfaces,,,,,
64d311cdefbd605ce657,towel,Wiping glasses or lenses,,,,,
7cb00d36200bc299c1f9,book,Fishing lure when modified,,,,,
5347c8ff2d220572a2ae,book,Fan,,,,,
e92fa680b326faf3d9ed,towel,Wipe incidental spills,,,,,
7a0564f42063f83dab47,fork,Holding items in place,,,,,
2edad5c31eeb765da121,can,Straining small objects,,,,,
ea288ce66826ea63e4ab,can,Acting as a hook for hanging bags,,,,,
5d6416657abb225bb7a0,paperclip,Organizing small objects like pins or nails,,,,,
83a578875cf4529a96f0,paperclip,Opening packets or small containers that require prying,,,,,
264b70030c859cdff1bd,book,Toy for dogs,,,,,
fd9572dd94dc6bcdd619,book,Staple remover,,,,,
a1fcfe8f4aaa0352b9d9,paperclip,Jewelry stand,,,,,
b01e14ef3ea38dfd22a5,book,Firestarter,,,,,
678fdbfcde2de4024067,book,As a doorstop,,,,,
2743ce463c7439411ef7,fork,Scraping labels off cans,,,,,
33cadd9b7545bf4a2738,can,Keg cap,,,,,
91f9836360334c03b9bf,paperclip,Hold pages together in a file,,,,,
6786d51dd79da9ce11af,towel,Wiping condensation from windows,,,,,
2797d929f40874eac6b1,paperclip,Fixing decorations,,,,,
556da9b52ed29e58fcdf,towel,Wrapping gifts,,,,,
e2719be154db08f7ab77,paperclip,Mark the place in a thread while sewing,,,,,
b0878d6e1f695fef60b6,can,Holding curtains in place on a curtain rod,,,,,
edda9bdcf5b755f6a138,towel,Wiping feet before entering,,,,,
f260982e242fe7ffcfdb,can,Portable light shield,,,,,
ce58cb6d52b43ad95484,fork,Scraping paint,,,,,
e3e46fdebd96211d7fad,paperclip,Breaking down seams in bubble wrap,,,,,
16ebfd922e308f7dcadd,book,Sword (in drama performances),,,,,
3ce31d05683cdf2bfe41,book,Frisbee,,,,,
237ab9f2777b20671ee3,can,Base for small garden sculptures,,,,,
1e29f967434f99f82572,can,Rolling playdough or clay for crafts,,,,,
1b99fbb201be46195c9c,can,Holding tools in workshops,,,,,
80362cdb346970208e07,towel,Fanning oneself to stay cool,,,,,
29fc2eef4d1d3881b6c8,can,Used in arts and crafts as a sculpting tool,,,,,
27bb3b652166ea22c250,towel,Wipe dry a surface,,,,,
a4d0ec645fdca0c35a61,towel,Filtering tea leaves,,,,,
b1583183d1d76b9c4463,towel,Polishing silver,,,,,
0ce907c149608dae14cc,book,Musical instrument (when hollow),,,,,
e58aa7c87b322b9aa66b,can,Paint tray lid,,,,,
f8cd647e0bf808d56583,fork,Removing small splinters from skin,,,,,
c9d34b65a91fdf5b6331,towel,Marking fabric during cutting,,,,,
4de0c155f01cea855004,towel,Folding into a small container for packing valuables,,,,,
3893dced29b6ba973c9a,can,As a makeshift paperweight,,,,,
9e942a29329bad8fee6d,fork,Scratching itches in hard-to-reach places,,,,,
208e7f38a0a6d87040e7,paperclip,Concealing small notes inside items,,,,,
d6e6cf8922d48c60333e,can,Marking boundaries on a field,,,,,
59d88a684c9d5f9c1f9d,paperclip,Attach small elements to clothing,,,,,
f53855a0e62407e0c0ee,fork,Removing excess liquid from soups or sauces,,,,,
60a671edcaa95f777f28,can,Tapping on a bullhorn,,,,,
a455ccb5d1a89b7a1007,fork,Marking pages in books,,,,,
e4722fa5a1e279fbae4f,paperclip,Sifting through small objects,,,,,
94697a264d5149592839,towel,Shaping clay or play-doh,,,,,
b9f18320b782ecec245f,paperclip,Use in junk art projects,,,,,
53005cf6706eecb0cdbe,book,Firestarter,,,,,
f018572fb8356bda7565,can,Marking device for making targets,,,,,
1da08e41e4d9cd10e1bd,can,Scraping paint or paper off walls or surfaces,,,,,
cf832510ef379b334477,fork,Scraping food from containers,,,,,
089054e2b57ff3249883,can,As a toy for pets,,,,,
07c19e07e2674794fe77,can,As a door stop,,,,,
895adf4b83077e199cc6,book,Weight to press flowers,,,,,
01582d52b3d88a302343,can,Can as a door stopper,,,,,
d8ca8ae3ab61a71ea30a,paperclip,Safety pin replacement,,,,,
f8746e5cb7afdca68a75,can,Self-defense weapon,,,,,
c190a9a362d08e48b6b0,book,Bait for small animals,,,,,
6e737c29852724b379f2,paperclip,Holding pages together in a binder,,,,,
757256dda8e67a1468e1,book,Paintbrush,,,,,
05a3ac1e79483b744d69,paperclip,Securing bookmarks or pages in a book,,,,,
f3d45d0c626a2138d7c0,paperclip,Holding pages together in a booklet,,,,,
e6ab1c4ea97c1a8f2fa0,paperclip,Connecting small components in crafting,,,,,
c927e8a579528a4a2417,can,Camping fire starter handle,,,,,
0e2306ba25cf443c4c0f,paperclip,Looping around a USB drive to attach it to a keychain,,,,,
ff0d7a871af29c209bc9,fork,Spreading butter or jam on bread,,,,,
eb4278aef24100728e5f,paperclip,Making anchor points for sewing,,,,,
e9f3ea6d487f993d643d,towel,Dusting and cleaning photography lenses,,,,,
5448f2171ea84925a5cc,paperclip,Creatively attaching labels to objects,,,,,
fd1af6144e2112f41971,book,Weight to hold down papers,,,,,
e93c282aaa432ef11c0d,fork,Opening tight lids on jars,,,,,
8fa092b0892fc13b0887,can,Rolled up for a DIY plant pot,,,,,
b8bea832fa14903c3122,paperclip,Use as a simple weight,,,,,
028df3f0db6e084a015e,fork,Opening tight lids on jars,,,,,
14d84d5f96306dc9f469,towel,Blotting a wound to stop bleeding,,,,,
8449d254cc89b312201c,book,Frisbee,,,,,
8d3329a27e281c5d736d,towel,Wrapping gifts lightly,,,,,
c891a8599c361a4ad364,can,Hammering small nails,,,,,
c8c44f24f4809a72233d,towel,Wiping lenghthy windows,,,,,
36eddbf5ef1fffb5708d,towel,Dabbing sweat during exercise,,,,,
ae9b8f4f35d2a7e34c4d,fork,Opening screw-top jars,,,,,
0dc8129e7c4f9abc1211,towel,Drying freshly washed dishes,,,,,
7fa133641f5d651a8067,towel,Scrubbing stains from bathroom tiles,,,,,
b2f3d5ecae5608aae4a4,towel,Clearing screen surfaces,,,,,
e0ce70178e70aeb98d16,paperclip,Use in crafting projects,,,,,
4578eb5936b24590423f,paperclip,Mark place in a book,,,,,
015f3dd3c3987204acd6,fork,Fishing out small objects from clutter,,,,,
ab0044a1a6580b3e3587,can,Strap for carrying household items,,,,,
766fb905fc2eea1249ff,book,Fire starter,,,,,
aa43f183d328d2e6789c,paperclip,Creating paperclip bookmarks,,,,,
20915a87d35ededb6bb4,paperclip,Creating a simple paper helicopter,,,,,
866bd2e9e738be3dea3c,fork,Indicating direction with a thin wire,,,,,
be9f95bb67638fd98865,book,Bookmark,,,,,
6a8f82c21f9b78bc1a90,fork,Servicing small electronic components,,,,,
f7c2d4d66dc5611b7159,fork,Piercing fabric for threading,,,,,
f86b34c2f1182e8f22c4,paperclip,Securing loose business cards,,,,,
4cf2b416e5cc48947dae,fork,Tempering small fires by stirring and cooling,,,,,
2866d091d6c970aeb503,can,Shield in a martial arts performance,,,,,
ebd8b252ca0a734f26b0,book,Footrest,,,,,
bb0ba382db0bfd5b673e,can,Containing small office supplies,,,,,
635d2b235a41d89a0e1a,fork,Piercing or breaking pins,,,,,
b2f51f91f8aa0f7fffdd,can,As a holder for office supplies,,,,,
2898f0c4eb0572f130a3,can,Fishing bobber,,,,,
4743cddd9f7e6c239b8e,paperclip,Reinforce small holes in documents,,,,,
80d3b060dbe315a0baac,can,Level to check horizontality of surfaces,,,,,
0d7a5d7ad697b7688daa,book,Fan for windows,,,,,
3036ab7c52bfb82ff131,can,Opening bottle caps,,,,,
17855cf9bd680d19b45e,paperclip,Decorating giftwrapping,,,,,
0abd63a0786fe1c117f4,fork,Piercing firm fruits and vegetables,,,,,
67ffa63ceaa9e4a46d41,paperclip,Making a makeshift paper airplane's nose,,,,,
479b72a034851f291c8c,paperclip,Dispensing small items from a container,,,,,
b77c1dd4153a736df666,can,Container for holding small objects,,,,,
611a4237fc59f842ed4f,book,Toy for building towers or structures,,,,,
1fb108f8308fcb6d1c52,paperclip,Create simple paperclip jewelry,,,,,
5af50b818ae01334f36e,paperclip,Securing together multiple sheets of paper,,,,,
1bdaab4ac612ca990822,paperclip,Mark places in a book,,,,,
0970d7db7b32d5c139e1,towel,Cleaning shoes,,,,,
1f9b5f1bc8bf8b140f31,book,Fish bait,,,,,
9ded5129206354469020,paperclip,Marking page numbers in books,,,,,
b712bb84bfad0cbde5ae,paperclip,Marking the corner of pages for quick identification,,,,,
1c64740ea1da35443a37,fork,Surface for displaying jewelry,,,,,
6e17a8e0acb5c5560a81,towel,Cleaning computer screens and monitors,,,,,
cbcc86bb2df014d82797,paperclip,Fasten small accessories,,,,,
ec534f3dd40e43e12303,can,Entertain pets,,,,,
9a375f346dee2683c6b5,paperclip,Fixing minor scratches on wood furniture,,,,,
a3a7e5f39239b0ec529a,paperclip,Mark spots on maps or plans,,,,,
3cab357c68141c1fa742,towel,Covering a bowl of food to keep it warm,,,,,
e7c7f28782b6718af4f5,paperclip,Temporarily connecting paper strips for collage,,,,,
9e5e50bf654a399a0b31,can,Chop wood with (as a last resort),,,,,
48bae5d00df6a2acbacd,towel,Cleaning minor spills,,,,,
67c7ee433fed2abfb680,paperclip,Fasten small groups of papers,,,,,
3f6b9897c0f69af2df3f,can,As a fire starter by creating kindling,,,,,
15c1518791061df98611,fork,Making small holes in leather to attach straps,,,,,
d4762ef7f1c06f77b47f,towel,Adjusting spacing between plants,,,,,
2f6e0e267c338b1377d9,towel,Cleaning muddy shoes,,,,,
6a90986d4c8f2e4f0fc3,towel,Placing under hot dishes to protect surfaces,,,,,
82ef960fb60e4b18c07a,towel,Wiping muddy boots,,,,,
4956b5b051a4b7c29f44,paperclip,Reinforcing the base of envelopes,,,,,
21144c02d3ff3bf6652d,towel,Insulate warm foods,,,,,
7c657f72c98d43311c52,fork,Moving thin wires through tight spaces.,,,,,
ff06fc1a16abe4b75604,can,As a doorstop,,,,,
b5248e01c1013a562da9,can,Support for plant pots,,,,,
40a81abe83a07306af66,towel,Cleaning windows,,,,,
113d53c8b6ca61ff0d62,fork,Holding food still while cutting,,,,,
2dcc8c4907e0256b98e6,towel,Squeezing water out of fruits,,,,,
b5d64cca14c6a11adf16,fork,Scribbling on a notepad,,,,,
3e38a2a1e1c4a3917e08,paperclip,Secure business cards,,,,,
86b86e2f8df47e6888f3,fork,Serving as a makeshift tool for popping balloons,,,,,
8e2ec6aabff225d06cf9,fork,Pricking vegetables to check if they are ripe.,,,,,
ad7f29cbb2b1ae7347c9,towel,Wiping a keyboard,,,,,
d5ddb47af6fafb82f358,can,Support for plants,,,,,
0dfa6eb5401dc5d8d601,can,Phonograph horn,,,,,
87ce662082c55edfb633,paperclip,Punching holes near the edge of paper for binding,,,,,
a1b0640e709189f8c7fa,towel,Plugging small leaks,,,,,
30d27fe8cc18039019da,can,Nametag holder at conferences,,,,,
57148917b48033de0e64,paperclip,As a stand-in for a small pushpin,,,,,
14dfe9caf2d80015c98e,book,Window cleaner,,,,,
e55f7cb117d3b1332de5,fork,Lightweight digging tool,,,,,
7bdcd318e40bfdebfe64,can,Vigorously shaking hands to offer a firm greeting,,,,,
b08c347e624c5ffdf522,can,Serve as a prop,,,,,
2c0a23504602eb7eed59,paperclip,Hold photos in a scrapbook together,,,,,
fdd334d3ed97d3ea3418,can,holder for small items,,,,,
97d8ffdb433c5e116573,can,Magic wand for kids performing,,,,,
27bed75a86ff81527d09,towel,Plugging small gaps around windows,,,,,
54a672f087e4a25def76,fork,Opening jars,,,,,
8dd41841bddd6bf11201,paperclip,Attach survey responses to a form,,,,,
8e7a6d6231e8f5f07b43,can,Container for holding dry goods,,,,,
509e3566bec2b092a89f,fork,Fashioning small wire shapes,,,,,
2fe76c616a80d3751c6e,towel,Wipe a countertop,,,,,
7c4410ec8fa80c581539,paperclip,Weighting down documents,,,,,
89f53b0204af83598cbd,paperclip,Organize small items like beads or buttons,,,,,
652ed91028a1d10e310e,towel,Absorbing ink on sketchbooks,,,,,
ab2bfd76b1d124f12fb1,towel,Stabilizing heavy items while moving,,,,,
9bd47ce59306bc292af0,can,Used to scoop sand at the beach,,,,,
a400918ca6d4a99ec44c,fork,Opening pills for easy access,,,,,
d352bc35d384b29b9039,book,Container for small items,,,,,
5749d9fda711ffcdef1b,book,"拦路石或障碍物 (Note: This translates to ""Obstacle or roadblock"")",,,,,
ca1d946d8a02cab20323,paperclip,Attach safety pins to thread,,,,,
2dd3390644ef5b27e9bd,book,Ayurvedic remedy for itchiness,,,,,
9a1e57446b9bdfd4cf9d,towel,Clean minor scratches on furniture,,,,,
15c0ea56be70cb594014,book,musical instrument (finger snare),,,,,
f742d903439c07f672fe,paperclip,Securing tail decorations,,,,,
2c4f50a69ee8011ead7b,paperclip,Adjusting tension in cloth,,,,,
d00b3bc470677ed8f9a0,fork,Temporarily holding notes on a pinboard,,,,,
c65de69d421d49ad171a,book,Drawing canvas,,,,,
38d0ac91632af60a8a23,can,Hook for hanging plants,,,,,
1f78aba3715f9b135fe4,book,Book as a weapon,,,,,
af794fbbbf5be9353fc7,book,Fire starter,,,,,
f8cbd6fc5397a84062e1,paperclip,Hold nametags together,,,,,
36653b013988d792a069,paperclip,Light switch protector,,,,,
2c7e8baeb7377dc24c62,can,Fishing lure weight,,,,,
85e3cf6678cd4cd825d2,towel,Polishing lightly finished surfaces,,,,,
680c459e3107d776c7fe,towel,Absorbing spills,,,,,
e5d68f8cb508cb204539,book,Weight to hold down a fabric,,,,,
1c3c6058237a100efb1f,towel,Absorbing ink from paper during art projects,,,,,
a935ca23f51a53794a6c,fork,Testing if liquids have cooled down,,,,,
b1a32383bac25c106fd2,fork,Holding paper or light objects,,,,,
00be188f5ae03560fb55,can,Balancing as a component in a martial arts practice,,,,,
413c2273c9410784cdd2,book,Mirror (when bound flat),,,,,
e2e335661a88fd31a0b2,book,Bookmark,,,,,
aef8a5142f05f6269077,paperclip,Mark pagination in books,,,,,
0d905b30eee644bc0122,fork,Prying open containers,,,,,
c7f4ce5a77aa3d01a09f,towel,Cleaning glass surfaces,,,,,
c09779c0f120db3157fe,towel,Cleaning computer screens and monitors,,,,,
cc9a2b9cf81787ae3cf5,fork,Loosening stiff false teeth,,,,,
650593fb132ba349e0d0,paperclip,Keeping eyelids closed during an eye exam,,,,,
f7f171213b4116c18c8a,book,Doorstop,,,,,
ae5d740d8793089dbf0a,book,Bookmark,,,,,
4922eea67ed7c9cfc307,can,Weighing down fabric,,,,,
b0ac1b60e67108018587,can,Scratching itches on clothing,,,,,
f44f307b64656f8640e8,fork,Digging small holes in soil,,,,,
c96592de59c97d986d6e,towel,Covering food to keep it dry,,,,,
2da41035c8500b735c06,towel,Covering hot surfaces,,,,,
5324c8daeb261a535423,towel,Absorbing small spills,,,,,
3824f8df1c639881cd9a,can,As a small vase,,,,,
cdeb1fe6ff65c1b8b7bc,paperclip,Holding edges of paper to prevent fraying,,,,,
63005acf92fd3c9ebea9,can,Can as a tool for transporting soil,,,,,
ec0b69d45a82c302c6f0,towel,Absorbing spills on countertops,,,,,
42e5b1348546e23effad,paperclip,TEMPORARY loop for hanging items,,,,,
a1722ddd0cd2ab4a0d20,towel,Polishing silverware,,,,,
c5510e68c35919ff20ac,book,Murder weapon in a mystery,,,,,
a006e5dbbbcc9da521e2,paperclip,Holding papers together,,,,,
dc223208943252e44694,paperclip,Add dimension to collages,,,,,
096ae2b64efad118bb39,towel,Covering hot surfaces,,,,,
865389237535f62aeb2d,can,Contain liquids,,,,,
2e19f230dd8cb72a1ba6,can,Holding small items as a pointer,,,,,
770d778e8b1be8a2eb03,towel,Shielding your hand from hot dishes,,,,,
51e6d75677ed47032a79,towel,Cleaning spills,,,,,
58f9693acbcfedd40540,paperclip,Fix stuck zippers with dab of wax,,,,,
24783772c10e86e377e7,book,Serving as a tool for opening jars,,,,,
73376c2adbdef185d0e9,book,Painting canvas (with thin paper),,,,,
fc6c220e2ad64ef1caa2,book,Paintbrush,,,,,
68fc817f49f57d7c393a,paperclip,Space apart edges of documents,,,,,
34b6f7e0f79207391da5,can,Surface for cutting foam or cheese,,,,,
e086ad357a158b7d85a3,fork,Opening jars by placing under the lid,,,,,
3098cf5f3bd3f08356e4,can,Used to bang on as a loud noise maker,,,,,
ad20067d35ab98a62540,fork,Openingtightenedlids,,,,,
3cdaf728865b3d2fa217,fork,Spacing items on a tray,,,,,
79a23883224274b52df8,fork,Digging small holes,,,,,
ad3cf6bf1626a6ef310d,book,Paintbrush holder,,,,,
ffcd59ca24118c978024,paperclip,Holding together loose wires or cables,,,,,
631b0d2b10dbc21eba7a,can,Tool for trimming plants or bushes,,,,,
17fee837e3baba7f4541,fork,Making simple musical sounds,,,,,
e735453c0fed5e8b5f23,fork,Playing简易版的音乐（如：敲击产生的声音）,,,,,
bd2df8d8506644df067c,paperclip,Hair clip for securing hair,,,,,
a493673d4216117b30e6,can,To serve as a plant holder,,,,,
f9bc73b559ea7d17939c,can,Marker for boundaries or claims.,,,,,
5378118da395f0f299ee,towel,Covering hot surfaces,,,,,
54a26abacb5b0df42ccc,towel,Covering salads to keep them fresh in the refrigerator,,,,,
059d5cdd7de45fe056b6,book,Book to prop up furniture,,,,,
d3f43426c91119f9d249,book,Shovel handle,,,,,
1b5f213c378ec3331f4a,paperclip,Fastening survey forms in a clipboard,,,,,
644c8ea034897fff72ef,towel,Covering food to keep it cool,,,,,
fa5e5f264d41856e46b9,towel,Absorbing small spills on surfaces,,,,,
1faee3ef214a5d6dc96d,towel,Removing makeup from face,,,,,
82221f9a4b26406a4da0,book,Noodle holder,,,,,
8b3a4d3da4173b44bf1e,can,Allowing plants to stand,,,,,
13293b170bd66d221d1a,paperclip,Creating small loops for hanging items,,,,,
e6d5423177faeb7de3c1,can,Throwing as a toy.,,,,,
7ac9f5d010a784c057f9,towel,Protecting surfaces from heat,,,,,
724a06e9d67ae9808255,fork,Holding objects in place,,,,,
50a37070b597083aadcd,towel,Moving small pets temporarily,,,,,
540fb01349dfe8b919e6,can,Launch objects in play,,,,,
a692923511a442b560c0,paperclip,Keep pages from a passport folded,,,,,
37a3e2802b0eb1f27796,paperclip,Attach notes to objects for reminders,,,,,
77d68bf06c4c561147a4,can,Rolled up for a DIY plant pot,,,,,
04969c5abf4cfc2ed50e,book,As a doorstopper,,,,,
bd235bd98419b5197960,can,Keychain attachment,,,,,
c1532564a73001d2ff9c,book,Crafting a simple musical instrument by attaching strings,,,,,
b305700da3ef658bb828,towel,Polishing silverware to a high shine,,,,,
e07d480abfee23bb1bc2,book,Toy for a fetishist,,,,,
2486aba3b11d007442c2,can,As a door prop,,,,,
45c3b1b35d34d3027e77,can,Covering a vase to keep dust out,,,,,
74519abcbbefd0a0de4b,towel,Polishing glasses,,,,,
05fe4906495a9dc1627a,book,Planter for small seeds,,,,,
815306e35d9ee43ce317,paperclip,Secure bookmarks,,,,,
ca01cffb6cf84e00a893,fork,Placing plants in small pots,,,,,
63b1083cbabfaba34e52,towel,Absorbing spills,,,,,
f288dd8a0b970156b41c,book,Sound amplifier,,,,,
ef1e154ca29793e50d23,fork,Cleaning earrings or other small jewelry,,,,,
5fc23c7b9912b0a5142e,can,Stand for small paintings,,,,,
6b9f6071a546d86a6f21,towel,Cleaning minor spills on surfaces.,,,,,
81cff035415e65c89e27,fork,Pry open small containers,,,,,
b716f97131ef1f802001,towel,Dusting furniture,,,,,
33a37ed74260707bb44a,book,Pull-up bar for finger strength exercises,,,,,
6b23f91614faa72ae43d,towel,Covering a hot surface,,,,,
f9df96ef1cb3158ea9c3,can,As a brace between objects to hold them apart,,,,,
73c4dff0aa3203d2b963,fork,Tightening small nuts or bolts,,,,,
b08f4adadf9cb5523782,fork,Opening jars,,,,,
0f4550ad05d44dfed07c,fork,Piercing food,,,,,
96111f07ddaa443c7d0a,fork,Holding papers together,,,,,
1f1c465c1c5d2f9c3c3a,fork,Pruning small plants or bushes,,,,,
b8f17a4913a4fc5c6ea2,fork,Mixing ingredients,,,,,
a274b7094d49519e7a4a,paperclip,Creating a paper weight,,,,,
aad62b980ca0558de69e,towel,Wiping hands,,,,,
b0259adea946168a96e3,book,Sunshade for reading outdoors,,,,,
9df9edbaede025d806c9,towel,Blotting spills,,,,,
7a680a80342becdc14d8,book,Using as a weight for plants,,,,,
3d7619b2316697445e48,fork,Skimming surface impurities from liquids,,,,,
7276a0e5ac8b5b141591,fork,Loosening small screws or nails,,,,,
bc29f0db1bfc13dc7d4e,can,Trumpet mute,,,,,
7743737e73b595fcb9d3,can,Holding small tools or gadgets,,,,,
3d259b29addeed2eebb8,towel,Polish furniture,,,,,
26c4179d732b7ab6dcac,can,Collecting rainwater for plants,,,,,
5a5395f52c56687c5bc7,towel,Cooling hot surfaces,,,,,
dbf12896783d37a6b58d,towel,Removing lint from fabric,,,,,
dcdb3d0eea4a380927fb,book,Fan,,,,,
0754ea72e2d4aa76c373,book,"加重物品 (Note: This translates to ""To add weight to items"" but kept in Chinese as requested)",,,,,
779611d4765f1385ec70,can,As a doorstop,,,,,
b5f35cddf6eedd7a3f91,fork,Alternative to a pen for scratching an itch,,,,,
15791a6a1892606a1713,can,Frame for hanging pictures,,,,,
08c21c0760b25b8676a4,paperclip,Attach tags or labels to documents,,,,,
9e4c8da13cef2e6a1312,fork,As a makeshift awl for leatherworking,,,,,
c34a6c21422ba85a2b81,paperclip,Marking the last page read in a book,,,,,
44fe525a2b47bb20ddc9,fork,Moving small map pins or thumbtacks,,,,,
b5f40572a4807957ff73,paperclip,Opening jar lids,,,,,
feb8a12b0f4e9c3d1036,book,Sword (inflexible and bound),,,,,
d14a02c9d938d0e07bc8,fork,Seeding small plots of ground,,,,,
9e31d1ed88dc72d7a6d6,book,Furniture component,,,,,
141374f2e7d416ba93a8,can,Hammering nails (as a makeshift tool),,,,,
000f40ec7a6bcf21631e,can,Holder for paper clips or pins,,,,,
8623c6a430ed9f2c9a60,book,Bookmark,,,,,
11fd73fccd7acae70e82,towel,Dog bedding,,,,,
e6d8617ae4e0e1205ddf,book,Tool for self-defense,,,,,
e6127d19253bb52acfbe,fork,Marking pages in books,,,,,
8940a9504d138108f1a9,paperclip,Organize business cards,,,,,
0afafcdda32a6866cc43,paperclip,Scratch as a makeshift key when a standard one is not available,,,,,
6ae9c8bc231d08c3208f,fork,Mixing small amounts of ingredients,,,,,
4ad10a04a3f2cb74096c,paperclip,Holding pages together in a makeshift binding,,,,,
2fb21c249f8d2eb165c8,paperclip,Creating paper weights,,,,,
e8459619c16a711c45a5,towel,Drying dishes,,,,,
2a013c969515d4daca54,book,Mug rest,,,,,
87e5d9b34f861b3929f9,can,To pound nails into place,,,,,
ac5f657a4480adae6119,towel,Insulating hot objects,,,,,
9edfdcdd808e2aae0e53,can,Cutting rope or thin straps,,,,,
855454a2a56ea1d7ebc5,fork,Holding paper to clip,,,,,
71d9563c4f2c74851292,book,Visual aid for photography in low light,,,,,
c7ceaed220decc9e4be0,fork,作为装饰品放置在花盆中，支撑植物,,,,,
1617cf3972f3724e7e03,paperclip,Create paper weights,,,,,
1caeb7921f7e90761265,can,Holding up light objects,,,,,
d02ec00417ee7d8b7683,paperclip,Securing corners of papers or notes,,,,,
a50c3e6c775840eb082c,fork,Holding paper to write or draw,,,,,
a69950e569e83a8b1586,fork,Piercing food,,,,,
933e271beff8288880bd,book,Frisbee,,,,,
4825771006c904c188c5,can,To tap keys gently when precision is needed,,,,,
c1cde2e0ff9cfa3bf019,paperclip,Hanging small items,,,,,
863f6747e5037d513cdf,fork,扶正倒下的玻璃瓶,,,,,
0c87c84d975010e2274c,can,Cutting tape or thin ropes,,,,,
73b389dfdc603c8e45fc,towel,Dusting surfaces,,,,,
48cb0b36f557e4d67c1f,paperclip,Holding sheets of paper together,,,,,
52ffda3634f590cc7b6a,book,Doorstop,,,,,
6d99517994a2f29ea4a4,book,Paperweight,,,,,
e18c1652723dc2063869,can,Planting seeds,,,,,
c754f4dde9f6ba6158d8,can,Defending oneself in a pinch,,,,,
eb2701e67782c6a97ff2,towel,Polish silverware,,,,,
ac3f3fb2f0d8f91a5973,can,In sports as a disc for catching and throwing games,,,,,
e862868c2577bed843f5,towel,Sponge for watercolor painting,,,,,
fa5620bc6525d33a2f7b,can,As a door stopper,,,,,
d3a2a50d23a30d9e464d,towel,Cleaning lenses and screens,,,,,
10d18d26c7f62964fe25,fork,Stabbing food to check if it's fully cooked,,,,,
6a3fc64b177ea69a91a4,can,Pinata in a party,,,,,
5de712d530bba28a1078,can,For starting a small fire by focusing sunlight,,,,,
d0adb18dddb6938552ea,paperclip,Keeping threads together when sewing,,,,,
8ce088334bf1b1814f1c,towel,Wiping hands,,,,,
32c1a1fe14c45da22f19,book,Banner for signage,,,,,
5a9c56e32e18b60842a6,book,Creative arts material for crafting,,,,,
ce351819e0f42062f262,can,Hat,,,,,
79dc2ac057e8839f9db2,paperclip,Securely fasten notes to whiteboards,,,,,
89b036fc26e568bf0783,paperclip,Compressing bundling materials,,,,,
568562637e76680ef93c,fork,Mixing ingredients lightly,,,,,
45ff0c77b1eac8da0057,paperclip,Zipper puller,,,,,
882a245ec244edb7a6b6,can,Smoothing fabric in sewing,,,,,
e77b7df0db7cfffd077f,book,Toy for soothing infants,,,,,
46c69a2889c75604a80e,paperclip,Marking pages in notebooks,,,,,
d2a23a061bd58d74b553,book,Shield from wind while reading outdoors,,,,,
a756f49ec785c9584aff,book,To mark the position of clothing on a clothesline,,,,,
f3c62c918563a3c790ed,fork,Marking pages in cookbooks without damaging them,,,,,
962145bdccae61ba9427,paperclip,Help with small paper cuts by providing a backing,,,,,
7fcbe2a91538f8782965,towel,Stuff in gaps for better insulation,,,,,
d38045b411670d4ba9b6,fork,Indenting cookie dough for decorations,,,,,
6d5007e499f91a585ca9,book,Book as a decorative item,,,,,
df8d65eca137d8519f6d,book,Toy for pets,,,,,
f3df4828f1dd7e3210f5,paperclip,Create weights for tension or haircut practice,,,,,
49fdb907ec4b3628bbd8,can,Hammering in small nails,,,,,
f0bedef6d7a0835d8dd4,can,Hammering aid,,,,,
3f62b37233dc8a1498fc,book,Kitty scratch toy,,,,,
a46009c8e3e304e47cf8,fork,Marking pages in books,,,,,
08afe403b077202b87db,fork,Piercing small balloons,,,,,
555a9e8d0b631ff7f8c9,can,Fish trap with modifications,,,,,
a78fbe549913c178ff02,can,Crowbar,,,,,
5dfecee8b5776936596b,can,For pounding soft items,,,,,
daf4158accd65ad85a4f,can,Holding small tools or nails when working,,,,,
5e839a2106d532235a37,fork,Stirring small amounts of paint or glue,,,,,
4c51e8596dafdb334f32,paperclip,Marking pages in a bound book,,,,,
dcccd624ab30c179fe02,book,Weight for crafting projects,,,,,
e247a813388273b2c775,fork,Unwrapping wire coat hangers,,,,,
b473b2a2ddbe9cf3f194,book,To mark pages in a favorite magazine,,,,,
23de2b315a77ba38b577,fork,Scraping paint off walls,,,,,
2d682c6bb2cc479e0961,fork,Puncturing balloons,,,,,
90aa4f15fabb210cd766,book,Rattle for infants,,,,,
47714a24f24e4563ebd8,can,Swatting insects,,,,,
a8cbea682bab3ac6d20d,can,Dice cup for tabletop games,,,,,
f93a6d1f2ff7b8611858,towel,Cleaning windshields,,,,,
25bff94476773cb3e985,paperclip,Marking page numbers in bound books without damaging the edges,,,,,
e482de159d86216985ce,can,Pool noodle,,,,,
2f8c63be8d9e4942848b,fork,Opening tight jars,,,,,
0bf2a374a1d57c8fcff9,fork,Separating tangled wires or threads,,,,,
498e5aa9c9b16bc7865f,paperclip,Holding together pages and documents,,,,,
f282a8cbb48873e21772,towel,Cleaning up small spills,,,,,
c5a4c052cec5da96aa49,towel,Wringing out excess water from clothes,,,,,
c3ba7a9b9f18facd4d90,towel,Wiping fingerprints from electronic screens,,,,,
ddcb168e1768703be7a7,book,coaster,,,,,
9ee5109c4103297af969,paperclip,Fix small hooks to fabric,,,,,
430bf8699d3159df8dae,can,Kid's toy for ball-throwing practice,,,,,
64381d4445918edd9d9d,paperclip,Keep book pages in place,,,,,
25732fa9237d3cc669cc,can,Pacing during meditation,,,,,
4132a7dc6728f457c4b4,towel,Cleaning windows,,,,,
4254d1a062d866d848e9,towel,Starting a small fire (in fireplaces only),,,,,
551abb48789caf3f3e01,paperclip,Marking pages during document reviews,,,,,
a2c5f2bbe3915d8d9839,can,Toy box,,,,,
768ed51aa307e14e0ac7,book,Writing tablet,,,,,
b7dc60aa28d070fdcd4e,towel,Wiping hands before eating,,,,,
c819714dacdc2fb9c4da,paperclip,Starting small fires (caution: highly flammable),,,,,
4d2f1a4b02a06870ba2c,towel,Insulating hot surfaces,,,,,
1fd1866138616a8683fe,can,Temporarily securing loose items,,,,,
1f549035872aebaf90ce,book,hat,,,,,
5e84f670f37dd04d5bee,towel,Starting a small fire,,,,,
af07f0cec19eaa6ff465,fork,Softly knocking on doors or walls,,,,,
5ca1c8190febbbb108bc,book,Toy for pets to chew,,,,,
3fd00633b8bf3b000607,towel,Creating a makeshift badge on a window for identification,,,,,
7611bbb28ba1dd2cc591,can,To uplift a car in a garage,,,,,
afd2695f5cd670d79c44,book,Hammering small nails (for soft surfaces),,,,,
5d7a30ff1688059becd2,book,Hat stand,,,,,
902b1906ebb870df88b4,paperclip,Creating a weight for a pouch,,,,,
05fdbaf0996153564b60,can,Throwing at targets,,,,,
5ffcdccdfc6344b2e6e3,book,Notching or cutting,,,,,
715b2ce517b86ddc68a5,paperclip,Securing loose photographs,,,,,
1d4847ac375ed7a6a936,fork,"Scraping a surface, like counter tops",,,,,
0fd50ed455d34ede9fcf,towel,Wringing water from vegetables while cooking,,,,,
7b9d4264474ceda62e26,paperclip,Attach notes or labels,,,,,
499eab8db888c229d72c,book,Doorstop when the wood is sturdy enough,,,,,
d21781513c944e12b863,towel,Binding minor injuries,,,,,
b2eac646672810cecdbe,can,Container for small items,,,,,
34622e9a47a3f8114e0e,paperclip,Securing totalPrice tags on packages,,,,,
09416ec2ea3f91cf1910,book,Floating aid (in water),,,,,
4b5bd7dee70f7cb2602d,fork,Cleaning small parts,,,,,
11f3d2d771e0790f36c3,can,As a visual element in garden landscaping,,,,,
b4f22813ca6574650727,can,Serving as a small weapon,,,,,
04f5400d84e6e453505a,fork,Scraping surfaces lightly,,,,,
dc7e93793faca51e4e9a,fork,Opening packages,,,,,
ac1836ee7410abb42914,can,As a tool for digging small holes or trenches,,,,,
67d04f54eaa8813b114d,fork,Hairpin for straightening small sections of hair,,,,,
1e13fbf9de2745abd9ba,fork,Spreading butter on bread,,,,,
49df1ea9fce844eb45dd,fork,Piercing holes for hanging items,,,,,
2a1cc5af1613e238604a,book,Fire starter,,,,,
7482f5df767d52e6c356,paperclip,Hanging plants,,,,,
49b89132e98099e73f03,towel,Polishing furniture,,,,,
e998dac840c5528d66d8,paperclip,Creating简易书签,,,,,
ddf4c9ee6da13bc9b546,book,Fire starter,,,,,
9789db7db7d2b7183451,can,"Scraping surfaces, like bark or wood",,,,,
e07bb5ba772a7a5058e3,towel,Mopping floors (temporary),,,,,
fe9251aabea12262a64d,paperclip,Displaying labels,,,,,
8365b6e21b97edef383a,paperclip,Holding together sheets of paper for hanging,,,,,
eed7e9f3205fbd00a3a4,can,Mouse deterrent in drawers,,,,,
1dead4d9171add2c386e,towel,Scrubbing mild stains,,,,,
3ff5a4137b9ca585755f,can,Fashion jewelry,,,,,
f0c9979eb594bf21f4dd,paperclip,Organize small items in a container,,,,,
e3cc92b7042703dcb0de,fork,Opening tight jars,,,,,
e48f11d0d3583c6f1e8d,towel,Wiping spills,,,,,
a22684da9b151ac14803,fork,Fishing weed cutter,,,,,
dd1cb36092badd03c115,towel,Cleaning mirrors,,,,,
a2be4e581fa738ca6787,book,Creating a bookmark,,,,,
749bab810a46d6ee502a,paperclip,Creating small weights for balancing scales,,,,,
743fa8c8dbcb9c808946,book,For lining birdcages in a DIY project,,,,,
622a9f4bc9edff054566,book,Firestarter,,,,,
ae90a6c97d3d142ba6a6,fork,Opening tight lids on jars,,,,,
c9cb4896a3a730aac91e,can,Signal flare container,,,,,
8fde241be5dc3ae8a45e,towel,Creating temporary patches on clothes,,,,,
de1f63e8e10b083f4e35,book,Weight in clothing storage,,,,,
87f3a981d69f67d2cf60,can,Opening bottles,,,,,
fe2d980e203df1662cc6,can,Marker to show can open direction.,,,,,
3a77c4b7780320e5a220,book,Scrapbooking embellishment,,,,,
7af964a10d38fdc580c4,towel,Absorbing spills,,,,,
aa957a578ac52e9ff27d,can,Use as a makeshift spoon,,,,,
fa551e2b3b254fdb420a,can,Base for small plants,,,,,
d6445ec2fd02b07e4aa5,towel,Cleaning electronics,,,,,
bf6f664120cef76e02a5,paperclip,Marking straight lines with a pencil,,,,,
73e16ee387fc99653aa6,can,Using as a writing instrument holder.,,,,,
39c7677df0ffd04ff24e,book,In crafting a puppet's arm,,,,,
08056ac7d45e85ea35af,can,Holding plants,,,,,
569239669f510c63c62a,can,Holding small electronic components in place,,,,,
dc4a7fe2541e265f9dd6,can,Container for small items,,,,,
0c6c6961b3a5c8f3c755,can,Support for hanging plants,,,,,
14019544a9d3ef2e6edb,book,Absorber for spills or dew,,,,,
0e42cfdf4d9da75e75c8,book,To prop up a window screen,,,,,
1f74d1d8f36187656c76,can,Hammering small nails or tacks,,,,,
1ec5fba8aee8ee29d90c,book,Kindling material,,,,,
a5d0587246a4fbaf9fa1,can,Plant marker,,,,,
8ed6099dcc310f7b1d2a,can,As a doorstop,,,,,
a78d05ee5ee51c3054d7,book,Toy,,,,,
482201f74a33deba1091,towel,Covering food to keep it moist,,,,,
c9a4e362f5f04cf43fcc,paperclip,Secure invoice tabs,,,,,
17cd4ac433c847788d20,towel,Marking fabric during sewing,,,,,
7d8f2f760d2b20ebe5ca,towel,Sensing temperature by touching items,,,,,
dc4a297c5317640d4d62,paperclip,Keep pages in a notebook aligned,,,,,
e7b3e06cb6c63ae031bf,towel,Replacing bookmarks in books,,,,,
8977cf3d614235f326ec,fork,Fashion accessory (earring),,,,,
c290ce0616230777da48,fork,Uncoiling from a tangle of wires,,,,,
03d208361c16b244fbdf,towel,Binding small objects,,,,,
