Rating_ID,Response_ID,Idea_Index,Model,Condition
d91af8a3200021c1d510,20260930T142252_eb92345c:0,0,models/Llama-3.1-8B-Instruct,Creative_patch_standard
7ca9cb9e0a2c2b9edc95,20260930T142252_eb92345c:0,1,models/Llama-3.1-8B-Instruct,Creative_patch_standard
b91d94e88fb897b27d70,20260930T142252_eb92345c:0,2,models/Llama-3.1-8B-Instruct,Creative_patch_standard
4cb4e11250c179562ba6,20260930T142252_eb92345c:0,3,models/Llama-3.1-8B-Instruct,Creative_patch_standard
860e0b06f113da349ea9,20260930T142252_eb92345c:0,4,models/Llama-3.1-8B-Instruct,Creative_patch_standard
d95c41b242cc2e1f2600,20260930T142252_eb92345c:0,5,models/Llama-3.1-8B-Instruct,Creative_patch_standard
d05285f24b2a67004e24,20260930T142252_eb92345c:0,6,models/Llama-3.1-8B-Instruct,Creative_patch_standard
16d426db17da344e1fcd,20260930T142252_eb92345c:0,7,models/Llama-3.1-8B-Instruct,Creative_patch_standard
5a569c51f6a23c5160c6,20260930T142252_eb92345c:0,8,models/Llama-3.1-8B-Instruct,Creative_patch_standard
f7d785ed0d7858ec5010,20260930T142252_eb92345c:0,9,models/Llama-3.1-8B-Instruct,Creative_patch_standard
3049fd9220d40e8bc2f5,20260930T142252_eb92345c:1,0,models/Llama-3.1-8B-Instruct,Creative_suppress
15e86760a4916b88fe01,20260930T142252_eb92345c:1,1,models/Llama-3.1-8B-Instruct,Creative_suppress
ad85c613aa6809956e59,20260930T142252_eb92345c:1,2,models/Llama-3.1-8B-Instruct,Creative_suppress
fb237b277cb7ddb0c8b5,20260930T142252_eb92345c:1,3,models/Llama-3.1-8B-Instruct,Creative_suppress
f3e7e31420a25594fc05,20260930T142252_eb92345c:1,4,models/Llama-3.1-8B-Instruct,Creative_suppress
cb61576ca6293eb317d9,20260930T142252_eb92345c:1,5,models/Llama-3.1-8B-Instruct,Creative_suppress
9e0b6f17ee00acaa5ea5,20260930T142252_eb92345c:1,6,models/Llama-3.1-8B-Instruct,Creative_suppress
5e967ddf3c9185bec6ff,20260930T142252_eb92345c:1,7,models/Llama-3.1-8B-Instruct,Creative_suppress
43dcb74f3d3fa3d282f4,20260930T142252_eb92345c:1,8,models/Llama-3.1-8B-Instruct,Creative_suppress
c7cf70b29ce084aa5fb0,20260930T142252_eb92345c:1,9,models/Llama-3.1-8B-Instruct,Creative_suppress
b247bda216870fcdbb77,20260930T142252_eb92345c:2,0,models/Llama-3.1-8B-Instruct,Standard_random1_1
cccff5a5306592d2bc22,20260930T142252_eb92345c:2,1,models/Llama-3.1-8B-Instruct,Standard_random1_1
54c055bfe71b8a094e70,20260930T142252_eb92345c:2,2,models/Llama-3.1-8B-Instruct,Standard_random1_1
20281e7863ae14f0ed46,20260930T142252_eb92345c:2,3,models/Llama-3.1-8B-Instruct,Standard_random1_1
0c64f8d6254d2510ed16,20260930T142252_eb92345c:2,4,models/Llama-3.1-8B-Instruct,Standard_random1_1
84295d189fd23d9c085c,20260930T142252_eb92345c:2,5,models/Llama-3.1-8B-Instruct,Standard_random1_1
960db6b51ce1eee7496b,20260930T142252_eb92345c:2,6,models/Llama-3.1-8B-Instruct,Standard_random1_1
103278443d6b3117bb19,20260930T142252_eb92345c:2,7,models/Llama-3.1-8B-Instruct,Standard_random1_1
9c06462b3693f289707e,20260930T142252_eb92345c:2,8,models/Llama-3.1-8B-Instruct,Standard_random1_1
2d9e0c29930a2b5ef8a3,20260930T142252_eb92345c:2,9,models/Llama-3.1-8B-Instruct,Standard_random1_1
c39549f4a4f05880ef8d,20260930T142252_eb92345c:3,0,models/Llama-3.1-8B-Instruct,Standard_suppress
094a1ce9bf6af5fb5ab6,20260930T142252_eb92345c:3,1,models/Llama-3.1-8B-Instruct,Standard_suppress
c8dfeadda3dd50984a23,20260930T142252_eb92345c:3,2,models/Llama-3.1-8B-Instruct,Standard_suppress
b4e2b2856ca8251d2e36,20260930T142252_eb92345c:3,3,models/Llama-3.1-8B-Instruct,Standard_suppress
2a342162fdc2c2685ed1,20260930T142252_eb92345c:3,4,models/Llama-3.1-8B-Instruct,Standard_suppress
d198c466a007f5c07a63,20260930T142252_eb92345c:3,5,models/Llama-3.1-8B-Instruct,Standard_suppress
2e5e5493b1f5fe7008c8,20260930T142252_eb92345c:3,6,models/Llama-3.1-8B-Instruct,Standard_suppress
5ab22430ae70b2b82682,20260930T142252_eb92345c:3,7,models/Llama-3.1-8B-Instruct,Standard_suppress
2b2cd668b71a639a2182,20260930T142252_eb92345c:3,8,models/Llama-3.1-8B-Instruct,Standard_suppress
c20dafa06ba42f3ee6c3,20260930T142252_eb92345c:3,9,models/Llama-3.1-8B-Instruct,Standard_suppress
bd214f27e6ac62dedc10,20260930T142252_eb92345c:4,0,models/Llama-3.1-8B-Instruct,Creative_random_suppress1
1df7c72d227ef1b3e84f,20260930T142252_eb92345c:4,1,models/Llama-3.1-8B-Instruct,Creative_random_suppress1
2ea17ee76a830e424d4f,20260930T142252_eb92345c:4,2,models/Llama-3.1-8B-Instruct,Creative_random_suppress1
fc79f4a721ba6c38c38d,20260930T142252_eb92345c:4,3,models/Llama-3.1-8B-Instruct,Creative_random_suppress1
b2005c3b90bfcd9df8e5,20260930T142252_eb92345c:4,4,models/Llama-3.1-8B-Instruct,Creative_random_suppress1
e6b635055401ed407f7f,20260930T142252_eb92345c:4,5,models/Llama-3.1-8B-Instruct,Creative_random_suppress1
9844c64a40507720a4f0,20260930T142252_eb92345c:4,6,models/Llama-3.1-8B-Instruct,Creative_random_suppress1
e43cb3923ba6624b3ddd,20260930T142252_eb92345c:4,7,models/Llama-3.1-8B-Instruct,Creative_random_suppress1
d1d958ce4e157e4d0c0e,20260930T142252_eb92345c:4,8,models/Llama-3.1-8B-Instruct,Creative_random_suppress1
f450406d262c9e64af14,20260930T142252_eb92345c:4,9,models/Llama-3.1-8B-Instruct,Creative_random_suppress1
e1610177898014eabe98,20260930T142252_eb92345c:5,0,models/Llama-3.1-8B-Instruct,Standard_add_1
d01093335fc6f38d5a2c,20260930T142252_eb92345c:5,1,models/Llama-3.1-8B-Instruct,Standard_add_1
7fab70b1a59a01f877db,20260930T142252_eb92345c:5,2,models/Llama-3.1-8B-Instruct,Standard_add_1
3c36c4d3d9f45befe087,20260930T142252_eb92345c:5,3,models/Llama-3.1-8B-Instruct,Standard_add_1
ef153aefb6256e8bdd9f,20260930T142252_eb92345c:5,4,models/Llama-3.1-8B-Instruct,Standard_add_1
691bd04bb09850f8e2b3,20260930T142252_eb92345c:5,5,models/Llama-3.1-8B-Instruct,Standard_add_1
e7b4f4a41d74ffd4e52a,20260930T142252_eb92345c:5,6,models/Llama-3.1-8B-Instruct,Standard_add_1
440b98962951aff47a5a,20260930T142252_eb92345c:5,7,models/Llama-3.1-8B-Instruct,Standard_add_1
c240436b4bbc56d4bca0,20260930T142252_eb92345c:5,8,models/Llama-3.1-8B-Instruct,Standard_add_1
5abe678757286c6a3408,20260930T142252_eb92345c:5,9,models/Llama-3.1-8B-Instruct,Standard_add_1
f12f26b19aa355cc7c88,20260930T142252_eb92345c:6,0,models/Llama-3.1-8B-Instruct,Standard_add_1
e48b81d0fe4173182966,20260930T142252_eb92345c:6,1,models/Llama-3.1-8B-Instruct,Standard_add_1
794fcfe732b1f4d495ff,20260930T142252_eb92345c:6,2,models/Llama-3.1-8B-Instruct,Standard_add_1
0b29a656ef4c43913a4a,20260930T142252_eb92345c:6,3,models/Llama-3.1-8B-Instruct,Standard_add_1
f499e2012029470a11d4,20260930T142252_eb92345c:6,4,models/Llama-3.1-8B-Instruct,Standard_add_1
189e7cca9b1d758bf837,20260930T142252_eb92345c:6,5,models/Llama-3.1-8B-Instruct,Standard_add_1
3c327558084192362cd0,20260930T142252_eb92345c:6,6,models/Llama-3.1-8B-Instruct,Standard_add_1
9106a7b47c6de728af0e,20260930T142252_eb92345c:6,7,models/Llama-3.1-8B-Instruct,Standard_add_1
b4674883912bc3b83e59,20260930T142252_eb92345c:6,8,models/Llama-3.1-8B-Instruct,Standard_add_1
8fa178aece57acac9b95,20260930T142252_eb92345c:6,9,models/Llama-3.1-8B-Instruct,Standard_add_1
f5c9ef75eb58dffbd66f,20260930T142252_eb92345c:7,0,models/Llama-3.1-8B-Instruct,Standard_high_temperature
93515576e2bd8195af4d,20260930T142252_eb92345c:7,1,models/Llama-3.1-8B-Instruct,Standard_high_temperature
d3d5be43abe2bfcf327a,20260930T142252_eb92345c:7,2,models/Llama-3.1-8B-Instruct,Standard_high_temperature
780bccbc44c41b80a4b5,20260930T142252_eb92345c:7,3,models/Llama-3.1-8B-Instruct,Standard_high_temperature
7177651af825512ebfeb,20260930T142252_eb92345c:7,4,models/Llama-3.1-8B-Instruct,Standard_high_temperature
58f3289fc64cb1431055,20260930T142252_eb92345c:7,5,models/Llama-3.1-8B-Instruct,Standard_high_temperature
48e09042f185c21a957a,20260930T142252_eb92345c:7,6,models/Llama-3.1-8B-Instruct,Standard_high_temperature
e3fbe03b80438ec90f08,20260930T142252_eb92345c:7,7,models/Llama-3.1-8B-Instruct,Standard_high_temperature
fe83d70c80be1b59bb36,20260930T142252_eb92345c:7,8,models/Llama-3.1-8B-Instruct,Standard_high_temperature
bc1bb677a491fbd3a8fe,20260930T142252_eb92345c:7,9,models/Llama-3.1-8B-Instruct,Standard_high_temperature
9e9b42b31b1cc3f7f201,20260930T142252_eb92345c:8,0,models/Llama-3.1-8B-Instruct,Standard_random1_1
825755c5aacd3c33b43b,20260930T142252_eb92345c:8,1,models/Llama-3.1-8B-Instruct,Standard_random1_1
59341efc67c54902e7ea,20260930T142252_eb92345c:8,2,models/Llama-3.1-8B-Instruct,Standard_random1_1
e0c9a5f5b2fcdf141818,20260930T142252_eb92345c:8,3,models/Llama-3.1-8B-Instruct,Standard_random1_1
bd74f1be41fc24c1ead9,20260930T142252_eb92345c:8,4,models/Llama-3.1-8B-Instruct,Standard_random1_1
b8fa52824ca4775b2c79,20260930T142252_eb92345c:8,5,models/Llama-3.1-8B-Instruct,Standard_random1_1
a85cc657162304855a19,20260930T142252_eb92345c:8,6,models/Llama-3.1-8B-Instruct,Standard_random1_1
264fa382c6aae64e98be,20260930T142252_eb92345c:8,7,models/Llama-3.1-8B-Instruct,Standard_random1_1
6ca3cd1ddf4dce44c1b7,20260930T142252_eb92345c:8,8,models/Llama-3.1-8B-Instruct,Standard_random1_1
2fea3edaaee9e436134c,20260930T142252_eb92345c:8,9,models/Llama-3.1-8B-Instruct,Standard_random1_1
080fd7026a23e8da085b,20260930T142252_eb92345c:9,0,models/Llama-3.1-8B-Instruct,Effective
fc9aaa5992340d4809ac,20260930T142252_eb92345c:9,1,models/Llama-3.1-8B-Instruct,Effective
6bebe0eb1ab2c89aac2d,20260930T142252_eb92345c:9,2,models/Llama-3.1-8B-Instruct,Effective
50ce9fa60bbc360d2cc5,20260930T142252_eb92345c:9,3,models/Llama-3.1-8B-Instruct,Effective
3b85be209f90965c3e38,20260930T142252_eb92345c:9,4,models/Llama-3.1-8B-Instruct,Effective
d2e166f1f14d1195bcc7,20260930T142252_eb92345c:9,5,models/Llama-3.1-8B-Instruct,Effective
a9725a3d0703e91baefe,20260930T142252_eb92345c:9,6,models/Llama-3.1-8B-Instruct,Effective
ee3de13b50ba87c46be6,20260930T142252_eb92345c:9,7,models/Llama-3.1-8B-Instruct,Effective
9dd5eb4e4492f84f41a8,20260930T142252_eb92345c:9,8,models/Llama-3.1-8B-Instruct,Effective
ddd35501d3f1b4e960a6,20260930T142252_eb92345c:9,9,models/Llama-3.1-8B-Instruct,Effective
ecd53f0c51d7248a728f,20260930T142252_eb92345c:10,0,models/Llama-3.1-8B-Instruct,Creative_random_suppress0
32b92bcdfc23465b5823,20260930T142252_eb92345c:10,1,models/Llama-3.1-8B-Instruct,Creative_random_suppress0
39f7abffbf563fd12655,20260930T142252_eb92345c:10,2,models/Llama-3.1-8B-Instruct,Creative_random_suppress0
089b46541169792f68e1,20260930T142252_eb92345c:10,3,models/Llama-3.1-8B-Instruct,Creative_random_suppress0
ae776e87f90d56d20209,20260930T142252_eb92345c:10,4,models/Llama-3.1-8B-Instruct,Creative_random_suppress0
1cc27c16e559e6b73f62,20260930T142252_eb92345c:10,5,models/Llama-3.1-8B-Instruct,Creative_random_suppress0
24552525dc3e6abdd9f4,20260930T142252_eb92345c:10,6,models/Llama-3.1-8B-Instruct,Creative_random_suppress0
07adf26631bcbe0021af,20260930T142252_eb92345c:10,7,models/Llama-3.1-8B-Instruct,Creative_random_suppress0
7f6f8f0d2e9643a9fdf9,20260930T142252_eb92345c:10,8,models/Llama-3.1-8B-Instruct,Creative_random_suppress0
2c4ea92527ffcfc346db,20260930T142252_eb92345c:10,9,models/Llama-3.1-8B-Instruct,Creative_random_suppress0
d07f72644b87370b9015,20260930T142252_eb92345c:11,0,models/Llama-3.1-8B-Instruct,Standard_patch_creative
922c3878d1f1a174e331,20260930T142252_eb92345c:11,1,models/Llama-3.1-8B-Instruct,Standard_patch_creative
4cc8ccf07212824d7bd0,20260930T142252_eb92345c:11,2,models/Llama-3.1-8B-Instruct,Standard_patch_creative
399d531af12dba63d79c,20260930T142252_eb92345c:11,3,models/Llama-3.1-8B-Instruct,Standard_patch_creative
919087aff7585ab34215,20260930T142252_eb92345c:11,4,models/Llama-3.1-8B-Instruct,Standard_patch_creative
88a6297678fec2b7c01a,20260930T142252_eb92345c:11,5,models/Llama-3.1-8B-Instruct,Standard_patch_creative
5ef7392bbad78fb4528f,20260930T142252_eb92345c:11,6,models/Llama-3.1-8B-Instruct,Standard_patch_creative
6a26da4fd5b7e62777c0,20260930T142252_eb92345c:11,7,models/Llama-3.1-8B-Instruct,Standard_patch_creative
07fcc592e799ef9e9d6e,20260930T142252_eb92345c:11,8,models/Llama-3.1-8B-Instruct,Standard_patch_creative
bcc8069317fc2e49e532,20260930T142252_eb92345c:11,9,models/Llama-3.1-8B-Instruct,Standard_patch_creative
57a46c1219ac71d632eb,20260930T142252_eb92345c:12,0,models/Llama-3.1-8B-Instruct,Standard_random0_1
7c7787bea31be5303e19,20260930T142252_eb92345c:12,1,models/Llama-3.1-8B-Instruct,Standard_random0_1
47df99dead88d697b56a,20260930T142252_eb92345c:12,2,models/Llama-3.1-8B-Instruct,Standard_random0_1
bf09d5794ac1f330f624,20260930T142252_eb92345c:12,3,models/Llama-3.1-8B-Instruct,Standard_random0_1
91068ec7dbbf37e0c434,20260930T142252_eb92345c:12,4,models/Llama-3.1-8B-Instruct,Standard_random0_1
93370bc1396dd1f0ed64,20260930T142252_eb92345c:12,5,models/Llama-3.1-8B-Instruct,Standard_random0_1
431e793ee9a677a5a07a,20260930T142252_eb92345c:12,6,models/Llama-3.1-8B-Instruct,Standard_random0_1
8a7d7080c06ca32aa6bb,20260930T142252_eb92345c:12,7,models/Llama-3.1-8B-Instruct,Standard_random0_1
8b5fa7a9cff913c4658e,20260930T142252_eb92345c:12,8,models/Llama-3.1-8B-Instruct,Standard_random0_1
79cd10a0e200a0aac75a,20260930T142252_eb92345c:12,9,models/Llama-3.1-8B-Instruct,Standard_random0_1
acb93db94063b124e4d0,20260930T142252_eb92345c:13,0,models/Llama-3.1-8B-Instruct,Effective
f93580b68c7c54c74cca,20260930T142252_eb92345c:13,1,models/Llama-3.1-8B-Instruct,Effective
b771869467c09946a7eb,20260930T142252_eb92345c:13,2,models/Llama-3.1-8B-Instruct,Effective
697ca87a143d9c089177,20260930T142252_eb92345c:13,3,models/Llama-3.1-8B-Instruct,Effective
ce2ef38a4c21e51e4993,20260930T142252_eb92345c:13,4,models/Llama-3.1-8B-Instruct,Effective
9d1f28c4c344914c5cfa,20260930T142252_eb92345c:13,5,models/Llama-3.1-8B-Instruct,Effective
0ad17b05fd35d33a75c9,20260930T142252_eb92345c:13,6,models/Llama-3.1-8B-Instruct,Effective
38438ca29e7f8f64842d,20260930T142252_eb92345c:13,7,models/Llama-3.1-8B-Instruct,Effective
4dc6108c7dc3454a9e2e,20260930T142252_eb92345c:13,8,models/Llama-3.1-8B-Instruct,Effective
eb6de08e19138e25c064,20260930T142252_eb92345c:13,9,models/Llama-3.1-8B-Instruct,Effective
6c921984e76995dec5d0,20260930T142252_eb92345c:14,0,models/Llama-3.1-8B-Instruct,Standard
dca848b291dddcf78528,20260930T142252_eb92345c:14,1,models/Llama-3.1-8B-Instruct,Standard
1b4c68df5c7085aad89d,20260930T142252_eb92345c:14,2,models/Llama-3.1-8B-Instruct,Standard
af2b3c9641bccf2281c1,20260930T142252_eb92345c:14,3,models/Llama-3.1-8B-Instruct,Standard
b60ce6339486696b3a19,20260930T142252_eb92345c:14,4,models/Llama-3.1-8B-Instruct,Standard
9f1d58ff41a3798ef130,20260930T142252_eb92345c:14,5,models/Llama-3.1-8B-Instruct,Standard
29dd94dc97649aa8f4b1,20260930T142252_eb92345c:14,6,models/Llama-3.1-8B-Instruct,Standard
4e78d1e4a8bd9abcb007,20260930T142252_eb92345c:14,7,models/Llama-3.1-8B-Instruct,Standard
21aba001bbbf1ab5ce7a,20260930T142252_eb92345c:14,8,models/Llama-3.1-8B-Instruct,Standard
1a685c3bf619668cfd8e,20260930T142252_eb92345c:14,9,models/Llama-3.1-8B-Instruct,Standard
291f528ae0c448f27400,20260930T142252_eb92345c:15,0,models/Llama-3.1-8B-Instruct,Standard_random1_1
414a2ff5a5f3451dc85d,20260930T142252_eb92345c:15,1,models/Llama-3.1-8B-Instruct,Standard_random1_1
f3c00183e70bd3ed43cd,20260930T142252_eb92345c:15,2,models/Llama-3.1-8B-Instruct,Standard_random1_1
444ab40c0e23465f72d5,20260930T142252_eb92345c:15,3,models/Llama-3.1-8B-Instruct,Standard_random1_1
399716ba69d68c864f31,20260930T142252_eb92345c:15,4,models/Llama-3.1-8B-Instruct,Standard_random1_1
c462951fc0459b46dbff,20260930T142252_eb92345c:15,5,models/Llama-3.1-8B-Instruct,Standard_random1_1
9c768c59c0511f38ec78,20260930T142252_eb92345c:15,6,models/Llama-3.1-8B-Instruct,Standard_random1_1
47952fe919614f2974ed,20260930T142252_eb92345c:15,7,models/Llama-3.1-8B-Instruct,Standard_random1_1
f19481dc9028bf32a125,20260930T142252_eb92345c:15,8,models/Llama-3.1-8B-Instruct,Standard_random1_1
af836cb90f211c94c971,20260930T142252_eb92345c:15,9,models/Llama-3.1-8B-Instruct,Standard_random1_1
abf44403de8eb055cd0b,20260930T142252_eb92345c:16,0,models/Llama-3.1-8B-Instruct,Standard
4e702d459a7eafaff7d0,20260930T142252_eb92345c:16,1,models/Llama-3.1-8B-Instruct,Standard
a1ad7427c22a80e41241,20260930T142252_eb92345c:16,2,models/Llama-3.1-8B-Instruct,Standard
47b342acccde3d9190cc,20260930T142252_eb92345c:16,3,models/Llama-3.1-8B-Instruct,Standard
baf7745b4d1c7af67e32,20260930T142252_eb92345c:16,4,models/Llama-3.1-8B-Instruct,Standard
0e5ba4d04d0d2ac4ddd1,20260930T142252_eb92345c:16,5,models/Llama-3.1-8B-Instruct,Standard
241803f495e148e20bd5,20260930T142252_eb92345c:16,6,models/Llama-3.1-8B-Instruct,Standard
bf52e53652ab17bfa729,20260930T142252_eb92345c:16,7,models/Llama-3.1-8B-Instruct,Standard
f96cdaa1e0941a6a1ef5,20260930T142252_eb92345c:16,8,models/Llama-3.1-8B-Instruct,Standard
250518b6422409ab8e8d,20260930T142252_eb92345c:16,9,models/Llama-3.1-8B-Instruct,Standard
1d91ce93d44f488655ae,20260930T142252_eb92345c:17,0,models/Llama-3.1-8B-Instruct,Creative
f9ef217e722a72d36208,20260930T142252_eb92345c:17,1,models/Llama-3.1-8B-Instruct,Creative
68d5ae36682fc45be075,20260930T142252_eb92345c:17,2,models/Llama-3.1-8B-Instruct,Creative
165bc899b0f45512fd49,20260930T142252_eb92345c:17,3,models/Llama-3.1-8B-Instruct,Creative
08af125154ad99783804,20260930T142252_eb92345c:17,4,models/Llama-3.1-8B-Instruct,Creative
3b69716701c7e44eed58,20260930T142252_eb92345c:17,5,models/Llama-3.1-8B-Instruct,Creative
2a40de4350d5bc6da06b,20260930T142252_eb92345c:17,6,models/Llama-3.1-8B-Instruct,Creative
d372938ede302e2f9a56,20260930T142252_eb92345c:17,7,models/Llama-3.1-8B-Instruct,Creative
b11d08ba465a1feed04a,20260930T142252_eb92345c:17,8,models/Llama-3.1-8B-Instruct,Creative
10a07695125c5fdae909,20260930T142252_eb92345c:17,9,models/Llama-3.1-8B-Instruct,Creative
cd2bc956a7aba6954cf2,20260930T142252_eb92345c:18,0,models/Llama-3.1-8B-Instruct,Boring
398bcfb49796b5cd9b31,20260930T142252_eb92345c:18,1,models/Llama-3.1-8B-Instruct,Boring
4be367c570028a1460e8,20260930T142252_eb92345c:18,2,models/Llama-3.1-8B-Instruct,Boring
ff2bcc487825a1d67748,20260930T142252_eb92345c:18,3,models/Llama-3.1-8B-Instruct,Boring
957b61aac648146c86f4,20260930T142252_eb92345c:18,4,models/Llama-3.1-8B-Instruct,Boring
ebbdc96fa49b72b0b888,20260930T142252_eb92345c:18,5,models/Llama-3.1-8B-Instruct,Boring
4feda83601018f0f97de,20260930T142252_eb92345c:18,6,models/Llama-3.1-8B-Instruct,Boring
1a2b3e9b0153a3db2abb,20260930T142252_eb92345c:18,7,models/Llama-3.1-8B-Instruct,Boring
3ad07465908279a3ea06,20260930T142252_eb92345c:18,8,models/Llama-3.1-8B-Instruct,Boring
e76400685a1267b55c01,20260930T142252_eb92345c:18,9,models/Llama-3.1-8B-Instruct,Boring
576a6be76c44172613ca,20260930T142252_eb92345c:19,0,models/Llama-3.1-8B-Instruct,Standard_suppress
45549a0e012ce7c865da,20260930T142252_eb92345c:19,1,models/Llama-3.1-8B-Instruct,Standard_suppress
7102e646e5d832280722,20260930T142252_eb92345c:19,2,models/Llama-3.1-8B-Instruct,Standard_suppress
0d3982a8f2d35c54c5ac,20260930T142252_eb92345c:19,3,models/Llama-3.1-8B-Instruct,Standard_suppress
d2e07dac6f86dd87b4ac,20260930T142252_eb92345c:19,4,models/Llama-3.1-8B-Instruct,Standard_suppress
9a97fbe49aefa8afabe0,20260930T142252_eb92345c:19,5,models/Llama-3.1-8B-Instruct,Standard_suppress
53dd207b76bcd4e5ebac,20260930T142252_eb92345c:19,6,models/Llama-3.1-8B-Instruct,Standard_suppress
ee217ea0ce654548c2e2,20260930T142252_eb92345c:19,7,models/Llama-3.1-8B-Instruct,Standard_suppress
94220f299a8459561388,20260930T142252_eb92345c:19,8,models/Llama-3.1-8B-Instruct,Standard_suppress
3aa1e91839459dad14c9,20260930T142252_eb92345c:19,9,models/Llama-3.1-8B-Instruct,Standard_suppress
6057b5cc2bec88c592a6,20260930T142252_eb92345c:20,0,models/Llama-3.1-8B-Instruct,Creative_subtract_1
ef73fc13f0e563091c22,20260930T142252_eb92345c:20,1,models/Llama-3.1-8B-Instruct,Creative_subtract_1
f56a3cbdae8fae4e0b83,20260930T142252_eb92345c:20,2,models/Llama-3.1-8B-Instruct,Creative_subtract_1
0d4fdee1759308a2a1ed,20260930T142252_eb92345c:20,3,models/Llama-3.1-8B-Instruct,Creative_subtract_1
02def6c73f3f46ffddb0,20260930T142252_eb92345c:20,4,models/Llama-3.1-8B-Instruct,Creative_subtract_1
17eefe0c7b5efa56f3cc,20260930T142252_eb92345c:20,5,models/Llama-3.1-8B-Instruct,Creative_subtract_1
6618be854f70e624bb7d,20260930T142252_eb92345c:20,6,models/Llama-3.1-8B-Instruct,Creative_subtract_1
8cf63d57ed69208b8130,20260930T142252_eb92345c:20,7,models/Llama-3.1-8B-Instruct,Creative_subtract_1
54cc6222e9f88f70a36d,20260930T142252_eb92345c:20,8,models/Llama-3.1-8B-Instruct,Creative_subtract_1
debc9208a8310088532c,20260930T142252_eb92345c:20,9,models/Llama-3.1-8B-Instruct,Creative_subtract_1
29127b7867f2dcbea415,20260930T142252_eb92345c:21,0,models/Llama-3.1-8B-Instruct,Standard_random1_1
3cbd76d9d9ee9b35ade0,20260930T142252_eb92345c:21,1,models/Llama-3.1-8B-Instruct,Standard_random1_1
3e8eb06bfa9a2502241a,20260930T142252_eb92345c:21,2,models/Llama-3.1-8B-Instruct,Standard_random1_1
fe38fb3346c1b44fc95b,20260930T142252_eb92345c:21,3,models/Llama-3.1-8B-Instruct,Standard_random1_1
d3a6572391456686751a,20260930T142252_eb92345c:21,4,models/Llama-3.1-8B-Instruct,Standard_random1_1
ae87d599a9d841f99342,20260930T142252_eb92345c:21,5,models/Llama-3.1-8B-Instruct,Standard_random1_1
e19ae06742fdf16075b7,20260930T142252_eb92345c:21,6,models/Llama-3.1-8B-Instruct,Standard_random1_1
fc3dc29ccfd8a0c823b2,20260930T142252_eb92345c:21,7,models/Llama-3.1-8B-Instruct,Standard_random1_1
135830b9d20bf3155d1a,20260930T142252_eb92345c:21,8,models/Llama-3.1-8B-Instruct,Standard_random1_1
986aa33880264397c983,20260930T142252_eb92345c:21,9,models/Llama-3.1-8B-Instruct,Standard_random1_1
025e637b417e19783a9d,20260930T142252_eb92345c:22,0,models/Llama-3.1-8B-Instruct,Conventional
a723568974e94daf0f28,20260930T142252_eb92345c:22,1,models/Llama-3.1-8B-Instruct,Conventional
25cd0cc902ec80a30e90,20260930T142252_eb92345c:22,2,models/Llama-3.1-8B-Instruct,Conventional
c347f1d73c857c2f6126,20260930T142252_eb92345c:22,3,models/Llama-3.1-8B-Instruct,Conventional
d249090f6efe04cc04f8,20260930T142252_eb92345c:22,4,models/Llama-3.1-8B-Instruct,Conventional
472d48b9157cb6f17388,20260930T142252_eb92345c:22,5,models/Llama-3.1-8B-Instruct,Conventional
87b893061da1a764eade,20260930T142252_eb92345c:22,6,models/Llama-3.1-8B-Instruct,Conventional
699087b82d0f9d6f99ea,20260930T142252_eb92345c:22,7,models/Llama-3.1-8B-Instruct,Conventional
e64e2e96a3fab2d733b7,20260930T142252_eb92345c:22,8,models/Llama-3.1-8B-Instruct,Conventional
a78f8ee3da2940a36062,20260930T142252_eb92345c:22,9,models/Llama-3.1-8B-Instruct,Conventional
8d6f61b9cce69f41faf7,20260930T142252_eb92345c:23,0,models/Llama-3.1-8B-Instruct,Creative_random_suppress0
430a221b6ba03a2fe1a0,20260930T142252_eb92345c:23,1,models/Llama-3.1-8B-Instruct,Creative_random_suppress0
f55ba352c63137d5b2e1,20260930T142252_eb92345c:23,2,models/Llama-3.1-8B-Instruct,Creative_random_suppress0
9acab2d39460846d504b,20260930T142252_eb92345c:23,3,models/Llama-3.1-8B-Instruct,Creative_random_suppress0
f5fa05979ebeb3e5a8d0,20260930T142252_eb92345c:23,4,models/Llama-3.1-8B-Instruct,Creative_random_suppress0
f3955ac1d06e95b0fd16,20260930T142252_eb92345c:23,5,models/Llama-3.1-8B-Instruct,Creative_random_suppress0
7ba65503eadbe6e12763,20260930T142252_eb92345c:23,6,models/Llama-3.1-8B-Instruct,Creative_random_suppress0
3f9e9aa1e4e3bc5cda0e,20260930T142252_eb92345c:23,7,models/Llama-3.1-8B-Instruct,Creative_random_suppress0
ca944f289579b65a220f,20260930T142252_eb92345c:23,8,models/Llama-3.1-8B-Instruct,Creative_random_suppress0
6383562217f7e18e3284,20260930T142252_eb92345c:23,9,models/Llama-3.1-8B-Instruct,Creative_random_suppress0
d1b46253f922154e39e3,20260930T142252_eb92345c:24,0,models/Llama-3.1-8B-Instruct,Effective
97f0eb8c861a23e44914,20260930T142252_eb92345c:24,1,models/Llama-3.1-8B-Instruct,Effective
d85e014f4714ef677b79,20260930T142252_eb92345c:24,2,models/Llama-3.1-8B-Instruct,Effective
8250b33f3c857d2ac147,20260930T142252_eb92345c:24,3,models/Llama-3.1-8B-Instruct,Effective
5e805646a44124182591,20260930T142252_eb92345c:24,4,models/Llama-3.1-8B-Instruct,Effective
ee97b73d78d66d8e2da0,20260930T142252_eb92345c:24,5,models/Llama-3.1-8B-Instruct,Effective
97eff14305cb784fa0b4,20260930T142252_eb92345c:24,6,models/Llama-3.1-8B-Instruct,Effective
39793f4d4ae74c1018dc,20260930T142252_eb92345c:24,7,models/Llama-3.1-8B-Instruct,Effective
06bcb6862ae78471a2a0,20260930T142252_eb92345c:24,8,models/Llama-3.1-8B-Instruct,Effective
8eee34d759b290dfbd25,20260930T142252_eb92345c:24,9,models/Llama-3.1-8B-Instruct,Effective
7967e56a73ef009d7098,20260930T142252_eb92345c:25,0,models/Llama-3.1-8B-Instruct,Conventional
db6d3610fc5dddc4ff19,20260930T142252_eb92345c:25,1,models/Llama-3.1-8B-Instruct,Conventional
1306a164861f58fd3d29,20260930T142252_eb92345c:25,2,models/Llama-3.1-8B-Instruct,Conventional
df16a8a6353e60371d34,20260930T142252_eb92345c:25,3,models/Llama-3.1-8B-Instruct,Conventional
dac622ed177f7504138f,20260930T142252_eb92345c:25,4,models/Llama-3.1-8B-Instruct,Conventional
404a5e1146b8127eb6f1,20260930T142252_eb92345c:25,5,models/Llama-3.1-8B-Instruct,Conventional
ef27772cd5cb21c7c381,20260930T142252_eb92345c:25,6,models/Llama-3.1-8B-Instruct,Conventional
52d026a7add4f2e9bbca,20260930T142252_eb92345c:25,7,models/Llama-3.1-8B-Instruct,Conventional
889af4ac4b39c008eade,20260930T142252_eb92345c:25,8,models/Llama-3.1-8B-Instruct,Conventional
a2f10c317cea5f04ccd6,20260930T142252_eb92345c:25,9,models/Llama-3.1-8B-Instruct,Conventional
2a933ff51d42b116ef66,20260930T142252_eb92345c:26,0,models/Llama-3.1-8B-Instruct,Standard_patch_creative
dead1875e962259e5898,20260930T142252_eb92345c:26,1,models/Llama-3.1-8B-Instruct,Standard_patch_creative
2b0a235ab18337372c21,20260930T142252_eb92345c:26,2,models/Llama-3.1-8B-Instruct,Standard_patch_creative
1a4a2b022272b0976abd,20260930T142252_eb92345c:26,3,models/Llama-3.1-8B-Instruct,Standard_patch_creative
3235e640a400d8c1467e,20260930T142252_eb92345c:26,4,models/Llama-3.1-8B-Instruct,Standard_patch_creative
b8f7e2b045e7edc23a7b,20260930T142252_eb92345c:26,5,models/Llama-3.1-8B-Instruct,Standard_patch_creative
1f1b4568f368c0fbdc45,20260930T142252_eb92345c:26,6,models/Llama-3.1-8B-Instruct,Standard_patch_creative
e0da7f91bf09e34971f7,20260930T142252_eb92345c:26,7,models/Llama-3.1-8B-Instruct,Standard_patch_creative
873575b550b15bf89040,20260930T142252_eb92345c:26,8,models/Llama-3.1-8B-Instruct,Standard_patch_creative
be34ccb719e5cd215f5b,20260930T142252_eb92345c:26,9,models/Llama-3.1-8B-Instruct,Standard_patch_creative
895ba23c1b992264c5c2,20260930T142252_eb92345c:27,0,models/Llama-3.1-8B-Instruct,Standard_high_temperature
436bff074ab08e5d792b,20260930T142252_eb92345c:27,1,models/Llama-3.1-8B-Instruct,Standard_high_temperature
10c04050827fbbe20930,20260930T142252_eb92345c:27,2,models/Llama-3.1-8B-Instruct,Standard_high_temperature
0be15eaed1fb8da16683,20260930T142252_eb92345c:27,3,models/Llama-3.1-8B-Instruct,Standard_high_temperature
620eb138c8a985d51700,20260930T142252_eb92345c:27,4,models/Llama-3.1-8B-Instruct,Standard_high_temperature
4371c2bd2bffa7a6ef29,20260930T142252_eb92345c:27,5,models/Llama-3.1-8B-Instruct,Standard_high_temperature
fd2ab2d8b8eea1015328,20260930T142252_eb92345c:27,6,models/Llama-3.1-8B-Instruct,Standard_high_temperature
512381b010f42bb08534,20260930T142252_eb92345c:27,7,models/Llama-3.1-8B-Instruct,Standard_high_temperature
67f3e4579f020d809fd5,20260930T142252_eb92345c:27,8,models/Llama-3.1-8B-Instruct,Standard_high_temperature
31a67bd469e2ac9452c6,20260930T142252_eb92345c:27,9,models/Llama-3.1-8B-Instruct,Standard_high_temperature
0174afd2921c087ad11e,20260930T142252_eb92345c:28,0,models/Llama-3.1-8B-Instruct,Conventional
99276b80a32cb62d2323,20260930T142252_eb92345c:28,1,models/Llama-3.1-8B-Instruct,Conventional
98277143b77a316683cc,20260930T142252_eb92345c:28,2,models/Llama-3.1-8B-Instruct,Conventional
8627f3f99231a289d590,20260930T142252_eb92345c:28,3,models/Llama-3.1-8B-Instruct,Conventional
7d5f2b57720bccb803c3,20260930T142252_eb92345c:28,4,models/Llama-3.1-8B-Instruct,Conventional
8f49799ccce95939118c,20260930T142252_eb92345c:28,5,models/Llama-3.1-8B-Instruct,Conventional
efbf86c1c5a8c7f12d04,20260930T142252_eb92345c:28,6,models/Llama-3.1-8B-Instruct,Conventional
f1bbde2c47bcef1b491a,20260930T142252_eb92345c:28,7,models/Llama-3.1-8B-Instruct,Conventional
4770aa67d02e2afbe034,20260930T142252_eb92345c:28,8,models/Llama-3.1-8B-Instruct,Conventional
e8ee24df43ef2822b970,20260930T142252_eb92345c:28,9,models/Llama-3.1-8B-Instruct,Conventional
7a27c1bae7e1243ea4a0,20260930T142252_eb92345c:29,0,models/Llama-3.1-8B-Instruct,Standard_patch_creative
fd722fa4183bb5d6ec54,20260930T142252_eb92345c:29,1,models/Llama-3.1-8B-Instruct,Standard_patch_creative
333d133f2bc27b49547e,20260930T142252_eb92345c:29,2,models/Llama-3.1-8B-Instruct,Standard_patch_creative
722d4c5aed353b13825b,20260930T142252_eb92345c:29,3,models/Llama-3.1-8B-Instruct,Standard_patch_creative
c449378dc3fc8c99d4f0,20260930T142252_eb92345c:29,4,models/Llama-3.1-8B-Instruct,Standard_patch_creative
8fc5b3baa1902b395c6f,20260930T142252_eb92345c:29,5,models/Llama-3.1-8B-Instruct,Standard_patch_creative
23a75b533b5ad0afa661,20260930T142252_eb92345c:29,6,models/Llama-3.1-8B-Instruct,Standard_patch_creative
46f61e6d0091899873bc,20260930T142252_eb92345c:29,7,models/Llama-3.1-8B-Instruct,Standard_patch_creative
94e2e0dcb8de1b0f4001,20260930T142252_eb92345c:29,8,models/Llama-3.1-8B-Instruct,Standard_patch_creative
488fb2003842203ededb,20260930T142252_eb92345c:29,9,models/Llama-3.1-8B-Instruct,Standard_patch_creative
0f1b4664fc27c6742024,20260930T142252_eb92345c:30,0,models/Llama-3.1-8B-Instruct,Standard_high_temperature
453c2e0d5502bb030155,20260930T142252_eb92345c:30,1,models/Llama-3.1-8B-Instruct,Standard_high_temperature
f2277693105252cb7d09,20260930T142252_eb92345c:30,2,models/Llama-3.1-8B-Instruct,Standard_high_temperature
8d6bad9a02d6fd094670,20260930T142252_eb92345c:30,3,models/Llama-3.1-8B-Instruct,Standard_high_temperature
c23fe47e6c7109157d1c,20260930T142252_eb92345c:30,4,models/Llama-3.1-8B-Instruct,Standard_high_temperature
84b066470166f6a9ad8f,20260930T142252_eb92345c:30,5,models/Llama-3.1-8B-Instruct,Standard_high_temperature
f451afd7a72daa56aecb,20260930T142252_eb92345c:30,6,models/Llama-3.1-8B-Instruct,Standard_high_temperature
74c3caf03d70d04948d9,20260930T142252_eb92345c:30,7,models/Llama-3.1-8B-Instruct,Standard_high_temperature
0fc74b0b8a60c885dc72,20260930T142252_eb92345c:30,8,models/Llama-3.1-8B-Instruct,Standard_high_temperature
605b52e945fc9ea102aa,20260930T142252_eb92345c:30,9,models/Llama-3.1-8B-Instruct,Standard_high_temperature
a5a1e8cf8444b6d06f04,20260930T142252_eb92345c:31,0,models/Llama-3.1-8B-Instruct,Creative_random_suppress0
fa6abeb11542c90231ce,20260930T142252_eb92345c:31,1,models/Llama-3.1-8B-Instruct,Creative_random_suppress0
937cd4880674d3179ea6,20260930T142252_eb92345c:31,2,models/Llama-3.1-8B-Instruct,Creative_random_suppress0
115d42a8a3ca1bd156be,20260930T142252_eb92345c:31,3,models/Llama-3.1-8B-Instruct,Creative_random_suppress0
373196f3435953e5c08f,20260930T142252_eb92345c:31,4,models/Llama-3.1-8B-Instruct,Creative_random_suppress0
310cfd102fcbcdfe5ff0,20260930T142252_eb92345c:31,5,models/Llama-3.1-8B-Instruct,Creative_random_suppress0
c516b62183eebf3285d4,20260930T142252_eb92345c:31,6,models/Llama-3.1-8B-Instruct,Creative_random_suppress0
8d74054f46bb98a44fd0,20260930T142252_eb92345c:31,7,models/Llama-3.1-8B-Instruct,Creative_random_suppress0
9261ad137080424d81d4,20260930T142252_eb92345c:31,8,models/Llama-3.1-8B-Instruct,Creative_random_suppress0
83d6a83769e8f50f7029,20260930T142252_eb92345c:31,9,models/Llama-3.1-8B-Instruct,Creative_random_suppress0
3c5be99b397c8478377d,20260930T142252_eb92345c:32,0,models/Llama-3.1-8B-Instruct,Creative_random_suppress1
2d3acc33d1fb121f81f2,20260930T142252_eb92345c:32,1,models/Llama-3.1-8B-Instruct,Creative_random_suppress1
1e66107675c0714d1ae4,20260930T142252_eb92345c:32,2,models/Llama-3.1-8B-Instruct,Creative_random_suppress1
c36879e45c3688aa0463,20260930T142252_eb92345c:32,3,models/Llama-3.1-8B-Instruct,Creative_random_suppress1
5d83e3d56f950cbc0025,20260930T142252_eb92345c:32,4,models/Llama-3.1-8B-Instruct,Creative_random_suppress1
7fbba7eb9ae0bd4a0f21,20260930T142252_eb92345c:32,5,models/Llama-3.1-8B-Instruct,Creative_random_suppress1
2a72facfa92064742077,20260930T142252_eb92345c:32,6,models/Llama-3.1-8B-Instruct,Creative_random_suppress1
0438774f32034dffe23a,20260930T142252_eb92345c:32,7,models/Llama-3.1-8B-Instruct,Creative_random_suppress1
3636c899b7c233e5c7ba,20260930T142252_eb92345c:32,8,models/Llama-3.1-8B-Instruct,Creative_random_suppress1
2eb931a58081c7b88d04,20260930T142252_eb92345c:32,9,models/Llama-3.1-8B-Instruct,Creative_random_suppress1
b63886a7cce0b5557844,20260930T142252_eb92345c:33,0,models/Llama-3.1-8B-Instruct,Conventional
41e131363abe67af3dae,20260930T142252_eb92345c:33,1,models/Llama-3.1-8B-Instruct,Conventional
259d93a80a23b4094923,20260930T142252_eb92345c:33,2,models/Llama-3.1-8B-Instruct,Conventional
8970f9ed306ddaf2c8ee,20260930T142252_eb92345c:33,3,models/Llama-3.1-8B-Instruct,Conventional
eddabbccbefa10730e73,20260930T142252_eb92345c:33,4,models/Llama-3.1-8B-Instruct,Conventional
f5a33d39df8346b60167,20260930T142252_eb92345c:33,5,models/Llama-3.1-8B-Instruct,Conventional
19144d80e99bb19259dd,20260930T142252_eb92345c:33,6,models/Llama-3.1-8B-Instruct,Conventional
c84e88b5ecdb994c4251,20260930T142252_eb92345c:33,7,models/Llama-3.1-8B-Instruct,Conventional
534f616633be2f0562a3,20260930T142252_eb92345c:33,8,models/Llama-3.1-8B-Instruct,Conventional
325fbe0183e6c248f0e2,20260930T142252_eb92345c:33,9,models/Llama-3.1-8B-Instruct,Conventional
a9f1e48862670d0b85dc,20260930T142252_eb92345c:34,0,models/Llama-3.1-8B-Instruct,Standard_add_1
c24742b03925ef4c6716,20260930T142252_eb92345c:34,1,models/Llama-3.1-8B-Instruct,Standard_add_1
53f7ca90a7c8c9d714fa,20260930T142252_eb92345c:34,2,models/Llama-3.1-8B-Instruct,Standard_add_1
13b66e4f811d694e7fc5,20260930T142252_eb92345c:34,3,models/Llama-3.1-8B-Instruct,Standard_add_1
1236e281ae7f0d71632e,20260930T142252_eb92345c:34,4,models/Llama-3.1-8B-Instruct,Standard_add_1
b37f25f1ec1b457ce777,20260930T142252_eb92345c:34,5,models/Llama-3.1-8B-Instruct,Standard_add_1
19f5f68d571a70597b18,20260930T142252_eb92345c:34,6,models/Llama-3.1-8B-Instruct,Standard_add_1
4257760e5a1909032ce8,20260930T142252_eb92345c:34,7,models/Llama-3.1-8B-Instruct,Standard_add_1
b22c344fa9a843c27815,20260930T142252_eb92345c:34,8,models/Llama-3.1-8B-Instruct,Standard_add_1
009b3a9eb9da3b25649e,20260930T142252_eb92345c:34,9,models/Llama-3.1-8B-Instruct,Standard_add_1
8357b2fb79d2b4c3a43d,20260930T142252_eb92345c:35,0,models/Llama-3.1-8B-Instruct,Creative_subtract_1
16be0acb9088821ec36b,20260930T142252_eb92345c:35,1,models/Llama-3.1-8B-Instruct,Creative_subtract_1
64553f337ee38f2de56c,20260930T142252_eb92345c:35,2,models/Llama-3.1-8B-Instruct,Creative_subtract_1
4e427f6f194494c1f3e1,20260930T142252_eb92345c:35,3,models/Llama-3.1-8B-Instruct,Creative_subtract_1
28891f96e7c1608c46ab,20260930T142252_eb92345c:35,4,models/Llama-3.1-8B-Instruct,Creative_subtract_1
789d38089da073c59cc8,20260930T142252_eb92345c:35,5,models/Llama-3.1-8B-Instruct,Creative_subtract_1
16829e1fdb41ce33c990,20260930T142252_eb92345c:35,6,models/Llama-3.1-8B-Instruct,Creative_subtract_1
b1400d722278b756fbab,20260930T142252_eb92345c:35,7,models/Llama-3.1-8B-Instruct,Creative_subtract_1
9f668964b32155f47ac7,20260930T142252_eb92345c:35,8,models/Llama-3.1-8B-Instruct,Creative_subtract_1
41bdde5818f6a023b942,20260930T142252_eb92345c:35,9,models/Llama-3.1-8B-Instruct,Creative_subtract_1
f56cfbc5e3b4c8fb664a,20260930T142252_eb92345c:36,0,models/Llama-3.1-8B-Instruct,Standard
2bbb393d0d6c28e43c5b,20260930T142252_eb92345c:36,1,models/Llama-3.1-8B-Instruct,Standard
e893951157243ffc5f19,20260930T142252_eb92345c:36,2,models/Llama-3.1-8B-Instruct,Standard
bc808154ea62a8cef55d,20260930T142252_eb92345c:36,3,models/Llama-3.1-8B-Instruct,Standard
b8b6ababc7f135c35e0d,20260930T142252_eb92345c:36,4,models/Llama-3.1-8B-Instruct,Standard
f0bcc984d8bcfce29550,20260930T142252_eb92345c:36,5,models/Llama-3.1-8B-Instruct,Standard
92971aa75daaf0cc2a50,20260930T142252_eb92345c:36,6,models/Llama-3.1-8B-Instruct,Standard
6fcc9e2f60315c7a53db,20260930T142252_eb92345c:36,7,models/Llama-3.1-8B-Instruct,Standard
3b20276d0556290dd988,20260930T142252_eb92345c:36,8,models/Llama-3.1-8B-Instruct,Standard
78cd1a89b45f772d2e02,20260930T142252_eb92345c:36,9,models/Llama-3.1-8B-Instruct,Standard
ff3cc370ad799fa26be5,20260930T142252_eb92345c:37,0,models/Llama-3.1-8B-Instruct,Standard_high_temperature
86e12aadb0d1652a38d3,20260930T142252_eb92345c:37,1,models/Llama-3.1-8B-Instruct,Standard_high_temperature
a3d5e36b1e59c298b07a,20260930T142252_eb92345c:37,2,models/Llama-3.1-8B-Instruct,Standard_high_temperature
b64006ae1af3ade9ccc5,20260930T142252_eb92345c:37,3,models/Llama-3.1-8B-Instruct,Standard_high_temperature
20d7a75cc3d6e6b3183b,20260930T142252_eb92345c:37,4,models/Llama-3.1-8B-Instruct,Standard_high_temperature
bbb922006ce1e3cbf435,20260930T142252_eb92345c:37,5,models/Llama-3.1-8B-Instruct,Standard_high_temperature
c73e9ab4ec34af48ead5,20260930T142252_eb92345c:37,6,models/Llama-3.1-8B-Instruct,Standard_high_temperature
095bcdf19c5bc2137515,20260930T142252_eb92345c:37,7,models/Llama-3.1-8B-Instruct,Standard_high_temperature
6a6c79b46f52bd57e066,20260930T142252_eb92345c:37,8,models/Llama-3.1-8B-Instruct,Standard_high_temperature
fe579159c59e734d7438,20260930T142252_eb92345c:37,9,models/Llama-3.1-8B-Instruct,Standard_high_temperature
b49fd534936bfe8d42a3,20260930T142252_eb92345c:38,0,models/Llama-3.1-8B-Instruct,Creative_random_suppress0
084ab98cf374da03d4d0,20260930T142252_eb92345c:38,1,models/Llama-3.1-8B-Instruct,Creative_random_suppress0
9a9cb1a3665f85527e04,20260930T142252_eb92345c:38,2,models/Llama-3.1-8B-Instruct,Creative_random_suppress0
46814e3ff61d43894902,20260930T142252_eb92345c:38,3,models/Llama-3.1-8B-Instruct,Creative_random_suppress0
f466f95469447a09242b,20260930T142252_eb92345c:38,4,models/Llama-3.1-8B-Instruct,Creative_random_suppress0
065e5903b8b7ac9e614d,20260930T142252_eb92345c:38,5,models/Llama-3.1-8B-Instruct,Creative_random_suppress0
9a94298159c407f66395,20260930T142252_eb92345c:38,6,models/Llama-3.1-8B-Instruct,Creative_random_suppress0
a1475c052d2e4bdbd14c,20260930T142252_eb92345c:38,7,models/Llama-3.1-8B-Instruct,Creative_random_suppress0
73a8889129636e49bc4e,20260930T142252_eb92345c:38,8,models/Llama-3.1-8B-Instruct,Creative_random_suppress0
7155636ae1059594e28e,20260930T142252_eb92345c:38,9,models/Llama-3.1-8B-Instruct,Creative_random_suppress0
c040139ddc0886d3ccee,20260930T142252_eb92345c:39,0,models/Llama-3.1-8B-Instruct,Creative_random_suppress1
00c6a4af2c016d644d9c,20260930T142252_eb92345c:39,1,models/Llama-3.1-8B-Instruct,Creative_random_suppress1
a609f0393ac44e5f9ddd,20260930T142252_eb92345c:39,2,models/Llama-3.1-8B-Instruct,Creative_random_suppress1
568754af4418ca91fd6e,20260930T142252_eb92345c:39,3,models/Llama-3.1-8B-Instruct,Creative_random_suppress1
7373e5937d1901f3dd11,20260930T142252_eb92345c:39,4,models/Llama-3.1-8B-Instruct,Creative_random_suppress1
9eddc06e91377da277e0,20260930T142252_eb92345c:39,5,models/Llama-3.1-8B-Instruct,Creative_random_suppress1
b3d95fd31d4607a3fa28,20260930T142252_eb92345c:39,6,models/Llama-3.1-8B-Instruct,Creative_random_suppress1
186adbe70039f61e88e1,20260930T142252_eb92345c:39,7,models/Llama-3.1-8B-Instruct,Creative_random_suppress1
07bf10df0be0b0969043,20260930T142252_eb92345c:39,8,models/Llama-3.1-8B-Instruct,Creative_random_suppress1
e28bbd72c748916d4c36,20260930T142252_eb92345c:39,9,models/Llama-3.1-8B-Instruct,Creative_random_suppress1
48ef2e248c9748631ea9,20260930T142252_eb92345c:40,0,models/Llama-3.1-8B-Instruct,Standard_add_1
afed76faba2322d2ad37,20260930T142252_eb92345c:40,1,models/Llama-3.1-8B-Instruct,Standard_add_1
c48917d0da54617235ca,20260930T142252_eb92345c:40,2,models/Llama-3.1-8B-Instruct,Standard_add_1
6fe90df5885cd1dcd666,20260930T142252_eb92345c:40,3,models/Llama-3.1-8B-Instruct,Standard_add_1
61ecaac01d433f8107d4,20260930T142252_eb92345c:40,4,models/Llama-3.1-8B-Instruct,Standard_add_1
693ec902b3e87bc23e72,20260930T142252_eb92345c:40,5,models/Llama-3.1-8B-Instruct,Standard_add_1
2383c71d6d1b6bb3aad6,20260930T142252_eb92345c:40,6,models/Llama-3.1-8B-Instruct,Standard_add_1
7367affc25f20c037172,20260930T142252_eb92345c:40,7,models/Llama-3.1-8B-Instruct,Standard_add_1
7e957646965d6f9f7b37,20260930T142252_eb92345c:40,8,models/Llama-3.1-8B-Instruct,Standard_add_1
da599c9f6376728c3d43,20260930T142252_eb92345c:40,9,models/Llama-3.1-8B-Instruct,Standard_add_1
e5501cae54deb1e7610c,20260930T142252_eb92345c:41,0,models/Llama-3.1-8B-Instruct,Standard_high_temperature
f27ef42fef7054476bd5,20260930T142252_eb92345c:41,1,models/Llama-3.1-8B-Instruct,Standard_high_temperature
b737a9752df5d7e6fbcd,20260930T142252_eb92345c:41,2,models/Llama-3.1-8B-Instruct,Standard_high_temperature
abbabe0d57c907f8e360,20260930T142252_eb92345c:41,3,models/Llama-3.1-8B-Instruct,Standard_high_temperature
d20af3ac137ef13b3df9,20260930T142252_eb92345c:41,4,models/Llama-3.1-8B-Instruct,Standard_high_temperature
6fc2cec022805bc46eed,20260930T142252_eb92345c:41,5,models/Llama-3.1-8B-Instruct,Standard_high_temperature
31848b8072ccf8242aae,20260930T142252_eb92345c:41,6,models/Llama-3.1-8B-Instruct,Standard_high_temperature
3926d73a86ebdb90b01f,20260930T142252_eb92345c:41,7,models/Llama-3.1-8B-Instruct,Standard_high_temperature
798231f74a97a6c2b793,20260930T142252_eb92345c:41,8,models/Llama-3.1-8B-Instruct,Standard_high_temperature
df3feb02a001e1bfed87,20260930T142252_eb92345c:41,9,models/Llama-3.1-8B-Instruct,Standard_high_temperature
0b187517e5a7a69deb69,20260930T142252_eb92345c:42,0,models/Llama-3.1-8B-Instruct,Creative_random_suppress1
7924427eb9a37491a137,20260930T142252_eb92345c:42,1,models/Llama-3.1-8B-Instruct,Creative_random_suppress1
1d468264f75b8ead4e36,20260930T142252_eb92345c:42,2,models/Llama-3.1-8B-Instruct,Creative_random_suppress1
26073fac5ce9a5c57324,20260930T142252_eb92345c:42,3,models/Llama-3.1-8B-Instruct,Creative_random_suppress1
cdb09f4f9f5cb9618692,20260930T142252_eb92345c:42,4,models/Llama-3.1-8B-Instruct,Creative_random_suppress1
0e824409cd0379f88edd,20260930T142252_eb92345c:42,5,models/Llama-3.1-8B-Instruct,Creative_random_suppress1
7c1bf492054bfbc79ba7,20260930T142252_eb92345c:42,6,models/Llama-3.1-8B-Instruct,Creative_random_suppress1
097b06fdad24cba092e2,20260930T142252_eb92345c:42,7,models/Llama-3.1-8B-Instruct,Creative_random_suppress1
61eb40c2e1c0eb3ab60a,20260930T142252_eb92345c:42,8,models/Llama-3.1-8B-Instruct,Creative_random_suppress1
33d5ebe9d96f4945fa0f,20260930T142252_eb92345c:42,9,models/Llama-3.1-8B-Instruct,Creative_random_suppress1
82b41cbb32bbfca34da2,20260930T142252_eb92345c:43,0,models/Llama-3.1-8B-Instruct,Creative
42551d2050f437193c9a,20260930T142252_eb92345c:43,1,models/Llama-3.1-8B-Instruct,Creative
018d5c5200f7b5b4d35c,20260930T142252_eb92345c:43,2,models/Llama-3.1-8B-Instruct,Creative
4bbbc48e483580803df3,20260930T142252_eb92345c:43,3,models/Llama-3.1-8B-Instruct,Creative
f1996f5c11ae021ff554,20260930T142252_eb92345c:43,4,models/Llama-3.1-8B-Instruct,Creative
02f64d342d9a7cf53d46,20260930T142252_eb92345c:43,5,models/Llama-3.1-8B-Instruct,Creative
ae5f324cc23c043d07f1,20260930T142252_eb92345c:43,6,models/Llama-3.1-8B-Instruct,Creative
531494b69f3a39e53a03,20260930T142252_eb92345c:43,7,models/Llama-3.1-8B-Instruct,Creative
ca82177bceb8596f7582,20260930T142252_eb92345c:43,8,models/Llama-3.1-8B-Instruct,Creative
dbe7da6b271adf8561a5,20260930T142252_eb92345c:43,9,models/Llama-3.1-8B-Instruct,Creative
0c58394e3029a2dfb4f4,20260930T142252_eb92345c:44,0,models/Llama-3.1-8B-Instruct,Creative
22adf256fc66511956a2,20260930T142252_eb92345c:44,1,models/Llama-3.1-8B-Instruct,Creative
2eb879ef071f68243876,20260930T142252_eb92345c:44,2,models/Llama-3.1-8B-Instruct,Creative
1985ebd9089810f05540,20260930T142252_eb92345c:44,3,models/Llama-3.1-8B-Instruct,Creative
75929e417031cd56787d,20260930T142252_eb92345c:44,4,models/Llama-3.1-8B-Instruct,Creative
5c3dd9c6821a4df1ab45,20260930T142252_eb92345c:44,5,models/Llama-3.1-8B-Instruct,Creative
7ff1354a2f00f94d8944,20260930T142252_eb92345c:44,6,models/Llama-3.1-8B-Instruct,Creative
9024f5e5f162759520ea,20260930T142252_eb92345c:44,7,models/Llama-3.1-8B-Instruct,Creative
300716bdfa44b572056f,20260930T142252_eb92345c:44,8,models/Llama-3.1-8B-Instruct,Creative
41d4d5429967c89bda10,20260930T142252_eb92345c:44,9,models/Llama-3.1-8B-Instruct,Creative
05a4372963dba4513c69,20260930T142252_eb92345c:45,0,models/Llama-3.1-8B-Instruct,Creative
8174a66e1b9f619d924d,20260930T142252_eb92345c:45,1,models/Llama-3.1-8B-Instruct,Creative
c0f0d201142a2c93f87b,20260930T142252_eb92345c:45,2,models/Llama-3.1-8B-Instruct,Creative
b24d06e5c11d3ac896f7,20260930T142252_eb92345c:45,3,models/Llama-3.1-8B-Instruct,Creative
9a4b928b027b2a5196d8,20260930T142252_eb92345c:45,4,models/Llama-3.1-8B-Instruct,Creative
659ecde56ef35ba3f30d,20260930T142252_eb92345c:45,5,models/Llama-3.1-8B-Instruct,Creative
708c8367f1682c245c49,20260930T142252_eb92345c:45,6,models/Llama-3.1-8B-Instruct,Creative
305003bf5f055e08ab62,20260930T142252_eb92345c:45,7,models/Llama-3.1-8B-Instruct,Creative
84678dca8891370645e8,20260930T142252_eb92345c:45,8,models/Llama-3.1-8B-Instruct,Creative
e406148d934a4ad10363,20260930T142252_eb92345c:45,9,models/Llama-3.1-8B-Instruct,Creative
99b313d2dac39c317cad,20260930T142252_eb92345c:46,0,models/Llama-3.1-8B-Instruct,Standard_patch_creative
a36c1c7182d3d33a2a12,20260930T142252_eb92345c:46,1,models/Llama-3.1-8B-Instruct,Standard_patch_creative
25526e33480f48ef1d8d,20260930T142252_eb92345c:46,2,models/Llama-3.1-8B-Instruct,Standard_patch_creative
aa6fb10fa2655875f75a,20260930T142252_eb92345c:46,3,models/Llama-3.1-8B-Instruct,Standard_patch_creative
8d36c7ffaed563cb577e,20260930T142252_eb92345c:46,4,models/Llama-3.1-8B-Instruct,Standard_patch_creative
ecbf175035a91ee27205,20260930T142252_eb92345c:46,5,models/Llama-3.1-8B-Instruct,Standard_patch_creative
f141072aa18270c011b4,20260930T142252_eb92345c:46,6,models/Llama-3.1-8B-Instruct,Standard_patch_creative
58da1129131276f56a66,20260930T142252_eb92345c:46,7,models/Llama-3.1-8B-Instruct,Standard_patch_creative
34dc37dffeba8db609af,20260930T142252_eb92345c:46,8,models/Llama-3.1-8B-Instruct,Standard_patch_creative
96c95bc9c004a93ca85d,20260930T142252_eb92345c:46,9,models/Llama-3.1-8B-Instruct,Standard_patch_creative
933f3e07b53df65699bf,20260930T142252_eb92345c:47,0,models/Llama-3.1-8B-Instruct,Standard_suppress
a58b0453687f0a8483b1,20260930T142252_eb92345c:47,1,models/Llama-3.1-8B-Instruct,Standard_suppress
44cdf65cc75901a360ba,20260930T142252_eb92345c:47,2,models/Llama-3.1-8B-Instruct,Standard_suppress
778e895b68d865fb6454,20260930T142252_eb92345c:47,3,models/Llama-3.1-8B-Instruct,Standard_suppress
f38bfef045510340576d,20260930T142252_eb92345c:47,4,models/Llama-3.1-8B-Instruct,Standard_suppress
bbd247664f6e6fec74b2,20260930T142252_eb92345c:47,5,models/Llama-3.1-8B-Instruct,Standard_suppress
8b178ede14b1c826edd9,20260930T142252_eb92345c:47,6,models/Llama-3.1-8B-Instruct,Standard_suppress
34bff9d7fa86333e0a79,20260930T142252_eb92345c:47,7,models/Llama-3.1-8B-Instruct,Standard_suppress
5ff13bf7b80b02ebe16d,20260930T142252_eb92345c:47,8,models/Llama-3.1-8B-Instruct,Standard_suppress
6e48fda0771a66ec9719,20260930T142252_eb92345c:47,9,models/Llama-3.1-8B-Instruct,Standard_suppress
defca1eb2d72edda317e,20260930T142252_eb92345c:48,0,models/Llama-3.1-8B-Instruct,Standard
443124f311e084d6fc04,20260930T142252_eb92345c:48,1,models/Llama-3.1-8B-Instruct,Standard
2667e11296095fd0f7f3,20260930T142252_eb92345c:48,2,models/Llama-3.1-8B-Instruct,Standard
0645bc75f6d7540298c3,20260930T142252_eb92345c:48,3,models/Llama-3.1-8B-Instruct,Standard
6fefe905f2b4674a2c1f,20260930T142252_eb92345c:48,4,models/Llama-3.1-8B-Instruct,Standard
8b623ce5ddb8c9ac39ec,20260930T142252_eb92345c:48,5,models/Llama-3.1-8B-Instruct,Standard
41e58297da0bdb54e905,20260930T142252_eb92345c:48,6,models/Llama-3.1-8B-Instruct,Standard
18387a072eb0d96efddb,20260930T142252_eb92345c:48,7,models/Llama-3.1-8B-Instruct,Standard
ffa9c02bd28a04aa027e,20260930T142252_eb92345c:48,8,models/Llama-3.1-8B-Instruct,Standard
8850d85bfc392c91d8aa,20260930T142252_eb92345c:48,9,models/Llama-3.1-8B-Instruct,Standard
f3de5795ec89f3743397,20260930T142252_eb92345c:49,0,models/Llama-3.1-8B-Instruct,Standard
e9a3a94b6a95cb9b291d,20260930T142252_eb92345c:49,1,models/Llama-3.1-8B-Instruct,Standard
fb9e7a5ec78aaf45aa99,20260930T142252_eb92345c:49,2,models/Llama-3.1-8B-Instruct,Standard
921612ce2c0c3ba85cc0,20260930T142252_eb92345c:49,3,models/Llama-3.1-8B-Instruct,Standard
50950ec35f343c7303e5,20260930T142252_eb92345c:49,4,models/Llama-3.1-8B-Instruct,Standard
92cde18e5194c6d063b5,20260930T142252_eb92345c:49,5,models/Llama-3.1-8B-Instruct,Standard
6f508d4a8944ef107660,20260930T142252_eb92345c:49,6,models/Llama-3.1-8B-Instruct,Standard
b1e6e07ed69db0393396,20260930T142252_eb92345c:49,7,models/Llama-3.1-8B-Instruct,Standard
8e52fb445eb7845bff8e,20260930T142252_eb92345c:49,8,models/Llama-3.1-8B-Instruct,Standard
1de1fa89fa15901bbc88,20260930T142252_eb92345c:49,9,models/Llama-3.1-8B-Instruct,Standard
a246729bc0b893297e38,20260930T142252_eb92345c:50,0,models/Llama-3.1-8B-Instruct,Conventional
be06ae062d77d7e0825e,20260930T142252_eb92345c:50,1,models/Llama-3.1-8B-Instruct,Conventional
57d7a910f10886ebc36e,20260930T142252_eb92345c:50,2,models/Llama-3.1-8B-Instruct,Conventional
27c43ea929a08e0253e4,20260930T142252_eb92345c:50,3,models/Llama-3.1-8B-Instruct,Conventional
361a8e683c6250800045,20260930T142252_eb92345c:50,4,models/Llama-3.1-8B-Instruct,Conventional
e8a58402ab3cad34a686,20260930T142252_eb92345c:50,5,models/Llama-3.1-8B-Instruct,Conventional
b8b7ecd71498726130e4,20260930T142252_eb92345c:50,6,models/Llama-3.1-8B-Instruct,Conventional
e09cb80255f7ddcc4cb2,20260930T142252_eb92345c:50,7,models/Llama-3.1-8B-Instruct,Conventional
97a9d154bad00f91992c,20260930T142252_eb92345c:50,8,models/Llama-3.1-8B-Instruct,Conventional
9ac0fec8bab855130cbc,20260930T142252_eb92345c:50,9,models/Llama-3.1-8B-Instruct,Conventional
a8b1dc3aa9c364c5255b,20260930T142252_eb92345c:51,0,models/Llama-3.1-8B-Instruct,Standard_add_1
42ca0e5ce60794dada89,20260930T142252_eb92345c:51,1,models/Llama-3.1-8B-Instruct,Standard_add_1
fe9c329f87207cfd834e,20260930T142252_eb92345c:51,2,models/Llama-3.1-8B-Instruct,Standard_add_1
acec0c76b5e3d89e82e9,20260930T142252_eb92345c:51,3,models/Llama-3.1-8B-Instruct,Standard_add_1
d4cc306a9cc2b4b6da6a,20260930T142252_eb92345c:51,4,models/Llama-3.1-8B-Instruct,Standard_add_1
b84ff35948ecdd59c710,20260930T142252_eb92345c:51,5,models/Llama-3.1-8B-Instruct,Standard_add_1
31769afdd6e2fd6c8f7c,20260930T142252_eb92345c:51,6,models/Llama-3.1-8B-Instruct,Standard_add_1
54b30a536b9567a7d757,20260930T142252_eb92345c:51,7,models/Llama-3.1-8B-Instruct,Standard_add_1
3b24b89f51069a0c82d6,20260930T142252_eb92345c:51,8,models/Llama-3.1-8B-Instruct,Standard_add_1
15d864c60ede0b9ef097,20260930T142252_eb92345c:51,9,models/Llama-3.1-8B-Instruct,Standard_add_1
73dc7ca2a020da95f6e9,20260930T142252_eb92345c:52,0,models/Llama-3.1-8B-Instruct,Effective
185ecc2fc8b621ee3c1b,20260930T142252_eb92345c:52,1,models/Llama-3.1-8B-Instruct,Effective
e99ea7d5e61c49b7dc7c,20260930T142252_eb92345c:52,2,models/Llama-3.1-8B-Instruct,Effective
1e58f6843025a1e682db,20260930T142252_eb92345c:52,3,models/Llama-3.1-8B-Instruct,Effective
b4048b2d57bf2c5dafd5,20260930T142252_eb92345c:52,4,models/Llama-3.1-8B-Instruct,Effective
00e576be964d45fb38e0,20260930T142252_eb92345c:52,5,models/Llama-3.1-8B-Instruct,Effective
7e99a50b6106a29435c8,20260930T142252_eb92345c:52,6,models/Llama-3.1-8B-Instruct,Effective
8642c14687ddbbc25fe4,20260930T142252_eb92345c:52,7,models/Llama-3.1-8B-Instruct,Effective
03d6752cb670ffec130b,20260930T142252_eb92345c:52,8,models/Llama-3.1-8B-Instruct,Effective
91f3f85a62cc057f0c4f,20260930T142252_eb92345c:52,9,models/Llama-3.1-8B-Instruct,Effective
2f6da2b600976833a2fc,20260930T142252_eb92345c:53,0,models/Llama-3.1-8B-Instruct,Creative_suppress
6dbbda92369e208bb28d,20260930T142252_eb92345c:53,1,models/Llama-3.1-8B-Instruct,Creative_suppress
1d61f0211575c5de8cde,20260930T142252_eb92345c:53,2,models/Llama-3.1-8B-Instruct,Creative_suppress
fd4f11e16e924648483d,20260930T142252_eb92345c:53,3,models/Llama-3.1-8B-Instruct,Creative_suppress
1eb9ca47534dbf80f20a,20260930T142252_eb92345c:53,4,models/Llama-3.1-8B-Instruct,Creative_suppress
6a321cebc696fb2c4026,20260930T142252_eb92345c:53,5,models/Llama-3.1-8B-Instruct,Creative_suppress
d0a6beced4d6a77b4d55,20260930T142252_eb92345c:53,6,models/Llama-3.1-8B-Instruct,Creative_suppress
e46050be4724220a142f,20260930T142252_eb92345c:53,7,models/Llama-3.1-8B-Instruct,Creative_suppress
d083c1c7a84d78a4a903,20260930T142252_eb92345c:53,8,models/Llama-3.1-8B-Instruct,Creative_suppress
0df68f1f7f1d54e4671c,20260930T142252_eb92345c:53,9,models/Llama-3.1-8B-Instruct,Creative_suppress
f5f7c3d7c105b402f44a,20260930T142252_eb92345c:54,0,models/Llama-3.1-8B-Instruct,Creative_random_suppress0
06c0a7d8c879385a24ae,20260930T142252_eb92345c:54,1,models/Llama-3.1-8B-Instruct,Creative_random_suppress0
78ebd0f4a7a5a5405cf0,20260930T142252_eb92345c:54,2,models/Llama-3.1-8B-Instruct,Creative_random_suppress0
8379bc73acd5b148f94f,20260930T142252_eb92345c:54,3,models/Llama-3.1-8B-Instruct,Creative_random_suppress0
29eb49023bb59d0a904f,20260930T142252_eb92345c:54,4,models/Llama-3.1-8B-Instruct,Creative_random_suppress0
3132239dd3825e1bcf62,20260930T142252_eb92345c:54,5,models/Llama-3.1-8B-Instruct,Creative_random_suppress0
ee5de80a2a2376c9e69b,20260930T142252_eb92345c:54,6,models/Llama-3.1-8B-Instruct,Creative_random_suppress0
0ac8fcb71a9f2342eced,20260930T142252_eb92345c:54,7,models/Llama-3.1-8B-Instruct,Creative_random_suppress0
a10cd29c16fd5d8546fc,20260930T142252_eb92345c:54,8,models/Llama-3.1-8B-Instruct,Creative_random_suppress0
4366d0fbbe75e256f59a,20260930T142252_eb92345c:54,9,models/Llama-3.1-8B-Instruct,Creative_random_suppress0
c44d6a79bbbdf60086af,20260930T142252_eb92345c:55,0,models/Llama-3.1-8B-Instruct,Creative_suppress
10af30b8dae97f2d718e,20260930T142252_eb92345c:55,1,models/Llama-3.1-8B-Instruct,Creative_suppress
bc1f008dc4e9bcc418d0,20260930T142252_eb92345c:55,2,models/Llama-3.1-8B-Instruct,Creative_suppress
c7e87ebb86586a5fba59,20260930T142252_eb92345c:55,3,models/Llama-3.1-8B-Instruct,Creative_suppress
ced3b30aebd3a093f8ee,20260930T142252_eb92345c:55,4,models/Llama-3.1-8B-Instruct,Creative_suppress
22b27468bbb98c6cf535,20260930T142252_eb92345c:55,5,models/Llama-3.1-8B-Instruct,Creative_suppress
15e0bf729d7529cc9d80,20260930T142252_eb92345c:55,6,models/Llama-3.1-8B-Instruct,Creative_suppress
5a1cbd3778707455847b,20260930T142252_eb92345c:55,7,models/Llama-3.1-8B-Instruct,Creative_suppress
b6f5169fb9cb2110e97a,20260930T142252_eb92345c:55,8,models/Llama-3.1-8B-Instruct,Creative_suppress
a7f155d6c1b12f704c4a,20260930T142252_eb92345c:55,9,models/Llama-3.1-8B-Instruct,Creative_suppress
4375473de51e6ca88a2f,20260930T142252_eb92345c:56,0,models/Llama-3.1-8B-Instruct,Creative_patch_standard
01acdf1231d2e4926ce7,20260930T142252_eb92345c:56,1,models/Llama-3.1-8B-Instruct,Creative_patch_standard
8d3958b28afb4e26c3f3,20260930T142252_eb92345c:56,2,models/Llama-3.1-8B-Instruct,Creative_patch_standard
5e5d9444b6eef2664799,20260930T142252_eb92345c:56,3,models/Llama-3.1-8B-Instruct,Creative_patch_standard
2f85ee53d753b2c767db,20260930T142252_eb92345c:56,4,models/Llama-3.1-8B-Instruct,Creative_patch_standard
0d4cf3568119a4187f47,20260930T142252_eb92345c:56,5,models/Llama-3.1-8B-Instruct,Creative_patch_standard
9d5832201a2a058562f2,20260930T142252_eb92345c:56,6,models/Llama-3.1-8B-Instruct,Creative_patch_standard
511ea62c4b2834e3a8d1,20260930T142252_eb92345c:56,7,models/Llama-3.1-8B-Instruct,Creative_patch_standard
52d43f237f4325ea65a0,20260930T142252_eb92345c:56,8,models/Llama-3.1-8B-Instruct,Creative_patch_standard
77ce6bc216a000edfbb7,20260930T142252_eb92345c:56,9,models/Llama-3.1-8B-Instruct,Creative_patch_standard
cbc4881d52d706501353,20260930T142252_eb92345c:57,0,models/Llama-3.1-8B-Instruct,Standard_random0_1
90aaa4f0cd8bfb923916,20260930T142252_eb92345c:57,1,models/Llama-3.1-8B-Instruct,Standard_random0_1
246bf558301c1f51867d,20260930T142252_eb92345c:57,2,models/Llama-3.1-8B-Instruct,Standard_random0_1
c94d6a0a0df5bcdd3b5b,20260930T142252_eb92345c:57,3,models/Llama-3.1-8B-Instruct,Standard_random0_1
71765c5e8b563e2ec633,20260930T142252_eb92345c:57,4,models/Llama-3.1-8B-Instruct,Standard_random0_1
a32b8c34046883ca7d91,20260930T142252_eb92345c:57,5,models/Llama-3.1-8B-Instruct,Standard_random0_1
b259cfea39f7a89d5388,20260930T142252_eb92345c:57,6,models/Llama-3.1-8B-Instruct,Standard_random0_1
fc39c8bdcf0f1b9f2194,20260930T142252_eb92345c:57,7,models/Llama-3.1-8B-Instruct,Standard_random0_1
348f8efda53ac719ea7b,20260930T142252_eb92345c:57,8,models/Llama-3.1-8B-Instruct,Standard_random0_1
7783524226f59eb26a98,20260930T142252_eb92345c:57,9,models/Llama-3.1-8B-Instruct,Standard_random0_1
6a858dd3bdef27b4bd60,20260930T142252_eb92345c:58,0,models/Llama-3.1-8B-Instruct,Standard
a589cc2bc96e03c103fa,20260930T142252_eb92345c:58,1,models/Llama-3.1-8B-Instruct,Standard
5f60283cc48f00e9868f,20260930T142252_eb92345c:58,2,models/Llama-3.1-8B-Instruct,Standard
7cadd1dfbebb91ba2870,20260930T142252_eb92345c:58,3,models/Llama-3.1-8B-Instruct,Standard
6540f95c1238891c7d24,20260930T142252_eb92345c:58,4,models/Llama-3.1-8B-Instruct,Standard
c9594948113b80e011e3,20260930T142252_eb92345c:58,5,models/Llama-3.1-8B-Instruct,Standard
06bb74a9ac389821fc3b,20260930T142252_eb92345c:58,6,models/Llama-3.1-8B-Instruct,Standard
ee7ef52b58f4e720ab71,20260930T142252_eb92345c:58,7,models/Llama-3.1-8B-Instruct,Standard
bf06687b5e7b8d94cbd6,20260930T142252_eb92345c:58,8,models/Llama-3.1-8B-Instruct,Standard
43b266218745e9aa8078,20260930T142252_eb92345c:58,9,models/Llama-3.1-8B-Instruct,Standard
03c1f33032e13ff01496,20260930T142252_eb92345c:59,0,models/Llama-3.1-8B-Instruct,Creative_patch_standard
e870a347484a741c7f95,20260930T142252_eb92345c:59,1,models/Llama-3.1-8B-Instruct,Creative_patch_standard
a3f199748073a0990dfa,20260930T142252_eb92345c:59,2,models/Llama-3.1-8B-Instruct,Creative_patch_standard
cf10e45c3c2c36d4d241,20260930T142252_eb92345c:59,3,models/Llama-3.1-8B-Instruct,Creative_patch_standard
6c321a929980043f9fdc,20260930T142252_eb92345c:59,4,models/Llama-3.1-8B-Instruct,Creative_patch_standard
003112bb94fb60d97afd,20260930T142252_eb92345c:59,5,models/Llama-3.1-8B-Instruct,Creative_patch_standard
994f9859f2d941d9d6a6,20260930T142252_eb92345c:59,6,models/Llama-3.1-8B-Instruct,Creative_patch_standard
181b5ee91583c3b9da02,20260930T142252_eb92345c:59,7,models/Llama-3.1-8B-Instruct,Creative_patch_standard
d09d173d07e8cd8de8ca,20260930T142252_eb92345c:59,8,models/Llama-3.1-8B-Instruct,Creative_patch_standard
51718e4c8dd5cc5942bc,20260930T142252_eb92345c:59,9,models/Llama-3.1-8B-Instruct,Creative_patch_standard
823298e1e52f0ee6e8e0,20260930T142252_eb92345c:60,0,models/Llama-3.1-8B-Instruct,Boring
d4ed88edd73b94596f6a,20260930T142252_eb92345c:60,1,models/Llama-3.1-8B-Instruct,Boring
920346f4292694e63bfb,20260930T142252_eb92345c:60,2,models/Llama-3.1-8B-Instruct,Boring
e5aec236dc4f83622f00,20260930T142252_eb92345c:60,3,models/Llama-3.1-8B-Instruct,Boring
5fc115f525b38a24b77a,20260930T142252_eb92345c:60,4,models/Llama-3.1-8B-Instruct,Boring
2b5e304cac7ad974539c,20260930T142252_eb92345c:60,5,models/Llama-3.1-8B-Instruct,Boring
e9bf5c5c794097e76eb8,20260930T142252_eb92345c:60,6,models/Llama-3.1-8B-Instruct,Boring
1837c94b8623557426b6,20260930T142252_eb92345c:60,7,models/Llama-3.1-8B-Instruct,Boring
4db69b4e4f1b79c1df83,20260930T142252_eb92345c:60,8,models/Llama-3.1-8B-Instruct,Boring
695008fd5afb1d394c55,20260930T142252_eb92345c:60,9,models/Llama-3.1-8B-Instruct,Boring
c299a9fb8d4e1d360ca4,20260930T142252_eb92345c:61,0,models/Llama-3.1-8B-Instruct,Standard_patch_creative
0bcff6275c619fe4fdd2,20260930T142252_eb92345c:61,1,models/Llama-3.1-8B-Instruct,Standard_patch_creative
b09d91fe97159f204f6c,20260930T142252_eb92345c:61,2,models/Llama-3.1-8B-Instruct,Standard_patch_creative
953bb57fd368255f2a60,20260930T142252_eb92345c:61,3,models/Llama-3.1-8B-Instruct,Standard_patch_creative
95700614de116cd2d2aa,20260930T142252_eb92345c:61,4,models/Llama-3.1-8B-Instruct,Standard_patch_creative
127e9178377c2cbb946b,20260930T142252_eb92345c:61,5,models/Llama-3.1-8B-Instruct,Standard_patch_creative
beedf70eaa896d5a7d84,20260930T142252_eb92345c:61,6,models/Llama-3.1-8B-Instruct,Standard_patch_creative
c401e36de8db79e9feed,20260930T142252_eb92345c:61,7,models/Llama-3.1-8B-Instruct,Standard_patch_creative
9fb605cce77873fd573d,20260930T142252_eb92345c:61,8,models/Llama-3.1-8B-Instruct,Standard_patch_creative
557b17913384c0d1ab9a,20260930T142252_eb92345c:61,9,models/Llama-3.1-8B-Instruct,Standard_patch_creative
f74efba09388b6e64fb2,20260930T142252_eb92345c:62,0,models/Llama-3.1-8B-Instruct,Standard_high_temperature
7b5ae371c707eaf7f4b7,20260930T142252_eb92345c:62,1,models/Llama-3.1-8B-Instruct,Standard_high_temperature
d4f7464a90dd66c0de00,20260930T142252_eb92345c:62,2,models/Llama-3.1-8B-Instruct,Standard_high_temperature
7a71fd1a9812b8b8e9a2,20260930T142252_eb92345c:62,3,models/Llama-3.1-8B-Instruct,Standard_high_temperature
37ea828aff65235d4fb2,20260930T142252_eb92345c:62,4,models/Llama-3.1-8B-Instruct,Standard_high_temperature
fdeb86fad05171a2976b,20260930T142252_eb92345c:62,5,models/Llama-3.1-8B-Instruct,Standard_high_temperature
af18a945fcd3f7ca81a1,20260930T142252_eb92345c:62,6,models/Llama-3.1-8B-Instruct,Standard_high_temperature
8ab929da93304799a04c,20260930T142252_eb92345c:62,7,models/Llama-3.1-8B-Instruct,Standard_high_temperature
1ac97c5257773ea19710,20260930T142252_eb92345c:62,8,models/Llama-3.1-8B-Instruct,Standard_high_temperature
63aa2d873d78e1d0022d,20260930T142252_eb92345c:62,9,models/Llama-3.1-8B-Instruct,Standard_high_temperature
36fe8723175d635960fe,20260930T142252_eb92345c:63,0,models/Llama-3.1-8B-Instruct,Standard_high_temperature
59eebb81a4271b0c82e7,20260930T142252_eb92345c:63,1,models/Llama-3.1-8B-Instruct,Standard_high_temperature
234ca3c6693df2b05e03,20260930T142252_eb92345c:63,2,models/Llama-3.1-8B-Instruct,Standard_high_temperature
98f0d4edb8a8594572b7,20260930T142252_eb92345c:63,3,models/Llama-3.1-8B-Instruct,Standard_high_temperature
609b30dc283346cce7b8,20260930T142252_eb92345c:63,4,models/Llama-3.1-8B-Instruct,Standard_high_temperature
c089e72e6b5dc0eb87c3,20260930T142252_eb92345c:63,5,models/Llama-3.1-8B-Instruct,Standard_high_temperature
8703c2bd2be7491eea26,20260930T142252_eb92345c:63,6,models/Llama-3.1-8B-Instruct,Standard_high_temperature
baed95f0166ccd780a0b,20260930T142252_eb92345c:63,7,models/Llama-3.1-8B-Instruct,Standard_high_temperature
99f9f5bfa6fc223493de,20260930T142252_eb92345c:63,8,models/Llama-3.1-8B-Instruct,Standard_high_temperature
690858c4dbf6ca4c00b2,20260930T142252_eb92345c:63,9,models/Llama-3.1-8B-Instruct,Standard_high_temperature
bd947fec007e9422ef81,20260930T142252_eb92345c:64,0,models/Llama-3.1-8B-Instruct,Creative_subtract_1
03668bf3586f05f2b55d,20260930T142252_eb92345c:64,1,models/Llama-3.1-8B-Instruct,Creative_subtract_1
9ddeaea76e4aee8f53cd,20260930T142252_eb92345c:64,2,models/Llama-3.1-8B-Instruct,Creative_subtract_1
19226e187228951409c8,20260930T142252_eb92345c:64,3,models/Llama-3.1-8B-Instruct,Creative_subtract_1
b4d10d39bd0f9e18b70c,20260930T142252_eb92345c:64,4,models/Llama-3.1-8B-Instruct,Creative_subtract_1
fad35067229839a75e02,20260930T142252_eb92345c:64,5,models/Llama-3.1-8B-Instruct,Creative_subtract_1
bd355dea44f22b4aebf7,20260930T142252_eb92345c:64,6,models/Llama-3.1-8B-Instruct,Creative_subtract_1
7ccbcea8d69456969c46,20260930T142252_eb92345c:64,7,models/Llama-3.1-8B-Instruct,Creative_subtract_1
f05f004502d703b7a6b7,20260930T142252_eb92345c:64,8,models/Llama-3.1-8B-Instruct,Creative_subtract_1
97c7152a3b6157d46e78,20260930T142252_eb92345c:64,9,models/Llama-3.1-8B-Instruct,Creative_subtract_1
1c44def5af4aa88acd99,20260930T142252_eb92345c:65,0,models/Llama-3.1-8B-Instruct,Standard_suppress
3b3c023567e88a46fd05,20260930T142252_eb92345c:65,1,models/Llama-3.1-8B-Instruct,Standard_suppress
09c7836c055f5f8fbc1d,20260930T142252_eb92345c:65,2,models/Llama-3.1-8B-Instruct,Standard_suppress
bb85d7a4c27a36b9c3ab,20260930T142252_eb92345c:65,3,models/Llama-3.1-8B-Instruct,Standard_suppress
797bd9db15ae6470936b,20260930T142252_eb92345c:65,4,models/Llama-3.1-8B-Instruct,Standard_suppress
2f93c750e1082a61fc47,20260930T142252_eb92345c:65,5,models/Llama-3.1-8B-Instruct,Standard_suppress
6e4155f6a9aca0d5df96,20260930T142252_eb92345c:65,6,models/Llama-3.1-8B-Instruct,Standard_suppress
9d2e4661751c3a12e159,20260930T142252_eb92345c:65,7,models/Llama-3.1-8B-Instruct,Standard_suppress
4529b75d4e5c6a905f18,20260930T142252_eb92345c:65,8,models/Llama-3.1-8B-Instruct,Standard_suppress
4071742206fe673ca8f9,20260930T142252_eb92345c:65,9,models/Llama-3.1-8B-Instruct,Standard_suppress
b4a73f83e67028828c93,20260930T142252_eb92345c:66,0,models/Llama-3.1-8B-Instruct,Conventional
c77f1920bcc675d36578,20260930T142252_eb92345c:66,1,models/Llama-3.1-8B-Instruct,Conventional
dba6618de3d85cf52d6e,20260930T142252_eb92345c:66,2,models/Llama-3.1-8B-Instruct,Conventional
e12561df3fbd7f8432bf,20260930T142252_eb92345c:66,3,models/Llama-3.1-8B-Instruct,Conventional
762c1eb42e98d5d2e725,20260930T142252_eb92345c:66,4,models/Llama-3.1-8B-Instruct,Conventional
80e69e1c2b081b985345,20260930T142252_eb92345c:66,5,models/Llama-3.1-8B-Instruct,Conventional
1499baa94e5949b0faec,20260930T142252_eb92345c:66,6,models/Llama-3.1-8B-Instruct,Conventional
636a808bf1e4a91135b7,20260930T142252_eb92345c:66,7,models/Llama-3.1-8B-Instruct,Conventional
de2afacb2808eb5452af,20260930T142252_eb92345c:66,8,models/Llama-3.1-8B-Instruct,Conventional
58c4de7591167bc7a5f1,20260930T142252_eb92345c:66,9,models/Llama-3.1-8B-Instruct,Conventional
762ac3d319d21de6b1e0,20260930T142252_eb92345c:67,0,models/Llama-3.1-8B-Instruct,Standard_random0_1
d6e92824901a89262788,20260930T142252_eb92345c:67,1,models/Llama-3.1-8B-Instruct,Standard_random0_1
d1b9565ec34267b021fa,20260930T142252_eb92345c:67,2,models/Llama-3.1-8B-Instruct,Standard_random0_1
7846d6ddc63a23ce5bd9,20260930T142252_eb92345c:67,3,models/Llama-3.1-8B-Instruct,Standard_random0_1
1cd0b393c1282555761e,20260930T142252_eb92345c:67,4,models/Llama-3.1-8B-Instruct,Standard_random0_1
061641d1e5668f0bce79,20260930T142252_eb92345c:67,5,models/Llama-3.1-8B-Instruct,Standard_random0_1
20f0b32579c9116c5ba1,20260930T142252_eb92345c:67,6,models/Llama-3.1-8B-Instruct,Standard_random0_1
d2e61bf6d015d7057641,20260930T142252_eb92345c:67,7,models/Llama-3.1-8B-Instruct,Standard_random0_1
e1c1999bcb463d3df954,20260930T142252_eb92345c:67,8,models/Llama-3.1-8B-Instruct,Standard_random0_1
c03d865633f6de15c288,20260930T142252_eb92345c:67,9,models/Llama-3.1-8B-Instruct,Standard_random0_1
7222a51d76ed6f828ddf,20260930T142252_eb92345c:68,0,models/Llama-3.1-8B-Instruct,Boring
1ef0ff486436e4414d23,20260930T142252_eb92345c:68,1,models/Llama-3.1-8B-Instruct,Boring
9b654dbd481bf3daa15f,20260930T142252_eb92345c:68,2,models/Llama-3.1-8B-Instruct,Boring
e2dd3f596394daba6552,20260930T142252_eb92345c:68,3,models/Llama-3.1-8B-Instruct,Boring
c15b1450420e53b26435,20260930T142252_eb92345c:68,4,models/Llama-3.1-8B-Instruct,Boring
b6f85937d74289bbf038,20260930T142252_eb92345c:68,5,models/Llama-3.1-8B-Instruct,Boring
56679463c34dc013bfb9,20260930T142252_eb92345c:68,6,models/Llama-3.1-8B-Instruct,Boring
f84d2e3385c4094c923f,20260930T142252_eb92345c:68,7,models/Llama-3.1-8B-Instruct,Boring
0f9607ca9d8003882290,20260930T142252_eb92345c:68,8,models/Llama-3.1-8B-Instruct,Boring
b6c906d614fae078e7fb,20260930T142252_eb92345c:68,9,models/Llama-3.1-8B-Instruct,Boring
a705a4e7786162e71107,20260930T142252_eb92345c:69,0,models/Llama-3.1-8B-Instruct,Creative_random_suppress1
31a2f0f217e9167f6eaa,20260930T142252_eb92345c:69,1,models/Llama-3.1-8B-Instruct,Creative_random_suppress1
8b82a9b8b039976593c9,20260930T142252_eb92345c:69,2,models/Llama-3.1-8B-Instruct,Creative_random_suppress1
552f8b9dfb6ff97989dc,20260930T142252_eb92345c:69,3,models/Llama-3.1-8B-Instruct,Creative_random_suppress1
e1579c2ebd9a45912cce,20260930T142252_eb92345c:69,4,models/Llama-3.1-8B-Instruct,Creative_random_suppress1
3aed77f68323441c8f55,20260930T142252_eb92345c:69,5,models/Llama-3.1-8B-Instruct,Creative_random_suppress1
cfd31170eb34413e446a,20260930T142252_eb92345c:69,6,models/Llama-3.1-8B-Instruct,Creative_random_suppress1
0a17fba6bb13ed356aca,20260930T142252_eb92345c:69,7,models/Llama-3.1-8B-Instruct,Creative_random_suppress1
e6ba271d38c34580a3c4,20260930T142252_eb92345c:69,8,models/Llama-3.1-8B-Instruct,Creative_random_suppress1
1b9b502631445a45c1a1,20260930T142252_eb92345c:69,9,models/Llama-3.1-8B-Instruct,Creative_random_suppress1
003932f2cffcfac4e39f,20260930T142252_eb92345c:70,0,models/Llama-3.1-8B-Instruct,Boring
c4e409721d6669f39f9b,20260930T142252_eb92345c:70,1,models/Llama-3.1-8B-Instruct,Boring
d641ab80332c9769e096,20260930T142252_eb92345c:70,2,models/Llama-3.1-8B-Instruct,Boring
02bebc0f9529d0c0b37f,20260930T142252_eb92345c:70,3,models/Llama-3.1-8B-Instruct,Boring
69a46b15cc799d35c4b5,20260930T142252_eb92345c:70,4,models/Llama-3.1-8B-Instruct,Boring
e797c449f00e101bcfe9,20260930T142252_eb92345c:70,5,models/Llama-3.1-8B-Instruct,Boring
fb68ed436fb8253b1402,20260930T142252_eb92345c:70,6,models/Llama-3.1-8B-Instruct,Boring
24980c7080572ee891ef,20260930T142252_eb92345c:70,7,models/Llama-3.1-8B-Instruct,Boring
c8238559abdb0ccad9f5,20260930T142252_eb92345c:70,8,models/Llama-3.1-8B-Instruct,Boring
83b69b2e9b446dd75e42,20260930T142252_eb92345c:70,9,models/Llama-3.1-8B-Instruct,Boring
4abf77f95914a9de65bd,20260930T142252_eb92345c:71,0,models/Llama-3.1-8B-Instruct,Creative_suppress
a52f8851dfcfc28401ca,20260930T142252_eb92345c:71,1,models/Llama-3.1-8B-Instruct,Creative_suppress
ca6faae522aaca3620f2,20260930T142252_eb92345c:71,2,models/Llama-3.1-8B-Instruct,Creative_suppress
d660008907168b9b5030,20260930T142252_eb92345c:71,3,models/Llama-3.1-8B-Instruct,Creative_suppress
19d08115994df00de66d,20260930T142252_eb92345c:71,4,models/Llama-3.1-8B-Instruct,Creative_suppress
f65a56b35e6f7eb4a3b6,20260930T142252_eb92345c:71,5,models/Llama-3.1-8B-Instruct,Creative_suppress
6353e0cb18b49730b77d,20260930T142252_eb92345c:71,6,models/Llama-3.1-8B-Instruct,Creative_suppress
94012574371fe3189758,20260930T142252_eb92345c:71,7,models/Llama-3.1-8B-Instruct,Creative_suppress
e411d13b676d220aec19,20260930T142252_eb92345c:71,8,models/Llama-3.1-8B-Instruct,Creative_suppress
9ec00a917c818e033bdc,20260930T142252_eb92345c:71,9,models/Llama-3.1-8B-Instruct,Creative_suppress
83ba13fa7af481b129e5,20260930T142252_eb92345c:72,0,models/Llama-3.1-8B-Instruct,Creative_random_suppress1
906f77603a7cfab578b6,20260930T142252_eb92345c:72,1,models/Llama-3.1-8B-Instruct,Creative_random_suppress1
913d81c88e63c3fd75cd,20260930T142252_eb92345c:72,2,models/Llama-3.1-8B-Instruct,Creative_random_suppress1
b0deab72ffd01cba9ab0,20260930T142252_eb92345c:72,3,models/Llama-3.1-8B-Instruct,Creative_random_suppress1
806cb20ef7d053f97919,20260930T142252_eb92345c:72,4,models/Llama-3.1-8B-Instruct,Creative_random_suppress1
8d4a66434bd8dd06cd0f,20260930T142252_eb92345c:72,5,models/Llama-3.1-8B-Instruct,Creative_random_suppress1
f10fcdb561e6331ecf82,20260930T142252_eb92345c:72,6,models/Llama-3.1-8B-Instruct,Creative_random_suppress1
6642004d1e5b3af6b8cd,20260930T142252_eb92345c:72,7,models/Llama-3.1-8B-Instruct,Creative_random_suppress1
72e6dfa71a56f1c04b25,20260930T142252_eb92345c:72,8,models/Llama-3.1-8B-Instruct,Creative_random_suppress1
29d629af66aba5b7cbfd,20260930T142252_eb92345c:72,9,models/Llama-3.1-8B-Instruct,Creative_random_suppress1
f2d3cc4d52725550e309,20260930T142252_eb92345c:73,0,models/Llama-3.1-8B-Instruct,Boring
5a9b6501114c695a1e3e,20260930T142252_eb92345c:73,1,models/Llama-3.1-8B-Instruct,Boring
f51bb50623dca2f0ea5c,20260930T142252_eb92345c:73,2,models/Llama-3.1-8B-Instruct,Boring
606a1b5fc75267b99f64,20260930T142252_eb92345c:73,3,models/Llama-3.1-8B-Instruct,Boring
6d7d17ba09672a71318a,20260930T142252_eb92345c:73,4,models/Llama-3.1-8B-Instruct,Boring
5b8e9c3f4e093b10c425,20260930T142252_eb92345c:73,5,models/Llama-3.1-8B-Instruct,Boring
5db473957a02a89cb8ce,20260930T142252_eb92345c:73,6,models/Llama-3.1-8B-Instruct,Boring
38ab04b3fc00fb323f6f,20260930T142252_eb92345c:73,7,models/Llama-3.1-8B-Instruct,Boring
2728e7760c2c58f92604,20260930T142252_eb92345c:73,8,models/Llama-3.1-8B-Instruct,Boring
057cb53e5c7e705f1683,20260930T142252_eb92345c:73,9,models/Llama-3.1-8B-Instruct,Boring
ddfe423cd102f0bc6d7e,20260930T142252_eb92345c:74,0,models/Llama-3.1-8B-Instruct,Boring
f7ae6887d53ae4f75d33,20260930T142252_eb92345c:74,1,models/Llama-3.1-8B-Instruct,Boring
dd24db4239d59a180212,20260930T142252_eb92345c:74,2,models/Llama-3.1-8B-Instruct,Boring
865cde01d302dc300d44,20260930T142252_eb92345c:74,3,models/Llama-3.1-8B-Instruct,Boring
63e6d0c0c900bbe06cc8,20260930T142252_eb92345c:74,4,models/Llama-3.1-8B-Instruct,Boring
8a231488eb1b145c701b,20260930T142252_eb92345c:74,5,models/Llama-3.1-8B-Instruct,Boring
914f21380f983c03b76f,20260930T142252_eb92345c:74,6,models/Llama-3.1-8B-Instruct,Boring
fc498f06bcab2b70757d,20260930T142252_eb92345c:74,7,models/Llama-3.1-8B-Instruct,Boring
49e7eb1733bac76900ea,20260930T142252_eb92345c:74,8,models/Llama-3.1-8B-Instruct,Boring
7bfcfaa0ee744f3bfcae,20260930T142252_eb92345c:74,9,models/Llama-3.1-8B-Instruct,Boring
46d6921b3837f82eaed5,20260930T142252_eb92345c:75,0,models/Llama-3.1-8B-Instruct,Standard_add_1
71025691d6ad2f33efd9,20260930T142252_eb92345c:75,1,models/Llama-3.1-8B-Instruct,Standard_add_1
09ba731b725f02000512,20260930T142252_eb92345c:75,2,models/Llama-3.1-8B-Instruct,Standard_add_1
dc21446895febe2fb1a9,20260930T142252_eb92345c:75,3,models/Llama-3.1-8B-Instruct,Standard_add_1
b0e13fe05ea9051a88ff,20260930T142252_eb92345c:75,4,models/Llama-3.1-8B-Instruct,Standard_add_1
b0c47c05d9be77c589d7,20260930T142252_eb92345c:75,5,models/Llama-3.1-8B-Instruct,Standard_add_1
86bfb43a36cbd178beaa,20260930T142252_eb92345c:75,6,models/Llama-3.1-8B-Instruct,Standard_add_1
f512b38e4b51a4d1202d,20260930T142252_eb92345c:75,7,models/Llama-3.1-8B-Instruct,Standard_add_1
06aa645a7f288f9b0deb,20260930T142252_eb92345c:75,8,models/Llama-3.1-8B-Instruct,Standard_add_1
f52e2ce3b1632a792293,20260930T142252_eb92345c:75,9,models/Llama-3.1-8B-Instruct,Standard_add_1
ab4fc2d105fdcee83cb8,20260930T142252_eb92345c:76,0,models/Llama-3.1-8B-Instruct,Creative
c0f91e28801a48f06b3a,20260930T142252_eb92345c:76,1,models/Llama-3.1-8B-Instruct,Creative
0aa80884ecb6387ea5e0,20260930T142252_eb92345c:76,2,models/Llama-3.1-8B-Instruct,Creative
87c68a5a5b31379b0e51,20260930T142252_eb92345c:76,3,models/Llama-3.1-8B-Instruct,Creative
8e5a1d780b5855c4582e,20260930T142252_eb92345c:76,4,models/Llama-3.1-8B-Instruct,Creative
086f3796a6b8c7ef2989,20260930T142252_eb92345c:76,5,models/Llama-3.1-8B-Instruct,Creative
638a2a4a5230d0779b41,20260930T142252_eb92345c:76,6,models/Llama-3.1-8B-Instruct,Creative
352d29bffd5983bff4d8,20260930T142252_eb92345c:76,7,models/Llama-3.1-8B-Instruct,Creative
257b7aaa06d3c6dc5348,20260930T142252_eb92345c:76,8,models/Llama-3.1-8B-Instruct,Creative
931b033c3d8ae16159d5,20260930T142252_eb92345c:76,9,models/Llama-3.1-8B-Instruct,Creative
48dc580e9dc3a9a8e2fe,20260930T142252_eb92345c:77,0,models/Llama-3.1-8B-Instruct,Standard_random1_1
830d4c7e4db0dbc2d784,20260930T142252_eb92345c:77,1,models/Llama-3.1-8B-Instruct,Standard_random1_1
db70a3988e9da3c02f20,20260930T142252_eb92345c:77,2,models/Llama-3.1-8B-Instruct,Standard_random1_1
440afe16bb436785223d,20260930T142252_eb92345c:77,3,models/Llama-3.1-8B-Instruct,Standard_random1_1
c62e4098bea65235acf8,20260930T142252_eb92345c:77,4,models/Llama-3.1-8B-Instruct,Standard_random1_1
9ddeb5969329ec7cb3bc,20260930T142252_eb92345c:77,5,models/Llama-3.1-8B-Instruct,Standard_random1_1
cd8b91feff8bcd960ac7,20260930T142252_eb92345c:77,6,models/Llama-3.1-8B-Instruct,Standard_random1_1
16bf31b4d2efc4c8e64c,20260930T142252_eb92345c:77,7,models/Llama-3.1-8B-Instruct,Standard_random1_1
5641becda67a022987d4,20260930T142252_eb92345c:77,8,models/Llama-3.1-8B-Instruct,Standard_random1_1
b5416603e8d46fe8c820,20260930T142252_eb92345c:77,9,models/Llama-3.1-8B-Instruct,Standard_random1_1
e6ba10666637701c58d5,20260930T142252_eb92345c:78,0,models/Llama-3.1-8B-Instruct,Creative_random_suppress1
94217b32001eb0faa85a,20260930T142252_eb92345c:78,1,models/Llama-3.1-8B-Instruct,Creative_random_suppress1
e5a7f4298830a3685987,20260930T142252_eb92345c:78,2,models/Llama-3.1-8B-Instruct,Creative_random_suppress1
4ab7aa88acb921bc73f3,20260930T142252_eb92345c:78,3,models/Llama-3.1-8B-Instruct,Creative_random_suppress1
cf4ca8f941ce138d3686,20260930T142252_eb92345c:78,4,models/Llama-3.1-8B-Instruct,Creative_random_suppress1
d57d5e9bab172b324187,20260930T142252_eb92345c:78,5,models/Llama-3.1-8B-Instruct,Creative_random_suppress1
702eda0743ad2431bc49,20260930T142252_eb92345c:78,6,models/Llama-3.1-8B-Instruct,Creative_random_suppress1
0bc1ea3d05aadd2b1a00,20260930T142252_eb92345c:78,7,models/Llama-3.1-8B-Instruct,Creative_random_suppress1
84e89821aaf8fe11dce5,20260930T142252_eb92345c:78,8,models/Llama-3.1-8B-Instruct,Creative_random_suppress1
d13c854ae53c4976ee4d,20260930T142252_eb92345c:78,9,models/Llama-3.1-8B-Instruct,Creative_random_suppress1
3efb4f7605c6205bb6de,20260930T142252_eb92345c:79,0,models/Llama-3.1-8B-Instruct,Conventional
81d9e36796a42699b034,20260930T142252_eb92345c:79,1,models/Llama-3.1-8B-Instruct,Conventional
3038b05b9afedb0de5fe,20260930T142252_eb92345c:79,2,models/Llama-3.1-8B-Instruct,Conventional
56f4d9bc9a6fa7d6a7c0,20260930T142252_eb92345c:79,3,models/Llama-3.1-8B-Instruct,Conventional
305c739b320983e3d6c9,20260930T142252_eb92345c:79,4,models/Llama-3.1-8B-Instruct,Conventional
d5a7cedecf344ce2a8f1,20260930T142252_eb92345c:79,5,models/Llama-3.1-8B-Instruct,Conventional
9909658a6c206d94bd6a,20260930T142252_eb92345c:79,6,models/Llama-3.1-8B-Instruct,Conventional
6cb3269c3d9b3b377697,20260930T142252_eb92345c:79,7,models/Llama-3.1-8B-Instruct,Conventional
cd7cfa49fb94b0e878bb,20260930T142252_eb92345c:79,8,models/Llama-3.1-8B-Instruct,Conventional
85d409120b4cb84ccd32,20260930T142252_eb92345c:79,9,models/Llama-3.1-8B-Instruct,Conventional
6030054c536b3c910a6a,20260930T142252_eb92345c:80,0,models/Llama-3.1-8B-Instruct,Standard_add_1
959f23a67d22d1045413,20260930T142252_eb92345c:80,1,models/Llama-3.1-8B-Instruct,Standard_add_1
717a1b0bfba414d6b28d,20260930T142252_eb92345c:80,2,models/Llama-3.1-8B-Instruct,Standard_add_1
9efc7f615a14fb4c4c59,20260930T142252_eb92345c:80,3,models/Llama-3.1-8B-Instruct,Standard_add_1
ddcac8a44ccb5909c546,20260930T142252_eb92345c:80,4,models/Llama-3.1-8B-Instruct,Standard_add_1
d6234a38591eea55a488,20260930T142252_eb92345c:80,5,models/Llama-3.1-8B-Instruct,Standard_add_1
6b052471c0328ae342b2,20260930T142252_eb92345c:80,6,models/Llama-3.1-8B-Instruct,Standard_add_1
24e8f5618d9f594c61ee,20260930T142252_eb92345c:80,7,models/Llama-3.1-8B-Instruct,Standard_add_1
99e01e2e74f63a8a22a4,20260930T142252_eb92345c:80,8,models/Llama-3.1-8B-Instruct,Standard_add_1
a8ca0fd1b408527b8f13,20260930T142252_eb92345c:80,9,models/Llama-3.1-8B-Instruct,Standard_add_1
a323dccd16ae3cc2d86b,20260930T142252_eb92345c:81,0,models/Llama-3.1-8B-Instruct,Creative_suppress
d6ab3c67350799737a27,20260930T142252_eb92345c:81,1,models/Llama-3.1-8B-Instruct,Creative_suppress
7c1af59a73e5d598bbbc,20260930T142252_eb92345c:81,2,models/Llama-3.1-8B-Instruct,Creative_suppress
a6a47fad402f4099a6db,20260930T142252_eb92345c:81,3,models/Llama-3.1-8B-Instruct,Creative_suppress
a044425b1e5bf1d4a0ea,20260930T142252_eb92345c:81,4,models/Llama-3.1-8B-Instruct,Creative_suppress
9858e9ce1e44f74f1dba,20260930T142252_eb92345c:81,5,models/Llama-3.1-8B-Instruct,Creative_suppress
f7ceb8bbb52117168fee,20260930T142252_eb92345c:81,6,models/Llama-3.1-8B-Instruct,Creative_suppress
f1080dcb1f1fae506c8b,20260930T142252_eb92345c:81,7,models/Llama-3.1-8B-Instruct,Creative_suppress
019fd3a7ed88b6d6ce05,20260930T142252_eb92345c:81,8,models/Llama-3.1-8B-Instruct,Creative_suppress
8a769261babfe2ddd9d5,20260930T142252_eb92345c:81,9,models/Llama-3.1-8B-Instruct,Creative_suppress
7fdc43d6d570a6dd38ea,20260930T142252_eb92345c:82,0,models/Llama-3.1-8B-Instruct,Creative_suppress
d72b0414193b2875eb6b,20260930T142252_eb92345c:82,1,models/Llama-3.1-8B-Instruct,Creative_suppress
3d90e6833d54d6dcc66d,20260930T142252_eb92345c:82,2,models/Llama-3.1-8B-Instruct,Creative_suppress
9722b4297775ee6c96db,20260930T142252_eb92345c:82,3,models/Llama-3.1-8B-Instruct,Creative_suppress
f0dac95ebd3903639b60,20260930T142252_eb92345c:82,4,models/Llama-3.1-8B-Instruct,Creative_suppress
31203b3e4ae77bbdfe9e,20260930T142252_eb92345c:82,5,models/Llama-3.1-8B-Instruct,Creative_suppress
9eb9dbe12c058024ecc2,20260930T142252_eb92345c:82,6,models/Llama-3.1-8B-Instruct,Creative_suppress
1cf8a5d2f348a375ad13,20260930T142252_eb92345c:82,7,models/Llama-3.1-8B-Instruct,Creative_suppress
d369d2af7035a130d815,20260930T142252_eb92345c:82,8,models/Llama-3.1-8B-Instruct,Creative_suppress
777e18f83062d33782d3,20260930T142252_eb92345c:82,9,models/Llama-3.1-8B-Instruct,Creative_suppress
f18401d1c8fbf53349d9,20260930T142252_eb92345c:83,0,models/Llama-3.1-8B-Instruct,Effective
9171b3e4f3a168b09594,20260930T142252_eb92345c:83,1,models/Llama-3.1-8B-Instruct,Effective
b2c8160d669271c8d2a8,20260930T142252_eb92345c:83,2,models/Llama-3.1-8B-Instruct,Effective
e03b38f3467c7b9ca101,20260930T142252_eb92345c:83,3,models/Llama-3.1-8B-Instruct,Effective
f200a2c659c8e09595d8,20260930T142252_eb92345c:83,4,models/Llama-3.1-8B-Instruct,Effective
0f37ea246b29d123d16c,20260930T142252_eb92345c:83,5,models/Llama-3.1-8B-Instruct,Effective
9deb331e26fad8c2bcb4,20260930T142252_eb92345c:83,6,models/Llama-3.1-8B-Instruct,Effective
1680232e6ff34886b537,20260930T142252_eb92345c:83,7,models/Llama-3.1-8B-Instruct,Effective
bbfcb62d0623fd0f1461,20260930T142252_eb92345c:83,8,models/Llama-3.1-8B-Instruct,Effective
5b32ca120dc45a74e538,20260930T142252_eb92345c:83,9,models/Llama-3.1-8B-Instruct,Effective
77428d0d788029168c54,20260930T142252_eb92345c:84,0,models/Llama-3.1-8B-Instruct,Effective
eb2e3ed7e7fad0733138,20260930T142252_eb92345c:84,1,models/Llama-3.1-8B-Instruct,Effective
765361f030d6f1bd0c85,20260930T142252_eb92345c:84,2,models/Llama-3.1-8B-Instruct,Effective
3b533b1b04ac53dc6289,20260930T142252_eb92345c:84,3,models/Llama-3.1-8B-Instruct,Effective
641dee14224a3d375acc,20260930T142252_eb92345c:84,4,models/Llama-3.1-8B-Instruct,Effective
3422b30f5ac40cbbba84,20260930T142252_eb92345c:84,5,models/Llama-3.1-8B-Instruct,Effective
18976798f8a22a023eda,20260930T142252_eb92345c:84,6,models/Llama-3.1-8B-Instruct,Effective
cc3d564c127434b1e35a,20260930T142252_eb92345c:84,7,models/Llama-3.1-8B-Instruct,Effective
5384f4a7eade7587a48a,20260930T142252_eb92345c:84,8,models/Llama-3.1-8B-Instruct,Effective
164c43282a320062dc81,20260930T142252_eb92345c:84,9,models/Llama-3.1-8B-Instruct,Effective
97adcbc98515de7b66c9,20260930T142252_eb92345c:85,0,models/Llama-3.1-8B-Instruct,Standard
e34cd28971dd64914afa,20260930T142252_eb92345c:85,1,models/Llama-3.1-8B-Instruct,Standard
0305c3733e6599384a16,20260930T142252_eb92345c:85,2,models/Llama-3.1-8B-Instruct,Standard
be546b9b65efb0106a57,20260930T142252_eb92345c:85,3,models/Llama-3.1-8B-Instruct,Standard
5c3557738a39fa0c1f1c,20260930T142252_eb92345c:85,4,models/Llama-3.1-8B-Instruct,Standard
4263d52c9e491df534ba,20260930T142252_eb92345c:85,5,models/Llama-3.1-8B-Instruct,Standard
fd3c90daed0a03643c79,20260930T142252_eb92345c:85,6,models/Llama-3.1-8B-Instruct,Standard
45af369c37893b87ed98,20260930T142252_eb92345c:85,7,models/Llama-3.1-8B-Instruct,Standard
93e00ab9388bce0edb81,20260930T142252_eb92345c:85,8,models/Llama-3.1-8B-Instruct,Standard
74d93e84e65c26f6c29e,20260930T142252_eb92345c:85,9,models/Llama-3.1-8B-Instruct,Standard
c4df66397b74c7324ca7,20260930T142252_eb92345c:86,0,models/Llama-3.1-8B-Instruct,Standard_patch_creative
c4495fa5db6f5f9e906f,20260930T142252_eb92345c:86,1,models/Llama-3.1-8B-Instruct,Standard_patch_creative
19e8767e79b3c9d0cfc5,20260930T142252_eb92345c:86,2,models/Llama-3.1-8B-Instruct,Standard_patch_creative
4ee9d8457b015c851336,20260930T142252_eb92345c:86,3,models/Llama-3.1-8B-Instruct,Standard_patch_creative
d6d4cf99f82c9fae1402,20260930T142252_eb92345c:86,4,models/Llama-3.1-8B-Instruct,Standard_patch_creative
79be72d768bb0672d750,20260930T142252_eb92345c:86,5,models/Llama-3.1-8B-Instruct,Standard_patch_creative
2b69e598c54c99bcee5d,20260930T142252_eb92345c:86,6,models/Llama-3.1-8B-Instruct,Standard_patch_creative
9a1a7dd3c3e762bab218,20260930T142252_eb92345c:86,7,models/Llama-3.1-8B-Instruct,Standard_patch_creative
3e6f65eb8de0f4411cdc,20260930T142252_eb92345c:86,8,models/Llama-3.1-8B-Instruct,Standard_patch_creative
c5fc315ca26c2420f3aa,20260930T142252_eb92345c:86,9,models/Llama-3.1-8B-Instruct,Standard_patch_creative
f49be33ecf4e76d63fea,20260930T142252_eb92345c:87,0,models/Llama-3.1-8B-Instruct,Creative_random_suppress1
af6ff9f87cb1935062b3,20260930T142252_eb92345c:87,1,models/Llama-3.1-8B-Instruct,Creative_random_suppress1
67abb6b88128314643a3,20260930T142252_eb92345c:87,2,models/Llama-3.1-8B-Instruct,Creative_random_suppress1
139397e683a31465093a,20260930T142252_eb92345c:87,3,models/Llama-3.1-8B-Instruct,Creative_random_suppress1
27f03fcccc9799abede9,20260930T142252_eb92345c:87,4,models/Llama-3.1-8B-Instruct,Creative_random_suppress1
f09ce4c72a5a67f36e1a,20260930T142252_eb92345c:87,5,models/Llama-3.1-8B-Instruct,Creative_random_suppress1
a54a6eed7d8f33ee594c,20260930T142252_eb92345c:87,6,models/Llama-3.1-8B-Instruct,Creative_random_suppress1
5d57dbf0818be9dedc0f,20260930T142252_eb92345c:87,7,models/Llama-3.1-8B-Instruct,Creative_random_suppress1
ca16660431e23374727e,20260930T142252_eb92345c:87,8,models/Llama-3.1-8B-Instruct,Creative_random_suppress1
2eae415b0acbe577b68d,20260930T142252_eb92345c:87,9,models/Llama-3.1-8B-Instruct,Creative_random_suppress1
fab3e9bdc4bf751a5dd1,20260930T142252_eb92345c:88,0,models/Llama-3.1-8B-Instruct,Boring
a5e4886c311da9c666d1,20260930T142252_eb92345c:88,1,models/Llama-3.1-8B-Instruct,Boring
b0c72be92f972e370110,20260930T142252_eb92345c:88,2,models/Llama-3.1-8B-Instruct,Boring
3daf76285e7cf645c59e,20260930T142252_eb92345c:88,3,models/Llama-3.1-8B-Instruct,Boring
7d1d8d4fc892f882c2b4,20260930T142252_eb92345c:88,4,models/Llama-3.1-8B-Instruct,Boring
92916c380e111c80185b,20260930T142252_eb92345c:88,5,models/Llama-3.1-8B-Instruct,Boring
7b560daadd1666eabf17,20260930T142252_eb92345c:88,6,models/Llama-3.1-8B-Instruct,Boring
a46de6333e8ddb0485d0,20260930T142252_eb92345c:88,7,models/Llama-3.1-8B-Instruct,Boring
ae2bd91c5593fa4f5bb6,20260930T142252_eb92345c:88,8,models/Llama-3.1-8B-Instruct,Boring
ea15856e025b54fbea4f,20260930T142252_eb92345c:88,9,models/Llama-3.1-8B-Instruct,Boring
432fd78604a390ed0293,20260930T142252_eb92345c:89,0,models/Llama-3.1-8B-Instruct,Creative_patch_standard
09830ba840ec47aa7feb,20260930T142252_eb92345c:89,1,models/Llama-3.1-8B-Instruct,Creative_patch_standard
54942799c60cdcd394d0,20260930T142252_eb92345c:89,2,models/Llama-3.1-8B-Instruct,Creative_patch_standard
ea17203fb37123f8b05a,20260930T142252_eb92345c:89,3,models/Llama-3.1-8B-Instruct,Creative_patch_standard
022ab875a8a425d7b6a5,20260930T142252_eb92345c:89,4,models/Llama-3.1-8B-Instruct,Creative_patch_standard
65e5414e3d70248c74cd,20260930T142252_eb92345c:89,5,models/Llama-3.1-8B-Instruct,Creative_patch_standard
a8e8ebda9bf38039b561,20260930T142252_eb92345c:89,6,models/Llama-3.1-8B-Instruct,Creative_patch_standard
4111388c1427f59ccc60,20260930T142252_eb92345c:89,7,models/Llama-3.1-8B-Instruct,Creative_patch_standard
487ab5da3940d29961fb,20260930T142252_eb92345c:89,8,models/Llama-3.1-8B-Instruct,Creative_patch_standard
5179f56a4fd1f5eda793,20260930T142252_eb92345c:89,9,models/Llama-3.1-8B-Instruct,Creative_patch_standard
7866bf31a3b635281cf6,20260930T142252_eb92345c:90,0,models/Llama-3.1-8B-Instruct,Creative
2ffd5740e42934e570ee,20260930T142252_eb92345c:90,1,models/Llama-3.1-8B-Instruct,Creative
ca443fdd80fc72e248fd,20260930T142252_eb92345c:90,2,models/Llama-3.1-8B-Instruct,Creative
8f9a1638b365367b93ab,20260930T142252_eb92345c:90,3,models/Llama-3.1-8B-Instruct,Creative
281f495beaaa672811eb,20260930T142252_eb92345c:90,4,models/Llama-3.1-8B-Instruct,Creative
2054e8ca9b594db72428,20260930T142252_eb92345c:90,5,models/Llama-3.1-8B-Instruct,Creative
31051e60aa1b1e8fa93e,20260930T142252_eb92345c:90,6,models/Llama-3.1-8B-Instruct,Creative
932f16b1141c2f20b612,20260930T142252_eb92345c:90,7,models/Llama-3.1-8B-Instruct,Creative
ca17ba252a5ae9288c8a,20260930T142252_eb92345c:90,8,models/Llama-3.1-8B-Instruct,Creative
847294d882e0c05c383a,20260930T142252_eb92345c:90,9,models/Llama-3.1-8B-Instruct,Creative
ebe610bb8f24bcc1ed53,20260930T142252_eb92345c:91,0,models/Llama-3.1-8B-Instruct,Boring
7e075d43136e622e8201,20260930T142252_eb92345c:91,1,models/Llama-3.1-8B-Instruct,Boring
df4bc6f647dbcbe52eb0,20260930T142252_eb92345c:91,2,models/Llama-3.1-8B-Instruct,Boring
83aa0e512ab74fc94da1,20260930T142252_eb92345c:91,3,models/Llama-3.1-8B-Instruct,Boring
29457786e575d8fcb4b3,20260930T142252_eb92345c:91,4,models/Llama-3.1-8B-Instruct,Boring
5493f7d75215a1dd2b69,20260930T142252_eb92345c:91,5,models/Llama-3.1-8B-Instruct,Boring
58fe6c2001ce025f9823,20260930T142252_eb92345c:91,6,models/Llama-3.1-8B-Instruct,Boring
bf3dd6ce9746cf6cad9f,20260930T142252_eb92345c:91,7,models/Llama-3.1-8B-Instruct,Boring
8a9e1d86d16fcc86bce4,20260930T142252_eb92345c:91,8,models/Llama-3.1-8B-Instruct,Boring
20ce198961e0f4e49556,20260930T142252_eb92345c:91,9,models/Llama-3.1-8B-Instruct,Boring
8cc7e306feadcc6981b1,20260930T142252_eb92345c:92,0,models/Llama-3.1-8B-Instruct,Standard_suppress
75c289d1ccf55ac69ac0,20260930T142252_eb92345c:92,1,models/Llama-3.1-8B-Instruct,Standard_suppress
45d103772e8e3df0cbe0,20260930T142252_eb92345c:92,2,models/Llama-3.1-8B-Instruct,Standard_suppress
44b81fb48e74d65ec862,20260930T142252_eb92345c:92,3,models/Llama-3.1-8B-Instruct,Standard_suppress
53f8eb97083c74a2eaf7,20260930T142252_eb92345c:92,4,models/Llama-3.1-8B-Instruct,Standard_suppress
af01ecd8e1957fe71c4f,20260930T142252_eb92345c:92,5,models/Llama-3.1-8B-Instruct,Standard_suppress
9e38e610d41a0e88758e,20260930T142252_eb92345c:92,6,models/Llama-3.1-8B-Instruct,Standard_suppress
9d9d4e98472818914ca9,20260930T142252_eb92345c:92,7,models/Llama-3.1-8B-Instruct,Standard_suppress
57834de74272849450b0,20260930T142252_eb92345c:92,8,models/Llama-3.1-8B-Instruct,Standard_suppress
0f7be11dcb324dfb3407,20260930T142252_eb92345c:92,9,models/Llama-3.1-8B-Instruct,Standard_suppress
efec03eb060e7c46dd76,20260930T142252_eb92345c:93,0,models/Llama-3.1-8B-Instruct,Creative
4b0bb1583705863b8556,20260930T142252_eb92345c:93,1,models/Llama-3.1-8B-Instruct,Creative
964f4250c943fcd9742f,20260930T142252_eb92345c:93,2,models/Llama-3.1-8B-Instruct,Creative
b66128abbc7d38422c84,20260930T142252_eb92345c:93,3,models/Llama-3.1-8B-Instruct,Creative
3e620c4f95bcb0b2d05e,20260930T142252_eb92345c:93,4,models/Llama-3.1-8B-Instruct,Creative
42883fe32a91b2960bfd,20260930T142252_eb92345c:93,5,models/Llama-3.1-8B-Instruct,Creative
a8e58dbdde3a222a4ff3,20260930T142252_eb92345c:93,6,models/Llama-3.1-8B-Instruct,Creative
5a3338ca3eb50359d4c7,20260930T142252_eb92345c:93,7,models/Llama-3.1-8B-Instruct,Creative
e3df7a6589ef4c5a8c87,20260930T142252_eb92345c:93,8,models/Llama-3.1-8B-Instruct,Creative
e47e71a470b8a71a69b1,20260930T142252_eb92345c:93,9,models/Llama-3.1-8B-Instruct,Creative
c8732f57282f48aff6be,20260930T142252_eb92345c:94,0,models/Llama-3.1-8B-Instruct,Creative_patch_standard
bc0a34c602f2d2946d49,20260930T142252_eb92345c:94,1,models/Llama-3.1-8B-Instruct,Creative_patch_standard
5f0d0f70879c24eb48ef,20260930T142252_eb92345c:94,2,models/Llama-3.1-8B-Instruct,Creative_patch_standard
03c1db4ecb49c14e219a,20260930T142252_eb92345c:94,3,models/Llama-3.1-8B-Instruct,Creative_patch_standard
bc4e667bdbbfc7d8728c,20260930T142252_eb92345c:94,4,models/Llama-3.1-8B-Instruct,Creative_patch_standard
2e3dd8e5d773de5606ce,20260930T142252_eb92345c:94,5,models/Llama-3.1-8B-Instruct,Creative_patch_standard
bfccb1b9369cfb691080,20260930T142252_eb92345c:94,6,models/Llama-3.1-8B-Instruct,Creative_patch_standard
e9c9b9fb8730f73b13ea,20260930T142252_eb92345c:94,7,models/Llama-3.1-8B-Instruct,Creative_patch_standard
dac9b3cfc44611d05387,20260930T142252_eb92345c:94,8,models/Llama-3.1-8B-Instruct,Creative_patch_standard
d1fb33eade1a3acb35a5,20260930T142252_eb92345c:94,9,models/Llama-3.1-8B-Instruct,Creative_patch_standard
92021145e82550e6f473,20260930T142252_eb92345c:95,0,models/Llama-3.1-8B-Instruct,Conventional
5f9839b7256e523c7e28,20260930T142252_eb92345c:95,1,models/Llama-3.1-8B-Instruct,Conventional
8f83b5cb1f841ab8e5ed,20260930T142252_eb92345c:95,2,models/Llama-3.1-8B-Instruct,Conventional
42ea8462edbfc883b529,20260930T142252_eb92345c:95,3,models/Llama-3.1-8B-Instruct,Conventional
44da46e5105219a1f43a,20260930T142252_eb92345c:95,4,models/Llama-3.1-8B-Instruct,Conventional
14ef1d2e7d41dddde75b,20260930T142252_eb92345c:95,5,models/Llama-3.1-8B-Instruct,Conventional
7860070f0f2bcb1cac8a,20260930T142252_eb92345c:95,6,models/Llama-3.1-8B-Instruct,Conventional
768421f0c859b5b8c2c5,20260930T142252_eb92345c:95,7,models/Llama-3.1-8B-Instruct,Conventional
f2fd6fca29e7c3cacad7,20260930T142252_eb92345c:95,8,models/Llama-3.1-8B-Instruct,Conventional
d6e639115c1a7f387eec,20260930T142252_eb92345c:95,9,models/Llama-3.1-8B-Instruct,Conventional
963aec4804a23a93761c,20260930T142252_eb92345c:96,0,models/Llama-3.1-8B-Instruct,Standard
668321f9fa6991ef241a,20260930T142252_eb92345c:96,1,models/Llama-3.1-8B-Instruct,Standard
3e1ecda2f3c05fc5d505,20260930T142252_eb92345c:96,2,models/Llama-3.1-8B-Instruct,Standard
db6adae5d695f9f0129a,20260930T142252_eb92345c:96,3,models/Llama-3.1-8B-Instruct,Standard
67e1a70a15afe1cc4b31,20260930T142252_eb92345c:96,4,models/Llama-3.1-8B-Instruct,Standard
82f89bf2fe06bc347aad,20260930T142252_eb92345c:96,5,models/Llama-3.1-8B-Instruct,Standard
1f73cd2928293644022d,20260930T142252_eb92345c:96,6,models/Llama-3.1-8B-Instruct,Standard
c077464649d82d1aac62,20260930T142252_eb92345c:96,7,models/Llama-3.1-8B-Instruct,Standard
bedf685a197a79a48f28,20260930T142252_eb92345c:96,8,models/Llama-3.1-8B-Instruct,Standard
8a5a25ca52d55d976a42,20260930T142252_eb92345c:96,9,models/Llama-3.1-8B-Instruct,Standard
ceb4149eb9d9a5045de3,20260930T142252_eb92345c:97,0,models/Llama-3.1-8B-Instruct,Creative_random_suppress0
69bebe495a3c4cc70c51,20260930T142252_eb92345c:97,1,models/Llama-3.1-8B-Instruct,Creative_random_suppress0
0ea27ec3158e71f2e668,20260930T142252_eb92345c:97,2,models/Llama-3.1-8B-Instruct,Creative_random_suppress0
3badf31548190f006cb7,20260930T142252_eb92345c:97,3,models/Llama-3.1-8B-Instruct,Creative_random_suppress0
d68508e3135bc17c06e2,20260930T142252_eb92345c:97,4,models/Llama-3.1-8B-Instruct,Creative_random_suppress0
6c119f9d04b86290ba40,20260930T142252_eb92345c:97,5,models/Llama-3.1-8B-Instruct,Creative_random_suppress0
a00ed29b3aed36fdb34c,20260930T142252_eb92345c:97,6,models/Llama-3.1-8B-Instruct,Creative_random_suppress0
f090e369851e0dc91a1f,20260930T142252_eb92345c:97,7,models/Llama-3.1-8B-Instruct,Creative_random_suppress0
be6dc71e967d0bd46028,20260930T142252_eb92345c:97,8,models/Llama-3.1-8B-Instruct,Creative_random_suppress0
f83e58e3c9c0a4486834,20260930T142252_eb92345c:97,9,models/Llama-3.1-8B-Instruct,Creative_random_suppress0
1a2471d88339d00e6d43,20260930T142252_eb92345c:98,0,models/Llama-3.1-8B-Instruct,Effective
629f3963a04f8f3d9ae8,20260930T142252_eb92345c:98,1,models/Llama-3.1-8B-Instruct,Effective
94d33df9ee2bdf46c5d4,20260930T142252_eb92345c:98,2,models/Llama-3.1-8B-Instruct,Effective
cc8e6979086f5e7dffcf,20260930T142252_eb92345c:98,3,models/Llama-3.1-8B-Instruct,Effective
13b4badd64f7ce49efe6,20260930T142252_eb92345c:98,4,models/Llama-3.1-8B-Instruct,Effective
7d6b83cfd064e42086ee,20260930T142252_eb92345c:98,5,models/Llama-3.1-8B-Instruct,Effective
21d0859717ef165cdefa,20260930T142252_eb92345c:98,6,models/Llama-3.1-8B-Instruct,Effective
52fd6abc78e7228b51a1,20260930T142252_eb92345c:98,7,models/Llama-3.1-8B-Instruct,Effective
9650f2d52cf4dd2cce18,20260930T142252_eb92345c:98,8,models/Llama-3.1-8B-Instruct,Effective
b7f1eb87990e37356ed5,20260930T142252_eb92345c:98,9,models/Llama-3.1-8B-Instruct,Effective
2518dc5fc323085ba4e4,20260930T142252_eb92345c:99,0,models/Llama-3.1-8B-Instruct,Creative_patch_standard
e5e51ec66596ae76a5c3,20260930T142252_eb92345c:99,1,models/Llama-3.1-8B-Instruct,Creative_patch_standard
54c7bb175a5bb0ab4ad6,20260930T142252_eb92345c:99,2,models/Llama-3.1-8B-Instruct,Creative_patch_standard
26ef81e9ff66a8d0fee9,20260930T142252_eb92345c:99,3,models/Llama-3.1-8B-Instruct,Creative_patch_standard
aba6b5fd38eec7a2c6f1,20260930T142252_eb92345c:99,4,models/Llama-3.1-8B-Instruct,Creative_patch_standard
41301081f8a51173fa93,20260930T142252_eb92345c:99,5,models/Llama-3.1-8B-Instruct,Creative_patch_standard
0d7bbc5e79ba2891b997,20260930T142252_eb92345c:99,6,models/Llama-3.1-8B-Instruct,Creative_patch_standard
36642af65bb30458b34c,20260930T142252_eb92345c:99,7,models/Llama-3.1-8B-Instruct,Creative_patch_standard
0e934b71b9bfb243b1a9,20260930T142252_eb92345c:99,8,models/Llama-3.1-8B-Instruct,Creative_patch_standard
d4e8fa4838d61ee78c70,20260930T142252_eb92345c:99,9,models/Llama-3.1-8B-Instruct,Creative_patch_standard
f8c66396556189689f3b,20260930T142252_eb92345c:100,0,models/Llama-3.1-8B-Instruct,Boring
abc83e18492642587a50,20260930T142252_eb92345c:100,1,models/Llama-3.1-8B-Instruct,Boring
a0c135a6e0415d207ac8,20260930T142252_eb92345c:100,2,models/Llama-3.1-8B-Instruct,Boring
0f562450a36ee1bf174c,20260930T142252_eb92345c:100,3,models/Llama-3.1-8B-Instruct,Boring
8e420df1b584838fbb75,20260930T142252_eb92345c:100,4,models/Llama-3.1-8B-Instruct,Boring
15bb0f87f79d4d85e815,20260930T142252_eb92345c:100,5,models/Llama-3.1-8B-Instruct,Boring
56d207580050d33efa0e,20260930T142252_eb92345c:100,6,models/Llama-3.1-8B-Instruct,Boring
f75f604254a3b4371250,20260930T142252_eb92345c:100,7,models/Llama-3.1-8B-Instruct,Boring
9fb9ce6a85a1b37f8ef1,20260930T142252_eb92345c:100,8,models/Llama-3.1-8B-Instruct,Boring
4e0ea222f26077f16161,20260930T142252_eb92345c:100,9,models/Llama-3.1-8B-Instruct,Boring
f7cec82e70f8cf0317fe,20260930T142252_eb92345c:101,0,models/Llama-3.1-8B-Instruct,Creative_subtract_1
6c5dc92461a806ec9ced,20260930T142252_eb92345c:101,1,models/Llama-3.1-8B-Instruct,Creative_subtract_1
89293525e39606b7a2e1,20260930T142252_eb92345c:101,2,models/Llama-3.1-8B-Instruct,Creative_subtract_1
8344ca34c3cd31c27021,20260930T142252_eb92345c:101,3,models/Llama-3.1-8B-Instruct,Creative_subtract_1
285c9dbff7a41a370b1d,20260930T142252_eb92345c:101,4,models/Llama-3.1-8B-Instruct,Creative_subtract_1
97f45ae1b3d56e1bfc56,20260930T142252_eb92345c:101,5,models/Llama-3.1-8B-Instruct,Creative_subtract_1
2421eb203e9c9300c658,20260930T142252_eb92345c:101,6,models/Llama-3.1-8B-Instruct,Creative_subtract_1
c5a823b33a82a3eedfaf,20260930T142252_eb92345c:101,7,models/Llama-3.1-8B-Instruct,Creative_subtract_1
ff956008cc2b35704e1b,20260930T142252_eb92345c:101,8,models/Llama-3.1-8B-Instruct,Creative_subtract_1
e126a6cfb782b89bcdd2,20260930T142252_eb92345c:101,9,models/Llama-3.1-8B-Instruct,Creative_subtract_1
8101ad5923cca9a1cf50,20260930T142252_eb92345c:102,0,models/Llama-3.1-8B-Instruct,Standard_add_1
3127421ada239cee913f,20260930T142252_eb92345c:102,1,models/Llama-3.1-8B-Instruct,Standard_add_1
697f740368b82ace3250,20260930T142252_eb92345c:102,2,models/Llama-3.1-8B-Instruct,Standard_add_1
30f093aedad0e24eb7b7,20260930T142252_eb92345c:102,3,models/Llama-3.1-8B-Instruct,Standard_add_1
01dff3adf9a67c06188c,20260930T142252_eb92345c:102,4,models/Llama-3.1-8B-Instruct,Standard_add_1
4784cecb423f48ddc448,20260930T142252_eb92345c:102,5,models/Llama-3.1-8B-Instruct,Standard_add_1
8883d748b936ad92f4c9,20260930T142252_eb92345c:102,6,models/Llama-3.1-8B-Instruct,Standard_add_1
0afe3cbfb297926f1637,20260930T142252_eb92345c:102,7,models/Llama-3.1-8B-Instruct,Standard_add_1
60074c1aa22229625d14,20260930T142252_eb92345c:102,8,models/Llama-3.1-8B-Instruct,Standard_add_1
14c39e9b51c1ec61bb1e,20260930T142252_eb92345c:102,9,models/Llama-3.1-8B-Instruct,Standard_add_1
5d6cdacd5151b7cfb454,20260930T142252_eb92345c:103,0,models/Llama-3.1-8B-Instruct,Standard_suppress
6f613f4030c4c3226ffc,20260930T142252_eb92345c:103,1,models/Llama-3.1-8B-Instruct,Standard_suppress
4041aba099da771143d1,20260930T142252_eb92345c:103,2,models/Llama-3.1-8B-Instruct,Standard_suppress
3d31d9410d4146c8a8e5,20260930T142252_eb92345c:103,3,models/Llama-3.1-8B-Instruct,Standard_suppress
a80e132f9ed01c038401,20260930T142252_eb92345c:103,4,models/Llama-3.1-8B-Instruct,Standard_suppress
c4c9a015daf4c564635d,20260930T142252_eb92345c:103,5,models/Llama-3.1-8B-Instruct,Standard_suppress
efade2e2f79b1b4c990f,20260930T142252_eb92345c:103,6,models/Llama-3.1-8B-Instruct,Standard_suppress
bfe2b5bb9466f55d1f5f,20260930T142252_eb92345c:103,7,models/Llama-3.1-8B-Instruct,Standard_suppress
53104fe05d39c0edfc66,20260930T142252_eb92345c:103,8,models/Llama-3.1-8B-Instruct,Standard_suppress
a9cb4de0f5fe75244ead,20260930T142252_eb92345c:103,9,models/Llama-3.1-8B-Instruct,Standard_suppress
24990fe6961d402e2705,20260930T142252_eb92345c:104,0,models/Llama-3.1-8B-Instruct,Standard_random1_1
a99cd423ec8c6117191f,20260930T142252_eb92345c:104,1,models/Llama-3.1-8B-Instruct,Standard_random1_1
54264346c4d62a52e036,20260930T142252_eb92345c:104,2,models/Llama-3.1-8B-Instruct,Standard_random1_1
3610c87be074a95790de,20260930T142252_eb92345c:104,3,models/Llama-3.1-8B-Instruct,Standard_random1_1
459f39641c372d77a670,20260930T142252_eb92345c:104,4,models/Llama-3.1-8B-Instruct,Standard_random1_1
d6a3de42b3ba47ff7cf0,20260930T142252_eb92345c:104,5,models/Llama-3.1-8B-Instruct,Standard_random1_1
c87697f58c7d253caaab,20260930T142252_eb92345c:104,6,models/Llama-3.1-8B-Instruct,Standard_random1_1
8ffdb9a7a275a0dc9dba,20260930T142252_eb92345c:104,7,models/Llama-3.1-8B-Instruct,Standard_random1_1
f481b93e584e987daa5e,20260930T142252_eb92345c:104,8,models/Llama-3.1-8B-Instruct,Standard_random1_1
ad8b179dac9665182a1e,20260930T142252_eb92345c:104,9,models/Llama-3.1-8B-Instruct,Standard_random1_1
2a5c56e238316f474a81,20260930T142252_eb92345c:105,0,models/Llama-3.1-8B-Instruct,Creative_suppress
caef40a913c381ab4ec7,20260930T142252_eb92345c:105,1,models/Llama-3.1-8B-Instruct,Creative_suppress
b181526a9425341d55aa,20260930T142252_eb92345c:105,2,models/Llama-3.1-8B-Instruct,Creative_suppress
af68cf3f0c596e8fb140,20260930T142252_eb92345c:105,3,models/Llama-3.1-8B-Instruct,Creative_suppress
903b6894c1a1ef262a16,20260930T142252_eb92345c:105,4,models/Llama-3.1-8B-Instruct,Creative_suppress
e2971b6da10abf7c73d8,20260930T142252_eb92345c:105,5,models/Llama-3.1-8B-Instruct,Creative_suppress
80af8d9d5610ac063d59,20260930T142252_eb92345c:105,6,models/Llama-3.1-8B-Instruct,Creative_suppress
09ae7dbbd1d2a0f07702,20260930T142252_eb92345c:105,7,models/Llama-3.1-8B-Instruct,Creative_suppress
798c670635e58ac74bb2,20260930T142252_eb92345c:105,8,models/Llama-3.1-8B-Instruct,Creative_suppress
795b0bb027c5577bd92e,20260930T142252_eb92345c:105,9,models/Llama-3.1-8B-Instruct,Creative_suppress
b3f89f8ddaed56aad297,20260930T142252_eb92345c:106,0,models/Llama-3.1-8B-Instruct,Creative_random_suppress0
96ae360fdf708f5c78d3,20260930T142252_eb92345c:106,1,models/Llama-3.1-8B-Instruct,Creative_random_suppress0
38e4f6b57472570a6d24,20260930T142252_eb92345c:106,2,models/Llama-3.1-8B-Instruct,Creative_random_suppress0
ffeddaaa032483be5a8e,20260930T142252_eb92345c:106,3,models/Llama-3.1-8B-Instruct,Creative_random_suppress0
78f36c232886474e72ef,20260930T142252_eb92345c:106,4,models/Llama-3.1-8B-Instruct,Creative_random_suppress0
753db6a77ae8443b961f,20260930T142252_eb92345c:106,5,models/Llama-3.1-8B-Instruct,Creative_random_suppress0
1436ccdf1f9892dadb87,20260930T142252_eb92345c:106,6,models/Llama-3.1-8B-Instruct,Creative_random_suppress0
e87c5f7061c4d867e7e2,20260930T142252_eb92345c:106,7,models/Llama-3.1-8B-Instruct,Creative_random_suppress0
5b703c350989407600a0,20260930T142252_eb92345c:106,8,models/Llama-3.1-8B-Instruct,Creative_random_suppress0
cd32da71b0fbdf89a39c,20260930T142252_eb92345c:106,9,models/Llama-3.1-8B-Instruct,Creative_random_suppress0
d67459dd03a2b4fa54b9,20260930T142252_eb92345c:107,0,models/Llama-3.1-8B-Instruct,Creative_random_suppress1
36715e5f01b180fa986f,20260930T142252_eb92345c:107,1,models/Llama-3.1-8B-Instruct,Creative_random_suppress1
e9b95d053a1d0f5d67e4,20260930T142252_eb92345c:107,2,models/Llama-3.1-8B-Instruct,Creative_random_suppress1
04d005926fe1ce0755e8,20260930T142252_eb92345c:107,3,models/Llama-3.1-8B-Instruct,Creative_random_suppress1
489d373d816ef7e08c7d,20260930T142252_eb92345c:107,4,models/Llama-3.1-8B-Instruct,Creative_random_suppress1
83aa69a4aae566423ba8,20260930T142252_eb92345c:107,5,models/Llama-3.1-8B-Instruct,Creative_random_suppress1
a1b267f34e00cdb7cc84,20260930T142252_eb92345c:107,6,models/Llama-3.1-8B-Instruct,Creative_random_suppress1
d75f80ef292510b6659b,20260930T142252_eb92345c:107,7,models/Llama-3.1-8B-Instruct,Creative_random_suppress1
11e6587a747c54bd6dde,20260930T142252_eb92345c:107,8,models/Llama-3.1-8B-Instruct,Creative_random_suppress1
b0e86a89efb1c1d763a6,20260930T142252_eb92345c:107,9,models/Llama-3.1-8B-Instruct,Creative_random_suppress1
9f4c4d310ca8b812eae7,20260930T142252_eb92345c:108,0,models/Llama-3.1-8B-Instruct,Standard
288636bb776809e5593f,20260930T142252_eb92345c:108,1,models/Llama-3.1-8B-Instruct,Standard
2b8e40c8573a8ed1faf7,20260930T142252_eb92345c:108,2,models/Llama-3.1-8B-Instruct,Standard
151c0d5a8150ee458926,20260930T142252_eb92345c:108,3,models/Llama-3.1-8B-Instruct,Standard
52b0419b45fa92fc41aa,20260930T142252_eb92345c:108,4,models/Llama-3.1-8B-Instruct,Standard
def4a42aea0e8b1cac35,20260930T142252_eb92345c:108,5,models/Llama-3.1-8B-Instruct,Standard
213dc9848dd852a0e34c,20260930T142252_eb92345c:108,6,models/Llama-3.1-8B-Instruct,Standard
ccfd69e8ef0a30d566b1,20260930T142252_eb92345c:108,7,models/Llama-3.1-8B-Instruct,Standard
ee9744b6666204175d1d,20260930T142252_eb92345c:108,8,models/Llama-3.1-8B-Instruct,Standard
9ad299b35b8591eb6d06,20260930T142252_eb92345c:108,9,models/Llama-3.1-8B-Instruct,Standard
3e4ed150d0297bace2ba,20260930T142252_eb92345c:109,0,models/Llama-3.1-8B-Instruct,Standard_suppress
e648f69e0b85656e50ab,20260930T142252_eb92345c:109,1,models/Llama-3.1-8B-Instruct,Standard_suppress
ab9abefd73c10659097c,20260930T142252_eb92345c:109,2,models/Llama-3.1-8B-Instruct,Standard_suppress
73fc893fe52534b52c86,20260930T142252_eb92345c:109,3,models/Llama-3.1-8B-Instruct,Standard_suppress
516f27b79b1c179b7986,20260930T142252_eb92345c:109,4,models/Llama-3.1-8B-Instruct,Standard_suppress
9ba0ec27e2bbc149e8dd,20260930T142252_eb92345c:109,5,models/Llama-3.1-8B-Instruct,Standard_suppress
a9d6a94cf141b259651b,20260930T142252_eb92345c:109,6,models/Llama-3.1-8B-Instruct,Standard_suppress
0517fc5019aa0be37932,20260930T142252_eb92345c:109,7,models/Llama-3.1-8B-Instruct,Standard_suppress
032a9b93ef725b6af07f,20260930T142252_eb92345c:109,8,models/Llama-3.1-8B-Instruct,Standard_suppress
0baabfe514af302bca1c,20260930T142252_eb92345c:109,9,models/Llama-3.1-8B-Instruct,Standard_suppress
15dd6cb1fa4a92a868ea,20260930T142252_eb92345c:110,0,models/Llama-3.1-8B-Instruct,Standard_add_1
d9e3b25938153019c61c,20260930T142252_eb92345c:110,1,models/Llama-3.1-8B-Instruct,Standard_add_1
213b61470efb4fb4a158,20260930T142252_eb92345c:110,2,models/Llama-3.1-8B-Instruct,Standard_add_1
0ef4a99c598fa4425b9c,20260930T142252_eb92345c:110,3,models/Llama-3.1-8B-Instruct,Standard_add_1
a20dc9fd2f2e2e3b9a05,20260930T142252_eb92345c:110,4,models/Llama-3.1-8B-Instruct,Standard_add_1
344e8e8384977a58f8f5,20260930T142252_eb92345c:110,5,models/Llama-3.1-8B-Instruct,Standard_add_1
14ed4267a262cfe2d78e,20260930T142252_eb92345c:110,6,models/Llama-3.1-8B-Instruct,Standard_add_1
eebd4f014b42dce76a2b,20260930T142252_eb92345c:110,7,models/Llama-3.1-8B-Instruct,Standard_add_1
7227c5444bed4d7812f7,20260930T142252_eb92345c:110,8,models/Llama-3.1-8B-Instruct,Standard_add_1
d27d064e1b2bc55b28f3,20260930T142252_eb92345c:110,9,models/Llama-3.1-8B-Instruct,Standard_add_1
fbe38a7c05fb4e5b8ded,20260930T142252_eb92345c:111,0,models/Llama-3.1-8B-Instruct,Creative_patch_standard
02e35d46ed0168232511,20260930T142252_eb92345c:111,1,models/Llama-3.1-8B-Instruct,Creative_patch_standard
84ea86f09087dc12ba52,20260930T142252_eb92345c:111,2,models/Llama-3.1-8B-Instruct,Creative_patch_standard
1db74e60f046f802d106,20260930T142252_eb92345c:111,3,models/Llama-3.1-8B-Instruct,Creative_patch_standard
62435dc3be37e307c98b,20260930T142252_eb92345c:111,4,models/Llama-3.1-8B-Instruct,Creative_patch_standard
62ed27a93b5241125d58,20260930T142252_eb92345c:111,5,models/Llama-3.1-8B-Instruct,Creative_patch_standard
ada73810545363d4337b,20260930T142252_eb92345c:111,6,models/Llama-3.1-8B-Instruct,Creative_patch_standard
c58037ad1b288da9d375,20260930T142252_eb92345c:111,7,models/Llama-3.1-8B-Instruct,Creative_patch_standard
23307809720416f28575,20260930T142252_eb92345c:111,8,models/Llama-3.1-8B-Instruct,Creative_patch_standard
ff03cd2cdd05558f1d3c,20260930T142252_eb92345c:111,9,models/Llama-3.1-8B-Instruct,Creative_patch_standard
525d1e3566786cce7b73,20260930T142252_eb92345c:112,0,models/Llama-3.1-8B-Instruct,Standard_suppress
2bd9906f232e1dc94dc9,20260930T142252_eb92345c:112,1,models/Llama-3.1-8B-Instruct,Standard_suppress
4a593c1616642c0a3e24,20260930T142252_eb92345c:112,2,models/Llama-3.1-8B-Instruct,Standard_suppress
d7d5db565e655f0f0851,20260930T142252_eb92345c:112,3,models/Llama-3.1-8B-Instruct,Standard_suppress
e2e064adbc428951aa45,20260930T142252_eb92345c:112,4,models/Llama-3.1-8B-Instruct,Standard_suppress
bd9b8d7429f671a92229,20260930T142252_eb92345c:112,5,models/Llama-3.1-8B-Instruct,Standard_suppress
2f2e31482df7060fb451,20260930T142252_eb92345c:112,6,models/Llama-3.1-8B-Instruct,Standard_suppress
0f5cd2da62bb83b4d6b0,20260930T142252_eb92345c:112,7,models/Llama-3.1-8B-Instruct,Standard_suppress
ff2a1825ed857b982245,20260930T142252_eb92345c:112,8,models/Llama-3.1-8B-Instruct,Standard_suppress
3b08c4f4db4b6b51b806,20260930T142252_eb92345c:112,9,models/Llama-3.1-8B-Instruct,Standard_suppress
9d045e958c796928dc18,20260930T142252_eb92345c:113,0,models/Llama-3.1-8B-Instruct,Creative_random_suppress0
cbffe59872e400c59a0d,20260930T142252_eb92345c:113,1,models/Llama-3.1-8B-Instruct,Creative_random_suppress0
6f2f6a91aa705edcc593,20260930T142252_eb92345c:113,2,models/Llama-3.1-8B-Instruct,Creative_random_suppress0
1ceb0e05632bc689bfa2,20260930T142252_eb92345c:113,3,models/Llama-3.1-8B-Instruct,Creative_random_suppress0
9d09e49c4efa801b6011,20260930T142252_eb92345c:113,4,models/Llama-3.1-8B-Instruct,Creative_random_suppress0
423a2d1bed337724e111,20260930T142252_eb92345c:113,5,models/Llama-3.1-8B-Instruct,Creative_random_suppress0
b6566c38c5378d8f5188,20260930T142252_eb92345c:113,6,models/Llama-3.1-8B-Instruct,Creative_random_suppress0
1d85cfdb0dc77796df81,20260930T142252_eb92345c:113,7,models/Llama-3.1-8B-Instruct,Creative_random_suppress0
4ab30b5a906142e8ed69,20260930T142252_eb92345c:113,8,models/Llama-3.1-8B-Instruct,Creative_random_suppress0
4c306f6393e11ee9d5c7,20260930T142252_eb92345c:113,9,models/Llama-3.1-8B-Instruct,Creative_random_suppress0
949283cf28a0ce8ec13c,20260930T142252_eb92345c:114,0,models/Llama-3.1-8B-Instruct,Creative_random_suppress1
d393b84ae73ad022e9e4,20260930T142252_eb92345c:114,1,models/Llama-3.1-8B-Instruct,Creative_random_suppress1
4eda41ca944e0b2c72a9,20260930T142252_eb92345c:114,2,models/Llama-3.1-8B-Instruct,Creative_random_suppress1
b4ba02cf735fdeb7bbe2,20260930T142252_eb92345c:114,3,models/Llama-3.1-8B-Instruct,Creative_random_suppress1
c01ae5e7e2a4f5acefe3,20260930T142252_eb92345c:114,4,models/Llama-3.1-8B-Instruct,Creative_random_suppress1
b735052b5edacabc043c,20260930T142252_eb92345c:114,5,models/Llama-3.1-8B-Instruct,Creative_random_suppress1
1f4e1ff968ada7628329,20260930T142252_eb92345c:114,6,models/Llama-3.1-8B-Instruct,Creative_random_suppress1
d59db6ee846f0a2ff193,20260930T142252_eb92345c:114,7,models/Llama-3.1-8B-Instruct,Creative_random_suppress1
8442849bc1ae95e2dd73,20260930T142252_eb92345c:114,8,models/Llama-3.1-8B-Instruct,Creative_random_suppress1
6fb3e7d7303e325f8b86,20260930T142252_eb92345c:114,9,models/Llama-3.1-8B-Instruct,Creative_random_suppress1
2665c4dd1826abe7df13,20260930T142252_eb92345c:115,0,models/Llama-3.1-8B-Instruct,Boring
570b47dbba36a0fe0fa7,20260930T142252_eb92345c:115,1,models/Llama-3.1-8B-Instruct,Boring
92b2abf9e159883895b9,20260930T142252_eb92345c:115,2,models/Llama-3.1-8B-Instruct,Boring
463bb8d6914315dafcef,20260930T142252_eb92345c:115,3,models/Llama-3.1-8B-Instruct,Boring
03c85ad02dcf9ae4ff88,20260930T142252_eb92345c:115,4,models/Llama-3.1-8B-Instruct,Boring
a25b58ee0176eb9813e3,20260930T142252_eb92345c:115,5,models/Llama-3.1-8B-Instruct,Boring
909eabc8628eb723bb3e,20260930T142252_eb92345c:115,6,models/Llama-3.1-8B-Instruct,Boring
82b2637cad5819e89e42,20260930T142252_eb92345c:115,7,models/Llama-3.1-8B-Instruct,Boring
5482d641b73a94548c2e,20260930T142252_eb92345c:115,8,models/Llama-3.1-8B-Instruct,Boring
5a4b686b08441873421a,20260930T142252_eb92345c:115,9,models/Llama-3.1-8B-Instruct,Boring
acd4072d6b7d0790bd29,20260930T142252_eb92345c:116,0,models/Llama-3.1-8B-Instruct,Standard_suppress
2c6e8fcbcd62d6084545,20260930T142252_eb92345c:116,1,models/Llama-3.1-8B-Instruct,Standard_suppress
1a6e94ebd62b9a6b54d4,20260930T142252_eb92345c:116,2,models/Llama-3.1-8B-Instruct,Standard_suppress
0b1b387b8f357a5632bb,20260930T142252_eb92345c:116,3,models/Llama-3.1-8B-Instruct,Standard_suppress
2681676266448b49db3b,20260930T142252_eb92345c:116,4,models/Llama-3.1-8B-Instruct,Standard_suppress
b57cc065f3ae7588815d,20260930T142252_eb92345c:116,5,models/Llama-3.1-8B-Instruct,Standard_suppress
5e43a53208b65bc29267,20260930T142252_eb92345c:116,6,models/Llama-3.1-8B-Instruct,Standard_suppress
65e5c324d666d11d8b87,20260930T142252_eb92345c:116,7,models/Llama-3.1-8B-Instruct,Standard_suppress
6c7d4fb730c8b32e2383,20260930T142252_eb92345c:116,8,models/Llama-3.1-8B-Instruct,Standard_suppress
df181ae1c1d58acfb9ea,20260930T142252_eb92345c:116,9,models/Llama-3.1-8B-Instruct,Standard_suppress
16b91e127390ec514889,20260930T142252_eb92345c:117,0,models/Llama-3.1-8B-Instruct,Creative_patch_standard
e91a70f5e0511376dfe7,20260930T142252_eb92345c:117,1,models/Llama-3.1-8B-Instruct,Creative_patch_standard
40e8f5cb762bde1a548a,20260930T142252_eb92345c:117,2,models/Llama-3.1-8B-Instruct,Creative_patch_standard
2797d576b02a4af426a9,20260930T142252_eb92345c:117,3,models/Llama-3.1-8B-Instruct,Creative_patch_standard
71d37766de9241754436,20260930T142252_eb92345c:117,4,models/Llama-3.1-8B-Instruct,Creative_patch_standard
db21b585157a45ad7bd2,20260930T142252_eb92345c:117,5,models/Llama-3.1-8B-Instruct,Creative_patch_standard
a1fd2fd605da2186f9fc,20260930T142252_eb92345c:117,6,models/Llama-3.1-8B-Instruct,Creative_patch_standard
c58ae719674e56622a18,20260930T142252_eb92345c:117,7,models/Llama-3.1-8B-Instruct,Creative_patch_standard
e566bfae25c484ab1f67,20260930T142252_eb92345c:117,8,models/Llama-3.1-8B-Instruct,Creative_patch_standard
4bb508a4f88146109a38,20260930T142252_eb92345c:117,9,models/Llama-3.1-8B-Instruct,Creative_patch_standard
bd52965137464d91b3f2,20260930T142252_eb92345c:118,0,models/Llama-3.1-8B-Instruct,Standard_add_1
ff5955e78599f19f75ed,20260930T142252_eb92345c:118,1,models/Llama-3.1-8B-Instruct,Standard_add_1
21d9665ce0bdd179936e,20260930T142252_eb92345c:118,2,models/Llama-3.1-8B-Instruct,Standard_add_1
239590bf517664e581b1,20260930T142252_eb92345c:118,3,models/Llama-3.1-8B-Instruct,Standard_add_1
5f8de112f5a6be7d33ae,20260930T142252_eb92345c:118,4,models/Llama-3.1-8B-Instruct,Standard_add_1
2910b0d626501a8364ed,20260930T142252_eb92345c:118,5,models/Llama-3.1-8B-Instruct,Standard_add_1
d8dc7bf7328186b7dde9,20260930T142252_eb92345c:118,6,models/Llama-3.1-8B-Instruct,Standard_add_1
370b3e0e405d2a1adba4,20260930T142252_eb92345c:118,7,models/Llama-3.1-8B-Instruct,Standard_add_1
96f697148f8a977657fc,20260930T142252_eb92345c:118,8,models/Llama-3.1-8B-Instruct,Standard_add_1
c04bfb18f1414f2aad8f,20260930T142252_eb92345c:118,9,models/Llama-3.1-8B-Instruct,Standard_add_1
37b1e39e902cd5f7d168,20260930T142252_eb92345c:119,0,models/Llama-3.1-8B-Instruct,Standard_random0_1
8e70688520a70b6ad851,20260930T142252_eb92345c:119,1,models/Llama-3.1-8B-Instruct,Standard_random0_1
f4e7182f40607cd79a1a,20260930T142252_eb92345c:119,2,models/Llama-3.1-8B-Instruct,Standard_random0_1
93e5a548556f9b62b916,20260930T142252_eb92345c:119,3,models/Llama-3.1-8B-Instruct,Standard_random0_1
b97b56be31c9449d20be,20260930T142252_eb92345c:119,4,models/Llama-3.1-8B-Instruct,Standard_random0_1
8d46ec10eb870b0b769e,20260930T142252_eb92345c:119,5,models/Llama-3.1-8B-Instruct,Standard_random0_1
57e2e8f79f8968014167,20260930T142252_eb92345c:119,6,models/Llama-3.1-8B-Instruct,Standard_random0_1
3b6f3344e14d1f4339ed,20260930T142252_eb92345c:119,7,models/Llama-3.1-8B-Instruct,Standard_random0_1
9953c2bf8dd07d44dd02,20260930T142252_eb92345c:119,8,models/Llama-3.1-8B-Instruct,Standard_random0_1
221ebb1a68c2ae26693b,20260930T142252_eb92345c:119,9,models/Llama-3.1-8B-Instruct,Standard_random0_1
52d05790777fd470c371,20260930T142252_eb92345c:120,0,models/Llama-3.1-8B-Instruct,Creative
b16a5d3df5ebb74e8024,20260930T142252_eb92345c:120,1,models/Llama-3.1-8B-Instruct,Creative
910a410224692c03046a,20260930T142252_eb92345c:120,2,models/Llama-3.1-8B-Instruct,Creative
6c5d49863b5e6be77d3e,20260930T142252_eb92345c:120,3,models/Llama-3.1-8B-Instruct,Creative
e15a9dd52eb96134f0b7,20260930T142252_eb92345c:120,4,models/Llama-3.1-8B-Instruct,Creative
ddf79677fba9abf65556,20260930T142252_eb92345c:120,5,models/Llama-3.1-8B-Instruct,Creative
4b4135e9fc49ffdc2955,20260930T142252_eb92345c:120,6,models/Llama-3.1-8B-Instruct,Creative
641fcccc30ca862a03a2,20260930T142252_eb92345c:120,7,models/Llama-3.1-8B-Instruct,Creative
ea029b60d980c002ae89,20260930T142252_eb92345c:120,8,models/Llama-3.1-8B-Instruct,Creative
d108cb3a46e7dc87d5ba,20260930T142252_eb92345c:120,9,models/Llama-3.1-8B-Instruct,Creative
3c49e7348d5ddd1c1589,20260930T142252_eb92345c:121,0,models/Llama-3.1-8B-Instruct,Creative_patch_standard
b8e1a18e1bcfa6f4b529,20260930T142252_eb92345c:121,1,models/Llama-3.1-8B-Instruct,Creative_patch_standard
ab9df0c58966745d84eb,20260930T142252_eb92345c:121,2,models/Llama-3.1-8B-Instruct,Creative_patch_standard
d233deab01ead4558cfa,20260930T142252_eb92345c:121,3,models/Llama-3.1-8B-Instruct,Creative_patch_standard
ba9131b478270398a223,20260930T142252_eb92345c:121,4,models/Llama-3.1-8B-Instruct,Creative_patch_standard
e376280c1e5e5be6ba74,20260930T142252_eb92345c:121,5,models/Llama-3.1-8B-Instruct,Creative_patch_standard
9f211b9d6ab354ebee52,20260930T142252_eb92345c:121,6,models/Llama-3.1-8B-Instruct,Creative_patch_standard
badf1ed5df556deacbc3,20260930T142252_eb92345c:121,7,models/Llama-3.1-8B-Instruct,Creative_patch_standard
fbe82b5e3ea6d26cb14d,20260930T142252_eb92345c:121,8,models/Llama-3.1-8B-Instruct,Creative_patch_standard
d7d05ece7cdf719101db,20260930T142252_eb92345c:121,9,models/Llama-3.1-8B-Instruct,Creative_patch_standard
dbfbf41d79421cde851f,20260930T142252_eb92345c:122,0,models/Llama-3.1-8B-Instruct,Standard_patch_creative
fc849a2dca74bf8334ce,20260930T142252_eb92345c:122,1,models/Llama-3.1-8B-Instruct,Standard_patch_creative
e5d7b6496eadadc37ce5,20260930T142252_eb92345c:122,2,models/Llama-3.1-8B-Instruct,Standard_patch_creative
750375b4423b848bdd8e,20260930T142252_eb92345c:122,3,models/Llama-3.1-8B-Instruct,Standard_patch_creative
ae95de64fbb07932a625,20260930T142252_eb92345c:122,4,models/Llama-3.1-8B-Instruct,Standard_patch_creative
d9ed7ce2046fcef33b24,20260930T142252_eb92345c:122,5,models/Llama-3.1-8B-Instruct,Standard_patch_creative
401849d33ac40af91120,20260930T142252_eb92345c:122,6,models/Llama-3.1-8B-Instruct,Standard_patch_creative
8cecb9cac190d72d8260,20260930T142252_eb92345c:122,7,models/Llama-3.1-8B-Instruct,Standard_patch_creative
68bad128f321fcfb2546,20260930T142252_eb92345c:122,8,models/Llama-3.1-8B-Instruct,Standard_patch_creative
7d4e29b0d33a1d20f87b,20260930T142252_eb92345c:122,9,models/Llama-3.1-8B-Instruct,Standard_patch_creative
dee0696c49952f0d6dc7,20260930T142252_eb92345c:123,0,models/Llama-3.1-8B-Instruct,Creative_subtract_1
68062f6352b3d0d0fb89,20260930T142252_eb92345c:123,1,models/Llama-3.1-8B-Instruct,Creative_subtract_1
e57c2fc560c067927cb6,20260930T142252_eb92345c:123,2,models/Llama-3.1-8B-Instruct,Creative_subtract_1
4c479c5d996d646384ed,20260930T142252_eb92345c:123,3,models/Llama-3.1-8B-Instruct,Creative_subtract_1
3f256bedeab620833aed,20260930T142252_eb92345c:123,4,models/Llama-3.1-8B-Instruct,Creative_subtract_1
b1cddc0d77703023cc69,20260930T142252_eb92345c:123,5,models/Llama-3.1-8B-Instruct,Creative_subtract_1
85bdb4b496ddc80c087c,20260930T142252_eb92345c:123,6,models/Llama-3.1-8B-Instruct,Creative_subtract_1
56845082ecf17c2da512,20260930T142252_eb92345c:123,7,models/Llama-3.1-8B-Instruct,Creative_subtract_1
710aa7554ec18905c04b,20260930T142252_eb92345c:123,8,models/Llama-3.1-8B-Instruct,Creative_subtract_1
184eea401568bad5cf59,20260930T142252_eb92345c:123,9,models/Llama-3.1-8B-Instruct,Creative_subtract_1
dd0f7e436d9664855867,20260930T142252_eb92345c:124,0,models/Llama-3.1-8B-Instruct,Creative_patch_standard
c33fae972b748fc7d8fc,20260930T142252_eb92345c:124,1,models/Llama-3.1-8B-Instruct,Creative_patch_standard
e1881bd68ae23e895d74,20260930T142252_eb92345c:124,2,models/Llama-3.1-8B-Instruct,Creative_patch_standard
743481a44ac06d6bcc5e,20260930T142252_eb92345c:124,3,models/Llama-3.1-8B-Instruct,Creative_patch_standard
45b033dec6e4843b557f,20260930T142252_eb92345c:124,4,models/Llama-3.1-8B-Instruct,Creative_patch_standard
4f1e2fe5208c88ff0c86,20260930T142252_eb92345c:124,5,models/Llama-3.1-8B-Instruct,Creative_patch_standard
622a44cc2bebc0e363dd,20260930T142252_eb92345c:124,6,models/Llama-3.1-8B-Instruct,Creative_patch_standard
e72618a9c14721ed8e2b,20260930T142252_eb92345c:124,7,models/Llama-3.1-8B-Instruct,Creative_patch_standard
29825fae6674c79d8c2c,20260930T142252_eb92345c:124,8,models/Llama-3.1-8B-Instruct,Creative_patch_standard
37733b278ef45cde126f,20260930T142252_eb92345c:124,9,models/Llama-3.1-8B-Instruct,Creative_patch_standard
2efde4e3996573fdf368,20260930T142252_eb92345c:125,0,models/Llama-3.1-8B-Instruct,Standard_patch_creative
0873be99ea8336afc311,20260930T142252_eb92345c:125,1,models/Llama-3.1-8B-Instruct,Standard_patch_creative
8ed991677eee2aedaab9,20260930T142252_eb92345c:125,2,models/Llama-3.1-8B-Instruct,Standard_patch_creative
48726b75be47296eff92,20260930T142252_eb92345c:125,3,models/Llama-3.1-8B-Instruct,Standard_patch_creative
9178f507b3b858140188,20260930T142252_eb92345c:125,4,models/Llama-3.1-8B-Instruct,Standard_patch_creative
a87b9ad1bcb04ad4b20b,20260930T142252_eb92345c:125,5,models/Llama-3.1-8B-Instruct,Standard_patch_creative
df5828ea04a6d36ac8c5,20260930T142252_eb92345c:125,6,models/Llama-3.1-8B-Instruct,Standard_patch_creative
f14a994d062b16ffe987,20260930T142252_eb92345c:125,7,models/Llama-3.1-8B-Instruct,Standard_patch_creative
2d698f3a21c57212bdc9,20260930T142252_eb92345c:125,8,models/Llama-3.1-8B-Instruct,Standard_patch_creative
f5433ace0d8bb63eb226,20260930T142252_eb92345c:125,9,models/Llama-3.1-8B-Instruct,Standard_patch_creative
ccfd264d73f00d7d2c0c,20260930T142252_eb92345c:126,0,models/Llama-3.1-8B-Instruct,Standard
713fc7c551308fd49e06,20260930T142252_eb92345c:126,1,models/Llama-3.1-8B-Instruct,Standard
9b0d2266bea9ad4b64f9,20260930T142252_eb92345c:126,2,models/Llama-3.1-8B-Instruct,Standard
a1425af2cee5243d8eab,20260930T142252_eb92345c:126,3,models/Llama-3.1-8B-Instruct,Standard
e490d75eb5c57b3afdd4,20260930T142252_eb92345c:126,4,models/Llama-3.1-8B-Instruct,Standard
49ce25aeb28b516b9d3f,20260930T142252_eb92345c:126,5,models/Llama-3.1-8B-Instruct,Standard
317a2d07af2de5ba078e,20260930T142252_eb92345c:126,6,models/Llama-3.1-8B-Instruct,Standard
94d74dabdff3ad240666,20260930T142252_eb92345c:126,7,models/Llama-3.1-8B-Instruct,Standard
844f3fdfe181cc1e1fbb,20260930T142252_eb92345c:126,8,models/Llama-3.1-8B-Instruct,Standard
c272c060a6115666e3d8,20260930T142252_eb92345c:126,9,models/Llama-3.1-8B-Instruct,Standard
58f12e3faf200e0c9920,20260930T142252_eb92345c:127,0,models/Llama-3.1-8B-Instruct,Conventional
70c266237e295193cea6,20260930T142252_eb92345c:127,1,models/Llama-3.1-8B-Instruct,Conventional
ca19400b46ed5f83321a,20260930T142252_eb92345c:127,2,models/Llama-3.1-8B-Instruct,Conventional
79547dc30de6dfa5104a,20260930T142252_eb92345c:127,3,models/Llama-3.1-8B-Instruct,Conventional
f30dda65723e8796812b,20260930T142252_eb92345c:127,4,models/Llama-3.1-8B-Instruct,Conventional
3e6389947740d493b339,20260930T142252_eb92345c:127,5,models/Llama-3.1-8B-Instruct,Conventional
d66b82bd0db2ec4e33e3,20260930T142252_eb92345c:127,6,models/Llama-3.1-8B-Instruct,Conventional
3c6f77a8d683a25bf29b,20260930T142252_eb92345c:127,7,models/Llama-3.1-8B-Instruct,Conventional
abc90933d2ae4f074da2,20260930T142252_eb92345c:127,8,models/Llama-3.1-8B-Instruct,Conventional
79d9f4f6d8515178555e,20260930T142252_eb92345c:127,9,models/Llama-3.1-8B-Instruct,Conventional
ae1ab7b6b82b60c556d4,20260930T142252_eb92345c:128,0,models/Llama-3.1-8B-Instruct,Creative_suppress
7a674c8f78bf75bf0a66,20260930T142252_eb92345c:128,1,models/Llama-3.1-8B-Instruct,Creative_suppress
e81a948d27e0fa557887,20260930T142252_eb92345c:128,2,models/Llama-3.1-8B-Instruct,Creative_suppress
43bca3a891dc86732375,20260930T142252_eb92345c:128,3,models/Llama-3.1-8B-Instruct,Creative_suppress
e3318db1278659a59308,20260930T142252_eb92345c:128,4,models/Llama-3.1-8B-Instruct,Creative_suppress
fa5be99a249132fc8947,20260930T142252_eb92345c:128,5,models/Llama-3.1-8B-Instruct,Creative_suppress
62885e92cf3bc8b2833d,20260930T142252_eb92345c:128,6,models/Llama-3.1-8B-Instruct,Creative_suppress
31c77d538d01d9bf6eb7,20260930T142252_eb92345c:128,7,models/Llama-3.1-8B-Instruct,Creative_suppress
3fb8006cf80394177861,20260930T142252_eb92345c:128,8,models/Llama-3.1-8B-Instruct,Creative_suppress
32d5fad15748b22eb7ec,20260930T142252_eb92345c:128,9,models/Llama-3.1-8B-Instruct,Creative_suppress
9c3ee95f7d719eef1044,20260930T142252_eb92345c:129,0,models/Llama-3.1-8B-Instruct,Creative_subtract_1
0aa014a53429084aa049,20260930T142252_eb92345c:129,1,models/Llama-3.1-8B-Instruct,Creative_subtract_1
8ac1647e9d8fb6c7ef1c,20260930T142252_eb92345c:129,2,models/Llama-3.1-8B-Instruct,Creative_subtract_1
0fe0a1a99c7d63eae606,20260930T142252_eb92345c:129,3,models/Llama-3.1-8B-Instruct,Creative_subtract_1
3366cf9df6f6b6021058,20260930T142252_eb92345c:129,4,models/Llama-3.1-8B-Instruct,Creative_subtract_1
72e44414bfad30d7df26,20260930T142252_eb92345c:129,5,models/Llama-3.1-8B-Instruct,Creative_subtract_1
fc9779c459a1e0b925b1,20260930T142252_eb92345c:129,6,models/Llama-3.1-8B-Instruct,Creative_subtract_1
9064cb161ab73d8c836f,20260930T142252_eb92345c:129,7,models/Llama-3.1-8B-Instruct,Creative_subtract_1
d32c0edab33735d98f16,20260930T142252_eb92345c:129,8,models/Llama-3.1-8B-Instruct,Creative_subtract_1
7e6b57d8d8fc87bd8d75,20260930T142252_eb92345c:129,9,models/Llama-3.1-8B-Instruct,Creative_subtract_1
9e922674a1b3f4bb07f8,20260930T142252_eb92345c:130,0,models/Llama-3.1-8B-Instruct,Effective
b3b88a9cb3a360a49fed,20260930T142252_eb92345c:130,1,models/Llama-3.1-8B-Instruct,Effective
9aaee8bdd756838ae0de,20260930T142252_eb92345c:130,2,models/Llama-3.1-8B-Instruct,Effective
697a1e07dbb3ab88a384,20260930T142252_eb92345c:130,3,models/Llama-3.1-8B-Instruct,Effective
e7cc47e3fcee2734b9a7,20260930T142252_eb92345c:130,4,models/Llama-3.1-8B-Instruct,Effective
a372da157e84bbad78f3,20260930T142252_eb92345c:130,5,models/Llama-3.1-8B-Instruct,Effective
bfabff4a72e1c68f35c3,20260930T142252_eb92345c:130,6,models/Llama-3.1-8B-Instruct,Effective
f6863d25b631099f493d,20260930T142252_eb92345c:130,7,models/Llama-3.1-8B-Instruct,Effective
9219b3333700f7c697c0,20260930T142252_eb92345c:130,8,models/Llama-3.1-8B-Instruct,Effective
29008703483bd883858a,20260930T142252_eb92345c:130,9,models/Llama-3.1-8B-Instruct,Effective
8c99a839896c8b11eecc,20260930T142252_eb92345c:131,0,models/Llama-3.1-8B-Instruct,Standard_random0_1
c23fc24673e94448a26a,20260930T142252_eb92345c:131,1,models/Llama-3.1-8B-Instruct,Standard_random0_1
4c177470fc13d047f9cd,20260930T142252_eb92345c:131,2,models/Llama-3.1-8B-Instruct,Standard_random0_1
5e9630e4d037cfe0daba,20260930T142252_eb92345c:131,3,models/Llama-3.1-8B-Instruct,Standard_random0_1
49b325330e8c8564a646,20260930T142252_eb92345c:131,4,models/Llama-3.1-8B-Instruct,Standard_random0_1
ea33653b5b2cd20a8873,20260930T142252_eb92345c:131,5,models/Llama-3.1-8B-Instruct,Standard_random0_1
c6ef7637b543fa27483e,20260930T142252_eb92345c:131,6,models/Llama-3.1-8B-Instruct,Standard_random0_1
03f01f51a0ecdd553329,20260930T142252_eb92345c:131,7,models/Llama-3.1-8B-Instruct,Standard_random0_1
1a920bee1126d46f30b0,20260930T142252_eb92345c:131,8,models/Llama-3.1-8B-Instruct,Standard_random0_1
6476d3fa39534de89f04,20260930T142252_eb92345c:131,9,models/Llama-3.1-8B-Instruct,Standard_random0_1
571c51998f4f2fc66134,20260930T142252_eb92345c:132,0,models/Llama-3.1-8B-Instruct,Creative_suppress
9a4125b1c0d14648dc00,20260930T142252_eb92345c:132,1,models/Llama-3.1-8B-Instruct,Creative_suppress
94c436e1f5e81776be44,20260930T142252_eb92345c:132,2,models/Llama-3.1-8B-Instruct,Creative_suppress
45764295ae3f3899b49e,20260930T142252_eb92345c:132,3,models/Llama-3.1-8B-Instruct,Creative_suppress
855d9e4c5c5447c6d25e,20260930T142252_eb92345c:132,4,models/Llama-3.1-8B-Instruct,Creative_suppress
16f14f1bba9a6507c422,20260930T142252_eb92345c:132,5,models/Llama-3.1-8B-Instruct,Creative_suppress
2ffdaa0bf1afad5f71af,20260930T142252_eb92345c:132,6,models/Llama-3.1-8B-Instruct,Creative_suppress
7fe24879f7968241274d,20260930T142252_eb92345c:132,7,models/Llama-3.1-8B-Instruct,Creative_suppress
84b1062a8d2f752f3720,20260930T142252_eb92345c:132,8,models/Llama-3.1-8B-Instruct,Creative_suppress
a5a7372fd6c8c69649db,20260930T142252_eb92345c:132,9,models/Llama-3.1-8B-Instruct,Creative_suppress
97e09d9e4e9e98190c5a,20260930T142252_eb92345c:133,0,models/Llama-3.1-8B-Instruct,Standard_random0_1
7dffc332068dd1f69df9,20260930T142252_eb92345c:133,1,models/Llama-3.1-8B-Instruct,Standard_random0_1
3f27fd27f0daed6f1228,20260930T142252_eb92345c:133,2,models/Llama-3.1-8B-Instruct,Standard_random0_1
2ad4e79595c2a36ad737,20260930T142252_eb92345c:133,3,models/Llama-3.1-8B-Instruct,Standard_random0_1
4604a25cadc50100245d,20260930T142252_eb92345c:133,4,models/Llama-3.1-8B-Instruct,Standard_random0_1
257407934c8cba964195,20260930T142252_eb92345c:133,5,models/Llama-3.1-8B-Instruct,Standard_random0_1
52793b606a5da1b5e8e2,20260930T142252_eb92345c:133,6,models/Llama-3.1-8B-Instruct,Standard_random0_1
a9294b8dbc045bb38919,20260930T142252_eb92345c:133,7,models/Llama-3.1-8B-Instruct,Standard_random0_1
e2f82fa64129b73dbfc3,20260930T142252_eb92345c:133,8,models/Llama-3.1-8B-Instruct,Standard_random0_1
559429ace7a7ff5f76c6,20260930T142252_eb92345c:133,9,models/Llama-3.1-8B-Instruct,Standard_random0_1
667a283b3247121efa74,20260930T142252_eb92345c:134,0,models/Llama-3.1-8B-Instruct,Creative_subtract_1
b8d566cadae903474251,20260930T142252_eb92345c:134,1,models/Llama-3.1-8B-Instruct,Creative_subtract_1
24fd6f202e80d9312b6a,20260930T142252_eb92345c:134,2,models/Llama-3.1-8B-Instruct,Creative_subtract_1
cc5976a3dcf8f4bb72ea,20260930T142252_eb92345c:134,3,models/Llama-3.1-8B-Instruct,Creative_subtract_1
abf6ed07bda19d8cc7f7,20260930T142252_eb92345c:134,4,models/Llama-3.1-8B-Instruct,Creative_subtract_1
2cee088a645c9d5a506a,20260930T142252_eb92345c:134,5,models/Llama-3.1-8B-Instruct,Creative_subtract_1
35c70db2c344ad9dce40,20260930T142252_eb92345c:134,6,models/Llama-3.1-8B-Instruct,Creative_subtract_1
952f5e392f2a11e4fc88,20260930T142252_eb92345c:134,7,models/Llama-3.1-8B-Instruct,Creative_subtract_1
f0f76293e4fb8f86ed51,20260930T142252_eb92345c:134,8,models/Llama-3.1-8B-Instruct,Creative_subtract_1
8c649e10026532143a8b,20260930T142252_eb92345c:134,9,models/Llama-3.1-8B-Instruct,Creative_subtract_1
17a9f12e6c13e2d2bfe7,20260930T142252_eb92345c:135,0,models/Llama-3.1-8B-Instruct,Standard_random1_1
d7c8a075a867be00ac39,20260930T142252_eb92345c:135,1,models/Llama-3.1-8B-Instruct,Standard_random1_1
a3eaf36cad6f19e314cb,20260930T142252_eb92345c:135,2,models/Llama-3.1-8B-Instruct,Standard_random1_1
1807abbbadec3e571408,20260930T142252_eb92345c:135,3,models/Llama-3.1-8B-Instruct,Standard_random1_1
dbd0a71d62155b2a194f,20260930T142252_eb92345c:135,4,models/Llama-3.1-8B-Instruct,Standard_random1_1
3afed156eca6c2d159a4,20260930T142252_eb92345c:135,5,models/Llama-3.1-8B-Instruct,Standard_random1_1
944bb67a3511ab7e6e7b,20260930T142252_eb92345c:135,6,models/Llama-3.1-8B-Instruct,Standard_random1_1
fb8261be8e66b9106749,20260930T142252_eb92345c:135,7,models/Llama-3.1-8B-Instruct,Standard_random1_1
b2c53f4b18dcc6f59257,20260930T142252_eb92345c:135,8,models/Llama-3.1-8B-Instruct,Standard_random1_1
39f88d654c02c45090a3,20260930T142252_eb92345c:135,9,models/Llama-3.1-8B-Instruct,Standard_random1_1
bd9df609421e586da02c,20260930T142252_eb92345c:136,0,models/Llama-3.1-8B-Instruct,Creative
7719e68375f7c41d2e00,20260930T142252_eb92345c:136,1,models/Llama-3.1-8B-Instruct,Creative
235c17772192dafdde05,20260930T142252_eb92345c:136,2,models/Llama-3.1-8B-Instruct,Creative
cbc8b9901f344d8dffb8,20260930T142252_eb92345c:136,3,models/Llama-3.1-8B-Instruct,Creative
e1a49547ae1ddf9b5cdd,20260930T142252_eb92345c:136,4,models/Llama-3.1-8B-Instruct,Creative
31130aaa997b7239c1ec,20260930T142252_eb92345c:136,5,models/Llama-3.1-8B-Instruct,Creative
3f9512a52fd9e7b6b0f1,20260930T142252_eb92345c:136,6,models/Llama-3.1-8B-Instruct,Creative
c748d59089aa30bd0370,20260930T142252_eb92345c:136,7,models/Llama-3.1-8B-Instruct,Creative
403871a70a991b2bb1e9,20260930T142252_eb92345c:136,8,models/Llama-3.1-8B-Instruct,Creative
b3484c6695c939d733c1,20260930T142252_eb92345c:136,9,models/Llama-3.1-8B-Instruct,Creative
a86654fda33c772f0b7a,20260930T142252_eb92345c:137,0,models/Llama-3.1-8B-Instruct,Standard_random0_1
40d4d3a4ee9c33615107,20260930T142252_eb92345c:137,1,models/Llama-3.1-8B-Instruct,Standard_random0_1
445e9454976b40ab5eb5,20260930T142252_eb92345c:137,2,models/Llama-3.1-8B-Instruct,Standard_random0_1
6ca0387d804aef2bd721,20260930T142252_eb92345c:137,3,models/Llama-3.1-8B-Instruct,Standard_random0_1
76763a63321904788ded,20260930T142252_eb92345c:137,4,models/Llama-3.1-8B-Instruct,Standard_random0_1
18a6a767e63c6849ea0c,20260930T142252_eb92345c:137,5,models/Llama-3.1-8B-Instruct,Standard_random0_1
84e539a3ee897c4e3a75,20260930T142252_eb92345c:137,6,models/Llama-3.1-8B-Instruct,Standard_random0_1
f94b1ebad0ffff7a389f,20260930T142252_eb92345c:137,7,models/Llama-3.1-8B-Instruct,Standard_random0_1
79873ab2fe82fba4267d,20260930T142252_eb92345c:137,8,models/Llama-3.1-8B-Instruct,Standard_random0_1
f4ce626aa32585d8895e,20260930T142252_eb92345c:137,9,models/Llama-3.1-8B-Instruct,Standard_random0_1
4f683a2af97a7c278056,20260930T142252_eb92345c:138,0,models/Llama-3.1-8B-Instruct,Effective
5665640f8e8d175888ff,20260930T142252_eb92345c:138,1,models/Llama-3.1-8B-Instruct,Effective
3ca7c722670f3560bb8c,20260930T142252_eb92345c:138,2,models/Llama-3.1-8B-Instruct,Effective
4afd6ac065354b338fe7,20260930T142252_eb92345c:138,3,models/Llama-3.1-8B-Instruct,Effective
b4c9930922adbcdcb6fc,20260930T142252_eb92345c:138,4,models/Llama-3.1-8B-Instruct,Effective
a9370f0a68f156fc1557,20260930T142252_eb92345c:138,5,models/Llama-3.1-8B-Instruct,Effective
5ae929d297100c7be541,20260930T142252_eb92345c:138,6,models/Llama-3.1-8B-Instruct,Effective
fc1779ff087092b910c2,20260930T142252_eb92345c:138,7,models/Llama-3.1-8B-Instruct,Effective
d43f74e060d2c884ed14,20260930T142252_eb92345c:138,8,models/Llama-3.1-8B-Instruct,Effective
b04aa3eef074235718c0,20260930T142252_eb92345c:138,9,models/Llama-3.1-8B-Instruct,Effective
e831e90a3b09aa2e3fe7,20260930T142252_eb92345c:139,0,models/Llama-3.1-8B-Instruct,Standard_random1_1
21ff40aa38c051126a2e,20260930T142252_eb92345c:139,1,models/Llama-3.1-8B-Instruct,Standard_random1_1
c78019d12557fe67ea19,20260930T142252_eb92345c:139,2,models/Llama-3.1-8B-Instruct,Standard_random1_1
cbd5c4fba3874c9fa198,20260930T142252_eb92345c:139,3,models/Llama-3.1-8B-Instruct,Standard_random1_1
50e7d5326fc77d069254,20260930T142252_eb92345c:139,4,models/Llama-3.1-8B-Instruct,Standard_random1_1
d19d42bc4d9295d80e52,20260930T142252_eb92345c:139,5,models/Llama-3.1-8B-Instruct,Standard_random1_1
d7cb13a765e864c2d120,20260930T142252_eb92345c:139,6,models/Llama-3.1-8B-Instruct,Standard_random1_1
8931e530da4dfb2f00b2,20260930T142252_eb92345c:139,7,models/Llama-3.1-8B-Instruct,Standard_random1_1
28db85cfbf5e7192daa3,20260930T142252_eb92345c:139,8,models/Llama-3.1-8B-Instruct,Standard_random1_1
9a3324232a36d10a8613,20260930T142252_eb92345c:139,9,models/Llama-3.1-8B-Instruct,Standard_random1_1
cad2af1b7448826d4670,20260930T142252_eb92345c:140,0,models/Llama-3.1-8B-Instruct,Standard_high_temperature
87a5fb52fad04c178f07,20260930T142252_eb92345c:140,1,models/Llama-3.1-8B-Instruct,Standard_high_temperature
7594dc2185579bdc4567,20260930T142252_eb92345c:140,2,models/Llama-3.1-8B-Instruct,Standard_high_temperature
13071186b657ee5a2a6b,20260930T142252_eb92345c:140,3,models/Llama-3.1-8B-Instruct,Standard_high_temperature
bb6aee3df45c0d3d227f,20260930T142252_eb92345c:140,4,models/Llama-3.1-8B-Instruct,Standard_high_temperature
e2570aacad36ab56d78c,20260930T142252_eb92345c:140,5,models/Llama-3.1-8B-Instruct,Standard_high_temperature
5c6407a746697dc0e96f,20260930T142252_eb92345c:140,6,models/Llama-3.1-8B-Instruct,Standard_high_temperature
554d6bf276dc6afbecf8,20260930T142252_eb92345c:140,7,models/Llama-3.1-8B-Instruct,Standard_high_temperature
ba90912013f75c62ab58,20260930T142252_eb92345c:140,8,models/Llama-3.1-8B-Instruct,Standard_high_temperature
21b066400611d51d287c,20260930T142252_eb92345c:140,9,models/Llama-3.1-8B-Instruct,Standard_high_temperature
2d6342e8232cafb103b7,20260930T142252_eb92345c:141,0,models/Llama-3.1-8B-Instruct,Standard_random1_1
4226e203e7982b90c22b,20260930T142252_eb92345c:141,1,models/Llama-3.1-8B-Instruct,Standard_random1_1
629cf83da5bf9b9710f3,20260930T142252_eb92345c:141,2,models/Llama-3.1-8B-Instruct,Standard_random1_1
3437793cee3f669e949c,20260930T142252_eb92345c:141,3,models/Llama-3.1-8B-Instruct,Standard_random1_1
76dbe99ae1bb4026f847,20260930T142252_eb92345c:141,4,models/Llama-3.1-8B-Instruct,Standard_random1_1
afff8330c65714e00fbc,20260930T142252_eb92345c:141,5,models/Llama-3.1-8B-Instruct,Standard_random1_1
2557ae582f8e43bcdd70,20260930T142252_eb92345c:141,6,models/Llama-3.1-8B-Instruct,Standard_random1_1
2b3861df13f2413f31fb,20260930T142252_eb92345c:141,7,models/Llama-3.1-8B-Instruct,Standard_random1_1
a643f0407d031d4265eb,20260930T142252_eb92345c:141,8,models/Llama-3.1-8B-Instruct,Standard_random1_1
ca139780a84275976c3d,20260930T142252_eb92345c:141,9,models/Llama-3.1-8B-Instruct,Standard_random1_1
a1800a8e69cf87021c00,20260930T142252_eb92345c:142,0,models/Llama-3.1-8B-Instruct,Effective
a638f3c7fc67337bcc4f,20260930T142252_eb92345c:142,1,models/Llama-3.1-8B-Instruct,Effective
1d6a22020ea3967fced0,20260930T142252_eb92345c:142,2,models/Llama-3.1-8B-Instruct,Effective
2c7850463b2d3fe47c1c,20260930T142252_eb92345c:142,3,models/Llama-3.1-8B-Instruct,Effective
bb30943faafae54a8a91,20260930T142252_eb92345c:142,4,models/Llama-3.1-8B-Instruct,Effective
168ad541b1b4ffbdb033,20260930T142252_eb92345c:142,5,models/Llama-3.1-8B-Instruct,Effective
d48468d859d09c6627a4,20260930T142252_eb92345c:142,6,models/Llama-3.1-8B-Instruct,Effective
8d94f0497c3fb658d8c6,20260930T142252_eb92345c:142,7,models/Llama-3.1-8B-Instruct,Effective
bab2ae2e6f2ee7ecb58f,20260930T142252_eb92345c:142,8,models/Llama-3.1-8B-Instruct,Effective
f3b9eb3a4f487121cfbe,20260930T142252_eb92345c:142,9,models/Llama-3.1-8B-Instruct,Effective
62958ca43783df307a57,20260930T142252_eb92345c:143,0,models/Llama-3.1-8B-Instruct,Creative_random_suppress0
c5f726101ea2738784ea,20260930T142252_eb92345c:143,1,models/Llama-3.1-8B-Instruct,Creative_random_suppress0
37b5005ed50112baf45f,20260930T142252_eb92345c:143,2,models/Llama-3.1-8B-Instruct,Creative_random_suppress0
33094b40c2076dee099c,20260930T142252_eb92345c:143,3,models/Llama-3.1-8B-Instruct,Creative_random_suppress0
5f379a9f7a93eee696bd,20260930T142252_eb92345c:143,4,models/Llama-3.1-8B-Instruct,Creative_random_suppress0
28175f414622c7b1b224,20260930T142252_eb92345c:143,5,models/Llama-3.1-8B-Instruct,Creative_random_suppress0
117d29af3dabce164755,20260930T142252_eb92345c:143,6,models/Llama-3.1-8B-Instruct,Creative_random_suppress0
2d1aef9f9406c2e62b5a,20260930T142252_eb92345c:143,7,models/Llama-3.1-8B-Instruct,Creative_random_suppress0
360359ff643fa722f4da,20260930T142252_eb92345c:143,8,models/Llama-3.1-8B-Instruct,Creative_random_suppress0
93fc99defa471a7152c5,20260930T142252_eb92345c:143,9,models/Llama-3.1-8B-Instruct,Creative_random_suppress0
e78cee7a82516528dabe,20260930T142252_eb92345c:144,0,models/Llama-3.1-8B-Instruct,Creative
d0b26653c8e21ce3583c,20260930T142252_eb92345c:144,1,models/Llama-3.1-8B-Instruct,Creative
7035af3c3a569a94effe,20260930T142252_eb92345c:144,2,models/Llama-3.1-8B-Instruct,Creative
8d19e04a9f139b4316b5,20260930T142252_eb92345c:144,3,models/Llama-3.1-8B-Instruct,Creative
b738aac4d88a3e02cde3,20260930T142252_eb92345c:144,4,models/Llama-3.1-8B-Instruct,Creative
7b53c59447f54b78987c,20260930T142252_eb92345c:144,5,models/Llama-3.1-8B-Instruct,Creative
acefe2cb1e2c29d263e5,20260930T142252_eb92345c:144,6,models/Llama-3.1-8B-Instruct,Creative
2b412642b9c4eab58d3e,20260930T142252_eb92345c:144,7,models/Llama-3.1-8B-Instruct,Creative
59345375abf8b8e80997,20260930T142252_eb92345c:144,8,models/Llama-3.1-8B-Instruct,Creative
c081dd68e20c094fdee4,20260930T142252_eb92345c:144,9,models/Llama-3.1-8B-Instruct,Creative
81a786ba8a9f06c66ba3,20260930T142252_eb92345c:145,0,models/Llama-3.1-8B-Instruct,Standard_high_temperature
45f240c404eaeadb7d9c,20260930T142252_eb92345c:145,1,models/Llama-3.1-8B-Instruct,Standard_high_temperature
a40e4e640be58986e56e,20260930T142252_eb92345c:145,2,models/Llama-3.1-8B-Instruct,Standard_high_temperature
30dc1e4a5477e87a6af5,20260930T142252_eb92345c:145,3,models/Llama-3.1-8B-Instruct,Standard_high_temperature
9b49ff40ffd33c71d11c,20260930T142252_eb92345c:145,4,models/Llama-3.1-8B-Instruct,Standard_high_temperature
15bd77bbcedb0c5de9fb,20260930T142252_eb92345c:145,5,models/Llama-3.1-8B-Instruct,Standard_high_temperature
3a95264fb173da44ce5d,20260930T142252_eb92345c:145,6,models/Llama-3.1-8B-Instruct,Standard_high_temperature
c35a7a7d5f69e0d8633d,20260930T142252_eb92345c:145,7,models/Llama-3.1-8B-Instruct,Standard_high_temperature
414594e8da2a9b6d48b2,20260930T142252_eb92345c:145,8,models/Llama-3.1-8B-Instruct,Standard_high_temperature
f330b19f11f8ffaf8710,20260930T142252_eb92345c:145,9,models/Llama-3.1-8B-Instruct,Standard_high_temperature
b0ff12bacb0c8494c3a6,20260930T142252_eb92345c:146,0,models/Llama-3.1-8B-Instruct,Standard_random0_1
138e62bcfbf2da4f3dd4,20260930T142252_eb92345c:146,1,models/Llama-3.1-8B-Instruct,Standard_random0_1
e84cec1a9a6298fcd886,20260930T142252_eb92345c:146,2,models/Llama-3.1-8B-Instruct,Standard_random0_1
4cb789b4ece3babe21ea,20260930T142252_eb92345c:146,3,models/Llama-3.1-8B-Instruct,Standard_random0_1
7a68fe3b8b7037f87e53,20260930T142252_eb92345c:146,4,models/Llama-3.1-8B-Instruct,Standard_random0_1
520d8594d839c2ec06b5,20260930T142252_eb92345c:146,5,models/Llama-3.1-8B-Instruct,Standard_random0_1
030d135aaaa97011ed8d,20260930T142252_eb92345c:146,6,models/Llama-3.1-8B-Instruct,Standard_random0_1
4d9608ac17a69ea37f35,20260930T142252_eb92345c:146,7,models/Llama-3.1-8B-Instruct,Standard_random0_1
276d136dc82832605ffb,20260930T142252_eb92345c:146,8,models/Llama-3.1-8B-Instruct,Standard_random0_1
ca6766a377c1a3a9117d,20260930T142252_eb92345c:146,9,models/Llama-3.1-8B-Instruct,Standard_random0_1
930b428827486b18e921,20260930T142252_eb92345c:147,0,models/Llama-3.1-8B-Instruct,Standard_random0_1
937f15d77946d81497f0,20260930T142252_eb92345c:147,1,models/Llama-3.1-8B-Instruct,Standard_random0_1
9a3aa7a36f1a3d396dbf,20260930T142252_eb92345c:147,2,models/Llama-3.1-8B-Instruct,Standard_random0_1
1452a85aaeac4d84f340,20260930T142252_eb92345c:147,3,models/Llama-3.1-8B-Instruct,Standard_random0_1
f8085272c2248b485380,20260930T142252_eb92345c:147,4,models/Llama-3.1-8B-Instruct,Standard_random0_1
23e3501eae83f0681c8e,20260930T142252_eb92345c:147,5,models/Llama-3.1-8B-Instruct,Standard_random0_1
71c343caa9fbc780f07e,20260930T142252_eb92345c:147,6,models/Llama-3.1-8B-Instruct,Standard_random0_1
6263dd01dcc72243a1a1,20260930T142252_eb92345c:147,7,models/Llama-3.1-8B-Instruct,Standard_random0_1
fceaa8a453f005a0f9ed,20260930T142252_eb92345c:147,8,models/Llama-3.1-8B-Instruct,Standard_random0_1
3dd5854f4c4ed6d9176b,20260930T142252_eb92345c:147,9,models/Llama-3.1-8B-Instruct,Standard_random0_1
c9494bb34ccbc74e79e0,20260930T142252_eb92345c:148,0,models/Llama-3.1-8B-Instruct,Standard_random0_1
86a6fc97126142dc340c,20260930T142252_eb92345c:148,1,models/Llama-3.1-8B-Instruct,Standard_random0_1
a3b3b0f0a9f3a83ce21c,20260930T142252_eb92345c:148,2,models/Llama-3.1-8B-Instruct,Standard_random0_1
52a8d020e8a70b53a2b9,20260930T142252_eb92345c:148,3,models/Llama-3.1-8B-Instruct,Standard_random0_1
3515d2acfee4d13ebb0c,20260930T142252_eb92345c:148,4,models/Llama-3.1-8B-Instruct,Standard_random0_1
a2d7e993815c5ff46b00,20260930T142252_eb92345c:148,5,models/Llama-3.1-8B-Instruct,Standard_random0_1
afb5d7ec3086d691968b,20260930T142252_eb92345c:148,6,models/Llama-3.1-8B-Instruct,Standard_random0_1
eef0d7080544710ba632,20260930T142252_eb92345c:148,7,models/Llama-3.1-8B-Instruct,Standard_random0_1
b594ebc4d93c4b2da95c,20260930T142252_eb92345c:148,8,models/Llama-3.1-8B-Instruct,Standard_random0_1
12d790ffe2a874fe0d41,20260930T142252_eb92345c:148,9,models/Llama-3.1-8B-Instruct,Standard_random0_1
db83b6d931f4d31174a0,20260930T142252_eb92345c:149,0,models/Llama-3.1-8B-Instruct,Standard_random1_1
c6aea699f393344e38e1,20260930T142252_eb92345c:149,1,models/Llama-3.1-8B-Instruct,Standard_random1_1
ef8345e4f0691061c55f,20260930T142252_eb92345c:149,2,models/Llama-3.1-8B-Instruct,Standard_random1_1
5af6db2d10c98728f634,20260930T142252_eb92345c:149,3,models/Llama-3.1-8B-Instruct,Standard_random1_1
ea4024e74a128ced9046,20260930T142252_eb92345c:149,4,models/Llama-3.1-8B-Instruct,Standard_random1_1
3001c538a56a0011dc7c,20260930T142252_eb92345c:149,5,models/Llama-3.1-8B-Instruct,Standard_random1_1
82899af8ce21b9873e88,20260930T142252_eb92345c:149,6,models/Llama-3.1-8B-Instruct,Standard_random1_1
3449f892f3f63605dcad,20260930T142252_eb92345c:149,7,models/Llama-3.1-8B-Instruct,Standard_random1_1
309be5bcf5fb48b4489b,20260930T142252_eb92345c:149,8,models/Llama-3.1-8B-Instruct,Standard_random1_1
bc2a09881ae17d751a4b,20260930T142252_eb92345c:149,9,models/Llama-3.1-8B-Instruct,Standard_random1_1
e6b34ffb760a0abb8375,20260930T142252_eb92345c:150,0,models/Llama-3.1-8B-Instruct,Standard_patch_creative
b1b6dbdfc9de440e7132,20260930T142252_eb92345c:150,1,models/Llama-3.1-8B-Instruct,Standard_patch_creative
938e23e7c8d930a58ef9,20260930T142252_eb92345c:150,2,models/Llama-3.1-8B-Instruct,Standard_patch_creative
e3c07759c1e6304eb6fb,20260930T142252_eb92345c:150,3,models/Llama-3.1-8B-Instruct,Standard_patch_creative
8ef8de9a4d7aa9daedd4,20260930T142252_eb92345c:150,4,models/Llama-3.1-8B-Instruct,Standard_patch_creative
8594f3be73863e952fa1,20260930T142252_eb92345c:150,5,models/Llama-3.1-8B-Instruct,Standard_patch_creative
781d639d30c24dc7399b,20260930T142252_eb92345c:150,6,models/Llama-3.1-8B-Instruct,Standard_patch_creative
52222b4d637105e30ece,20260930T142252_eb92345c:150,7,models/Llama-3.1-8B-Instruct,Standard_patch_creative
91358f693c6912c9c38f,20260930T142252_eb92345c:150,8,models/Llama-3.1-8B-Instruct,Standard_patch_creative
e61a59a8144b9b1911db,20260930T142252_eb92345c:150,9,models/Llama-3.1-8B-Instruct,Standard_patch_creative
8391fb23e7bc5368662f,20260930T142252_eb92345c:151,0,models/Llama-3.1-8B-Instruct,Creative_subtract_1
a2e29811f0971d46f0df,20260930T142252_eb92345c:151,1,models/Llama-3.1-8B-Instruct,Creative_subtract_1
8472dc05eea6a71817ec,20260930T142252_eb92345c:151,2,models/Llama-3.1-8B-Instruct,Creative_subtract_1
d0b49a4260c341bbcf9f,20260930T142252_eb92345c:151,3,models/Llama-3.1-8B-Instruct,Creative_subtract_1
f308c5f3e26753d8b257,20260930T142252_eb92345c:151,4,models/Llama-3.1-8B-Instruct,Creative_subtract_1
7d895cfa4767257f74fd,20260930T142252_eb92345c:151,5,models/Llama-3.1-8B-Instruct,Creative_subtract_1
fc1870c903dbb2bcf4a8,20260930T142252_eb92345c:151,6,models/Llama-3.1-8B-Instruct,Creative_subtract_1
2de08bf6d9a4f833ba46,20260930T142252_eb92345c:151,7,models/Llama-3.1-8B-Instruct,Creative_subtract_1
1a25aacf480fe7c4d975,20260930T142252_eb92345c:151,8,models/Llama-3.1-8B-Instruct,Creative_subtract_1
5c0914a753d9648226b0,20260930T142252_eb92345c:151,9,models/Llama-3.1-8B-Instruct,Creative_subtract_1
0d1b4be5f0b4dfb6b5d5,20260930T142252_eb92345c:152,0,models/Llama-3.1-8B-Instruct,Standard_high_temperature
a86366a53d69d7cf842e,20260930T142252_eb92345c:152,1,models/Llama-3.1-8B-Instruct,Standard_high_temperature
d1e926c30e9f9452defd,20260930T142252_eb92345c:152,2,models/Llama-3.1-8B-Instruct,Standard_high_temperature
700f1d1d5fb02dc5c52d,20260930T142252_eb92345c:152,3,models/Llama-3.1-8B-Instruct,Standard_high_temperature
d8e20bf2e35298cfe032,20260930T142252_eb92345c:152,4,models/Llama-3.1-8B-Instruct,Standard_high_temperature
57d0b6c894791bf65cb7,20260930T142252_eb92345c:152,5,models/Llama-3.1-8B-Instruct,Standard_high_temperature
da698992596a39eb7166,20260930T142252_eb92345c:152,6,models/Llama-3.1-8B-Instruct,Standard_high_temperature
c1cc3971855ae0081073,20260930T142252_eb92345c:152,7,models/Llama-3.1-8B-Instruct,Standard_high_temperature
a6b892366ae5564e9e9b,20260930T142252_eb92345c:152,8,models/Llama-3.1-8B-Instruct,Standard_high_temperature
13c3053e2643080fa65c,20260930T142252_eb92345c:152,9,models/Llama-3.1-8B-Instruct,Standard_high_temperature
3ba52c7716ca647f359e,20260930T142252_eb92345c:153,0,models/Llama-3.1-8B-Instruct,Standard_suppress
b0f0490decea785e3d56,20260930T142252_eb92345c:153,1,models/Llama-3.1-8B-Instruct,Standard_suppress
2190cee8464ee49a0f9a,20260930T142252_eb92345c:153,2,models/Llama-3.1-8B-Instruct,Standard_suppress
b23e6153fe3bd8577f8f,20260930T142252_eb92345c:153,3,models/Llama-3.1-8B-Instruct,Standard_suppress
3811727c82b9071537a1,20260930T142252_eb92345c:153,4,models/Llama-3.1-8B-Instruct,Standard_suppress
bc0be308121568911749,20260930T142252_eb92345c:153,5,models/Llama-3.1-8B-Instruct,Standard_suppress
baf1b92e64af47473f27,20260930T142252_eb92345c:153,6,models/Llama-3.1-8B-Instruct,Standard_suppress
4cb7a85b4dd0867631bc,20260930T142252_eb92345c:153,7,models/Llama-3.1-8B-Instruct,Standard_suppress
c5eaac05f7bfd7df3350,20260930T142252_eb92345c:153,8,models/Llama-3.1-8B-Instruct,Standard_suppress
a0c708a2d116393209d0,20260930T142252_eb92345c:153,9,models/Llama-3.1-8B-Instruct,Standard_suppress
734d11a6aa6ca09abd85,20260930T142252_eb92345c:154,0,models/Llama-3.1-8B-Instruct,Conventional
7bc4d685c5b474b31b22,20260930T142252_eb92345c:154,1,models/Llama-3.1-8B-Instruct,Conventional
aed539088f5f76cb00d3,20260930T142252_eb92345c:154,2,models/Llama-3.1-8B-Instruct,Conventional
5820d71c7b8c6e654d93,20260930T142252_eb92345c:154,3,models/Llama-3.1-8B-Instruct,Conventional
d60f17678b3e88cc584b,20260930T142252_eb92345c:154,4,models/Llama-3.1-8B-Instruct,Conventional
5dbd154da4511f936f1d,20260930T142252_eb92345c:154,5,models/Llama-3.1-8B-Instruct,Conventional
0fb963e9ba7b0df2a6b9,20260930T142252_eb92345c:154,6,models/Llama-3.1-8B-Instruct,Conventional
f7b9bdbf9c93d722a480,20260930T142252_eb92345c:154,7,models/Llama-3.1-8B-Instruct,Conventional
da04e92bc5c4e3f5f232,20260930T142252_eb92345c:154,8,models/Llama-3.1-8B-Instruct,Conventional
7cdd099c00d8253f937a,20260930T142252_eb92345c:154,9,models/Llama-3.1-8B-Instruct,Conventional
d7b658e1087d5257eee6,20260930T142252_eb92345c:155,0,models/Llama-3.1-8B-Instruct,Creative_suppress
89a6f0fee83336c87865,20260930T142252_eb92345c:155,1,models/Llama-3.1-8B-Instruct,Creative_suppress
38e87311b13f5ef9b68a,20260930T142252_eb92345c:155,2,models/Llama-3.1-8B-Instruct,Creative_suppress
5ca8be2313fcc47d2236,20260930T142252_eb92345c:155,3,models/Llama-3.1-8B-Instruct,Creative_suppress
82c1f1f190c4cf84c83e,20260930T142252_eb92345c:155,4,models/Llama-3.1-8B-Instruct,Creative_suppress
304a970dec0ecde1e2c6,20260930T142252_eb92345c:155,5,models/Llama-3.1-8B-Instruct,Creative_suppress
74f7a64cdfc92186e8fe,20260930T142252_eb92345c:155,6,models/Llama-3.1-8B-Instruct,Creative_suppress
b914050d19b48083c26b,20260930T142252_eb92345c:155,7,models/Llama-3.1-8B-Instruct,Creative_suppress
c10ee980e0497d580c58,20260930T142252_eb92345c:155,8,models/Llama-3.1-8B-Instruct,Creative_suppress
6213be4d77aba1e87f81,20260930T142252_eb92345c:155,9,models/Llama-3.1-8B-Instruct,Creative_suppress
69bc403be79c072085fa,20260930T142252_eb92345c:156,0,models/Llama-3.1-8B-Instruct,Creative_random_suppress0
c78c0e288e9f72052772,20260930T142252_eb92345c:156,1,models/Llama-3.1-8B-Instruct,Creative_random_suppress0
e7fecca36bb031b06776,20260930T142252_eb92345c:156,2,models/Llama-3.1-8B-Instruct,Creative_random_suppress0
0ba08e8e262a81615537,20260930T142252_eb92345c:156,3,models/Llama-3.1-8B-Instruct,Creative_random_suppress0
208cefaec41711f481d5,20260930T142252_eb92345c:156,4,models/Llama-3.1-8B-Instruct,Creative_random_suppress0
eade7fb430d087796bd0,20260930T142252_eb92345c:156,5,models/Llama-3.1-8B-Instruct,Creative_random_suppress0
0c2191e6f32fec0cc187,20260930T142252_eb92345c:156,6,models/Llama-3.1-8B-Instruct,Creative_random_suppress0
9d7492351a64a3c29d29,20260930T142252_eb92345c:156,7,models/Llama-3.1-8B-Instruct,Creative_random_suppress0
df0eb158816cd343666b,20260930T142252_eb92345c:156,8,models/Llama-3.1-8B-Instruct,Creative_random_suppress0
3babdc68897165ac83c4,20260930T142252_eb92345c:156,9,models/Llama-3.1-8B-Instruct,Creative_random_suppress0
a39dfeb693fabce5a098,20260930T142252_eb92345c:157,0,models/Llama-3.1-8B-Instruct,Creative_subtract_1
af9b792dab066127205b,20260930T142252_eb92345c:157,1,models/Llama-3.1-8B-Instruct,Creative_subtract_1
df0fcd9c99ab4f117224,20260930T142252_eb92345c:157,2,models/Llama-3.1-8B-Instruct,Creative_subtract_1
cb3e1f17c0cee1e4c4bf,20260930T142252_eb92345c:157,3,models/Llama-3.1-8B-Instruct,Creative_subtract_1
516233e347288fed0184,20260930T142252_eb92345c:157,4,models/Llama-3.1-8B-Instruct,Creative_subtract_1
aef20d2190497e855888,20260930T142252_eb92345c:157,5,models/Llama-3.1-8B-Instruct,Creative_subtract_1
6884843017aa7e7df068,20260930T142252_eb92345c:157,6,models/Llama-3.1-8B-Instruct,Creative_subtract_1
fc858cbceabac3b36a50,20260930T142252_eb92345c:157,7,models/Llama-3.1-8B-Instruct,Creative_subtract_1
d5a823fd896c29cba85c,20260930T142252_eb92345c:157,8,models/Llama-3.1-8B-Instruct,Creative_subtract_1
f8e2ed74c8d98bc191b7,20260930T142252_eb92345c:157,9,models/Llama-3.1-8B-Instruct,Creative_subtract_1
e03d34468a786470805e,20260930T142252_eb92345c:158,0,models/Llama-3.1-8B-Instruct,Creative_subtract_1
b0292a8405258ba4062a,20260930T142252_eb92345c:158,1,models/Llama-3.1-8B-Instruct,Creative_subtract_1
2399595fa9f90c19c537,20260930T142252_eb92345c:158,2,models/Llama-3.1-8B-Instruct,Creative_subtract_1
d161b2ec9665e70d3b50,20260930T142252_eb92345c:158,3,models/Llama-3.1-8B-Instruct,Creative_subtract_1
253cb2fc37dae9986828,20260930T142252_eb92345c:158,4,models/Llama-3.1-8B-Instruct,Creative_subtract_1
3594f2b7e117efeeb17a,20260930T142252_eb92345c:158,5,models/Llama-3.1-8B-Instruct,Creative_subtract_1
fae388f971b985b77450,20260930T142252_eb92345c:158,6,models/Llama-3.1-8B-Instruct,Creative_subtract_1
4cf08eff7b55b5455bb6,20260930T142252_eb92345c:158,7,models/Llama-3.1-8B-Instruct,Creative_subtract_1
4dcc4ad74f8ba8c05d10,20260930T142252_eb92345c:158,8,models/Llama-3.1-8B-Instruct,Creative_subtract_1
fc8ffc5321757f27547c,20260930T142252_eb92345c:158,9,models/Llama-3.1-8B-Instruct,Creative_subtract_1
f1a0b0f7b12061ad2338,20260930T142252_eb92345c:159,0,models/Llama-3.1-8B-Instruct,Standard_patch_creative
8d66fe07f107a2c3f8a0,20260930T142252_eb92345c:159,1,models/Llama-3.1-8B-Instruct,Standard_patch_creative
3687ef0aea8e0de4c44e,20260930T142252_eb92345c:159,2,models/Llama-3.1-8B-Instruct,Standard_patch_creative
ed2966f257786132af93,20260930T142252_eb92345c:159,3,models/Llama-3.1-8B-Instruct,Standard_patch_creative
62b3e4c13e8b30eb4c42,20260930T142252_eb92345c:159,4,models/Llama-3.1-8B-Instruct,Standard_patch_creative
a5c1168ee3d1c8b3bdd8,20260930T142252_eb92345c:159,5,models/Llama-3.1-8B-Instruct,Standard_patch_creative
aa6bf6e2551490d245c8,20260930T142252_eb92345c:159,6,models/Llama-3.1-8B-Instruct,Standard_patch_creative
77ecf5f1af52b26730a2,20260930T142252_eb92345c:159,7,models/Llama-3.1-8B-Instruct,Standard_patch_creative
3a47e35cbcbf4167cf27,20260930T142252_eb92345c:159,8,models/Llama-3.1-8B-Instruct,Standard_patch_creative
c435d4a90061e96dd7f8,20260930T142252_eb92345c:159,9,models/Llama-3.1-8B-Instruct,Standard_patch_creative
